timestamp_us,t_s,actual_x,actual_y,actual_z,reference_x,reference_y,reference_z,error_x,error_y,error_z,error_norm,actual_vx,actual_vy,actual_vz,reference_vx,reference_vy,reference_vz
1780640000073364,0,0.0133179,-0.0105876,-0.0057373,0,0,-5,0.0133179,-0.0105876,4.99426,4.99429,0.0165923,-0.0321273,-0.0122099,0,0,0
1780640000097364,0.024,0.0131597,-0.0108837,-0.00610352,0,0,-5,0.0131597,-0.0108837,4.9939,4.99393,0.0167118,-0.03305,-0.0137249,0,0,0
1780640000113364,0.04,0.0130764,-0.0110994,-0.00634766,0,0,-5,0.0130764,-0.0110994,4.99365,4.99368,0.0160243,-0.0331661,-0.0152181,0,0,0
1780640000137364,0.064,0.0130007,-0.0114478,-0.00674438,0,0,-5,0.0130007,-0.0114478,4.99326,4.99329,0.0164845,-0.0339145,-0.016339,0,0,0
1780640000153364,0.08,0.0129906,-0.0117175,-0.00698853,0,0,-5,0.0129906,-0.0117175,4.99301,4.99304,0.0174628,-0.0340902,-0.0152889,0,0,0
1780640000177364,0.104,0.0124359,-0.0116088,-0.00714111,0,0,-5,0.0124359,-0.0116088,4.99286,4.99289,0.0163865,-0.032947,-0.0147254,0,0,0
1780640000193364,0.12,0.0119195,-0.0113899,-0.00720215,0,0,-5,0.0119195,-0.0113899,4.9928,4.99283,0.0164826,-0.032697,-0.0149207,0,0,0
1780640000217364,0.144,0.0112216,-0.0111406,-0.00723267,0,0,-5,0.0112216,-0.0111406,4.99277,4.99279,0.0162464,-0.033581,-0.01407,0,0,0
1780640000233364,0.16,0.0108066,-0.0110107,-0.0072937,0,0,-5,0.0108066,-0.0110107,4.99271,4.99273,0.0158662,-0.0326571,-0.0143856,0,0,0
1780640000257364,0.184,0.0102575,-0.0108664,-0.00735474,0,0,-5,0.0102575,-0.0108664,4.99265,4.99267,0.0167043,-0.0334081,-0.0151471,0,0,0
1780640000273364,0.2,0.00994689,-0.010807,-0.00747681,0,0,-5,0.00994689,-0.010807,4.99252,4.99254,0.0167681,-0.0338016,-0.0156305,0,0,0
1780640000297438,0.224074,0.00955435,-0.0107774,-0.00769043,0,0,-5,0.00955435,-0.0107774,4.99231,4.99233,0.0173178,-0.0335501,-0.0161014,0,0,0
1780640000313438,0.240074,0.00932087,-0.0107816,-0.00784302,0,0,-5,0.00932087,-0.0107816,4.99216,4.99218,0.0162316,-0.0333733,-0.0157014,0,0,0
1780640000337438,0.264074,0.0090213,-0.0108385,-0.00805664,0,0,-5,0.0090213,-0.0108385,4.99194,4.99196,0.0167589,-0.0341308,-0.0146932,0,0,0
1780640000353438,0.280074,0.00884951,-0.010904,-0.00823975,0,0,-5,0.00884951,-0.010904,4.99176,4.99178,0.0156595,-0.0338543,-0.0145623,0,0,0
1780640000377438,0.304074,0.00862061,-0.0110441,-0.0085144,0,0,-5,0.00862061,-0.0110441,4.99149,4.99151,0.0161531,-0.0347981,-0.013234,0,0,0
1780640000393438,0.320074,0.00849165,-0.0111714,-0.00866699,0,0,-5,0.00849165,-0.0111714,4.99133,4.99135,0.0163343,-0.0346645,-0.0130017,0,0,0
1780640000417438,0.344074,0.0083383,-0.0113855,-0.00891113,0,0,-5,0.0083383,-0.0113855,4.99109,4.99111,0.016592,-0.0339598,-0.0118577,0,0,0
1780640000433438,0.360074,0.00827434,-0.0115501,-0.00906372,0,0,-5,0.00827434,-0.0115501,4.99094,4.99096,0.0173386,-0.0344929,-0.0126549,0,0,0
1780640000457438,0.384074,0.00822545,-0.0118441,-0.00933838,0,0,-5,0.00822545,-0.0118441,4.99066,4.99068,0.0172246,-0.0355906,-0.0118495,0,0,0
1780640000473438,0.400074,0.00821968,-0.0120808,-0.00946045,0,0,-5,0.00821968,-0.0120808,4.99054,4.99056,0.017116,-0.0366205,-0.0122817,0,0,0
1780640000497438,0.424074,0.00826161,-0.0124614,-0.00967407,0,0,-5,0.00826161,-0.0124614,4.99033,4.99035,0.0190807,-0.0357594,-0.0119266,0,0,0
1780640000513438,0.440074,0.00832855,-0.0127242,-0.00982666,0,0,-5,0.00832855,-0.0127242,4.99017,4.9902,0.0186801,-0.0354448,-0.0128521,0,0,0
1780640000537438,0.464074,0.00845932,-0.0131357,-0.0100403,0,0,-5,0.00845932,-0.0131357,4.98996,4.98998,0.0192539,-0.0362439,-0.0133085,0,0,0
1780640000553438,0.480074,0.00856976,-0.0134354,-0.0101929,0,0,-5,0.00856976,-0.0134354,4.98981,4.98983,0.0197902,-0.0360801,-0.0132288,0,0,0
1780640000577438,0.504074,0.00858032,-0.0132717,-0.0104065,0,0,-5,0.00858032,-0.0132717,4.98959,4.98962,0.0212873,-0.0376339,-0.0135467,0,0,0
1780640000593438,0.520074,0.00855149,-0.013002,-0.0105286,0,0,-5,0.00855149,-0.013002,4.98947,4.9895,0.0208464,-0.0379063,-0.0143642,0,0,0
1780640000609438,0.536074,0.00854067,-0.0127716,-0.0107117,0,0,-5,0.00854067,-0.0127716,4.98929,4.98931,0.0207792,-0.037516,-0.0144604,0,0,0
1780640000633438,0.560074,0.00856699,-0.0124796,-0.0109558,0,0,-5,0.00856699,-0.0124796,4.98904,4.98907,0.0203611,-0.0360542,-0.0130716,0,0,0
1780640000657438,0.584074,0.00861162,-0.0122234,-0.0112,0,0,-5,0.00861162,-0.0122234,4.9888,4.98882,0.018335,-0.0346991,-0.0138016,0,0,0
1780640000673438,0.600074,0.00864383,-0.0120853,-0.0113831,0,0,-5,0.00864383,-0.0120853,4.98862,4.98864,0.0174262,-0.0342796,-0.0150859,0,0,0
1780640000689438,0.616074,0.00869754,-0.0119744,-0.0115967,0,0,-5,0.00869754,-0.0119744,4.9884,4.98843,0.0184467,-0.0342922,-0.0149372,0,0,0
1780640000713438,0.640074,0.00883129,-0.0118761,-0.0119019,0,0,-5,0.00883129,-0.0118761,4.9881,4.98812,0.0187884,-0.0352151,-0.0159488,0,0,0
1780640000729438,0.656074,0.00894479,-0.0118664,-0.0121155,0,0,-5,0.00894479,-0.0118664,4.98788,4.98791,0.0193146,-0.0365034,-0.0164032,0,0,0
1780640000753438,0.680074,0.00914584,-0.0119296,-0.0124512,0,0,-5,0.00914584,-0.0119296,4.98755,4.98757,0.0199172,-0.0375033,-0.0176308,0,0,0
1780640000769438,0.696074,0.00931833,-0.0120234,-0.0127258,0,0,-5,0.00931833,-0.0120234,4.98727,4.9873,0.020688,-0.0388747,-0.0190341,0,0,0
1780640000793438,0.720074,0.00961299,-0.0122374,-0.0131226,0,0,-5,0.00961299,-0.0122374,4.98688,4.9869,0.0208291,-0.0393237,-0.0192801,0,0,0
1780640000817438,0.744074,0.00991051,-0.0125157,-0.0134888,0,0,-5,0.00991051,-0.0125157,4.98651,4.98654,0.0186879,-0.0397036,-0.018252,0,0,0
1780640000833438,0.760074,0.010109,-0.0127299,-0.0137634,0,0,-5,0.010109,-0.0127299,4.98624,4.98626,0.0186035,-0.0400041,-0.0185333,0,0,0
1780640000849438,0.776074,0.0103217,-0.0129702,-0.0140076,0,0,-5,0.0103217,-0.0129702,4.98599,4.98602,0.0185025,-0.0406298,-0.0185504,0,0,0
1780640000873438,0.800074,0.0106596,-0.0133918,-0.0144043,0,0,-5,0.0106596,-0.0133918,4.9856,4.98563,0.0194201,-0.0422174,-0.0203648,0,0,0
1780640000897438,0.824074,0.011017,-0.0139027,-0.0148315,0,0,-5,0.011017,-0.0139027,4.98517,4.9852,0.0181116,-0.0457445,-0.0202701,0,0,0
1780640000913438,0.840074,0.0112531,-0.0142983,-0.0151367,0,0,-5,0.0112531,-0.0142983,4.98486,4.9849,0.0176081,-0.0458233,-0.0210775,0,0,0
1780640000929438,0.856074,0.0114869,-0.0147099,-0.0154419,0,0,-5,0.0114869,-0.0147099,4.98456,4.98459,0.0164331,-0.046472,-0.0216958,0,0,0
1780640000953438,0.880074,0.0118316,-0.0153769,-0.0159302,0,0,-5,0.0118316,-0.0153769,4.98407,4.98411,0.0158586,-0.0468577,-0.0218694,0,0,0
1780640000977438,0.904074,0.0115194,-0.0153479,-0.0162964,0,0,-5,0.0115194,-0.0153479,4.9837,4.98374,0.0154364,-0.0448306,-0.0207077,0,0,0
1780640000993438,0.920074,0.0111377,-0.015134,-0.01651,0,0,-5,0.0111377,-0.015134,4.98349,4.98353,0.0165363,-0.0459309,-0.0199048,0,0,0
1780640001017438,0.944074,0.0106231,-0.0149029,-0.0168152,0,0,-5,0.0106231,-0.0149029,4.98318,4.98322,0.0144634,-0.045149,-0.0185815,0,0,0
1780640001033438,0.960074,0.0102937,-0.0147797,-0.0170288,0,0,-5,0.0102937,-0.0147797,4.98297,4.983,0.0145347,-0.0435383,-0.0171435,0,0,0
1780640001057438,0.984074,0.00986118,-0.0146289,-0.0173035,0,0,-5,0.00986118,-0.0146289,4.9827,4.98273,0.0144155,-0.042294,-0.0177588,0,0,0
1780640001073438,1.00007,0.00960024,-0.01457,-0.0174866,0,0,-5,0.00960024,-0.01457,4.98251,4.98254,0.0133408,-0.0422936,-0.0185526,0,0,0
1780640001097438,1.02407,0.00923845,-0.0145394,-0.0178528,0,0,-5,0.00923845,-0.0145394,4.98215,4.98218,0.0123007,-0.0421027,-0.0182534,0,0,0
1780640001113438,1.04007,0.00901956,-0.0145571,-0.0180969,0,0,-5,0.00901956,-0.0145571,4.9819,4.98193,0.0115328,-0.0418813,-0.0192384,0,0,0
1780640001137438,1.06407,0.00872809,-0.0146396,-0.0185242,0,0,-5,0.00872809,-0.0146396,4.98148,4.9815,0.0110002,-0.0428076,-0.0185998,0,0,0
1780640001153438,1.08007,0.00855624,-0.0147482,-0.0187683,0,0,-5,0.00855624,-0.0147482,4.98123,4.98126,0.0113604,-0.0434029,-0.0176344,0,0,0
1780640001169438,1.09607,0.00840271,-0.0148786,-0.0190125,0,0,-5,0.00840271,-0.0148786,4.98099,4.98102,0.0103786,-0.0422385,-0.0174305,0,0,0
1780640001193438,1.12007,0.00820997,-0.0150984,-0.0193787,0,0,-5,0.00820997,-0.0150984,4.98062,4.98065,0.0109906,-0.041871,-0.0169574,0,0,0
1780640001217438,1.14407,0.00805907,-0.0153728,-0.0197449,0,0,-5,0.00805907,-0.0153728,4.98026,4.98029,0.0103404,-0.0422977,-0.0162174,0,0,0
1780640001233438,1.16007,0.00798556,-0.0155978,-0.019989,0,0,-5,0.00798556,-0.0155978,4.98001,4.98004,0.0107889,-0.0433265,-0.016808,0,0,0
1780640001257438,1.18407,0.00790189,-0.0159577,-0.0203247,0,0,-5,0.00790189,-0.0159577,4.97968,4.97971,0.0106938,-0.0421255,-0.0165795,0,0,0
1780640001273438,1.20007,0.00786889,-0.0162283,-0.0205383,0,0,-5,0.00786889,-0.0162283,4.97946,4.97949,0.0105774,-0.0435661,-0.0153284,0,0,0
1780640001297438,1.22407,0.00783728,-0.016694,-0.020874,0,0,-5,0.00783728,-0.016694,4.97913,4.97916,0.00970794,-0.043958,-0.0161999,0,0,0
1780640001313512,1.24015,0.0078354,-0.0170262,-0.0210571,0,0,-5,0.0078354,-0.0170262,4.97894,4.97898,0.010086,-0.0428934,-0.0156331,0,0,0
1780640001337512,1.26415,0.00784263,-0.0175308,-0.0213623,0,0,-5,0.00784263,-0.0175308,4.97864,4.97867,0.00809596,-0.0423176,-0.0154267,0,0,0
1780640001353512,1.28015,0.00784316,-0.0178935,-0.0215759,0,0,-5,0.00784316,-0.0178935,4.97842,4.97846,0.00824095,-0.0432575,-0.0157622,0,0,0
1780640001377512,1.30415,0.0077423,-0.0177034,-0.0217285,0,0,-5,0.0077423,-0.0177034,4.97827,4.97831,0.00704946,-0.0433682,-0.0143942,0,0,0
1780640001393512,1.32015,0.00765096,-0.0173636,-0.0218506,0,0,-5,0.00765096,-0.0173636,4.97815,4.97819,0.00728385,-0.0433447,-0.0153109,0,0,0
1780640001409512,1.33615,0.00757072,-0.0170817,-0.0219421,0,0,-5,0.00757072,-0.0170817,4.97806,4.97809,0.00683638,-0.0433869,-0.0155917,0,0,0
1780640001433512,1.36015,0.00746954,-0.0167443,-0.0221558,0,0,-5,0.00746954,-0.0167443,4.97784,4.97788,0.00683863,-0.0435884,-0.0160522,0,0,0
1780640001457512,1.38415,0.00739708,-0.0165313,-0.0223694,0,0,-5,0.00739708,-0.0165313,4.97763,4.97766,0.00615976,-0.0447054,-0.0168856,0,0,0
1780640001473512,1.40015,0.00736866,-0.0164339,-0.022522,0,0,-5,0.00736866,-0.0164339,4.97748,4.97751,0.00721928,-0.0435194,-0.0174001,0,0,0
1780640001497512,1.42415,0.00738121,-0.0163437,-0.0227966,0,0,-5,0.00738121,-0.0163437,4.9772,4.97724,0.0086558,-0.0427911,-0.0180044,0,0,0
1780640001513512,1.44015,0.00741176,-0.0163155,-0.0230103,0,0,-5,0.00741176,-0.0163155,4.97699,4.97702,0.00868634,-0.042639,-0.0179997,0,0,0
1780640001537512,1.46415,0.00745186,-0.016341,-0.0232849,0,0,-5,0.00745186,-0.016341,4.97672,4.97675,0.0074573,-0.0426828,-0.0181819,0,0,0
1780640001553512,1.48015,0.00747731,-0.0163893,-0.0234985,0,0,-5,0.00747731,-0.0163893,4.9765,4.97653,0.00670927,-0.0416994,-0.0192095,0,0,0
1780640001569512,1.49615,0.00749316,-0.0164528,-0.0237122,0,0,-5,0.00749316,-0.0164528,4.97629,4.97632,0.0059442,-0.0412014,-0.0191636,0,0,0
1780640001593512,1.52015,0.00755104,-0.0166628,-0.0240479,0,0,-5,0.00755104,-0.0166628,4.97595,4.97599,0.00631869,-0.0436978,-0.0185251,0,0,0
1780640001617512,1.54415,0.00762804,-0.0169549,-0.0243835,0,0,-5,0.00762804,-0.0169549,4.97562,4.97565,0.0056183,-0.0437464,-0.0193407,0,0,0
1780640001633512,1.56015,0.00767255,-0.0171787,-0.0246277,0,0,-5,0.00767255,-0.0171787,4.97537,4.97541,0.00463533,-0.043095,-0.0189702,0,0,0
1780640001657512,1.58415,0.00773661,-0.0175641,-0.0249634,0,0,-5,0.00773661,-0.0175641,4.97504,4.97507,0.00472565,-0.0445173,-0.0184052,0,0,0
1780640001673512,1.60015,0.00778608,-0.0178612,-0.0252075,0,0,-5,0.00778608,-0.0178612,4.97479,4.97483,0.00435611,-0.0445382,-0.0188379,0,0,0
1780640001697512,1.62415,0.007901,-0.0183196,-0.0255737,0,0,-5,0.007901,-0.0183196,4.97443,4.97447,0.00559128,-0.0442689,-0.0175978,0,0,0
1780640001713512,1.64015,0.00799406,-0.0186584,-0.0258179,0,0,-5,0.00799406,-0.0186584,4.97418,4.97422,0.00524879,-0.0439838,-0.0192598,0,0,0
1780640001737512,1.66415,0.00814516,-0.0191747,-0.0261841,0,0,-5,0.00814516,-0.0191747,4.97382,4.97386,0.00528138,-0.0427495,-0.0192315,0,0,0
1780640001753512,1.68015,0.00824978,-0.0195313,-0.0264587,0,0,-5,0.00824978,-0.0195313,4.97354,4.97359,0.00507025,-0.0426585,-0.0190969,0,0,0
1780640001777512,1.70415,0.0081851,-0.0192758,-0.0264893,0,0,-5,0.0081851,-0.0192758,4.97351,4.97355,0.00611473,-0.042468,-0.0197504,0,0,0
1780640001793512,1.72015,0.00809491,-0.0188932,-0.0264587,0,0,-5,0.00809491,-0.0188932,4.97354,4.97358,0.00683887,-0.0421747,-0.0196585,0,0,0
1780640001817512,1.74415,0.00799231,-0.0183955,-0.0263672,0,0,-5,0.00799231,-0.0183955,4.97363,4.97367,0.00703034,-0.0412405,-0.0199466,0,0,0
1780640001833512,1.76015,0.00795311,-0.0181134,-0.0263367,0,0,-5,0.00795311,-0.0181134,4.97366,4.9737,0.00822336,-0.0402943,-0.0189919,0,0,0
1780640001857512,1.78415,0.00792454,-0.017742,-0.0263062,0,0,-5,0.00792454,-0.017742,4.97369,4.97373,0.00708787,-0.0391824,-0.0173349,0,0,0
1780640001873512,1.80015,0.00789456,-0.0175487,-0.0262756,0,0,-5,0.00789456,-0.0175487,4.97372,4.97376,0.0052067,-0.0397376,-0.0174548,0,0,0
1780640001897512,1.82415,0.00785384,-0.0173557,-0.0261841,0,0,-5,0.00785384,-0.0173557,4.97382,4.97385,0.00623941,-0.0408871,-0.0164037,0,0,0
1780640001913512,1.84015,0.0078561,-0.0172805,-0.0261536,0,0,-5,0.0078561,-0.0172805,4.97385,4.97388,0.0065714,-0.0405924,-0.0167477,0,0,0
1780640001937512,1.86415,0.00786739,-0.0172407,-0.026123,0,0,-5,0.00786739,-0.0172407,4.97388,4.97391,0.00691261,-0.0410118,-0.0166217,0,0,0
1780640001953512,1.88015,0.00789819,-0.017252,-0.026123,0,0,-5,0.00789819,-0.017252,4.97388,4.97391,0.00698927,-0.0406691,-0.0163377,0,0,0
1780640001977512,1.90415,0.00795582,-0.0173275,-0.026123,0,0,-5,0.00795582,-0.0173275,4.97388,4.97391,0.00618353,-0.0398608,-0.0153008,0,0,0
1780640001993512,1.92015,0.00800871,-0.0174143,-0.0260925,0,0,-5,0.00800871,-0.0174143,4.97391,4.97394,0.00627696,-0.0399075,-0.0140508,0,0,0
1780640002017512,1.94415,0.00810753,-0.0175864,-0.0260925,0,0,-5,0.00810753,-0.0175864,4.97391,4.97395,0.00647393,-0.0397671,-0.0126388,0,0,0
1780640002033512,1.96015,0.00817939,-0.0177392,-0.026001,0,0,-5,0.00817939,-0.0177392,4.974,4.97404,0.00650562,-0.0399293,-0.0121626,0,0,0
1780640002057512,1.98415,0.00826873,-0.0179999,-0.0259399,0,0,-5,0.00826873,-0.0179999,4.97406,4.9741,0.00508095,-0.0378924,-0.0116412,0,0,0
1780640002073512,2.00015,0.00832433,-0.0181791,-0.0258789,0,0,-5,0.00832433,-0.0181791,4.97412,4.97416,0.00452116,-0.0373013,-0.0123548,0,0,0
1780640002097512,2.02415,0.00837822,-0.0184448,-0.0258484,0,0,-5,0.00837822,-0.0184448,4.97415,4.97419,0.00217941,-0.035377,-0.0123264,0,0,0
1780640002113512,2.04015,0.00840862,-0.0186443,-0.0258179,0,0,-5,0.00840862,-0.0186443,4.97418,4.97422,0.00269499,-0.0354073,-0.0124508,0,0,0
1780640002137512,2.06415,0.00846585,-0.019,-0.0258179,0,0,-5,0.00846585,-0.019,4.97418,4.97423,0.0027143,-0.0370272,-0.0129928,0,0,0
1780640002153512,2.08015,0.008518,-0.0192739,-0.0258484,0,0,-5,0.008518,-0.0192739,4.97415,4.9742,0.00316848,-0.0371241,-0.0129656,0,0,0
1780640002177512,2.10415,0.00854487,-0.0191242,-0.0258484,0,0,-5,0.00854487,-0.0191242,4.97415,4.9742,0.00335684,-0.0380359,-0.0134284,0,0,0
1780640002193512,2.12015,0.00855156,-0.0188737,-0.0258179,0,0,-5,0.00855156,-0.0188737,4.97418,4.97423,0.00398533,-0.0377475,-0.0139388,0,0,0
1780640002217512,2.14415,0.00861369,-0.0185839,-0.0258179,0,0,-5,0.00861369,-0.0185839,4.97418,4.97422,0.00509616,-0.038424,-0.0135517,0,0,0
1780640002233512,2.16015,0.00865841,-0.0184524,-0.0258484,0,0,-5,0.00865841,-0.0184524,4.97415,4.97419,0.00431902,-0.0389474,-0.0145492,0,0,0
1780640002257512,2.18415,0.00871282,-0.0183483,-0.0258484,0,0,-5,0.00871282,-0.0183483,4.97415,4.97419,0.0030845,-0.0398993,-0.0142323,0,0,0
1780640002273512,2.20015,0.00875015,-0.0183271,-0.0258484,0,0,-5,0.00875015,-0.0183271,4.97415,4.97419,0.00225766,-0.040255,-0.0144607,0,0,0
1780640002297512,2.22415,0.00879063,-0.0184068,-0.0259094,0,0,-5,0.00879063,-0.0184068,4.97409,4.97413,0.00200054,-0.0431009,-0.0150918,0,0,0
1780640002313594,2.24023,0.0088292,-0.0185279,-0.0259399,0,0,-5,0.0088292,-0.0185279,4.97406,4.9741,0.00287141,-0.0438582,-0.0141394,0,0,0
1780640002337594,2.26423,0.00892147,-0.0187626,-0.0260315,0,0,-5,0.00892147,-0.0187626,4.97397,4.97401,0.00316392,-0.0437001,-0.0144836,0,0,0
1780640002353594,2.28023,0.00897996,-0.0189637,-0.0260925,0,0,-5,0.00897996,-0.0189637,4.97391,4.97395,0.00285311,-0.0450115,-0.0138469,0,0,0
1780640002377594,2.30423,0.00909375,-0.0193287,-0.0262146,0,0,-5,0.00909375,-0.0193287,4.97379,4.97383,0.003719,-0.0448054,-0.0144418,0,0,0
1780640002393594,2.32023,0.00918532,-0.0195942,-0.0263367,0,0,-5,0.00918532,-0.0195942,4.97366,4.97371,0.00370437,-0.0450728,-0.0138191,0,0,0
1780640002417594,2.34423,0.00936101,-0.0200347,-0.0265198,0,0,-5,0.00936101,-0.0200347,4.97348,4.97353,0.00537017,-0.0445904,-0.0138105,0,0,0
1780640002433594,2.36023,0.00949211,-0.020351,-0.0266418,0,0,-5,0.00949211,-0.020351,4.97336,4.97341,0.00559595,-0.044377,-0.0141598,0,0,0
1780640002457594,2.38423,0.00971935,-0.0208766,-0.0268555,0,0,-5,0.00971935,-0.0208766,4.97314,4.9732,0.00692621,-0.0452673,-0.0146152,0,0,0
1780640002473594,2.40023,0.00987069,-0.0212446,-0.0270081,0,0,-5,0.00987069,-0.0212446,4.97299,4.97305,0.00573197,-0.0444775,-0.0141984,0,0,0
1780640002497594,2.42423,0.0101043,-0.0218432,-0.0272217,0,0,-5,0.0101043,-0.0218432,4.97278,4.97284,0.00627944,-0.0454523,-0.0141737,0,0,0
1780640002513594,2.44023,0.0102623,-0.0222775,-0.0273743,0,0,-5,0.0102623,-0.0222775,4.97263,4.97269,0.00653916,-0.0454313,-0.0140973,0,0,0
1780640002537594,2.46423,0.0104859,-0.0229535,-0.0275574,0,0,-5,0.0104859,-0.0229535,4.97244,4.97251,0.00545338,-0.0456718,-0.0125494,0,0,0
1780640002553594,2.48023,0.0106369,-0.0234151,-0.0276794,0,0,-5,0.0106369,-0.0234151,4.97232,4.97239,0.00585074,-0.0445621,-0.011207,0,0,0
1780640002577594,2.50423,0.0108035,-0.0231891,-0.0275574,0,0,-5,0.0108035,-0.0231891,4.97244,4.97251,0.00599741,-0.0460102,-0.00996449,0,0,0
1780640002593594,2.52023,0.0108879,-0.0228086,-0.0273743,0,0,-5,0.0108879,-0.0228086,4.97263,4.97269,0.00512648,-0.0465043,-0.00914061,0,0,0
1780640002617594,2.54423,0.0110124,-0.0223331,-0.0270996,0,0,-5,0.0110124,-0.0223331,4.9729,4.97296,0.00540139,-0.0463447,-0.00754122,0,0,0
1780640002633594,2.56023,0.0111017,-0.0220791,-0.026947,0,0,-5,0.0111017,-0.0220791,4.97305,4.97311,0.00460216,-0.0465126,-0.00725407,0,0,0
1780640002657594,2.58423,0.0112345,-0.0218132,-0.0267334,0,0,-5,0.0112345,-0.0218132,4.97327,4.97333,0.00545865,-0.0472277,-0.0071857,0,0,0
1780640002673594,2.60023,0.0113255,-0.0216897,-0.0266113,0,0,-5,0.0113255,-0.0216897,4.97339,4.97345,0.00374423,-0.0465496,-0.007175,0,0,0
1780640002697594,2.62423,0.0114491,-0.0215757,-0.0264587,0,0,-5,0.0114491,-0.0215757,4.97354,4.9736,0.00399659,-0.045808,-0.00656945,0,0,0
1780640002713594,2.64023,0.0115409,-0.0215516,-0.0263672,0,0,-5,0.0115409,-0.0215516,4.97363,4.97369,0.00422582,-0.0465007,-0.00645742,0,0,0
1780640002737594,2.66423,0.011702,-0.0216051,-0.0261841,0,0,-5,0.011702,-0.0216051,4.97382,4.97388,0.00468163,-0.0474751,-0.00760923,0,0,0
1780640002753594,2.68023,0.0118074,-0.0216817,-0.0260925,0,0,-5,0.0118074,-0.0216817,4.97391,4.97397,0.00429091,-0.0465491,-0.00708083,0,0,0
1780640002777594,2.70423,0.0119794,-0.0218265,-0.0259399,0,0,-5,0.0119794,-0.0218265,4.97406,4.97412,0.00542353,-0.0455529,-0.00701255,0,0,0
1780640002793594,2.72023,0.0121049,-0.0219497,-0.0258789,0,0,-5,0.0121049,-0.0219497,4.97412,4.97418,0.00549071,-0.0447396,-0.00652172,0,0,0
1780640002817594,2.74423,0.0122938,-0.0221828,-0.0258179,0,0,-5,0.0122938,-0.0221828,4.97418,4.97425,0.00492722,-0.0447369,-0.00715075,0,0,0
1780640002833594,2.76023,0.0124123,-0.0223723,-0.0257874,0,0,-5,0.0124123,-0.0223723,4.97421,4.97428,0.00396947,-0.0446203,-0.0070164,0,0,0
1780640002857594,2.78423,0.012578,-0.0226994,-0.0257874,0,0,-5,0.012578,-0.0226994,4.97421,4.97428,0.00345087,-0.044341,-0.00723696,0,0,0
1780640002873594,2.80023,0.0126782,-0.0229569,-0.0257874,0,0,-5,0.0126782,-0.0229569,4.97421,4.97428,0.00331993,-0.0448686,-0.00562287,0,0,0
1780640002897594,2.82423,0.0128699,-0.0234106,-0.0257874,0,0,-5,0.0128699,-0.0234106,4.97421,4.97428,0.00444013,-0.0454297,-0.00618127,0,0,0
1780640002913594,2.84023,0.0130154,-0.0237459,-0.0257874,0,0,-5,0.0130154,-0.0237459,4.97421,4.97429,0.00528508,-0.0453085,-0.00617468,0,0,0
1780640002937594,2.86423,0.0132486,-0.0242905,-0.0258179,0,0,-5,0.0132486,-0.0242905,4.97418,4.97426,0.0059725,-0.0463518,-0.00617147,0,0,0
1780640002953594,2.88023,0.0134056,-0.0246991,-0.0258179,0,0,-5,0.0134056,-0.0246991,4.97418,4.97426,0.00587907,-0.0473551,-0.0076206,0,0,0
1780640002977594,2.90423,0.0135591,-0.0244792,-0.0256653,0,0,-5,0.0135591,-0.0244792,4.97433,4.97441,0.00382372,-0.0483101,-0.00748324,0,0,0
1780640002993594,2.92023,0.0136123,-0.0241136,-0.0255127,0,0,-5,0.0136123,-0.0241136,4.97449,4.97456,0.00280079,-0.0490676,-0.00678734,0,0,0
1780640003017594,2.94423,0.0136762,-0.0236955,-0.0253296,0,0,-5,0.0136762,-0.0236955,4.97467,4.97475,0.00189218,-0.0492632,-0.00752927,0,0,0
1780640003033594,2.96023,0.0137199,-0.0234754,-0.0252075,0,0,-5,0.0137199,-0.0234754,4.97479,4.97487,0.00181594,-0.0487814,-0.00732028,0,0,0
1780640003057594,2.98423,0.0137898,-0.0232569,-0.0250854,0,0,-5,0.0137898,-0.0232569,4.97491,4.97499,0.00191541,-0.0501399,-0.0075632,0,0,0
1780640003073594,3.00023,0.0138338,-0.0231811,-0.0250244,0,0,-5,0.0138338,-0.0231811,4.97498,4.97505,0.00117108,-0.0502991,-0.00834362,0,0,0
1780640003097594,3.02423,0.0138973,-0.0231692,-0.0249329,0,0,-5,0.0138973,-0.0231692,4.97507,4.97514,0.00159587,-0.0501871,-0.00836857,0,0,0
1780640003113594,3.04023,0.0139527,-0.0232009,-0.0249023,0,0,-5,0.0139527,-0.0232009,4.9751,4.97517,0.00176365,-0.049837,-0.00844978,0,0,0
1780640003137594,3.06423,0.0140284,-0.0233089,-0.0249023,0,0,-5,0.0140284,-0.0233089,4.9751,4.97517,0.00107339,-0.0486059,-0.00882653,0,0,0
1780640003153594,3.08023,0.0140838,-0.0234112,-0.0249023,0,0,-5,0.0140838,-0.0234112,4.9751,4.97517,0.00182649,-0.0482948,-0.00893718,0,0,0
1780640003177594,3.10423,0.0141682,-0.0236436,-0.0249329,0,0,-5,0.0141682,-0.0236436,4.97507,4.97514,0.00152054,-0.0492075,-0.00845002,0,0,0
1780640003193594,3.12023,0.01423,-0.0238424,-0.0249329,0,0,-5,0.01423,-0.0238424,4.97507,4.97514,0.00235337,-0.0493965,-0.0089267,0,0,0
1780640003217594,3.14423,0.0143485,-0.0242124,-0.0250244,0,0,-5,0.0143485,-0.0242124,4.97498,4.97506,0.00234338,-0.0499492,-0.0103391,0,0,0
1780640003233594,3.16023,0.0144222,-0.0244966,-0.0250854,0,0,-5,0.0144222,-0.0244966,4.97491,4.975,0.00201469,-0.049849,-0.00986433,0,0,0
1780640003257594,3.18423,0.014557,-0.0249878,-0.0252075,0,0,-5,0.014557,-0.0249878,4.97479,4.97488,0.00281342,-0.0501526,-0.011364,0,0,0
1780640003273594,3.20023,0.0146587,-0.0253428,-0.0253296,0,0,-5,0.0146587,-0.0253428,4.97467,4.97476,0.00347424,-0.0497249,-0.011259,0,0,0
1780640003297594,3.22423,0.0148121,-0.0259234,-0.0254822,0,0,-5,0.0148121,-0.0259234,4.97452,4.97461,0.00417962,-0.0499685,-0.0100348,0,0,0
1780640003313680,3.24032,0.0149383,-0.0263443,-0.0256042,0,0,-5,0.0149383,-0.0263443,4.9744,4.97449,0.00435277,-0.0504664,-0.0110119,0,0,0
1780640003337680,3.26432,0.015111,-0.0270056,-0.0257874,0,0,-5,0.015111,-0.0270056,4.97421,4.97431,0.00340578,-0.0504132,-0.011545,0,0,0
1780640003353680,3.28032,0.0152175,-0.0274787,-0.0259094,0,0,-5,0.0152175,-0.0274787,4.97409,4.97419,0.00290748,-0.0504635,-0.0121086,0,0,0
1780640003377680,3.30432,0.0151634,-0.0272156,-0.0260315,0,0,-5,0.0151634,-0.0272156,4.97397,4.97407,0.00284769,-0.050782,-0.0137579,0,0,0
1780640003393680,3.32032,0.0150626,-0.0267633,-0.026062,0,0,-5,0.0150626,-0.0267633,4.97394,4.97403,0.00265252,-0.0504767,-0.0126877,0,0,0
1780640003417680,3.34432,0.0149483,-0.0261892,-0.026123,0,0,-5,0.0149483,-0.0261892,4.97388,4.97397,0.00424338,-0.0486471,-0.0120983,0,0,0
1780640003433680,3.36032,0.0148837,-0.0258687,-0.0261841,0,0,-5,0.0148837,-0.0258687,4.97382,4.97391,0.00360467,-0.0490104,-0.0126444,0,0,0
1780640003457680,3.38432,0.0147984,-0.0254793,-0.0263062,0,0,-5,0.0147984,-0.0254793,4.97369,4.97378,0.00325327,-0.0480495,-0.0133928,0,0,0
1780640003473680,3.40032,0.0147423,-0.0252857,-0.0263977,0,0,-5,0.0147423,-0.0252857,4.9736,4.97369,0.00320512,-0.0486413,-0.0133261,0,0,0
1780640003497680,3.42432,0.0146776,-0.0251002,-0.0265503,0,0,-5,0.0146776,-0.0251002,4.97345,4.97353,0.00245754,-0.0490629,-0.0135634,0,0,0
1780640003513680,3.44032,0.0146272,-0.0250305,-0.0266724,0,0,-5,0.0146272,-0.0250305,4.97333,4.97341,0.00195586,-0.0482457,-0.0129857,0,0,0
1780640003537680,3.46432,0.0145646,-0.0250133,-0.026886,0,0,-5,0.0145646,-0.0250133,4.97311,4.9732,0.00214466,-0.0490054,-0.0130716,0,0,0
1780640003553680,3.48032,0.0145258,-0.025059,-0.0270081,0,0,-5,0.0145258,-0.025059,4.97299,4.97308,0.00178977,-0.0493351,-0.0133621,0,0,0
1780640003577680,3.50432,0.0144647,-0.0251909,-0.0272522,0,0,-5,0.0144647,-0.0251909,4.97275,4.97283,0.00135534,-0.0488233,-0.0136909,0,0,0
1780640003593680,3.52032,0.0144318,-0.0253257,-0.0274048,0,0,-5,0.0144318,-0.0253257,4.9726,4.97268,0.00182795,-0.0488891,-0.0138807,0,0,0
1780640003609680,3.53632,0.0144159,-0.0254885,-0.0275574,0,0,-5,0.0144159,-0.0254885,4.97244,4.97253,0.0018624,-0.0485915,-0.0130043,0,0,0
1780640003633680,3.56032,0.0144335,-0.0257556,-0.027771,0,0,-5,0.0144335,-0.0257556,4.97223,4.97232,0.00388484,-0.0456023,-0.0124349,0,0,0
1780640003657680,3.58432,0.0144906,-0.0260797,-0.0280151,0,0,-5,0.0144906,-0.0260797,4.97198,4.97207,0.00348279,-0.0468445,-0.0124829,0,0,0
1780640003673680,3.60032,0.0145184,-0.0263368,-0.0281677,0,0,-5,0.0145184,-0.0263368,4.97183,4.97192,0.00349905,-0.0466415,-0.0129553,0,0,0
1780640003689680,3.61632,0.0145719,-0.0266171,-0.0283508,0,0,-5,0.0145719,-0.0266171,4.97165,4.97174,0.00320152,-0.0466926,-0.0143609,0,0,0
1780640003713680,3.64032,0.0146454,-0.0270702,-0.028656,0,0,-5,0.0146454,-0.0270702,4.97134,4.97144,0.0035564,-0.0456687,-0.015096,0,0,0
1780640003737680,3.66432,0.0147411,-0.0275935,-0.0289612,0,0,-5,0.0147411,-0.0275935,4.97104,4.97114,0.00384482,-0.0476549,-0.0157325,0,0,0
1780640003753680,3.68032,0.014807,-0.0279938,-0.0292053,0,0,-5,0.014807,-0.0279938,4.97079,4.9709,0.00400607,-0.0481836,-0.0164504,0,0,0
1780640003777680,3.70432,0.0147259,-0.0276529,-0.0293884,0,0,-5,0.0147259,-0.0276529,4.97061,4.97071,0.00329701,-0.048261,-0.0165329,0,0,0
1780640003793680,3.72032,0.0146,-0.0271769,-0.0294495,0,0,-5,0.0146,-0.0271769,4.97055,4.97065,0.00239248,-0.048108,-0.0148217,0,0,0
1780640003817680,3.74432,0.0144206,-0.0265659,-0.0295715,0,0,-5,0.0144206,-0.0265659,4.97043,4.97052,0.00257745,-0.0473041,-0.015599,0,0,0
1780640003833680,3.76032,0.0143262,-0.0262347,-0.0296631,0,0,-5,0.0143262,-0.0262347,4.97034,4.97043,0.00274806,-0.0472269,-0.0171032,0,0,0
1780640003857680,3.78432,0.014192,-0.0258575,-0.0298767,0,0,-5,0.014192,-0.0258575,4.97012,4.97021,0.00194041,-0.048495,-0.018834,0,0,0
1780640003873680,3.80032,0.014099,-0.0256835,-0.0300598,0,0,-5,0.014099,-0.0256835,4.96994,4.97003,0.00182798,-0.0485353,-0.0195681,0,0,0
1780640003897680,3.82432,0.0139213,-0.0255141,-0.0303345,0,0,-5,0.0139213,-0.0255141,4.96967,4.96975,-0.00208583,-0.0477477,-0.0184244,0,0,0
1780640003913680,3.84032,0.013785,-0.0254432,-0.0305176,0,0,-5,0.013785,-0.0254432,4.96948,4.96957,-0.00278723,-0.0472167,-0.018416,0,0,0
1780640003937680,3.86432,0.0135584,-0.0254187,-0.0308228,0,0,-5,0.0135584,-0.0254187,4.96918,4.96926,-0.00499178,-0.0472798,-0.0188913,0,0,0
1780640003953680,3.88032,0.0133812,-0.0254477,-0.0310364,0,0,-5,0.0133812,-0.0254477,4.96896,4.96905,-0.0066842,-0.0467412,-0.0185056,0,0,0
1780640003977680,3.90432,0.013081,-0.0255401,-0.0313416,0,0,-5,0.013081,-0.0255401,4.96866,4.96874,-0.00929378,-0.0453061,-0.0185108,0,0,0
1780640003993680,3.92032,0.0128569,-0.0256227,-0.0315552,0,0,-5,0.0128569,-0.0256227,4.96844,4.96853,-0.010365,-0.0445417,-0.0192603,0,0,0
1780640004017680,3.94432,0.0125149,-0.0258151,-0.0319214,0,0,-5,0.0125149,-0.0258151,4.96808,4.96816,-0.0109492,-0.044537,-0.0202461,0,0,0
1780640004033680,3.96032,0.0122759,-0.0259662,-0.0321655,0,0,-5,0.0122759,-0.0259662,4.96783,4.96792,-0.0122474,-0.04322,-0.0190408,0,0,0
1780640004057680,3.98432,0.0119199,-0.0262157,-0.0325317,0,0,-5,0.0119199,-0.0262157,4.96747,4.96755,-0.0118866,-0.0428436,-0.0183917,0,0,0
1780640004073680,4.00032,0.011701,-0.0264194,-0.0327759,0,0,-5,0.011701,-0.0264194,4.96722,4.96731,-0.0113423,-0.042455,-0.0186318,0,0,0
1780640004097680,4.02432,0.0113724,-0.0267819,-0.0331726,0,0,-5,0.0113724,-0.0267819,4.96683,4.96691,-0.0118458,-0.0430308,-0.0207572,0,0,0
1780640004113680,4.04032,0.0111527,-0.0270467,-0.0334473,0,0,-5,0.0111527,-0.0270467,4.96655,4.96664,-0.0122492,-0.0417862,-0.0198309,0,0,0
1780640004137680,4.06432,0.0108109,-0.0274802,-0.0338745,0,0,-5,0.0108109,-0.0274802,4.96613,4.96621,-0.0134488,-0.0425462,-0.0194057,0,0,0
1780640004153680,4.08032,0.010563,-0.0278009,-0.0341492,0,0,-5,0.010563,-0.0278009,4.96585,4.96594,-0.0150344,-0.0412122,-0.01862,0,0,0
1780640004177680,4.10432,0.00988787,-0.0272796,-0.0344238,0,0,-5,0.00988787,-0.0272796,4.96558,4.96566,-0.0170143,-0.0385048,-0.0189178,0,0,0
1780640004193680,4.12032,0.00931467,-0.0266238,-0.0345764,0,0,-5,0.00931467,-0.0266238,4.96542,4.9655,-0.0207486,-0.036587,-0.0195173,0,0,0
1780640004217680,4.14432,0.00836792,-0.0257082,-0.0348206,0,0,-5,0.00836792,-0.0257082,4.96518,4.96525,-0.0265974,-0.0329203,-0.0205847,0,0,0
1780640004233680,4.16032,0.00766559,-0.0251138,-0.0350342,0,0,-5,0.00766559,-0.0251138,4.96497,4.96504,-0.0317719,-0.0290707,-0.0210872,0,0,0
1780640004257680,4.18432,0.00650044,-0.0242065,-0.0353394,0,0,-5,0.00650044,-0.0242065,4.96466,4.96472,-0.0393219,-0.0236269,-0.0204291,0,0,0
1780640004273680,4.20032,0.00562012,-0.0235945,-0.035553,0,0,-5,0.00562012,-0.0235945,4.96445,4.96451,-0.0455205,-0.0187957,-0.0197136,0,0,0
1780640004297680,4.22432,0.00414931,-0.0225795,-0.0358582,0,0,-5,0.00414931,-0.0225795,4.96414,4.96419,-0.0554116,-0.00796584,-0.0191813,0,0,0
1780640004313680,4.24032,0.0030539,-0.0218051,-0.0360718,0,0,-5,0.0030539,-0.0218051,4.96393,4.96398,-0.0620465,-7.56175e-05,-0.0202195,0,0,0
1780640004337765,4.2644,0.00122767,-0.020486,-0.0364075,0,0,-5,0.00122767,-0.020486,4.96359,4.96363,-0.0719861,0.0127678,-0.0204528,0,0,0
1780640004353765,4.2804,-0.000103327,-0.0194748,-0.0366821,0,0,-5,-0.000103327,-0.0194748,4.96332,4.96336,-0.0776399,0.0223285,-0.0229032,0,0,0
1780640004377765,4.3044,-0.00223692,-0.0177375,-0.0371704,0,0,-5,-0.00223692,-0.0177375,4.96283,4.96286,-0.0856818,0.0377983,-0.0274908,0,0,0
1780640004393765,4.3204,-0.00375457,-0.016411,-0.0375671,0,0,-5,-0.00375457,-0.016411,4.96243,4.96246,-0.0916596,0.048096,-0.0316623,0,0,0
1780640004417765,4.3444,-0.00618052,-0.0142131,-0.0382996,0,0,-5,-0.00618052,-0.0142131,4.9617,4.96172,-0.0988998,0.0608859,-0.0397917,0,0,0
1780640004433765,4.3604,-0.00788312,-0.0126256,-0.0389404,0,0,-5,-0.00788312,-0.0126256,4.96106,4.96108,-0.10322,0.0683494,-0.0461499,0,0,0
1780640004449765,4.3764,-0.00962471,-0.0109591,-0.0396729,0,0,-5,-0.00962471,-0.0109591,4.96033,4.96035,-0.105394,0.0744678,-0.0548771,0,0,0
1780640004473765,4.4004,-0.0122618,-0.00834159,-0.0410767,0,0,-5,-0.0122618,-0.00834159,4.95892,4.95895,-0.107504,0.0821777,-0.0689907,0,0,0
1780640004497765,4.4244,-0.0149425,-0.00564447,-0.0428772,0,0,-5,-0.0149425,-0.00564447,4.95712,4.95715,-0.108454,0.0874226,-0.0857595,0,0,0
1780640004513765,4.4404,-0.0167154,-0.00381936,-0.044281,0,0,-5,-0.0167154,-0.00381936,4.95572,4.95575,-0.107569,0.0893817,-0.0972916,0,0,0
1780640004537765,4.4644,-0.019273,-0.0010887,-0.0467834,0,0,-5,-0.019273,-0.0010887,4.95322,4.95325,-0.101148,0.0909838,-0.11705,0,0,0
1780640004553765,4.4804,-0.020873,0.000718683,-0.0487671,0,0,-5,-0.020873,0.000718683,4.95123,4.95128,-0.0954456,0.0915635,-0.132355,0,0,0
1780640004577765,4.5044,-0.0220214,0.00329479,-0.0518494,0,0,-5,-0.0220214,0.00329479,4.94815,4.9482,-0.0846966,0.0922393,-0.161163,0,0,0
1780640004593765,4.5204,-0.0223235,0.00494953,-0.0541992,0,0,-5,-0.0223235,0.00494953,4.9458,4.94585,-0.0767073,0.0912384,-0.181399,0,0,0
1780640004617765,4.5444,-0.0226069,0.00741159,-0.0584106,0,0,-5,-0.0226069,0.00741159,4.94159,4.94165,-0.0631727,0.0917831,-0.214921,0,0,0
1780640004633765,4.5604,-0.0226581,0.00903588,-0.0617065,0,0,-5,-0.0226581,0.00903588,4.93829,4.93835,-0.0534234,0.0922752,-0.23838,0,0,0
1780640004657765,4.5844,-0.02253,0.0114534,-0.0674438,0,0,-5,-0.02253,0.0114534,4.93256,4.93262,-0.0392963,0.092592,-0.27856,0,0,0
1780640004673765,4.6004,-0.0222931,0.0130739,-0.0718384,0,0,-5,-0.0222931,0.0130739,4.92816,4.92823,-0.0304705,0.0936939,-0.306387,0,0,0
1780640004697765,4.6244,-0.0217162,0.0154844,-0.0793152,0,0,-5,-0.0217162,0.0154844,4.92068,4.92076,-0.0146322,0.0935159,-0.348423,0,0,0
1780640004713765,4.6404,-0.0211506,0.0170639,-0.0848694,0,0,-5,-0.0211506,0.0170639,4.91513,4.91521,-0.003166,0.0921508,-0.378342,0,0,0
1780640004729765,4.6564,-0.0204188,0.0186117,-0.0909424,0,0,-5,-0.0204188,0.0186117,4.90906,4.90914,0.0100074,0.0911225,-0.410801,0,0,0
1780640004753765,4.6804,-0.0189999,0.0209186,-0.101257,0,0,-5,-0.0189999,0.0209186,4.89874,4.89882,0.0287848,0.0910461,-0.478548,0,0,0
1780640004777765,4.7044,-0.0171667,0.0231858,-0.113495,0,0,-5,-0.0171667,0.0231858,4.88651,4.88659,0.0499067,0.0893802,-0.569607,0,0,0
1780640004793765,4.7204,-0.0157078,0.0246598,-0.123016,0,0,-5,-0.0157078,0.0246598,4.87698,4.87707,0.0630068,0.0883005,-0.646399,0,0,0
1780640004817765,4.7444,-0.0132036,0.0268332,-0.139801,0,0,-5,-0.0132036,0.0268332,4.8602,4.86029,0.081446,0.0865039,-0.773261,0,0,0
1780640004833765,4.7604,-0.0113096,0.0282708,-0.152679,0,0,-5,-0.0113096,0.0282708,4.84732,4.84742,0.0947443,0.0875568,-0.8577,0,0,0
1780640004857765,4.7844,-0.00816529,0.0304344,-0.17453,0,0,-5,-0.00816529,0.0304344,4.82547,4.82557,0.109724,0.0888832,-0.98042,0,0,0
1780640004873765,4.8004,-0.00590921,0.0318842,-0.190704,0,0,-5,-0.00590921,0.0318842,4.8093,4.8094,0.11888,0.0893294,-1.05538,0,0,0
1780640004897765,4.8244,-0.00234803,0.0341154,-0.217072,0,0,-5,-0.00234803,0.0341154,4.78293,4.78305,0.129748,0.0929984,-1.15164,0,0,0
1780640004913765,4.8404,0.000138158,0.0356554,-0.23584,0,0,-5,0.000138158,0.0356554,4.76416,4.76429,0.135762,0.096136,-1.2034,0,0,0
1780640004937765,4.8644,0.00399925,0.0380343,-0.26535,0,0,-5,0.00399925,0.0380343,4.73465,4.7348,0.142766,0.100505,-1.26431,0,0,0
1780640004953765,4.8804,0.00662602,0.0396913,-0.285767,0,0,-5,0.00662602,0.0396913,4.71423,4.71441,0.145939,0.104472,-1.29809,0,0,0
1780640004977765,4.9044,0.00895579,0.0432249,-0.31488,0,0,-5,0.00895579,0.0432249,4.68512,4.68533,0.147404,0.111345,-1.33767,0,0,0
1780640004993765,4.9204,0.010029,0.0459468,-0.334137,0,0,-5,0.010029,0.0459468,4.66586,4.6661,0.147103,0.116607,-1.35979,0,0,0
1780640005017765,4.9444,0.0117531,0.0500822,-0.363831,0,0,-5,0.0117531,0.0500822,4.63617,4.63645,0.147064,0.124992,-1.38866,0,0,0
1780640005033765,4.9604,0.0129369,0.0529146,-0.384155,0,0,-5,0.0129369,0.0529146,4.61584,4.61617,0.145897,0.130657,-1.4076,0,0,0
1780640005057765,4.9844,0.0147981,0.0572612,-0.415405,0,0,-5,0.0147981,0.0572612,4.58459,4.58498,0.144638,0.140128,-1.43636,0,0,0
1780640005073765,5.0004,0.0160719,0.0602282,-0.436737,0,0,-5,0.0160719,0.0602282,4.56326,4.56369,0.142392,0.146279,-1.45626,0,0,0
1780640005097765,5.0244,0.0179977,0.0647903,-0.469604,0,0,-5,0.0179977,0.0647903,4.5304,4.53089,0.138396,0.156184,-1.49166,0,0,0
1780640005113765,5.0404,0.0192744,0.0679365,-0.492126,0,0,-5,0.0192744,0.0679365,4.50787,4.50843,0.134837,0.163896,-1.52005,0,0,0
1780640005129765,5.0564,0.020543,0.0711632,-0.515228,0,0,-5,0.020543,0.0711632,4.48477,4.48538,0.13181,0.170833,-1.55038,0,0,0
1780640005153765,5.0804,0.0224278,0.0761519,-0.550995,0,0,-5,0.0224278,0.0761519,4.44901,4.44971,0.126755,0.181143,-1.60654,0,0,0
1780640005177765,5.1044,0.0242548,0.0813013,-0.58844,0,0,-5,0.0242548,0.0813013,4.41156,4.41238,0.120563,0.19134,-1.67413,0,0,0
1780640005193765,5.1204,0.0254422,0.0848322,-0.61441,0,0,-5,0.0254422,0.0848322,4.38559,4.38648,0.116743,0.197602,-1.72428,0,0,0
1780640005209765,5.1364,0.0265989,0.0884316,-0.641266,0,0,-5,0.0265989,0.0884316,4.35873,4.35971,0.112728,0.203013,-1.77431,0,0,0
1780640005233765,5.1604,0.0282872,0.0939212,-0.683105,0,0,-5,0.0282872,0.0939212,4.31689,4.31801,0.107724,0.20886,-1.84442,0,0,0
1780640005257765,5.1844,0.0299137,0.0994525,-0.726624,0,0,-5,0.0299137,0.0994525,4.27338,4.27464,0.102301,0.211759,-1.90491,0,0,0
1780640005273765,5.2004,0.0309771,0.103147,-0.7565,0,0,-5,0.0309771,0.103147,4.2435,4.24487,0.0991161,0.21322,-1.9407,0,0,0
1780640005297765,5.2244,0.0325387,0.108682,-0.802338,0,0,-5,0.0325387,0.108682,4.19766,4.1992,0.0946998,0.214197,-1.98606,0,0,0
1780640005313765,5.2404,0.0335362,0.112342,-0.833527,0,0,-5,0.0335362,0.112342,4.16647,4.16812,0.0904099,0.213408,-2.0132,0,0,0
1780640005337854,5.26449,0.0349729,0.11775,-0.881134,0,0,-5,0.0349729,0.11775,4.11887,4.1207,0.0857006,0.20988,-2.0492,0,0,0
1780640005353854,5.28049,0.0358947,0.121282,-0.913422,0,0,-5,0.0358947,0.121282,4.08658,4.08854,0.0824542,0.207114,-2.07119,0,0,0
1780640005377854,5.30449,0.0383585,0.126387,-0.960358,0,0,-5,0.0383585,0.126387,4.03964,4.0418,0.0787417,0.200316,-2.10042,0,0,0
1780640005393854,5.32049,0.0402933,0.129642,-0.991425,0,0,-5,0.0402933,0.129642,4.00858,4.01087,0.0755889,0.193371,-2.11701,0,0,0
1780640005417854,5.34449,0.0430807,0.134284,-1.03876,0,0,-5,0.0430807,0.134284,3.96124,3.96375,0.0735126,0.181925,-2.13913,0,0,0
1780640005433854,5.36049,0.0448805,0.137217,-1.07077,0,0,-5,0.0448805,0.137217,3.92923,3.93188,0.072149,0.175192,-2.15332,0,0,0
1780640005449854,5.37649,0.0466297,0.140018,-1.10312,0,0,-5,0.0466297,0.140018,3.89688,3.89967,0.0703548,0.166271,-2.16594,0,0,0
1780640005473854,5.40049,0.0491541,0.143919,-1.15222,0,0,-5,0.0491541,0.143919,3.84778,3.85078,0.0676652,0.151643,-2.18359,0,0,0
1780640005497854,5.42449,0.0515556,0.147443,-1.20193,0,0,-5,0.0515556,0.147443,3.79807,3.80128,0.0643852,0.136238,-2.19878,0,0,0
1780640005513854,5.44049,0.0531023,0.149567,-1.23544,0,0,-5,0.0531023,0.149567,3.76456,3.7679,0.0630839,0.124736,-2.2093,0,0,0
1780640005537854,5.46449,0.0553344,0.152393,-1.28619,0,0,-5,0.0553344,0.152393,3.71381,3.71734,0.0602025,0.107313,-2.22208,0,0,0
1780640005553854,5.48049,0.0567639,0.154038,-1.32031,0,0,-5,0.0567639,0.154038,3.67969,3.68335,0.0582594,0.0962683,-2.23067,0,0,0
1780640005569854,5.49649,0.0581359,0.155509,-1.35461,0,0,-5,0.0581359,0.155509,3.64539,3.64916,0.0560325,0.0850338,-2.24139,0,0,0
1780640005593854,5.52049,0.0601212,0.157337,-1.40659,0,0,-5,0.0601212,0.157337,3.59341,3.59736,0.0537468,0.0668121,-2.25449,0,0,0
1780640005609854,5.53649,0.0613892,0.158312,-1.4415,0,0,-5,0.0613892,0.158312,3.5585,3.56255,0.0519139,0.0549354,-2.26247,0,0,0
1780640005633854,5.56049,0.0632318,0.159428,-1.49417,0,0,-5,0.0632318,0.159428,3.50583,3.51002,0.0511081,0.0382791,-2.27256,0,0,0
1780640005657854,5.58449,0.0649967,0.16013,-1.5473,0,0,-5,0.0649967,0.16013,3.4527,3.45702,0.0476661,0.0212305,-2.28244,0,0,0
1780640005673854,5.60049,0.0661066,0.160376,-1.58298,0,0,-5,0.0661066,0.160376,3.41702,3.42142,0.0460131,0.0109709,-2.28994,0,0,0
1780640005697854,5.62449,0.0677171,0.160417,-1.63675,0,0,-5,0.0677171,0.160417,3.36325,3.36776,0.0442475,-0.00600295,-2.29942,0,0,0
1780640005713854,5.64049,0.0687383,0.160224,-1.67279,0,0,-5,0.0687383,0.160224,3.32721,3.33177,0.0419069,-0.0153344,-2.30531,0,0,0
1780640005737854,5.66449,0.0701784,0.159644,-1.72717,0,0,-5,0.0701784,0.159644,3.27283,3.27747,0.0390174,-0.0300486,-2.31345,0,0,0
1780640005753854,5.68049,0.0710757,0.159062,-1.76361,0,0,-5,0.0710757,0.159062,3.23639,3.24108,0.0362008,-0.0392863,-2.31875,0,0,0
1780640005777854,5.70449,0.0727411,0.160374,-1.81732,0,0,-5,0.0727411,0.160374,3.18268,3.18755,0.0351506,-0.0493938,-2.32637,0,0,0
1780640005793854,5.72049,0.073941,0.161824,-1.85294,0,0,-5,0.073941,0.161824,3.14706,3.15209,0.0344498,-0.0556883,-2.33136,0,0,0
1780640005817854,5.74449,0.0756533,0.163601,-1.90668,0,0,-5,0.0756533,0.163601,3.09332,3.09857,0.0314452,-0.0652393,-2.33799,0,0,0
1780640005833854,5.76049,0.0767166,0.16455,-1.94272,0,0,-5,0.0767166,0.16455,3.05728,3.06267,0.0290791,-0.0687385,-2.34272,0,0,0
1780640005857854,5.78449,0.0782192,0.165667,-1.99707,0,0,-5,0.0782192,0.165667,3.00293,3.00851,0.0276441,-0.0761842,-2.35103,0,0,0
1780640005873854,5.80049,0.0791671,0.166213,-2.03354,0,0,-5,0.0791671,0.166213,2.96646,2.97217,0.0256425,-0.0799234,-2.35791,0,0,0
1780640005897854,5.82449,0.0804901,0.166739,-2.08856,0,0,-5,0.0804901,0.166739,2.91144,2.91732,0.0232081,-0.0876231,-2.36623,0,0,0
1780640005913854,5.84049,0.0813175,0.166901,-2.12543,0,0,-5,0.0813175,0.166901,2.87457,2.88056,0.0211583,-0.0908278,-2.371,0,0,0
1780640005929854,5.85649,0.0820841,0.166945,-2.16241,0,0,-5,0.0820841,0.166945,2.83759,2.84368,0.0185313,-0.0934978,-2.37325,0,0,0
1780640005953854,5.88049,0.0831207,0.166818,-2.21811,0,0,-5,0.0831207,0.166818,2.78189,2.78813,0.0140881,-0.096214,-2.37231,0,0,0
1780640005977854,5.90449,0.084022,0.166461,-2.2738,0,0,-5,0.084022,0.166461,2.7262,2.73257,0.0111316,-0.0997373,-2.36651,0,0,0
1780640005993854,5.92049,0.0845686,0.166111,-2.31091,0,0,-5,0.0845686,0.166111,2.68909,2.69554,0.00909026,-0.101253,-2.36008,0,0,0
1780640006017854,5.94449,0.0853114,0.165429,-2.36636,0,0,-5,0.0853114,0.165429,2.63364,2.64021,0.00757661,-0.104168,-2.3445,0,0,0
1780640006033854,5.96049,0.0857608,0.164861,-2.40317,0,0,-5,0.0857608,0.164861,2.59683,2.60347,0.00521784,-0.105481,-2.33095,0,0,0
1780640006057854,5.98449,0.0863284,0.163873,-2.45801,0,0,-5,0.0863284,0.163873,2.54199,2.54873,0.00157193,-0.107149,-2.30744,0,0,0
1780640006073854,6.00049,0.0866547,0.163133,-2.49426,0,0,-5,0.0866547,0.163133,2.50574,2.51254,0.000140884,-0.107817,-2.29016,0,0,0
1780640006097854,6.02449,0.08706,0.161914,-2.54819,0,0,-5,0.08706,0.161914,2.45181,2.4587,-0.00273807,-0.108233,-2.26138,0,0,0
1780640006113854,6.04049,0.0872837,0.161046,-2.58377,0,0,-5,0.0872837,0.161046,2.41623,2.42316,-0.00368201,-0.107881,-2.23998,0,0,0
1780640006137854,6.06449,0.0875676,0.159652,-2.63654,0,0,-5,0.0875676,0.159652,2.36346,2.37047,-0.00609169,-0.109348,-2.20673,0,0,0
1780640006153854,6.08049,0.087702,0.158647,-2.67133,0,0,-5,0.087702,0.158647,2.32867,2.33572,-0.00763737,-0.110734,-2.18393,0,0,0
1780640006177854,6.10449,0.0883646,0.158012,-2.72202,0,0,-5,0.0883646,0.158012,2.27798,2.28517,-0.00902549,-0.112869,-2.14739,0,0,0
1780640006193854,6.12049,0.0889079,0.157808,-2.7551,0,0,-5,0.0889079,0.157808,2.2449,2.2522,-0.0119592,-0.112879,-2.12143,0,0,0
1780640006217854,6.14449,0.0895857,0.157353,-2.80405,0,0,-5,0.0895857,0.157353,2.19595,2.20341,-0.014445,-0.113304,-2.08137,0,0,0
1780640006233854,6.16049,0.0899844,0.156955,-2.83624,0,0,-5,0.0899844,0.156955,2.16376,2.17131,-0.0149794,-0.113211,-2.05461,0,0,0
1780640006257854,6.18449,0.0905141,0.156196,-2.88385,0,0,-5,0.0905141,0.156196,2.11615,2.12384,-0.0161522,-0.11483,-2.01629,0,0,0
1780640006273854,6.20049,0.0908058,0.155601,-2.9151,0,0,-5,0.0908058,0.155601,2.0849,2.09267,-0.0182753,-0.114431,-1.98835,0,0,0
1780640006297854,6.22449,0.0911375,0.154578,-2.9613,0,0,-5,0.0911375,0.154578,2.0387,2.04658,-0.0208649,-0.115971,-1.94693,0,0,0
1780640006313854,6.24049,0.0912972,0.153801,-2.99164,0,0,-5,0.0912972,0.153801,2.00836,2.01631,-0.0228223,-0.117026,-1.91945,0,0,0
1780640006337854,6.26449,0.0914631,0.152538,-3.03641,0,0,-5,0.0914631,0.152538,1.96359,1.97163,-0.0232538,-0.116309,-1.87612,0,0,0
1780640006353947,6.28058,0.091537,0.151629,-3.0657,0,0,-5,0.091537,0.151629,1.9343,1.94239,-0.0246799,-0.116534,-1.84816,0,0,0
1780640006377947,6.30458,0.0915776,0.150154,-3.10892,0,0,-5,0.0915776,0.150154,1.89108,1.89924,-0.0258175,-0.117483,-1.80656,0,0,0
1780640006393947,6.32058,0.0915631,0.149106,-3.13721,0,0,-5,0.0915631,0.149106,1.86279,1.87099,-0.0271572,-0.11765,-1.77802,0,0,0
1780640006417947,6.34458,0.0914669,0.147441,-3.17886,0,0,-5,0.0914669,0.147441,1.82114,1.82938,-0.0292558,-0.118855,-1.73852,0,0,0
1780640006433947,6.36058,0.091357,0.146254,-3.20615,0,0,-5,0.091357,0.146254,1.79385,1.80212,-0.030282,-0.120115,-1.71145,0,0,0
1780640006457947,6.38458,0.0911447,0.144369,-3.24637,0,0,-5,0.0911447,0.144369,1.75363,1.76192,-0.030711,-0.12245,-1.67269,0,0,0
1780640006473947,6.40058,0.0909936,0.14302,-3.27271,0,0,-5,0.0909936,0.14302,1.72729,1.73559,-0.0297692,-0.124917,-1.64584,0,0,0
1780640006497947,6.42458,0.0907279,0.140863,-3.3114,0,0,-5,0.0907279,0.140863,1.6886,1.69689,-0.0320803,-0.128204,-1.60608,0,0,0
1780640006513947,6.44058,0.0904965,0.139342,-3.3367,0,0,-5,0.0904965,0.139342,1.6633,1.67158,-0.0335774,-0.129772,-1.579,0,0,0
1780640006537947,6.46458,0.0900887,0.136973,-3.3739,0,0,-5,0.0900887,0.136973,1.6261,1.63434,-0.035235,-0.130208,-1.53912,0,0,0
1780640006553947,6.48058,0.0897842,0.135343,-3.39819,0,0,-5,0.0897842,0.135343,1.60181,1.61002,-0.0358772,-0.131862,-1.51261,0,0,0
1780640006577947,6.50458,0.089359,0.133359,-3.43399,0,0,-5,0.089359,0.133359,1.56601,1.57422,-0.0364415,-0.132357,-1.47386,0,0,0
1780640006593947,6.52058,0.0890683,0.132147,-3.45746,0,0,-5,0.0890683,0.132147,1.54254,1.55075,-0.0369777,-0.13261,-1.44878,0,0,0
1780640006617947,6.54458,0.0886,0.130244,-3.49191,0,0,-5,0.0886,0.130244,1.50809,1.51629,-0.037804,-0.132829,-1.41062,0,0,0
1780640006633947,6.56058,0.0882621,0.1289,-3.5144,0,0,-5,0.0882621,0.1289,1.4856,1.49379,-0.0376073,-0.133861,-1.38752,0,0,0
1780640006649947,6.57658,0.087906,0.127507,-3.5365,0,0,-5,0.087906,0.127507,1.4635,1.47167,-0.0383603,-0.13351,-1.36295,0,0,0
1780640006673947,6.60058,0.0873538,0.125332,-3.569,0,0,-5,0.0873538,0.125332,1.431,1.43913,-0.0385364,-0.134825,-1.32702,0,0,0
1780640006697947,6.62458,0.086751,0.123048,-3.60065,0,0,-5,0.086751,0.123048,1.39935,1.40743,-0.040055,-0.135561,-1.29017,0,0,0
1780640006713947,6.64058,0.0863148,0.121471,-3.62125,0,0,-5,0.0863148,0.121471,1.37875,1.38678,-0.0412614,-0.135617,-1.26745,0,0,0
1780640006737947,6.66458,0.0856041,0.119038,-3.65152,0,0,-5,0.0856041,0.119038,1.34848,1.35643,-0.0430695,-0.13494,-1.23436,0,0,0
1780640006753947,6.68058,0.0851036,0.117401,-3.67126,0,0,-5,0.0851036,0.117401,1.32874,1.33662,-0.0435799,-0.133601,-1.21199,0,0,0
1780640006769947,6.69658,0.0845822,0.115745,-3.69067,0,0,-5,0.0845822,0.115745,1.30933,1.31715,-0.0442788,-0.133232,-1.19145,0,0,0
1780640006793947,6.72058,0.0837532,0.113193,-3.71915,0,0,-5,0.0837532,0.113193,1.28085,1.28857,-0.0466437,-0.134191,-1.16004,0,0,0
1780640006817947,6.74458,0.08283,0.110579,-3.74695,0,0,-5,0.08283,0.110579,1.25305,1.26065,-0.0503131,-0.134358,-1.12923,0,0,0
1780640006833947,6.76058,0.0821673,0.108799,-3.76505,0,0,-5,0.0821673,0.108799,1.23495,1.24246,-0.0513417,-0.134477,-1.10955,0,0,0
1780640006857947,6.78458,0.0811297,0.10609,-3.79163,0,0,-5,0.0811297,0.10609,1.20837,1.21573,-0.0529565,-0.133363,-1.07982,0,0,0
1780640006873947,6.80058,0.0804138,0.104268,-3.80896,0,0,-5,0.0804138,0.104268,1.19104,1.1983,-0.0526737,-0.133618,-1.06141,0,0,0
1780640006897947,6.82458,0.0793364,0.101466,-3.83441,0,0,-5,0.0793364,0.101466,1.16559,1.17268,-0.0535385,-0.134967,-1.03171,0,0,0
1780640006913947,6.84058,0.0785815,0.0995691,-3.85098,0,0,-5,0.0785815,0.0995691,1.14902,1.156,-0.0551405,-0.134101,-1.01388,0,0,0
1780640006937947,6.86458,0.0774039,0.0967142,-3.87527,0,0,-5,0.0774039,0.0967142,1.12473,1.13153,-0.0570058,-0.133659,-0.986257,0,0,0
1780640006953947,6.88058,0.0765864,0.0947922,-3.89117,0,0,-5,0.0765864,0.0947922,1.10883,1.1155,-0.0579143,-0.133044,-0.969641,0,0,0
1780640006977947,6.90458,0.0746485,0.0919836,-3.91452,0,0,-5,0.0746485,0.0919836,1.08548,1.09192,-0.0601396,-0.131635,-0.943733,0,0,0
1780640006993947,6.92058,0.0731234,0.0901122,-3.92975,0,0,-5,0.0731234,0.0901122,1.07025,1.07652,-0.0617924,-0.132078,-0.926152,0,0,0
1780640007017947,6.94458,0.0708556,0.0872909,-3.95209,0,0,-5,0.0708556,0.0872909,1.04791,1.05393,-0.0624434,-0.130547,-0.901668,0,0,0
1780640007033947,6.96058,0.0693524,0.0853993,-3.96664,0,0,-5,0.0693524,0.0853993,1.03336,1.0392,-0.0642473,-0.129546,-0.886234,0,0,0
1780640007057947,6.98458,0.0670969,0.0825555,-3.98807,0,0,-5,0.0670969,0.0825555,1.01193,1.01751,-0.0657082,-0.128288,-0.863887,0,0,0
1780640007073947,7.00058,0.0656105,0.0806684,-4.00201,0,0,-5,0.0656105,0.0806684,0.997986,1.00339,-0.0652555,-0.127008,-0.849346,0,0,0
1780640007097947,7.02458,0.0634276,0.0778387,-4.02255,0,0,-5,0.0634276,0.0778387,0.977448,0.982591,-0.0651858,-0.125146,-0.827611,0,0,0
1780640007113947,7.04058,0.0619817,0.0759531,-4.03595,0,0,-5,0.0619817,0.0759531,0.96405,0.969022,-0.0657415,-0.124433,-0.813568,0,0,0
1780640007137947,7.06458,0.0598233,0.0731216,-4.05557,0,0,-5,0.0598233,0.0731216,0.944427,0.949141,-0.0673401,-0.123205,-0.791274,0,0,0
1780640007153947,7.08058,0.0583605,0.0712387,-4.06836,0,0,-5,0.0583605,0.0712387,0.931641,0.936181,-0.0696632,-0.122375,-0.776208,0,0,0
1780640007177947,7.10458,0.0561735,0.0684165,-4.08713,0,0,-5,0.0561735,0.0684165,0.912872,0.917154,-0.0700839,-0.121167,-0.754267,0,0,0
1780640007193947,7.12058,0.0547206,0.0665337,-4.09933,0,0,-5,0.0547206,0.0665337,0.900665,0.904776,-0.0707746,-0.120668,-0.740988,0,0,0
1780640007209947,7.13658,0.0532711,0.0646553,-4.11133,0,0,-5,0.0532711,0.0646553,0.888672,0.892612,-0.070477,-0.119534,-0.727589,0,0,0
1780640007233947,7.16058,0.0511568,0.0618275,-4.12894,0,0,-5,0.0511568,0.0618275,0.871063,0.874752,-0.0686142,-0.119493,-0.707103,0,0,0
1780640007257947,7.18458,0.0490979,0.0590077,-4.14609,0,0,-5,0.0490979,0.0590077,0.853912,0.857356,-0.0671851,-0.118074,-0.687809,0,0,0
1780640007273947,7.20058,0.0477513,0.0571257,-4.15726,0,0,-5,0.0477513,0.0571257,0.842743,0.846026,-0.0678658,-0.118481,-0.676849,0,0,0
1780640007297947,7.22458,0.0457356,0.0542964,-4.17371,0,0,-5,0.0457356,0.0542964,0.826294,0.829338,-0.0676262,-0.116672,-0.660364,0,0,0
1780640007313947,7.24058,0.044415,0.0524379,-4.18445,0,0,-5,0.044415,0.0524379,0.815552,0.818442,-0.0673292,-0.114958,-0.648645,0,0,0
1780640007337947,7.26458,0.0424541,0.0496538,-4.2002,0,0,-5,0.0424541,0.0496538,0.799805,0.802468,-0.0667779,-0.113647,-0.633111,0,0,0
1780640007354043,7.28068,0.0411701,0.0478078,-4.21048,0,0,-5,0.0411701,0.0478078,0.78952,0.792037,-0.0663382,-0.114164,-0.622385,0,0,0
1780640007378043,7.30468,0.0387645,0.0445739,-4.22583,0,0,-5,0.0387645,0.0445739,0.77417,0.77642,-0.0655589,-0.113089,-0.606427,0,0,0
1780640007394043,7.32068,0.0370211,0.0422844,-4.2359,0,0,-5,0.0370211,0.0422844,0.764099,0.766163,-0.0665201,-0.113377,-0.595989,0,0,0
1780640007418043,7.34468,0.0344637,0.0388763,-4.25067,0,0,-5,0.0344637,0.0388763,0.749329,0.751127,-0.0658326,-0.113631,-0.581377,0,0,0
1780640007434043,7.36068,0.0328015,0.0366255,-4.26035,0,0,-5,0.0328015,0.0366255,0.739655,0.741287,-0.0649281,-0.112561,-0.57141,0,0,0
1780640007458043,7.38468,0.03038,0.033299,-4.27451,0,0,-5,0.03038,0.033299,0.725494,0.726893,-0.0651955,-0.110728,-0.55751,0,0,0
1780640007474043,7.40068,0.028788,0.0311206,-4.28375,0,0,-5,0.028788,0.0311206,0.716248,0.717501,-0.0652677,-0.110079,-0.549013,0,0,0
1780640007490043,7.41668,0.0272194,0.028962,-4.29282,0,0,-5,0.0272194,0.028962,0.707184,0.7083,-0.0650082,-0.109422,-0.539651,0,0,0
1780640007514043,7.44068,0.0248986,0.0257841,-4.30618,0,0,-5,0.0248986,0.0257841,0.693817,0.694742,-0.0660177,-0.107379,-0.527878,0,0,0
1780640007538043,7.46468,0.0225982,0.0226408,-4.31918,0,0,-5,0.0225982,0.0226408,0.680817,0.681568,-0.0665498,-0.10637,-0.514531,0,0,0
1780640007554043,7.48068,0.0210937,0.0205915,-4.32767,0,0,-5,0.0210937,0.0205915,0.672333,0.672979,-0.065713,-0.104085,-0.505321,0,0,0
1780640007578043,7.50468,0.018906,0.0175913,-4.34006,0,0,-5,0.018906,0.0175913,0.659943,0.660448,-0.0642968,-0.102295,-0.490799,0,0,0
1780640007594043,7.52068,0.0174833,0.015636,-4.34814,0,0,-5,0.0174833,0.015636,0.651855,0.652277,-0.0635039,-0.0995961,-0.483103,0,0,0
1780640007618043,7.54468,0.0153838,0.0127718,-4.35999,0,0,-5,0.0153838,0.0127718,0.640015,0.640327,-0.0637731,-0.0979202,-0.469639,0,0,0
1780640007634043,7.56068,0.0140139,0.0108897,-4.36774,0,0,-5,0.0140139,0.0108897,0.632263,0.632512,-0.0624155,-0.0973605,-0.461963,0,0,0
1780640007658043,7.58468,0.0120133,0.00811997,-4.37909,0,0,-5,0.0120133,0.00811997,0.620911,0.62108,-0.0616619,-0.0944376,-0.449907,0,0,0
1780640007674043,7.60068,0.0107162,0.00630773,-4.38651,0,0,-5,0.0107162,0.00630773,0.613495,0.613621,-0.0595669,-0.0945796,-0.442083,0,0,0
1780640007698043,7.62468,0.00883962,0.00362522,-4.39737,0,0,-5,0.00883962,0.00362522,0.602631,0.602706,-0.0583903,-0.0919228,-0.429781,0,0,0
1780640007714043,7.64068,0.00761691,0.00188971,-4.40445,0,0,-5,0.00761691,0.00188971,0.595551,0.595602,-0.0576338,-0.0898142,-0.422328,0,0,0
1780640007738043,7.66468,0.00585014,-0.000641268,-4.41483,0,0,-5,0.00585014,-0.000641268,0.585175,0.585204,-0.0550031,-0.0868273,-0.411116,0,0,0
1780640007754043,7.68068,0.00472367,-0.00228078,-4.42157,0,0,-5,0.00472367,-0.00228078,0.57843,0.578454,-0.0542912,-0.0851918,-0.403349,0,0,0
1780640007778043,7.70468,0.00295414,-0.00538052,-4.43146,0,0,-5,0.00295414,-0.00538052,0.568542,0.568576,-0.0536875,-0.0835947,-0.394244,0,0,0
1780640007794043,7.72068,0.00176203,-0.00760375,-4.43793,0,0,-5,0.00176203,-0.00760375,0.562073,0.562127,-0.0532183,-0.0816673,-0.388811,0,0,0
1780640007818043,7.74468,2.56436e-05,-0.010846,-4.44739,0,0,-5,2.56436e-05,-0.010846,0.552612,0.552719,-0.05217,-0.0809275,-0.380012,0,0,0
1780640007834043,7.76068,-0.00109166,-0.0129543,-4.45361,0,0,-5,-0.00109166,-0.0129543,0.546387,0.546541,-0.0503298,-0.0801188,-0.372814,0,0,0
1780640007858043,7.78468,-0.00270773,-0.0160404,-4.46274,0,0,-5,-0.00270773,-0.0160404,0.537262,0.537508,-0.0497431,-0.0801743,-0.364573,0,0,0
1780640007874043,7.80068,-0.00376796,-0.0180574,-4.46872,0,0,-5,-0.00376796,-0.0180574,0.531281,0.531601,-0.0494733,-0.0790831,-0.359558,0,0,0
1780640007898043,7.82468,-0.00531158,-0.020978,-4.47754,0,0,-5,-0.00531158,-0.020978,0.522461,0.522909,-0.0480557,-0.0764075,-0.352342,0,0,0
1780640007914043,7.84068,-0.00630714,-0.0228775,-4.48334,0,0,-5,-0.00630714,-0.0228775,0.516663,0.517207,-0.0470187,-0.0759657,-0.347652,0,0,0
1780640007938043,7.86468,-0.007753,-0.0256443,-4.49191,0,0,-5,-0.007753,-0.0256443,0.508087,0.508793,-0.0457851,-0.0737578,-0.340925,0,0,0
1780640007954043,7.88068,-0.00868303,-0.0274246,-4.49753,0,0,-5,-0.00868303,-0.0274246,0.502472,0.503295,-0.0449438,-0.0714841,-0.335866,0,0,0
1780640007978043,7.90468,-0.0100332,-0.0300105,-4.50577,0,0,-5,-0.0100332,-0.0300105,0.494232,0.495244,-0.0424919,-0.0700469,-0.329877,0,0,0
1780640007994043,7.92068,-0.010896,-0.031689,-4.5112,0,0,-5,-0.010896,-0.031689,0.4888,0.489947,-0.0425296,-0.0688569,-0.325455,0,0,0
1780640008018043,7.94468,-0.0121792,-0.034128,-4.5192,0,0,-5,-0.0121792,-0.034128,0.480804,0.482168,-0.042621,-0.0670841,-0.318331,0,0,0
1780640008034043,7.96068,-0.0130266,-0.0357117,-4.52441,0,0,-5,-0.0130266,-0.0357117,0.475586,0.477103,-0.0419535,-0.0664038,-0.313309,0,0,0
1780640008058043,7.98468,-0.0142447,-0.0380392,-4.5321,0,0,-5,-0.0142447,-0.0380392,0.467896,0.469655,-0.0411415,-0.0649245,-0.306274,0,0,0
1780640008074043,8.00068,-0.0150457,-0.0395234,-4.53717,0,0,-5,-0.0150457,-0.0395234,0.46283,0.464758,-0.0405501,-0.062025,-0.302504,0,0,0
1780640008098043,8.02468,-0.0161926,-0.0416844,-4.54465,0,0,-5,-0.0161926,-0.0416844,0.455353,0.457543,-0.0382565,-0.0607657,-0.297346,0,0,0
1780640008114043,8.04068,-0.0169219,-0.0430703,-4.54953,0,0,-5,-0.0169219,-0.0430703,0.45047,0.452841,-0.0365389,-0.0588558,-0.292441,0,0,0
1780640008138043,8.06468,-0.0179485,-0.0450847,-4.55679,0,0,-5,-0.0179485,-0.0450847,0.443207,0.445855,-0.0329817,-0.0577958,-0.286633,0,0,0
1780640008154043,8.08068,-0.0185749,-0.0463931,-4.56152,0,0,-5,-0.0185749,-0.0463931,0.438477,0.441315,-0.0309707,-0.0566679,-0.283492,0,0,0
1780640008178043,8.10468,-0.0198026,-0.0492124,-4.56879,0,0,-5,-0.0198026,-0.0492124,0.431213,0.434464,-0.0284022,-0.0549538,-0.279472,0,0,0
1780640008194043,8.12068,-0.0206953,-0.0513257,-4.57364,0,0,-5,-0.0206953,-0.0513257,0.426361,0.429938,-0.0274374,-0.0540247,-0.277209,0,0,0
1780640008218043,8.14468,-0.0219571,-0.0543666,-4.58081,0,0,-5,-0.0219571,-0.0543666,0.419189,0.42327,-0.0259926,-0.0525076,-0.271013,0,0,0
1780640008234043,8.16068,-0.0227664,-0.0563072,-4.58551,0,0,-5,-0.0227664,-0.0563072,0.41449,0.418916,-0.0264936,-0.0514323,-0.269276,0,0,0
1780640008258043,8.18468,-0.0239336,-0.0590921,-4.59244,0,0,-5,-0.0239336,-0.0590921,0.407562,0.412519,-0.0246529,-0.0489223,-0.265259,0,0,0
1780640008274043,8.20068,-0.024673,-0.0608626,-4.59705,0,0,-5,-0.024673,-0.0608626,0.402954,0.408271,-0.0244333,-0.0471538,-0.261923,0,0,0
1780640008298043,8.22468,-0.025757,-0.0633968,-4.60379,0,0,-5,-0.025757,-0.0633968,0.39621,0.402076,-0.0245828,-0.0448961,-0.257151,0,0,0
1780640008314043,8.24068,-0.026457,-0.0649982,-4.60818,0,0,-5,-0.026457,-0.0649982,0.391815,0.39805,-0.0241557,-0.0423355,-0.254725,0,0,0
1780640008338043,8.26468,-0.0274576,-0.0672938,-4.61469,0,0,-5,-0.0274576,-0.0672938,0.385315,0.39211,-0.0223016,-0.0410103,-0.24743,0,0,0
1780640008354043,8.28068,-0.0280861,-0.0687525,-4.61893,0,0,-5,-0.0280861,-0.0687525,0.381073,0.388243,-0.0215244,-0.0388404,-0.24382,0,0,0
1780640008378136,8.30477,-0.0289734,-0.0708216,-4.62515,0,0,-5,-0.0289734,-0.0708216,0.374847,0.382578,-0.0206444,-0.0371589,-0.239079,0,0,0
1780640008394136,8.32077,-0.0295423,-0.0721428,-4.62924,0,0,-5,-0.0295423,-0.0721428,0.370758,0.378865,-0.0200663,-0.0354815,-0.237089,0,0,0
1780640008418136,8.34477,-0.0303344,-0.0740083,-4.63525,0,0,-5,-0.0303344,-0.0740083,0.364746,0.373413,-0.0172485,-0.0323547,-0.230616,0,0,0
1780640008434136,8.36077,-0.0308246,-0.0751754,-4.63916,0,0,-5,-0.0308246,-0.0751754,0.36084,0.369874,-0.0166688,-0.0307185,-0.225408,0,0,0
1780640008458136,8.38477,-0.0315214,-0.0768226,-4.64487,0,0,-5,-0.0315214,-0.0768226,0.355133,0.364712,-0.0162989,-0.0274324,-0.221977,0,0,0
1780640008474136,8.40077,-0.0319695,-0.0778466,-4.64865,0,0,-5,-0.0319695,-0.0778466,0.351349,0.361287,-0.0155822,-0.0255624,-0.219962,0,0,0
1780640008498136,8.42477,-0.0326091,-0.0792754,-4.65417,0,0,-5,-0.0326091,-0.0792754,0.345825,0.356291,-0.0150511,-0.021983,-0.215647,0,0,0
1780640008514136,8.44077,-0.0330119,-0.0801535,-4.65781,0,0,-5,-0.0330119,-0.0801535,0.342194,0.353003,-0.014159,-0.0206434,-0.212271,0,0,0
1780640008538136,8.46477,-0.0335701,-0.0813954,-4.66312,0,0,-5,-0.0335701,-0.0813954,0.336884,0.348199,-0.012964,-0.0188245,-0.207686,0,0,0
1780640008554136,8.48077,-0.0339127,-0.0821668,-4.6666,0,0,-5,-0.0339127,-0.0821668,0.333405,0.345051,-0.011212,-0.0168675,-0.204519,0,0,0
1780640008578136,8.50477,-0.0346541,-0.0832279,-4.67163,0,0,-5,-0.0346541,-0.0832279,0.328369,0.34052,-0.00855491,-0.0144046,-0.201099,0,0,0
1780640008594136,8.52077,-0.0351888,-0.083874,-4.6749,0,0,-5,-0.0351888,-0.083874,0.325104,0.337588,-0.00652824,-0.0126766,-0.199625,0,0,0
1780640008618136,8.54477,-0.0358926,-0.0847684,-4.67969,0,0,-5,-0.0358926,-0.0847684,0.320312,0.333278,-0.00385433,-0.0100693,-0.1945,0,0,0
1780640008634136,8.56077,-0.036301,-0.0853023,-4.68286,0,0,-5,-0.036301,-0.0853023,0.317139,0.330411,-0.00153569,-0.00865542,-0.19133,0,0,0
1780640008650136,8.57677,-0.0366686,-0.0857987,-4.68597,0,0,-5,-0.0366686,-0.0857987,0.314026,0.327595,-0.0007844,-0.00686448,-0.187747,0,0,0
1780640008674136,8.60077,-0.0371436,-0.0864448,-4.69052,0,0,-5,-0.0371436,-0.0864448,0.309479,0.323465,0.00116058,-0.00289563,-0.183873,0,0,0
1780640008698136,8.62477,-0.0375444,-0.0869707,-4.69501,0,0,-5,-0.0375444,-0.0869707,0.304993,0.319365,0.00330401,6.15547e-05,-0.180377,0,0,0
1780640008714136,8.64077,-0.0377604,-0.0872671,-4.69797,0,0,-5,-0.0377604,-0.0872671,0.302032,0.316647,0.00566536,0.00221607,-0.178622,0,0,0
1780640008738136,8.66477,-0.03801,-0.0876283,-4.70233,0,0,-5,-0.03801,-0.0876283,0.297668,0.312618,0.00702193,0.00446239,-0.174452,0,0,0
1780640008754136,8.68077,-0.0381499,-0.0878174,-4.70517,0,0,-5,-0.0381499,-0.0878174,0.29483,0.309987,0.00742921,0.00683197,-0.171791,0,0,0
1780640008770136,8.69677,-0.0382664,-0.0879666,-4.70798,0,0,-5,-0.0382664,-0.0879666,0.292023,0.307375,0.00845032,0.00765547,-0.169474,0,0,0
1780640008794136,8.72077,-0.0383869,-0.0881157,-4.7121,0,0,-5,-0.0383869,-0.0881157,0.287903,0.303523,0.00981196,0.0114649,-0.165588,0,0,0
1780640008818136,8.74477,-0.0384548,-0.0881749,-4.71616,0,0,-5,-0.0384548,-0.0881749,0.283844,0.299702,0.010785,0.013346,-0.163263,0,0,0
1780640008834136,8.76077,-0.0384717,-0.0881661,-4.71881,0,0,-5,-0.0384717,-0.0881661,0.281189,0.297188,0.0117683,0.0160646,-0.16025,0,0,0
1780640008858136,8.78477,-0.0384597,-0.0880582,-4.72272,0,0,-5,-0.0384597,-0.0880582,0.277283,0.293461,0.0128882,0.019555,-0.158955,0,0,0
1780640008874136,8.80077,-0.0384214,-0.0879394,-4.72528,0,0,-5,-0.0384214,-0.0879394,0.274719,0.290999,0.0131705,0.0208495,-0.157833,0,0,0
1780640008890136,8.81677,-0.0383768,-0.0877822,-4.72787,0,0,-5,-0.0383768,-0.0877822,0.272125,0.288497,0.0132691,0.022415,-0.157764,0,0,0
1780640008914136,8.84077,-0.0382928,-0.0874793,-4.73172,0,0,-5,-0.0382928,-0.0874793,0.26828,0.284769,0.0127126,0.0251348,-0.155299,0,0,0
1780640008938136,8.86477,-0.0382009,-0.0870881,-4.7355,0,0,-5,-0.0382009,-0.0870881,0.264496,0.281072,0.0129384,0.0284659,-0.152781,0,0,0
1780640008954136,8.88077,-0.0381187,-0.0867758,-4.73798,0,0,-5,-0.0381187,-0.0867758,0.262024,0.278639,0.0137247,0.0307938,-0.15016,0,0,0
1780640008978136,8.90477,-0.0383243,-0.0869057,-4.74164,0,0,-5,-0.0383243,-0.0869057,0.258362,0.275267,0.0151391,0.031772,-0.147803,0,0,0
1780640008994136,8.92077,-0.0385492,-0.0871575,-4.74405,0,0,-5,-0.0385492,-0.0871575,0.255951,0.273118,0.0142722,0.0321874,-0.145188,0,0,0
1780640009018136,8.94477,-0.0388414,-0.0874446,-4.74756,0,0,-5,-0.0388414,-0.0874446,0.252441,0.269966,0.015629,0.0335459,-0.142053,0,0,0
1780640009034136,8.96077,-0.038989,-0.0875916,-4.74985,0,0,-5,-0.038989,-0.0875916,0.250153,0.267897,0.0164893,0.0339131,-0.139652,0,0,0
1780640009058136,8.98477,-0.0391786,-0.0877288,-4.75323,0,0,-5,-0.0391786,-0.0877288,0.246765,0.26481,0.0152721,0.0348863,-0.135834,0,0,0
1780640009074136,9.00077,-0.0392974,-0.0877652,-4.75543,0,0,-5,-0.0392974,-0.0877652,0.244568,0.262794,0.0146635,0.0367745,-0.134989,0,0,0
1780640009098136,9.02477,-0.0394406,-0.0877321,-4.75876,0,0,-5,-0.0394406,-0.0877321,0.241241,0.259711,0.0152098,0.038092,-0.134658,0,0,0
1780640009114136,9.04077,-0.0395111,-0.0876524,-4.76093,0,0,-5,-0.0395111,-0.0876524,0.239075,0.257684,0.0153963,0.0396911,-0.132677,0,0,0
1780640009138136,9.06477,-0.0395727,-0.0874415,-4.76413,0,0,-5,-0.0395727,-0.0874415,0.23587,0.25465,0.0163916,0.0417916,-0.130127,0,0,0
1780640009154136,9.08077,-0.039594,-0.0872552,-4.76627,0,0,-5,-0.039594,-0.0872552,0.233734,0.252612,0.0158977,0.0424343,-0.128929,0,0,0
1780640009178136,9.10477,-0.0395607,-0.0869192,-4.76941,0,0,-5,-0.0395607,-0.0869192,0.230591,0.249584,0.0190227,0.043021,-0.128173,0,0,0
1780640009194136,9.12077,-0.0395022,-0.0866589,-4.77151,0,0,-5,-0.0395022,-0.0866589,0.228485,0.247539,0.0187661,0.0442432,-0.126846,0,0,0
1780640009218136,9.14477,-0.0393644,-0.0862125,-4.77466,0,0,-5,-0.0393644,-0.0862125,0.225342,0.244461,0.0206934,0.0435802,-0.124926,0,0,0
1780640009234136,9.16077,-0.0392364,-0.085903,-4.7767,0,0,-5,-0.0392364,-0.085903,0.223297,0.242447,0.0215265,0.0441659,-0.124402,0,0,0
1780640009258136,9.18477,-0.0390093,-0.0853893,-4.77975,0,0,-5,-0.0390093,-0.0853893,0.220245,0.239418,0.0218415,0.0449898,-0.122717,0,0,0
1780640009274136,9.20077,-0.0388354,-0.0850174,-4.78177,0,0,-5,-0.0388354,-0.0850174,0.218231,0.237405,0.023027,0.044411,-0.121345,0,0,0
1780640009298136,9.22477,-0.0385404,-0.0844503,-4.7847,0,0,-5,-0.0385404,-0.0844503,0.215302,0.234461,0.022645,0.0441199,-0.117404,0,0,0
1780640009314136,9.24077,-0.0383436,-0.0840447,-4.78662,0,0,-5,-0.0383436,-0.0840447,0.213379,0.232517,0.0219512,0.0454556,-0.115408,0,0,0
1780640009338136,9.26477,-0.0380436,-0.0833837,-4.7894,0,0,-5,-0.0380436,-0.0833837,0.210602,0.229681,0.021607,0.0463667,-0.111243,0,0,0
1780640009354136,9.28077,-0.0378426,-0.082918,-4.79123,0,0,-5,-0.0378426,-0.082918,0.208771,0.2278,0.0209812,0.0463549,-0.110205,0,0,0
1780640009378236,9.30487,-0.0382801,-0.0826273,-4.79407,0,0,-5,-0.0382801,-0.0826273,0.205933,0.225169,0.0210897,0.0479056,-0.108053,0,0,0
1780640009394236,9.32087,-0.0387826,-0.0825281,-4.79602,0,0,-5,-0.0387826,-0.0825281,0.203979,0.223434,0.0209308,0.0481737,-0.108903,0,0,0
1780640009418236,9.34487,-0.0394624,-0.0823273,-4.79889,0,0,-5,-0.0394624,-0.0823273,0.201111,0.220863,0.0206403,0.0482726,-0.107989,0,0,0
1780640009434236,9.36087,-0.0398698,-0.0821591,-4.80081,0,0,-5,-0.0398698,-0.0821591,0.199188,0.219125,0.0206453,0.0471737,-0.108572,0,0,0
1780640009458236,9.38487,-0.0404252,-0.0818751,-4.80368,0,0,-5,-0.0404252,-0.0818751,0.19632,0.216516,0.0210878,0.0464234,-0.108117,0,0,0
1780640009474236,9.40087,-0.0407363,-0.0816553,-4.80557,0,0,-5,-0.0407363,-0.0816553,0.194427,0.214777,0.0213734,0.0473593,-0.106313,0,0,0
1780640009498236,9.42487,-0.0411467,-0.0812331,-4.80835,0,0,-5,-0.0411467,-0.0812331,0.19165,0.212183,0.0217976,0.0494449,-0.104271,0,0,0
1780640009514236,9.44087,-0.0413722,-0.0809154,-4.81015,0,0,-5,-0.0413722,-0.0809154,0.18985,0.21048,0.0222311,0.0492044,-0.103202,0,0,0
1780640009538236,9.46487,-0.0416428,-0.0804219,-4.81284,0,0,-5,-0.0416428,-0.0804219,0.187164,0.207924,0.0231406,0.0471999,-0.10067,0,0,0
1780640009554236,9.48087,-0.041789,-0.0800836,-4.81458,0,0,-5,-0.041789,-0.0800836,0.185425,0.206257,0.0233711,0.0472915,-0.0993329,0,0,0
1780640009578236,9.50487,-0.0419387,-0.0795251,-4.81714,0,0,-5,-0.0419387,-0.0795251,0.182861,0.203768,0.0244045,0.0489182,-0.0983902,0,0,0
1780640009594236,9.52087,-0.0419987,-0.0791034,-4.81882,0,0,-5,-0.0419987,-0.0791034,0.181183,0.20211,0.0246309,0.0502977,-0.095489,0,0,0
1780640009618236,9.54487,-0.0420407,-0.0784291,-4.82129,0,0,-5,-0.0420407,-0.0784291,0.178711,0.19964,0.0253699,0.0498952,-0.0942674,0,0,0
1780640009634236,9.56087,-0.0420311,-0.0779632,-4.82291,0,0,-5,-0.0420311,-0.0779632,0.177094,0.198008,0.0258045,0.0489998,-0.0929533,0,0,0
1780640009658236,9.58487,-0.0419813,-0.0772615,-4.82526,0,0,-5,-0.0419813,-0.0772615,0.174744,0.19562,0.0256031,0.0487858,-0.0906678,0,0,0
1780640009674236,9.60087,-0.041916,-0.0767609,-4.82681,0,0,-5,-0.041916,-0.0767609,0.173187,0.194018,0.0265659,0.0496328,-0.0902418,0,0,0
1780640009698236,9.62487,-0.0417703,-0.0759519,-4.82916,0,0,-5,-0.0417703,-0.0759519,0.170837,0.191569,0.026807,0.0512964,-0.0891372,0,0,0
1780640009714236,9.64087,-0.0416494,-0.0753864,-4.83072,0,0,-5,-0.0416494,-0.0753864,0.169281,0.189931,0.0271276,0.051466,-0.0886602,0,0,0
1780640009738236,9.66487,-0.0414194,-0.0745166,-4.83301,0,0,-5,-0.0414194,-0.0745166,0.166992,0.187496,0.0285215,0.051142,-0.0878959,0,0,0
1780640009754236,9.68087,-0.0412362,-0.07392,-4.83456,0,0,-5,-0.0412362,-0.07392,0.165436,0.185832,0.0276066,0.0513711,-0.0885926,0,0,0
1780640009778236,9.70487,-0.0415525,-0.0735946,-4.83664,0,0,-5,-0.0415525,-0.0735946,0.163361,0.183928,0.0267228,0.0525423,-0.0873581,0,0,0
1780640009794236,9.72087,-0.0419267,-0.0735267,-4.83795,0,0,-5,-0.0419267,-0.0735267,0.162048,0.182821,0.0265646,0.0524158,-0.0865331,0,0,0
1780640009818236,9.74487,-0.0424316,-0.0733545,-4.83987,0,0,-5,-0.0424316,-0.0733545,0.160126,0.181167,0.024562,0.0525659,-0.0826912,0,0,0
1780640009834236,9.76087,-0.0427437,-0.0732013,-4.84113,0,0,-5,-0.0427437,-0.0732013,0.158875,0.180074,0.0237816,0.0521579,-0.0811067,0,0,0
1780640009858236,9.78487,-0.0431802,-0.0729035,-4.84296,0,0,-5,-0.0431802,-0.0729035,0.157043,0.178444,0.0219433,0.051594,-0.0790811,0,0,0
1780640009874236,9.80087,-0.0434498,-0.0726914,-4.84415,0,0,-5,-0.0434498,-0.0726914,0.155853,0.177376,0.0214306,0.0505433,-0.0782172,0,0,0
1780640009898236,9.82487,-0.0438165,-0.0723227,-4.84592,0,0,-5,-0.0438165,-0.0723227,0.154083,0.175762,0.0199241,0.0513037,-0.0774769,0,0,0
1780640009914236,9.84087,-0.0440418,-0.0720352,-4.84711,0,0,-5,-0.0440418,-0.0720352,0.152893,0.174657,0.0198103,0.0511995,-0.0767988,0,0,0
1780640009938236,9.86487,-0.044328,-0.0715564,-4.84888,0,0,-5,-0.044328,-0.0715564,0.151123,0.172984,0.0197335,0.0519799,-0.076028,0,0,0
1780640009954236,9.88087,-0.0444932,-0.071207,-4.85004,0,0,-5,-0.0444932,-0.071207,0.149963,0.171869,0.0189197,0.0516696,-0.0750622,0,0,0
1780640009978236,9.90487,-0.0447152,-0.0706303,-4.85178,0,0,-5,-0.0447152,-0.0706303,0.148224,0.170172,0.0185777,0.0519625,-0.0739247,0,0,0
1780640009994236,9.92087,-0.0448382,-0.0702226,-4.85291,0,0,-5,-0.0448382,-0.0702226,0.147095,0.169052,0.0185855,0.0519262,-0.0743177,0,0,0
1780640010018236,9.94487,-0.0449694,-0.0695779,-4.85464,0,0,-5,-0.0449694,-0.0695779,0.145355,0.167306,0.0192093,0.0513749,-0.074187,0,0,0
1780640010034236,9.96087,-0.0450223,-0.0691323,-4.8558,0,0,-5,-0.0450223,-0.0691323,0.144196,0.166128,0.0196854,0.05143,-0.0737786,0,0,0
1780640010058236,9.98487,-0.0450757,-0.0684342,-4.85754,0,0,-5,-0.0450757,-0.0684342,0.142456,0.164344,0.0190144,0.0503412,-0.0727461,0,0,0
1780640010074236,10.0009,-0.0450917,-0.0679602,-4.8587,0,0,-5,-0.0450917,-0.0679602,0.141296,0.163146,0.0189053,0.0496242,-0.0711248,0,0,0
1780640010098236,10.0249,-0.0450835,-0.0672331,-4.86035,0,0,-5,-0.0450835,-0.0672331,0.139648,0.161414,0.0187564,0.0499048,-0.0697538,0,0,0
1780640010114236,10.0409,-0.0450691,-0.0667326,-4.86148,0,0,-5,-0.0450691,-0.0667326,0.138519,0.160225,0.0180702,0.0486019,-0.0690233,0,0,0
1780640010138236,10.0649,-0.0450325,-0.0659677,-4.86316,0,0,-5,-0.0450325,-0.0659677,0.136841,0.158446,0.0174883,0.0490393,-0.0675907,0,0,0
1780640010154236,10.0809,-0.0449907,-0.0654333,-4.86426,0,0,-5,-0.0449907,-0.0654333,0.135742,0.157263,0.0180256,0.0494112,-0.0665791,0,0,0
1780640010178236,10.1049,-0.0458433,-0.0652538,-4.86572,0,0,-5,-0.0458433,-0.0652538,0.134277,0.156173,0.016985,0.0488782,-0.0659577,0,0,0
1780640010194236,10.1209,-0.0466684,-0.0653092,-4.86667,0,0,-5,-0.0466684,-0.0653092,0.133331,0.155629,0.0170293,0.0489823,-0.0656378,0,0,0
1780640010218236,10.1449,-0.0477925,-0.0653305,-4.86807,0,0,-5,-0.0477925,-0.0653305,0.131927,0.154781,0.0172555,0.0474921,-0.0630753,0,0,0
1780640010234236,10.1609,-0.0484835,-0.0653127,-4.86899,0,0,-5,-0.0484835,-0.0653127,0.131012,0.154209,0.0165112,0.0469535,-0.0626618,0,0,0
1780640010258236,10.1849,-0.0494581,-0.0652111,-4.87039,0,0,-5,-0.0494581,-0.0652111,0.129608,0.153287,0.015452,0.0477518,-0.0637523,0,0,0
1780640010274236,10.2009,-0.050045,-0.0650942,-4.87134,0,0,-5,-0.050045,-0.0650942,0.128662,0.152629,0.0169798,0.0484635,-0.0631549,0,0,0
1780640010298236,10.2249,-0.0508271,-0.0648579,-4.87277,0,0,-5,-0.0508271,-0.0648579,0.127228,0.151581,0.0174216,0.0482258,-0.0636063,0,0,0
1780640010314236,10.2409,-0.0512892,-0.0646506,-4.87372,0,0,-5,-0.0512892,-0.0646506,0.126282,0.150855,0.0181167,0.0497293,-0.0632148,0,0,0
1780640010338236,10.2649,-0.05191,-0.0642617,-4.87518,0,0,-5,-0.05191,-0.0642617,0.124817,0.149678,0.0183164,0.0505323,-0.0631586,0,0,0
1780640010354236,10.2809,-0.0522715,-0.0639576,-4.87616,0,0,-5,-0.0522715,-0.0639576,0.12384,0.14886,0.0192341,0.0507743,-0.063828,0,0,0
1780640010370236,10.2969,-0.0525902,-0.0636252,-4.87711,0,0,-5,-0.0525902,-0.0636252,0.122894,0.148044,0.0194883,0.050171,-0.0625228,0,0,0
1780640010394335,10.321,-0.0530016,-0.0631144,-4.87854,0,0,-5,-0.0530016,-0.0631144,0.12146,0.146783,0.0199904,0.0493346,-0.0611506,0,0,0
1780640010418335,10.345,-0.0533244,-0.0625745,-4.87997,0,0,-5,-0.0533244,-0.0625745,0.120026,0.145483,0.0208649,0.0479835,-0.0625373,0,0,0
1780640010434335,10.361,-0.0534909,-0.0622054,-4.88095,0,0,-5,-0.0534909,-0.0622054,0.119049,0.14458,0.0220155,0.0474969,-0.0620309,0,0,0
1780640010458335,10.385,-0.0536487,-0.0616085,-4.88239,0,0,-5,-0.0536487,-0.0616085,0.117615,0.143203,0.0235886,0.0471839,-0.0603678,0,0,0
1780640010474335,10.401,-0.0537081,-0.0611988,-4.88333,0,0,-5,-0.0537081,-0.0611988,0.116669,0.142272,0.0243743,0.0473749,-0.0587199,0,0,0
1780640010498335,10.425,-0.0537343,-0.0605408,-4.88474,0,0,-5,-0.0537343,-0.0605408,0.115265,0.140849,0.0256402,0.0480442,-0.0578083,0,0,0
1780640010514335,10.441,-0.0536967,-0.0600745,-4.88565,0,0,-5,-0.0536967,-0.0600745,0.114349,0.139886,0.0271899,0.0479083,-0.0585547,0,0,0
1780640010538335,10.465,-0.0535878,-0.0593455,-4.88705,0,0,-5,-0.0535878,-0.0593455,0.112946,0.138384,0.0273288,0.0474894,-0.0583857,0,0,0
1780640010554335,10.481,-0.0534746,-0.058855,-4.88797,0,0,-5,-0.0534746,-0.058855,0.11203,0.137383,0.0285133,0.0465849,-0.0563141,0,0,0
1780640010570335,10.497,-0.0533565,-0.0586505,-4.88879,0,0,-5,-0.0533565,-0.0586505,0.111206,0.136578,0.0287665,0.0459453,-0.0555806,0,0,0
1780640010594335,10.521,-0.0531716,-0.0587287,-4.88986,0,0,-5,-0.0531716,-0.0587287,0.110138,0.135671,0.0286041,0.0466044,-0.0536448,0,0,0
1780640010618335,10.545,-0.0529376,-0.0587201,-4.8909,0,0,-5,-0.0529376,-0.0587201,0.1091,0.134734,0.0293411,0.0448224,-0.0530978,0,0,0
1780640010634335,10.561,-0.0527424,-0.0587015,-4.89163,0,0,-5,-0.0527424,-0.0587015,0.108368,0.134057,0.0301012,0.0428813,-0.0538578,0,0,0
1780640010658335,10.585,-0.0524101,-0.0586465,-4.8927,0,0,-5,-0.0524101,-0.0586465,0.1073,0.133039,0.0296787,0.042226,-0.052408,0,0,0
1780640010674335,10.601,-0.0521746,-0.0585679,-4.8934,0,0,-5,-0.0521746,-0.0585679,0.106598,0.132346,0.0302221,0.0420554,-0.050718,0,0,0
1780640010698335,10.625,-0.0517729,-0.0584091,-4.89444,0,0,-5,-0.0517729,-0.0584091,0.10556,0.131282,0.030452,0.0405302,-0.0488254,0,0,0
1780640010714335,10.641,-0.0514822,-0.0583,-4.89511,0,0,-5,-0.0514822,-0.0583,0.104889,0.130579,0.0312967,0.0391406,-0.0483758,0,0,0
1780640010738335,10.665,-0.0510277,-0.0581086,-4.89612,0,0,-5,-0.0510277,-0.0581086,0.103882,0.129506,0.0310555,0.0387196,-0.0481863,0,0,0
1780640010754335,10.681,-0.0507012,-0.0579504,-4.89679,0,0,-5,-0.0507012,-0.0579504,0.10321,0.128768,0.0318077,0.0390613,-0.0486032,0,0,0
1780640010770335,10.697,-0.0503618,-0.0577649,-4.89749,0,0,-5,-0.0503618,-0.0577649,0.102509,0.127989,0.0309863,0.0391285,-0.0491099,0,0,0
1780640010794335,10.721,-0.0498303,-0.0574479,-4.89856,0,0,-5,-0.0498303,-0.0574479,0.10144,0.126781,0.0316612,0.0391724,-0.0489319,0,0,0
1780640010818335,10.745,-0.0492575,-0.0570717,-4.8996,0,0,-5,-0.0492575,-0.0570717,0.100403,0.125556,0.0320965,0.0395539,-0.0482208,0,0,0
1780640010834335,10.761,-0.0488601,-0.056787,-4.90033,0,0,-5,-0.0488601,-0.056787,0.0996704,0.124685,0.0328805,0.0405107,-0.0491472,0,0,0
1780640010858335,10.785,-0.0482194,-0.0563088,-4.9014,0,0,-5,-0.0482194,-0.0563088,0.0986023,0.123362,0.0338729,0.0409255,-0.0490871,0,0,0
1780640010874335,10.801,-0.0477755,-0.0559591,-4.90213,0,0,-5,-0.0477755,-0.0559591,0.0978699,0.122444,0.0336034,0.0414798,-0.0474368,0,0,0
1780640010898335,10.825,-0.0471042,-0.0554183,-4.90314,0,0,-5,-0.0471042,-0.0554183,0.0968628,0.12113,0.0333665,0.0396584,-0.0457566,0,0,0
1780640010914335,10.841,-0.046649,-0.0550491,-4.90384,0,0,-5,-0.046649,-0.0550491,0.0961609,0.120222,0.0332345,0.0395083,-0.0464287,0,0,0
1780640010938335,10.865,-0.045954,-0.0544689,-4.90491,0,0,-5,-0.045954,-0.0544689,0.0950928,0.118833,0.0331158,0.0402869,-0.0471305,0,0,0
1780640010954335,10.881,-0.0454864,-0.0540513,-4.90564,0,0,-5,-0.0454864,-0.0540513,0.0943604,0.117875,0.032346,0.0410716,-0.0479476,0,0,0
1780640010970335,10.897,-0.0453181,-0.0539072,-4.90628,0,0,-5,-0.0453181,-0.0539072,0.0937195,0.117231,0.0322224,0.0426401,-0.0481456,0,0,0
1780640010994335,10.921,-0.0454284,-0.0540752,-4.90707,0,0,-5,-0.0454284,-0.0540752,0.092926,0.116718,0.0340877,0.0421163,-0.0467477,0,0,0
1780640011018335,10.945,-0.0454678,-0.0541748,-4.90787,0,0,-5,-0.0454678,-0.0541748,0.0921326,0.116149,0.0317914,0.0423331,-0.0455837,0,0,0
1780640011034335,10.961,-0.0454932,-0.054185,-4.90839,0,0,-5,-0.0454932,-0.054185,0.0916138,0.115753,0.0299876,0.0422649,-0.0453244,0,0,0
1780640011058335,10.985,-0.0454985,-0.0541595,-4.90921,0,0,-5,-0.0454985,-0.0541595,0.0907898,0.115092,0.0299312,0.0398199,-0.0459827,0,0,0
1780640011074335,11.001,-0.0454683,-0.054129,-4.90976,0,0,-5,-0.0454683,-0.054129,0.0902405,0.114633,0.030528,0.0395965,-0.0447122,0,0,0
1780640011098335,11.025,-0.0453685,-0.054025,-4.91058,0,0,-5,-0.0453685,-0.054025,0.0894165,0.113896,0.0303221,0.0391789,-0.0457994,0,0,0
1780640011114335,11.041,-0.0452775,-0.0539158,-4.91116,0,0,-5,-0.0452775,-0.0539158,0.0888367,0.113353,0.0297855,0.0406645,-0.0449014,0,0,0
1780640011138335,11.065,-0.0451331,-0.0536813,-4.91202,0,0,-5,-0.0451331,-0.0536813,0.0879822,0.112515,0.0284294,0.0410435,-0.044805,0,0,0
1780640011154335,11.081,-0.045019,-0.0534834,-4.9126,0,0,-5,-0.045019,-0.0534834,0.0874023,0.111921,0.0280277,0.0421088,-0.0448297,0,0,0
1780640011178335,11.105,-0.0448272,-0.0531118,-4.91354,0,0,-5,-0.0448272,-0.0531118,0.0864563,0.110928,0.0277696,0.0427613,-0.0457914,0,0,0
1780640011194335,11.121,-0.044679,-0.0528398,-4.91415,0,0,-5,-0.044679,-0.0528398,0.0858459,0.110262,0.0279034,0.0425196,-0.045689,0,0,0
1780640011218335,11.145,-0.0444074,-0.0523887,-4.9151,0,0,-5,-0.0444074,-0.0523887,0.0848999,0.1092,0.0287363,0.043156,-0.0457591,0,0,0
1780640011234335,11.161,-0.0441968,-0.0520456,-4.91574,0,0,-5,-0.0441968,-0.0520456,0.084259,0.108451,0.0293708,0.0433892,-0.0454366,0,0,0
1780640011258335,11.185,-0.0438242,-0.0515004,-4.91669,0,0,-5,-0.0438242,-0.0515004,0.083313,0.107303,0.0307598,0.043415,-0.0446717,0,0,0
1780640011274335,11.201,-0.043542,-0.0511144,-4.91733,0,0,-5,-0.043542,-0.0511144,0.0826721,0.106505,0.0319679,0.0432301,-0.0444814,0,0,0
1780640011298335,11.225,-0.0430675,-0.0504925,-4.9183,0,0,-5,-0.0430675,-0.0504925,0.0816956,0.105254,0.0324336,0.0440377,-0.04414,0,0,0
1780640011314335,11.241,-0.0427321,-0.050048,-4.91898,0,0,-5,-0.0427321,-0.050048,0.0810242,0.104383,0.0324225,0.0446859,-0.0447063,0,0,0
1780640011338335,11.265,-0.0422119,-0.0493355,-4.91998,0,0,-5,-0.0422119,-0.0493355,0.0800171,0.103046,0.0319465,0.0448777,-0.0448116,0,0,0
1780640011354335,11.281,-0.0418517,-0.0488459,-4.92065,0,0,-5,-0.0418517,-0.0488459,0.0793457,0.102143,0.0325853,0.0450963,-0.0448541,0,0,0
1780640011378335,11.305,-0.0415727,-0.0489191,-4.9216,0,0,-5,-0.0415727,-0.0489191,0.0783997,0.101331,0.0334675,0.0455113,-0.0427495,0,0,0
1780640011394437,11.3211,-0.0414612,-0.0492038,-4.92218,0,0,-5,-0.0414612,-0.0492038,0.0778198,0.100975,0.0334598,0.0452629,-0.041123,0,0,0
1780640011418437,11.3451,-0.0412394,-0.0495421,-4.9231,0,0,-5,-0.0412394,-0.0495421,0.0769043,0.100346,0.0345087,0.0448286,-0.0400935,0,0,0
1780640011434437,11.3611,-0.0410478,-0.0497271,-4.92374,0,0,-5,-0.0410478,-0.0497271,0.0762634,0.099869,0.0351809,0.0430265,-0.0408612,0,0,0
1780640011458437,11.3851,-0.0407077,-0.0499441,-4.92471,0,0,-5,-0.0407077,-0.0499441,0.0752869,0.0990941,0.035684,0.043008,-0.0428898,0,0,0
1780640011474437,11.4011,-0.0404532,-0.0500401,-4.92535,0,0,-5,-0.0404532,-0.0500401,0.074646,0.098552,0.0355957,0.0426069,-0.0421284,0,0,0
1780640011498437,11.4251,-0.0400502,-0.0501257,-4.92633,0,0,-5,-0.0400502,-0.0501257,0.0736694,0.0976923,0.034063,0.0415543,-0.0407323,0,0,0
1780640011514437,11.4411,-0.0397872,-0.0501479,-4.92697,0,0,-5,-0.0397872,-0.0501479,0.0730286,0.0971134,0.0332741,0.0413012,-0.0410559,0,0,0
1780640011538437,11.4651,-0.039367,-0.0501304,-4.92798,0,0,-5,-0.039367,-0.0501304,0.0720215,0.0961765,0.0335703,0.0408701,-0.0415882,0,0,0
1780640011554437,11.4811,-0.0390534,-0.050077,-4.92862,0,0,-5,-0.0390534,-0.050077,0.0713806,0.0955409,0.0349263,0.0413949,-0.0413549,0,0,0
1780640011578437,11.5051,-0.03854,-0.049942,-4.9296,0,0,-5,-0.03854,-0.049942,0.0704041,0.0945318,0.0343417,0.0404911,-0.0391935,0,0,0
1780640011594437,11.5211,-0.0381914,-0.0498279,-4.93024,0,0,-5,-0.0381914,-0.0498279,0.0697632,0.0938526,0.0341026,0.0402017,-0.039554,0,0,0
1780640011618437,11.5451,-0.0376475,-0.0496147,-4.93118,0,0,-5,-0.0376475,-0.0496147,0.0688171,0.0928157,0.0336441,0.0405822,-0.0398282,0,0,0
1780640011634437,11.5611,-0.0372675,-0.0494306,-4.93185,0,0,-5,-0.0372675,-0.0494306,0.0681458,0.0920657,0.0347014,0.0401602,-0.0388282,0,0,0
1780640011658437,11.5851,-0.0366529,-0.0491207,-4.9328,0,0,-5,-0.0366529,-0.0491207,0.0671997,0.090951,0.0353287,0.0400971,-0.0375718,0,0,0
1780640011674437,11.6011,-0.0362281,-0.0488884,-4.93344,0,0,-5,-0.0362281,-0.0488884,0.0665588,0.0901811,0.0343586,0.0399791,-0.0368047,0,0,0
1780640011698437,11.6251,-0.0355977,-0.04852,-4.93439,0,0,-5,-0.0355977,-0.04852,0.0656128,0.0890305,0.0337281,0.0385284,-0.0372277,0,0,0
1780640011714437,11.6411,-0.0351759,-0.0482559,-4.935,0,0,-5,-0.0351759,-0.0482559,0.0650024,0.0882683,0.0336699,0.0390494,-0.0368787,0,0,0
1780640011738437,11.6651,-0.0345161,-0.0477964,-4.93594,0,0,-5,-0.0345161,-0.0477964,0.0640564,0.0870579,0.0338562,0.0401551,-0.0364656,0,0,0
1780640011754437,11.6811,-0.0340565,-0.0474435,-4.93655,0,0,-5,-0.0340565,-0.0474435,0.063446,0.086233,0.0345991,0.0417974,-0.0364766,0,0,0
1780640011778437,11.7051,-0.0337596,-0.0476699,-4.93753,0,0,-5,-0.0337596,-0.0476699,0.0624695,0.0855253,0.0330722,0.0413739,-0.0350047,0,0,0
1780640011794437,11.7211,-0.033689,-0.0480419,-4.93823,0,0,-5,-0.033689,-0.0480419,0.0617676,0.0851951,0.0323377,0.0407455,-0.0348889,0,0,0
1780640011818437,11.7451,-0.0335493,-0.0484876,-4.93921,0,0,-5,-0.0335493,-0.0484876,0.060791,0.0846885,0.032436,0.041857,-0.0333199,0,0,0
1780640011834437,11.7611,-0.0334216,-0.0487087,-4.93982,0,0,-5,-0.0334216,-0.0487087,0.0601807,0.0843283,0.0323228,0.0425536,-0.033143,0,0,0
1780640011858437,11.7851,-0.0332022,-0.0489531,-4.9408,0,0,-5,-0.0332022,-0.0489531,0.0592041,0.0836894,0.0314229,0.0419493,-0.0338308,0,0,0
1780640011874437,11.8011,-0.0330413,-0.0490752,-4.94144,0,0,-5,-0.0330413,-0.0490752,0.0585632,0.0832452,0.0309038,0.0415208,-0.0321678,0,0,0
1780640011898437,11.8251,-0.0327941,-0.0491829,-4.94232,0,0,-5,-0.0327941,-0.0491829,0.0576782,0.0825905,0.0295073,0.0410642,-0.0302679,0,0,0
1780640011914437,11.8411,-0.0326139,-0.0492207,-4.9429,0,0,-5,-0.0326139,-0.0492207,0.0570984,0.0821375,0.0295969,0.0405533,-0.0303545,0,0,0
1780640011938437,11.8651,-0.0323066,-0.0492184,-4.94376,0,0,-5,-0.0323066,-0.0492184,0.0562439,0.081422,0.0293693,0.0411503,-0.0302336,0,0,0
1780640011954437,11.8811,-0.0320918,-0.049159,-4.94434,0,0,-5,-0.0320918,-0.049159,0.0556641,0.080901,0.028868,0.0420603,-0.0312034,0,0,0
1780640011978437,11.9051,-0.0317483,-0.049001,-4.94522,0,0,-5,-0.0317483,-0.049001,0.0547791,0.0800612,0.0283211,0.042643,-0.0303163,0,0,0
1780640011994437,11.9211,-0.0315081,-0.0488489,-4.94577,0,0,-5,-0.0315081,-0.0488489,0.0542297,0.0794974,0.0286198,0.0426901,-0.0292833,0,0,0
1780640012018437,11.9451,-0.0311278,-0.0485647,-4.94656,0,0,-5,-0.0311278,-0.0485647,0.0534363,0.0786315,0.0282723,0.0431461,-0.0275753,0,0,0
1780640012034437,11.9611,-0.0308572,-0.0483388,-4.94708,0,0,-5,-0.0308572,-0.0483388,0.0529175,0.0780325,0.0280422,0.0428792,-0.0272475,0,0,0
1780640012058437,11.9851,-0.0304612,-0.0479779,-4.94785,0,0,-5,-0.0304612,-0.0479779,0.0521545,0.0771353,0.0256031,0.040969,-0.027974,0,0,0
1780640012074437,12.0011,-0.0302112,-0.0477341,-4.94836,0,0,-5,-0.0302112,-0.0477341,0.0516357,0.0765343,0.0249497,0.0397413,-0.0276331,0,0,0
1780640012098437,12.0251,-0.029846,-0.04736,-4.9491,0,0,-5,-0.029846,-0.04736,0.0509033,0.0756631,0.0231159,0.0387835,-0.0284199,0,0,0
1780640012114437,12.0411,-0.0296071,-0.0470858,-4.94962,0,0,-5,-0.0296071,-0.0470858,0.0503845,0.0750483,0.0228748,0.0390707,-0.0286198,0,0,0
1780640012130437,12.0571,-0.0293499,-0.0467833,-4.95013,0,0,-5,-0.0293499,-0.0467833,0.0498657,0.0744089,0.0234736,0.0392442,-0.0299116,0,0,0
1780640012154437,12.0811,-0.0289626,-0.0463031,-4.95093,0,0,-5,-0.0289626,-0.0463031,0.0490723,0.0734228,0.0220212,0.0388442,-0.0286078,0,0,0
1780640012170437,12.0971,-0.0289324,-0.0466087,-4.95142,0,0,-5,-0.0289324,-0.0466087,0.048584,0.0732793,0.0215131,0.0391631,-0.0289636,0,0,0
1780640012194437,12.1211,-0.0291837,-0.0479363,-4.95215,0,0,-5,-0.0291837,-0.0479363,0.0478516,0.0737519,0.0211455,0.0382117,-0.0283587,0,0,0
1780640012218437,12.1451,-0.0293833,-0.049094,-4.95285,0,0,-5,-0.0293833,-0.049094,0.0471497,0.0741396,0.0211319,0.0381334,-0.0261058,0,0,0
1780640012234437,12.1611,-0.0294845,-0.0497846,-4.95328,0,0,-5,-0.0294845,-0.0497846,0.0467224,0.0743695,0.0208701,0.0377135,-0.024515,0,0,0
1780640012258437,12.1851,-0.0295742,-0.0507264,-4.95389,0,0,-5,-0.0295742,-0.0507264,0.0461121,0.07466,0.0220213,0.0363549,-0.0225281,0,0,0
1780640012274437,12.2011,-0.029603,-0.0512887,-4.95425,0,0,-5,-0.029603,-0.0512887,0.0457458,0.0748302,0.0222516,0.0366852,-0.0210238,0,0,0
1780640012298437,12.2251,-0.029595,-0.0520176,-4.9548,0,0,-5,-0.029595,-0.0520176,0.0451965,0.0749961,0.0223738,0.0361922,-0.0191433,0,0,0
1780640012314437,12.2411,-0.0295701,-0.0524442,-4.95514,0,0,-5,-0.0295701,-0.0524442,0.0448608,0.0750818,0.0215951,0.0362079,-0.019137,0,0,0
1780640012338437,12.2651,-0.0295093,-0.0530084,-4.95563,0,0,-5,-0.0295093,-0.0530084,0.0443726,0.0751639,0.0202721,0.0350263,-0.0192035,0,0,0
1780640012354437,12.2811,-0.029463,-0.053341,-4.95599,0,0,-5,-0.029463,-0.053341,0.0440063,0.0751658,0.0208552,0.0348665,-0.0186974,0,0,0
1780640012370437,12.2971,-0.0293986,-0.053608,-4.95636,0,0,-5,-0.0293986,-0.053608,0.0436401,0.0751169,0.0201618,0.036472,-0.0185776,0,0,0
1780640012394437,12.3211,-0.0292869,-0.053907,-4.95691,0,0,-5,-0.0292869,-0.053907,0.0430908,0.07497,0.0204809,0.0374286,-0.0197243,0,0,0
1780640012418540,12.3452,-0.0291335,-0.0540902,-4.95743,0,0,-5,-0.0291335,-0.0540902,0.042572,0.0747455,0.0208183,0.0386023,-0.0199071,0,0,0
1780640012434540,12.3612,-0.029015,-0.0541542,-4.95779,0,0,-5,-0.029015,-0.0541542,0.0422058,0.0745377,0.0199283,0.0387109,-0.0196901,0,0,0
1780640012458540,12.3852,-0.0288253,-0.0541721,-4.95834,0,0,-5,-0.0288253,-0.0541721,0.0416565,0.0741673,0.0197496,0.0391867,-0.0206952,0,0,0
1780640012474540,12.4012,-0.0286799,-0.0541402,-4.95874,0,0,-5,-0.0286799,-0.0541402,0.0412598,0.0738652,0.0202523,0.038797,-0.0218856,0,0,0
1780640012498540,12.4252,-0.0284356,-0.0540422,-4.95929,0,0,-5,-0.0284356,-0.0540422,0.0407104,0.0733927,0.0204811,0.0380813,-0.0200887,0,0,0
1780640012514540,12.4412,-0.0282597,-0.0539423,-4.95963,0,0,-5,-0.0282597,-0.0539423,0.0403748,0.0730651,0.0200401,0.0391254,-0.0199698,0,0,0
1780640012538540,12.4652,-0.0279766,-0.0537334,-4.96017,0,0,-5,-0.0279766,-0.0537334,0.0398254,0.0724985,0.0206623,0.0383368,-0.0214087,0,0,0
1780640012554540,12.4812,-0.0277677,-0.0535619,-4.96054,0,0,-5,-0.0277677,-0.0535619,0.0394592,0.0720899,0.0208434,0.0383892,-0.0211941,0,0,0
1780640012570540,12.4972,-0.027573,-0.0538696,-4.96078,0,0,-5,-0.027573,-0.0538696,0.0392151,0.0721112,0.0209486,0.0381,-0.0208068,0,0,0
1780640012594540,12.5212,-0.0272874,-0.0549616,-4.961,0,0,-5,-0.0272874,-0.0549616,0.0390015,0.0727083,0.0217747,0.0370008,-0.0218526,0,0,0
1780640012618540,12.5452,-0.0269692,-0.0559408,-4.96127,0,0,-5,-0.0269692,-0.0559408,0.0387268,0.073188,0.021687,0.0359997,-0.0226146,0,0,0
1780640012634540,12.5612,-0.0267546,-0.056529,-4.96146,0,0,-5,-0.0267546,-0.056529,0.0385437,0.073464,0.0207374,0.0341779,-0.0225196,0,0,0
1780640012658540,12.5852,-0.0264417,-0.0573437,-4.96173,0,0,-5,-0.0264417,-0.0573437,0.038269,0.0738375,0.0192304,0.0333333,-0.0212348,0,0,0
1780640012674540,12.6012,-0.0262345,-0.0578268,-4.96191,0,0,-5,-0.0262345,-0.0578268,0.0380859,0.0740454,0.0193225,0.0325702,-0.0202757,0,0,0
1780640012698540,12.6252,-0.0259007,-0.0584465,-4.96219,0,0,-5,-0.0259007,-0.0584465,0.0378113,0.0742734,0.0192901,0.0331854,-0.0202603,0,0,0
1780640012714540,12.6412,-0.0256804,-0.0588066,-4.9624,0,0,-5,-0.0256804,-0.0588066,0.0375977,0.0743726,0.0182867,0.0323576,-0.0204156,0,0,0
1780640012738540,12.6652,-0.0253632,-0.0592777,-4.96271,0,0,-5,-0.0253632,-0.0592777,0.0372925,0.074484,0.0169144,0.0323425,-0.0200481,0,0,0
1780640012754540,12.6812,-0.0251583,-0.0595258,-4.96292,0,0,-5,-0.0251583,-0.0595258,0.0370789,0.0745058,0.016782,0.0334787,-0.0197325,0,0,0
1780640012778540,12.7052,-0.0248182,-0.0597938,-4.9632,0,0,-5,-0.0248182,-0.0597938,0.0368042,0.0744701,0.0180269,0.034225,-0.0181665,0,0,0
1780640012794540,12.7212,-0.0245745,-0.0599199,-4.96341,0,0,-5,-0.0245745,-0.0599199,0.0365906,0.0743853,0.0184846,0.0343823,-0.0177093,0,0,0
1780640012818540,12.7452,-0.0241925,-0.0600444,-4.96368,0,0,-5,-0.0241925,-0.0600444,0.0363159,0.0742256,0.0187014,0.0341934,-0.0174393,0,0,0
1780640012834540,12.7612,-0.0239296,-0.0600885,-4.96387,0,0,-5,-0.0239296,-0.0600885,0.0361328,0.0740867,0.0185335,0.0337198,-0.0169302,0,0,0
1780640012858540,12.7852,-0.0235281,-0.0600847,-4.96417,0,0,-5,-0.0235281,-0.0600847,0.0358276,0.0738063,0.0185425,0.0361297,-0.0181587,0,0,0
1780640012874540,12.8012,-0.0232493,-0.0600063,-4.96439,0,0,-5,-0.0232493,-0.0600063,0.035614,0.0735503,0.0193889,0.0370536,-0.0184641,0,0,0
1780640012898540,12.8252,-0.022808,-0.0598306,-4.96472,0,0,-5,-0.022808,-0.0598306,0.0352783,0.0731058,0.0196856,0.0371325,-0.0175295,0,0,0
1780640012914540,12.8412,-0.0225124,-0.0596561,-4.96497,0,0,-5,-0.0225124,-0.0596561,0.0350342,0.0727534,0.0187679,0.0396814,-0.0187425,0,0,0
1780640012938540,12.8652,-0.0220513,-0.0593056,-4.9653,0,0,-5,-0.0220513,-0.0593056,0.0346985,0.0721623,0.0200812,0.0397089,-0.0179472,0,0,0
1780640012954540,12.8812,-0.0217295,-0.0590413,-4.96555,0,0,-5,-0.0217295,-0.0590413,0.0344543,0.0717297,0.0196856,0.0405249,-0.0177026,0,0,0
1780640012978540,12.9052,-0.0212825,-0.0597278,-4.96579,0,0,-5,-0.0212825,-0.0597278,0.0342102,0.0720465,0.0189057,0.0390022,-0.0171596,0,0,0
1780640012994540,12.9212,-0.0209698,-0.0605028,-4.96591,0,0,-5,-0.0209698,-0.0605028,0.0340881,0.0725419,0.0198349,0.0383037,-0.0162174,0,0,0
1780640013010540,12.9372,-0.0206503,-0.0612114,-4.96606,0,0,-5,-0.0206503,-0.0612114,0.0339355,0.0729718,0.0198119,0.0379239,-0.0168433,0,0,0
1780640013034540,12.9612,-0.0201658,-0.0621471,-4.96631,0,0,-5,-0.0201658,-0.0621471,0.0336914,0.0735121,0.0195037,0.0386188,-0.0173665,0,0,0
1780640013058540,12.9852,-0.0197146,-0.0629176,-4.96658,0,0,-5,-0.0197146,-0.0629176,0.0334167,0.0739187,0.0176679,0.0386976,-0.0172863,0,0,0
1780640013074540,13.0012,-0.01941,-0.063356,-4.96677,0,0,-5,-0.01941,-0.063356,0.0332336,0.0741297,0.0184417,0.0394547,-0.0169832,0,0,0
1780640013098540,13.0252,-0.0189596,-0.0638817,-4.96707,0,0,-5,-0.0189596,-0.0638817,0.0329285,0.0743278,0.0180686,0.0411359,-0.017209,0,0,0
1780640013114540,13.0412,-0.0186556,-0.0641606,-4.96729,0,0,-5,-0.0186556,-0.0641606,0.0327148,0.0743967,0.0175303,0.0403151,-0.0172903,0,0,0
1780640013138540,13.0652,-0.0182296,-0.0644981,-4.96762,0,0,-5,-0.0182296,-0.0644981,0.0323792,0.0744361,0.0165298,0.0404198,-0.0173379,0,0,0
1780640013154540,13.0812,-0.0179398,-0.0646656,-4.96783,0,0,-5,-0.0179398,-0.0646656,0.0321655,0.0744183,0.0163081,0.0410211,-0.0175251,0,0,0
1780640013178540,13.1052,-0.0175277,-0.0648228,-4.96817,0,0,-5,-0.0175277,-0.0648228,0.0318298,0.0743126,0.0153541,0.0411551,-0.0177453,0,0,0
1780640013194540,13.1212,-0.0172425,-0.0648745,-4.96838,0,0,-5,-0.0172425,-0.0648745,0.0316162,0.0741996,0.0172065,0.0413594,-0.0174785,0,0,0
1780640013218540,13.1452,-0.0167852,-0.0648885,-4.96875,0,0,-5,-0.0167852,-0.0648885,0.03125,0.0739515,0.0177543,0.0400523,-0.0166457,0,0,0
1780640013234540,13.1612,-0.0164788,-0.0648668,-4.96896,0,0,-5,-0.0164788,-0.0648668,0.0310364,0.0737734,0.0168358,0.0396794,-0.0169663,0,0,0
1780640013258540,13.1852,-0.0160137,-0.0647538,-4.9693,0,0,-5,-0.0160137,-0.0647538,0.0307007,0.0734304,0.0176227,0.0415249,-0.0174379,0,0,0
1780640013274540,13.2012,-0.0156966,-0.0646163,-4.96954,0,0,-5,-0.0156966,-0.0646163,0.0304565,0.0731386,0.017925,0.0425386,-0.0167817,0,0,0
1780640013298540,13.2252,-0.0152156,-0.0643323,-4.96991,0,0,-5,-0.0152156,-0.0643323,0.0300903,0.0726332,0.0177186,0.0435246,-0.0151967,0,0,0
1780640013314540,13.2412,-0.0149098,-0.064087,-4.97012,0,0,-5,-0.0149098,-0.064087,0.0298767,0.0722638,0.0166519,0.04447,-0.0140289,0,0,0
1780640013338540,13.2652,-0.0144599,-0.0636381,-4.97049,0,0,-5,-0.0144599,-0.0636381,0.0295105,0.0716224,0.0158081,0.0458131,-0.0146752,0,0,0
1780640013354540,13.2812,-0.0141745,-0.0633019,-4.97073,0,0,-5,-0.0141745,-0.0633019,0.0292664,0.0711658,0.0155853,0.0451806,-0.0137861,0,0,0
1780640013370540,13.2972,-0.0139591,-0.0634812,-4.97089,0,0,-5,-0.0139591,-0.0634812,0.0291138,0.0712203,0.0156027,0.046303,-0.0139745,0,0,0
1780640013394540,13.3212,-0.0137599,-0.0644142,-4.97113,0,0,-5,-0.0137599,-0.0644142,0.0288696,0.0719165,0.0145677,0.046458,-0.0144245,0,0,0
1780640013418540,13.3452,-0.0135676,-0.0652001,-4.97137,0,0,-5,-0.0135676,-0.0652001,0.0286255,0.0724883,0.0130406,0.0454502,-0.014991,0,0,0
1780640013434645,13.3613,-0.0134362,-0.0656546,-4.97156,0,0,-5,-0.0134362,-0.0656546,0.0284424,0.0728013,0.0143208,0.0446828,-0.0154705,0,0,0
1780640013458645,13.3853,-0.0132055,-0.0662447,-4.97183,0,0,-5,-0.0132055,-0.0662447,0.0281677,0.0731859,0.014174,0.0443596,-0.0149376,0,0,0
1780640013474645,13.4013,-0.0130489,-0.0665539,-4.97202,0,0,-5,-0.0130489,-0.0665539,0.0279846,0.0733678,0.0144344,0.0452869,-0.0146202,0,0,0
1780640013498645,13.4253,-0.0128116,-0.0668925,-4.97229,0,0,-5,-0.0128116,-0.0668925,0.02771,0.0735295,0.0135368,0.046406,-0.0143085,0,0,0
1780640013514645,13.4413,-0.0126552,-0.0670485,-4.97247,0,0,-5,-0.0126552,-0.0670485,0.0275269,0.0735757,0.0132886,0.0462266,-0.0151895,0,0,0
1780640013538645,13.4653,-0.0124046,-0.0671994,-4.97278,0,0,-5,-0.0124046,-0.0671994,0.0272217,0.0735572,0.0146595,0.0460182,-0.014042,0,0,0
1780640013554645,13.4813,-0.0122167,-0.0672501,-4.97299,0,0,-5,-0.0122167,-0.0672501,0.0270081,0.0734933,0.0148902,0.045815,-0.0150031,0,0,0
1780640013570645,13.4973,-0.0120255,-0.067248,-4.97318,0,0,-5,-0.0120255,-0.067248,0.026825,0.0733927,0.0149655,0.0470003,-0.0154736,0,0,0
1780640013594645,13.5213,-0.0117323,-0.0671672,-4.97354,0,0,-5,-0.0117323,-0.0671672,0.0264587,0.0731378,0.0148471,0.0460356,-0.0165049,0,0,0
1780640013618645,13.5453,-0.0114259,-0.0670073,-4.97388,0,0,-5,-0.0114259,-0.0670073,0.026123,0.0728213,0.0148302,0.0471585,-0.0152694,0,0,0
1780640013634645,13.5613,-0.0112229,-0.0668319,-4.97409,0,0,-5,-0.0112229,-0.0668319,0.0259094,0.0725517,0.0144528,0.048198,-0.0149005,0,0,0
1780640013658645,13.5853,-0.0109333,-0.06651,-4.97443,0,0,-5,-0.0109333,-0.06651,0.0255737,0.0720911,0.0132494,0.0462792,-0.0162917,0,0,0
1780640013674645,13.6013,-0.0107449,-0.0662753,-4.97467,0,0,-5,-0.0107449,-0.0662753,0.0253296,0.0717597,0.0129875,0.0459559,-0.0164062,0,0,0
1780640013698645,13.6253,-0.0104588,-0.0658893,-4.97504,0,0,-5,-0.0104588,-0.0658893,0.0249634,0.0712317,0.0132391,0.0453312,-0.0164011,0,0,0
1780640013714645,13.6413,-0.0102661,-0.0656074,-4.97531,0,0,-5,-0.0102661,-0.0656074,0.0246887,0.0708468,0.0131749,0.0444143,-0.0178164,0,0,0
1780640013738645,13.6653,-0.00996687,-0.065132,-4.97574,0,0,-5,-0.00996687,-0.065132,0.0242615,0.0702149,0.0137493,0.0459665,-0.0190454,0,0,0
1780640013754645,13.6813,-0.00973958,-0.0647606,-4.97601,0,0,-5,-0.00973958,-0.0647606,0.0239868,0.0697435,0.0160441,0.0466022,-0.0181944,0,0,0
1780640013778645,13.7053,-0.00964099,-0.0652163,-4.97629,0,0,-5,-0.00964099,-0.0652163,0.0237122,0.0700598,0.0172263,0.0464673,-0.017356,0,0,0
1780640013794645,13.7213,-0.00965128,-0.0657965,-4.97641,0,0,-5,-0.00965128,-0.0657965,0.0235901,0.0705607,0.0164341,0.046677,-0.0161867,0,0,0
1780640013818645,13.7453,-0.0096812,-0.066515,-4.97659,0,0,-5,-0.0096812,-0.066515,0.023407,0.0711748,0.0142506,0.0476291,-0.0146395,0,0,0
1780640013834645,13.7613,-0.00970546,-0.0669066,-4.97672,0,0,-5,-0.00970546,-0.0669066,0.0232849,0.0715044,0.0132982,0.0477141,-0.0143404,0,0,0
1780640013858645,13.7853,-0.00973219,-0.0673744,-4.97693,0,0,-5,-0.00973219,-0.0673744,0.0230713,0.0718771,0.0130963,0.0479462,-0.0136713,0,0,0
1780640013874645,13.8013,-0.00973886,-0.0676075,-4.97705,0,0,-5,-0.00973886,-0.0676075,0.0229492,0.0720575,0.013367,0.0480746,-0.0131758,0,0,0
1780640013898645,13.8253,-0.00969998,-0.0678732,-4.97723,0,0,-5,-0.00969998,-0.0678732,0.0227661,0.0722437,0.0152712,0.046899,-0.0118122,0,0,0
1780640013914645,13.8413,-0.00964652,-0.0680097,-4.97736,0,0,-5,-0.00964652,-0.0680097,0.022644,0.0723265,0.014329,0.0457038,-0.0112157,0,0,0
1780640013938645,13.8653,-0.00956294,-0.0681522,-4.97751,0,0,-5,-0.00956294,-0.0681522,0.0224915,0.0724019,0.0141189,0.0452432,-0.0110817,0,0,0
1780640013954645,13.8813,-0.00949843,-0.0681861,-4.97766,0,0,-5,-0.00949843,-0.0681861,0.0223389,0.0723781,0.0141841,0.0457173,-0.012359,0,0,0
1780640013978645,13.9053,-0.00938115,-0.0681461,-4.97787,0,0,-5,-0.00938115,-0.0681461,0.0221252,0.0722594,0.0138957,0.0454164,-0.0123727,0,0,0
1780640013994645,13.9213,-0.009302,-0.0680766,-4.97803,0,0,-5,-0.009302,-0.0680766,0.0219727,0.072137,0.0135773,0.0454853,-0.0119816,0,0,0
1780640014018645,13.9453,-0.00917464,-0.0678985,-4.97821,0,0,-5,-0.00917464,-0.0678985,0.0217896,0.0718969,0.01353,0.0456254,-0.0110935,0,0,0
1780640014034645,13.9613,-0.00907437,-0.0677373,-4.97836,0,0,-5,-0.00907437,-0.0677373,0.021637,0.0716857,0.0136747,0.0454609,-0.0119896,0,0,0
1780640014058645,13.9853,-0.00894877,-0.0674302,-4.97858,0,0,-5,-0.00894877,-0.0674302,0.0214233,0.0713153,0.0111356,0.0456879,-0.0104007,0,0,0
1780640014074645,14.0013,-0.00888412,-0.0671817,-4.97867,0,0,-5,-0.00888412,-0.0671817,0.0213318,0.0710447,0.00965258,0.0459249,-0.00873765,0,0,0
1780640014098645,14.0253,-0.00880481,-0.0667251,-4.97882,0,0,-5,-0.00880481,-0.0667251,0.0211792,0.0705573,0.00847077,0.0480163,-0.0072774,0,0,0
1780640014114645,14.0413,-0.00875548,-0.0663669,-4.97891,0,0,-5,-0.00875548,-0.0663669,0.0210876,0.0701848,0.00943793,0.0482013,-0.00678367,0,0,0
1780640014138645,14.0653,-0.00862758,-0.0657716,-4.97906,0,0,-5,-0.00862758,-0.0657716,0.0209351,0.0695602,0.0104323,0.0490558,-0.0065031,0,0,0
1780640014154645,14.0813,-0.00853675,-0.0653265,-4.97919,0,0,-5,-0.00853675,-0.0653265,0.020813,0.0690913,0.0101083,0.0497258,-0.00746006,0,0,0
1780640014178645,14.1053,-0.0086606,-0.0661185,-4.97925,0,0,-5,-0.0086606,-0.0661185,0.020752,0.0698377,0.00924921,0.0499236,-0.00860843,0,0,0
1780640014194645,14.1213,-0.00880783,-0.0670457,-4.97925,0,0,-5,-0.00880783,-0.0670457,0.020752,0.0707343,0.0105959,0.0493212,-0.00801224,0,0,0
1780640014218645,14.1453,-0.00896842,-0.068257,-4.97925,0,0,-5,-0.00896842,-0.068257,0.020752,0.0719034,0.0110869,0.0505424,-0.00971536,0,0,0
1780640014234645,14.1613,-0.0090589,-0.0689313,-4.97931,0,0,-5,-0.0090589,-0.0689313,0.0206909,0.0725376,0.0106161,0.0521207,-0.0113418,0,0,0
1780640014258645,14.1853,-0.00915125,-0.0697986,-4.97943,0,0,-5,-0.00915125,-0.0697986,0.0205688,0.0733394,0.0123378,0.0510888,-0.0116801,0,0,0
1780640014274645,14.2013,-0.00918194,-0.0702999,-4.97952,0,0,-5,-0.00918194,-0.0702999,0.0204773,0.073795,0.0120795,0.0497151,-0.0117462,0,0,0
1780640014298645,14.2253,-0.00920442,-0.0709737,-4.97968,0,0,-5,-0.00920442,-0.0709737,0.0203247,0.0743981,0.0128203,0.0481809,-0.0115983,0,0,0
1780640014314645,14.2413,-0.00919187,-0.0713473,-4.97977,0,0,-5,-0.00919187,-0.0713473,0.0202332,0.0747283,0.0131944,0.0479362,-0.0117915,0,0,0
1780640014338645,14.2653,-0.00916369,-0.0717914,-4.97992,0,0,-5,-0.00916369,-0.0717914,0.0200806,0.0751079,0.012156,0.0495337,-0.012241,0,0,0
1780640014354645,14.2813,-0.00914467,-0.0719938,-4.98004,0,0,-5,-0.00914467,-0.0719938,0.0199585,0.0752667,0.0115999,0.0503175,-0.0117152,0,0,0
1780640014378645,14.3053,-0.00912109,-0.0721784,-4.98022,0,0,-5,-0.00912109,-0.0721784,0.0197754,0.0753922,0.0110304,0.0509694,-0.0122506,0,0,0
1780640014394645,14.3213,-0.00908597,-0.0722439,-4.98038,0,0,-5,-0.00908597,-0.0722439,0.0196228,0.0754108,0.011067,0.0496239,-0.0122669,0,0,0
1780640014418645,14.3453,-0.00900365,-0.0722812,-4.98059,0,0,-5,-0.00900365,-0.0722812,0.0194092,0.0753814,0.0130814,0.04936,-0.0133513,0,0,0
1780640014434754,14.3614,-0.00892143,-0.072246,-4.98077,0,0,-5,-0.00892143,-0.072246,0.0192261,0.0752909,0.0129352,0.0496907,-0.0132624,0,0,0
1780640014458754,14.3854,-0.00879781,-0.0720903,-4.98102,0,0,-5,-0.00879781,-0.0720903,0.0189819,0.0750648,0.0121943,0.050081,-0.012769,0,0,0
1780640014474754,14.4014,-0.00869674,-0.0719305,-4.9812,0,0,-5,-0.00869674,-0.0719305,0.0187988,0.0748534,0.0134029,0.0516927,-0.0118749,0,0,0
1780640014498754,14.4254,-0.00853492,-0.071577,-4.98145,0,0,-5,-0.00853492,-0.071577,0.0185547,0.0744338,0.0120936,0.0524297,-0.0100321,0,0,0
1780640014514754,14.4414,-0.00843295,-0.071308,-4.98157,0,0,-5,-0.00843295,-0.071308,0.0184326,0.074133,0.0113423,0.0519804,-0.00936094,0,0,0
1780640014538754,14.4654,-0.00827906,-0.0708276,-4.98178,0,0,-5,-0.00827906,-0.0708276,0.018219,0.0736005,0.0113804,0.0533343,-0.010447,0,0,0
1780640014554754,14.4814,-0.00817358,-0.0704553,-4.98193,0,0,-5,-0.00817358,-0.0704553,0.0180664,0.0731925,0.0110371,0.0532217,-0.0114438,0,0,0
1780640014578754,14.5054,-0.00862464,-0.0712343,-4.98184,0,0,-5,-0.00862464,-0.0712343,0.018158,0.0740163,0.0108261,0.0512442,-0.0110531,0,0,0
1780640014594754,14.5214,-0.00909792,-0.0721316,-4.98169,0,0,-5,-0.00909792,-0.0721316,0.0183105,0.0749734,0.0104608,0.050337,-0.0110639,0,0,0
1780640014618754,14.5454,-0.00974024,-0.0733178,-4.98148,0,0,-5,-0.00974024,-0.0733178,0.0185242,0.0762464,0.0107985,0.0506113,-0.0100664,0,0,0
1780640014634754,14.5614,-0.0101349,-0.0740104,-4.98135,0,0,-5,-0.0101349,-0.0740104,0.0186462,0.0769931,0.0108186,0.0493367,-0.0100983,0,0,0
1780640014658754,14.5854,-0.0106524,-0.0749148,-4.9812,0,0,-5,-0.0106524,-0.0749148,0.0187988,0.0779685,0.0119411,0.0494326,-0.00927134,0,0,0
1780640014674754,14.6014,-0.0109713,-0.0754264,-4.98108,0,0,-5,-0.0109713,-0.0754264,0.0189209,0.0785335,0.0101853,0.0494695,-0.00883439,0,0,0
1780640014698754,14.6254,-0.0114166,-0.076076,-4.98096,0,0,-5,-0.0114166,-0.076076,0.019043,0.0792498,0.0114109,0.0486947,-0.00996715,0,0,0
1780640014714754,14.6414,-0.0116658,-0.0764309,-4.98093,0,0,-5,-0.0116658,-0.0764309,0.0190735,0.079634,0.0117362,0.0493691,-0.0105752,0,0,0
1780640014738754,14.6654,-0.0120064,-0.076824,-4.98093,0,0,-5,-0.0120064,-0.076824,0.0190735,0.0800617,0.011277,0.0499699,-0.0113865,0,0,0
1780640014754754,14.6814,-0.0122087,-0.0770299,-4.98096,0,0,-5,-0.0122087,-0.0770299,0.019043,0.0802826,0.0111047,0.0481736,-0.011922,0,0,0
1780640014770754,14.6974,-0.0124063,-0.0772028,-4.98099,0,0,-5,-0.0124063,-0.0772028,0.0190125,0.0804715,0.0103089,0.0475425,-0.0124555,0,0,0
1780640014794754,14.7214,-0.0126997,-0.0773798,-4.98105,0,0,-5,-0.0126997,-0.0773798,0.0189514,0.0806726,0.00783644,0.0475636,-0.0127501,0,0,0
1780640014818754,14.7454,-0.0129911,-0.0774399,-4.98117,0,0,-5,-0.0129911,-0.0774399,0.0188293,0.0807481,0.00804241,0.0473606,-0.0140195,0,0,0
1780640014834754,14.7614,-0.013174,-0.0774255,-4.98126,0,0,-5,-0.013174,-0.0774255,0.0187378,0.0807426,0.00693376,0.0474232,-0.0133544,0,0,0
1780640014858754,14.7854,-0.0134263,-0.0773333,-4.98138,0,0,-5,-0.0134263,-0.0773333,0.0186157,0.0806675,0.00752882,0.0461556,-0.013384,0,0,0
1780640014874754,14.8014,-0.0135595,-0.07723,-4.98148,0,0,-5,-0.0135595,-0.07723,0.0185242,0.0805697,0.00842225,0.0470249,-0.0134716,0,0,0
1780640014898754,14.8254,-0.0137434,-0.0769937,-4.98166,0,0,-5,-0.0137434,-0.0769937,0.0183411,0.0803325,0.00731145,0.0473099,-0.0147113,0,0,0
1780640014914754,14.8414,-0.0138591,-0.0767784,-4.98178,0,0,-5,-0.0138591,-0.0767784,0.018219,0.0801182,0.0070228,0.0482262,-0.0144953,0,0,0
1780640014930754,14.8574,-0.0139701,-0.0765179,-4.98193,0,0,-5,-0.0139701,-0.0765179,0.0180664,0.0798533,0.00646977,0.0485228,-0.0149732,0,0,0
1780640014954754,14.8814,-0.0141337,-0.0760613,-4.98218,0,0,-5,-0.0141337,-0.0760613,0.0178223,0.0793897,0.0058518,0.0493401,-0.015651,0,0,0
1780640014970754,14.8974,-0.0144953,-0.0764844,-4.98224,0,0,-5,-0.0144953,-0.0764844,0.0177612,0.0798463,0.00575294,0.0492284,-0.0149789,0,0,0
1780640014994754,14.9214,-0.0153848,-0.0781407,-4.98215,0,0,-5,-0.0153848,-0.0781407,0.0178528,0.0816173,0.00547571,0.0479279,-0.0143849,0,0,0
1780640015018754,14.9454,-0.0162067,-0.0796001,-4.98212,0,0,-5,-0.0162067,-0.0796001,0.0178833,0.0831784,0.00435675,0.0480061,-0.0148018,0,0,0
1780640015034754,14.9614,-0.0167339,-0.0804469,-4.98212,0,0,-5,-0.0167339,-0.0804469,0.0178833,0.0840924,0.00402105,0.0488367,-0.0141769,0,0,0
1780640015050754,14.9774,-0.0172254,-0.0811986,-4.98212,0,0,-5,-0.0172254,-0.0811986,0.0178833,0.0849102,0.0042268,0.0481174,-0.0134158,0,0,0
1780640015074754,15.0014,-0.0178962,-0.0821867,-4.98212,0,0,-5,-0.0178962,-0.0821867,0.0178833,0.0859927,0.00522183,0.04852,-0.0130823,0,0,0
1780640015098754,15.0254,-0.0185036,-0.0830113,-4.98215,0,0,-5,-0.0185036,-0.0830113,0.0178528,0.0869022,0.00487064,0.0482543,-0.0122088,0,0,0
1780640015114754,15.0414,-0.0188829,-0.0834666,-4.98215,0,0,-5,-0.0188829,-0.0834666,0.0178528,0.0874183,0.00477204,0.0496608,-0.0101894,0,0,0
1780640015130754,15.0574,-0.0192268,-0.0838514,-4.98215,0,0,-5,-0.0192268,-0.0838514,0.0178528,0.0878604,0.00660348,0.04856,-0.00887399,0,0,0
1780640015154754,15.0814,-0.0196795,-0.0843361,-4.98209,0,0,-5,-0.0196795,-0.0843361,0.0179138,0.0884351,0.00654825,0.048128,-0.00785272,0,0,0
1780640015178754,15.1054,-0.0200894,-0.0846826,-4.98206,0,0,-5,-0.0200894,-0.0846826,0.0179443,0.0888635,0.00656864,0.0495721,-0.00790577,0,0,0
1780640015194754,15.1214,-0.0203423,-0.084819,-4.98206,0,0,-5,-0.0203423,-0.084819,0.0179443,0.089051,0.00610359,0.0501861,-0.00909238,0,0,0
1780640015218754,15.1454,-0.020674,-0.0848841,-4.98209,0,0,-5,-0.020674,-0.0848841,0.0179138,0.0891831,0.00723496,0.0531794,-0.00880724,0,0,0
1780640015234754,15.1614,-0.0208727,-0.0848458,-4.98212,0,0,-5,-0.0208727,-0.0848458,0.0178833,0.0891868,0.00706981,0.0530913,-0.00989302,0,0,0
1780640015250754,15.1774,-0.0210457,-0.0847406,-4.98218,0,0,-5,-0.0210457,-0.0847406,0.0178223,0.0891152,0.0077659,0.0555538,-0.0094826,0,0,0
1780640015274754,15.2014,-0.02126,-0.0844625,-4.98227,0,0,-5,-0.02126,-0.0844625,0.0177307,0.0888835,0.0087381,0.0565821,-0.0108307,0,0,0
1780640015298754,15.2254,-0.0214153,-0.0840344,-4.98239,0,0,-5,-0.0214153,-0.0840344,0.0176086,0.0884899,0.0103908,0.0595889,-0.011779,0,0,0
1780640015314754,15.2414,-0.0214824,-0.0836846,-4.98248,0,0,-5,-0.0214824,-0.0836846,0.0175171,0.0881559,0.0108916,0.0591636,-0.01108,0,0,0
1780640015338754,15.2654,-0.0215371,-0.0830944,-4.98267,0,0,-5,-0.0215371,-0.0830944,0.017334,0.0875728,0.0120093,0.0595364,-0.0121426,0,0,0
1780640015354754,15.2814,-0.0215446,-0.0826452,-4.98282,0,0,-5,-0.0215446,-0.0826452,0.0171814,0.0871183,0.0128668,0.0602804,-0.011498,0,0,0
1780640015378754,15.3054,-0.0218797,-0.0830758,-4.98273,0,0,-5,-0.0218797,-0.0830758,0.0172729,0.087628,0.0125562,0.0601515,-0.0106865,0,0,0
1780640015394754,15.3214,-0.0221984,-0.0836732,-4.98257,0,0,-5,-0.0221984,-0.0836732,0.0174255,0.0883042,0.0130486,0.0593618,-0.00976432,0,0,0
1780640015418754,15.3454,-0.0226045,-0.0844056,-4.98233,0,0,-5,-0.0226045,-0.0844056,0.0176697,0.0891486,0.0138411,0.0605069,-0.00967501,0,0,0
1780640015434869,15.3615,-0.0228318,-0.0847869,-4.98221,0,0,-5,-0.0228318,-0.0847869,0.0177917,0.0895916,0.014632,0.0601409,-0.00993995,0,0,0
1780640015458869,15.3855,-0.0231219,-0.0852389,-4.98206,0,0,-5,-0.0231219,-0.0852389,0.0179443,0.0901238,0.0146123,0.0593694,-0.0112998,0,0,0
1780640015474869,15.4015,-0.0232888,-0.0854593,-4.98196,0,0,-5,-0.0232888,-0.0854593,0.0180359,0.0903934,0.0142018,0.0592959,-0.0115358,0,0,0
1780640015498869,15.4255,-0.0235019,-0.0856833,-4.98187,0,0,-5,-0.0235019,-0.0856833,0.0181274,0.0906784,0.014689,0.059156,-0.0119382,0,0,0
1780640015514869,15.4415,-0.0236134,-0.0857442,-4.98184,0,0,-5,-0.0236134,-0.0857442,0.018158,0.090771,0.0153157,0.0601432,-0.0122558,0,0,0
1780640015538869,15.4655,-0.0237026,-0.0857021,-4.98178,0,0,-5,-0.0237026,-0.0857021,0.018219,0.0907668,0.0172923,0.0613033,-0.0116504,0,0,0
1780640015554869,15.4815,-0.0237273,-0.0855952,-4.98178,0,0,-5,-0.0237273,-0.0855952,0.018219,0.0906722,0.0177931,0.0617028,-0.0113406,0,0,0
1780640015570869,15.4975,-0.0237204,-0.0854356,-4.98175,0,0,-5,-0.0237204,-0.0854356,0.0182495,0.090526,0.0187182,0.0624026,-0.0110182,0,0,0
1780640015594869,15.5215,-0.0236615,-0.0850983,-4.98175,0,0,-5,-0.0236615,-0.0850983,0.0182495,0.0901923,0.0195722,0.0629948,-0.0119858,0,0,0
1780640015618869,15.5455,-0.0235646,-0.0846497,-4.98178,0,0,-5,-0.0235646,-0.0846497,0.018219,0.0897374,0.0194571,0.0629279,-0.0134578,0,0,0
1780640015634869,15.5615,-0.0234752,-0.084287,-4.98181,0,0,-5,-0.0234752,-0.084287,0.0181885,0.0893655,0.0197787,0.0633569,-0.0131207,0,0,0
1780640015658869,15.5855,-0.0233282,-0.0836895,-4.98187,0,0,-5,-0.0233282,-0.0836895,0.0181274,0.088751,0.0196899,0.0619402,-0.0128295,0,0,0
1780640015674869,15.6015,-0.0232182,-0.0832451,-4.98193,0,0,-5,-0.0232182,-0.0832451,0.0180664,0.0882906,0.0191331,0.0628657,-0.0130402,0,0,0
1780640015690869,15.6175,-0.0231009,-0.0827533,-4.98203,0,0,-5,-0.0231009,-0.0827533,0.0179749,0.0877774,0.0189419,0.0633848,-0.0131042,0,0,0
1780640015714869,15.6415,-0.0229108,-0.0819405,-4.98218,0,0,-5,-0.0229108,-0.0819405,0.0178223,0.0869297,0.019326,0.0640153,-0.0123498,0,0,0
1780640015738869,15.6655,-0.0226853,-0.0810519,-4.98233,0,0,-5,-0.0226853,-0.0810519,0.0176697,0.0860014,0.0195113,0.0644966,-0.011045,0,0,0
1780640015754869,15.6815,-0.0225152,-0.0804123,-4.98242,0,0,-5,-0.0225152,-0.0804123,0.0175781,0.085335,0.0198908,0.0650843,-0.0108341,0,0,0
1780640015778869,15.7055,-0.0231264,-0.0808857,-4.98209,0,0,-5,-0.0231264,-0.0808857,0.0179138,0.086013,0.0175432,0.0655022,-0.0102477,0,0,0
1780640015794869,15.7215,-0.0235036,-0.0811057,-4.9819,0,0,-5,-0.0235036,-0.0811057,0.0180969,0.08636,0.0182534,0.0652671,-0.0101175,0,0,0
1780640015818869,15.7455,-0.023988,-0.081297,-4.98169,0,0,-5,-0.023988,-0.081297,0.0183105,0.0867174,0.0180966,0.0664757,-0.0109027,0,0,0
1780640015834869,15.7615,-0.02428,-0.0813205,-4.98157,0,0,-5,-0.02428,-0.0813205,0.0184326,0.0868464,0.0174171,0.0676205,-0.0101006,0,0,0
1780640015858869,15.7855,-0.0246713,-0.0812228,-4.98141,0,0,-5,-0.0246713,-0.0812228,0.0185852,0.0868978,0.018199,0.0675365,-0.0107081,0,0,0
1780640015874869,15.8015,-0.0248866,-0.0810934,-4.98132,0,0,-5,-0.0248866,-0.0810934,0.0186768,0.0868579,0.0183666,0.0671053,-0.0100771,0,0,0
1780640015898869,15.8255,-0.0251542,-0.0807928,-4.9812,0,0,-5,-0.0251542,-0.0807928,0.0187988,0.0866811,0.0179474,0.0686655,-0.0090689,0,0,0
1780640015914869,15.8415,-0.0252992,-0.0805054,-4.98114,0,0,-5,-0.0252992,-0.0805054,0.0188599,0.0864689,0.0193702,0.0695547,-0.00927169,0,0,0
1780640015930869,15.8575,-0.0254217,-0.0801543,-4.98105,0,0,-5,-0.0254217,-0.0801543,0.0189514,0.0861982,0.0186323,0.070877,-0.00965129,0,0,0
1780640015954869,15.8815,-0.0255534,-0.0795293,-4.98096,0,0,-5,-0.0255534,-0.0795293,0.019043,0.0856768,0.0192269,0.0716422,-0.0103483,0,0,0
1780640015970869,15.8975,-0.0256258,-0.079051,-4.98093,0,0,-5,-0.0256258,-0.079051,0.0190735,0.0852616,0.0183475,0.0716845,-0.0113249,0,0,0
1780640015994869,15.9215,-0.0256859,-0.0782532,-4.98093,0,0,-5,-0.0256859,-0.0782532,0.0190735,0.0845407,0.0201515,0.0712106,-0.013087,0,0,0
1780640016010869,15.9375,-0.0256777,-0.0776742,-4.98096,0,0,-5,-0.0256777,-0.0776742,0.019043,0.0839956,0.0213032,0.0717303,-0.0135542,0,0,0
1780640016034869,15.9615,-0.0256079,-0.0767571,-4.98105,0,0,-5,-0.0256079,-0.0767571,0.0189514,0.0831058,0.0219078,0.0696012,-0.0146684,0,0,0
1780640016058869,15.9855,-0.0254785,-0.0757901,-4.98117,0,0,-5,-0.0254785,-0.0757901,0.0188293,0.0821452,0.0237569,0.0703345,-0.0143165,0,0,0
1780640016074869,16.0015,-0.0253518,-0.0751037,-4.98123,0,0,-5,-0.0253518,-0.0751037,0.0187683,0.0814587,0.0235516,0.0692338,-0.0142933,0,0,0
1780640016098869,16.0255,-0.0251391,-0.0740353,-4.98135,0,0,-5,-0.0251391,-0.0740353,0.0186462,0.0803797,0.0238997,0.0693551,-0.0146806,0,0,0
1780640016114869,16.0415,-0.0249787,-0.0732838,-4.98145,0,0,-5,-0.0249787,-0.0732838,0.0185547,0.0796162,0.0236539,0.0690009,-0.0153318,0,0,0
1780640016130869,16.0575,-0.0248106,-0.0725265,-4.98157,0,0,-5,-0.0248106,-0.0725265,0.0184326,0.078838,0.0230017,0.0674111,-0.0164135,0,0,0
1780640016154869,16.0815,-0.0245359,-0.0713689,-4.98175,0,0,-5,-0.0245359,-0.0713689,0.0182495,0.0776439,0.0228609,0.0670476,-0.0163732,0,0,0
1780640016178869,16.1055,-0.0250873,-0.0711932,-4.98166,0,0,-5,-0.0250873,-0.0711932,0.0183411,0.0776804,0.0234894,0.0676727,-0.0155062,0,0,0
1780640016194869,16.1215,-0.0256811,-0.0713494,-4.98154,0,0,-5,-0.0256811,-0.0713494,0.0184631,0.0780458,0.023529,0.0664784,-0.0147091,0,0,0
1780640016218869,16.1455,-0.0264717,-0.0714668,-4.98135,0,0,-5,-0.0264717,-0.0714668,0.0186462,0.0784598,0.0234327,0.0664811,-0.0142911,0,0,0
1780640016234869,16.1615,-0.0269513,-0.071464,-4.98126,0,0,-5,-0.0269513,-0.071464,0.0187378,0.0786421,0.0228489,0.0660716,-0.014278,0,0,0
1780640016250869,16.1775,-0.0273826,-0.0714058,-4.9812,0,0,-5,-0.0273826,-0.0714058,0.0187988,0.0787527,0.0238733,0.0658505,-0.0147448,0,0,0
1780640016274869,16.2015,-0.0279417,-0.0712152,-4.98114,0,0,-5,-0.0279417,-0.0712152,0.0188599,0.0787911,0.0230744,0.0662462,-0.0159265,0,0,0
1780640016298869,16.2255,-0.0284341,-0.0708909,-4.98117,0,0,-5,-0.0284341,-0.0708909,0.0188293,0.0786674,0.0229242,0.0664569,-0.0161613,0,0,0
1780640016314869,16.2415,-0.0287255,-0.0706113,-4.9812,0,0,-5,-0.0287255,-0.0706113,0.0187988,0.0785143,0.0224237,0.0672486,-0.016165,0,0,0
1780640016338869,16.2655,-0.0291137,-0.0700839,-4.98126,0,0,-5,-0.0291137,-0.0700839,0.0187378,0.0781694,0.0222435,0.0677005,-0.0167985,0,0,0
1780640016354869,16.2815,-0.029328,-0.0696747,-4.98129,0,0,-5,-0.029328,-0.0696747,0.0187073,0.0778759,0.0229871,0.0687826,-0.015786,0,0,0
1780640016378869,16.3055,-0.029588,-0.068976,-4.98132,0,0,-5,-0.029588,-0.068976,0.0186768,0.0773431,0.0226376,0.0688622,-0.0159289,0,0,0
1780640016394869,16.3215,-0.0297392,-0.0684502,-4.98138,0,0,-5,-0.0297392,-0.0684502,0.0186157,0.0769181,0.0218984,0.0690796,-0.0148234,0,0,0
1780640016418869,16.3455,-0.0299049,-0.0676165,-4.98141,0,0,-5,-0.0299049,-0.0676165,0.0185852,0.0762345,0.0232327,0.0684516,-0.0143655,0,0,0
1780640016434984,16.3616,-0.0299657,-0.0670157,-4.98148,0,0,-5,-0.0299657,-0.0670157,0.0185242,0.0757113,0.02458,0.0682719,-0.0140674,0,0,0
1780640016458984,16.3856,-0.0299942,-0.0660675,-4.98154,0,0,-5,-0.0299942,-0.0660675,0.0184631,0.0748696,0.02468,0.0675093,-0.0130996,0,0,0
1780640016474984,16.4016,-0.0299906,-0.0654064,-4.98157,0,0,-5,-0.0299906,-0.0654064,0.0184326,0.0742778,0.0234525,0.0675177,-0.0128745,0,0,0
1780640016498984,16.4256,-0.0299652,-0.0643707,-4.9816,0,0,-5,-0.0299652,-0.0643707,0.0184021,0.0733494,0.0237369,0.0664679,-0.0134824,0,0,0
1780640016514984,16.4416,-0.0299167,-0.0636458,-4.98166,0,0,-5,-0.0299167,-0.0636458,0.0183411,0.0726787,0.0238543,0.0679194,-0.0142498,0,0,0
1780640016538984,16.4656,-0.0298295,-0.0624956,-4.98178,0,0,-5,-0.0298295,-0.0624956,0.018219,0.0716061,0.0217394,0.0681693,-0.0154852,0,0,0
1780640016554984,16.4816,-0.0297799,-0.0616853,-4.98187,0,0,-5,-0.0297799,-0.0616853,0.0181274,0.0708557,0.0209093,0.0690092,-0.0158146,0,0,0
1780640016578984,16.5056,-0.030588,-0.0615489,-4.98193,0,0,-5,-0.030588,-0.0615489,0.0180664,0.0710654,0.0204684,0.068647,-0.0164043,0,0,0
1780640016594984,16.5216,-0.0313716,-0.0617625,-4.98193,0,0,-5,-0.0313716,-0.0617625,0.0180664,0.0715904,0.0197926,0.0684852,-0.01745,0,0,0
1780640016610984,16.5376,-0.0321027,-0.0618945,-4.98196,0,0,-5,-0.0321027,-0.0618945,0.0180359,0.0720195,0.0197274,0.0687254,-0.0174491,0,0,0
1780640016634984,16.5616,-0.0331134,-0.0619906,-4.98203,0,0,-5,-0.0331134,-0.0619906,0.0179749,0.0725426,0.0181802,0.0671728,-0.0181349,0,0,0
1780640016658984,16.5856,-0.0340489,-0.0619905,-4.98215,0,0,-5,-0.0340489,-0.0619905,0.0178528,0.0729444,0.0172653,0.065636,-0.0168809,0,0,0
1780640016674984,16.6016,-0.0346197,-0.0619118,-4.98221,0,0,-5,-0.0346197,-0.0619118,0.0177917,0.0731309,0.017581,0.0664815,-0.015584,0,0,0
1780640016698984,16.6256,-0.0353594,-0.061693,-4.98227,0,0,-5,-0.0353594,-0.061693,0.0177307,0.073285,0.0197031,0.0653966,-0.0153359,0,0,0
1780640016714984,16.6416,-0.0357874,-0.061501,-4.9823,0,0,-5,-0.0357874,-0.061501,0.0177002,0.073324,0.0197865,0.0642518,-0.0151339,0,0,0
1780640016738984,16.6656,-0.0363661,-0.0611538,-4.98239,0,0,-5,-0.0363661,-0.0611538,0.0176086,0.0732963,0.0192617,0.0628874,-0.0147933,0,0,0
1780640016754984,16.6816,-0.0367081,-0.0608773,-4.98245,0,0,-5,-0.0367081,-0.0608773,0.0175476,0.0732219,0.0197704,0.0632723,-0.015959,0,0,0
1780640016770984,16.6976,-0.0370129,-0.0605583,-4.98251,0,0,-5,-0.0370129,-0.0605583,0.0174866,0.0730961,0.0201192,0.0630499,-0.016625,0,0,0
1780640016794984,16.7216,-0.037412,-0.0599771,-4.9826,0,0,-5,-0.037412,-0.0599771,0.017395,0.0727977,0.0200344,0.0643815,-0.015235,0,0,0
1780640016818984,16.7456,-0.0377233,-0.0593342,-4.9827,0,0,-5,-0.0377233,-0.0593342,0.0173035,0.0724086,0.0201694,0.0629568,-0.0148512,0,0,0
1780640016834984,16.7616,-0.0379167,-0.0588663,-4.98279,0,0,-5,-0.0379167,-0.0588663,0.0172119,0.0721052,0.0194229,0.0622714,-0.0151539,0,0,0
1780640016858984,16.7856,-0.0381533,-0.058152,-4.98297,0,0,-5,-0.0381533,-0.058152,0.0170288,0.0716052,0.0193359,0.059562,-0.0165784,0,0,0
1780640016874984,16.8016,-0.0382928,-0.0576678,-4.98312,0,0,-5,-0.0382928,-0.0576678,0.0168762,0.0712511,0.0184365,0.0578965,-0.0160635,0,0,0
1780640016898984,16.8256,-0.0384559,-0.0569063,-4.98334,0,0,-5,-0.0384559,-0.0569063,0.0166626,0.0706741,0.0190446,0.0580749,-0.0156565,0,0,0
1780640016914984,16.8416,-0.0385228,-0.056366,-4.98346,0,0,-5,-0.0385228,-0.056366,0.0165405,0.0702475,0.0208185,0.0574797,-0.0161966,0,0,0
1780640016938984,16.8656,-0.0385481,-0.0555235,-4.98367,0,0,-5,-0.0385481,-0.0555235,0.0163269,0.069537,0.0210662,0.0568915,-0.0168279,0,0,0
1780640016954984,16.8816,-0.0385304,-0.0549224,-4.9838,0,0,-5,-0.0385304,-0.0549224,0.0162048,0.0690192,0.0217368,0.0585866,-0.0166335,0,0,0
1780640016978984,16.9056,-0.0398544,-0.0553773,-4.98383,0,0,-5,-0.0398544,-0.0553773,0.0161743,0.0701187,0.022083,0.0580039,-0.0163684,0,0,0
1780640016994984,16.9216,-0.0411183,-0.0560712,-4.98373,0,0,-5,-0.0411183,-0.0560712,0.0162659,0.0714092,0.0208833,0.0575951,-0.0167038,0,0,0
1780640017018984,16.9456,-0.0428765,-0.0569799,-4.98367,0,0,-5,-0.0428765,-0.0569799,0.0163269,0.0731551,0.0208199,0.0559063,-0.0153099,0,0,0
1780640017034984,16.9616,-0.0439592,-0.0575045,-4.98361,0,0,-5,-0.0439592,-0.0575045,0.0163879,0.0742142,0.0202538,0.0549898,-0.0148717,0,0,0
1780640017058984,16.9856,-0.0454457,-0.0581555,-4.98358,0,0,-5,-0.0454457,-0.0581555,0.0164185,0.0756105,0.0209458,0.0538943,-0.0143879,0,0,0
1780640017074984,17.0016,-0.0463506,-0.0585182,-4.98355,0,0,-5,-0.0463506,-0.0585182,0.016449,0.0764416,0.0207914,0.0539286,-0.0143965,0,0,0
1780640017098984,17.0256,-0.0475958,-0.0589288,-4.98355,0,0,-5,-0.0475958,-0.0589288,0.016449,0.0775147,0.0212761,0.0545203,-0.0143279,0,0,0
1780640017114984,17.0416,-0.0483444,-0.0591271,-4.98358,0,0,-5,-0.0483444,-0.0591271,0.0164185,0.0781202,0.0218763,0.0542048,-0.0131054,0,0,0
1780640017138984,17.0656,-0.0493402,-0.0593299,-4.98355,0,0,-5,-0.0493402,-0.0593299,0.016449,0.0788991,0.0230831,0.0529401,-0.0131082,0,0,0
1780640017154984,17.0816,-0.0499366,-0.0594194,-4.98352,0,0,-5,-0.0499366,-0.0594194,0.0164795,0.0793467,0.0230182,0.0522965,-0.012236,0,0,0
1780640017178984,17.1056,-0.0507253,-0.059476,-4.98352,0,0,-5,-0.0507253,-0.059476,0.0164795,0.0798876,0.0242819,0.0509043,-0.011954,0,0,0
1780640017194984,17.1216,-0.051175,-0.0594732,-4.98352,0,0,-5,-0.051175,-0.0594732,0.0164795,0.0801717,0.0255601,0.0504216,-0.0117508,0,0,0
1780640017218984,17.1456,-0.0517569,-0.0593869,-4.98349,0,0,-5,-0.0517569,-0.0593869,0.01651,0.080487,0.0253105,0.0507128,-0.0110026,0,0,0
1780640017234984,17.1616,-0.0520753,-0.0592791,-4.98346,0,0,-5,-0.0520753,-0.0592791,0.0165405,0.080619,0.0273501,0.0500657,-0.0109572,0,0,0
1780640017258984,17.1856,-0.0524462,-0.0590498,-4.98349,0,0,-5,-0.0524462,-0.0590498,0.01651,0.080685,0.0275318,0.0501341,-0.0102442,0,0,0
1780640017274984,17.2016,-0.0526616,-0.0588351,-4.98349,0,0,-5,-0.0526616,-0.0588351,0.01651,0.0806684,0.0273173,0.0506568,-0.0105691,0,0,0
1780640017298984,17.2256,-0.0529105,-0.0584542,-4.98352,0,0,-5,-0.0529105,-0.0584542,0.0164795,0.0805481,0.027013,0.0500484,-0.0118022,0,0,0
1780640017314984,17.2416,-0.0530398,-0.0581779,-4.98355,0,0,-5,-0.0530398,-0.0581779,0.016449,0.0804267,0.0274244,0.0481183,-0.0120199,0,0,0
1780640017338984,17.2656,-0.0531625,-0.057738,-4.98361,0,0,-5,-0.0531625,-0.057738,0.0163879,0.0801779,0.0279787,0.0470108,-0.0115995,0,0,0
1780640017354984,17.2816,-0.0532118,-0.0574074,-4.98367,0,0,-5,-0.0532118,-0.0574074,0.0163269,0.0799605,0.0279809,0.0475674,-0.0110623,0,0,0
1780640017370984,17.2976,-0.0539482,-0.0575083,-4.98358,0,0,-5,-0.0539482,-0.0575083,0.0164185,0.0805431,0.0282154,0.0495831,-0.0118517,0,0,0
1780640017394984,17.3216,-0.0559863,-0.0582158,-4.98328,0,0,-5,-0.0559863,-0.0582158,0.0167236,0.0824817,0.0278147,0.0500875,-0.0129422,0,0,0
1780640017418984,17.3456,-0.0578193,-0.0587803,-4.98306,0,0,-5,-0.0578193,-0.0587803,0.0169373,0.0841729,0.0274485,0.0494665,-0.0149794,0,0,0
1780640017434984,17.3616,-0.0589467,-0.0590785,-4.98297,0,0,-5,-0.0589467,-0.0590785,0.0170288,0.0851761,0.0270817,0.0492305,-0.0159821,0,0,0
1780640017459096,17.3857,-0.0605086,-0.059413,-4.98285,0,0,-5,-0.0605086,-0.059413,0.0171509,0.0865179,0.026002,0.0493956,-0.0157726,0,0,0
1780640017475096,17.4017,-0.061469,-0.0595687,-4.98282,0,0,-5,-0.061469,-0.0595687,0.0171814,0.0873045,0.0258008,0.049012,-0.0170388,0,0,0
1780640017499096,17.4257,-0.0627949,-0.059696,-4.98282,0,0,-5,-0.0627949,-0.059696,0.0171814,0.0883289,0.0255102,0.0497658,-0.017178,0,0,0
1780640017515096,17.4417,-0.0635774,-0.059699,-4.98285,0,0,-5,-0.0635774,-0.059699,0.0171509,0.0888831,0.0277767,0.0502409,-0.018191,0,0,0
1780640017539096,17.4657,-0.0646023,-0.0596224,-4.98294,0,0,-5,-0.0646023,-0.0596224,0.0170593,0.0895506,0.0284922,0.0499242,-0.017637,0,0,0
1780640017555096,17.4817,-0.065206,-0.0595176,-4.983,0,0,-5,-0.065206,-0.0595176,0.0169983,0.0899061,0.0286827,0.0502516,-0.0183903,0,0,0
1780640017579096,17.5057,-0.0659961,-0.0592783,-4.98312,0,0,-5,-0.0659961,-0.0592783,0.0168762,0.0903007,0.0297579,0.050315,-0.0188178,0,0,0
1780640017595096,17.5217,-0.0664522,-0.0590763,-4.98325,0,0,-5,-0.0664522,-0.0590763,0.0167542,0.0904799,0.0298538,0.0497901,-0.0176207,0,0,0
1780640017619096,17.5457,-0.0670278,-0.0587085,-4.98337,0,0,-5,-0.0670278,-0.0587085,0.0166321,0.0906424,0.0311946,0.0501196,-0.017375,0,0,0
1780640017635096,17.5617,-0.0673403,-0.0584197,-4.98349,0,0,-5,-0.0673403,-0.0584197,0.01651,0.0906651,0.0324625,0.0499293,-0.0158655,0,0,0
1780640017659096,17.5857,-0.0677105,-0.0579142,-4.98361,0,0,-5,-0.0677105,-0.0579142,0.0163879,0.0905943,0.0330425,0.0508577,-0.0158203,0,0,0
1780640017675096,17.6017,-0.0678952,-0.0575309,-4.98373,0,0,-5,-0.0678952,-0.0575309,0.0162659,0.0904662,0.0334501,0.0506891,-0.0163881,0,0,0
1780640017691096,17.6177,-0.0680319,-0.0571215,-4.98386,0,0,-5,-0.0680319,-0.0571215,0.0161438,0.0902875,0.0338055,0.0506431,-0.0163926,0,0,0
1780640017715096,17.6417,-0.0681776,-0.0564607,-4.98407,0,0,-5,-0.0681776,-0.0564607,0.0159302,0.0899431,0.0345091,0.0500257,-0.0156806,0,0,0
1780640017739096,17.6657,-0.0682354,-0.0557665,-4.98428,0,0,-5,-0.0682354,-0.0557665,0.0157166,0.0895153,0.0344023,0.0494981,-0.0157799,0,0,0
1780640017755096,17.6817,-0.068209,-0.0552756,-4.98444,0,0,-5,-0.068209,-0.0552756,0.015564,0.0891634,0.0357673,0.0490848,-0.0156724,0,0,0
1780640017779096,17.7057,-0.0691416,-0.0552575,-4.98404,0,0,-5,-0.0691416,-0.0552575,0.0159607,0.0899372,0.036448,0.0489142,-0.0147026,0,0,0
1780640017795096,17.7217,-0.0700145,-0.0554298,-4.98361,0,0,-5,-0.0700145,-0.0554298,0.0163879,0.0907913,0.036735,0.0495774,-0.0136411,0,0,0
1780640017819096,17.7457,-0.0711609,-0.0555592,-4.983,0,0,-5,-0.0711609,-0.0555592,0.0169983,0.0918675,0.0381098,0.0505981,-0.0141973,0,0,0
1780640017835096,17.7617,-0.0718175,-0.0555748,-4.98264,0,0,-5,-0.0718175,-0.0555748,0.0173645,0.0924545,0.0387652,0.050139,-0.0134688,0,0,0
1780640017859096,17.7857,-0.07266,-0.0555054,-4.98212,0,0,-5,-0.07266,-0.0555054,0.0178833,0.0931673,0.0403891,0.0509022,-0.013528,0,0,0
1780640017875096,17.8017,-0.0731197,-0.0553882,-4.98178,0,0,-5,-0.0731197,-0.0553882,0.018219,0.0935215,0.0416376,0.0518471,-0.0129558,0,0,0
1780640017899096,17.8257,-0.0736897,-0.0551298,-4.98135,0,0,-5,-0.0736897,-0.0551298,0.0186462,0.0938997,0.0414979,0.0510778,-0.0130003,0,0,0
1780640017915096,17.8417,-0.0740011,-0.0549122,-4.98111,0,0,-5,-0.0740011,-0.0549122,0.0188904,0.0940657,0.0420689,0.0515135,-0.0128998,0,0,0
1780640017939096,17.8657,-0.0743524,-0.0545137,-4.98074,0,0,-5,-0.0743524,-0.0545137,0.0192566,0.0941851,0.0429716,0.051649,-0.0139785,0,0,0
1780640017955096,17.8817,-0.0745229,-0.0542124,-4.98053,0,0,-5,-0.0745229,-0.0542124,0.0194702,0.0941899,0.0431984,0.0503192,-0.0145059,0,0,0
1780640017979096,17.9057,-0.0746704,-0.0537125,-4.98029,0,0,-5,-0.0746704,-0.0537125,0.0197144,0.094071,0.0449776,0.0500461,-0.014567,0,0,0
1780640017995096,17.9217,-0.0746884,-0.0533394,-4.98013,0,0,-5,-0.0746884,-0.0533394,0.0198669,0.093905,0.0463721,0.0509932,-0.0156879,0,0,0
1780640018019096,17.9457,-0.0746142,-0.0527093,-4.97995,0,0,-5,-0.0746142,-0.0527093,0.02005,0.0935284,0.0473684,0.0507914,-0.0162098,0,0,0
1780640018035096,17.9617,-0.0744971,-0.0522587,-4.97986,0,0,-5,-0.0744971,-0.0522587,0.0201416,0.0932012,0.0489448,0.0514192,-0.0162532,0,0,0
1780640018059096,17.9857,-0.0742095,-0.0515191,-4.97974,0,0,-5,-0.0742095,-0.0515191,0.0202637,0.0925845,0.0502261,0.0517157,-0.0163878,0,0,0
1780640018075096,18.0017,-0.0739637,-0.0509833,-4.97968,0,0,-5,-0.0739637,-0.0509833,0.0203247,0.0921033,0.0514315,0.0527956,-0.0164916,0,0,0
1780640018099096,18.0257,-0.073495,-0.0501261,-4.97958,0,0,-5,-0.073495,-0.0501261,0.0204163,0.0912742,0.0533219,0.053648,-0.0175065,0,0,0
1780640018115096,18.0417,-0.073125,-0.0495109,-4.97958,0,0,-5,-0.073125,-0.0495109,0.0204163,0.090639,0.0535553,0.0546115,-0.0184541,0,0,0
1780640018139096,18.0657,-0.0724942,-0.0485274,-4.97955,0,0,-5,-0.0724942,-0.0485274,0.0204468,0.0896013,0.0558676,0.0553403,-0.0198523,0,0,0
1780640018155096,18.0817,-0.0720039,-0.0478439,-4.97955,0,0,-5,-0.0720039,-0.0478439,0.0204468,0.0888351,0.0568898,0.0550133,-0.0206323,0,0,0
1780640018179096,18.1057,-0.0721983,-0.0480458,-4.97928,0,0,-5,-0.0721983,-0.0480458,0.0207214,0.0891648,0.0566343,0.053373,-0.0196741,0,0,0
1780640018195096,18.1217,-0.0725806,-0.0485255,-4.979,0,0,-5,-0.0725806,-0.0485255,0.0209961,0.089797,0.056102,0.0540207,-0.0201049,0,0,0
1780640018219096,18.1457,-0.0730147,-0.049099,-4.97867,0,0,-5,-0.0730147,-0.049099,0.0213318,0.0905367,0.0570721,0.0536546,-0.0191225,0,0,0
1780640018235096,18.1617,-0.073217,-0.0493892,-4.97845,0,0,-5,-0.073217,-0.0493892,0.0215454,0.0909078,0.0572947,0.0543728,-0.0183445,0,0,0
1780640018251096,18.1777,-0.073355,-0.0496062,-4.97827,0,0,-5,-0.073355,-0.0496062,0.0217285,0.0911804,0.058296,0.0547314,-0.018672,0,0,0
1780640018275096,18.2017,-0.0734383,-0.0498187,-4.97803,0,0,-5,-0.0734383,-0.0498187,0.0219727,0.0914215,0.0579726,0.0544205,-0.0181363,0,0,0
1780640018299096,18.2257,-0.0734112,-0.0499057,-4.97781,0,0,-5,-0.0734112,-0.0499057,0.0221863,0.0914988,0.0585135,0.0545775,-0.0186124,0,0,0
1780640018315096,18.2417,-0.0733233,-0.0498997,-4.97772,0,0,-5,-0.0733233,-0.0498997,0.0222778,0.0914472,0.0592675,0.0549745,-0.0191314,0,0,0
1780640018331096,18.2577,-0.0731811,-0.0498444,-4.97763,0,0,-5,-0.0731811,-0.0498444,0.0223694,0.0913254,0.0593183,0.0543337,-0.0186659,0,0,0
1780640018355096,18.2817,-0.0729036,-0.0497064,-4.97754,0,0,-5,-0.0729036,-0.0497064,0.0224609,0.0910503,0.0591404,0.0531712,-0.0189681,0,0,0
1780640018379096,18.3057,-0.0725329,-0.0495108,-4.97748,0,0,-5,-0.0725329,-0.0495108,0.022522,0.0906619,0.0584924,0.0511553,-0.0191879,0,0,0
1780640018395096,18.3217,-0.0722452,-0.0493388,-4.97748,0,0,-5,-0.0722452,-0.0493388,0.022522,0.0903378,0.0586265,0.0520942,-0.0190787,0,0,0
1780640018411096,18.3377,-0.0719214,-0.0491205,-4.97748,0,0,-5,-0.0719214,-0.0491205,0.022522,0.0899597,0.0589409,0.0514499,-0.0188684,0,0,0
1780640018435096,18.3617,-0.0713666,-0.0487441,-4.97748,0,0,-5,-0.0713666,-0.0487441,0.022522,0.0893108,0.0589429,0.0506045,-0.0188205,0,0,0
1780640018459212,18.3858,-0.0707288,-0.0482924,-4.97751,0,0,-5,-0.0707288,-0.0482924,0.0224915,0.088547,0.0594164,0.0510793,-0.0177592,0,0,0
1780640018475212,18.4018,-0.070264,-0.0479546,-4.97754,0,0,-5,-0.070264,-0.0479546,0.0224609,0.0879839,0.0598493,0.0504787,-0.0193719,0,0,0
1780640018491212,18.4178,-0.0697459,-0.0476014,-4.9776,0,0,-5,-0.0697459,-0.0476014,0.0223999,0.0873621,0.0613394,0.0491336,-0.0194552,0,0,0
1780640018515212,18.4418,-0.0689169,-0.0470473,-4.97769,0,0,-5,-0.0689169,-0.0470473,0.0223083,0.086375,0.0596141,0.0481807,-0.0204505,0,0,0
1780640018539212,18.4658,-0.0680562,-0.0464422,-4.97784,0,0,-5,-0.0680562,-0.0464422,0.0221558,0.0853194,0.0595426,0.0480974,-0.0212569,0,0,0
1780640018555212,18.4818,-0.0674475,-0.0459973,-4.978,0,0,-5,-0.0674475,-0.0459973,0.0220032,0.0845521,0.0602236,0.0489942,-0.021919,0,0,0
1780640018579212,18.5058,-0.0676139,-0.0465087,-4.97781,0,0,-5,-0.0676139,-0.0465087,0.0221863,0.0850114,0.0607332,0.0478393,-0.0217246,0,0,0
1780640018595212,18.5218,-0.0680261,-0.0471745,-4.97763,0,0,-5,-0.0680261,-0.0471745,0.0223694,0.0857518,0.0594393,0.0475926,-0.0213454,0,0,0
1780640018619212,18.5458,-0.0685339,-0.0480549,-4.97736,0,0,-5,-0.0685339,-0.0480549,0.022644,0.0867117,0.0595161,0.0462932,-0.0222888,0,0,0
1780640018635212,18.5618,-0.0687814,-0.0485587,-4.97726,0,0,-5,-0.0687814,-0.0485587,0.0227356,0.0872108,0.0607199,0.0463891,-0.0237674,0,0,0
1780640018659212,18.5858,-0.0690157,-0.0491917,-4.97717,0,0,-5,-0.0690157,-0.0491917,0.0228271,0.0877728,0.0607905,0.0457597,-0.0242172,0,0,0
1780640018675212,18.6018,-0.0690924,-0.0495535,-4.97711,0,0,-5,-0.0690924,-0.0495535,0.0228882,0.0880522,0.0615487,0.0447562,-0.0235465,0,0,0
1780640018699212,18.6258,-0.0690835,-0.0499856,-4.97711,0,0,-5,-0.0690835,-0.0499856,0.0228882,0.0882891,0.0625121,0.0450626,-0.0227591,0,0,0
1780640018715212,18.6418,-0.0690053,-0.0502097,-4.97717,0,0,-5,-0.0690053,-0.0502097,0.0228271,0.0883392,0.0626876,0.0447269,-0.0229041,0,0,0
1780640018739212,18.6658,-0.0687908,-0.0504687,-4.97726,0,0,-5,-0.0687908,-0.0504687,0.0227356,0.0882959,0.0624371,0.0442899,-0.0212048,0,0,0
1780640018755212,18.6818,-0.0685957,-0.0505785,-4.97733,0,0,-5,-0.0685957,-0.0505785,0.0226746,0.0881912,0.0625258,0.0440151,-0.0227978,0,0,0
1780640018779212,18.7058,-0.0682222,-0.0506721,-4.97745,0,0,-5,-0.0682222,-0.0506721,0.0225525,0.0879235,0.0626044,0.0429543,-0.0234405,0,0,0
1780640018795212,18.7218,-0.0679224,-0.0506991,-4.97754,0,0,-5,-0.0679224,-0.0506991,0.0224609,0.0876832,0.0621722,0.0421683,-0.0236377,0,0,0
1780640018819212,18.7458,-0.06741,-0.0506784,-4.97775,0,0,-5,-0.06741,-0.0506784,0.0222473,0.0872201,0.0616067,0.0407338,-0.0240074,0,0,0
1780640018835212,18.7618,-0.0670249,-0.0506363,-4.97784,0,0,-5,-0.0670249,-0.0506363,0.0221558,0.0868749,0.0620585,0.0400375,-0.0229489,0,0,0
1780640018859212,18.7858,-0.0663877,-0.0505217,-4.978,0,0,-5,-0.0663877,-0.0505217,0.0220032,0.0862781,0.0615034,0.0393796,-0.021282,0,0,0
1780640018875212,18.8018,-0.0659197,-0.0503992,-4.97809,0,0,-5,-0.0659197,-0.0503992,0.0219116,0.0858231,0.062556,0.0404451,-0.0196437,0,0,0
1780640018899212,18.8258,-0.065119,-0.050127,-4.97824,0,0,-5,-0.065119,-0.050127,0.021759,0.0850097,0.0641357,0.042395,-0.0179855,0,0,0
1780640018915212,18.8418,-0.0645285,-0.0498838,-4.97833,0,0,-5,-0.0645285,-0.0498838,0.0216675,0.0843907,0.0639735,0.0424916,-0.0189382,0,0,0
1780640018939212,18.8658,-0.0635819,-0.0494684,-4.97852,0,0,-5,-0.0635819,-0.0494684,0.0214844,0.0833748,0.0649582,0.0426589,-0.0194345,0,0,0
1780640018955212,18.8818,-0.0629019,-0.0491514,-4.97867,0,0,-5,-0.0629019,-0.0491514,0.0213318,0.0826291,0.0663335,0.0427908,-0.0192809,0,0,0
1780640018979212,18.9058,-0.0632684,-0.0497709,-4.97852,0,0,-5,-0.0632684,-0.0497709,0.0214844,0.0833163,0.0665386,0.0425441,-0.0188936,0,0,0
1780640018995212,18.9218,-0.0639054,-0.0504916,-4.97833,0,0,-5,-0.0639054,-0.0504916,0.0216675,0.084278,0.0662068,0.0418416,-0.0204112,0,0,0
1780640019019212,18.9458,-0.0646995,-0.0514256,-4.97812,0,0,-5,-0.0646995,-0.0514256,0.0218811,0.085495,0.066144,0.0420838,-0.0203254,0,0,0
1780640019035212,18.9618,-0.0651237,-0.0519671,-4.97797,0,0,-5,-0.0651237,-0.0519671,0.0220337,0.086181,0.0658247,0.0412999,-0.0198526,0,0,0
1780640019059212,18.9858,-0.0656408,-0.0526535,-4.97775,0,0,-5,-0.0656408,-0.0526535,0.0222473,0.0870405,0.0657651,0.0411495,-0.0186139,0,0,0
1780640019075212,19.0018,-0.0659021,-0.0530497,-4.97763,0,0,-5,-0.0659021,-0.0530497,0.0223694,0.0875085,0.0647993,0.041041,-0.0182782,0,0,0
1780640019099212,19.0258,-0.0661848,-0.0535172,-4.97751,0,0,-5,-0.0661848,-0.0535172,0.0224915,0.0880363,0.0639734,0.0424302,-0.0180921,0,0,0
1780640019115212,19.0418,-0.0662983,-0.0537508,-4.97748,0,0,-5,-0.0662983,-0.0537508,0.022522,0.0882714,0.0643691,0.0415891,-0.0182378,0,0,0
1780640019139212,19.0658,-0.0663628,-0.0540321,-4.97745,0,0,-5,-0.0663628,-0.0540321,0.0225525,0.0884991,0.0637284,0.040477,-0.0184777,0,0,0
1780640019155212,19.0818,-0.0663296,-0.0541757,-4.97745,0,0,-5,-0.0663296,-0.0541757,0.0225525,0.088562,0.0652487,0.0399788,-0.0178139,0,0,0
1780640019179212,19.1058,-0.0661598,-0.0543125,-4.97742,0,0,-5,-0.0661598,-0.0543125,0.022583,0.0885266,0.0650028,0.0402609,-0.0184718,0,0,0
1780640019195212,19.1218,-0.0659928,-0.054351,-4.97745,0,0,-5,-0.0659928,-0.054351,0.0225525,0.0884177,0.0652068,0.0403295,-0.01926,0,0,0
1780640019219212,19.1458,-0.0656491,-0.0543489,-4.97754,0,0,-5,-0.0656491,-0.0543489,0.0224609,0.0881369,0.064997,0.038803,-0.0196004,0,0,0
1780640019235212,19.1618,-0.0653637,-0.0543107,-4.9776,0,0,-5,-0.0653637,-0.0543107,0.0223999,0.0878852,0.06495,0.0396806,-0.0193727,0,0,0
1780640019259212,19.1858,-0.0648728,-0.054184,-4.97769,0,0,-5,-0.0648728,-0.054184,0.0223083,0.0874188,0.0643724,0.0379739,-0.0189398,0,0,0
1780640019275212,19.2018,-0.0645053,-0.0540749,-4.97778,0,0,-5,-0.0645053,-0.0540749,0.0222168,0.0870553,0.0635851,0.0377415,-0.0195686,0,0,0
1780640019299212,19.2258,-0.0638716,-0.0538309,-4.97797,0,0,-5,-0.0638716,-0.0538309,0.0220337,0.0863876,0.0644984,0.0401237,-0.019244,0,0,0
1780640019315212,19.2418,-0.0634017,-0.053601,-4.97812,0,0,-5,-0.0634017,-0.053601,0.0218811,0.0858582,0.0648649,0.0409252,-0.0204213,0,0,0
1780640019331212,19.2578,-0.0629046,-0.053332,-4.9783,0,0,-5,-0.0629046,-0.053332,0.021698,0.0852765,0.0639733,0.0409992,-0.0206259,0,0,0
1780640019355212,19.2818,-0.0621305,-0.052852,-4.97861,0,0,-5,-0.0621305,-0.052852,0.0213928,0.0843278,0.0643687,0.0415043,-0.0219771,0,0,0
1780640019379212,19.3058,-0.0631064,-0.0530564,-4.97839,0,0,-5,-0.0631064,-0.0530564,0.0216064,0.0852305,0.0655508,0.0418271,-0.0224719,0,0,0
1780640019395212,19.3218,-0.0642426,-0.05337,-4.97806,0,0,-5,-0.0642426,-0.05337,0.0219421,0.0863535,0.0646947,0.042452,-0.0217821,0,0,0
1780640019419212,19.3458,-0.0657564,-0.0536957,-4.97766,0,0,-5,-0.0657564,-0.0536957,0.0223389,0.0877847,0.0647869,0.0441636,-0.0228836,0,0,0
1780640019435212,19.3618,-0.066632,-0.0538358,-4.97745,0,0,-5,-0.066632,-0.0538358,0.0225525,0.0885818,0.0651652,0.0443874,-0.0231992,0,0,0
1780640019459212,19.3858,-0.0677542,-0.0539389,-4.97717,0,0,-5,-0.0677542,-0.0539389,0.0228271,0.0895607,0.0652274,0.0448906,-0.0236617,0,0,0
1780640019475332,19.402,-0.0683825,-0.0539706,-4.97702,0,0,-5,-0.0683825,-0.0539706,0.0229797,0.0900948,0.0650527,0.0430626,-0.0238317,0,0,0
1780640019499332,19.426,-0.0691872,-0.0539591,-4.97684,0,0,-5,-0.0691872,-0.0539591,0.0231628,0.0907468,0.0635035,0.0435534,-0.0216334,0,0,0
1780640019515332,19.442,-0.0696349,-0.0538853,-4.97675,0,0,-5,-0.0696349,-0.0538853,0.0232544,0.0910682,0.0629848,0.0438128,-0.0213067,0,0,0
1780640019539332,19.466,-0.070198,-0.0537091,-4.97659,0,0,-5,-0.070198,-0.0537091,0.023407,0.0914348,0.0617677,0.0433752,-0.0208379,0,0,0
1780640019555332,19.482,-0.0704982,-0.0535504,-4.9765,0,0,-5,-0.0704982,-0.0535504,0.0234985,0.091596,0.0619771,0.0434757,-0.0195535,0,0,0
1780640019579332,19.506,-0.0708352,-0.0532322,-4.97641,0,0,-5,-0.0708352,-0.0532322,0.0235901,0.091694,0.061135,0.0443351,-0.0201466,0,0,0
1780640019595332,19.522,-0.0709847,-0.0529718,-4.97638,0,0,-5,-0.0709847,-0.0529718,0.0236206,0.0916666,0.0607105,0.044456,-0.0192087,0,0,0
1780640019619332,19.546,-0.0711197,-0.0525299,-4.97632,0,0,-5,-0.0711197,-0.0525299,0.0236816,0.0915327,0.0597316,0.0439451,-0.0184641,0,0,0
1780640019635332,19.562,-0.0711467,-0.0521938,-4.97632,0,0,-5,-0.0711467,-0.0521938,0.0236816,0.0913612,0.0603942,0.0443711,-0.0197041,0,0,0
1780640019659332,19.586,-0.0710938,-0.0516364,-4.97638,0,0,-5,-0.0710938,-0.0516364,0.0236206,0.0909867,0.0597514,0.044273,-0.0212397,0,0,0
1780640019675332,19.602,-0.070987,-0.0512295,-4.97647,0,0,-5,-0.070987,-0.0512295,0.0235291,0.0906489,0.0604254,0.0448886,-0.0223076,0,0,0
1780640019691332,19.618,-0.070825,-0.0507865,-4.97662,0,0,-5,-0.070825,-0.0507865,0.0233765,0.0902326,0.0609939,0.0462453,-0.0225633,0,0,0
1780640019715332,19.642,-0.0704882,-0.0500576,-4.97684,0,0,-5,-0.0704882,-0.0500576,0.0231628,0.0895035,0.0612226,0.046374,-0.0227304,0,0,0
1780640019731332,19.658,-0.0701976,-0.0495485,-4.97699,0,0,-5,-0.0701976,-0.0495485,0.0230103,0.0889507,0.0618058,0.0457912,-0.0223042,0,0,0
1780640019755332,19.682,-0.0696736,-0.048764,-4.97726,0,0,-5,-0.0696736,-0.048764,0.0227356,0.0880298,0.0623912,0.0453713,-0.022444,0,0,0
1780640019779332,19.706,-0.0713526,-0.0490225,-4.9772,0,0,-5,-0.0713526,-0.0490225,0.0227966,0.0895214,0.0624551,0.0447935,-0.0235288,0,0,0
1780640019795332,19.722,-0.0730742,-0.0494765,-4.97705,0,0,-5,-0.0730742,-0.0494765,0.0229492,0.0911835,0.0623446,0.0458711,-0.0218926,0,0,0
1780640019819332,19.746,-0.0754257,-0.0500273,-4.97687,0,0,-5,-0.0754257,-0.0500273,0.0231323,0.0934178,0.061499,0.0448675,-0.0208619,0,0,0
1780640019835332,19.762,-0.0768363,-0.0503245,-4.97675,0,0,-5,-0.0768363,-0.0503245,0.0232544,0.0947477,0.0604109,0.0453391,-0.0203092,0,0,0
1780640019859332,19.786,-0.0787387,-0.0506782,-4.97659,0,0,-5,-0.0787387,-0.0506782,0.023407,0.0965191,0.0610615,0.0439361,-0.0192789,0,0,0
1780640019875332,19.802,-0.0798527,-0.0508534,-4.97653,0,0,-5,-0.0798527,-0.0508534,0.023468,0.097536,0.0614487,0.0444045,-0.0198107,0,0,0
1780640019899332,19.826,-0.0813337,-0.051036,-4.97647,0,0,-5,-0.0813337,-0.051036,0.0235291,0.0988608,0.0610745,0.0436768,-0.0205898,0,0,0
1780640019915332,19.842,-0.0821973,-0.0510964,-4.97647,0,0,-5,-0.0821973,-0.0510964,0.0235291,0.0996035,0.0615882,0.0442076,-0.0213244,0,0,0
1780640019939332,19.866,-0.0833027,-0.0510805,-4.97653,0,0,-5,-0.0833027,-0.0510805,0.023468,0.100495,0.0616688,0.0451885,-0.0221861,0,0,0
1780640019955332,19.882,-0.0839436,-0.0510178,-4.97659,0,0,-5,-0.0839436,-0.0510178,0.023407,0.100981,0.0603738,0.0447386,-0.0224596,0,0,0
1780640019979332,19.906,-0.0847584,-0.0508609,-4.97675,0,0,-5,-0.0847584,-0.0508609,0.0232544,0.101546,0.0612048,0.0452677,-0.0233678,0,0,0
1780640019995332,19.922,-0.0851839,-0.0506997,-4.97687,0,0,-5,-0.0851839,-0.0506997,0.0231323,0.101793,0.0627301,0.0458653,-0.0237436,0,0,0
1780640020019332,19.946,-0.0856614,-0.0503814,-4.97711,0,0,-5,-0.0856614,-0.0503814,0.0228882,0.101981,0.0630205,0.0462899,-0.0239149,0,0,0
1780640020035332,19.962,-0.0858949,-0.0501197,-4.97726,0,0,-5,-0.0858949,-0.0501197,0.0227356,0.102014,0.0617563,0.0469404,-0.024114,0,0,0
1780640020059332,19.986,-0.0861347,-0.0496343,-4.97757,0,0,-5,-0.0861347,-0.0496343,0.0224304,0.101911,0.0622107,0.0478942,-0.0241657,0,0,0
1780640020075332,20.002,-0.0862116,-0.0492797,-4.97772,0,0,-5,-0.0862116,-0.0492797,0.0222778,0.10177,0.0624718,0.0474587,-0.0231393,0,0,0
1780640020099332,20.026,-0.0862082,-0.0486932,-4.97797,0,0,-5,-0.0862082,-0.0486932,0.0220337,0.101432,0.0626497,0.0477192,-0.022604,0,0,0
1780640020115332,20.042,-0.0861422,-0.0482683,-4.97812,0,0,-5,-0.0861422,-0.0482683,0.0218811,0.101139,0.0622518,0.0471884,-0.0220698,0,0,0
1780640020139332,20.066,-0.0859518,-0.0475652,-4.97836,0,0,-5,-0.0859518,-0.0475652,0.021637,0.10059,0.0622153,0.0491962,-0.0221173,0,0,0
1780640020155332,20.082,-0.0857598,-0.0470531,-4.97855,0,0,-5,-0.0857598,-0.0470531,0.0214539,0.100145,0.062306,0.0490915,-0.0229151,0,0,0
1780640020171332,20.098,-0.0867128,-0.0472597,-4.97864,0,0,-5,-0.0867128,-0.0472597,0.0213623,0.101039,0.0626666,0.0484932,-0.0229303,0,0,0
1780640020195332,20.122,-0.0896937,-0.0485454,-4.97867,0,0,-5,-0.0896937,-0.0485454,0.0213318,0.104195,0.0612148,0.0478732,-0.0212113,0,0,0
1780640020219332,20.146,-0.0923724,-0.0496274,-4.9787,0,0,-5,-0.0923724,-0.0496274,0.0213013,0.107001,0.0590512,0.048448,-0.0200395,0,0,0
1780640020235332,20.162,-0.0940015,-0.0502394,-4.97873,0,0,-5,-0.0940015,-0.0502394,0.0212708,0.108686,0.059051,0.0488665,-0.0197898,0,0,0
1780640020259332,20.186,-0.0961919,-0.0510049,-4.97879,0,0,-5,-0.0961919,-0.0510049,0.0212097,0.110924,0.0596486,0.0493498,-0.0207404,0,0,0
1780640020275332,20.202,-0.0974977,-0.0514368,-4.97885,0,0,-5,-0.0974977,-0.0514368,0.0211487,0.112244,0.0589267,0.0484823,-0.0203636,0,0,0
1780640020291332,20.218,-0.0986984,-0.051794,-4.97891,0,0,-5,-0.0986984,-0.051794,0.0210876,0.11344,0.0583467,0.05015,-0.0210744,0,0,0
1780640020315332,20.242,-0.100308,-0.0522042,-4.97906,0,0,-5,-0.100308,-0.0522042,0.0209351,0.115001,0.0585415,0.0495601,-0.0219004,0,0,0
1780640020339332,20.266,-0.101675,-0.0524703,-4.97928,0,0,-5,-0.101675,-0.0524703,0.0207214,0.116277,0.0596123,0.0508177,-0.0244253,0,0,0
1780640020355332,20.282,-0.102459,-0.0525818,-4.97949,0,0,-5,-0.102459,-0.0525818,0.0205078,0.116975,0.0601309,0.0495916,-0.025081,0,0,0
1780640020371332,20.298,-0.103146,-0.0526446,-4.97971,0,0,-5,-0.103146,-0.0526446,0.0202942,0.117569,0.0606344,0.0505039,-0.024971,0,0,0
1780640020395332,20.322,-0.103999,-0.0526295,-4.98007,0,0,-5,-0.103999,-0.0526295,0.019928,0.118249,0.061113,0.0505975,-0.0258235,0,0,0
1780640020419332,20.346,-0.104669,-0.0524988,-4.98044,0,0,-5,-0.104669,-0.0524988,0.0195618,0.11872,0.0609247,0.0536888,-0.0248064,0,0,0
1780640020435332,20.362,-0.10503,-0.052325,-4.98065,0,0,-5,-0.10503,-0.052325,0.0193481,0.118927,0.0597182,0.0533137,-0.023787,0,0,0
1780640020451332,20.378,-0.105311,-0.052125,-4.98087,0,0,-5,-0.105311,-0.052125,0.0191345,0.119053,0.0614129,0.0523461,-0.0234541,0,0,0
1780640020475453,20.4021,-0.105581,-0.0517547,-4.98117,0,0,-5,-0.105581,-0.0517547,0.0188293,0.119081,0.0626304,0.0530425,-0.0217653,0,0,0
1780640020499453,20.4261,-0.105683,-0.0512824,-4.98148,0,0,-5,-0.105683,-0.0512824,0.0185242,0.11892,0.0633469,0.0544933,-0.0208115,0,0,0
1780640020515453,20.4421,-0.105655,-0.0508984,-4.98166,0,0,-5,-0.105655,-0.0508984,0.0183411,0.118701,0.064314,0.0554189,-0.0201344,0,0,0
1780640020539453,20.4661,-0.10548,-0.0502495,-4.98199,0,0,-5,-0.10548,-0.0502495,0.0180054,0.118217,0.0656704,0.057025,-0.0199984,0,0,0
1780640020555453,20.4821,-0.105265,-0.0497587,-4.98221,0,0,-5,-0.105265,-0.0497587,0.0177917,0.117784,0.0672097,0.0572752,-0.0196466,0,0,0
1780640020571453,20.4981,-0.105839,-0.0497593,-4.98221,0,0,-5,-0.105839,-0.0497593,0.0177917,0.118298,0.0678504,0.0574152,-0.0185981,0,0,0
1780640020595453,20.5221,-0.107763,-0.050447,-4.98196,0,0,-5,-0.107763,-0.050447,0.0180359,0.120346,0.0678631,0.0549041,-0.0188247,0,0,0
1780640020619453,20.5461,-0.109413,-0.0510272,-4.98184,0,0,-5,-0.109413,-0.0510272,0.018158,0.122085,0.0676102,0.0532854,-0.0199842,0,0,0
1780640020635453,20.5621,-0.110372,-0.0513483,-4.98178,0,0,-5,-0.110372,-0.0513483,0.018219,0.123087,0.0672642,0.0526734,-0.0194332,0,0,0
1780640020659453,20.5861,-0.111601,-0.0517084,-4.98172,0,0,-5,-0.111601,-0.0517084,0.01828,0.124349,0.0685021,0.0524287,-0.018506,0,0,0
1780640020675453,20.6021,-0.112279,-0.0518847,-4.98169,0,0,-5,-0.112279,-0.0518847,0.0183105,0.125035,0.0691951,0.052066,-0.0176153,0,0,0
1780640020699453,20.6261,-0.113099,-0.0520342,-4.98169,0,0,-5,-0.113099,-0.0520342,0.0183105,0.125834,0.0697958,0.0514089,-0.0174129,0,0,0
1780640020715453,20.6421,-0.113525,-0.0520901,-4.98169,0,0,-5,-0.113525,-0.0520901,0.0183105,0.12624,0.0710963,0.0507857,-0.016912,0,0,0
1780640020739453,20.6661,-0.113968,-0.052075,-4.98172,0,0,-5,-0.113968,-0.052075,0.01828,0.126628,0.0721736,0.0520073,-0.017392,0,0,0
1780640020755453,20.6821,-0.114156,-0.0519917,-4.98172,0,0,-5,-0.114156,-0.0519917,0.01828,0.126763,0.0732962,0.0527877,-0.0158271,0,0,0
1780640020771453,20.6981,-0.114248,-0.0518601,-4.98172,0,0,-5,-0.114248,-0.0518601,0.01828,0.126792,0.0747955,0.0526054,-0.015523,0,0,0
1780640020795453,20.7221,-0.114225,-0.0515838,-4.98172,0,0,-5,-0.114225,-0.0515838,0.01828,0.126659,0.0761457,0.0535012,-0.0158673,0,0,0
1780640020819453,20.7461,-0.114014,-0.051191,-4.98181,0,0,-5,-0.114014,-0.051191,0.0181885,0.126296,0.0785393,0.0541854,-0.0169096,0,0,0
1780640020835453,20.7621,-0.113753,-0.0508742,-4.98187,0,0,-5,-0.113753,-0.0508742,0.0181274,0.125923,0.0803634,0.0545383,-0.0186207,0,0,0
1780640020859453,20.7861,-0.113214,-0.0503374,-4.98206,0,0,-5,-0.113214,-0.0503374,0.0179443,0.125193,0.0817233,0.0544801,-0.0198431,0,0,0
1780640020875453,20.8021,-0.112771,-0.0499308,-4.98221,0,0,-5,-0.112771,-0.0499308,0.0177917,0.124608,0.0820576,0.0553477,-0.0201157,0,0,0
1780640020899453,20.8261,-0.111999,-0.0492458,-4.98248,0,0,-5,-0.111999,-0.0492458,0.0175171,0.123595,0.0837722,0.0558076,-0.0200962,0,0,0
1780640020915453,20.8421,-0.111383,-0.0487521,-4.98267,0,0,-5,-0.111383,-0.0487521,0.017334,0.122815,0.0861195,0.0559578,-0.0200561,0,0,0
1780640020939453,20.8661,-0.110343,-0.0479445,-4.98297,0,0,-5,-0.110343,-0.0479445,0.0170288,0.121509,0.08585,0.056659,-0.0184561,0,0,0
1780640020955453,20.8821,-0.109598,-0.0473599,-4.98315,0,0,-5,-0.109598,-0.0473599,0.0168457,0.120576,0.0872216,0.057178,-0.0175607,0,0,0
1780640020979453,20.9061,-0.109948,-0.0476664,-4.98318,0,0,-5,-0.109948,-0.0476664,0.0168152,0.12101,0.0869324,0.0557747,-0.0170285,0,0,0
1780640020995453,20.9221,-0.110587,-0.0482026,-4.98322,0,0,-5,-0.110587,-0.0482026,0.0167847,0.121798,0.0875074,0.0558397,-0.0168512,0,0,0
1780640021019453,20.9461,-0.111326,-0.0489074,-4.98322,0,0,-5,-0.111326,-0.0489074,0.0167847,0.122748,0.08797,0.0530005,-0.0162619,0,0,0
1780640021035453,20.9621,-0.111683,-0.0493031,-4.98325,0,0,-5,-0.111683,-0.0493031,0.0167542,0.123226,0.0881578,0.0527797,-0.0157499,0,0,0
1780640021059453,20.9861,-0.112018,-0.0497794,-4.98331,0,0,-5,-0.112018,-0.0497794,0.0166931,0.123712,0.0892981,0.0518612,-0.0158378,0,0,0
1780640021075453,21.0021,-0.112116,-0.050034,-4.98337,0,0,-5,-0.112116,-0.050034,0.0166321,0.123895,0.0900268,0.0513362,-0.014817,0,0,0
1780640021099453,21.0261,-0.112099,-0.0502928,-4.98349,0,0,-5,-0.112099,-0.0502928,0.01651,0.123968,0.0899268,0.052397,-0.0151241,0,0,0
1780640021115453,21.0421,-0.111989,-0.0503848,-4.98361,0,0,-5,-0.111989,-0.0503848,0.0163879,0.12389,0.0905229,0.0525758,-0.0156592,0,0,0
1780640021139453,21.0661,-0.111689,-0.0504167,-4.98389,0,0,-5,-0.111689,-0.0504167,0.0161133,0.123596,0.0893745,0.0530943,-0.0183511,0,0,0
1780640021155453,21.0821,-0.111407,-0.0503681,-4.98407,0,0,-5,-0.111407,-0.0503681,0.0159302,0.123298,0.0900763,0.054175,-0.0181915,0,0,0
1780640021179453,21.1061,-0.110831,-0.0501769,-4.98441,0,0,-5,-0.110831,-0.0501769,0.0155945,0.122655,0.0910272,0.0554072,-0.0171478,0,0,0
1780640021195453,21.1221,-0.110364,-0.0499767,-4.98462,0,0,-5,-0.110364,-0.0499767,0.0153809,0.122124,0.0913898,0.0562615,-0.0164287,0,0,0
1780640021219453,21.1461,-0.109536,-0.049593,-4.98489,0,0,-5,-0.109536,-0.049593,0.0151062,0.121185,0.0921438,0.0561208,-0.015756,0,0,0
1780640021235453,21.1621,-0.108916,-0.0492756,-4.98502,0,0,-5,-0.108916,-0.0492756,0.0149841,0.120479,0.0925329,0.0571034,-0.0154672,0,0,0
1780640021259453,21.1861,-0.107873,-0.0487415,-4.98526,0,0,-5,-0.107873,-0.0487415,0.01474,0.119288,0.0933845,0.0563238,-0.0164867,0,0,0
1780640021275453,21.2021,-0.107098,-0.0483349,-4.98541,0,0,-5,-0.107098,-0.0483349,0.0145874,0.118402,0.0947672,0.0571261,-0.0157298,0,0,0
1780640021299453,21.2261,-0.105827,-0.0476551,-4.98569,0,0,-5,-0.105827,-0.0476551,0.0143127,0.116941,0.0957239,0.0582847,-0.0151985,0,0,0
1780640021315453,21.2421,-0.104928,-0.0471606,-4.98587,0,0,-5,-0.104928,-0.0471606,0.0141296,0.115903,0.0956689,0.0573981,-0.0150221,0,0,0
1780640021339453,21.2661,-0.103472,-0.0464005,-4.98615,0,0,-5,-0.103472,-0.0464005,0.013855,0.114243,0.097495,0.05601,-0.0142266,0,0,0
1780640021355453,21.2821,-0.102443,-0.0458557,-4.98636,0,0,-5,-0.102443,-0.0458557,0.0136414,0.113064,0.0970771,0.0570757,-0.0149735,0,0,0
1780640021379453,21.3061,-0.102356,-0.0464896,-4.98639,0,0,-5,-0.102356,-0.0464896,0.0136108,0.11324,0.0981502,0.0545484,-0.0162408,0,0,0
1780640021395453,21.3221,-0.102683,-0.0473472,-4.98633,0,0,-5,-0.102683,-0.0473472,0.0136719,0.113897,0.097895,0.0524231,-0.0164669,0,0,0
1780640021411453,21.3381,-0.102892,-0.04812,-4.98633,0,0,-5,-0.102892,-0.04812,0.0136719,0.114408,0.0990913,0.0528134,-0.0174736,0,0,0
1780640021435453,21.3621,-0.103022,-0.0491388,-4.9863,0,0,-5,-0.103022,-0.0491388,0.0137024,0.11496,0.0984963,0.0504102,-0.0179307,0,0,0
1780640021459453,21.3861,-0.102966,-0.0500287,-4.98633,0,0,-5,-0.102966,-0.0500287,0.0136719,0.11529,0.0990143,0.0495028,-0.0174018,0,0,0
1780640021475453,21.4021,-0.102812,-0.0505335,-4.98636,0,0,-5,-0.102812,-0.0505335,0.0136414,0.115369,0.0988564,0.0492123,-0.0171717,0,0,0
1780640021499581,21.4262,-0.102462,-0.0511849,-4.98642,0,0,-5,-0.102462,-0.0511849,0.0135803,0.115338,0.0981284,0.0476423,-0.015696,0,0,0
1780640021515581,21.4422,-0.102129,-0.0515555,-4.98645,0,0,-5,-0.102129,-0.0515555,0.0135498,0.115204,0.0989819,0.0475767,-0.0154753,0,0,0
1780640021539581,21.4662,-0.101492,-0.0519888,-4.98651,0,0,-5,-0.101492,-0.0519888,0.0134888,0.114828,0.0990697,0.0472378,-0.0151045,0,0,0
1780640021555581,21.4822,-0.100986,-0.0522037,-4.98657,0,0,-5,-0.100986,-0.0522037,0.0134277,0.114471,0.0990267,0.04817,-0.0144905,0,0,0
1780640021579581,21.5062,-0.100137,-0.0524344,-4.98669,0,0,-5,-0.100137,-0.0524344,0.0133057,0.113815,0.0980095,0.0474659,-0.0148424,0,0,0
1780640021595581,21.5222,-0.0994946,-0.0525351,-4.98682,0,0,-5,-0.0994946,-0.0525351,0.0131836,0.113283,0.097321,0.046938,-0.0151658,0,0,0
1780640021619581,21.5462,-0.0984571,-0.0525831,-4.98697,0,0,-5,-0.0984571,-0.0525831,0.013031,0.112377,0.0976698,0.0484171,-0.0137978,0,0,0
1780640021635581,21.5622,-0.0976759,-0.0525399,-4.98706,0,0,-5,-0.0976759,-0.0525399,0.0129395,0.111662,0.0984903,0.0488615,-0.0152764,0,0,0
1780640021659581,21.5862,-0.0964261,-0.0524049,-4.98727,0,0,-5,-0.0964261,-0.0524049,0.0127258,0.110482,0.0967611,0.0475945,-0.0154849,0,0,0
1780640021675581,21.6022,-0.0955565,-0.0522784,-4.98743,0,0,-5,-0.0955565,-0.0522784,0.0125732,0.109646,0.0969947,0.0479642,-0.0146077,0,0,0
1780640021699581,21.6262,-0.0941833,-0.0520254,-4.98764,0,0,-5,-0.0941833,-0.0520254,0.0123596,0.108305,0.0955399,0.0457354,-0.01488,0,0,0
1780640021715581,21.6422,-0.0932242,-0.0518352,-4.98776,0,0,-5,-0.0932242,-0.0518352,0.0122375,0.107366,0.0958451,0.0463539,-0.0150795,0,0,0
1780640021739581,21.6662,-0.0916974,-0.0514789,-4.98795,0,0,-5,-0.0916974,-0.0514789,0.0120544,0.105848,0.0960272,0.0467772,-0.0136401,0,0,0
1780640021755581,21.6822,-0.0906294,-0.0512002,-4.98804,0,0,-5,-0.0906294,-0.0512002,0.0119629,0.104777,0.0969392,0.0466992,-0.0146292,0,0,0
1780640021771581,21.6982,-0.091728,-0.0520909,-4.98801,0,0,-5,-0.091728,-0.0520909,0.0119934,0.106167,0.0971129,0.0467914,-0.0141318,0,0,0
1780640021795581,21.7222,-0.0931122,-0.0532722,-4.98795,0,0,-5,-0.0931122,-0.0532722,0.0120544,0.10795,0.0964902,0.0452833,-0.0138342,0,0,0
1780640021811581,21.7382,-0.0938979,-0.053961,-4.98792,0,0,-5,-0.0938979,-0.053961,0.012085,0.108971,0.094828,0.0460855,-0.011875,0,0,0
1780640021835581,21.7622,-0.0948852,-0.0548507,-4.98782,0,0,-5,-0.0948852,-0.0548507,0.0121765,0.110273,0.0929268,0.0458622,-0.0100112,0,0,0
1780640021851581,21.7782,-0.0954113,-0.0553565,-4.98773,0,0,-5,-0.0954113,-0.0553565,0.0122681,0.110987,0.0932715,0.045137,-0.00891443,0,0,0
1780640021875581,21.8022,-0.0959995,-0.0560006,-4.98758,0,0,-5,-0.0959995,-0.0560006,0.0124207,0.111831,0.0938972,0.0441201,-0.00712371,0,0,0
1780640021891581,21.8182,-0.0962568,-0.0563658,-4.98752,0,0,-5,-0.0962568,-0.0563658,0.0124817,0.112242,0.0948056,0.0436049,-0.00743123,0,0,0
1780640021915581,21.8422,-0.0964623,-0.0568241,-4.9874,0,0,-5,-0.0964623,-0.0568241,0.0126038,0.112662,0.0945845,0.0425036,-0.00839918,0,0,0
1780640021939581,21.8662,-0.0964777,-0.0571712,-4.98734,0,0,-5,-0.0964777,-0.0571712,0.0126648,0.112858,0.0939082,0.0432321,-0.0103316,0,0,0
1780640021955581,21.8822,-0.0963947,-0.057332,-4.98734,0,0,-5,-0.0963947,-0.057332,0.0126648,0.112868,0.0937206,0.0423051,-0.0103987,0,0,0
1780640021979581,21.9062,-0.0961479,-0.0574988,-4.98737,0,0,-5,-0.0961479,-0.0574988,0.0126343,0.112739,0.0920143,0.0415481,-0.0106185,0,0,0
1780640021995581,21.9222,-0.0959147,-0.0575573,-4.98743,0,0,-5,-0.0959147,-0.0575573,0.0125732,0.112564,0.0912358,0.0421211,-0.0114074,0,0,0
1780640022019581,21.9462,-0.0954511,-0.0575629,-4.98755,0,0,-5,-0.0954511,-0.0575629,0.0124512,0.112158,0.0909043,0.0421869,-0.0124896,0,0,0
1780640022035581,21.9622,-0.0950554,-0.0575013,-4.98764,0,0,-5,-0.0950554,-0.0575013,0.0123596,0.11178,0.0909102,0.042852,-0.0115763,0,0,0
1780640022059581,21.9862,-0.0943495,-0.0573115,-4.98779,0,0,-5,-0.0943495,-0.0573115,0.012207,0.111065,0.0899166,0.0445526,-0.0109259,0,0,0
1780640022075581,22.0022,-0.0938169,-0.0571214,-4.98792,0,0,-5,-0.0938169,-0.0571214,0.012085,0.110501,0.0907511,0.0452039,-0.0110917,0,0,0
1780640022099581,22.0262,-0.0928898,-0.0567672,-4.98801,0,0,-5,-0.0928898,-0.0567672,0.0119934,0.109521,0.0921693,0.0446719,-0.01142,0,0,0
1780640022115581,22.0422,-0.0922003,-0.0564891,-4.98807,0,0,-5,-0.0922003,-0.0564891,0.0119324,0.108786,0.0919349,0.046033,-0.0116695,0,0,0
1780640022139581,22.0662,-0.0910706,-0.0559867,-4.98819,0,0,-5,-0.0910706,-0.0559867,0.0118103,0.107554,0.0921048,0.046362,-0.0122967,0,0,0
1780640022155581,22.0822,-0.0902743,-0.0556045,-4.98825,0,0,-5,-0.0902743,-0.0556045,0.0117493,0.106674,0.0917475,0.0477235,-0.0107536,0,0,0
1780640022179581,22.1062,-0.0917268,-0.0569425,-4.98822,0,0,-5,-0.0917268,-0.0569425,0.0117798,0.108605,0.0907962,0.0467746,-0.00971021,0,0,0
1780640022195581,22.1222,-0.0925419,-0.0577142,-4.98819,0,0,-5,-0.0925419,-0.0577142,0.0118103,0.109702,0.0902418,0.0476418,-0.0109451,0,0,0
1780640022219581,22.1462,-0.0935365,-0.0586968,-4.98819,0,0,-5,-0.0935365,-0.0586968,0.0118103,0.111058,0.0911555,0.0489235,-0.0115924,0,0,0
1780640022235581,22.1622,-0.0940525,-0.0592393,-4.98822,0,0,-5,-0.0940525,-0.0592393,0.0117798,0.111776,0.0908251,0.0495589,-0.0107662,0,0,0
1780640022259581,22.1862,-0.094611,-0.0598861,-4.98825,0,0,-5,-0.094611,-0.0598861,0.0117493,0.112586,0.0920021,0.0504482,-0.0114857,0,0,0
1780640022275581,22.2022,-0.0948427,-0.0602212,-4.98831,0,0,-5,-0.0948427,-0.0602212,0.0116882,0.112953,0.0932464,0.0516731,-0.0123156,0,0,0
1780640022299581,22.2262,-0.0950143,-0.0605906,-4.9884,0,0,-5,-0.0950143,-0.0605906,0.0115967,0.113285,0.0925108,0.0518809,-0.0113505,0,0,0
1780640022315581,22.2422,-0.095045,-0.0607628,-4.98843,0,0,-5,-0.095045,-0.0607628,0.0115662,0.113399,0.0916568,0.0519517,-0.0115216,0,0,0
1780640022339581,22.2662,-0.0949569,-0.0609047,-4.98853,0,0,-5,-0.0949569,-0.0609047,0.0114746,0.113392,0.0913202,0.0526399,-0.0105155,0,0,0
1780640022355581,22.2822,-0.0947843,-0.0609298,-4.98859,0,0,-5,-0.0947843,-0.0609298,0.0114136,0.113255,0.093267,0.05277,-0.0112873,0,0,0
1780640022379581,22.3062,-0.0943779,-0.0608621,-4.98871,0,0,-5,-0.0943779,-0.0608621,0.0112915,0.112867,0.0920931,0.0529565,-0.0104907,0,0,0
1780640022395581,22.3222,-0.0940588,-0.0607674,-4.98877,0,0,-5,-0.0940588,-0.0607674,0.0112305,0.112543,0.0903332,0.0523258,-0.0094469,0,0,0
1780640022419581,22.3462,-0.0934775,-0.0605304,-4.98886,0,0,-5,-0.0934775,-0.0605304,0.0111389,0.11192,0.0899347,0.0537738,-0.00835305,0,0,0
1780640022435581,22.3622,-0.0930171,-0.0603006,-4.98892,0,0,-5,-0.0930171,-0.0603006,0.0110779,0.111405,0.0900693,0.0548493,-0.00733922,0,0,0
1780640022459581,22.3862,-0.0922322,-0.0598866,-4.98898,0,0,-5,-0.0922322,-0.0598866,0.0110168,0.110519,0.0892554,0.055141,-0.00625221,0,0,0
1780640022475581,22.4022,-0.0916395,-0.0595521,-4.98901,0,0,-5,-0.0916395,-0.0595521,0.0109863,0.109841,0.0893323,0.0550093,-0.00638218,0,0,0
1780640022499581,22.4262,-0.0906458,-0.0589927,-4.98911,0,0,-5,-0.0906458,-0.0589927,0.0108948,0.108699,0.0901042,0.0547544,-0.00760652,0,0,0
1780640022515705,22.4423,-0.0899178,-0.0585746,-4.9892,0,0,-5,-0.0899178,-0.0585746,0.0108032,0.107856,0.0901516,0.055463,-0.00773964,0,0,0
1780640022531705,22.4583,-0.0891603,-0.0581123,-4.98929,0,0,-5,-0.0891603,-0.0581123,0.0107117,0.106964,0.0883929,0.0566563,-0.00751975,0,0,0
1780640022555705,22.4823,-0.0879777,-0.0573621,-4.98941,0,0,-5,-0.0879777,-0.0573621,0.0105896,0.105559,0.0879641,0.0554412,-0.00745865,0,0,0
1780640022571705,22.4983,-0.0881762,-0.0573956,-4.98938,0,0,-5,-0.0881762,-0.0573956,0.0106201,0.105745,0.0868454,0.0560591,-0.0084684,0,0,0
1780640022595705,22.5223,-0.089818,-0.0581556,-4.98911,0,0,-5,-0.089818,-0.0581556,0.0108948,0.107555,0.0862899,0.0559266,-0.00860136,0,0,0
1780640022619705,22.5463,-0.0911692,-0.0587818,-4.98889,0,0,-5,-0.0911692,-0.0587818,0.0111084,0.109044,0.085205,0.0532968,-0.00943894,0,0,0
1780640022635705,22.5623,-0.0919293,-0.0591209,-4.98877,0,0,-5,-0.0919293,-0.0591209,0.0112305,0.109874,0.0849157,0.0533916,-0.00970515,0,0,0
1780640022651705,22.5783,-0.0925746,-0.0594013,-4.98868,0,0,-5,-0.0925746,-0.0594013,0.011322,0.110575,0.0846177,0.053109,-0.00993404,0,0,0
1780640022675705,22.6023,-0.0933872,-0.0597054,-4.98859,0,0,-5,-0.0933872,-0.0597054,0.0114136,0.111428,0.0820031,0.0533572,-0.0113912,0,0,0
1780640022699705,22.6263,-0.0940129,-0.0598636,-4.98856,0,0,-5,-0.0940129,-0.0598636,0.0114441,0.11204,0.0811053,0.0540454,-0.0109701,0,0,0
1780640022715705,22.6423,-0.0943124,-0.0599021,-4.98853,0,0,-5,-0.0943124,-0.0599021,0.0114746,0.112315,0.0817915,0.052823,-0.0109388,0,0,0
1780640022739705,22.6663,-0.0946037,-0.0598881,-4.98853,0,0,-5,-0.0946037,-0.0598881,0.0114746,0.112553,0.0810488,0.0527596,-0.0105435,0,0,0
1780640022755705,22.6823,-0.0946946,-0.0598312,-4.98853,0,0,-5,-0.0946946,-0.0598312,0.0114746,0.112599,0.0812012,0.0520306,-0.0105341,0,0,0
1780640022779705,22.7063,-0.0946859,-0.0596746,-4.98853,0,0,-5,-0.0946859,-0.0596746,0.0114746,0.112508,0.0819477,0.0511589,-0.00816914,0,0,0
1780640022795705,22.7223,-0.0945835,-0.0595246,-4.98856,0,0,-5,-0.0945835,-0.0595246,0.0114441,0.11234,0.0814655,0.0515525,-0.00780954,0,0,0
1780640022811705,22.7383,-0.0944166,-0.0593221,-4.98856,0,0,-5,-0.0944166,-0.0593221,0.0114441,0.112092,0.0821466,0.0515092,-0.00835493,0,0,0
1780640022835705,22.7623,-0.0940243,-0.0589639,-4.98862,0,0,-5,-0.0940243,-0.0589639,0.0113831,0.111566,0.0824523,0.0507308,-0.00855949,0,0,0
1780640022859705,22.7863,-0.093494,-0.0585157,-4.98868,0,0,-5,-0.093494,-0.0585157,0.011322,0.110876,0.0821974,0.0515087,-0.0101218,0,0,0
1780640022875705,22.8023,-0.0930833,-0.0581692,-4.98877,0,0,-5,-0.0930833,-0.0581692,0.0112305,0.110337,0.0813676,0.051419,-0.0106314,0,0,0
1780640022899705,22.8263,-0.0923853,-0.05758,-4.98895,0,0,-5,-0.0923853,-0.05758,0.0110474,0.109419,0.0815383,0.0518589,-0.0123962,0,0,0
1780640022915705,22.8423,-0.0918599,-0.0571374,-4.98911,0,0,-5,-0.0918599,-0.0571374,0.0108948,0.108727,0.0808151,0.0523906,-0.0131664,0,0,0
1780640022939705,22.8663,-0.0909669,-0.0564116,-4.98932,0,0,-5,-0.0909669,-0.0564116,0.0106812,0.10757,0.0818695,0.0532594,-0.0120495,0,0,0
1780640022955705,22.8823,-0.0903071,-0.0558737,-4.98944,0,0,-5,-0.0903071,-0.0558737,0.0105591,0.106718,0.0818795,0.0544668,-0.0116647,0,0,0
1780640022971705,22.8983,-0.090474,-0.0559705,-4.98953,0,0,-5,-0.090474,-0.0559705,0.0104675,0.106901,0.0817432,0.0543125,-0.0113388,0,0,0
1780640022995705,22.9223,-0.091857,-0.0569962,-4.98953,0,0,-5,-0.091857,-0.0569962,0.0104675,0.108609,0.080568,0.0541742,-0.0108079,0,0,0
1780640023019705,22.9463,-0.0929727,-0.0578165,-4.98947,0,0,-5,-0.0929727,-0.0578165,0.0105286,0.109989,0.0806042,0.0544257,-0.00934703,0,0,0
1780640023035705,22.9623,-0.0935938,-0.058258,-4.98947,0,0,-5,-0.0935938,-0.058258,0.0105286,0.110746,0.0795001,0.0549592,-0.00917619,0,0,0
1780640023059705,22.9863,-0.0943248,-0.0587934,-4.98944,0,0,-5,-0.0943248,-0.0587934,0.0105591,0.111648,0.0806546,0.0536562,-0.0077988,0,0,0
1780640023075705,23.0023,-0.0946855,-0.059068,-4.98941,0,0,-5,-0.0946855,-0.059068,0.0105896,0.1121,0.0796051,0.0546722,-0.00685312,0,0,0
1780640023099705,23.0263,-0.0950703,-0.0593427,-4.98932,0,0,-5,-0.0950703,-0.0593427,0.0106812,0.112579,0.0801472,0.0548887,-0.0066519,0,0,0
1780640023115705,23.0423,-0.0952093,-0.0594495,-4.98929,0,0,-5,-0.0952093,-0.0594495,0.0107117,0.112755,0.0810109,0.0558833,-0.00779546,0,0,0
1780640023139705,23.0663,-0.0952477,-0.0594866,-4.98929,0,0,-5,-0.0952477,-0.0594866,0.0107117,0.112807,0.0820202,0.0552571,-0.00862475,0,0,0
1780640023155705,23.0823,-0.0951659,-0.0594556,-4.98932,0,0,-5,-0.0951659,-0.0594556,0.0106812,0.112719,0.0829209,0.0554057,-0.00912215,0,0,0
1780640023179705,23.1063,-0.0948706,-0.0593288,-4.98938,0,0,-5,-0.0948706,-0.0593288,0.0106201,0.112397,0.0839325,0.0551856,-0.00922818,0,0,0
1780640023195705,23.1223,-0.0945776,-0.0591944,-4.98944,0,0,-5,-0.0945776,-0.0591944,0.0105591,0.112073,0.0840957,0.0538429,-0.00933609,0,0,0
1780640023219705,23.1463,-0.0940364,-0.0589595,-4.98953,0,0,-5,-0.0940364,-0.0589595,0.0104675,0.111484,0.0827058,0.0530534,-0.00968388,0,0,0
1780640023235705,23.1623,-0.0936086,-0.0587435,-4.98965,0,0,-5,-0.0936086,-0.0587435,0.0103455,0.110997,0.0838336,0.0530159,-0.0098622,0,0,0
1780640023259705,23.1863,-0.0928464,-0.058351,-4.98984,0,0,-5,-0.0928464,-0.058351,0.0101624,0.11013,0.0843217,0.0528062,-0.00960831,0,0,0
1780640023275705,23.2023,-0.0922585,-0.0580473,-4.98996,0,0,-5,-0.0922585,-0.0580473,0.0100403,0.109462,0.0853173,0.0527458,-0.0104686,0,0,0
1780640023291705,23.2183,-0.0916091,-0.0577038,-4.99011,0,0,-5,-0.0916091,-0.0577038,0.0098877,0.108719,0.0854571,0.0539474,-0.00972125,0,0,0
1780640023315705,23.2423,-0.0905249,-0.0571059,-4.99039,0,0,-5,-0.0905249,-0.0571059,0.00961304,0.107463,0.0853874,0.054379,-0.0108687,0,0,0
1780640023339705,23.2663,-0.0893415,-0.0564507,-4.99069,0,0,-5,-0.0893415,-0.0564507,0.00930786,0.106091,0.0851037,0.0539522,-0.00959016,0,0,0
1780640023355705,23.2823,-0.0884929,-0.0559694,-4.99088,0,0,-5,-0.0884929,-0.0559694,0.00912476,0.105104,0.0858586,0.0547803,-0.0105654,0,0,0
1780640023379705,23.3063,-0.0892679,-0.0563372,-4.99097,0,0,-5,-0.0892679,-0.0563372,0.0090332,0.105944,0.0863805,0.0553164,-0.0109197,0,0,0
1780640023395705,23.3223,-0.0903525,-0.0568888,-4.99094,0,0,-5,-0.0903525,-0.0568888,0.00906372,0.107154,0.0853127,0.054115,-0.00994475,0,0,0
1780640023419705,23.3463,-0.0917381,-0.0575956,-4.99091,0,0,-5,-0.0917381,-0.0575956,0.00909424,0.108701,0.0856612,0.0528296,-0.00996279,0,0,0
1780640023435705,23.3623,-0.0925017,-0.0579863,-4.99091,0,0,-5,-0.0925017,-0.0579863,0.00909424,0.109552,0.0855436,0.0524235,-0.011052,0,0,0
1780640023459705,23.3863,-0.0934422,-0.0584655,-4.99094,0,0,-5,-0.0934422,-0.0584655,0.00906372,0.110597,0.0854832,0.0507165,-0.0108698,0,0,0
1780640023475705,23.4023,-0.0939323,-0.058718,-4.99094,0,0,-5,-0.0939323,-0.058718,0.00906372,0.111145,0.0856484,0.05158,-0.0107109,0,0,0
1780640023491705,23.4183,-0.0943207,-0.0588897,-4.99097,0,0,-5,-0.0943207,-0.0588897,0.0090332,0.111562,0.0855352,0.0523288,-0.0095924,0,0,0
1780640023515831,23.4425,-0.0947334,-0.0590412,-4.991,0,0,-5,-0.0947334,-0.0590412,0.00900269,0.111988,0.0851396,0.0525143,-0.00987527,0,0,0
1780640023539831,23.4665,-0.0949545,-0.059062,-4.99106,0,0,-5,-0.0949545,-0.059062,0.00894165,0.112181,0.0843627,0.0520732,-0.0106943,0,0,0
1780640023555831,23.4825,-0.0950084,-0.0590318,-4.99109,0,0,-5,-0.0950084,-0.0590318,0.00891113,0.112209,0.0840548,0.0509611,-0.00913362,0,0,0
1780640023579831,23.5065,-0.094942,-0.0589289,-4.99115,0,0,-5,-0.094942,-0.0589289,0.0088501,0.112093,0.0837016,0.0499639,-0.00912104,0,0,0
1780640023595831,23.5225,-0.094812,-0.0588034,-4.99121,0,0,-5,-0.094812,-0.0588034,0.00878906,0.111912,0.0840496,0.0506887,-0.00843021,0,0,0
1780640023619831,23.5465,-0.0944663,-0.0585366,-4.9913,0,0,-5,-0.0944663,-0.0585366,0.00869751,0.111472,0.085033,0.0497778,-0.0103784,0,0,0
1780640023635831,23.5625,-0.0941353,-0.0583048,-4.99136,0,0,-5,-0.0941353,-0.0583048,0.00863647,0.111065,0.0865152,0.0508248,-0.0104257,0,0,0
1780640023659831,23.5865,-0.0935036,-0.0578848,-4.99149,0,0,-5,-0.0935036,-0.0578848,0.0085144,0.1103,0.0865793,0.0510494,-0.00917994,0,0,0
1780640023675831,23.6025,-0.0930177,-0.0575382,-4.99158,0,0,-5,-0.0930177,-0.0575382,0.00842285,0.109699,0.0859422,0.0522144,-0.00904806,0,0,0
1780640023699831,23.6265,-0.0921921,-0.0569313,-4.9917,0,0,-5,-0.0921921,-0.0569313,0.00830078,0.108671,0.0865752,0.0529377,-0.00848947,0,0,0
1780640023715831,23.6425,-0.0915729,-0.0564837,-4.99176,0,0,-5,-0.0915729,-0.0564837,0.00823975,0.107907,0.0864355,0.0526592,-0.00856327,0,0,0
1780640023739831,23.6665,-0.0905416,-0.0557842,-4.99188,0,0,-5,-0.0905416,-0.0557842,0.00811768,0.106656,0.087487,0.0517769,-0.00806204,0,0,0
1780640023755831,23.6825,-0.089795,-0.0552781,-4.99197,0,0,-5,-0.089795,-0.0552781,0.00802612,0.105751,0.0883062,0.0516903,-0.00826906,0,0,0
1780640023779831,23.7065,-0.0903444,-0.0554065,-4.99191,0,0,-5,-0.0903444,-0.0554065,0.00808716,0.106289,0.0886627,0.0503233,-0.00930209,0,0,0
1780640023795831,23.7225,-0.091156,-0.0557322,-4.99179,0,0,-5,-0.091156,-0.0557322,0.00820923,0.107158,0.089004,0.050149,-0.00952777,0,0,0
1780640023819831,23.7465,-0.0921516,-0.0560884,-4.99167,0,0,-5,-0.0921516,-0.0560884,0.0083313,0.1082,0.0879929,0.0504989,-0.0100443,0,0,0
1780640023835831,23.7625,-0.0926945,-0.0562495,-4.99161,0,0,-5,-0.0926945,-0.0562495,0.00839233,0.108751,0.0869797,0.0501384,-0.0116971,0,0,0
1780640023859831,23.7865,-0.0933325,-0.0563899,-4.99158,0,0,-5,-0.0933325,-0.0563899,0.00842285,0.10937,0.0859907,0.0499327,-0.012193,0,0,0
1780640023875831,23.8025,-0.0936486,-0.0564173,-4.99155,0,0,-5,-0.0936486,-0.0564173,0.00845337,0.109656,0.0846082,0.049683,-0.0115946,0,0,0
1780640023899831,23.8265,-0.0939788,-0.056355,-4.99155,0,0,-5,-0.0939788,-0.056355,0.00845337,0.109906,0.0843467,0.050178,-0.0122269,0,0,0
1780640023915831,23.8425,-0.0941071,-0.0562486,-4.99155,0,0,-5,-0.0941071,-0.0562486,0.00845337,0.109961,0.0830072,0.0506446,-0.0121316,0,0,0
1780640023939831,23.8665,-0.0941824,-0.056003,-4.99155,0,0,-5,-0.0941824,-0.056003,0.00845337,0.109901,0.0820613,0.0517314,-0.0115615,0,0,0
1780640023955831,23.8825,-0.0941385,-0.0557728,-4.99158,0,0,-5,-0.0941385,-0.0557728,0.00842285,0.109743,0.0819908,0.0513209,-0.0121453,0,0,0
1780640023979831,23.9065,-0.0939418,-0.0553498,-4.99164,0,0,-5,-0.0939418,-0.0553498,0.00836182,0.109355,0.0818187,0.051732,-0.0123957,0,0,0
1780640023995831,23.9225,-0.0937215,-0.0550183,-4.99167,0,0,-5,-0.0937215,-0.0550183,0.0083313,0.108996,0.0820115,0.0527817,-0.0113243,0,0,0
1780640024011831,23.9385,-0.0934276,-0.0546398,-4.9917,0,0,-5,-0.0934276,-0.0546398,0.00830078,0.10855,0.0830767,0.0529595,-0.010944,0,0,0
1780640024035831,23.9625,-0.0928652,-0.0539987,-4.99176,0,0,-5,-0.0928652,-0.0539987,0.00823975,0.107739,0.082885,0.0543225,-0.0094837,0,0,0
1780640024051831,23.9785,-0.0924261,-0.0535406,-4.99179,0,0,-5,-0.0924261,-0.0535406,0.00820923,0.107129,0.0825606,0.0525445,-0.00873171,0,0,0
1780640024075831,24.0025,-0.0916411,-0.0528155,-4.99182,0,0,-5,-0.0916411,-0.0528155,0.00817871,0.106087,0.0841292,0.0532088,-0.00865286,0,0,0
1780640024099831,24.0265,-0.0906934,-0.0520172,-4.99188,0,0,-5,-0.0906934,-0.0520172,0.00811768,0.104866,0.0849835,0.0527218,-0.00823507,0,0,0
1780640024115831,24.0425,-0.0900008,-0.0514568,-4.99188,0,0,-5,-0.0900008,-0.0514568,0.00811768,0.10399,0.0854203,0.0529929,-0.00632294,0,0,0
1780640024139831,24.0665,-0.0888715,-0.0505777,-4.99191,0,0,-5,-0.0888715,-0.0505777,0.00808716,0.102575,0.0861795,0.0524862,-0.00594358,0,0,0
1780640024155831,24.0825,-0.0880448,-0.0499727,-4.99191,0,0,-5,-0.0880448,-0.0499727,0.00808716,0.101561,0.0872555,0.0516597,-0.00437381,0,0,0
1780640024179831,24.1065,-0.0888417,-0.0496798,-4.99167,0,0,-5,-0.0888417,-0.0496798,0.0083313,0.102129,0.0863897,0.0502888,-0.00325046,0,0,0
1780640024195831,24.1225,-0.0899308,-0.0496394,-4.99146,0,0,-5,-0.0899308,-0.0496394,0.00854492,0.103076,0.0870594,0.0506972,-0.00343161,0,0,0
1780640024219831,24.1465,-0.0913176,-0.0494878,-4.99118,0,0,-5,-0.0913176,-0.0494878,0.00881958,0.104239,0.0858687,0.0507886,-0.00298138,0,0,0
1780640024235831,24.1625,-0.0920967,-0.0493227,-4.991,0,0,-5,-0.0920967,-0.0493227,0.00900269,0.10486,0.0854914,0.0515546,-0.00260966,0,0,0
1780640024259831,24.1865,-0.0930428,-0.0489771,-4.99072,0,0,-5,-0.0930428,-0.0489771,0.00927734,0.105555,0.086047,0.0517417,-0.00253084,0,0,0
1780640024275831,24.2025,-0.0935276,-0.0486983,-4.99054,0,0,-5,-0.0935276,-0.0486983,0.00946045,0.10587,0.0857451,0.0518953,-0.00274196,0,0,0
1780640024299831,24.2265,-0.0940806,-0.0482085,-4.99036,0,0,-5,-0.0940806,-0.0482085,0.00964355,0.106152,0.0854634,0.0520567,-0.00461953,0,0,0
1780640024315831,24.2425,-0.0943297,-0.047832,-4.99023,0,0,-5,-0.0943297,-0.047832,0.00976562,0.106214,0.0854638,0.0527211,-0.00470167,0,0,0
1780640024339831,24.2665,-0.0945534,-0.0472033,-4.99014,0,0,-5,-0.0945534,-0.0472033,0.00985718,0.10614,0.0841253,0.0532378,-0.00725075,0,0,0
1780640024355831,24.2825,-0.094602,-0.0467299,-4.99011,0,0,-5,-0.094602,-0.0467299,0.0098877,0.105976,0.0846524,0.0544484,-0.0080023,0,0,0
1780640024371831,24.2985,-0.0945701,-0.0462179,-4.99008,0,0,-5,-0.0945701,-0.0462179,0.00991821,0.105726,0.0842997,0.054339,-0.0086109,0,0,0
1780640024395831,24.3225,-0.0943658,-0.0454002,-4.99008,0,0,-5,-0.0943658,-0.0454002,0.00991821,0.105188,0.084762,0.0538704,-0.00746193,0,0,0
1780640024419831,24.3465,-0.0940102,-0.044542,-4.99011,0,0,-5,-0.0940102,-0.044542,0.0098877,0.104497,0.0846871,0.0535054,-0.00873122,0,0,0
1780640024435831,24.3625,-0.0936888,-0.0439406,-4.99017,0,0,-5,-0.0936888,-0.0439406,0.00982666,0.103947,0.085182,0.0537251,-0.00977555,0,0,0
1780640024459831,24.3865,-0.0930642,-0.0430102,-4.99033,0,0,-5,-0.0930642,-0.0430102,0.00967407,0.102978,0.0852985,0.0521829,-0.0095487,0,0,0
1780640024475831,24.4025,-0.0925868,-0.042378,-4.99042,0,0,-5,-0.0925868,-0.042378,0.00958252,0.102274,0.0846912,0.0522185,-0.00911722,0,0,0
1780640024499831,24.4265,-0.0917914,-0.0413964,-4.99054,0,0,-5,-0.0917914,-0.0413964,0.00946045,0.101138,0.0828003,0.052683,-0.00756684,0,0,0
1780640024515959,24.4426,-0.0912142,-0.0407133,-4.99063,0,0,-5,-0.0912142,-0.0407133,0.0093689,0.100326,0.0823565,0.0528556,-0.00800011,0,0,0
1780640024539959,24.4666,-0.0902544,-0.0396515,-4.99081,0,0,-5,-0.0902544,-0.0396515,0.00918579,0.0990075,0.0820554,0.0523344,-0.00943523,0,0,0
1780640024555959,24.4826,-0.0895621,-0.0389267,-4.99097,0,0,-5,-0.0895621,-0.0389267,0.0090332,0.0980727,0.0826874,0.0519544,-0.00960519,0,0,0
1780640024579959,24.5066,-0.0896087,-0.0382563,-4.991,0,0,-5,-0.0896087,-0.0382563,0.00900269,0.0978484,0.0832751,0.0515859,-0.0107355,0,0,0
1780640024595959,24.5226,-0.0899116,-0.0379303,-4.991,0,0,-5,-0.0899116,-0.0379303,0.00900269,0.0979993,0.0837763,0.0504771,-0.0106035,0,0,0
1780640024619959,24.5466,-0.0901675,-0.0373955,-4.991,0,0,-5,-0.0901675,-0.0373955,0.00900269,0.0980289,0.08476,0.05037,-0.00949996,0,0,0
1780640024635959,24.5626,-0.0902205,-0.0369986,-4.991,0,0,-5,-0.0902205,-0.0369986,0.00900269,0.0979269,0.0846893,0.0497465,-0.0104334,0,0,0
1780640024659959,24.5866,-0.0901366,-0.0363356,-4.99106,0,0,-5,-0.0901366,-0.0363356,0.00894165,0.0975953,0.0849476,0.0508752,-0.00986144,0,0,0
1780640024675959,24.6026,-0.0899866,-0.0358507,-4.99112,0,0,-5,-0.0899866,-0.0358507,0.00888062,0.0972714,0.0849263,0.051493,-0.00869787,0,0,0
1780640024699959,24.6266,-0.0896126,-0.0350495,-4.99115,0,0,-5,-0.0896126,-0.0350495,0.0088501,0.0966292,0.0855788,0.0514983,-0.00895192,0,0,0
1780640024715959,24.6426,-0.0892838,-0.0344952,-4.99121,0,0,-5,-0.0892838,-0.0344952,0.00878906,0.0961185,0.0851238,0.051678,-0.0106211,0,0,0
1780640024739959,24.6666,-0.0886661,-0.0336199,-4.99133,0,0,-5,-0.0886661,-0.0336199,0.00866699,0.0952212,0.0853959,0.0509123,-0.0104282,0,0,0
1780640024755959,24.6826,-0.0881787,-0.0330309,-4.99142,0,0,-5,-0.0881787,-0.0330309,0.00857544,0.0945519,0.0849533,0.0504252,-0.0110131,0,0,0
1780640024779959,24.7066,-0.0873361,-0.0321108,-4.99158,0,0,-5,-0.0873361,-0.0321108,0.00842285,0.0934325,0.0846169,0.0506768,-0.0111924,0,0,0
1780640024795959,24.7226,-0.0867234,-0.0314701,-4.9917,0,0,-5,-0.0867234,-0.0314701,0.00830078,0.0926294,0.0845994,0.0504223,-0.0108815,0,0,0
1780640024819959,24.7466,-0.0857077,-0.0305018,-4.99188,0,0,-5,-0.0857077,-0.0305018,0.00811768,0.0913349,0.0843009,0.0490373,-0.011458,0,0,0
1780640024835959,24.7626,-0.0849728,-0.0298448,-4.99203,0,0,-5,-0.0849728,-0.0298448,0.00796509,0.0904131,0.0846948,0.0499401,-0.0113322,0,0,0
1780640024859959,24.7866,-0.0837979,-0.028807,-4.99228,0,0,-5,-0.0837979,-0.028807,0.00772095,0.0889468,0.0842049,0.0507099,-0.0112075,0,0,0
1780640024875959,24.8026,-0.082949,-0.0281086,-4.99243,0,0,-5,-0.082949,-0.0281086,0.00756836,0.0879086,0.085519,0.0490126,-0.010355,0,0,0
1780640024899959,24.8266,-0.0815674,-0.0270421,-4.99268,0,0,-5,-0.0815674,-0.0270421,0.00732422,0.0862448,0.0860232,0.0491521,-0.00912035,0,0,0
1780640024915959,24.8426,-0.0805953,-0.0263052,-4.99283,0,0,-5,-0.0805953,-0.0263052,0.00717163,0.0850823,0.0861373,0.049724,-0.00929028,0,0,0
1780640024939959,24.8666,-0.0790551,-0.0251562,-4.99304,0,0,-5,-0.0790551,-0.0251562,0.00695801,0.0832524,0.0873,0.05114,-0.00923413,0,0,0
1780640024955959,24.8826,-0.0779842,-0.0243604,-4.99319,0,0,-5,-0.0779842,-0.0243604,0.00680542,0.0819834,0.0873732,0.0521838,-0.00956322,0,0,0
1780640024979959,24.9066,-0.077739,-0.0235021,-4.99329,0,0,-5,-0.077739,-0.0235021,0.00671387,0.081491,0.0869391,0.0509618,-0.00919417,0,0,0
1780640024995959,24.9226,-0.0779573,-0.023041,-4.99332,0,0,-5,-0.0779573,-0.023041,0.00668335,0.0815653,0.0870005,0.0501487,-0.00885287,0,0,0
1780640025011959,24.9386,-0.0780845,-0.022568,-4.99335,0,0,-5,-0.0780845,-0.022568,0.00665283,0.0815523,0.0860894,0.0485233,-0.00772082,0,0,0
1780640025035959,24.9626,-0.0781207,-0.0218662,-4.99335,0,0,-5,-0.0781207,-0.0218662,0.00665283,0.0813955,0.0855004,0.0460733,-0.00514756,0,0,0
1780640025059959,24.9866,-0.0779977,-0.0211358,-4.99332,0,0,-5,-0.0779977,-0.0211358,0.00668335,0.0810866,0.0837602,0.0467399,-0.00555555,0,0,0
1780640025075959,25.0026,-0.0778468,-0.0206156,-4.99335,0,0,-5,-0.0778468,-0.0206156,0.00665283,0.0808046,0.0826472,0.0466855,-0.00699194,0,0,0
1780640025091959,25.0186,-0.0776334,-0.0200845,-4.99338,0,0,-5,-0.0776334,-0.0200845,0.00662231,0.0804624,0.0819433,0.0457812,-0.00747864,0,0,0
1780640025115959,25.0426,-0.0772058,-0.0192988,-4.99347,0,0,-5,-0.0772058,-0.0192988,0.00653076,0.0798488,0.0811933,0.043322,-0.0067899,0,0,0
1780640025131959,25.0586,-0.0768332,-0.0187719,-4.9935,0,0,-5,-0.0768332,-0.0187719,0.00650024,0.0793598,0.0825513,0.0428617,-0.0070586,0,0,0
1780640025155959,25.0826,-0.0761496,-0.0179557,-4.99362,0,0,-5,-0.0761496,-0.0179557,0.00637817,0.0784975,0.0827775,0.0424985,-0.00773996,0,0,0
1780640025179959,25.1066,-0.0753395,-0.0171056,-4.99374,0,0,-5,-0.0753395,-0.0171056,0.0062561,0.0775099,0.0822497,0.0429698,-0.00875132,0,0,0
1780640025195959,25.1226,-0.0747433,-0.0165243,-4.99387,0,0,-5,-0.0747433,-0.0165243,0.00613403,0.0767935,0.0815854,0.0426736,-0.00943276,0,0,0
1780640025219959,25.1466,-0.0737772,-0.0155985,-4.99402,0,0,-5,-0.0737772,-0.0155985,0.00598145,0.075645,0.0804319,0.0444413,-0.00779018,0,0,0
1780640025235959,25.1626,-0.0730819,-0.0149674,-4.99411,0,0,-5,-0.0730819,-0.0149674,0.00588989,0.074831,0.0806949,0.0433297,-0.006212,0,0,0
1780640025259959,25.1866,-0.071976,-0.0140106,-4.99423,0,0,-5,-0.071976,-0.0140106,0.00576782,0.0735534,0.0807165,0.0428206,-0.00432574,0,0,0
1780640025275959,25.2026,-0.071181,-0.0133684,-4.99429,0,0,-5,-0.071181,-0.0133684,0.00570679,0.07265,0.0805934,0.042455,-0.00460025,0,0,0
1780640025299959,25.2266,-0.0699339,-0.0124067,-4.99442,0,0,-5,-0.0699339,-0.0124067,0.00558472,0.0712451,0.0800173,0.0421143,-0.00622729,0,0,0
1780640025315959,25.2426,-0.0690464,-0.0117539,-4.99451,0,0,-5,-0.0690464,-0.0117539,0.00549316,0.0702548,0.0809373,0.0416035,-0.00585486,0,0,0
1780640025339959,25.2666,-0.0676376,-0.0107599,-4.99466,0,0,-5,-0.0676376,-0.0107599,0.00534058,0.068696,0.0802809,0.0414811,-0.00537076,0,0,0
1780640025355959,25.2826,-0.0666633,-0.0100898,-4.99475,0,0,-5,-0.0666633,-0.0100898,0.00524902,0.0676266,0.079876,0.0419712,-0.00484381,0,0,0
1780640025379959,25.3066,-0.0665349,-0.0102426,-4.9949,0,0,-5,-0.0665349,-0.0102426,0.00509644,0.0675113,0.0780153,0.0401993,-0.00516662,0,0,0
1780640025395959,25.3226,-0.0668186,-0.0106911,-4.99503,0,0,-5,-0.0668186,-0.0106911,0.00497437,0.0678511,0.0777618,0.039102,-0.0044812,0,0,0
1780640025419959,25.3466,-0.067087,-0.0112898,-4.99518,0,0,-5,-0.067087,-0.0112898,0.00482178,0.0682009,0.0766974,0.0370034,-0.00359451,0,0,0
1780640025435959,25.3626,-0.0671852,-0.0116417,-4.99527,0,0,-5,-0.0671852,-0.0116417,0.00473022,0.0683502,0.0757156,0.0357543,-0.00330614,0,0,0
1780640025451959,25.3786,-0.0672139,-0.0119616,-4.99536,0,0,-5,-0.0672139,-0.0119616,0.00463867,0.0684274,0.0758047,0.0349897,-0.0033732,0,0,0
1780640025475959,25.4026,-0.0671035,-0.0123927,-4.99551,0,0,-5,-0.0671035,-0.0123927,0.00448608,0.0683856,0.0745316,0.0315601,-0.00398618,0,0,0
1780640025499959,25.4266,-0.0668642,-0.0127878,-4.9957,0,0,-5,-0.0668642,-0.0127878,0.00430298,0.0682119,0.07462,0.0300257,-0.00455957,0,0,0
1780640025515959,25.4426,-0.0666226,-0.0130141,-4.99582,0,0,-5,-0.0666226,-0.0130141,0.00418091,0.0680104,0.0741817,0.0293605,-0.00586131,0,0,0
1780640025540089,25.4667,-0.0661677,-0.0132859,-4.99603,0,0,-5,-0.0661677,-0.0132859,0.00396729,0.0676049,0.0738896,0.0298997,-0.00572095,0,0,0
1780640025556089,25.4827,-0.0657959,-0.013407,-4.99622,0,0,-5,-0.0657959,-0.013407,0.00378418,0.0672545,0.0740565,0.0298921,-0.00567172,0,0,0
1780640025572089,25.4987,-0.0653696,-0.0135062,-4.9964,0,0,-5,-0.0653696,-0.0135062,0.00360107,0.0668474,0.0739683,0.0294033,-0.00592579,0,0,0
1780640025596089,25.5227,-0.0646444,-0.0135891,-4.99667,0,0,-5,-0.0646444,-0.0135891,0.00332642,0.0661409,0.0730087,0.0293242,-0.00591903,0,0,0
1780640025620089,25.5467,-0.0638519,-0.0136104,-4.99692,0,0,-5,-0.0638519,-0.0136104,0.00308228,0.0653591,0.071443,0.0285146,-0.00557008,0,0,0
1780640025636089,25.5627,-0.063282,-0.0135984,-4.99704,0,0,-5,-0.063282,-0.0135984,0.00296021,0.0647942,0.0708844,0.0275812,-0.00570466,0,0,0
1780640025660089,25.5867,-0.0623619,-0.0135562,-4.99728,0,0,-5,-0.0623619,-0.0135562,0.00271606,0.0638761,0.0708722,0.0263132,-0.00660715,0,0,0
1780640025676089,25.6027,-0.0617103,-0.0135091,-4.99741,0,0,-5,-0.0617103,-0.0135091,0.00259399,0.0632249,0.0695055,0.0251333,-0.00616514,0,0,0
1780640025700089,25.6267,-0.0606724,-0.0134274,-4.99765,0,0,-5,-0.0606724,-0.0134274,0.00234985,0.0621849,0.0708711,0.0232504,-0.00459032,0,0,0
1780640025716089,25.6427,-0.0599216,-0.0133679,-4.99777,0,0,-5,-0.0599216,-0.0133679,0.00222778,0.0614351,0.0701975,0.0222455,-0.00488233,0,0,0
1780640025740089,25.6667,-0.0587578,-0.013255,-4.99799,0,0,-5,-0.0587578,-0.013255,0.00201416,0.060268,0.0693833,0.021591,-0.00526397,0,0,0
1780640025756089,25.6827,-0.0579666,-0.0131683,-4.99811,0,0,-5,-0.0579666,-0.0131683,0.00189209,0.0594736,0.0681918,0.0212648,-0.00509668,0,0,0
1780640025780089,25.7067,-0.0580311,-0.013719,-4.99829,0,0,-5,-0.0580311,-0.013719,0.00170898,0.0596552,0.0676963,0.0196539,-0.00417559,0,0,0
1780640025796089,25.7227,-0.0584162,-0.0142888,-4.99841,0,0,-5,-0.0584162,-0.0142888,0.00158691,0.0601593,0.0670937,0.0190168,-0.00304283,0,0,0
1780640025820089,25.7467,-0.0588225,-0.0150548,-4.99857,0,0,-5,-0.0588225,-0.0150548,0.00143433,0.0607354,0.0683279,0.0187276,-0.00282197,0,0,0
1780640025836089,25.7627,-0.0589948,-0.0155124,-4.99866,0,0,-5,-0.0589948,-0.0155124,0.00134277,0.061015,0.0676172,0.0179497,-0.00329123,0,0,0
1780640025860089,25.7867,-0.0591248,-0.0161368,-4.99884,0,0,-5,-0.0591248,-0.0161368,0.00115967,0.0612983,0.0674238,0.0162469,-0.0022681,0,0,0
1780640025876089,25.8027,-0.0591292,-0.0165237,-4.99893,0,0,-5,-0.0591292,-0.0165237,0.00106812,0.0614039,0.067141,0.015947,-0.00233417,0,0,0
1780640025900089,25.8267,-0.0590079,-0.0170532,-4.99905,0,0,-5,-0.0590079,-0.0170532,0.000946045,0.06143,0.0678182,0.0145156,-0.0012601,0,0,0
1780640025916089,25.8427,-0.0588442,-0.0173712,-4.99911,0,0,-5,-0.0588442,-0.0173712,0.00088501,0.0613611,0.0678306,0.0145087,0.000363343,0,0,0
1780640025940089,25.8667,-0.0585239,-0.0177803,-4.99918,0,0,-5,-0.0585239,-0.0177803,0.000823975,0.0611708,0.0662913,0.0147178,-0.00097536,0,0,0
1780640025956089,25.8827,-0.0582547,-0.0180133,-4.99921,0,0,-5,-0.0582547,-0.0180133,0.000793457,0.0609813,0.0664256,0.015097,8.32632e-06,0,0,0
1780640025980089,25.9067,-0.0577718,-0.0182914,-4.99927,0,0,-5,-0.0577718,-0.0182914,0.000732422,0.0606028,0.0655608,0.0150439,0.00107531,0,0,0
1780640025996089,25.9227,-0.0573904,-0.0184504,-4.9993,0,0,-5,-0.0573904,-0.0184504,0.000701904,0.0602874,0.0652094,0.0144779,0.00140827,0,0,0
1780640026020089,25.9467,-0.0567645,-0.0186477,-4.99933,0,0,-5,-0.0567645,-0.0186477,0.000671387,0.0597528,0.0640765,0.0144098,0.00148993,0,0,0
1780640026036089,25.9627,-0.056303,-0.0187697,-4.99933,0,0,-5,-0.056303,-0.0187697,0.000671387,0.059353,0.0637344,0.0128951,0.00194819,0,0,0
1780640026060089,25.9867,-0.0555648,-0.0188945,-4.99936,0,0,-5,-0.0555648,-0.0188945,0.000640869,0.058693,0.0624556,0.0152322,0.00240028,0,0,0
1780640026076089,26.0027,-0.0550384,-0.0189375,-4.99936,0,0,-5,-0.0550384,-0.0189375,0.000640869,0.0582088,0.0616098,0.0141648,0.00268546,0,0,0
1780640026100089,26.0267,-0.0542088,-0.0189742,-4.99936,0,0,-5,-0.0542088,-0.0189742,0.000640869,0.0574371,0.0602847,0.014732,0.00424356,0,0,0
1780640026116089,26.0427,-0.0536276,-0.0189661,-4.99933,0,0,-5,-0.0536276,-0.0189661,0.000671387,0.0568866,0.0607605,0.0147797,0.00555078,0,0,0
1780640026140089,26.0667,-0.0526606,-0.01893,-4.9993,0,0,-5,-0.0526606,-0.01893,0.000701904,0.0559641,0.0627628,0.0142358,0.0044305,0,0,0
1780640026156089,26.0827,-0.0519703,-0.0188886,-4.9993,0,0,-5,-0.0519703,-0.0188886,0.000701904,0.0553008,0.0620464,0.0146703,0.00248174,0,0,0
1780640026180089,26.1067,-0.0521832,-0.0191124,-4.99915,0,0,-5,-0.0521832,-0.0191124,0.000854492,0.0555797,0.062506,0.0152798,0.00126666,0,0,0
1780640026196089,26.1227,-0.052657,-0.0193258,-4.99902,0,0,-5,-0.052657,-0.0193258,0.000976562,0.0560999,0.0618318,0.0157485,0.000681056,0,0,0
1780640026220089,26.1467,-0.0532218,-0.0196038,-4.99887,0,0,-5,-0.0532218,-0.0196038,0.00112915,0.0567286,0.0608777,0.0146649,-0.000471791,0,0,0
1780640026236089,26.1627,-0.0535147,-0.019776,-4.99881,0,0,-5,-0.0535147,-0.019776,0.00119019,0.0570642,0.0606415,0.0133231,0.00014842,0,0,0
1780640026260089,26.1867,-0.0538422,-0.0199684,-4.99869,0,0,-5,-0.0538422,-0.0199684,0.00131226,0.0574407,0.0594907,0.0153431,-0.000418947,0,0,0
1780640026276089,26.2027,-0.0539904,-0.0200397,-4.99866,0,0,-5,-0.0539904,-0.0200397,0.00134277,0.0576052,0.0582395,0.0162103,-0.000655733,0,0,0
1780640026300089,26.2267,-0.0541467,-0.0200914,-4.9986,0,0,-5,-0.0541467,-0.0200914,0.00140381,0.0577711,0.0546929,0.0161019,-0.000867297,0,0,0
1780640026316089,26.2427,-0.0542293,-0.0201002,-4.99857,0,0,-5,-0.0542293,-0.0201002,0.00143433,0.0578523,0.0525797,0.0172552,-0.000935212,0,0,0
1780640026340089,26.2667,-0.0542762,-0.0200432,-4.99854,0,0,-5,-0.0542762,-0.0200432,0.00146484,0.0578773,0.0516732,0.0174149,-0.00036207,0,0,0
1780640026356089,26.2827,-0.0542477,-0.0199761,-4.9985,0,0,-5,-0.0542477,-0.0199761,0.00149536,0.0578282,0.0511551,0.0180978,-0.000320663,0,0,0
1780640026372089,26.2987,-0.054189,-0.0198882,-4.9985,0,0,-5,-0.054189,-0.0198882,0.00149536,0.0577428,0.0501093,0.0178238,-0.00108583,0,0,0
1780640026396089,26.3227,-0.054025,-0.0196991,-4.9985,0,0,-5,-0.054025,-0.0196991,0.00149536,0.0575239,0.0495232,0.0197015,-0.000135455,0,0,0
1780640026412089,26.3387,-0.0538733,-0.0195395,-4.9985,0,0,-5,-0.0538733,-0.0195395,0.00149536,0.0573268,0.0485685,0.018982,0.00130762,0,0,0
1780640026436089,26.3627,-0.053591,-0.0193127,-4.99857,0,0,-5,-0.053591,-0.0193127,0.00143433,0.0569827,0.0471432,0.0175239,0.000619695,0,0,0
1780640026452089,26.3787,-0.0533604,-0.0191427,-4.9986,0,0,-5,-0.0533604,-0.0191427,0.00140381,0.0567076,0.0478556,0.0187968,0.000597824,0,0,0
1780640026476089,26.4027,-0.0529428,-0.0188341,-4.99863,0,0,-5,-0.0529428,-0.0188341,0.00137329,0.0562099,0.0473868,0.0196684,0.000251258,0,0,0
1780640026500089,26.4267,-0.0524383,-0.0184834,-4.99872,0,0,-5,-0.0524383,-0.0184834,0.00128174,0.0556153,0.0487708,0.0194977,-0.000276268,0,0,0
1780640026516089,26.4427,-0.0520581,-0.0182524,-4.99878,0,0,-5,-0.0520581,-0.0182524,0.0012207,0.0551787,0.046877,0.0183257,0.000310604,0,0,0
1780640026540089,26.4667,-0.0514595,-0.0179154,-4.99887,0,0,-5,-0.0514595,-0.0179154,0.00112915,0.0545006,0.0473512,0.0170522,0.000423581,0,0,0
1780640026556224,26.4829,-0.0510131,-0.0176803,-4.9989,0,0,-5,-0.0510131,-0.0176803,0.00109863,0.0540012,0.0472372,0.0176947,-0.00113836,0,0,0
1780640026572224,26.4989,-0.0505391,-0.0171076,-4.99893,0,0,-5,-0.0505391,-0.0171076,0.00106812,0.0533668,0.0467201,0.0179826,-0.000440012,0,0,0
1780640026596224,26.5229,-0.0497616,-0.0157848,-4.99899,0,0,-5,-0.0497616,-0.0157848,0.00100708,0.0522149,0.046948,0.0198346,0.000281488,0,0,0
1780640026620224,26.5469,-0.0489359,-0.0144831,-4.99902,0,0,-5,-0.0489359,-0.0144831,0.000976562,0.0510435,0.0467254,0.0186438,-0.00115821,0,0,0
1780640026636224,26.5629,-0.0483518,-0.013656,-4.99908,0,0,-5,-0.0483518,-0.013656,0.000915527,0.0502516,0.0478458,0.0183566,-0.00128625,0,0,0
1780640026660224,26.5869,-0.0474166,-0.0124377,-4.99911,0,0,-5,-0.0474166,-0.0124377,0.00088501,0.0490287,0.0483577,0.0196237,-0.00167844,0,0,0
1780640026676224,26.6029,-0.0467604,-0.0116412,-4.99918,0,0,-5,-0.0467604,-0.0116412,0.000823975,0.0481948,0.048807,0.0191808,-0.00197488,0,0,0
1780640026700224,26.6269,-0.0457265,-0.01048,-4.99927,0,0,-5,-0.0457265,-0.01048,0.000732422,0.0469178,0.049419,0.0186913,-0.00344658,0,0,0
1780640026716224,26.6429,-0.045012,-0.0097285,-4.99936,0,0,-5,-0.045012,-0.0097285,0.000640869,0.0460558,0.0494831,0.0196842,-0.00328835,0,0,0
1780640026740224,26.6669,-0.0438968,-0.00858572,-4.99948,0,0,-5,-0.0438968,-0.00858572,0.000518799,0.0447315,0.0513336,0.0208558,-0.00192615,0,0,0
1780640026756224,26.6829,-0.0431026,-0.0078355,-4.99954,0,0,-5,-0.0431026,-0.0078355,0.000457764,0.0438114,0.0517568,0.0208225,-0.000995248,0,0,0
1780640026780224,26.7069,-0.0418717,-0.00674334,-4.99963,0,0,-5,-0.0418717,-0.00674334,0.000366211,0.0424128,0.0521694,0.0200821,-0.00102197,0,0,0
1780640026796224,26.7229,-0.041048,-0.00602913,-4.99973,0,0,-5,-0.041048,-0.00602913,0.000274658,0.0414893,0.0504198,0.0207161,-0.000819727,0,0,0
1780640026820224,26.7469,-0.0397953,-0.00496558,-4.99982,0,0,-5,-0.0397953,-0.00496558,0.000183105,0.0401043,0.0514651,0.0213247,-0.00114272,0,0,0
1780640026836224,26.7629,-0.0389434,-0.00425772,-4.99988,0,0,-5,-0.0389434,-0.00425772,0.00012207,0.0391757,0.0509017,0.0216461,0.000173928,0,0,0
1780640026860224,26.7869,-0.0376549,-0.00320943,-4.99994,0,0,-5,-0.0376549,-0.00320943,6.10352e-05,0.0377914,0.0510032,0.0215509,-0.000544724,0,0,0
1780640026876224,26.8029,-0.0367832,-0.00253338,-4.99997,0,0,-5,-0.0367832,-0.00253338,3.05176e-05,0.0368704,0.0512585,0.0206586,0.00121081,0,0,0
1780640026900224,26.8269,-0.0354342,-0.00154043,-5,0,0,-5,-0.0354342,-0.00154043,0,0.0354677,0.0528111,0.0211216,-0.000462509,0,0,0
1780640026916224,26.8429,-0.0345092,-0.000888248,-5,0,0,-5,-0.0345092,-0.000888248,0,0.0345206,0.0531178,0.0215618,6.77854e-05,0,0,0
1780640026940224,26.8669,-0.0331079,9.42357e-05,-5,0,0,-5,-0.0331079,9.42357e-05,0,0.0331081,0.0525158,0.022521,-0.000209913,0,0,0
1780640026956224,26.8829,-0.0321806,0.000731029,-5.00003,0,0,-5,-0.0321806,0.000731029,-3.05176e-05,0.032189,0.0512421,0.021154,-0.00137185,0,0,0
1780640026980224,26.9069,-0.0311887,0.00123759,-5.00012,0,0,-5,-0.0311887,0.00123759,-0.00012207,0.0312135,0.0508735,0.0198301,-0.0021704,0,0,0
1780640026996224,26.9229,-0.0306281,0.00143949,-5.00021,0,0,-5,-0.0306281,0.00143949,-0.000213623,0.0306626,0.0510392,0.0193461,-0.00254453,0,0,0
1780640027012224,26.9389,-0.0300468,0.00164879,-5.00031,0,0,-5,-0.0300468,0.00164879,-0.000305176,0.0300936,0.0512998,0.0192605,-0.00224792,0,0,0
1780640027036224,26.9629,-0.0291178,0.0019611,-5.00043,0,0,-5,-0.0291178,0.0019611,-0.000427246,0.0291869,0.0516383,0.0178335,-0.00125759,0,0,0
1780640027060224,26.9869,-0.0281693,0.00227587,-5.00052,0,0,-5,-0.0281693,0.00227587,-0.000518799,0.0282659,0.0502543,0.0163337,-0.00109122,0,0,0
1780640027076224,27.0029,-0.0275151,0.00246401,-5.00058,0,0,-5,-0.0275151,0.00246401,-0.000579834,0.0276313,0.0506683,0.0144014,-0.00107859,0,0,0
1780640027100224,27.0269,-0.0264944,0.00270965,-5.00067,0,0,-5,-0.0264944,0.00270965,-0.000671387,0.0266411,0.0503275,0.0127113,-0.00113268,0,0,0
1780640027116224,27.0429,-0.0257994,0.00287502,-5.00076,0,0,-5,-0.0257994,0.00287502,-0.000762939,0.0259703,0.0504298,0.0128516,-0.00106293,0,0,0
1780640027132224,27.0589,-0.0250888,0.00303901,-5.00082,0,0,-5,-0.0250888,0.00303901,-0.000823975,0.0252856,0.0498238,0.0116271,-0.00200212,0,0,0
1780640027156224,27.0829,-0.0240083,0.00325835,-5.00095,0,0,-5,-0.0240083,0.00325835,-0.000946045,0.0242469,0.0496871,0.0108557,-0.00362113,0,0,0
1780640027180224,27.1069,-0.0229096,0.0034868,-5.0011,0,0,-5,-0.0229096,0.0034868,-0.00109863,0.0231995,0.0488678,0.00999043,-0.00480944,0,0,0
1780640027196224,27.1229,-0.02219,0.00363461,-5.00119,0,0,-5,-0.02219,0.00363461,-0.00119019,0.0225172,0.0474122,0.0094464,-0.00474351,0,0,0
1780640027220224,27.1469,-0.0211215,0.0038348,-5.00131,0,0,-5,-0.0211215,0.0038348,-0.00131226,0.0215069,0.0455116,0.00831929,-0.00386282,0,0,0
1780640027236224,27.1629,-0.0204199,0.00396478,-5.0014,0,0,-5,-0.0204199,0.00396478,-0.00140381,0.0208485,0.0439677,0.00759396,-0.00255776,0,0,0
1780640027260224,27.1869,-0.0194074,0.00417214,-5.00146,0,0,-5,-0.0194074,0.00417214,-0.00146484,0.0199048,0.0414839,0.00883383,0.000686584,0,0,0
1780640027276224,27.2029,-0.0187385,0.00432775,-5.00146,0,0,-5,-0.0187385,0.00432775,-0.00146484,0.0192875,0.0405128,0.00902939,0.00221013,0,0,0
1780640027300224,27.2269,-0.0177207,0.00456356,-5.00143,0,0,-5,-0.0177207,0.00456356,-0.00143433,0.018355,0.0408597,0.00844716,0.0035632,0,0,0
1780640027316224,27.2429,-0.0170496,0.00471996,-5.00137,0,0,-5,-0.0170496,0.00471996,-0.00137329,0.0177441,0.0392638,0.00788893,0.00412043,0,0,0
1780640027340224,27.2669,-0.0160389,0.00494382,-5.00131,0,0,-5,-0.0160389,0.00494382,-0.00131226,0.0168347,0.0378199,0.00713264,0.00414536,0,0,0
1780640027356224,27.2829,-0.0153826,0.00509415,-5.00125,0,0,-5,-0.0153826,0.00509415,-0.00125122,0.0162524,0.0368397,0.00740921,0.00401105,0,0,0
1780640027380224,27.3069,-0.0144398,0.0057692,-5.00101,0,0,-5,-0.0144398,0.0057692,-0.00100708,0.0155822,0.0360956,0.0059495,0.00414031,0,0,0
1780640027396224,27.3229,-0.0138214,0.00634687,-5.00079,0,0,-5,-0.0138214,0.00634687,-0.000793457,0.0152297,0.0357688,0.00615804,0.00342588,0,0,0
1780640027420224,27.3469,-0.0128954,0.00717458,-5.00052,0,0,-5,-0.0128954,0.00717458,-0.000518799,0.014766,0.0350046,0.00568584,0.00313959,0,0,0
1780640027436224,27.3629,-0.0122799,0.00769355,-5.00034,0,0,-5,-0.0122799,0.00769355,-0.000335693,0.0144948,0.0343155,0.00455218,0.00302604,0,0,0
1780640027460224,27.3869,-0.011359,0.00843037,-5.00009,0,0,-5,-0.011359,0.00843037,-9.15527e-05,0.0141459,0.0337814,0.00458982,0.00216356,0,0,0
1780640027476224,27.4029,-0.0107362,0.0088869,-4.99997,0,0,-5,-0.0107362,0.0088869,3.05176e-05,0.0139371,0.034195,0.00359826,0.00208937,0,0,0
1780640027500224,27.4269,-0.00977263,0.00955211,-4.99979,0,0,-5,-0.00977263,0.00955211,0.000213623,0.0136672,0.0353172,0.00451655,0.00176075,0,0,0
1780640027516224,27.4429,-0.00912564,0.00998572,-4.99966,0,0,-5,-0.00912564,0.00998572,0.000335693,0.0135316,0.0341286,0.00475249,0.00364273,0,0,0
1780640027540224,27.4669,-0.00817555,0.0106102,-4.99954,0,0,-5,-0.00817555,0.0106102,0.000457764,0.0134024,0.0327544,0.00440039,0.00241422,0,0,0
1780640027556360,27.483,-0.00754781,0.0110233,-4.99948,0,0,-5,-0.00754781,0.0110233,0.000518799,0.0133698,0.0330005,0.00497092,0.00291131,0,0,0
1780640027580360,27.507,-0.00660825,0.0115911,-4.99936,0,0,-5,-0.00660825,0.0115911,0.000640869,0.0133579,0.0321692,0.00315563,0.00116685,0,0,0
1780640027596360,27.523,-0.00599033,0.0119545,-4.99936,0,0,-5,-0.00599033,0.0119545,0.000640869,0.0133867,0.0311816,0.00368578,0.000647363,0,0,0
1780640027620360,27.547,-0.0050928,0.0124793,-4.99939,0,0,-5,-0.0050928,0.0124793,0.000610352,0.0134923,0.0302216,0.00454531,-0.000481626,0,0,0
1780640027636360,27.563,-0.00450989,0.0128239,-4.99942,0,0,-5,-0.00450989,0.0128239,0.000579834,0.0136062,0.029456,0.0048701,-0.000590865,0,0,0
1780640027652360,27.579,-0.00392727,0.0131585,-4.99942,0,0,-5,-0.00392727,0.0131585,0.000579834,0.0137443,0.0289454,0.0039897,0.000656396,0,0,0
1780640027676360,27.603,-0.00305782,0.0136221,-4.99942,0,0,-5,-0.00305782,0.0136221,0.000579834,0.0139731,0.0287316,0.00399479,-0.000811469,0,0,0
1780640027700360,27.627,-0.00219039,0.0140645,-4.99948,0,0,-5,-0.00219039,0.0140645,0.000518799,0.0142435,0.0290852,0.00338319,-0.00087256,0,0,0
1780640027716360,27.643,-0.00161569,0.0143468,-4.99951,0,0,-5,-0.00161569,0.0143468,0.000488281,0.0144457,0.0284928,0.00328536,-0.00218061,0,0,0
1780640027740360,27.667,-0.000729502,0.0147486,-4.99957,0,0,-5,-0.000729502,0.0147486,0.000427246,0.0147728,0.0298525,0.00275457,-0.00172599,0,0,0
1780640027756360,27.683,-0.000143045,0.0149979,-4.99963,0,0,-5,-0.000143045,0.0149979,0.000366211,0.0150031,0.0292617,0.00177317,-0.00205295,0,0,0
1780640027780360,27.707,0.000569069,0.0151626,-4.99976,0,0,-5,0.000569069,0.0151626,0.000244141,0.0151752,0.0294735,0.00134733,-0.0027219,0,0,0
1780640027796360,27.723,0.0010178,0.0152139,-4.99985,0,0,-5,0.0010178,0.0152139,0.000152588,0.0152486,0.0289968,0.00160989,-0.0026108,0,0,0
1780640027820360,27.747,0.00168357,0.0152827,-5.00003,0,0,-5,0.00168357,0.0152827,-3.05176e-05,0.0153752,0.0277315,0.00120814,-0.00305551,0,0,0
1780640027836360,27.763,0.00213156,0.0153386,-5.00015,0,0,-5,0.00213156,0.0153386,-0.000152588,0.0154868,0.0283766,0.00127423,-0.00223028,0,0,0
1780640027860360,27.787,0.00280282,0.0154108,-5.00034,0,0,-5,0.00280282,0.0154108,-0.000335693,0.0156672,0.0273867,0.000159376,-0.00343173,0,0,0
1780640027876360,27.803,0.00324435,0.015436,-5.00046,0,0,-5,0.00324435,0.015436,-0.000457764,0.0157799,0.0257213,-0.00151449,-0.00364491,0,0,0
1780640027900360,27.827,0.0038867,0.0154518,-5.00067,0,0,-5,0.0038867,0.0154518,-0.000671387,0.0159472,0.0252304,-0.00162567,-0.00334478,0,0,0
1780640027916360,27.843,0.00430193,0.0154619,-5.00076,0,0,-5,0.00430193,0.0154619,-0.000762939,0.0160674,0.024354,-0.00247338,-0.00186582,0,0,0
1780640027940360,27.867,0.00491398,0.0154705,-5.00092,0,0,-5,0.00491398,0.0154705,-0.000915527,0.016258,0.0236829,-0.00265465,-0.00227048,0,0,0
1780640027956360,27.883,0.0053171,0.0154677,-5.00104,0,0,-5,0.0053171,0.0154677,-0.0010376,0.0163889,0.0225634,-0.00324964,-0.00174563,0,0,0
1780640027980360,27.907,0.00589961,0.0154474,-5.00119,0,0,-5,0.00589961,0.0154474,-0.00119019,0.0165784,0.0214058,-0.00417554,-0.00050623,0,0,0
1780640027996360,27.923,0.00627427,0.0154378,-5.00128,0,0,-5,0.00627427,0.0154378,-0.00128174,0.0167133,0.019948,-0.00300506,0.000171092,0,0,0
1780640028020360,27.947,0.00679215,0.0154456,-5.00137,0,0,-5,0.00679215,0.0154456,-0.00137329,0.0169288,0.0181309,-0.00225895,-9.00822e-05,0,0,0
1780640028036360,27.963,0.00713149,0.0154634,-5.00143,0,0,-5,0.00713149,0.0154634,-0.00143433,0.0170889,0.0176634,-0.00179435,-4.4293e-06,0,0,0
1780640028060360,27.987,0.00762659,0.015495,-5.0015,0,0,-5,0.00762659,0.015495,-0.00149536,0.0173349,0.0177552,-0.00320279,-2.83653e-05,0,0,0
1780640028076360,28.003,0.00796328,0.0155121,-5.00153,0,0,-5,0.00796328,0.0155121,-0.00152588,0.0175034,0.0168717,-0.00200872,0.000671142,0,0,0
1780640028100360,28.027,0.00845175,0.0155554,-5.00159,0,0,-5,0.00845175,0.0155554,-0.00158691,0.0177742,0.0157917,-0.00124627,-0.000979861,0,0,0
1780640028116360,28.043,0.00877344,0.015597,-5.00162,0,0,-5,0.00877344,0.015597,-0.00161743,0.0179682,0.0157914,-0.00121551,-0.00154373,0,0,0
1780640028140360,28.067,0.00927554,0.0156433,-5.00171,0,0,-5,0.00927554,0.0156433,-0.00170898,0.0182666,0.017567,-0.00170512,-0.00250409,0,0,0
1780640028156360,28.083,0.00963148,0.0156732,-5.00177,0,0,-5,0.00963148,0.0156732,-0.00177002,0.018481,0.016714,-0.00245846,-0.00319674,0,0,0
1780640028180360,28.107,0.010475,0.0157264,-5.00214,0,0,-5,0.010475,0.0157264,-0.00213623,0.019016,0.0142878,-0.00236658,-0.00472764,0,0,0
1780640028196360,28.123,0.011134,0.0157606,-5.00244,0,0,-5,0.011134,0.0157606,-0.00244141,0.0194506,0.0142148,-0.00294717,-0.00517238,0,0,0
1780640028220360,28.147,0.012094,0.0158013,-5.0029,0,0,-5,0.012094,0.0158013,-0.00289917,0.0201085,0.0145932,-0.0038025,-0.00448064,0,0,0
1780640028236360,28.163,0.0127123,0.0158098,-5.00317,0,0,-5,0.0127123,0.0158098,-0.00317383,0.0205335,0.0134283,-0.00412868,-0.00396766,0,0,0
1780640028260360,28.187,0.0135913,0.0158146,-5.0036,0,0,-5,0.0135913,0.0158146,-0.00360107,0.0211611,0.0130062,-0.00433919,-0.00307419,0,0,0
1780640028276360,28.203,0.0141665,0.0158162,-5.00385,0,0,-5,0.0141665,0.0158162,-0.00384521,0.0215785,0.0127034,-0.0045021,-0.00272123,0,0,0
1780640028300360,28.227,0.0150061,0.015822,-5.00418,0,0,-5,0.0150061,0.015822,-0.00418091,0.0222036,0.0128925,-0.00405793,-0.000209501,0,0,0
1780640028316360,28.243,0.0155592,0.0158213,-5.00439,0,0,-5,0.0155592,0.0158213,-0.00439453,0.0226211,0.0134818,-0.00417686,-0.000465645,0,0,0
1780640028332360,28.259,0.0161041,0.0158412,-5.00461,0,0,-5,0.0161041,0.0158412,-0.00460815,0.0230547,0.0126926,-0.00259497,-6.14928e-05,0,0,0
1780640028356360,28.283,0.016884,0.0158944,-5.00491,0,0,-5,0.016884,0.0158944,-0.00491333,0.0237032,0.0118185,-0.00205736,0.00131736,0,0,0
1780640028372360,28.299,0.0173829,0.0159342,-5.00507,0,0,-5,0.0173829,0.0159342,-0.00506592,0.024119,0.0111967,-0.00151641,0.00245859,0,0,0
1780640028396360,28.323,0.0180969,0.0160102,-5.00525,0,0,-5,0.0180969,0.0160102,-0.00524902,0.024726,0.0101441,-0.00119584,0.00260328,0,0,0
1780640028412360,28.339,0.0185475,0.0160657,-5.00534,0,0,-5,0.0185475,0.0160657,-0.00534058,0.0251126,0.00975986,-0.00127468,0.00298292,0,0,0
1780640028436360,28.363,0.0191763,0.0161286,-5.00546,0,0,-5,0.0191763,0.0161286,-0.00546265,0.0256458,0.00770763,-0.00239692,0.00431192,0,0,0
1780640028460360,28.387,0.0197655,0.0162003,-5.00558,0,0,-5,0.0197655,0.0162003,-0.00558472,0.0261594,0.00778887,-0.000478493,0.0036958,0,0,0
1780640028476360,28.403,0.0201401,0.016264,-5.00565,0,0,-5,0.0201401,0.016264,-0.00564575,0.0264956,0.00607158,0.000325487,0.00318327,0,0,0
1780640028500360,28.427,0.0206445,0.0163703,-5.00577,0,0,-5,0.0206445,0.0163703,-0.00576782,0.0269712,0.00461207,0.000884395,0.00371237,0,0,0
1780640028516360,28.443,0.0209535,0.0164378,-5.0058,0,0,-5,0.0209535,0.0164378,-0.00579834,0.0272556,0.00353675,0.000470697,0.00560352,0,0,0
1780640028540360,28.467,0.0213936,0.0165306,-5.00586,0,0,-5,0.0213936,0.0165306,-0.00585938,0.0276636,0.0029439,0.000732243,0.00790762,0,0,0
1780640028556498,28.4831,0.021662,0.0166008,-5.00583,0,0,-5,0.021662,0.0166008,-0.00582886,0.0279071,0.00269856,0.000301717,0.00896792,0,0,0
1780640028580498,28.5071,0.022188,0.0167048,-5.00562,0,0,-5,0.022188,0.0167048,-0.00561523,0.0283353,0.00322189,-0.000840289,0.00938753,0,0,0
1780640028596498,28.5231,0.0225759,0.0167745,-5.0054,0,0,-5,0.0225759,0.0167745,-0.00540161,0.0286397,0.00372561,-0.000354442,0.00842274,0,0,0
1780640028620498,28.5471,0.0231206,0.0168815,-5.0051,0,0,-5,0.0231206,0.0168815,-0.00509644,0.0290779,0.00181627,-0.000526933,0.00943398,0,0,0
1780640028636498,28.5631,0.0234433,0.01694,-5.00491,0,0,-5,0.0234433,0.01694,-0.00491333,0.0293376,0.00102274,-0.00131272,0.00887048,0,0,0
1780640028652498,28.5791,0.0237404,0.0169988,-5.00473,0,0,-5,0.0237404,0.0169988,-0.00473022,0.0295794,-7.01948e-05,-0.000422758,0.00905747,0,0,0
1780640028676498,28.6031,0.0241546,0.0170818,-5.00443,0,0,-5,0.0241546,0.0170818,-0.00442505,0.0299134,-0.00083151,-0.00111756,0.00875011,0,0,0
1780640028700498,28.6271,0.024528,0.017166,-5.00418,0,0,-5,0.024528,0.017166,-0.00418091,0.0302287,-0.00176603,-0.00109259,0.00888795,0,0,0
1780640028716498,28.6431,0.0247578,0.0172203,-5.004,0,0,-5,0.0247578,0.0172203,-0.0039978,0.0304215,-0.00238155,-0.000730683,0.00867688,0,0,0
1780640028740498,28.6671,0.0250819,0.01731,-5.00372,0,0,-5,0.0250819,0.01731,-0.00372314,0.0307017,-0.00236722,-0.000440915,0.00920491,0,0,0
1780640028756498,28.6831,0.0252738,0.0173628,-5.00357,0,0,-5,0.0252738,0.0173628,-0.00357056,0.0308704,-0.00372668,-0.0014482,0.00905485,0,0,0
1780640028772498,28.6991,0.0254513,0.0174055,-5.00342,0,0,-5,0.0254513,0.0174055,-0.00341797,0.0310226,-0.00398433,-0.000569989,0.0090134,0,0,0
1780640028796498,28.7231,0.0256792,0.0174583,-5.0032,0,0,-5,0.0256792,0.0174583,-0.00320435,0.0312167,-0.00460565,-0.00186056,0.00641194,0,0,0
1780640028820498,28.7471,0.0258836,0.0174859,-5.00308,0,0,-5,0.0258836,0.0174859,-0.00308228,0.0313882,-0.0055364,-0.00200315,0.003933,0,0,0
1780640028836498,28.7631,0.0260152,0.0175114,-5.00302,0,0,-5,0.0260152,0.0175114,-0.00302124,0.0315051,-0.00488517,-0.0017431,0.00305691,0,0,0
1780640028860498,28.7871,0.0262112,0.0175518,-5.00299,0,0,-5,0.0262112,0.0175518,-0.00299072,0.0316865,-0.00552088,-0.00192186,0.0017518,0,0,0
1780640028876498,28.8031,0.0263267,0.0175801,-5.00296,0,0,-5,0.0263267,0.0175801,-0.00296021,0.0317949,-0.00592655,-0.00156724,0.000978305,0,0,0
1780640028900498,28.8271,0.0264904,0.01762,-5.00293,0,0,-5,0.0264904,0.01762,-0.00292969,0.0319498,-0.005586,-0.00236625,0.00202545,0,0,0
1780640028916498,28.8431,0.026612,0.0176379,-5.00287,0,0,-5,0.026612,0.0176379,-0.00286865,0.0320551,-0.00545239,-0.0024943,0.00297267,0,0,0
1780640028940498,28.8671,0.0267726,0.0176379,-5.00278,0,0,-5,0.0267726,0.0176379,-0.0027771,0.0321804,-0.00625835,-0.00464864,0.00450486,0,0,0
1780640028956498,28.8831,0.02686,0.0176138,-5.00272,0,0,-5,0.02686,0.0176138,-0.00271606,0.0322348,-0.0078401,-0.00518028,0.00258246,0,0,0
1780640028980498,28.9071,0.0273186,0.0176452,-5.00275,0,0,-5,0.0273186,0.0176452,-0.00274658,0.0326374,-0.00738518,-0.00521936,-6.65097e-05,0,0,0
1780640028996498,28.9231,0.027727,0.0176986,-5.00281,0,0,-5,0.027727,0.0176986,-0.00280762,0.0330138,-0.00749375,-0.00426378,-0.00100051,0,0,0
1780640029020498,28.9471,0.0282872,0.0177838,-5.00281,0,0,-5,0.0282872,0.0177838,-0.00280762,0.0335307,-0.00828711,-0.00376684,0.00199736,0,0,0
1780640029036498,28.9631,0.0286357,0.0178391,-5.00284,0,0,-5,0.0286357,0.0178391,-0.00283813,0.0338569,-0.00765367,-0.00384254,0.00169263,0,0,0
1780640029060498,28.9871,0.029142,0.0178992,-5.00284,0,0,-5,0.029142,0.0178992,-0.00283813,0.0343175,-0.00747569,-0.00485718,0.00190019,0,0,0
1780640029076498,29.0031,0.0294603,0.0179184,-5.00287,0,0,-5,0.0294603,0.0179184,-0.00286865,0.0346006,-0.00786604,-0.00562948,0.0012669,0,0,0
1780640029100498,29.0271,0.0298832,0.0179242,-5.00287,0,0,-5,0.0298832,0.0179242,-0.00286865,0.0349644,-0.00897107,-0.00653935,0.00333308,0,0,0
1780640029116498,29.0431,0.0301368,0.0179216,-5.00284,0,0,-5,0.0301368,0.0179216,-0.00283813,0.0351776,-0.00968624,-0.00685753,0.00306949,0,0,0
1780640029140498,29.0671,0.0304869,0.0178979,-5.00281,0,0,-5,0.0304869,0.0178979,-0.00280762,0.0354636,-0.00954466,-0.00792003,0.00314602,0,0,0
1780640029156498,29.0831,0.0306965,0.0178665,-5.00278,0,0,-5,0.0306965,0.0178665,-0.0027771,0.0356259,-0.01052,-0.00804687,0.00237098,0,0,0
1780640029180498,29.1071,0.0309611,0.0177912,-5.00275,0,0,-5,0.0309611,0.0177912,-0.00274658,0.0358142,-0.0111122,-0.0100427,0.0034231,0,0,0
1780640029196498,29.1231,0.031131,0.0177099,-5.00272,0,0,-5,0.031131,0.0177099,-0.00271606,0.0359187,-0.0114335,-0.0108872,0.00431747,0,0,0
1780640029220498,29.1471,0.0313533,0.017584,-5.00269,0,0,-5,0.0313533,0.017584,-0.00268555,0.0360477,-0.0115314,-0.010835,0.0046155,0,0,0
1780640029236498,29.1631,0.0314866,0.0174912,-5.00262,0,0,-5,0.0314866,0.0174912,-0.00262451,0.0361143,-0.0113687,-0.0103822,0.00537976,0,0,0
1780640029252498,29.1791,0.0316162,0.017407,-5.00259,0,0,-5,0.0316162,0.017407,-0.00259399,0.0361845,-0.0107453,-0.0111832,0.00540305,0,0,0
1780640029276498,29.2031,0.0318036,0.0172543,-5.0025,0,0,-5,0.0318036,0.0172543,-0.00250244,0.036269,-0.00977316,-0.0120608,0.00653648,0,0,0
1780640029292498,29.2191,0.0319258,0.0171419,-5.00244,0,0,-5,0.0319258,0.0171419,-0.00244141,0.0363189,-0.0104896,-0.0122293,0.00559524,0,0,0
1780640029316498,29.2431,0.0320608,0.0169679,-5.00235,0,0,-5,0.0320608,0.0169679,-0.00234985,0.03635,-0.0116172,-0.0120382,0.00596622,0,0,0
1780640029340498,29.2671,0.0321594,0.0168091,-5.00226,0,0,-5,0.0321594,0.0168091,-0.0022583,0.0363576,-0.0127322,-0.0108061,0.00484196,0,0,0
1780640029356498,29.2831,0.0321996,0.0167096,-5.0022,0,0,-5,0.0321996,0.0167096,-0.00219727,0.0363435,-0.0127573,-0.0105592,0.00501851,0,0,0
1780640029380498,29.3071,0.0323914,0.0165705,-5.00232,0,0,-5,0.0323914,0.0165705,-0.00231934,0.0364577,-0.013794,-0.0106737,0.00337446,0,0,0
1780640029396498,29.3231,0.0325392,0.016478,-5.00244,0,0,-5,0.0325392,0.016478,-0.00244141,0.0365553,-0.0143238,-0.00981336,0.00333909,0,0,0
1780640029420498,29.3471,0.0327267,0.0163636,-5.00262,0,0,-5,0.0327267,0.0163636,-0.00262451,0.0366837,-0.0145756,-0.00917551,0.00426436,0,0,0
1780640029436498,29.3631,0.0328284,0.0162842,-5.00272,0,0,-5,0.0328284,0.0162842,-0.00271606,0.0367458,-0.0150576,-0.00903063,0.00572259,0,0,0
1780640029460498,29.3871,0.0329462,0.0161696,-5.00284,0,0,-5,0.0329462,0.0161696,-0.00283813,0.0368098,-0.015499,-0.0086531,0.00729525,0,0,0
1780640029476498,29.4031,0.0329945,0.0160916,-5.00287,0,0,-5,0.0329945,0.0160916,-0.00286865,0.0368213,-0.0163514,-0.00951265,0.00708315,0,0,0
1780640029500498,29.4271,0.0330404,0.0159439,-5.00293,0,0,-5,0.0330404,0.0159439,-0.00292969,0.036803,-0.015743,-0.0103482,0.00709535,0,0,0
1780640029516498,29.4431,0.0330676,0.0158278,-5.00296,0,0,-5,0.0330676,0.0158278,-0.00296021,0.0367797,-0.0151807,-0.0116955,0.00718667,0,0,0
1780640029540498,29.4671,0.0330952,0.0156462,-5.00299,0,0,-5,0.0330952,0.0156462,-0.00299072,0.0367293,-0.015613,-0.0111375,0.00722828,0,0,0
1780640029556498,29.4831,0.0331076,0.0155407,-5.00302,0,0,-5,0.0331076,0.0155407,-0.00302124,0.0366982,-0.0152648,-0.00995202,0.00709199,0,0,0
1780640029572636,29.4993,0.0331085,0.015436,-5.00302,0,0,-5,0.0331085,0.015436,-0.00302124,0.0366547,-0.0152901,-0.0102934,0.00701544,0,0,0
1780640029596636,29.5233,0.0331037,0.0152691,-5.00305,0,0,-5,0.0331037,0.0152691,-0.00305176,0.036583,-0.0148045,-0.0108241,0.00555893,0,0,0
1780640029620636,29.5473,0.0330894,0.0151067,-5.00311,0,0,-5,0.0330894,0.0151067,-0.00311279,0.0365077,-0.0144588,-0.0100118,0.00588169,0,0,0
1780640029636636,29.5633,0.0330612,0.0150029,-5.00314,0,0,-5,0.0330612,0.0150029,-0.00314331,0.0364419,-0.0157279,-0.0100817,0.00568512,0,0,0
1780640029660636,29.5873,0.0329954,0.0148296,-5.00314,0,0,-5,0.0329954,0.0148296,-0.00314331,0.0363111,-0.0148381,-0.0112684,0.00666459,0,0,0
1780640029676636,29.6033,0.0329665,0.0147038,-5.00311,0,0,-5,0.0329665,0.0147038,-0.00311279,0.0362309,-0.0138401,-0.0114907,0.00631681,0,0,0
1780640029692636,29.6193,0.0329283,0.0145909,-5.00311,0,0,-5,0.0329283,0.0145909,-0.00311279,0.0361505,-0.0138542,-0.0106478,0.00597723,0,0,0
1780640029716636,29.6433,0.0328686,0.0144369,-5.00308,0,0,-5,0.0328686,0.0144369,-0.00308228,0.0360315,-0.0136378,-0.00981667,0.00590132,0,0,0
1780640029740636,29.6673,0.0327662,0.014283,-5.00308,0,0,-5,0.0327662,0.014283,-0.00308228,0.0358766,-0.0156431,-0.00955909,0.00510853,0,0,0
1780640029756636,29.6833,0.0326678,0.0141986,-5.00308,0,0,-5,0.0326678,0.0141986,-0.00308228,0.0357531,-0.0163341,-0.00907928,0.0041443,0,0,0
1780640029780636,29.7073,0.032747,0.0142035,-5.00308,0,0,-5,0.032747,0.0142035,-0.00308228,0.0358274,-0.0166726,-0.00963854,0.00406606,0,0,0
1780640029796636,29.7233,0.0328641,0.0142379,-5.00308,0,0,-5,0.0328641,0.0142379,-0.00308228,0.0359481,-0.016126,-0.00981048,0.00458613,0,0,0
1780640029820636,29.7473,0.0330259,0.0142835,-5.00314,0,0,-5,0.0330259,0.0142835,-0.00314331,0.0361194,-0.015318,-0.00911266,0.00419554,0,0,0
1780640029836636,29.7633,0.0331153,0.0143176,-5.00317,0,0,-5,0.0331153,0.0143176,-0.00317383,0.0362173,-0.0161917,-0.00872913,0.00396579,0,0,0
1780640029860636,29.7873,0.0331927,0.0143744,-5.0032,0,0,-5,0.0331927,0.0143744,-0.00320435,0.0363132,-0.0172119,-0.00834815,0.00404055,0,0,0
1780640029876636,29.8033,0.0332238,0.0143955,-5.00327,0,0,-5,0.0332238,0.0143955,-0.00326538,0.0363554,-0.0174617,-0.00878477,0.0031149,0,0,0
1780640029900636,29.8273,0.0332246,0.0144113,-5.00336,0,0,-5,0.0332246,0.0144113,-0.00335693,0.0363707,-0.0183513,-0.00897192,0.00308691,0,0,0
1780640029916636,29.8433,0.0332037,0.0144128,-5.00342,0,0,-5,0.0332037,0.0144128,-0.00341797,0.0363579,-0.0182662,-0.00924049,0.00226261,0,0,0
1780640029940636,29.8673,0.0331744,0.0143957,-5.00354,0,0,-5,0.0331744,0.0143957,-0.00354004,0.036336,-0.0169118,-0.00951994,0.0024979,0,0,0
1780640029956636,29.8833,0.0331436,0.014366,-5.00366,0,0,-5,0.0331436,0.014366,-0.00366211,0.0363083,-0.0175496,-0.0107396,0.00159417,0,0,0
1780640029972636,29.8993,0.0330967,0.0143323,-5.00378,0,0,-5,0.0330967,0.0143323,-0.00378418,0.0362647,-0.0178647,-0.0102562,0.00260298,0,0,0
1780640029996636,29.9233,0.0330284,0.0142865,-5.00391,0,0,-5,0.0330284,0.0142865,-0.00390625,0.0361972,-0.0167377,-0.0103799,0.00313275,0,0,0
1780640030012636,29.9393,0.0329772,0.0142462,-5.00397,0,0,-5,0.0329772,0.0142462,-0.00396729,0.0361413,-0.0171122,-0.0102198,0.0039755,0,0,0
1780640030036636,29.9633,0.0328912,0.0141824,-5.00409,0,0,-5,0.0328912,0.0141824,-0.00408936,0.0360513,-0.0163583,-0.0098481,0.00266484,0,0,0
1780640030052636,29.9793,0.0328128,0.014121,-5.00418,0,0,-5,0.0328128,0.014121,-0.00418091,0.0359662,-0.0177696,-0.0113299,0.00251391,0,0,0
1780640030076636,30.0033,0.0326546,0.0140306,-5.00427,0,0,-5,0.0326546,0.0140306,-0.00427246,0.0357971,-0.0188142,-0.00952448,0.00271525,0,0,0
1780640030100636,30.0273,0.0324598,0.0139345,-5.00439,0,0,-5,0.0324598,0.0139345,-0.00439453,0.0355966,-0.0200539,-0.0111839,0.00225488,0,0,0
1780640030116636,30.0433,0.0323054,0.0138603,-5.00446,0,0,-5,0.0323054,0.0138603,-0.00445557,0.0354344,-0.0201193,-0.0101269,0.00307366,0,0,0
1780640030140636,30.0673,0.0320635,0.0137573,-5.00455,0,0,-5,0.0320635,0.0137573,-0.00454712,0.0351853,-0.0199771,-0.0110686,0.00220906,0,0,0
1780640030156636,30.0833,0.0318974,0.0136667,-5.00461,0,0,-5,0.0318974,0.0136667,-0.00460815,0.0350065,-0.0204948,-0.01189,0.00373809,0,0,0
1780640030180636,30.1073,0.0317178,0.0132627,-5.00473,0,0,-5,0.0317178,0.0132627,-0.00473022,0.034703,-0.0216608,-0.0118481,0.00485319,0,0,0
1780640030196636,30.1233,0.0316219,0.0129101,-5.00485,0,0,-5,0.0316219,0.0129101,-0.00485229,0.0344987,-0.0219707,-0.0119721,0.00420204,0,0,0
1780640030220636,30.1473,0.0314577,0.0124074,-5.005,0,0,-5,0.0314577,0.0124074,-0.00500488,0.0341845,-0.0210392,-0.0121128,0.00376888,0,0,0
1780640030236636,30.1633,0.0313368,0.0120784,-5.0051,0,0,-5,0.0313368,0.0120784,-0.00509644,0.0339684,-0.0218217,-0.0121408,0.00398586,0,0,0
1780640030260636,30.1873,0.031147,0.0115924,-5.00522,0,0,-5,0.031147,0.0115924,-0.00521851,0.0336415,-0.0219831,-0.0115716,0.00485511,0,0,0
1780640030276636,30.2033,0.0309899,0.0112788,-5.00531,0,0,-5,0.0309899,0.0112788,-0.00531006,0.0334033,-0.023771,-0.0121462,0.00388513,0,0,0
1780640030300636,30.2273,0.0307123,0.0108103,-5.00543,0,0,-5,0.0307123,0.0108103,-0.00543213,0.0330094,-0.0241603,-0.0126248,0.00410857,0,0,0
1780640030316636,30.2433,0.0305095,0.0104972,-5.00549,0,0,-5,0.0305095,0.0104972,-0.00549316,0.0327291,-0.0243932,-0.0137088,0.00465155,0,0,0
1780640030340636,30.2673,0.0301859,0.010019,-5.00555,0,0,-5,0.0301859,0.010019,-0.0055542,0.0322865,-0.0245216,-0.0144438,0.0056808,0,0,0
1780640030356636,30.2833,0.0299609,0.00971056,-5.00558,0,0,-5,0.0299609,0.00971056,-0.00558472,0.0319866,-0.0241661,-0.0136254,0.00635357,0,0,0
1780640030380636,30.3073,0.0296094,0.00926888,-5.00558,0,0,-5,0.0296094,0.00926888,-0.00558472,0.0315248,-0.0248579,-0.0132472,0.00618373,0,0,0
1780640030396636,30.3233,0.0293606,0.00898028,-5.00558,0,0,-5,0.0293606,0.00898028,-0.00558472,0.0312071,-0.0258436,-0.0142511,0.00712117,0,0,0
1780640030420636,30.3473,0.0289538,0.00853168,-5.00552,0,0,-5,0.0289538,0.00853168,-0.00552368,0.0306859,-0.0269281,-0.0153249,0.00768294,0,0,0
1780640030436636,30.3633,0.0286658,0.00822581,-5.00549,0,0,-5,0.0286658,0.00822581,-0.00549316,0.0303244,-0.0266316,-0.0155443,0.00691942,0,0,0
1780640030460636,30.3873,0.0282376,0.00775572,-5.00543,0,0,-5,0.0282376,0.00775572,-0.00543213,0.0297829,-0.0272212,-0.0159221,0.00695611,0,0,0
1780640030476636,30.4033,0.0279415,0.00745055,-5.00537,0,0,-5,0.0279415,0.00745055,-0.00537109,0.0294124,-0.0275265,-0.0160867,0.00760725,0,0,0
1780640030492636,30.4193,0.0276478,0.0071478,-5.00531,0,0,-5,0.0276478,0.0071478,-0.00531006,0.0290463,-0.0266562,-0.0155797,0.00837131,0,0,0
1780640030516636,30.4433,0.0271954,0.00672055,-5.00519,0,0,-5,0.0271954,0.00672055,-0.00518799,0.0284898,-0.0272841,-0.0151808,0.00833441,0,0,0
1780640030532636,30.4593,0.0268857,0.00643867,-5.0051,0,0,-5,0.0268857,0.00643867,-0.00509644,0.0281118,-0.0270585,-0.0153442,0.00827187,0,0,0
1780640030556636,30.4833,0.0264055,0.00600768,-5.005,0,0,-5,0.0264055,0.00600768,-0.00500488,0.0275389,-0.0275449,-0.0162448,0.00761891,0,0,0
1780640030580636,30.5073,0.0264295,0.00576938,-5.00494,0,0,-5,0.0264295,0.00576938,-0.00494385,0.0274999,-0.0279574,-0.0177517,0.00567081,0,0,0
1780640030596777,30.5234,0.0265878,0.00566904,-5.00494,0,0,-5,0.0265878,0.00566904,-0.00494385,0.0276313,-0.027718,-0.0166754,0.00360024,0,0,0
1780640030620777,30.5474,0.0267661,0.00555223,-5.00491,0,0,-5,0.0267661,0.00555223,-0.00491333,0.0277739,-0.0284523,-0.0148714,0.00548572,0,0,0
1780640030636777,30.5634,0.026843,0.00547803,-5.00488,0,0,-5,0.026843,0.00547803,-0.00488281,0.027828,-0.0287956,-0.0144504,0.00476487,0,0,0
1780640030660777,30.5874,0.0268894,0.00536195,-5.00488,0,0,-5,0.0268894,0.00536195,-0.00488281,0.0278502,-0.0295739,-0.0143878,0.00564529,0,0,0
1780640030676777,30.6034,0.0268933,0.00528254,-5.00485,0,0,-5,0.0268933,0.00528254,-0.00485229,0.0278334,-0.029274,-0.0139571,0.00629846,0,0,0
1780640030700777,30.6274,0.026866,0.00515949,-5.00485,0,0,-5,0.026866,0.00515949,-0.00485229,0.0277839,-0.0292352,-0.0136844,0.00608864,0,0,0
1780640030716777,30.6434,0.0268258,0.00508009,-5.00482,0,0,-5,0.0268258,0.00508009,-0.00482178,0.027725,-0.0284013,-0.0128987,0.00579639,0,0,0
1780640030732777,30.6594,0.0267835,0.00499804,-5.00479,0,0,-5,0.0267835,0.00499804,-0.00479126,0.0276639,-0.0272851,-0.0137022,0.00590694,0,0,0
1780640030756777,30.6834,0.026692,0.00485155,-5.00473,0,0,-5,0.026692,0.00485155,-0.00473022,0.0275387,-0.0270756,-0.013686,0.00571473,0,0,0
1780640030780777,30.7074,0.0265451,0.00469963,-5.0047,0,0,-5,0.0265451,0.00469963,-0.00469971,0.0273645,-0.0271435,-0.0131732,0.0038925,0,0,0
1780640030796777,30.7234,0.0264307,0.00459279,-5.0047,0,0,-5,0.0264307,0.00459279,-0.00469971,0.0272353,-0.0276791,-0.0141656,0.0043827,0,0,0
1780640030820777,30.7474,0.0262248,0.00442845,-5.00467,0,0,-5,0.0262248,0.00442845,-0.00466919,0.0270028,-0.0272373,-0.0129813,0.00427485,0,0,0
1780640030836777,30.7634,0.0260811,0.00433528,-5.00467,0,0,-5,0.0260811,0.00433528,-0.00466919,0.0268481,-0.0267979,-0.0119672,0.00377464,0,0,0
1780640030860777,30.7874,0.0258512,0.00419799,-5.00464,0,0,-5,0.0258512,0.00419799,-0.00463867,0.0265974,-0.0263701,-0.0125903,0.00388394,0,0,0
1780640030876777,30.8034,0.0256933,0.00408732,-5.00461,0,0,-5,0.0256933,0.00408732,-0.00460815,0.0264214,-0.0252796,-0.0127368,0.00512694,0,0,0
1780640030900777,30.8274,0.0254689,0.00394972,-5.00455,0,0,-5,0.0254689,0.00394972,-0.00454712,0.0261714,-0.0249286,-0.0113078,0.00510051,0,0,0
1780640030916777,30.8434,0.0253101,0.00385479,-5.00449,0,0,-5,0.0253101,0.00385479,-0.00448608,0.025992,-0.0245096,-0.012126,0.00574669,0,0,0
1780640030940777,30.8674,0.0250586,0.00370752,-5.00443,0,0,-5,0.0250586,0.00370752,-0.00442505,0.025715,-0.0247583,-0.0110339,0.00549783,0,0,0
1780640030956777,30.8834,0.0248782,0.00361498,-5.00433,0,0,-5,0.0248782,0.00361498,-0.0043335,0.0255102,-0.0244423,-0.0112975,0.00679734,0,0,0
1780640030980777,30.9074,0.0252859,0.00326671,-5.00449,0,0,-5,0.0252859,0.00326671,-0.00448608,0.0258877,-0.0251485,-0.0129501,0.00744781,0,0,0
1780640030996777,30.9234,0.0257477,0.00295453,-5.00467,0,0,-5,0.0257477,0.00295453,-0.00466919,0.026334,-0.0247194,-0.012862,0.00625733,0,0,0
1780640031020777,30.9474,0.026362,0.00250744,-5.00494,0,0,-5,0.026362,0.00250744,-0.00494385,0.0269385,-0.0250602,-0.0127605,0.00590444,0,0,0
1780640031036777,30.9634,0.0267281,0.00221872,-5.0051,0,0,-5,0.0267281,0.00221872,-0.00509644,0.0272999,-0.0250419,-0.0126619,0.00417928,0,0,0
1780640031052777,30.9794,0.0270507,0.00192686,-5.00528,0,0,-5,0.0270507,0.00192686,-0.00527954,0.0276284,-0.0254009,-0.013137,0.00340286,0,0,0
1780640031076777,31.0034,0.0274532,0.00149981,-5.00552,0,0,-5,0.0274532,0.00149981,-0.00552368,0.0280435,-0.02621,-0.0130385,0.00308743,0,0,0
1780640031092777,31.0194,0.0276855,0.00121754,-5.00571,0,0,-5,0.0276855,0.00121754,-0.00570679,0.0282938,-0.0255176,-0.012778,0.0033561,0,0,0
1780640031116777,31.0434,0.02797,0.000823894,-5.00595,0,0,-5,0.02797,0.000823894,-0.00595093,0.0286079,-0.0275388,-0.0127194,0.00415551,0,0,0
1780640031140777,31.0674,0.0281302,0.000435789,-5.00616,0,0,-5,0.0281302,0.000435789,-0.00616455,0.028801,-0.0290643,-0.0128909,0.00437364,0,0,0
1780640031156777,31.0834,0.0282158,0.000170701,-5.00626,0,0,-5,0.0282158,0.000170701,-0.0062561,0.0289015,-0.0278475,-0.0124978,0.00524311,0,0,0
1780640031180777,31.1074,0.0283151,-0.000214264,-5.00647,0,0,-5,0.0283151,-0.000214264,-0.00646973,0.0290456,-0.0284628,-0.0124339,0.00509789,0,0,0
1780640031196777,31.1234,0.0283537,-0.000466242,-5.00656,0,0,-5,0.0283537,-0.000466242,-0.00656128,0.0291067,-0.0279334,-0.0123104,0.00554195,0,0,0
1780640031212777,31.1394,0.0283728,-0.000707381,-5.00665,0,0,-5,0.0283728,-0.000707381,-0.00665283,0.0291509,-0.0283996,-0.0114907,0.00543068,0,0,0
1780640031236777,31.1634,0.0283715,-0.00106359,-5.00677,0,0,-5,0.0283715,-0.00106359,-0.0067749,0.0291885,-0.0279004,-0.0123783,0.00441444,0,0,0
1780640031260777,31.1874,0.028311,-0.00142639,-5.0069,0,0,-5,0.028311,-0.00142639,-0.00689697,0.0291739,-0.0288084,-0.0124444,0.00415875,0,0,0
1780640031276777,31.2034,0.0282415,-0.00166369,-5.00699,0,0,-5,0.0282415,-0.00166369,-0.00698853,0.0291408,-0.0290121,-0.0112683,0.00324526,0,0,0
1780640031300777,31.2274,0.0280884,-0.0019749,-5.00705,0,0,-5,0.0280884,-0.0019749,-0.00704956,0.0290268,-0.0295552,-0.00950934,0.00447748,0,0,0
1780640031316777,31.2434,0.0279761,-0.00215295,-5.00711,0,0,-5,0.0279761,-0.00215295,-0.0071106,0.0289458,-0.0296316,-0.00877418,0.00510272,0,0,0
1780640031340777,31.2674,0.0277642,-0.00241688,-5.00711,0,0,-5,0.0277642,-0.00241688,-0.0071106,0.028762,-0.0298379,-0.00889216,0.00646411,0,0,0
1780640031356777,31.2834,0.0275962,-0.00257925,-5.00708,0,0,-5,0.0275962,-0.00257925,-0.00708008,0.0286065,-0.0310364,-0.00803956,0.00685588,0,0,0
1780640031380777,31.3074,0.0280995,-0.00274721,-5.00745,0,0,-5,0.0280995,-0.00274721,-0.00744629,0.0291989,-0.0326325,-0.0064139,0.00741572,0,0,0
1780640031396777,31.3234,0.0286402,-0.00282576,-5.00775,0,0,-5,0.0286402,-0.00282576,-0.00775146,0.0298049,-0.0333757,-0.00536743,0.0079548,0,0,0
1780640031420777,31.3474,0.0293583,-0.0029471,-5.00818,0,0,-5,0.0293583,-0.0029471,-0.00817871,0.0306184,-0.0323499,-0.00580618,0.00677873,0,0,0
1780640031436777,31.3634,0.0297783,-0.00303255,-5.00848,0,0,-5,0.0297783,-0.00303255,-0.00848389,0.0311114,-0.0327316,-0.00649053,0.00673328,0,0,0
1780640031460777,31.3874,0.0303381,-0.00318135,-5.00891,0,0,-5,0.0303381,-0.00318135,-0.00891113,0.0317794,-0.0309179,-0.00762633,0.00703976,0,0,0
1780640031476777,31.4034,0.0306844,-0.00329085,-5.00916,0,0,-5,0.0306844,-0.00329085,-0.00915527,0.0321898,-0.0297565,-0.00771537,0.00640906,0,0,0
1780640031500777,31.4274,0.0311584,-0.00345378,-5.00952,0,0,-5,0.0311584,-0.00345378,-0.00952148,0.0327633,-0.0286904,-0.00797963,0.00768379,0,0,0
1780640031516777,31.4434,0.0314351,-0.00356514,-5.0097,0,0,-5,0.0314351,-0.00356514,-0.00970459,0.0330916,-0.0286071,-0.0079893,0.00936002,0,0,0
1780640031532777,31.4594,0.0316852,-0.00367835,-5.00989,0,0,-5,0.0316852,-0.00367835,-0.0098877,0.0333953,-0.0277628,-0.00878528,0.00914495,0,0,0
1780640031556777,31.4834,0.032004,-0.00385318,-5.0101,0,0,-5,0.032004,-0.00385318,-0.0101013,0.0337808,-0.0281147,-0.00761551,0.0110187,0,0,0
1780640031580777,31.5074,0.0322581,-0.00399498,-5.01022,0,0,-5,0.0322581,-0.00399498,-0.0102234,0.0340744,-0.0275675,-0.00740396,0.0107876,0,0,0
1780640031596921,31.5236,0.0323757,-0.00409824,-5.01031,0,0,-5,0.0323757,-0.00409824,-0.0103149,0.0342255,-0.028647,-0.00783386,0.010495,0,0,0
1780640031620921,31.5476,0.0324995,-0.0042366,-5.01041,0,0,-5,0.0324995,-0.0042366,-0.0104065,0.0343869,-0.0278719,-0.00715657,0.0106691,0,0,0
1780640031636921,31.5636,0.0325669,-0.00432971,-5.01047,0,0,-5,0.0325669,-0.00432971,-0.0104675,0.0344807,-0.0265329,-0.00710865,0.0100878,0,0,0
1780640031660921,31.5876,0.032632,-0.00447358,-5.01059,0,0,-5,0.032632,-0.00447358,-0.0105896,0.0345977,-0.0268136,-0.00724855,0.0100521,0,0,0
1780640031676921,31.6036,0.0326397,-0.00455871,-5.01065,0,0,-5,0.0326397,-0.00455871,-0.0106506,0.0346348,-0.0278121,-0.0063693,0.00869323,0,0,0
1780640031700921,31.6276,0.0326141,-0.00466565,-5.01077,0,0,-5,0.0326141,-0.00466565,-0.0107727,0.0346626,-0.0269036,-0.00577047,0.00800917,0,0,0
1780640031716921,31.6436,0.0325794,-0.00473969,-5.01083,0,0,-5,0.0325794,-0.00473969,-0.0108337,0.0346591,-0.026315,-0.00585942,0.0079924,0,0,0
1780640031740921,31.6676,0.0324903,-0.0048568,-5.01089,0,0,-5,0.0324903,-0.0048568,-0.0108948,0.0346107,-0.0267842,-0.00612171,0.00688536,0,0,0
1780640031756921,31.6836,0.0323933,-0.00492987,-5.01093,0,0,-5,0.0323933,-0.00492987,-0.0109253,0.0345397,-0.0280768,-0.00459058,0.00746651,0,0,0
1780640031780921,31.7076,0.0335991,-0.004861,-5.01105,0,0,-5,0.0335991,-0.004861,-0.0110474,0.0357012,-0.0289925,-0.00352482,0.00794442,0,0,0
1780640031796921,31.7236,0.0347869,-0.00476618,-5.01114,0,0,-5,0.0347869,-0.00476618,-0.0111389,0.0368364,-0.027959,-0.00397466,0.00847631,0,0,0
1780640031820921,31.7476,0.036425,-0.00466756,-5.01126,0,0,-5,0.036425,-0.00466756,-0.011261,0.0384106,-0.0290226,-0.00469632,0.00935036,0,0,0
1780640031836921,31.7636,0.0374027,-0.00460476,-5.01129,0,0,-5,0.0374027,-0.00460476,-0.0112915,0.0393404,-0.0296357,-0.00405013,0.00876006,0,0,0
1780640031860921,31.7876,0.0387207,-0.0045195,-5.01138,0,0,-5,0.0387207,-0.0045195,-0.0113831,0.0406115,-0.0307025,-0.00486388,0.00845911,0,0,0
1780640031876921,31.8036,0.0395105,-0.00447225,-5.01141,0,0,-5,0.0395105,-0.00447225,-0.0114136,0.0413685,-0.030039,-0.00352586,0.00870432,0,0,0
1780640031900921,31.8276,0.0406111,-0.00436023,-5.01138,0,0,-5,0.0406111,-0.00436023,-0.0113831,0.042401,-0.0280883,-0.00248162,0.0114081,0,0,0
1780640031916921,31.8436,0.0412906,-0.0042919,-5.01132,0,0,-5,0.0412906,-0.0042919,-0.011322,0.0430293,-0.0281511,-0.00195372,0.0118229,0,0,0
1780640031940921,31.8676,0.0421961,-0.00416463,-5.01123,0,0,-5,0.0421961,-0.00416463,-0.0112305,0.0438632,-0.0289468,-0.00106451,0.0122779,0,0,0
1780640031956921,31.8836,0.0427361,-0.00408462,-5.01114,0,0,-5,0.0427361,-0.00408462,-0.0111389,0.0443524,-0.0285865,-0.00147518,0.0133831,0,0,0
1780640031972921,31.8996,0.0432343,-0.00401989,-5.01102,0,0,-5,0.0432343,-0.00401989,-0.0110168,0.0447966,-0.0281067,-0.00191945,0.0129621,0,0,0
1780640031996921,31.9236,0.0438998,-0.00390286,-5.01083,0,0,-5,0.0438998,-0.00390286,-0.0108337,0.045385,-0.0279209,0.000524298,0.0134213,0,0,0
1780640032012921,31.9396,0.0442973,-0.00380848,-5.01068,0,0,-5,0.0442973,-0.00380848,-0.0106812,0.0457258,-0.0272701,0.000506777,0.0128182,0,0,0
1780640032036921,31.9636,0.0448002,-0.00365795,-5.01044,0,0,-5,0.0448002,-0.00365795,-0.010437,0.0461451,-0.0293783,0.00150096,0.012443,0,0,0
1780640032060921,31.9876,0.0451895,-0.00348751,-5.01022,0,0,-5,0.0451895,-0.00348751,-0.0102234,0.0464626,-0.029654,0.00243987,0.0118453,0,0,0
1780640032076921,32.0036,0.0453989,-0.00336355,-5.01007,0,0,-5,0.0453989,-0.00336355,-0.0100708,0.046624,-0.0298228,0.00305702,0.0109487,0,0,0
1780640032100921,32.0276,0.0456576,-0.00317476,-5.00983,0,0,-5,0.0456576,-0.00317476,-0.00982666,0.0468109,-0.0298088,0.00343502,0.0109144,0,0,0
1780640032116921,32.0436,0.0457823,-0.00304274,-5.00967,0,0,-5,0.0457823,-0.00304274,-0.00967407,0.0468921,-0.0308103,0.00334471,0.0108043,0,0,0
1780640032140921,32.0676,0.0458906,-0.00285795,-5.00943,0,0,-5,0.0458906,-0.00285795,-0.00942993,0.0469365,-0.0311991,0.00253014,0.0111705,0,0,0
1780640032156921,32.0836,0.0459289,-0.00275351,-5.00931,0,0,-5,0.0459289,-0.00275351,-0.00930786,0.0469434,-0.0303884,0.00205994,0.00954321,0,0,0
1780640032172921,32.0996,0.0465652,-0.00265845,-5.00928,0,0,-5,0.0465652,-0.00265845,-0.00927734,0.0475547,-0.0288994,0.00127041,0.00775743,0,0,0
1780640032196921,32.1236,0.0483138,-0.00253547,-5.00934,0,0,-5,0.0483138,-0.00253547,-0.00933838,0.0492733,-0.0279014,0.00126588,0.00768272,0,0,0
1780640032220921,32.1476,0.0498996,-0.00242773,-5.00943,0,0,-5,0.0498996,-0.00242773,-0.00942993,0.0508408,-0.0278716,0.000398035,0.00574372,0,0,0
1780640032236921,32.1636,0.0508593,-0.00237511,-5.00952,0,0,-5,0.0508593,-0.00237511,-0.00952148,0.0517974,-0.0277789,-0.000536129,0.00585298,0,0,0
1780640032260921,32.1876,0.0521888,-0.00231792,-5.00958,0,0,-5,0.0521888,-0.00231792,-0.00958252,0.0531119,-0.0270904,-0.00161461,0.00638425,0,0,0
1780640032276921,32.2036,0.0529914,-0.00229123,-5.00964,0,0,-5,0.0529914,-0.00229123,-0.00964355,0.0539104,-0.0279268,-0.00155646,0.00629721,0,0,0
1780640032300921,32.2276,0.0540778,-0.0022387,-5.00974,0,0,-5,0.0540778,-0.0022387,-0.00973511,0.0549927,-0.027744,-0.00114039,0.00520815,0,0,0
1780640032316921,32.2436,0.0547242,-0.00221062,-5.00977,0,0,-5,0.0547242,-0.00221062,-0.00976562,0.0556326,-0.0278988,-0.00154111,0.00547641,0,0,0
1780640032340921,32.2676,0.0555984,-0.00218149,-5.00983,0,0,-5,0.0555984,-0.00218149,-0.00982666,0.0565023,-0.0277221,-0.00183712,0.0061904,0,0,0
1780640032356921,32.2836,0.0561124,-0.00217375,-5.00983,0,0,-5,0.0561124,-0.00217375,-0.00982666,0.0570078,-0.028347,-0.00292481,0.00788794,0,0,0
1780640032380921,32.3076,0.0567745,-0.00218506,-5.0098,0,0,-5,0.0567745,-0.00218506,-0.00979614,0.0576549,-0.0293365,-0.00294851,0.00814547,0,0,0
1780640032396921,32.3236,0.0571647,-0.00218727,-5.00977,0,0,-5,0.0571647,-0.00218727,-0.00976562,0.0580341,-0.0288301,-0.00306766,0.00856006,0,0,0
1780640032420921,32.3476,0.0576477,-0.0021959,-5.0097,0,0,-5,0.0576477,-0.0021959,-0.00970459,0.0585001,-0.0309813,-0.00328391,0.00956686,0,0,0
1780640032436921,32.3636,0.0579039,-0.00221198,-5.00961,0,0,-5,0.0579039,-0.00221198,-0.00961304,0.0587381,-0.0308005,-0.00387914,0.00974043,0,0,0
1780640032460921,32.3876,0.0582239,-0.0022346,-5.00943,0,0,-5,0.0582239,-0.0022346,-0.00942993,0.0590249,-0.0307019,-0.00423276,0.00995492,0,0,0
1780640032476921,32.4036,0.0583913,-0.00225117,-5.00934,0,0,-5,0.0583913,-0.00225117,-0.00933838,0.0591762,-0.031069,-0.00377634,0.00804426,0,0,0
1780640032500921,32.4276,0.0585359,-0.00227341,-5.00922,0,0,-5,0.0585359,-0.00227341,-0.00921631,0.0593006,-0.0335327,-0.00373767,0.0079646,0,0,0
1780640032516921,32.4436,0.058564,-0.00228664,-5.00912,0,0,-5,0.058564,-0.00228664,-0.00912476,0.0593147,-0.0348737,-0.00339425,0.00879878,0,0,0
1780640032540921,32.4676,0.0585164,-0.0023165,-5.00897,0,0,-5,0.0585164,-0.0023165,-0.00897217,0.0592456,-0.0361506,-0.00360142,0.00859865,0,0,0
1780640032556921,32.4836,0.0584466,-0.00233055,-5.00888,0,0,-5,0.0584466,-0.00233055,-0.00888062,0.0591634,-0.0366717,-0.00318117,0.00888465,0,0,0
1780640032580921,32.5076,0.0598854,-0.00152988,-5.00894,0,0,-5,0.0598854,-0.00152988,-0.00894165,0.0605686,-0.0364574,-0.00172299,0.00952286,0,0,0
1780640032597066,32.5237,0.0612789,-0.000739711,-5.00906,0,0,-5,0.0612789,-0.000739711,-0.00906372,0.06195,-0.0361515,-0.00146476,0.0103721,0,0,0
1780640032621066,32.5477,0.0631948,0.000378304,-5.00919,0,0,-5,0.0631948,0.000378304,-0.00918579,0.06386,-0.0366103,-0.00130085,0.00967509,0,0,0
1780640032637066,32.5637,0.0643536,0.00107963,-5.00925,0,0,-5,0.0643536,0.00107963,-0.00924683,0.0650235,-0.0366444,-0.00125699,0.010707,0,0,0
1780640032661066,32.5877,0.0659217,0.00205522,-5.00928,0,0,-5,0.0659217,0.00205522,-0.00927734,0.066603,-0.0373834,-0.00148864,0.010992,0,0,0
1780640032677066,32.6037,0.0668605,0.0026759,-5.00925,0,0,-5,0.0668605,0.0026759,-0.00924683,0.0675499,-0.0373796,-0.000645491,0.0104767,0,0,0
1780640032701066,32.6277,0.0681328,0.00357713,-5.00922,0,0,-5,0.0681328,0.00357713,-0.00921631,0.0688463,-0.0382488,0.000316167,0.00963097,0,0,0
1780640032717066,32.6437,0.0688733,0.00415973,-5.00922,0,0,-5,0.0688733,0.00415973,-0.00921631,0.0696116,-0.0385538,0.00117543,0.00903666,0,0,0
1780640032741066,32.6677,0.0698569,0.00501654,-5.00928,0,0,-5,0.0698569,0.00501654,-0.00927734,0.0706486,-0.039499,0.00302312,0.00799783,0,0,0
1780640032757066,32.6837,0.0704188,0.00558895,-5.00931,0,0,-5,0.0704188,0.00558895,-0.00930786,0.0712509,-0.0406578,0.00435355,0.00834047,0,0,0
1780640032781066,32.7077,0.0711187,0.00643625,-5.00934,0,0,-5,0.0711187,0.00643625,-0.00933838,0.0720173,-0.0421763,0.00553588,0.00701061,0,0,0
1780640032797066,32.7237,0.0714894,0.00698102,-5.00937,0,0,-5,0.0714894,0.00698102,-0.0093689,0.0724379,-0.0435629,0.00553706,0.00584997,0,0,0
1780640032821066,32.7477,0.0719207,0.00775876,-5.0094,0,0,-5,0.0719207,0.00775876,-0.00939941,0.0729461,-0.0445559,0.00521136,0.00839614,0,0,0
1780640032837066,32.7637,0.0721356,0.00825726,-5.00937,0,0,-5,0.0721356,0.00825726,-0.0093689,0.0732086,-0.0452624,0.00588582,0.00820278,0,0,0
1780640032853066,32.7797,0.0722924,0.0087392,-5.00937,0,0,-5,0.0722924,0.0087392,-0.0093689,0.0734189,-0.045696,0.00562705,0.00841697,0,0,0
1780640032877066,32.8037,0.0724513,0.00942375,-5.00931,0,0,-5,0.0724513,0.00942375,-0.00930786,0.0736521,-0.0446718,0.00545079,0.00793834,0,0,0
1780640032893066,32.8197,0.0725092,0.00986409,-5.00925,0,0,-5,0.0725092,0.00986409,-0.00924683,0.073759,-0.0448927,0.00591369,0.00793792,0,0,0
1780640032917066,32.8437,0.0724948,0.0104983,-5.00916,0,0,-5,0.0724948,0.0104983,-0.00915527,0.073821,-0.0466835,0.00518679,0.00798625,0,0,0
1780640032941066,32.8677,0.0723541,0.0110878,-5.00906,0,0,-5,0.0723541,0.0110878,-0.00906372,0.0737577,-0.0481743,0.00599384,0.00745562,0,0,0
1780640032957066,32.8837,0.0722085,0.0114731,-5.00903,0,0,-5,0.0722085,0.0114731,-0.0090332,0.0736702,-0.0476586,0.00564164,0.00698444,0,0,0
1780640032981066,32.9077,0.0741718,0.0125687,-5.00909,0,0,-5,0.0741718,0.0125687,-0.00909424,0.0757769,-0.0479319,0.00428995,0.00716113,0,0,0
1780640032997066,32.9237,0.0760773,0.01345,-5.00916,0,0,-5,0.0760773,0.01345,-0.00915527,0.0777976,-0.0479515,0.00498922,0.00791087,0,0,0
1780640033021066,32.9477,0.0786841,0.0147053,-5.00919,0,0,-5,0.0786841,0.0147053,-0.00918579,0.0805718,-0.047199,0.00535715,0.00869843,0,0,0
1780640033037066,32.9637,0.080277,0.0155175,-5.00919,0,0,-5,0.080277,0.0155175,-0.00918579,0.0822774,-0.0470295,0.00634418,0.00952008,0,0,0
1780640033061066,32.9877,0.0824695,0.0167066,-5.00916,0,0,-5,0.0824695,0.0167066,-0.00915527,0.0846413,-0.0467651,0.00714458,0.0100775,0,0,0
1780640033077066,33.0037,0.0837781,0.0174665,-5.00912,0,0,-5,0.0837781,0.0174665,-0.00912476,0.0860645,-0.0479753,0.00781335,0.0104759,0,0,0
1780640033101066,33.0277,0.0855318,0.0185649,-5.00903,0,0,-5,0.0855318,0.0185649,-0.0090332,0.0879883,-0.0481574,0.00805236,0.0113489,0,0,0
1780640033117066,33.0437,0.0865906,0.0192689,-5.00897,0,0,-5,0.0865906,0.0192689,-0.00897217,0.0891612,-0.0482598,0.00838282,0.0121044,0,0,0
1780640033141066,33.0677,0.0880007,0.0202831,-5.00882,0,0,-5,0.0880007,0.0202831,-0.00881958,0.0907376,-0.0485373,0.00888318,0.0131732,0,0,0
1780640033157066,33.0837,0.0888361,0.0209227,-5.00867,0,0,-5,0.0888361,0.0209227,-0.00866699,0.0916773,-0.0484606,0.00762417,0.0141025,0,0,0
1780640033173066,33.0997,0.0895959,0.0215324,-5.00848,0,0,-5,0.0895959,0.0215324,-0.00848389,0.0925367,-0.0485582,0.00844346,0.0141771,0,0,0
1780640033197066,33.1237,0.0906149,0.0224112,-5.00818,0,0,-5,0.0906149,0.0224112,-0.00817871,0.0937028,-0.0478763,0.00740453,0.0145185,0,0,0
1780640033221066,33.1477,0.0914748,0.0232244,-5.0079,0,0,-5,0.0914748,0.0232244,-0.00790405,0.0947074,-0.0479411,0.00766269,0.0141655,0,0,0
1780640033237066,33.1637,0.0919654,0.0237424,-5.00772,0,0,-5,0.0919654,0.0237424,-0.00772095,0.095294,-0.047179,0.007366,0.0138514,0,0,0
1780640033261066,33.1877,0.0926084,0.0244549,-5.00745,0,0,-5,0.0926084,0.0244549,-0.00744629,0.0960719,-0.0463282,0.00494286,0.0126524,0,0,0
1780640033277066,33.2037,0.092962,0.0248907,-5.00729,0,0,-5,0.092962,0.0248907,-0.0072937,0.0965125,-0.0469958,0.00536502,0.0119287,0,0,0
1780640033301066,33.2277,0.0933579,0.0255094,-5.00705,0,0,-5,0.0933579,0.0255094,-0.00704956,0.0970367,-0.0490528,0.00484414,0.0123177,0,0,0
1780640033317066,33.2437,0.093529,0.0259071,-5.0069,0,0,-5,0.093529,0.0259071,-0.00689697,0.0972955,-0.0487944,0.00592892,0.011522,0,0,0
1780640033341066,33.2677,0.0936459,0.0264737,-5.00665,0,0,-5,0.0936459,0.0264737,-0.00665283,0.0975432,-0.0513977,0.0052236,0.0107737,0,0,0
1780640033357066,33.2837,0.0936371,0.0268237,-5.0065,0,0,-5,0.0936371,0.0268237,-0.00650024,0.09762,-0.051855,0.00473292,0.0110093,0,0,0
1780640033373066,33.2997,0.0943366,0.0273441,-5.00644,0,0,-5,0.0943366,0.0273441,-0.00643921,0.0984304,-0.0527867,0.00481021,0.00934914,0,0,0
1780640033397066,33.3237,0.0963182,0.0283522,-5.00647,0,0,-5,0.0963182,0.0283522,-0.00646973,0.100613,-0.0534229,0.00329537,0.00944678,0,0,0
1780640033421066,33.3477,0.0980414,0.0292484,-5.00653,0,0,-5,0.0980414,0.0292484,-0.00653076,0.102519,-0.0536346,0.00103486,0.00899767,0,0,0
1780640033437066,33.3637,0.0990495,0.0297886,-5.00656,0,0,-5,0.0990495,0.0297886,-0.00656128,0.10364,-0.0546498,0.000918085,0.00866105,0,0,0
1780640033453066,33.3797,0.0999479,0.0303047,-5.00659,0,0,-5,0.0999479,0.0303047,-0.0065918,0.104649,-0.0552086,0.000780109,0.00835136,0,0,0
1780640033477066,33.4037,0.101132,0.0310363,-5.00662,0,0,-5,0.101132,0.0310363,-0.00662231,0.105994,-0.0557761,0.0015632,0.00852953,0,0,0
1780640033501066,33.4277,0.102094,0.0317369,-5.00659,0,0,-5,0.102094,0.0317369,-0.0065918,0.107116,-0.0575568,0.0018032,0.00770754,0,0,0
1780640033517066,33.4437,0.102629,0.0321617,-5.00656,0,0,-5,0.102629,0.0321617,-0.00656128,0.10775,-0.05726,0.000326773,0.00769905,0,0,0
1780640033541066,33.4677,0.10329,0.0327699,-5.0065,0,0,-5,0.10329,0.0327699,-0.00650024,0.108558,-0.0572393,0.00145595,0.00819115,0,0,0
1780640033557066,33.4837,0.103639,0.0331664,-5.00644,0,0,-5,0.103639,0.0331664,-0.00643921,0.109007,-0.0590368,0.00241613,0.00768804,0,0,0
1780640033573066,33.4997,0.103905,0.0335467,-5.00641,0,0,-5,0.103905,0.0335467,-0.00640869,0.109374,-0.0597431,0.00139925,0.00822553,0,0,0
1780640033597066,33.5237,0.104155,0.0340561,-5.00629,0,0,-5,0.104155,0.0340561,-0.00628662,0.109761,-0.0615919,-0.000206323,0.00948186,0,0,0
1780640033621216,33.5479,0.104246,0.0345002,-5.00616,0,0,-5,0.104246,0.0345002,-0.00616455,0.109979,-0.0624857,-0.00180651,0.00938125,0,0,0
1780640033637216,33.5639,0.104221,0.0347525,-5.00607,0,0,-5,0.104221,0.0347525,-0.006073,0.11003,-0.0641776,-0.00279198,0.00885394,0,0,0
1780640033661216,33.5879,0.104046,0.0350595,-5.00598,0,0,-5,0.104046,0.0350595,-0.00598145,0.109957,-0.0645905,-0.00562214,0.00748113,0,0,0
1780640033677216,33.6039,0.103863,0.0352221,-5.00592,0,0,-5,0.103863,0.0352221,-0.00592041,0.109832,-0.0646044,-0.0058071,0.00791759,0,0,0
1780640033701216,33.6279,0.103491,0.0354261,-5.0058,0,0,-5,0.103491,0.0354261,-0.00579834,0.10954,-0.0647463,-0.00640673,0.00808795,0,0,0
1780640033717216,33.6439,0.103188,0.0355399,-5.00574,0,0,-5,0.103188,0.0355399,-0.0057373,0.109287,-0.0651207,-0.00761089,0.00672887,0,0,0
1780640033733216,33.6599,0.102823,0.0356357,-5.00568,0,0,-5,0.102823,0.0356357,-0.00567627,0.108971,-0.0669056,-0.00662251,0.00671072,0,0,0
1780640033757216,33.6839,0.10218,0.0357639,-5.00558,0,0,-5,0.10218,0.0357639,-0.00558472,0.108402,-0.0679742,-0.00876334,0.00657484,0,0,0
1780640033781216,33.7079,0.102743,0.0359871,-5.00549,0,0,-5,0.102743,0.0359871,-0.00549316,0.109002,-0.0685007,-0.00895564,0.00607486,0,0,0
1780640033797216,33.7239,0.103432,0.0361544,-5.00546,0,0,-5,0.103432,0.0361544,-0.00546265,0.109705,-0.06968,-0.00959128,0.00584765,0,0,0
1780640033821216,33.7479,0.104255,0.0363522,-5.0054,0,0,-5,0.104255,0.0363522,-0.00540161,0.110543,-0.0701324,-0.0108606,0.00514737,0,0,0
1780640033837216,33.7639,0.104692,0.0364521,-5.00537,0,0,-5,0.104692,0.0364521,-0.00537109,0.110987,-0.0701796,-0.0115707,0.00542295,0,0,0
1780640033861216,33.7879,0.105205,0.0365759,-5.00534,0,0,-5,0.105205,0.0365759,-0.00534058,0.11151,-0.0703227,-0.011285,0.0065601,0,0,0
1780640033877216,33.8039,0.105443,0.0366326,-5.00528,0,0,-5,0.105443,0.0366326,-0.00527954,0.11175,-0.0706781,-0.0116612,0.00659341,0,0,0
1780640033893216,33.8199,0.10561,0.0366746,-5.00525,0,0,-5,0.10561,0.0366746,-0.00524902,0.11192,-0.0711326,-0.0113017,0.0065281,0,0,0
1780640033917216,33.8439,0.105747,0.0367058,-5.00519,0,0,-5,0.105747,0.0367058,-0.00518799,0.112056,-0.0713787,-0.0117382,0.00486874,0,0,0
1780640033941216,33.8679,0.105729,0.0367184,-5.00516,0,0,-5,0.105729,0.0367184,-0.00515747,0.112043,-0.0720377,-0.011972,0.0054702,0,0,0
1780640033957216,33.8839,0.105635,0.0367127,-5.0051,0,0,-5,0.105635,0.0367127,-0.00509644,0.111949,-0.0714355,-0.0115316,0.00569653,0,0,0
1780640033981216,33.9079,0.10538,0.0366878,-5.00504,0,0,-5,0.10538,0.0366878,-0.0050354,0.111697,-0.0731955,-0.0128013,0.00482397,0,0,0
1780640033997216,33.9239,0.105123,0.0366331,-5.00504,0,0,-5,0.105123,0.0366331,-0.0050354,0.111437,-0.0742437,-0.013496,0.00412788,0,0,0
1780640034021216,33.9479,0.104622,0.0365245,-5.00507,0,0,-5,0.104622,0.0365245,-0.00506592,0.11093,-0.0745115,-0.0142503,0.00316685,0,0,0
1780640034037216,33.9639,0.104225,0.0364264,-5.0051,0,0,-5,0.104225,0.0364264,-0.00509644,0.110525,-0.0752553,-0.014134,0.00311262,0,0,0
1780640034061216,33.9879,0.103537,0.0362754,-5.00513,0,0,-5,0.103537,0.0362754,-0.00512695,0.109827,-0.0749192,-0.0137874,0.00257927,0,0,0
1780640034077216,34.0039,0.103019,0.0361598,-5.00519,0,0,-5,0.103019,0.0361598,-0.00518799,0.109304,-0.0761779,-0.0147055,0.00289401,0,0,0
1780640034101216,34.0279,0.102143,0.0359507,-5.00525,0,0,-5,0.102143,0.0359507,-0.00524902,0.108412,-0.0759553,-0.0151528,0.00362373,0,0,0
1780640034117216,34.0439,0.101516,0.0358178,-5.00525,0,0,-5,0.101516,0.0358178,-0.00524902,0.107777,-0.0767557,-0.014202,0.0044875,0,0,0
1780640034133216,34.0599,0.100841,0.0356841,-5.00525,0,0,-5,0.100841,0.0356841,-0.00524902,0.107097,-0.0763496,-0.0142966,0.00438539,0,0,0
1780640034157216,34.0839,0.0997422,0.035462,-5.00528,0,0,-5,0.0997422,0.035462,-0.00527954,0.10599,-0.079219,-0.0147092,0.00418251,0,0,0
1780640034173216,34.0999,0.0997378,0.0351151,-5.00534,0,0,-5,0.0997378,0.0351151,-0.00534058,0.105874,-0.0789021,-0.01555,0.00458517,0,0,0
1780640034197216,34.1239,0.10075,0.0343407,-5.00555,0,0,-5,0.10075,0.0343407,-0.0055542,0.106587,-0.0775506,-0.0152898,0.00415332,0,0,0
1780640034213216,34.1399,0.101308,0.0338435,-5.00568,0,0,-5,0.101308,0.0338435,-0.00567627,0.106962,-0.0778273,-0.0150851,0.00412346,0,0,0
1780640034237216,34.1639,0.10196,0.0330992,-5.00583,0,0,-5,0.10196,0.0330992,-0.00582886,0.107356,-0.0777376,-0.0167778,0.00479788,0,0,0
1780640034261216,34.1879,0.102435,0.032363,-5.00592,0,0,-5,0.102435,0.032363,-0.00592041,0.107589,-0.0758696,-0.0164946,0.00601814,0,0,0
1780640034277216,34.2039,0.102683,0.0318869,-5.00601,0,0,-5,0.102683,0.0318869,-0.00601196,0.107688,-0.0748779,-0.0169026,0.00444317,0,0,0
1780640034301216,34.2279,0.102927,0.0311677,-5.00613,0,0,-5,0.102927,0.0311677,-0.00613403,0.107718,-0.0738109,-0.0186011,0.00371578,0,0,0
1780640034317216,34.2439,0.103006,0.0306804,-5.0062,0,0,-5,0.103006,0.0306804,-0.00619507,0.107656,-0.0743489,-0.0184395,0.00409665,0,0,0
1780640034341216,34.2679,0.10301,0.0299734,-5.00626,0,0,-5,0.10301,0.0299734,-0.0062561,0.107464,-0.0737206,-0.0189693,0.00504526,0,0,0
1780640034357216,34.2839,0.102926,0.029496,-5.00632,0,0,-5,0.102926,0.029496,-0.00631714,0.107255,-0.0741879,-0.0194957,0.0059709,0,0,0
1780640034381216,34.3079,0.102659,0.028778,-5.00638,0,0,-5,0.102659,0.028778,-0.00637817,0.106807,-0.0760705,-0.0195803,0.00609414,0,0,0
1780640034397216,34.3239,0.102402,0.0283148,-5.00641,0,0,-5,0.102402,0.0283148,-0.00640869,0.106438,-0.0757419,-0.0191962,0.00538798,0,0,0
1780640034413216,34.3399,0.102091,0.027862,-5.00647,0,0,-5,0.102091,0.027862,-0.00646973,0.106022,-0.0763669,-0.0196657,0.00554153,0,0,0
1780640034437216,34.3639,0.101508,0.0271631,-5.0065,0,0,-5,0.101508,0.0271631,-0.00650024,0.10528,-0.0772095,-0.0215435,0.00576713,0,0,0
1780640034461216,34.3879,0.100804,0.026442,-5.00656,0,0,-5,0.100804,0.026442,-0.00656128,0.104421,-0.0782891,-0.0219929,0.00440136,0,0,0
1780640034477216,34.4039,0.100278,0.025978,-5.00659,0,0,-5,0.100278,0.025978,-0.0065918,0.103798,-0.079171,-0.0227662,0.00439892,0,0,0
1780640034501216,34.4279,0.0993739,0.0252831,-5.00665,0,0,-5,0.0993739,0.0252831,-0.00665283,0.102755,-0.0806936,-0.0219871,0.00463072,0,0,0
1780640034517216,34.4439,0.0987015,0.0248379,-5.00668,0,0,-5,0.0987015,0.0248379,-0.00668335,0.101998,-0.0811863,-0.021692,0.00425835,0,0,0
1780640034541216,34.4679,0.0976129,0.0241731,-5.00674,0,0,-5,0.0976129,0.0241731,-0.00674438,0.100787,-0.082971,-0.0216207,0.00481235,0,0,0
1780640034557216,34.4839,0.0968112,0.0237385,-5.00674,0,0,-5,0.0968112,0.0237385,-0.00674438,0.099907,-0.0837137,-0.0220536,0.00543348,0,0,0
1780640034573216,34.4999,0.0964806,0.0229891,-5.00681,0,0,-5,0.0964806,0.0229891,-0.00680542,0.0994149,-0.0848442,-0.0228505,0.00566241,0,0,0
1780640034597216,34.5239,0.0966236,0.021443,-5.00702,0,0,-5,0.0966236,0.021443,-0.00701904,0.099223,-0.0831329,-0.0234327,0.00470685,0,0,0
1780640034621216,34.5479,0.0966406,0.0199493,-5.0072,0,0,-5,0.0966406,0.0199493,-0.00720215,0.0989406,-0.0827623,-0.0234535,0.0053533,0,0,0
1780640034637373,34.564,0.096555,0.0189902,-5.00729,0,0,-5,0.096555,0.0189902,-0.0072937,0.0986747,-0.0829782,-0.0235962,0.00696976,0,0,0
1780640034661373,34.588,0.0962921,0.0175855,-5.00739,0,0,-5,0.0962921,0.0175855,-0.00738525,0.098163,-0.0831907,-0.0243486,0.00742286,0,0,0
1780640034677373,34.604,0.0960438,0.0166684,-5.00745,0,0,-5,0.0960438,0.0166684,-0.00744629,0.0977634,-0.0830688,-0.0248576,0.00737278,0,0,0
1780640034701373,34.628,0.0955352,0.0153424,-5.00754,0,0,-5,0.0955352,0.0153424,-0.00753784,0.0970524,-0.0845447,-0.0253927,0.00760972,0,0,0
1780640034717373,34.644,0.0951157,0.0144673,-5.00757,0,0,-5,0.0951157,0.0144673,-0.00756836,0.0965069,-0.0847659,-0.0265745,0.00735759,0,0,0
1780640034741373,34.668,0.094387,0.0131785,-5.00757,0,0,-5,0.094387,0.0131785,-0.00756836,0.0956026,-0.085008,-0.0263899,0.00735586,0,0,0
1780640034757373,34.684,0.0938248,0.0123562,-5.0076,0,0,-5,0.0938248,0.0123562,-0.00759888,0.0949395,-0.0855661,-0.0257266,0.00620208,0,0,0
1780640034773373,34.7,0.0932134,0.0115565,-5.0076,0,0,-5,0.0932134,0.0115565,-0.00759888,0.0942339,-0.0852482,-0.0250358,0.00482385,0,0,0
1780640034797373,34.724,0.0922171,0.0103893,-5.00763,0,0,-5,0.0922171,0.0103893,-0.00762939,0.0931136,-0.0854924,-0.0253438,0.00500847,0,0,0
1780640034821373,34.748,0.0911358,0.00928456,-5.0076,0,0,-5,0.0911358,0.00928456,-0.00759888,0.0919222,-0.0847381,-0.0234156,0.0070988,0,0,0
1780640034837373,34.764,0.0903865,0.00858524,-5.00757,0,0,-5,0.0903865,0.00858524,-0.00756836,0.0911082,-0.0834611,-0.0232716,0.00799274,0,0,0
1780640034861373,34.788,0.089204,0.00755506,-5.00745,0,0,-5,0.089204,0.00755506,-0.00744629,0.0898325,-0.0835071,-0.0237368,0.0101143,0,0,0
1780640034877373,34.804,0.0883769,0.00688025,-5.00732,0,0,-5,0.0883769,0.00688025,-0.00732422,0.0889464,-0.0831359,-0.0235381,0.0109563,0,0,0
1780640034901373,34.828,0.0871118,0.00590954,-5.00711,0,0,-5,0.0871118,0.00590954,-0.0071106,0.0876011,-0.0826233,-0.0235891,0.0104989,0,0,0
1780640034917373,34.844,0.0862248,0.00527863,-5.00699,0,0,-5,0.0862248,0.00527863,-0.00698853,0.0866684,-0.083544,-0.023513,0.0112575,0,0,0
1780640034941373,34.868,0.0848158,0.00433801,-5.00671,0,0,-5,0.0848158,0.00433801,-0.00671387,0.0851916,-0.0835031,-0.024143,0.0121547,0,0,0
1780640034957373,34.884,0.0838455,0.00372264,-5.00653,0,0,-5,0.0838455,0.00372264,-0.00653076,0.0841818,-0.0844727,-0.0242008,0.0116316,0,0,0
1780640034973373,34.9,0.0835488,0.00285045,-5.00638,0,0,-5,0.0835488,0.00285045,-0.00637817,0.0838403,-0.084233,-0.0240972,0.0106561,0,0,0
1780640034997373,34.924,0.0839868,0.00118779,-5.00626,0,0,-5,0.0839868,0.00118779,-0.0062561,0.0842278,-0.0856257,-0.0236875,0.010278,0,0,0
1780640035021373,34.948,0.0842147,-0.00038654,-5.0061,0,0,-5,0.0842147,-0.00038654,-0.00610352,0.0844365,-0.0848847,-0.0226398,0.00942132,0,0,0
1780640035037373,34.964,0.0842813,-0.0013635,-5.00601,0,0,-5,0.0842813,-0.0013635,-0.00601196,0.0845064,-0.0844177,-0.0205746,0.00899035,0,0,0
1780640035061373,34.988,0.0842805,-0.00271888,-5.00586,0,0,-5,0.0842805,-0.00271888,-0.00585938,0.0845276,-0.0809624,-0.0188988,0.00863567,0,0,0
1780640035077373,35.004,0.0842359,-0.00358221,-5.00577,0,0,-5,0.0842359,-0.00358221,-0.00576782,0.0845091,-0.0794292,-0.0190159,0.00756185,0,0,0
1780640035101373,35.028,0.0840641,-0.00483342,-5.00565,0,0,-5,0.0840641,-0.00483342,-0.00564575,0.084392,-0.0792797,-0.0191114,0.00604636,0,0,0
1780640035117373,35.044,0.0838707,-0.00562157,-5.00558,0,0,-5,0.0838707,-0.00562157,-0.00558472,0.0842442,-0.0791617,-0.0181673,0.00556396,0,0,0
1780640035141373,35.068,0.0834956,-0.00673381,-5.00552,0,0,-5,0.0834956,-0.00673381,-0.00552368,0.0839487,-0.0781699,-0.0169319,0.00444429,0,0,0
1780640035157373,35.084,0.0831852,-0.00744136,-5.00549,0,0,-5,0.0831852,-0.00744136,-0.00549316,0.0836978,-0.0769164,-0.0161547,0.00356479,0,0,0
1780640035173373,35.1,0.0828516,-0.00811358,-5.00549,0,0,-5,0.0828516,-0.00811358,-0.00549316,0.083429,-0.0751278,-0.0164305,0.00428125,0,0,0
1780640035197373,35.124,0.0823188,-0.0090684,-5.00543,0,0,-5,0.0823188,-0.0090684,-0.00543213,0.0829947,-0.0734731,-0.0155781,0.00509117,0,0,0
1780640035221373,35.148,0.0816904,-0.00995134,-5.00537,0,0,-5,0.0816904,-0.00995134,-0.00537109,0.0824694,-0.0727641,-0.0136385,0.00612337,0,0,0
1780640035237373,35.164,0.0812295,-0.010497,-5.00534,0,0,-5,0.0812295,-0.010497,-0.00534058,0.0820789,-0.0724075,-0.0127658,0.006261,0,0,0
1780640035261373,35.188,0.080448,-0.0112569,-5.00528,0,0,-5,0.080448,-0.0112569,-0.00527954,0.0814031,-0.073418,-0.0119402,0.00592336,0,0,0
1780640035277373,35.204,0.0798661,-0.0117365,-5.00525,0,0,-5,0.0798661,-0.0117365,-0.00524902,0.0808943,-0.0736122,-0.0111563,0.0067395,0,0,0
1780640035301373,35.228,0.0789214,-0.012406,-5.00516,0,0,-5,0.0789214,-0.012406,-0.00515747,0.0800568,-0.0737358,-0.00981904,0.00818277,0,0,0
1780640035317373,35.244,0.0782314,-0.0127985,-5.00507,0,0,-5,0.0782314,-0.0127985,-0.00506592,0.0794331,-0.075517,-0.00806318,0.00848372,0,0,0
1780640035341373,35.268,0.077107,-0.0133071,-5.00488,0,0,-5,0.077107,-0.0133071,-0.00488281,0.0783991,-0.0754425,-0.00626255,0.0107812,0,0,0
1780640035357373,35.284,0.0763173,-0.0136073,-5.00476,0,0,-5,0.0763173,-0.0136073,-0.00476074,0.077667,-0.0757863,-0.00615435,0.0104886,0,0,0
1780640035381373,35.308,0.0758799,-0.0144557,-5.00488,0,0,-5,0.0758799,-0.0144557,-0.00488281,0.0773988,-0.0754817,-0.00575134,0.00895525,0,0,0
1780640035397373,35.324,0.0757892,-0.0151177,-5.00507,0,0,-5,0.0757892,-0.0151177,-0.00506592,0.0774481,-0.074999,-0.00588926,0.00898187,0,0,0
1780640035421373,35.348,0.075556,-0.0160646,-5.00531,0,0,-5,0.075556,-0.0160646,-0.00531006,0.0774272,-0.0735776,-0.00598969,0.00920102,0,0,0
1780640035437373,35.364,0.0753369,-0.0166514,-5.00546,0,0,-5,0.0753369,-0.0166514,-0.00546265,0.0773483,-0.0737504,-0.00452169,0.00808373,0,0,0
1780640035461373,35.388,0.0749095,-0.0174466,-5.00568,0,0,-5,0.0749095,-0.0174466,-0.00567627,0.0771236,-0.0725545,-0.00306871,0.00681858,0,0,0
1780640035477373,35.404,0.0745886,-0.0179161,-5.00586,0,0,-5,0.0745886,-0.0179161,-0.00585938,0.0769336,-0.0714811,-0.00131978,0.00387425,0,0,0
1780640035501373,35.428,0.0740425,-0.0185649,-5.00613,0,0,-5,0.0740425,-0.0185649,-0.00613403,0.0765805,-0.0710653,-0.00157425,0.00394437,0,0,0
1780640035517373,35.444,0.0736073,-0.0189578,-5.00629,0,0,-5,0.0736073,-0.0189578,-0.00628662,0.0762689,-0.0722437,-0.00017604,0.00296523,0,0,0
1780640035541373,35.468,0.0728623,-0.0194845,-5.00656,0,0,-5,0.0728623,-0.0194845,-0.00656128,0.0757074,-0.0723938,0.000965752,0.00157014,0,0,0
1780640035557373,35.484,0.0723141,-0.0197994,-5.00674,0,0,-5,0.0723141,-0.0197994,-0.00674438,0.0752783,-0.0717525,0.00101732,0.00133996,0,0,0
1780640035573373,35.5,0.0717436,-0.0201053,-5.0069,0,0,-5,0.0717436,-0.0201053,-0.00689697,0.0748261,-0.0711183,0.00048488,0.00168129,0,0,0
1780640035597373,35.524,0.0708363,-0.0205354,-5.00717,0,0,-5,0.0708363,-0.0205354,-0.00717163,0.0741007,-0.0698468,0.00109247,0.00228396,0,0,0
1780640035621373,35.548,0.0698469,-0.0208832,-5.00742,0,0,-5,0.0698469,-0.0208832,-0.00741577,0.0732781,-0.0710974,0.00348429,0.00361426,0,0,0
1780640035637531,35.5642,0.0691335,-0.0210786,-5.00754,0,0,-5,0.0691335,-0.0210786,-0.00753784,0.0726675,-0.0710037,0.00435577,0.00402507,0,0,0
1780640035661531,35.5882,0.0680114,-0.0213155,-5.00766,0,0,-5,0.0680114,-0.0213155,-0.00765991,0.0716839,-0.0704669,0.00560041,0.00327326,0,0,0
1780640035677531,35.6042,0.0672342,-0.0214459,-5.00772,0,0,-5,0.0672342,-0.0214459,-0.00772095,0.0709929,-0.0707065,0.00628512,0.00387832,0,0,0
1780640035693531,35.6202,0.0664369,-0.0215699,-5.00775,0,0,-5,0.0664369,-0.0215699,-0.00775146,0.0702795,-0.0699531,0.00482649,0.00433492,0,0,0
1780640035717531,35.6442,0.0651884,-0.0217492,-5.00781,0,0,-5,0.0651884,-0.0217492,-0.0078125,0.0691635,-0.0698923,0.00543339,0.00413225,0,0,0
1780640035741531,35.6682,0.0639089,-0.0218835,-5.00787,0,0,-5,0.0639089,-0.0218835,-0.00787354,0.068009,-0.0693261,0.00552846,0.00501945,0,0,0
1780640035757531,35.6842,0.0630314,-0.0219735,-5.0079,0,0,-5,0.0630314,-0.0219735,-0.00790405,0.0672181,-0.068989,0.00535831,0.00607701,0,0,0
1780640035773531,35.7002,0.0625656,-0.0224099,-5.00797,0,0,-5,0.0625656,-0.0224099,-0.00796509,0.0669335,-0.0680898,0.00582683,0.0068644,0,0,0
1780640035797531,35.7242,0.0624585,-0.0235336,-5.00821,0,0,-5,0.0624585,-0.0235336,-0.00820923,0.0672479,-0.0654093,0.00487213,0.00672903,0,0,0
1780640035821531,35.7482,0.0622538,-0.0245753,-5.00842,0,0,-5,0.0622538,-0.0245753,-0.00842285,0.0674568,-0.064275,0.00556432,0.0066371,0,0,0
1780640035837531,35.7642,0.0620632,-0.0252191,-5.00854,0,0,-5,0.0620632,-0.0252191,-0.00854492,0.0675341,-0.0646269,0.00516595,0.00687311,0,0,0
1780640035861531,35.7882,0.0616635,-0.0261351,-5.0087,0,0,-5,0.0616635,-0.0261351,-0.00869751,0.0675358,-0.0651057,0.00455531,0.00725109,0,0,0
1780640035877531,35.8042,0.0613356,-0.0267079,-5.00879,0,0,-5,0.0613356,-0.0267079,-0.00878906,0.0674731,-0.0654192,0.00423511,0.00721978,0,0,0
1780640035901531,35.8282,0.0607354,-0.027524,-5.00885,0,0,-5,0.0607354,-0.027524,-0.0088501,0.0672658,-0.0657937,0.00347753,0.00742502,0,0,0
1780640035917531,35.8442,0.0602868,-0.0280321,-5.00888,0,0,-5,0.0602868,-0.0280321,-0.00888062,0.0670758,-0.0652614,0.00437861,0.00796234,0,0,0
1780640035941531,35.8682,0.0595776,-0.0287233,-5.00891,0,0,-5,0.0595776,-0.0287233,-0.00891113,0.0667378,-0.0639631,0.00536594,0.00881311,0,0,0
1780640035957531,35.8842,0.0590644,-0.0291393,-5.00888,0,0,-5,0.0590644,-0.0291393,-0.00888062,0.0664573,-0.0643379,0.00553385,0.00924733,0,0,0
1780640035981531,35.9082,0.058229,-0.0297141,-5.00882,0,0,-5,0.058229,-0.0297141,-0.00881958,0.0659646,-0.0643196,0.00596283,0.0102708,0,0,0
1780640035997531,35.9242,0.0576236,-0.0300562,-5.00876,0,0,-5,0.0576236,-0.0300562,-0.00875854,0.0655787,-0.0651151,0.00683106,0.0101846,0,0,0
1780640036021531,35.9482,0.0566479,-0.0304992,-5.00867,0,0,-5,0.0566479,-0.0304992,-0.00866699,0.0649177,-0.0653367,0.00816706,0.0108591,0,0,0
1780640036037531,35.9642,0.0559608,-0.0307511,-5.00861,0,0,-5,0.0559608,-0.0307511,-0.00860596,0.0644306,-0.0646636,0.00847501,0.0102364,0,0,0
1780640036061531,35.9882,0.0548825,-0.0310902,-5.00851,0,0,-5,0.0548825,-0.0310902,-0.0085144,0.0636489,-0.0639694,0.00798453,0.00900714,0,0,0
1780640036077531,36.0042,0.0541465,-0.0312913,-5.00845,0,0,-5,0.0541465,-0.0312913,-0.00845337,0.0631067,-0.0633829,0.00871832,0.00785245,0,0,0
1780640036101531,36.0282,0.05302,-0.0315619,-5.00839,0,0,-5,0.05302,-0.0315619,-0.00839233,0.0622712,-0.0616419,0.0084313,0.00634991,0,0,0
1780640036117531,36.0442,0.0522684,-0.0317169,-5.00836,0,0,-5,0.0522684,-0.0317169,-0.00836182,0.0617079,-0.0620388,0.0084315,0.00743693,0,0,0
1780640036141531,36.0682,0.0510819,-0.0319565,-5.00827,0,0,-5,0.0510819,-0.0319565,-0.00827026,0.0608192,-0.0631355,0.00641086,0.0078467,0,0,0
1780640036157531,36.0842,0.0502481,-0.0321099,-5.00818,0,0,-5,0.0502481,-0.0321099,-0.00817871,0.0601898,-0.0641526,0.00641562,0.00908855,0,0,0
1780640036181531,36.1082,0.0494655,-0.03259,-5.00848,0,0,-5,0.0494655,-0.03259,-0.00848389,0.0598407,-0.0641742,0.00738086,0.0100322,0,0,0
1780640036197531,36.1242,0.049095,-0.0329511,-5.00882,0,0,-5,0.049095,-0.0329511,-0.00881958,0.0597819,-0.062632,0.00815245,0.0107027,0,0,0
1780640036221531,36.1482,0.0484784,-0.0334351,-5.00925,0,0,-5,0.0484784,-0.0334351,-0.00924683,0.0596117,-0.0623116,0.0082687,0.00981488,0,0,0
1780640036237531,36.1642,0.0480335,-0.0337334,-5.00949,0,0,-5,0.0480335,-0.0337334,-0.00949097,0.0594578,-0.0614666,0.00750135,0.0103195,0,0,0
1780640036261531,36.1882,0.0473123,-0.0341626,-5.00986,0,0,-5,0.0473123,-0.0341626,-0.00985718,0.0591836,-0.0612326,0.00605555,0.00999889,0,0,0
1780640036277531,36.2042,0.0467985,-0.0344285,-5.01004,0,0,-5,0.0467985,-0.0344285,-0.0100403,0.0589595,-0.0614694,0.0068623,0.0105554,0,0,0
1780640036293531,36.2202,0.0462524,-0.0346677,-5.01022,0,0,-5,0.0462524,-0.0346677,-0.0102234,0.0586997,-0.0611107,0.00714822,0.0104927,0,0,0
1780640036317531,36.2442,0.0454082,-0.0349561,-5.0105,0,0,-5,0.0454082,-0.0349561,-0.010498,0.0582584,-0.0593544,0.00851362,0.00872816,0,0,0
1780640036341531,36.2682,0.0445354,-0.0351612,-5.01077,0,0,-5,0.0445354,-0.0351612,-0.0107727,0.0577561,-0.0566181,0.0107772,0.00846579,0,0,0
1780640036357531,36.2842,0.0439563,-0.0352605,-5.01093,0,0,-5,0.0439563,-0.0352605,-0.0109253,0.0574005,-0.0559405,0.011024,0.00835716,0,0,0
1780640036381531,36.3082,0.0430569,-0.0353707,-5.01108,0,0,-5,0.0430569,-0.0353707,-0.0110779,0.0568129,-0.0552176,0.0122825,0.00926963,0,0,0
1780640036397531,36.3242,0.0424492,-0.0353954,-5.01114,0,0,-5,0.0424492,-0.0353954,-0.0111389,0.0563812,-0.0537356,0.0137492,0.0111211,0,0,0
1780640036421531,36.3482,0.0415392,-0.035387,-5.01114,0,0,-5,0.0415392,-0.035387,-0.0111389,0.055694,-0.0520491,0.0140894,0.0131382,0,0,0
1780640036437531,36.3642,0.0409189,-0.0353555,-5.01111,0,0,-5,0.0409189,-0.0353555,-0.0111084,0.0552066,-0.0513179,0.0149765,0.0137809,0,0,0
1780640036461531,36.3882,0.0399837,-0.0352586,-5.01105,0,0,-5,0.0399837,-0.0352586,-0.0110474,0.0544418,-0.0501016,0.0162687,0.0149255,0,0,0
1780640036477531,36.4042,0.03935,-0.0351499,-5.01099,0,0,-5,0.03935,-0.0351499,-0.0109863,0.0538946,-0.0506316,0.0183291,0.0146845,0,0,0
1780640036501531,36.4282,0.0383611,-0.0349458,-5.01086,0,0,-5,0.0383611,-0.0349458,-0.0108643,0.0530171,-0.0502315,0.0176114,0.0136512,0,0,0
1780640036517531,36.4442,0.0377004,-0.0347976,-5.01077,0,0,-5,0.0377004,-0.0347976,-0.0107727,0.0524237,-0.0495696,0.0187691,0.0128133,0,0,0
1780640036541531,36.4682,0.0366633,-0.0345457,-5.01065,0,0,-5,0.0366633,-0.0345457,-0.0106506,0.0514883,-0.0509225,0.019583,0.012211,0,0,0
1780640036557531,36.4842,0.0359472,-0.0343588,-5.01056,0,0,-5,0.0359472,-0.0343588,-0.0105591,0.0508352,-0.0510399,0.0192247,0.0120457,0,0,0
1780640036581531,36.5082,0.0353453,-0.0342863,-5.01086,0,0,-5,0.0353453,-0.0342863,-0.0108643,0.0504269,-0.0503089,0.0194367,0.0116754,0,0,0
1780640036597531,36.5242,0.0350793,-0.0342926,-5.0112,0,0,-5,0.0350793,-0.0342926,-0.0112,0.0503188,-0.0496751,0.0199402,0.0112457,0,0,0
1780640036621531,36.5482,0.0346196,-0.0342761,-5.01166,0,0,-5,0.0346196,-0.0342761,-0.0116577,0.0500927,-0.0485347,0.0199318,0.0103387,0,0,0
1780640036637688,36.5643,0.0342874,-0.0342378,-5.01196,0,0,-5,0.0342874,-0.0342378,-0.0119629,0.0499095,-0.0483271,0.0206809,0.00976662,0,0,0
1780640036661688,36.5883,0.0337295,-0.0341467,-5.01236,0,0,-5,0.0337295,-0.0341467,-0.0123596,0.0495624,-0.0485609,0.0203216,0.0103487,0,0,0
1780640036677688,36.6043,0.0333248,-0.03406,-5.01257,0,0,-5,0.0333248,-0.03406,-0.0125732,0.049282,-0.047294,0.020851,0.0103611,0,0,0
1780640036701688,36.6283,0.0326905,-0.0338723,-5.01285,0,0,-5,0.0326905,-0.0338723,-0.0128479,0.0487962,-0.0473167,0.022493,0.0116547,0,0,0
1780640036717688,36.6443,0.0322426,-0.0337311,-5.01303,0,0,-5,0.0322426,-0.0337311,-0.013031,0.0484477,-0.0472317,0.0216399,0.0131237,0,0,0
1780640036741688,36.6683,0.0315386,-0.033493,-5.01324,0,0,-5,0.0315386,-0.033493,-0.0132446,0.0478736,-0.0458366,0.0224124,0.0140001,0,0,0
1780640036757688,36.6843,0.0310473,-0.0333343,-5.01337,0,0,-5,0.0310473,-0.0333343,-0.0133667,0.047474,-0.0465298,0.0214473,0.0146075,0,0,0
1780640036773688,36.7003,0.0305278,-0.0331767,-5.01343,0,0,-5,0.0305278,-0.0331767,-0.0134277,0.0470419,-0.0462988,0.021814,0.0147368,0,0,0
1780640036797688,36.7243,0.0297133,-0.0329079,-5.01358,0,0,-5,0.0297133,-0.0329079,-0.0135803,0.0463707,-0.0467766,0.0225473,0.0155083,0,0,0
1780640036821688,36.7483,0.0288677,-0.0325778,-5.01364,0,0,-5,0.0288677,-0.0325778,-0.0136414,0.0456151,-0.046193,0.024387,0.0154669,0,0,0
1780640036837688,36.7643,0.0282891,-0.0323163,-5.0137,0,0,-5,0.0282891,-0.0323163,-0.0137024,0.0450818,-0.045698,0.0251456,0.0152634,0,0,0
1780640036861688,36.7883,0.0273889,-0.0319076,-5.01373,0,0,-5,0.0273889,-0.0319076,-0.0137329,0.0442362,-0.046057,0.024851,0.0151601,0,0,0
1780640036877688,36.8043,0.0267723,-0.0316072,-5.0137,0,0,-5,0.0267723,-0.0316072,-0.0137024,0.0436294,-0.0461693,0.0277429,0.0153543,0,0,0
1780640036901688,36.8283,0.0258023,-0.0311053,-5.01367,0,0,-5,0.0258023,-0.0311053,-0.0136719,0.042664,-0.0459047,0.0277478,0.0143692,0,0,0
1780640036917688,36.8443,0.0251446,-0.0307518,-5.01367,0,0,-5,0.0251446,-0.0307518,-0.0136719,0.0420101,-0.0449519,0.0285102,0.0137868,0,0,0
1780640036941688,36.8683,0.0241674,-0.0301952,-5.01364,0,0,-5,0.0241674,-0.0301952,-0.0136414,0.041011,-0.0444103,0.0291893,0.0143711,0,0,0
1780640036957688,36.8843,0.0234978,-0.0298162,-5.01358,0,0,-5,0.0234978,-0.0298162,-0.0135803,0.0403184,-0.0448223,0.0293812,0.014498,0,0,0
1780640036981688,36.9083,0.023173,-0.0296453,-5.01385,0,0,-5,0.023173,-0.0296453,-0.013855,0.0400973,-0.0433786,0.0301367,0.0152493,0,0,0
1780640036997688,36.9243,0.0231641,-0.0296511,-5.0141,0,0,-5,0.0231641,-0.0296511,-0.0140991,0.0401814,-0.0419402,0.029731,0.0152278,0,0,0
1780640037021688,36.9483,0.0231046,-0.0296168,-5.01443,0,0,-5,0.0231046,-0.0296168,-0.0144348,0.040241,-0.0403183,0.0296129,0.0141065,0,0,0
1780640037037688,36.9643,0.0230306,-0.0295574,-5.01465,0,0,-5,0.0230306,-0.0295574,-0.0146484,0.0402321,-0.0402671,0.0302186,0.0131317,0,0,0
1780640037061688,36.9883,0.0228422,-0.0294222,-5.01492,0,0,-5,0.0228422,-0.0294222,-0.0149231,0.0401264,-0.0402386,0.0303744,0.01215,0,0,0
1780640037077688,37.0043,0.0226771,-0.0293002,-5.01511,0,0,-5,0.0226771,-0.0293002,-0.0151062,0.0400119,-0.0395777,0.0304309,0.012736,0,0,0
1780640037101688,37.0283,0.0224079,-0.0290794,-5.01535,0,0,-5,0.0224079,-0.0290794,-0.0153503,0.0397914,-0.0377391,0.0302096,0.0133903,0,0,0
1780640037117688,37.0443,0.0222235,-0.0289097,-5.01547,0,0,-5,0.0222235,-0.0289097,-0.0154724,0.0396112,-0.0364678,0.030558,0.0143053,0,0,0
1780640037141688,37.0683,0.0219162,-0.0286184,-5.01562,0,0,-5,0.0219162,-0.0286184,-0.015625,0.0392871,-0.0357413,0.0303566,0.0155129,0,0,0
1780640037157688,37.0843,0.0216927,-0.0284242,-5.01569,0,0,-5,0.0216927,-0.0284242,-0.015686,0.0390457,-0.0358661,0.0284132,0.0160248,0,0,0
1780640037181688,37.1083,0.021306,-0.0281378,-5.01575,0,0,-5,0.021306,-0.0281378,-0.0157471,0.0386478,-0.0348753,0.0271153,0.0170439,0,0,0
1780640037197688,37.1243,0.0210193,-0.027927,-5.01575,0,0,-5,0.0210193,-0.027927,-0.0157471,0.0383366,-0.0358791,0.0272711,0.0171685,0,0,0
1780640037221688,37.1483,0.0205797,-0.0276158,-5.01575,0,0,-5,0.0205797,-0.0276158,-0.0157471,0.0378698,-0.0330133,0.0259591,0.0166106,0,0,0
1780640037237688,37.1643,0.0202836,-0.0274017,-5.01575,0,0,-5,0.0202836,-0.0274017,-0.0157471,0.0375532,-0.0326468,0.025614,0.0158192,0,0,0
1780640037261688,37.1883,0.0198201,-0.027052,-5.01572,0,0,-5,0.0198201,-0.027052,-0.0157166,0.0370359,-0.032486,0.0260699,0.0163046,0,0,0
1780640037277688,37.2043,0.0194881,-0.026807,-5.01569,0,0,-5,0.0194881,-0.026807,-0.015686,0.0366668,-0.0326939,0.0248656,0.0149906,0,0,0
1780640037301688,37.2283,0.0189399,-0.0264325,-5.01566,0,0,-5,0.0189399,-0.0264325,-0.0156555,0.0360901,-0.0337277,0.0249567,0.0137334,0,0,0
1780640037317688,37.2443,0.0185591,-0.0261813,-5.01562,0,0,-5,0.0185591,-0.0261813,-0.015625,0.0356938,-0.0329615,0.0234196,0.0129937,0,0,0
1780640037341688,37.2683,0.0179385,-0.025816,-5.01556,0,0,-5,0.0179385,-0.025816,-0.015564,0.0350784,-0.0319327,0.0236733,0.0138704,0,0,0
1780640037357688,37.2843,0.0175215,-0.0255605,-5.01556,0,0,-5,0.0175215,-0.0255605,-0.015564,0.0346782,-0.0312121,0.0231645,0.0134774,0,0,0
1780640037373688,37.3003,0.0174031,-0.025319,-5.01569,0,0,-5,0.0174031,-0.025319,-0.015686,0.0344959,-0.0306883,0.0234785,0.0142708,0,0,0
1780640037397688,37.3243,0.0176025,-0.0249702,-5.01605,0,0,-5,0.0176025,-0.0249702,-0.0160522,0.0345113,-0.031733,0.0230033,0.0129228,0,0,0
1780640037421688,37.3483,0.0177154,-0.0245991,-5.01642,0,0,-5,0.0177154,-0.0245991,-0.0164185,0.0344749,-0.0314193,0.0231439,0.0134737,0,0,0
1780640037437688,37.3643,0.0177364,-0.0243476,-5.01663,0,0,-5,0.0177364,-0.0243476,-0.0166321,0.0344095,-0.0324867,0.0227683,0.0129069,0,0,0
1780640037461688,37.3883,0.0176899,-0.0239616,-5.01697,0,0,-5,0.0176899,-0.0239616,-0.0169678,0.0342782,-0.0330663,0.0219131,0.0126552,0,0,0
1780640037477688,37.4043,0.0176362,-0.0236994,-5.01715,0,0,-5,0.0176362,-0.0236994,-0.0171509,0.0341592,-0.0319014,0.0221427,0.01324,0,0,0
1780640037501688,37.4283,0.0175087,-0.0232856,-5.0174,0,0,-5,0.0175087,-0.0232856,-0.017395,0.0339317,-0.0322117,0.022909,0.0148244,0,0,0
1780640037517688,37.4443,0.0173956,-0.0229943,-5.01752,0,0,-5,0.0173956,-0.0229943,-0.0175171,0.0337371,-0.0312328,0.0227914,0.0159477,0,0,0
1780640037541688,37.4683,0.0172003,-0.0225697,-5.01764,0,0,-5,0.0172003,-0.0225697,-0.0176392,0.0334123,-0.0297718,0.0218936,0.0160971,0,0,0
1780640037557688,37.4843,0.0170621,-0.0222772,-5.0177,0,0,-5,0.0170621,-0.0222772,-0.0177002,0.0331765,-0.0296212,0.0216593,0.0170788,0,0,0
1780640037581688,37.5083,0.0168013,-0.0218571,-5.01773,0,0,-5,0.0168013,-0.0218571,-0.0177307,0.032778,-0.0300997,0.0198198,0.0176996,0,0,0
1780640037597688,37.5243,0.0166056,-0.0215917,-5.01773,0,0,-5,0.0166056,-0.0215917,-0.0177307,0.0325012,-0.0292927,0.0190626,0.0181785,0,0,0
1780640037621688,37.5483,0.0162587,-0.0212025,-5.01767,0,0,-5,0.0162587,-0.0212025,-0.0176697,0.0320329,-0.0298624,0.0196167,0.0181434,0,0,0
1780640037637845,37.5645,0.0160058,-0.0209308,-5.01764,0,0,-5,0.0160058,-0.0209308,-0.0176392,0.0317084,-0.0298954,0.0199701,0.0179323,0,0,0
1780640037661845,37.5885,0.0156042,-0.0204936,-5.01758,0,0,-5,0.0156042,-0.0204936,-0.0175781,0.0311844,-0.0286516,0.0207248,0.0170007,0,0,0
1780640037677845,37.6045,0.0153286,-0.0201846,-5.01755,0,0,-5,0.0153286,-0.0201846,-0.0175476,0.030827,-0.0279933,0.0213165,0.0161887,0,0,0
1780640037701845,37.6285,0.0149215,-0.019702,-5.01749,0,0,-5,0.0149215,-0.019702,-0.0174866,0.0302754,-0.0274272,0.0218751,0.0165712,0,0,0
1780640037717845,37.6445,0.014625,-0.0193689,-5.01743,0,0,-5,0.014625,-0.0193689,-0.0174255,0.0298779,-0.0279331,0.0217954,0.0177115,0,0,0
1780640037741845,37.6685,0.0141609,-0.0188719,-5.01724,0,0,-5,0.0141609,-0.0188719,-0.0172424,0.0292229,-0.0270721,0.0224157,0.019789,0,0,0
1780640037757845,37.6845,0.0138382,-0.0185295,-5.01709,0,0,-5,0.0138382,-0.0185295,-0.0170898,0.0287559,-0.0273723,0.022346,0.0196567,0,0,0
1780640037781845,37.7085,0.0138723,-0.0182686,-5.01715,0,0,-5,0.0138723,-0.0182686,-0.0171509,0.0286415,-0.0270092,0.0225582,0.0193533,0,0,0
1780640037797845,37.7245,0.0140384,-0.0181504,-5.0173,0,0,-5,0.0140384,-0.0181504,-0.0173035,0.0287389,-0.026913,0.0240912,0.0179804,0,0,0
1780640037821845,37.7485,0.0142318,-0.0179422,-5.01752,0,0,-5,0.0142318,-0.0179422,-0.0175171,0.0288325,-0.0255927,0.0223704,0.017576,0,0,0
1780640037837845,37.7645,0.0143498,-0.0178088,-5.01764,0,0,-5,0.0143498,-0.0178088,-0.0176392,0.0288827,-0.024569,0.0211635,0.0170489,0,0,0
1780640037861845,37.7885,0.014474,-0.0176049,-5.01776,0,0,-5,0.014474,-0.0176049,-0.0177612,0.0288945,-0.0251894,0.0212327,0.0168058,0,0,0
1780640037877845,37.8045,0.0145068,-0.0174531,-5.01785,0,0,-5,0.0145068,-0.0174531,-0.0178528,0.0288752,-0.0257786,0.0212686,0.0175688,0,0,0
1780640037901845,37.8285,0.0145424,-0.0172228,-5.01788,0,0,-5,0.0145424,-0.0172228,-0.0178833,0.0287735,-0.0257457,0.0199435,0.0179658,0,0,0
1780640037917845,37.8445,0.014518,-0.017071,-5.01791,0,0,-5,0.014518,-0.017071,-0.0179138,0.0286896,-0.0259405,0.0197856,0.0183171,0,0,0
1780640037941845,37.8685,0.0144451,-0.0168306,-5.01788,0,0,-5,0.0144451,-0.0168306,-0.0178833,0.0284911,-0.0254794,0.0185648,0.0179655,0,0,0
1780640037957845,37.8845,0.0143735,-0.0166674,-5.01785,0,0,-5,0.0143735,-0.0166674,-0.0178528,0.0283394,-0.025327,0.0191216,0.0186028,0,0,0
1780640037981845,37.9085,0.0142274,-0.0163992,-5.01776,0,0,-5,0.0142274,-0.0163992,-0.0177612,0.0280502,-0.0254541,0.0185856,0.0193938,0,0,0
1780640037997845,37.9245,0.014103,-0.0162209,-5.01764,0,0,-5,0.014103,-0.0162209,-0.0176392,0.0278056,-0.0251518,0.0181484,0.0201734,0,0,0
1780640038021845,37.9485,0.0138849,-0.0159475,-5.01746,0,0,-5,0.0138849,-0.0159475,-0.0174561,0.0274195,-0.0243737,0.0176596,0.0203852,0,0,0
1780640038037845,37.9645,0.0137454,-0.0157749,-5.01733,0,0,-5,0.0137454,-0.0157749,-0.017334,0.0271708,-0.0238463,0.0163782,0.0198842,0,0,0
1780640038061845,37.9885,0.0135096,-0.0155126,-5.01712,0,0,-5,0.0135096,-0.0155126,-0.0171204,0.026763,-0.0240079,0.0169207,0.0200274,0,0,0
1780640038077845,38.0045,0.0133315,-0.015323,-5.01697,0,0,-5,0.0133315,-0.015323,-0.0169678,0.0264656,-0.0235926,0.0170494,0.0196446,0,0,0
1780640038093845,38.0205,0.0131351,-0.0151395,-5.01682,0,0,-5,0.0131351,-0.0151395,-0.0168152,0.0261627,-0.0236799,0.0159304,0.0193616,0,0,0
1780640038117845,38.0445,0.0128271,-0.0148688,-5.01657,0,0,-5,0.0128271,-0.0148688,-0.016571,0.0256946,-0.0234623,0.0155906,0.0197604,0,0,0
1780640038141845,38.0685,0.0124808,-0.0145835,-5.01627,0,0,-5,0.0124808,-0.0145835,-0.0162659,0.02516,-0.0243713,0.0156687,0.0210629,0,0,0
1780640038157845,38.0845,0.0122152,-0.0143804,-5.01608,0,0,-5,0.0122152,-0.0143804,-0.0160828,0.0247924,-0.0250339,0.016419,0.0201775,0,0,0
1780640038173845,38.1005,0.0124005,-0.0141847,-5.01596,0,0,-5,0.0124005,-0.0141847,-0.0159607,0.0246925,-0.0243265,0.0154326,0.0203401,0,0,0
1780640038197845,38.1245,0.0133192,-0.0138673,-5.01593,0,0,-5,0.0133192,-0.0138673,-0.0159302,0.0249695,-0.0217301,0.0171391,0.0189901,0,0,0
1780640038221845,38.1485,0.0141591,-0.0135372,-5.01587,0,0,-5,0.0141591,-0.0135372,-0.0158691,0.0252104,-0.0209116,0.0159489,0.0191552,0,0,0
1780640038237845,38.1645,0.0146626,-0.0133354,-5.01581,0,0,-5,0.0146626,-0.0133354,-0.0158081,0.0253519,-0.0212181,0.0141587,0.0191824,0,0,0
1780640038253845,38.1805,0.0151222,-0.0131575,-5.01575,0,0,-5,0.0151222,-0.0131575,-0.0157471,0.0254906,-0.0204703,0.0128603,0.0195075,0,0,0
1780640038277845,38.2045,0.0157469,-0.0129179,-5.01559,0,0,-5,0.0157469,-0.0129179,-0.0155945,0.025652,-0.0193044,0.0112062,0.0199506,0,0,0
1780640038301845,38.2285,0.0163094,-0.0126917,-5.01544,0,0,-5,0.0163094,-0.0126917,-0.0154419,0.0257978,-0.0188519,0.0108544,0.0200569,0,0,0
1780640038317845,38.2445,0.0166428,-0.0125325,-5.01532,0,0,-5,0.0166428,-0.0125325,-0.0153198,0.0258601,-0.0191408,0.0116964,0.0200522,0,0,0
1780640038341845,38.2685,0.0170719,-0.0122704,-5.01517,0,0,-5,0.0170719,-0.0122704,-0.0151672,0.0259241,-0.0193213,0.0117088,0.0196822,0,0,0
1780640038357845,38.2845,0.017308,-0.0120967,-5.01508,0,0,-5,0.017308,-0.0120967,-0.0150757,0.0259456,-0.0205369,0.0117807,0.0200902,0,0,0
1780640038381845,38.3085,0.0175774,-0.0118083,-5.01495,0,0,-5,0.0175774,-0.0118083,-0.0149536,0.0259232,-0.0203811,0.0131456,0.0175811,0,0,0
1780640038397845,38.3245,0.0177343,-0.0116025,-5.01486,0,0,-5,0.0177343,-0.0116025,-0.0148621,0.0258844,-0.0200357,0.013034,0.0174753,0,0,0
1780640038421845,38.3485,0.0179331,-0.0112976,-5.01474,0,0,-5,0.0179331,-0.0112976,-0.01474,0.0258166,-0.0189451,0.012389,0.0159617,0,0,0
1780640038437845,38.3645,0.0180346,-0.0111,-5.01465,0,0,-5,0.0180346,-0.0111,-0.0146484,0.0257494,-0.0199394,0.0123636,0.016502,0,0,0
1780640038461845,38.3885,0.0181303,-0.010785,-5.01453,0,0,-5,0.0181303,-0.010785,-0.0145264,0.0256132,-0.0195329,0.0124621,0.0159481,0,0,0
1780640038477845,38.4045,0.0181574,-0.0105841,-5.01443,0,0,-5,0.0181574,-0.0105841,-0.0144348,0.0254967,-0.0198978,0.0120527,0.0146098,0,0,0
1780640038501845,38.4285,0.018141,-0.0102749,-5.01431,0,0,-5,0.018141,-0.0102749,-0.0143127,0.0252888,-0.0205811,0.0134758,0.0142454,0,0,0
1780640038517845,38.4445,0.0180922,-0.010054,-5.01422,0,0,-5,0.0180922,-0.010054,-0.0142212,0.0251128,-0.0211401,0.0132154,0.0140655,0,0,0
1780640038533845,38.4605,0.0180241,-0.00983005,-5.0141,0,0,-5,0.0180241,-0.00983005,-0.0140991,0.0249055,-0.0214419,0.0131898,0.0132638,0,0,0
1780640038557845,38.4845,0.0178743,-0.00946742,-5.01395,0,0,-5,0.0178743,-0.00946742,-0.0139465,0.0245688,-0.0223018,0.0141918,0.0142621,0,0,0
1780640038581845,38.5085,0.0181298,-0.00905773,-5.01416,0,0,-5,0.0181298,-0.00905773,-0.0141602,0.0247233,-0.0228901,0.0118552,0.0149847,0,0,0
1780640038597845,38.5245,0.0184018,-0.00878163,-5.0144,0,0,-5,0.0184018,-0.00878163,-0.0144043,0.0249645,-0.0222568,0.0115347,0.0143386,0,0,0
1780640038621845,38.5485,0.0188043,-0.00836276,-5.01471,0,0,-5,0.0188043,-0.00836276,-0.0147095,0.0252963,-0.020138,0.0116512,0.0145812,0,0,0
1780640038637845,38.5645,0.0190395,-0.00808003,-5.01495,0,0,-5,0.0190395,-0.00808003,-0.0149536,0.0255225,-0.019896,0.0124674,0.0129751,0,0,0
1780640038662007,38.5886,0.0193376,-0.00765672,-5.01532,0,0,-5,0.0193376,-0.00765672,-0.0153198,0.0258315,-0.0201628,0.0119599,0.0127867,0,0,0
1780640038678007,38.6046,0.0194997,-0.00739331,-5.0155,0,0,-5,0.0194997,-0.00739331,-0.0155029,0.0259854,-0.0193763,0.00988615,0.0124026,0,0,0
1780640038702007,38.6286,0.0196951,-0.00702817,-5.01578,0,0,-5,0.0196951,-0.00702817,-0.0157776,0.0261959,-0.0198314,0.00996619,0.0114449,0,0,0
1780640038718007,38.6446,0.0197809,-0.00677643,-5.01596,0,0,-5,0.0197809,-0.00677643,-0.0159607,0.0263049,-0.0205374,0.0107366,0.0118703,0,0,0
1780640038742007,38.6686,0.0198393,-0.00640217,-5.01614,0,0,-5,0.0198393,-0.00640217,-0.0161438,0.0263668,-0.0224339,0.00967813,0.0134396,0,0,0
1780640038758007,38.6846,0.0198247,-0.00617546,-5.0162,0,0,-5,0.0198247,-0.00617546,-0.0162048,0.0263392,-0.0230769,0.00907726,0.0150162,0,0,0
1780640038774007,38.7006,0.019793,-0.0059518,-5.01627,0,0,-5,0.019793,-0.0059518,-0.0162659,0.0263014,-0.0220585,0.00941067,0.0148794,0,0,0
1780640038798007,38.7246,0.0197226,-0.0056082,-5.01633,0,0,-5,0.0197226,-0.0056082,-0.0163269,0.0262107,-0.0221542,0.00962994,0.0149467,0,0,0
1780640038822007,38.7486,0.0195959,-0.00526747,-5.01639,0,0,-5,0.0195959,-0.00526747,-0.0163879,0.0260827,-0.0231343,0.0104398,0.0145403,0,0,0
1780640038838007,38.7646,0.0194871,-0.00503094,-5.01639,0,0,-5,0.0194871,-0.00503094,-0.0163879,0.0259543,-0.0224616,0.0102907,0.0153931,0,0,0
1780640038854007,38.7806,0.0193701,-0.00479304,-5.01639,0,0,-5,0.0193701,-0.00479304,-0.0163879,0.0258213,-0.0219427,0.0106427,0.0157498,0,0,0
1780640038878007,38.8046,0.0191652,-0.00444671,-5.01639,0,0,-5,0.0191652,-0.00444671,-0.0163879,0.0256055,-0.0224442,0.00979044,0.0152319,0,0,0
1780640038902007,38.8286,0.0189158,-0.00411289,-5.01636,0,0,-5,0.0189158,-0.00411289,-0.0163574,0.0253434,-0.0235066,0.00985158,0.0160191,0,0,0
1780640038918007,38.8446,0.0187234,-0.00390026,-5.0163,0,0,-5,0.0187234,-0.00390026,-0.0162964,0.0251267,-0.0242837,0.00858597,0.0171415,0,0,0
1780640038934007,38.8606,0.0185079,-0.00370525,-5.01624,0,0,-5,0.0185079,-0.00370525,-0.0162354,0.0248969,-0.0247224,0.0078102,0.0180765,0,0,0
1780640038958007,38.8846,0.018149,-0.00343694,-5.01611,0,0,-5,0.018149,-0.00343694,-0.0161133,0.0245119,-0.0246032,0.00747781,0.0174515,0,0,0
1780640038974007,38.9006,0.0180812,-0.00331428,-5.0162,0,0,-5,0.0180812,-0.00331428,-0.0162048,0.0245053,-0.0251028,0.00739884,0.0170868,0,0,0
1780640038998007,38.9246,0.0182037,-0.0032078,-5.01657,0,0,-5,0.0182037,-0.0032078,-0.016571,0.0248247,-0.0249497,0.00763753,0.0170882,0,0,0
1780640039022007,38.9486,0.0182595,-0.00308566,-5.01688,0,0,-5,0.0182595,-0.00308566,-0.0168762,0.0250547,-0.0252681,0.00790579,0.0164478,0,0,0
1780640039038007,38.9646,0.018271,-0.00299168,-5.01703,0,0,-5,0.018271,-0.00299168,-0.0170288,0.0251547,-0.0243795,0.00897055,0.016678,0,0,0
1780640039062007,38.9886,0.0182575,-0.00280614,-5.01721,0,0,-5,0.0182575,-0.00280614,-0.0172119,0.025248,-0.0234307,0.0108515,0.0174083,0,0,0
1780640039078007,39.0046,0.0182376,-0.0026608,-5.01727,0,0,-5,0.0182376,-0.0026608,-0.0172729,0.0252595,-0.0226083,0.0115266,0.0169551,0,0,0
1780640039094007,39.0206,0.0182027,-0.00250525,-5.0173,0,0,-5,0.0182027,-0.00250525,-0.0173035,0.0252394,-0.022995,0.0117795,0.0160344,0,0,0
1780640039118007,39.0446,0.0181069,-0.00228139,-5.01733,0,0,-5,0.0181069,-0.00228139,-0.017334,0.02517,-0.0225208,0.00975676,0.0166377,0,0,0
1780640039142007,39.0686,0.0179755,-0.00207802,-5.0174,0,0,-5,0.0179755,-0.00207802,-0.017395,0.0251003,-0.0221776,0.0091546,0.0162151,0,0,0
1780640039158007,39.0846,0.0178618,-0.00194927,-5.01743,0,0,-5,0.0178618,-0.00194927,-0.0174255,0.0250298,-0.023189,0.0088746,0.0161698,0,0,0
1780640039182007,39.1086,0.0176529,-0.00174987,-5.01746,0,0,-5,0.0176529,-0.00174987,-0.0174561,0.0248878,-0.0237143,0.00871125,0.0153263,0,0,0
1780640039198007,39.1246,0.0175072,-0.0016325,-5.01746,0,0,-5,0.0175072,-0.0016325,-0.0174561,0.0247766,-0.0225856,0.00781166,0.0148612,0,0,0
1780640039222007,39.1486,0.0172739,-0.00145264,-5.0174,0,0,-5,0.0172739,-0.00145264,-0.017395,0.0245578,-0.0231193,0.00872436,0.0150445,0,0,0
1780640039238007,39.1646,0.0170965,-0.00131742,-5.01736,0,0,-5,0.0170965,-0.00131742,-0.0173645,0.0244039,-0.0227425,0.00890971,0.0155094,0,0,0
1780640039254007,39.1806,0.0169252,-0.0011822,-5.01727,0,0,-5,0.0169252,-0.0011822,-0.0172729,0.0242119,-0.0217417,0.00864473,0.0164646,0,0,0
1780640039278007,39.2046,0.016653,-0.000989771,-5.01715,0,0,-5,0.016653,-0.000989771,-0.0171509,0.023926,-0.0221452,0.00855254,0.0155937,0,0,0
1780640039302007,39.2286,0.0163454,-0.000805918,-5.017,0,0,-5,0.0163454,-0.000805918,-0.0169983,0.0235958,-0.0221877,0.0066988,0.0166346,0,0,0
1780640039318007,39.2446,0.016115,-0.000709985,-5.01688,0,0,-5,0.016115,-0.000709985,-0.0168762,0.0233453,-0.0229473,0.00543797,0.0163809,0,0,0
1780640039342007,39.2686,0.0157566,-0.000566841,-5.01669,0,0,-5,0.0157566,-0.000566841,-0.0166931,0.022962,-0.0226677,0.00542705,0.0151083,0,0,0
1780640039358007,39.2846,0.0155144,-0.000467139,-5.01663,0,0,-5,0.0155144,-0.000467139,-0.0166321,0.0227495,-0.0222778,0.00524072,0.0149455,0,0,0
1780640039374007,39.3006,0.0156456,-0.000466382,-5.01675,0,0,-5,0.0156456,-0.000466382,-0.0167542,0.0229282,-0.0218665,0.00406866,0.0142569,0,0,0
1780640039398007,39.3246,0.0163491,-0.00057476,-5.01712,0,0,-5,0.0163491,-0.00057476,-0.0171204,0.0236798,-0.0207566,0.00517339,0.0145656,0,0,0
1780640039422007,39.3486,0.01698,-0.000658928,-5.01746,0,0,-5,0.01698,-0.000658928,-0.0174561,0.0243612,-0.0198557,0.00356354,0.0154886,0,0,0
1780640039438007,39.3646,0.017356,-0.000724265,-5.01767,0,0,-5,0.017356,-0.000724265,-0.0176697,0.0247785,-0.0204281,0.00315246,0.0158645,0,0,0
1780640039462007,39.3886,0.0178219,-0.000819696,-5.01794,0,0,-5,0.0178219,-0.000819696,-0.0179443,0.0253039,-0.0209079,0.00277109,0.015623,0,0,0
1780640039478007,39.4046,0.018087,-0.000896039,-5.0181,0,0,-5,0.018087,-0.000896039,-0.0180969,0.0256016,-0.0214748,0.000688061,0.0157505,0,0,0
1780640039502007,39.4286,0.0184146,-0.00100623,-5.01831,0,0,-5,0.0184146,-0.00100623,-0.0183105,0.0259882,-0.0211864,0.00191637,0.0160887,0,0,0
1780640039518007,39.4446,0.0186032,-0.00105923,-5.0184,0,0,-5,0.0186032,-0.00105923,-0.0184021,0.0261885,-0.0210857,0.00268991,0.0153179,0,0,0
1780640039534007,39.4606,0.018758,-0.00110442,-5.01852,0,0,-5,0.018758,-0.00110442,-0.0185242,0.0263861,-0.0216845,0.00216526,0.0153058,0,0,0
1780640039558007,39.4846,0.0189149,-0.00119475,-5.01862,0,0,-5,0.0189149,-0.00119475,-0.0186157,0.0265659,-0.0227654,0.000542972,0.0155209,0,0,0
1780640039582007,39.5086,0.0190239,-0.00127533,-5.01865,0,0,-5,0.0190239,-0.00127533,-0.0186462,0.0266687,-0.022381,0.000919229,0.0172194,0,0,0
1780640039598007,39.5246,0.0190608,-0.00133446,-5.01865,0,0,-5,0.0190608,-0.00133446,-0.0186462,0.0266979,-0.0221299,0.000162264,0.01768,0,0,0
1780640039622007,39.5486,0.0190652,-0.00141315,-5.01855,0,0,-5,0.0190652,-0.00141315,-0.0185547,0.0266413,-0.0228107,0.000989142,0.0192334,0,0,0
1780640039638007,39.5646,0.0190331,-0.00146318,-5.01849,0,0,-5,0.0190331,-0.00146318,-0.0184937,0.0265785,-0.0225887,0.000433745,0.0198912,0,0,0
1780640039662007,39.5886,0.0189383,-0.00154385,-5.01834,0,0,-5,0.0189383,-0.00154385,-0.0183411,0.026409,-0.0224668,-0.000410656,0.0201533,0,0,0
1780640039678170,39.6048,0.0188641,-0.00160662,-5.01822,0,0,-5,0.0188641,-0.00160662,-0.018219,0.0262748,-0.0217822,-0.000905315,0.019489,0,0,0
1780640039702170,39.6288,0.0187219,-0.00172215,-5.01807,0,0,-5,0.0187219,-0.00172215,-0.0180664,0.0260743,-0.0220708,-0.00266199,0.0181136,0,0,0
1780640039718170,39.6448,0.018599,-0.00180879,-5.01794,0,0,-5,0.018599,-0.00180879,-0.0179443,0.0259074,-0.0226384,-0.00368808,0.0179992,0,0,0
1780640039742170,39.6688,0.0183948,-0.0019742,-5.01779,0,0,-5,0.0183948,-0.0019742,-0.0177917,0.0256674,-0.0215518,-0.00533181,0.0177165,0,0,0
1780640039758170,39.6848,0.0182522,-0.00209369,-5.01767,0,0,-5,0.0182522,-0.00209369,-0.0176697,0.0254901,-0.0209752,-0.00615244,0.017237,0,0,0
1780640039782170,39.7088,0.0186109,-0.00192306,-5.01779,0,0,-5,0.0186109,-0.00192306,-0.0177917,0.0258188,-0.0216034,-0.00520909,0.0180218,0,0,0
1780640039798170,39.7248,0.0189926,-0.00170744,-5.01791,0,0,-5,0.0189926,-0.00170744,-0.0179138,0.0261637,-0.020986,-0.00598573,0.0182287,0,0,0
1780640039822170,39.7488,0.0195291,-0.00140647,-5.0181,0,0,-5,0.0195291,-0.00140647,-0.0180969,0.026662,-0.0196649,-0.00483872,0.0186917,0,0,0
1780640039838170,39.7648,0.0198397,-0.00122008,-5.01816,0,0,-5,0.0198397,-0.00122008,-0.018158,0.0269224,-0.0197422,-0.0055673,0.0183487,0,0,0
1780640039862170,39.7888,0.0202459,-0.000960934,-5.01825,0,0,-5,0.0202459,-0.000960934,-0.0182495,0.0272739,-0.0195576,-0.00485431,0.0172607,0,0,0
1780640039878170,39.8048,0.0204713,-0.000800875,-5.01834,0,0,-5,0.0204713,-0.000800875,-0.0183411,0.0274974,-0.0193103,-0.00495246,0.0167626,0,0,0
1780640039902170,39.8288,0.0207641,-0.000554262,-5.0184,0,0,-5,0.0207641,-0.000554262,-0.0184021,0.0277505,-0.0188474,-0.00374996,0.0161918,0,0,0
1780640039918170,39.8448,0.0209274,-0.000393605,-5.01843,0,0,-5,0.0209274,-0.000393605,-0.0184326,0.0278904,-0.0187083,-0.00336638,0.0161853,0,0,0
1780640039942170,39.8688,0.021124,-0.000169337,-5.01843,0,0,-5,0.021124,-0.000169337,-0.0184326,0.0280359,-0.01866,-0.00334484,0.0180011,0,0,0
1780640039958170,39.8848,0.0212324,-2.62141e-05,-5.01837,0,0,-5,0.0212324,-2.62141e-05,-0.0183716,0.0280772,-0.0178304,-0.0029853,0.0169944,0,0,0
1780640039982170,39.9088,0.0213565,0.000191545,-5.01831,0,0,-5,0.0213565,0.000191545,-0.0183105,0.0281321,-0.0181167,-0.00267263,0.017245,0,0,0
1780640039998170,39.9248,0.0214049,0.00031991,-5.01825,0,0,-5,0.0214049,0.00031991,-0.0182495,0.0281303,-0.0182879,-0.00329246,0.0180361,0,0,0
1780640040022170,39.9488,0.0214503,0.000502811,-5.01819,0,0,-5,0.0214503,0.000502811,-0.0181885,0.0281281,-0.0177943,-0.00270694,0.0190907,0,0,0
1780640040038170,39.9648,0.0214536,0.000632493,-5.0181,0,0,-5,0.0214536,0.000632493,-0.0180969,0.0280741,-0.0178461,-0.00149508,0.0200022,0,0,0
1780640040062170,39.9888,0.021446,0.000827245,-5.01797,0,0,-5,0.021446,0.000827245,-0.0179749,0.0279948,-0.0162314,-0.00210707,0.019229,0,0,0
1780640040078170,40.0048,0.0214191,0.000943811,-5.01785,0,0,-5,0.0214191,0.000943811,-0.0178528,0.0278996,-0.0170277,-0.00117442,0.0189286,0,0,0
1780640040102170,40.0288,0.0213186,0.00110234,-5.0177,0,0,-5,0.0213186,0.00110234,-0.0177002,0.0277307,-0.0178939,-0.00297249,0.0197589,0,0,0
1780640040118170,40.0448,0.0212239,0.0011812,-5.01755,0,0,-5,0.0212239,0.0011812,-0.0175476,0.0275639,-0.0186188,-0.0034587,0.0193294,0,0,0
1780640040142170,40.0688,0.0210449,0.0012875,-5.01736,0,0,-5,0.0210449,0.0012875,-0.0173645,0.0273143,-0.0186946,-0.00327609,0.0185152,0,0,0
1780640040158170,40.0848,0.0208995,0.00134943,-5.01727,0,0,-5,0.0208995,0.00134943,-0.0172729,0.0271471,-0.0189247,-0.00369398,0.0168238,0,0,0
1780640040182170,40.1088,0.0213065,0.00185355,-5.01758,0,0,-5,0.0213065,0.00185355,-0.0175781,0.0276838,-0.021533,-0.00181055,0.0154772,0,0,0
1780640040198170,40.1248,0.021736,0.00232391,-5.01788,0,0,-5,0.021736,0.00232391,-0.0178833,0.028243,-0.0222218,-0.00167878,0.0141561,0,0,0
1780640040222170,40.1488,0.0222831,0.00295303,-5.01837,0,0,-5,0.0222831,0.00295303,-0.0183716,0.0290305,-0.0219835,-0.00385933,0.0152875,0,0,0
1780640040238170,40.1648,0.0226045,0.00332133,-5.01862,0,0,-5,0.0226045,0.00332133,-0.0186157,0.029471,-0.0221237,-0.00431385,0.0169101,0,0,0
1780640040262170,40.1888,0.0230124,0.00384751,-5.01892,0,0,-5,0.0230124,0.00384751,-0.0189209,0.0300396,-0.0216698,-0.00395176,0.01714,0,0,0
1780640040278170,40.2048,0.0232458,0.00417695,-5.01907,0,0,-5,0.0232458,0.00417695,-0.0190735,0.0303581,-0.0223567,-0.00388748,0.0167082,0,0,0
1780640040302170,40.2288,0.0235342,0.00465831,-5.01935,0,0,-5,0.0235342,0.00465831,-0.0193481,0.0308206,-0.0218172,-0.00217249,0.0158153,0,0,0
1780640040318170,40.2448,0.0236878,0.00498938,-5.0195,0,0,-5,0.0236878,0.00498938,-0.0195007,0.0310851,-0.0225805,-0.000432491,0.0167384,0,0,0
1780640040342170,40.2688,0.0238312,0.00549562,-5.01968,0,0,-5,0.0238312,0.00549562,-0.0196838,0.0313939,-0.0233359,0.00023245,0.0175321,0,0,0
1780640040358170,40.2848,0.0238714,0.0058182,-5.01974,0,0,-5,0.0238714,0.0058182,-0.0197449,0.0315207,-0.0241839,0.000833122,0.0181698,0,0,0
1780640040382170,40.3088,0.0238843,0.0063025,-5.01978,0,0,-5,0.0238843,0.0063025,-0.0197754,0.0316425,-0.0235515,0.00112743,0.0187715,0,0,0
1780640040398170,40.3248,0.0238775,0.00660164,-5.01978,0,0,-5,0.0238775,0.00660164,-0.0197754,0.0316983,-0.0225565,0.000655761,0.0195928,0,0,0
1780640040422170,40.3488,0.0238295,0.00703156,-5.01968,0,0,-5,0.0238295,0.00703156,-0.0196838,0.0316977,-0.0234773,0.00159565,0.021627,0,0,0
1780640040438170,40.3648,0.0237633,0.00730443,-5.01962,0,0,-5,0.0237633,0.00730443,-0.0196228,0.0316718,-0.0235512,0.000823508,0.0220965,0,0,0
1780640040462170,40.3888,0.0236278,0.007677,-5.01953,0,0,-5,0.0236278,0.007677,-0.0195312,0.0316019,-0.0235148,0.00124302,0.0209926,0,0,0
1780640040478170,40.4048,0.02351,0.00794137,-5.01947,0,0,-5,0.02351,0.00794137,-0.0194702,0.0315417,-0.023336,0.00201283,0.0208982,0,0,0
1780640040502170,40.4288,0.023277,0.00830869,-5.01932,0,0,-5,0.023277,0.00830869,-0.0193176,0.0313692,-0.0232911,0.00166964,0.0209352,0,0,0
1780640040518170,40.4448,0.0231041,0.00853475,-5.01923,0,0,-5,0.0231041,0.00853475,-0.0192261,0.0312456,-0.0237635,0.00037377,0.0207498,0,0,0
1780640040542170,40.4688,0.0228047,0.00884026,-5.01904,0,0,-5,0.0228047,0.00884026,-0.019043,0.0309974,-0.024295,0.000614171,0.0203655,0,0,0
1780640040558170,40.4848,0.0225651,0.00904211,-5.01889,0,0,-5,0.0225651,0.00904211,-0.0188904,0.0307862,-0.0254483,0.000611279,0.0202867,0,0,0
1780640040582170,40.5088,0.0228126,0.00929284,-5.01938,0,0,-5,0.0228126,0.00929284,-0.0193787,0.0313417,-0.0271567,0.00176545,0.0194619,0,0,0
1780640040598170,40.5248,0.0231356,0.00944534,-5.0199,0,0,-5,0.0231356,0.00944534,-0.0198975,0.0319434,-0.0271365,0.000655257,0.0193793,0,0,0
1780640040622170,40.5488,0.0235399,0.00964972,-5.0206,0,0,-5,0.0235399,0.00964972,-0.0205994,0.0327349,-0.0271158,0.000796124,0.018174,0,0,0
1780640040638170,40.5648,0.023754,0.00977193,-5.02103,0,0,-5,0.023754,0.00977193,-0.0210266,0.0331943,-0.0270172,-2.35886e-05,0.0179591,0,0,0
1780640040662170,40.5888,0.0240142,0.00992618,-5.02164,0,0,-5,0.0240142,0.00992618,-0.021637,0.0338137,-0.0266575,-0.000155517,0.0192481,0,0,0
1780640040678339,40.605,0.0241474,0.0100241,-5.02194,0,0,-5,0.0241474,0.0100241,-0.0219421,0.0341326,-0.0266629,-0.000333983,0.0209005,0,0,0
1780640040702339,40.629,0.0243068,0.010155,-5.02237,0,0,-5,0.0243068,0.010155,-0.0223694,0.0345591,-0.0252086,-0.00011984,0.0203342,0,0,0
1780640040718339,40.645,0.0243875,0.0102517,-5.02264,0,0,-5,0.0243875,0.0102517,-0.022644,0.0348224,-0.0256232,0.000706703,0.0197944,0,0,0
1780640040742339,40.669,0.0244481,0.0104034,-5.02295,0,0,-5,0.0244481,0.0104034,-0.0229492,0.0351085,-0.0251975,0.000879481,0.0220787,0,0,0
1780640040758339,40.685,0.0244595,0.0104944,-5.0231,0,0,-5,0.0244595,0.0104944,-0.0231018,0.0352433,-0.0247102,0.000170445,0.0211811,0,0,0
1780640040782339,40.709,0.0244425,0.0105911,-5.02335,0,0,-5,0.0244425,0.0105911,-0.0233459,0.0354209,-0.0247091,-0.000734307,0.019596,0,0,0
1780640040798339,40.725,0.0243879,0.0106513,-5.0235,0,0,-5,0.0243879,0.0106513,-0.0234985,0.0355021,-0.025164,-0.000220335,0.0171304,0,0,0
1780640040822339,40.749,0.0242562,0.0107325,-5.02374,0,0,-5,0.0242562,0.0107325,-0.0237427,0.0355987,-0.02548,-0.000987525,0.0172214,0,0,0
1780640040838339,40.765,0.0241496,0.0107789,-5.02386,0,0,-5,0.0241496,0.0107789,-0.0238647,0.0356218,-0.0249954,-0.000625407,0.0185533,0,0,0
1780640040862339,40.789,0.0239902,0.0108383,-5.02405,0,0,-5,0.0239902,0.0108383,-0.0240479,0.0356552,-0.0233974,-0.00147765,0.017933,0,0,0
1780640040878339,40.805,0.0238642,0.0108754,-5.02414,0,0,-5,0.0238642,0.0108754,-0.0241394,0.0356439,-0.0235391,-0.000475372,0.0176274,0,0,0
1780640040902339,40.829,0.0236671,0.0109417,-5.02423,0,0,-5,0.0236671,0.0109417,-0.024231,0.0355948,-0.0220722,7.32291e-05,0.0189727,0,0,0
1780640040918339,40.845,0.0234998,0.0109862,-5.02426,0,0,-5,0.0234998,0.0109862,-0.0242615,0.0355184,-0.0212781,0.000419667,0.0186127,0,0,0
1780640040942339,40.869,0.0232274,0.0110309,-5.02429,0,0,-5,0.0232274,0.0110309,-0.024292,0.0353736,-0.0209856,-0.00079475,0.019578,0,0,0
1780640040958339,40.885,0.023026,0.0110495,-5.02429,0,0,-5,0.023026,0.0110495,-0.024292,0.0352476,-0.0219146,-0.0012687,0.0195208,0,0,0
1780640040974339,40.901,0.0231216,0.0112611,-5.02457,0,0,-5,0.0231216,0.0112611,-0.0245667,0.035566,-0.0220621,-0.00141563,0.0190002,0,0,0
1780640040998339,40.925,0.0236935,0.011846,-5.02539,0,0,-5,0.0236935,0.011846,-0.0253906,0.0366932,-0.0219541,-0.00128483,0.0193903,0,0,0
1780640041014339,40.941,0.0240132,0.0122107,-5.02588,0,0,-5,0.0240132,0.0122107,-0.0258789,0.0373558,-0.0227536,-0.00124652,0.0195063,0,0,0
1780640041038339,40.965,0.0244286,0.0127327,-5.02652,0,0,-5,0.0244286,0.0127327,-0.0265198,0.0382384,-0.0207601,-0.000584363,0.0206245,0,0,0
1780640041062339,40.989,0.0247862,0.0132281,-5.02707,0,0,-5,0.0247862,0.0132281,-0.0270691,0.0390137,-0.0213682,-0.00100203,0.0211131,0,0,0
1780640041078339,41.005,0.024973,0.0135323,-5.02737,0,0,-5,0.024973,0.0135323,-0.0273743,0.0394477,-0.0216199,-0.000513619,0.0221927,0,0,0
1780640041102339,41.029,0.0251952,0.0139574,-5.02777,0,0,-5,0.0251952,0.0139574,-0.027771,0.0400104,-0.0213253,-0.00192469,0.0218961,0,0,0
1780640041118339,41.045,0.0253035,0.0142063,-5.02802,0,0,-5,0.0253035,0.0142063,-0.0280151,0.0403353,-0.0223659,-0.00251292,0.0217147,0,0,0
1780640041134339,41.061,0.0253596,0.0144335,-5.02826,0,0,-5,0.0253596,0.0144335,-0.0282593,0.0406205,-0.0235047,-0.00332851,0.0207487,0,0,0
1780640041158339,41.085,0.0253719,0.0147404,-5.02859,0,0,-5,0.0253719,0.0147404,-0.028595,0.0409718,-0.0234565,-0.00312316,0.0214846,0,0,0
1780640041182339,41.109,0.0253708,0.015033,-5.02881,0,0,-5,0.0253708,0.015033,-0.0288086,0.0412263,-0.0220251,-0.00238718,0.0222892,0,0,0
1780640041198339,41.125,0.0253234,0.015233,-5.02893,0,0,-5,0.0253234,0.015233,-0.0289307,0.0413558,-0.0228966,-0.0023978,0.022258,0,0,0
1780640041222339,41.149,0.0252069,0.0155307,-5.02905,0,0,-5,0.0252069,0.0155307,-0.0290527,0.0414807,-0.0231928,-0.0015012,0.024509,0,0,0
1780640041238339,41.165,0.025096,0.0157116,-5.02908,0,0,-5,0.025096,0.0157116,-0.0290833,0.041503,-0.0234353,-0.00204303,0.0252383,0,0,0
1780640041262339,41.189,0.0248962,0.0159661,-5.02902,0,0,-5,0.0248962,0.0159661,-0.0290222,0.0414371,-0.023575,-0.0013242,0.0275405,0,0,0
1780640041278339,41.205,0.0247331,0.0161331,-5.02893,0,0,-5,0.0247331,0.0161331,-0.0289307,0.0413399,-0.0244318,-0.000993744,0.0301662,0,0,0
1780640041302339,41.229,0.0244312,0.0163776,-5.02872,0,0,-5,0.0244312,0.0163776,-0.028717,0.0411069,-0.0251951,-0.000704365,0.0307058,0,0,0
1780640041318339,41.245,0.0242058,0.0165261,-5.02853,0,0,-5,0.0242058,0.0165261,-0.0285339,0.040905,-0.0257332,-0.00118836,0.0311798,0,0,0
1780640041342339,41.269,0.0238756,0.0167096,-5.0282,0,0,-5,0.0238756,0.0167096,-0.0281982,0.0405512,-0.0251947,-0.00271804,0.0311484,0,0,0
1780640041358339,41.285,0.0236506,0.0167994,-5.02795,0,0,-5,0.0236506,0.0167994,-0.0279541,0.0402865,-0.0260563,-0.00326616,0.0311127,0,0,0
1780640041382339,41.309,0.0240761,0.0169631,-5.02802,0,0,-5,0.0240761,0.0169631,-0.0280151,0.0406479,-0.0266182,-0.00287087,0.0315123,0,0,0
1780640041398339,41.325,0.0245772,0.0170781,-5.02814,0,0,-5,0.0245772,0.0170781,-0.0281372,0.041078,-0.0264583,-0.00295728,0.0324557,0,0,0
1780640041422339,41.349,0.0252399,0.0172289,-5.02832,0,0,-5,0.0252399,0.0172289,-0.0283203,0.0416644,-0.0257241,-0.00345175,0.0303538,0,0,0
1780640041438339,41.365,0.0256394,0.0173143,-5.02844,0,0,-5,0.0256394,0.0173143,-0.0284424,0.0420254,-0.0245377,-0.00347671,0.0290873,0,0,0
1780640041462339,41.389,0.0261786,0.0174131,-5.02856,0,0,-5,0.0261786,0.0174131,-0.0285645,0.042479,-0.0244537,-0.00462605,0.0298878,0,0,0
1780640041478339,41.405,0.0264835,0.0174603,-5.02859,0,0,-5,0.0264835,0.0174603,-0.028595,0.0427072,-0.0244471,-0.00512416,0.0299171,0,0,0
1780640041502339,41.429,0.0268684,0.0174897,-5.02866,0,0,-5,0.0268684,0.0174897,-0.028656,0.0429996,-0.024556,-0.00663451,0.0295358,0,0,0
1780640041518339,41.445,0.0270823,0.0174895,-5.02863,0,0,-5,0.0270823,0.0174895,-0.0286255,0.0431133,-0.0241258,-0.00684653,0.028603,0,0,0
1780640041542339,41.469,0.0273487,0.0174893,-5.02859,0,0,-5,0.0273487,0.0174893,-0.028595,0.0432608,-0.0241935,-0.00617166,0.0299137,0,0,0
1780640041558339,41.485,0.0274929,0.0174914,-5.0285,0,0,-5,0.0274929,0.0174914,-0.0285034,0.0432926,-0.0235449,-0.00600855,0.0302023,0,0,0
1780640041582339,41.509,0.0276722,0.017494,-5.02838,0,0,-5,0.0276722,0.017494,-0.0283813,0.0433277,-0.0227421,-0.00556838,0.0297578,0,0,0
1780640041598339,41.525,0.027769,0.0174924,-5.02826,0,0,-5,0.027769,0.0174924,-0.0282593,0.0433092,-0.0223592,-0.00535296,0.0294587,0,0,0
1780640041622339,41.549,0.027875,0.0174938,-5.02808,0,0,-5,0.027875,0.0174938,-0.0280762,0.0432588,-0.0222414,-0.00467289,0.0291481,0,0,0
1780640041638339,41.565,0.0279086,0.0175002,-5.02792,0,0,-5,0.0279086,0.0175002,-0.0279236,0.0431842,-0.0233111,-0.00489313,0.0291191,0,0,0
1780640041662339,41.589,0.027929,0.017491,-5.02771,0,0,-5,0.027929,0.017491,-0.02771,0.0430559,-0.0214,-0.00632852,0.029246,0,0,0
1780640041678508,41.6051,0.0279268,0.0174594,-5.02753,0,0,-5,0.0279268,0.0174594,-0.0275269,0.0429239,-0.0212777,-0.00703465,0.0285889,0,0,0
1780640041694508,41.6211,0.0278942,0.0174167,-5.02734,0,0,-5,0.0278942,0.0174167,-0.0273438,0.042768,-0.0222745,-0.00752475,0.028287,0,0,0
1780640041718508,41.6451,0.0277847,0.0173335,-5.02701,0,0,-5,0.0277847,0.0173335,-0.0270081,0.0424485,-0.022484,-0.00831085,0.0289343,0,0,0
1780640041742508,41.6691,0.027637,0.0172238,-5.02664,0,0,-5,0.027637,0.0172238,-0.0266418,0.0420743,-0.0231144,-0.00884273,0.0284686,0,0,0
1780640041758508,41.6851,0.0275057,0.0171376,-5.0264,0,0,-5,0.0275057,0.0171376,-0.0263977,0.0417983,-0.0234813,-0.00970383,0.0292899,0,0,0
1780640041774508,41.7011,0.027645,0.0171038,-5.02628,0,0,-5,0.027645,0.0171038,-0.0262756,0.0417995,-0.0224628,-0.0102636,0.0303964,0,0,0
1780640041798508,41.7251,0.0282546,0.0171021,-5.0264,0,0,-5,0.0282546,0.0171021,-0.0263977,0.0422805,-0.0219083,-0.010514,0.0300471,0,0,0
1780640041822508,41.7491,0.0287694,0.0170568,-5.02643,0,0,-5,0.0287694,0.0170568,-0.0264282,0.042627,-0.0219586,-0.0123407,0.0303248,0,0,0
1780640041838508,41.7651,0.0290752,0.0170073,-5.0264,0,0,-5,0.0290752,0.0170073,-0.0263977,0.0427955,-0.0205934,-0.0120485,0.0296166,0,0,0
1780640041862508,41.7891,0.0294737,0.0169332,-5.02634,0,0,-5,0.0294737,0.0169332,-0.0263367,0.0430006,-0.0212073,-0.011258,0.0298704,0,0,0
1780640041878508,41.8051,0.0296801,0.0168795,-5.02628,0,0,-5,0.0296801,0.0168795,-0.0262756,0.0430841,-0.0222272,-0.0115985,0.030246,0,0,0
1780640041902508,41.8291,0.0299202,0.0167539,-5.02609,0,0,-5,0.0299202,0.0167539,-0.0260925,0.0430898,-0.0226383,-0.0133054,0.0304454,0,0,0
1780640041918508,41.8451,0.030034,0.0166421,-5.02594,0,0,-5,0.030034,0.0166421,-0.0259399,0.0430335,-0.0238612,-0.0143718,0.0298343,0,0,0
1780640041934508,41.8611,0.0301154,0.0165127,-5.02579,0,0,-5,0.0301154,0.0165127,-0.0257874,0.0429488,-0.0241361,-0.0142368,0.0296967,0,0,0
1780640041958508,41.8851,0.0301827,0.0163214,-5.02551,0,0,-5,0.0301827,0.0163214,-0.0255127,0.0427584,-0.023855,-0.0145451,0.028904,0,0,0
1780640041982508,41.9091,0.0302176,0.0161049,-5.02521,0,0,-5,0.0302176,0.0161049,-0.0252075,0.0425193,-0.0222121,-0.0146736,0.0283817,0,0,0
1780640041998508,41.9251,0.0302289,0.015955,-5.02499,0,0,-5,0.0302289,0.015955,-0.0249939,0.0423443,-0.0215048,-0.0145926,0.0282921,0,0,0
1780640042014508,41.9411,0.030233,0.0158059,-5.02481,0,0,-5,0.030233,0.0158059,-0.0248108,0.0421833,-0.0203916,-0.0146543,0.0273376,0,0,0
1780640042038508,41.9651,0.03019,0.0155585,-5.02448,0,0,-5,0.03019,0.0155585,-0.0244751,0.0418633,-0.0216589,-0.0148868,0.0273936,0,0,0
1780640042062508,41.9891,0.0301034,0.0153356,-5.02417,0,0,-5,0.0301034,0.0153356,-0.0241699,0.0415401,-0.0212661,-0.0143872,0.0270556,0,0,0
1780640042078508,42.0051,0.0300235,0.0151774,-5.02393,0,0,-5,0.0300235,0.0151774,-0.0239258,0.041282,-0.0204903,-0.0146184,0.0277786,0,0,0
1780640042102508,42.0291,0.0298932,0.0149483,-5.02356,0,0,-5,0.0298932,0.0149483,-0.0235596,0.0408914,-0.019668,-0.0139032,0.0265784,0,0,0
1780640042118508,42.0451,0.029783,0.0147977,-5.02335,0,0,-5,0.029783,0.0147977,-0.0233459,0.0406329,-0.0210268,-0.013313,0.0264532,0,0,0
1780640042134508,42.0611,0.0296508,0.0146639,-5.0231,0,0,-5,0.0296508,0.0146639,-0.0231018,0.0403472,-0.0201527,-0.0125209,0.0276292,0,0,0
1780640042158508,42.0851,0.0294513,0.014424,-5.02267,0,0,-5,0.0294513,0.014424,-0.0226746,0.0398694,-0.0193853,-0.014924,0.0275882,0,0,0
1780640042182508,42.1091,0.0297154,0.0143891,-5.02271,0,0,-5,0.0297154,0.0143891,-0.0227051,0.0400696,-0.0202478,-0.016142,0.0283998,0,0,0
1780640042198508,42.1251,0.0300083,0.014429,-5.02283,0,0,-5,0.0300083,0.014429,-0.0228271,0.0403705,-0.020535,-0.0169043,0.0296384,0,0,0
1780640042222508,42.1491,0.0304011,0.0144408,-5.02295,0,0,-5,0.0304011,0.0144408,-0.0229492,0.0407361,-0.0190269,-0.0171386,0.0288796,0,0,0
1780640042238508,42.1651,0.0306184,0.0144415,-5.02301,0,0,-5,0.0306184,0.0144415,-0.0230103,0.040933,-0.0207589,-0.016626,0.0274295,0,0,0
1780640042262508,42.1891,0.0308642,0.0144105,-5.0231,0,0,-5,0.0308642,0.0144105,-0.0231018,0.0411577,-0.020361,-0.0175229,0.0270637,0,0,0
1780640042278508,42.2051,0.0310069,0.0143572,-5.02313,0,0,-5,0.0310069,0.0143572,-0.0231323,0.0412633,-0.0194909,-0.0183704,0.0259123,0,0,0
1780640042302508,42.2291,0.0311759,0.0142708,-5.02316,0,0,-5,0.0311759,0.0142708,-0.0231628,0.0413777,-0.0202272,-0.0168556,0.0252862,0,0,0
1780640042318508,42.2451,0.0312432,0.0142197,-5.02316,0,0,-5,0.0312432,0.0142197,-0.0231628,0.0414108,-0.021375,-0.0159958,0.0246148,0,0,0
1780640042342508,42.2691,0.0313032,0.0141325,-5.02316,0,0,-5,0.0313032,0.0141325,-0.0231628,0.0414263,-0.0205657,-0.015454,0.0229132,0,0,0
1780640042358508,42.2851,0.0313332,0.0140692,-5.02316,0,0,-5,0.0313332,0.0140692,-0.0231628,0.0414274,-0.0202889,-0.0156218,0.021864,0,0,0
1780640042382508,42.3091,0.0313294,0.0139496,-5.0231,0,0,-5,0.0313294,0.0139496,-0.0231018,0.0413499,-0.0207568,-0.0155969,0.0221716,0,0,0
1780640042398508,42.3251,0.0312996,0.0138772,-5.02307,0,0,-5,0.0312996,0.0138772,-0.0230713,0.0412859,-0.0201511,-0.0141687,0.0225916,0,0,0
1780640042422508,42.3491,0.0312406,0.0137901,-5.02295,0,0,-5,0.0312406,0.0137901,-0.0229492,0.0411438,-0.0192498,-0.0133807,0.0230183,0,0,0
1780640042438508,42.3651,0.0311861,0.0137262,-5.02283,0,0,-5,0.0311861,0.0137262,-0.0228271,0.0410129,-0.0188749,-0.0135148,0.0228072,0,0,0
1780640042462508,42.3891,0.0310806,0.0136009,-5.02264,0,0,-5,0.0310806,0.0136009,-0.022644,0.040789,-0.0187642,-0.0149313,0.0219819,0,0,0
1780640042478508,42.4051,0.0309702,0.0134775,-5.02252,0,0,-5,0.0309702,0.0134775,-0.022522,0.040596,-0.0186803,-0.015658,0.0226302,0,0,0
1780640042502508,42.4291,0.0307696,0.0132738,-5.02228,0,0,-5,0.0307696,0.0132738,-0.0222778,0.0402401,-0.0191725,-0.0151985,0.0232605,0,0,0
1780640042518508,42.4451,0.0306149,0.0131425,-5.02209,0,0,-5,0.0306149,0.0131425,-0.0220947,0.0399771,-0.0195177,-0.0145977,0.0247118,0,0,0
1780640042534508,42.4611,0.0304417,0.0129958,-5.02188,0,0,-5,0.0304417,0.0129958,-0.0218811,0.0396784,-0.0198582,-0.0159105,0.024955,0,0,0
1780640042558508,42.4851,0.0301468,0.012754,-5.02158,0,0,-5,0.0301468,0.012754,-0.0215759,0.0392048,-0.0216507,-0.0162241,0.0236376,0,0,0
1780640042582508,42.5091,0.0294821,0.0125663,-5.02155,0,0,-5,0.0294821,0.0125663,-0.0215454,0.0386175,-0.0222486,-0.0148254,0.0249479,0,0,0
1780640042598508,42.5251,0.0289379,0.012453,-5.02161,0,0,-5,0.0289379,0.012453,-0.0216064,0.038201,-0.0219594,-0.0156206,0.0259171,0,0,0
1780640042622508,42.5491,0.0281487,0.0122642,-5.02161,0,0,-5,0.0281487,0.0122642,-0.0216064,0.0375446,-0.0207246,-0.0166852,0.0253976,0,0,0
1780640042638508,42.5651,0.0276375,0.0121212,-5.02161,0,0,-5,0.0276375,0.0121212,-0.0216064,0.0371159,-0.0211303,-0.0164443,0.024385,0,0,0
1780640042662508,42.5891,0.0268547,0.0119011,-5.02158,0,0,-5,0.0268547,0.0119011,-0.0215759,0.0364463,-0.0225451,-0.0164157,0.0227445,0,0,0
1780640042678508,42.6051,0.0263262,0.0117451,-5.02155,0,0,-5,0.0263262,0.0117451,-0.0215454,0.0359892,-0.0226555,-0.0167965,0.0221731,0,0,0
1780640042702682,42.6293,0.0255213,0.0114837,-5.02148,0,0,-5,0.0255213,0.0114837,-0.0214844,0.0352816,-0.0227864,-0.0181794,0.0219948,0,0,0
1780640042718682,42.6453,0.0249773,0.0112779,-5.02145,0,0,-5,0.0249773,0.0112779,-0.0214539,0.0348041,-0.0236872,-0.019688,0.0222902,0,0,0
1780640042742682,42.6693,0.0241469,0.0109255,-5.02133,0,0,-5,0.0241469,0.0109255,-0.0213318,0.0340218,-0.0236946,-0.0213764,0.0227203,0,0,0
1780640042758682,42.6853,0.0235969,0.0106689,-5.02124,0,0,-5,0.0235969,0.0106689,-0.0212402,0.0334931,-0.0244051,-0.0216502,0.0219747,0,0,0
1780640042782682,42.7093,0.0227707,0.0102657,-5.02109,0,0,-5,0.0227707,0.0102657,-0.0210876,0.0326891,-0.0247801,-0.0222002,0.0220379,0,0,0
1780640042798682,42.7253,0.0222231,0.00999219,-5.02097,0,0,-5,0.0222231,0.00999219,-0.0209656,0.0321445,-0.0242802,-0.0223266,0.0221867,0,0,0
1780640042814682,42.7413,0.0216767,0.00970909,-5.02081,0,0,-5,0.0216767,0.00970909,-0.020813,0.0315805,-0.025332,-0.0223594,0.0223591,0,0,0
1780640042838682,42.7653,0.0208103,0.00926962,-5.02057,0,0,-5,0.0208103,0.00926962,-0.0205688,0.0306932,-0.0268372,-0.0232952,0.0226491,0,0,0
1780640042862682,42.7893,0.0199261,0.00881203,-5.02026,0,0,-5,0.0199261,0.00881203,-0.0202637,0.0297543,-0.0262848,-0.0231589,0.0226465,0,0,0
1780640042878682,42.8053,0.0193594,0.00850152,-5.02005,0,0,-5,0.0193594,0.00850152,-0.02005,0.0291387,-0.0258524,-0.0234157,0.0228171,0,0,0
1780640042902682,42.8293,0.0185065,0.00803377,-5.01968,0,0,-5,0.0185065,0.00803377,-0.0196838,0.0281866,-0.0267162,-0.0228042,0.0231301,0,0,0
1780640042918682,42.8453,0.0179354,0.00772106,-5.01944,0,0,-5,0.0179354,0.00772106,-0.0194397,0.0275535,-0.0282243,-0.0226272,0.0228581,0,0,0
1780640042942682,42.8693,0.0170796,0.0072585,-5.01904,0,0,-5,0.0170796,0.0072585,-0.019043,0.0265901,-0.0270383,-0.0222213,0.0219897,0,0,0
1780640042958682,42.8853,0.0165178,0.0069578,-5.0188,0,0,-5,0.0165178,0.0069578,-0.0187988,0.0259739,-0.027232,-0.0211308,0.0207141,0,0,0
1780640042982682,42.9093,0.0157234,0.00696643,-5.01889,0,0,-5,0.0157234,0.00696643,-0.0188904,0.0255461,-0.0274674,-0.0210193,0.0189712,0,0,0
1780640042998682,42.9253,0.0152202,0.00709971,-5.0191,0,0,-5,0.0152202,0.00709971,-0.019104,0.0254367,-0.0263577,-0.0200975,0.0185969,0,0,0
1780640043022682,42.9493,0.0145135,0.00727342,-5.01935,0,0,-5,0.0145135,0.00727342,-0.0193481,0.0252566,-0.0234545,-0.0198206,0.0169179,0,0,0
1780640043038682,42.9653,0.0140579,0.00735181,-5.01947,0,0,-5,0.0140579,0.00735181,-0.0194702,0.025115,-0.0240248,-0.0215224,0.0180445,0,0,0
1780640043062682,42.9893,0.0133277,0.00739589,-5.01959,0,0,-5,0.0133277,0.00739589,-0.0195923,0.0248231,-0.0251007,-0.0212613,0.0180662,0,0,0
1780640043078682,43.0053,0.012839,0.00740913,-5.01965,0,0,-5,0.012839,0.00740913,-0.0196533,0.0246168,-0.024913,-0.0215126,0.0183357,0,0,0
1780640043102682,43.0293,0.0121383,0.00738736,-5.01974,0,0,-5,0.0121383,0.00738736,-0.0197449,0.0243264,-0.0231227,-0.0220154,0.0189224,0,0,0
1780640043118682,43.0453,0.0116707,0.00736235,-5.01978,0,0,-5,0.0116707,0.00736235,-0.0197754,0.0241138,-0.0233386,-0.0207396,0.0196667,0,0,0
1780640043142682,43.0693,0.0109774,0.00731011,-5.01978,0,0,-5,0.0109774,0.00731011,-0.0197754,0.0237699,-0.0219201,-0.0203921,0.0196019,0,0,0
1780640043158682,43.0853,0.0105371,0.00726415,-5.01974,0,0,-5,0.0105371,0.00726415,-0.0197449,0.0235299,-0.0201893,-0.0198893,0.0203632,0,0,0
1780640043182682,43.1093,0.00989893,0.00721661,-5.01965,0,0,-5,0.00989893,0.00721661,-0.0196533,0.0231586,-0.0209403,-0.0183419,0.0230263,0,0,0
1780640043198682,43.1253,0.00943543,0.0071662,-5.01953,0,0,-5,0.00943543,0.0071662,-0.0195312,0.0228441,-0.021326,-0.0186085,0.0235481,0,0,0
1780640043222682,43.1493,0.00873893,0.00707162,-5.01932,0,0,-5,0.00873893,0.00707162,-0.0193176,0.0223506,-0.0217656,-0.0174681,0.0229388,0,0,0
1780640043238682,43.1653,0.00828197,0.00700527,-5.0192,0,0,-5,0.00828197,0.00700527,-0.0191956,0.0220485,-0.0208593,-0.0178436,0.0226515,0,0,0
1780640043254682,43.1813,0.00783296,0.00691989,-5.01907,0,0,-5,0.00783296,0.00691989,-0.0190735,0.0217494,-0.020607,-0.0181856,0.021746,0,0,0
1780640043278682,43.2053,0.00717336,0.00679088,-5.01886,0,0,-5,0.00717336,0.00679088,-0.0188599,0.0212901,-0.0187458,-0.0167985,0.0221659,0,0,0
1780640043302682,43.2293,0.00655636,0.00668507,-5.01865,0,0,-5,0.00655636,0.00668507,-0.0186462,0.0208652,-0.0170709,-0.0153911,0.0220217,0,0,0
1780640043318682,43.2453,0.00616797,0.00661853,-5.01849,0,0,-5,0.00616797,0.00661853,-0.0184937,0.020588,-0.0162085,-0.0143739,0.0208281,0,0,0
1780640043342682,43.2693,0.0055693,0.00651998,-5.01828,0,0,-5,0.0055693,0.00651998,-0.01828,0.0201913,-0.0157127,-0.0140956,0.0208999,0,0,0
1780640043358682,43.2853,0.00518249,0.00645669,-5.0181,0,0,-5,0.00518249,0.00645669,-0.0180969,0.0199009,-0.0143565,-0.013087,0.0226077,0,0,0
1780640043382682,43.3093,0.00419059,0.00687877,-5.01825,0,0,-5,0.00419059,0.00687877,-0.0182495,0.019948,-0.0139849,-0.0124239,0.022018,0,0,0
1780640043398682,43.3253,0.00340986,0.00730135,-5.01846,0,0,-5,0.00340986,0.00730135,-0.0184631,0.0201451,-0.0140619,-0.0122306,0.0201665,0,0,0
1780640043422682,43.3493,0.00228425,0.00789441,-5.01874,0,0,-5,0.00228425,0.00789441,-0.0187378,0.0204608,-0.0121392,-0.0113701,0.0188631,0,0,0
1780640043438682,43.3653,0.00159048,0.00826476,-5.01892,0,0,-5,0.00159048,0.00826476,-0.0189209,0.0207084,-0.0111261,-0.0108071,0.018566,0,0,0
1780640043462682,43.3893,0.000605984,0.00879329,-5.01913,0,0,-5,0.000605984,0.00879329,-0.0191345,0.021067,-0.010687,-0.00953792,0.0192746,0,0,0
1780640043478682,43.4053,-2.61869e-05,0.00913991,-5.01926,0,0,-5,-2.61869e-05,0.00913991,-0.0192566,0.0213156,-0.0110396,-0.00777593,0.0180028,0,0,0
1780640043502682,43.4293,-0.000945362,0.00964291,-5.01944,0,0,-5,-0.000945362,0.00964291,-0.0194397,0.0217205,-0.0106226,-0.00751023,0.016708,0,0,0
1780640043518682,43.4453,-0.00153681,0.00995423,-5.01953,0,0,-5,-0.00153681,0.00995423,-0.0195312,0.0219754,-0.0110268,-0.00765186,0.0172305,0,0,0
1780640043542682,43.4693,-0.00239964,0.0103684,-5.01962,0,0,-5,-0.00239964,0.0103684,-0.0196228,0.022323,-0.0108693,-0.00817585,0.0190058,0,0,0
1780640043558682,43.4853,-0.00295387,0.0106293,-5.01962,0,0,-5,-0.00295387,0.0106293,-0.0196228,0.0225114,-0.0109914,-0.00705266,0.0199508,0,0,0
1780640043574682,43.5013,-0.00348585,0.0108877,-5.01956,0,0,-5,-0.00348585,0.0108877,-0.0195618,0.0226574,-0.00956443,-0.00650826,0.0197941,0,0,0
1780640043598682,43.5253,-0.0042335,0.0112571,-5.0195,0,0,-5,-0.0042335,0.0112571,-0.0195007,0.0229112,-0.0096132,-0.00566473,0.0178852,0,0,0
1780640043614682,43.5413,-0.00471207,0.0114946,-5.01944,0,0,-5,-0.00471207,0.0114946,-0.0194397,0.0230702,-0.00842997,-0.00494121,0.0184142,0,0,0
1780640043638682,43.5653,-0.00537879,0.0118074,-5.01929,0,0,-5,-0.00537879,0.0118074,-0.0192871,0.0232452,-0.00801255,-0.00678298,0.0189553,0,0,0
1780640043662682,43.5893,-0.00600361,0.0120734,-5.01917,0,0,-5,-0.00600361,0.0120734,-0.019165,0.0234331,-0.00658747,-0.00577422,0.0191667,0,0,0
1780640043678682,43.6053,-0.00638962,0.0122312,-5.01904,0,0,-5,-0.00638962,0.0122312,-0.019043,0.0235173,-0.00603624,-0.00679819,0.0182631,0,0,0
1780640043702682,43.6293,-0.0069507,0.0124491,-5.01889,0,0,-5,-0.0069507,0.0124491,-0.0188904,0.0236672,-0.00690276,-0.00573392,0.0184958,0,0,0
1780640043718855,43.6455,-0.00733915,0.0125927,-5.01877,0,0,-5,-0.00733915,0.0125927,-0.0187683,0.0237632,-0.00843038,-0.00578655,0.0190995,0,0,0
1780640043742855,43.6695,-0.00791704,0.0127807,-5.01855,0,0,-5,-0.00791704,0.0127807,-0.0185547,0.023881,-0.00866875,-0.00580865,0.0204965,0,0,0
1780640043758855,43.6855,-0.00829082,0.012895,-5.0184,0,0,-5,-0.00829082,0.012895,-0.0184021,0.0239511,-0.00781765,-0.00540473,0.0202528,0,0,0
1780640043774855,43.7015,-0.00909495,0.0133373,-5.01862,0,0,-5,-0.00909495,0.0133373,-0.0186157,0.0246404,-0.00731628,-0.00574179,0.0207631,0,0,0
1780640043798855,43.7255,-0.0109028,0.0144306,-5.01941,0,0,-5,-0.0109028,0.0144306,-0.0194092,0.0265298,-0.00684662,-0.0048732,0.0190337,0,0,0
1780640043814855,43.7415,-0.0120334,0.0151195,-5.0199,0,0,-5,-0.0120334,0.0151195,-0.0198975,0.0277364,-0.00630871,-0.00456868,0.0178359,0,0,0
1780640043838855,43.7655,-0.0136614,0.0160854,-5.02057,0,0,-5,-0.0136614,0.0160854,-0.0205688,0.0294695,-0.00749636,-0.00478936,0.0174438,0,0,0
1780640043862855,43.7895,-0.015201,0.016983,-5.02118,0,0,-5,-0.015201,0.016983,-0.0211792,0.0311136,-0.00669299,-0.00424545,0.0178576,0,0,0
1780640043878855,43.8055,-0.0161748,0.0175429,-5.02155,0,0,-5,-0.0161748,0.0175429,-0.0215454,0.0321494,-0.00690506,-0.0042603,0.0177898,0,0,0
1780640043902855,43.8295,-0.0175854,0.0183268,-5.022,0,0,-5,-0.0175854,0.0183268,-0.0220032,0.0336044,-0.00801481,-0.00404713,0.0179956,0,0,0
1780640043918855,43.8455,-0.0184811,0.0188266,-5.02228,0,0,-5,-0.0184811,0.0188266,-0.0222778,0.0345296,-0.00717861,-0.00259116,0.0178239,0,0,0
1780640043942855,43.8695,-0.0197579,0.0195341,-5.02264,0,0,-5,-0.0197579,0.0195341,-0.022644,0.0358428,-0.007018,-0.00304545,0.019462,0,0,0
1780640043958855,43.8855,-0.0205701,0.0199712,-5.02283,0,0,-5,-0.0205701,0.0199712,-0.0228271,0.0366477,-0.00748656,-0.00306191,0.0202861,0,0,0
1780640043982855,43.9095,-0.0217476,0.0206051,-5.02304,0,0,-5,-0.0217476,0.0206051,-0.0230408,0.0377943,-0.00844281,-0.00159354,0.0203235,0,0,0
1780640043998855,43.9255,-0.0225019,0.0210186,-5.02316,0,0,-5,-0.0225019,0.0210186,-0.0231628,0.0385309,-0.00727898,-0.00145531,0.0193226,0,0,0
1780640044022855,43.9495,-0.0235784,0.021584,-5.02335,0,0,-5,-0.0235784,0.021584,-0.0233459,0.0395834,-0.00772155,-0.00231623,0.0176966,0,0,0
1780640044038855,43.9655,-0.0242619,0.021925,-5.0235,0,0,-5,-0.0242619,0.021925,-0.0234985,0.0402682,-0.00770455,-0.00304249,0.0171814,0,0,0
1780640044062855,43.9895,-0.0252519,0.022384,-5.02362,0,0,-5,-0.0252519,0.022384,-0.0236206,0.0411902,-0.00630201,-0.00365196,0.018166,0,0,0
1780640044078855,44.0055,-0.0258621,0.0226828,-5.02368,0,0,-5,-0.0258621,0.0226828,-0.0236816,0.0417634,-0.00558204,-0.00205817,0.0180776,0,0,0
1780640044102855,44.0295,-0.0267135,0.0231001,-5.02368,0,0,-5,-0.0267135,0.0231001,-0.0236816,0.0425211,-0.00474165,-0.00304013,0.0193829,0,0,0
1780640044118855,44.0455,-0.0272409,0.023346,-5.02365,0,0,-5,-0.0272409,0.023346,-0.0236511,0.0429707,-0.00322098,-0.00404421,0.0195517,0,0,0
1780640044134855,44.0615,-0.027721,0.0235572,-5.02359,0,0,-5,-0.027721,0.0235572,-0.0235901,0.0433577,-0.00147125,-0.00508643,0.0199316,0,0,0
1780640044158855,44.0855,-0.0283894,0.0238227,-5.0235,0,0,-5,-0.0283894,0.0238227,-0.0234985,0.0438823,-0.00106193,-0.00570865,0.0209174,0,0,0
1780640044182855,44.1095,-0.029712,0.0243968,-5.0239,0,0,-5,-0.029712,0.0243968,-0.0238953,0.0452658,-0.000280026,-0.00630107,0.0215254,0,0,0
1780640044198855,44.1255,-0.0307713,0.0248537,-5.02429,0,0,-5,-0.0307713,0.0248537,-0.024292,0.0464185,-0.00014212,-0.00737259,0.0210026,0,0,0
1780640044222855,44.1495,-0.0322562,0.0254555,-5.02481,0,0,-5,-0.0322562,0.0254555,-0.0248108,0.0480002,0.000594216,-0.00847022,0.0203554,0,0,0
1780640044238855,44.1655,-0.0331762,0.0258187,-5.02512,0,0,-5,-0.0331762,0.0258187,-0.025116,0.0489702,0.001362,-0.00772811,0.0203963,0,0,0
1780640044262855,44.1895,-0.0344577,0.0263507,-5.02551,0,0,-5,-0.0344577,0.0263507,-0.0255127,0.0503249,0.00209025,-0.00675424,0.0201143,0,0,0
1780640044278855,44.2055,-0.0352567,0.0266736,-5.02576,0,0,-5,-0.0352567,0.0266736,-0.0257568,0.0511657,0.0020557,-0.00798152,0.0202907,0,0,0
1780640044302855,44.2295,-0.0363678,0.0270968,-5.02603,0,0,-5,-0.0363678,0.0270968,-0.0260315,0.0522923,0.004091,-0.00838532,0.0206273,0,0,0
1780640044318855,44.2455,-0.0370288,0.0273456,-5.02618,0,0,-5,-0.0370288,0.0273456,-0.0261841,0.0529577,0.00575287,-0.00893884,0.0205344,0,0,0
1780640044334855,44.2615,-0.0376388,0.027564,-5.02631,0,0,-5,-0.0376388,0.027564,-0.0263062,0.0535581,0.00678415,-0.00903132,0.0213062,0,0,0
1780640044358855,44.2855,-0.0384959,0.0278568,-5.02643,0,0,-5,-0.0384959,0.0278568,-0.0264282,0.0543727,0.00775263,-0.00997708,0.0221349,0,0,0
1780640044382855,44.3095,-0.0392689,0.0280677,-5.02646,0,0,-5,-0.0392689,0.0280677,-0.0264587,0.0550446,0.00774922,-0.0126609,0.0234335,0,0,0
1780640044398855,44.3255,-0.0397361,0.0281576,-5.02646,0,0,-5,-0.0397361,0.0281576,-0.0264587,0.0554245,0.00851243,-0.013189,0.0244817,0,0,0
1780640044422855,44.3495,-0.040365,0.0282565,-5.02637,0,0,-5,-0.040365,0.0282565,-0.0263672,0.0558837,0.00998406,-0.0130173,0.0245711,0,0,0
1780640044438855,44.3655,-0.040737,0.0283069,-5.02628,0,0,-5,-0.040737,0.0283069,-0.0262756,0.0561355,0.00996411,-0.0132599,0.0242051,0,0,0
1780640044462855,44.3895,-0.0412282,0.0283539,-5.02612,0,0,-5,-0.0412282,0.0283539,-0.026123,0.0564458,0.0112139,-0.0135601,0.0249424,0,0,0
1780640044478855,44.4055,-0.0415097,0.0283503,-5.026,0,0,-5,-0.0415097,0.0283503,-0.026001,0.0565937,0.012087,-0.0153128,0.0253262,0,0,0
1780640044502855,44.4295,-0.0418746,0.028267,-5.02576,0,0,-5,-0.0418746,0.028267,-0.0257568,0.0567091,0.0126548,-0.0171683,0.0252868,0,0,0
1780640044518855,44.4455,-0.0420934,0.0281856,-5.0256,0,0,-5,-0.0420934,0.0281856,-0.0256042,0.0567615,0.0118885,-0.0177559,0.024826,0,0,0
1780640044542855,44.4695,-0.042396,0.028026,-5.0253,0,0,-5,-0.042396,0.028026,-0.0252991,0.0567708,0.0124272,-0.01813,0.024198,0,0,0
1780640044558855,44.4855,-0.0425671,0.0279079,-5.02512,0,0,-5,-0.0425671,0.0279079,-0.025116,0.0567593,0.0128578,-0.0179027,0.023587,0,0,0
1780640044582855,44.5095,-0.043893,0.0279309,-5.02524,0,0,-5,-0.043893,0.0279309,-0.025238,0.0578246,0.0139882,-0.018699,0.0226397,0,0,0
1780640044598855,44.5255,-0.0450594,0.0279921,-5.02545,0,0,-5,-0.0450594,0.0279921,-0.0254517,0.0588362,0.0136246,-0.0193054,0.0230648,0,0,0
1780640044614855,44.5415,-0.0461678,0.0280309,-5.0256,0,0,-5,-0.0461678,0.0280309,-0.0256042,0.0597727,0.0138347,-0.01849,0.0220904,0,0,0
1780640044638855,44.5655,-0.0476782,0.0280725,-5.02579,0,0,-5,-0.0476782,0.0280725,-0.0257874,0.0610431,0.0154145,-0.0183538,0.0233932,0,0,0
1780640044662855,44.5895,-0.0490424,0.0280814,-5.02597,0,0,-5,-0.0490424,0.0280814,-0.0259705,0.0621947,0.0149022,-0.0174716,0.0235843,0,0,0
1780640044678855,44.6055,-0.0498782,0.028062,-5.02609,0,0,-5,-0.0498782,0.028062,-0.0260925,0.0628978,0.0166841,-0.0190568,0.0231604,0,0,0
1780640044702855,44.6295,-0.050997,0.0279922,-5.02621,0,0,-5,-0.050997,0.0279922,-0.0262146,0.063808,0.0182445,-0.018665,0.0227135,0,0,0
1780640044719029,44.6457,-0.0516642,0.0279303,-5.02625,0,0,-5,-0.0516642,0.0279303,-0.0262451,0.0643281,0.0180779,-0.0184637,0.0225605,0,0,0
1780640044735029,44.6617,-0.0522773,0.0278635,-5.02628,0,0,-5,-0.0522773,0.0278635,-0.0262756,0.0648051,0.0203233,-0.0180786,0.0227592,0,0,0
1780640044759029,44.6857,-0.0530429,0.0277133,-5.02621,0,0,-5,-0.0530429,0.0277133,-0.0262146,0.0653359,0.02259,-0.0203137,0.0229872,0,0,0
1780640044783029,44.7097,-0.0537052,0.0275108,-5.02615,0,0,-5,-0.0537052,0.0275108,-0.0261536,0.0657655,0.0235989,-0.0201167,0.0235642,0,0,0
1780640044799029,44.7257,-0.0540682,0.027365,-5.02606,0,0,-5,-0.0540682,0.027365,-0.026062,0.0659655,0.0252402,-0.0204159,0.0248135,0,0,0
1780640044823029,44.7497,-0.0545373,0.0271228,-5.02582,0,0,-5,-0.0545373,0.0271228,-0.0258179,0.0661553,0.0253859,-0.0210821,0.0256197,0,0,0
1780640044839029,44.7657,-0.0547859,0.0269493,-5.02567,0,0,-5,-0.0547859,0.0269493,-0.0256653,0.0662304,0.0264766,-0.0192844,0.0257165,0,0,0
1780640044863029,44.7897,-0.0551034,0.0267066,-5.02539,0,0,-5,-0.0551034,0.0267066,-0.0253906,0.0662896,0.0274776,-0.0194296,0.0249069,0,0,0
1780640044879029,44.8057,-0.0552617,0.0265306,-5.02521,0,0,-5,-0.0552617,0.0265306,-0.0252075,0.0662808,0.0277258,-0.019399,0.0242557,0,0,0
1780640044903029,44.8297,-0.055422,0.0262476,-5.0249,0,0,-5,-0.055422,0.0262476,-0.0249023,0.0661866,0.0296899,-0.0202127,0.023675,0,0,0
1780640044919029,44.8457,-0.0554638,0.0260336,-5.02469,0,0,-5,-0.0554638,0.0260336,-0.0246887,0.0660569,0.0305501,-0.0209146,0.0243499,0,0,0
1780640044943029,44.8697,-0.0554572,0.0256692,-5.02438,0,0,-5,-0.0554572,0.0256692,-0.0243835,0.0657949,0.0321283,-0.0218242,0.0237803,0,0,0
1780640044959029,44.8857,-0.0553978,0.0254122,-5.02414,0,0,-5,-0.0553978,0.0254122,-0.0241394,0.0655547,0.032992,-0.0222285,0.0228722,0,0,0
1780640044983029,44.9097,-0.0559653,0.0252276,-5.0242,0,0,-5,-0.0559653,0.0252276,-0.0242004,0.0659864,0.0341128,-0.0225374,0.0233108,0,0,0
1780640044999029,44.9257,-0.0565068,0.0251678,-5.02432,0,0,-5,-0.0565068,0.0251678,-0.0243225,0.0664682,0.0346437,-0.0217894,0.022954,0,0,0
1780640045023029,44.9497,-0.0572073,0.025056,-5.02448,0,0,-5,-0.0572073,0.025056,-0.0244751,0.0670784,0.0354103,-0.0221481,0.0231675,0,0,0
1780640045039029,44.9657,-0.0576022,0.0249454,-5.02451,0,0,-5,-0.0576022,0.0249454,-0.0245056,0.0673855,0.0354361,-0.0232331,0.0240885,0,0,0
1780640045063029,44.9897,-0.058106,0.0247668,-5.02448,0,0,-5,-0.058106,0.0247668,-0.0244751,0.0677402,0.035641,-0.0216402,0.0274618,0,0,0
1780640045079029,45.0057,-0.058389,0.0246413,-5.02441,0,0,-5,-0.058389,0.0246413,-0.0244141,0.0679155,0.036126,-0.0225625,0.0274466,0,0,0
1780640045103029,45.0297,-0.0587287,0.0244069,-5.02429,0,0,-5,-0.0587287,0.0244069,-0.024292,0.0680798,0.0371669,-0.0233744,0.0276068,0,0,0
1780640045119029,45.0457,-0.0588854,0.0242245,-5.02417,0,0,-5,-0.0588854,0.0242245,-0.0241699,0.0681065,0.0379505,-0.0234857,0.0280597,0,0,0
1780640045143029,45.0697,-0.0590124,0.0239483,-5.02396,0,0,-5,-0.0590124,0.0239483,-0.0239563,0.0680432,0.0402494,-0.0231573,0.0283353,0,0,0
1780640045159029,45.0857,-0.0590385,0.0237571,-5.0238,0,0,-5,-0.0590385,0.0237571,-0.0238037,0.0679453,0.0401463,-0.0218612,0.0282691,0,0,0
1780640045183029,45.1097,-0.0590165,0.0234837,-5.02356,0,0,-5,-0.0590165,0.0234837,-0.0235596,0.0677457,0.040462,-0.0210005,0.0277966,0,0,0
1780640045199029,45.1257,-0.0589537,0.0232941,-5.02338,0,0,-5,-0.0589537,0.0232941,-0.0233765,0.0675619,0.0413505,-0.020968,0.0273158,0,0,0
1780640045223029,45.1497,-0.0587634,0.0230032,-5.02307,0,0,-5,-0.0587634,0.0230032,-0.0230713,0.0671905,0.0444116,-0.0205129,0.0257798,0,0,0
1780640045239029,45.1657,-0.0585827,0.0228017,-5.02292,0,0,-5,-0.0585827,0.0228017,-0.0229187,0.0669113,0.0434385,-0.0210902,0.0258169,0,0,0
1780640045263029,45.1897,-0.058278,0.0224818,-5.02261,0,0,-5,-0.058278,0.0224818,-0.0226135,0.0664314,0.043585,-0.0211584,0.0268423,0,0,0
1780640045279029,45.2057,-0.0580432,0.0222593,-5.02237,0,0,-5,-0.0580432,0.0222593,-0.0223694,0.0660672,0.0438834,-0.0204624,0.0266469,0,0,0
1780640045303029,45.2297,-0.0576405,0.0219497,-5.022,0,0,-5,-0.0576405,0.0219497,-0.0220032,0.0654856,0.045019,-0.0189031,0.0265686,0,0,0
1780640045319029,45.2457,-0.0573225,0.0217469,-5.02176,0,0,-5,-0.0573225,0.0217469,-0.021759,0.0650558,0.0452228,-0.0186212,0.0262741,0,0,0
1780640045335029,45.2617,-0.0569876,0.0215344,-5.02151,0,0,-5,-0.0569876,0.0215344,-0.0215149,0.0646081,0.0448343,-0.0190322,0.0247853,0,0,0
1780640045359029,45.2857,-0.0564542,0.0212145,-5.02115,0,0,-5,-0.0564542,0.0212145,-0.0211487,0.0639093,0.044924,-0.0172542,0.0233229,0,0,0
1780640045383029,45.3097,-0.0570556,0.0214612,-5.02127,0,0,-5,-0.0570556,0.0214612,-0.0212708,0.064563,0.0437847,-0.0164034,0.0223625,0,0,0
1780640045399029,45.3257,-0.0577763,0.0217849,-5.02145,0,0,-5,-0.0577763,0.0217849,-0.0214539,0.0653678,0.0430414,-0.016277,0.0214448,0,0,0
1780640045423029,45.3497,-0.0587265,0.0222151,-5.02173,0,0,-5,-0.0587265,0.0222151,-0.0217285,0.0664413,0.0437457,-0.0166839,0.0218847,0,0,0
1780640045439029,45.3657,-0.0592676,0.0224634,-5.02185,0,0,-5,-0.0592676,0.0224634,-0.0218506,0.0670425,0.0442206,-0.0167781,0.0219333,0,0,0
1780640045463029,45.3897,-0.0599457,0.0227758,-5.02194,0,0,-5,-0.0599457,0.0227758,-0.0219421,0.0677767,0.0452704,-0.0173551,0.0227779,0,0,0
1780640045479029,45.4057,-0.0603155,0.0229489,-5.02197,0,0,-5,-0.0603155,0.0229489,-0.0219727,0.0681719,0.0455514,-0.0172573,0.0221719,0,0,0
1780640045503029,45.4297,-0.0607703,0.0231668,-5.02197,0,0,-5,-0.0607703,0.0231668,-0.0219727,0.0686479,0.0464381,-0.017698,0.0229404,0,0,0
1780640045519029,45.4457,-0.0609974,0.0232852,-5.02194,0,0,-5,-0.0609974,0.0232852,-0.0219421,0.0688792,0.046401,-0.0166683,0.0238979,0,0,0
1780640045543029,45.4697,-0.0612504,0.0234209,-5.02188,0,0,-5,-0.0612504,0.0234209,-0.0218811,0.0691298,0.047374,-0.0189106,0.0232182,0,0,0
1780640045559029,45.4857,-0.0613513,0.0234755,-5.02182,0,0,-5,-0.0613513,0.0234755,-0.0218201,0.0692185,0.0471169,-0.0176369,0.0233265,0,0,0
1780640045583029,45.5097,-0.0614263,0.0235378,-5.0217,0,0,-5,-0.0614263,0.0235378,-0.021698,0.0692678,0.0476566,-0.0175206,0.0228829,0,0,0
1780640045599029,45.5257,-0.06142,0.0235683,-5.02161,0,0,-5,-0.06142,0.0235683,-0.0216064,0.0692439,0.0482049,-0.0167644,0.0216618,0,0,0
1780640045615029,45.5417,-0.0613834,0.0235903,-5.02151,0,0,-5,-0.0613834,0.0235903,-0.0215149,0.0691904,0.045906,-0.0168024,0.0213096,0,0,0
1780640045639029,45.5657,-0.0613119,0.023597,-5.02136,0,0,-5,-0.0613119,0.023597,-0.0213623,0.069082,0.0459366,-0.0164879,0.0202942,0,0,0
1780640045655029,45.5817,-0.0612217,0.0235836,-5.02121,0,0,-5,-0.0612217,0.0235836,-0.0212097,0.0689502,0.0473718,-0.0169579,0.0210767,0,0,0
1780640045679029,45.6057,-0.0609934,0.0235373,-5.02087,0,0,-5,-0.0609934,0.0235373,-0.020874,0.0686289,0.0478573,-0.0169808,0.0199408,0,0,0
1780640045703029,45.6297,-0.0606739,0.0234629,-5.02051,0,0,-5,-0.0606739,0.0234629,-0.0205078,0.0682085,0.0489248,-0.0166063,0.0215094,0,0,0
1780640045719205,45.6458,-0.0604128,0.0234056,-5.02026,0,0,-5,-0.0604128,0.0234056,-0.0202637,0.0678833,0.049315,-0.0173695,0.0210803,0,0,0
1780640045743205,45.6698,-0.0599764,0.0232712,-5.01987,0,0,-5,-0.0599764,0.0232712,-0.0198669,0.0673307,0.0481118,-0.0181314,0.0225822,0,0,0
1780640045759205,45.6858,-0.0596676,0.0231654,-5.01959,0,0,-5,-0.0596676,0.0231654,-0.0195923,0.0669381,0.0476575,-0.018411,0.0223035,0,0,0
1780640045783205,45.7098,-0.0602032,0.0232404,-5.0195,0,0,-5,-0.0602032,0.0232404,-0.0195007,0.0674153,0.0472979,-0.0194001,0.020911,0,0,0
1780640045799205,45.7258,-0.0608338,0.0233451,-5.01953,0,0,-5,-0.0608338,0.0233451,-0.0195312,0.0680237,0.0470487,-0.0189613,0.0214697,0,0,0
1780640045823205,45.7498,-0.0616621,0.0234731,-5.01953,0,0,-5,-0.0616621,0.0234731,-0.0195312,0.0688089,0.0466145,-0.0187689,0.0209391,0,0,0
1780640045839205,45.7658,-0.0621288,0.0235286,-5.01953,0,0,-5,-0.0621288,0.0235286,-0.0195312,0.0692463,0.0468779,-0.0192389,0.019819,0,0,0
1780640045855205,45.7818,-0.0625347,0.0235667,-5.0195,0,0,-5,-0.0625347,0.0235667,-0.0195007,0.069615,0.0466155,-0.0189724,0.0184138,0,0,0
1780640045879205,45.8058,-0.0630236,0.0235761,-5.01941,0,0,-5,-0.0630236,0.0235761,-0.0194092,0.0700323,0.0470676,-0.0193057,0.0183222,0,0,0
1780640045903205,45.8298,-0.0633802,0.0235737,-5.01932,0,0,-5,-0.0633802,0.0235737,-0.0193176,0.0703273,0.0480632,-0.0171637,0.0168942,0,0,0
1780640045919205,45.8458,-0.0635334,0.023578,-5.01929,0,0,-5,-0.0635334,0.023578,-0.0192871,0.0704586,0.0492105,-0.0162539,0.0155537,0,0,0
1780640045943205,45.8698,-0.0636604,0.0235847,-5.0192,0,0,-5,-0.0636604,0.0235847,-0.0191956,0.0705503,0.0490952,-0.0155633,0.0157186,0,0,0
1780640045959205,45.8858,-0.0636859,0.0235679,-5.01913,0,0,-5,-0.0636859,0.0235679,-0.0191345,0.0705512,0.049702,-0.0157757,0.0157792,0,0,0
1780640045983205,45.9098,-0.0636526,0.0235035,-5.01895,0,0,-5,-0.0636526,0.0235035,-0.0189514,0.0704502,0.0482553,-0.0166537,0.016878,0,0,0
1780640045999205,45.9258,-0.0636144,0.0234506,-5.0188,0,0,-5,-0.0636144,0.0234506,-0.0187988,0.0703571,0.0474898,-0.0158562,0.0161975,0,0,0
1780640046023205,45.9498,-0.0634865,0.0233594,-5.01855,0,0,-5,-0.0634865,0.0233594,-0.0185547,0.0701461,0.0483842,-0.0153911,0.0168641,0,0,0
1780640046039205,45.9658,-0.0633476,0.0232954,-5.0184,0,0,-5,-0.0633476,0.0232954,-0.0184021,0.0699588,0.0480807,-0.0145523,0.0172504,0,0,0
1780640046063205,45.9898,-0.0630718,0.0231782,-5.0181,0,0,-5,-0.0630718,0.0231782,-0.0180969,0.0695901,0.0487049,-0.0156077,0.0195126,0,0,0
1780640046079205,46.0058,-0.0628262,0.0230817,-5.01788,0,0,-5,-0.0628262,0.0230817,-0.0178833,0.0692799,0.0496838,-0.0162821,0.0201213,0,0,0
1780640046103205,46.0298,-0.0623773,0.0229122,-5.01749,0,0,-5,-0.0623773,0.0229122,-0.0174866,0.0687145,0.0503357,-0.0157863,0.0219007,0,0,0
1780640046119205,46.0458,-0.0620348,0.0227886,-5.01721,0,0,-5,-0.0620348,0.0227886,-0.0172119,0.0682926,0.0510847,-0.0164158,0.0213678,0,0,0
1780640046143205,46.0698,-0.0614926,0.0225705,-5.01678,0,0,-5,-0.0614926,0.0225705,-0.0167847,0.0676202,0.0491247,-0.0176078,0.0217067,0,0,0
1780640046159205,46.0858,-0.0611049,0.0223971,-5.01648,0,0,-5,-0.0611049,0.0223971,-0.0164795,0.0671343,0.0506753,-0.0181295,0.0214888,0,0,0
1780640046183205,46.1098,-0.0619859,0.022171,-5.01648,0,0,-5,-0.0619859,0.022171,-0.0164795,0.067863,0.0513293,-0.0170521,0.0205681,0,0,0
1780640046199205,46.1258,-0.0629755,0.0220267,-5.01657,0,0,-5,-0.0629755,0.0220267,-0.016571,0.0687436,0.0514161,-0.0186452,0.0203956,0,0,0
1780640046223205,46.1498,-0.0642935,0.0217856,-5.01669,0,0,-5,-0.0642935,0.0217856,-0.0166931,0.0699066,0.0506508,-0.0178982,0.0208422,0,0,0
1780640046239205,46.1658,-0.0650781,0.0216178,-5.01675,0,0,-5,-0.0650781,0.0216178,-0.0167542,0.0705917,0.0502234,-0.0186969,0.0214679,0,0,0
1780640046263205,46.1898,-0.0660999,0.0213502,-5.01675,0,0,-5,-0.0660999,0.0213502,-0.0167542,0.0714544,0.0507855,-0.01741,0.0211157,0,0,0
1780640046279205,46.2058,-0.066691,0.0211773,-5.01675,0,0,-5,-0.066691,0.0211773,-0.0167542,0.0719504,0.0505792,-0.0170072,0.0212464,0,0,0
1780640046303205,46.2298,-0.0674419,0.0209127,-5.01675,0,0,-5,-0.0674419,0.0209127,-0.0167542,0.0725703,0.0515246,-0.0169151,0.0207885,0,0,0
1780640046319205,46.2458,-0.0678556,0.0207389,-5.01669,0,0,-5,-0.0678556,0.0207389,-0.0166931,0.0728913,0.0510242,-0.0153128,0.0213449,0,0,0
1780640046343205,46.2698,-0.0683779,0.0204835,-5.01663,0,0,-5,-0.0683779,0.0204835,-0.0166321,0.0732922,0.0496954,-0.0154988,0.021637,0,0,0
1780640046359205,46.2858,-0.0686869,0.0203136,-5.01654,0,0,-5,-0.0686869,0.0203136,-0.0165405,0.0735127,0.0484843,-0.0154879,0.0212847,0,0,0
1780640046383205,46.3098,-0.069058,0.0200424,-5.01645,0,0,-5,-0.069058,0.0200424,-0.016449,0.073765,0.0492272,-0.015435,0.0174456,0,0,0
1780640046399205,46.3258,-0.0692373,0.0198513,-5.01642,0,0,-5,-0.0692373,0.0198513,-0.0164185,0.0738745,0.048136,-0.0159013,0.0161614,0,0,0
1780640046423205,46.3498,-0.0694298,0.0195354,-5.01642,0,0,-5,-0.0694298,0.0195354,-0.0164185,0.0739709,0.0481385,-0.017108,0.0153328,0,0,0
1780640046439205,46.3658,-0.0695032,0.0193216,-5.01642,0,0,-5,-0.0695032,0.0193216,-0.0164185,0.0739837,0.0479577,-0.0156736,0.0152187,0,0,0
1780640046463205,46.3898,-0.0695275,0.0190362,-5.01642,0,0,-5,-0.0695275,0.0190362,-0.0164185,0.0739325,0.0487084,-0.0142031,0.0153184,0,0,0
1780640046479205,46.4058,-0.0694875,0.0188406,-5.01642,0,0,-5,-0.0694875,0.0188406,-0.0164185,0.0738448,0.0483067,-0.0153958,0.0156493,0,0,0
1780640046503205,46.4298,-0.0693385,0.018553,-5.01636,0,0,-5,-0.0693385,0.018553,-0.0163574,0.073618,0.0491522,-0.0138778,0.0148826,0,0,0
1780640046519205,46.4458,-0.069163,0.0183763,-5.01633,0,0,-5,-0.069163,0.0183763,-0.0163269,0.0734015,0.0502352,-0.013429,0.0146837,0,0,0
1780640046543205,46.4698,-0.06879,0.0181422,-5.0162,0,0,-5,-0.06879,0.0181422,-0.0162048,0.0729644,0.0523259,-0.0105017,0.0158888,0,0,0
1780640046559205,46.4858,-0.0684922,0.0180056,-5.01608,0,0,-5,-0.0684922,0.0180056,-0.0160828,0.0726226,0.0523368,-0.0102078,0.0173721,0,0,0
1780640046583205,46.5098,-0.0691549,0.0174113,-5.01624,0,0,-5,-0.0691549,0.0174113,-0.0162354,0.0731378,0.0538299,-0.00931939,0.0174037,0,0,0
1780640046599205,46.5258,-0.0698877,0.0169002,-5.01642,0,0,-5,-0.0698877,0.0169002,-0.0164185,0.0737528,0.0538874,-0.00967231,0.0157878,0,0,0
1780640046623205,46.5498,-0.0708402,0.0161493,-5.01669,0,0,-5,-0.0708402,0.0161493,-0.0166931,0.0745506,0.0537977,-0.0096519,0.0151632,0,0,0
1780640046639205,46.5658,-0.07137,0.0156816,-5.01685,0,0,-5,-0.07137,0.0156816,-0.0168457,0.0749892,0.0548715,-0.0085076,0.0149103,0,0,0
1780640046663205,46.5898,-0.0720093,0.0150011,-5.01703,0,0,-5,-0.0720093,0.0150011,-0.0170288,0.0755007,0.0571024,-0.0086381,0.014607,0,0,0
1780640046679205,46.6058,-0.0723256,0.014573,-5.01718,0,0,-5,-0.0723256,0.014573,-0.0171814,0.0757533,0.0572328,-0.00807991,0.0135967,0,0,0
1780640046703205,46.6298,-0.0726874,0.0139461,-5.01736,0,0,-5,-0.0726874,0.0139461,-0.0173645,0.0760229,0.0577307,-0.00888815,0.013644,0,0,0
1780640046719205,46.6458,-0.0728438,0.0135468,-5.01749,0,0,-5,-0.0728438,0.0135468,-0.0174866,0.0761282,0.0578597,-0.00812812,0.0132666,0,0,0
1780640046743381,46.67,-0.0729886,0.0129806,-5.01761,0,0,-5,-0.0729886,0.0129806,-0.0176086,0.0761965,0.0564648,-0.00829578,0.0145535,0,0,0
1780640046759381,46.686,-0.0730216,0.0126076,-5.01764,0,0,-5,-0.0730216,0.0126076,-0.0176392,0.0761724,0.057038,-0.00798678,0.0158329,0,0,0
1780640046783381,46.71,-0.0729827,0.0120846,-5.01764,0,0,-5,-0.0729827,0.0120846,-0.0176392,0.0760503,0.0569252,-0.0078789,0.0167404,0,0,0
1780640046799381,46.726,-0.0729002,0.0117374,-5.01764,0,0,-5,-0.0729002,0.0117374,-0.0176392,0.0759167,0.057169,-0.00925609,0.0157874,0,0,0
1780640046815381,46.742,-0.0727645,0.0113853,-5.01761,0,0,-5,-0.0727645,0.0113853,-0.0176086,0.0757256,0.0582297,-0.00975135,0.0144879,0,0,0
1780640046839381,46.766,-0.072465,0.0108534,-5.01755,0,0,-5,-0.072465,0.0108534,-0.0175476,0.0753452,0.057506,-0.0113059,0.0134379,0,0,0
1780640046863381,46.79,-0.072094,0.0103078,-5.01749,0,0,-5,-0.072094,0.0103078,-0.0174866,0.0748971,0.0583781,-0.0115493,0.0152029,0,0,0
1780640046879381,46.806,-0.0717812,0.00995062,-5.0174,0,0,-5,-0.0717812,0.00995062,-0.017395,0.0745261,0.0592767,-0.0109358,0.0155059,0,0,0
1780640046895381,46.822,-0.0714262,0.00962368,-5.01724,0,0,-5,-0.0714262,0.00962368,-0.0172424,0.0741054,0.0588485,-0.00897798,0.0161633,0,0,0
1780640046919381,46.846,-0.0708209,0.00918467,-5.01703,0,0,-5,-0.0708209,0.00918467,-0.0170288,0.0734162,0.060576,-0.00686062,0.01737,0,0,0
1780640046935381,46.862,-0.0703578,0.00893061,-5.01685,0,0,-5,-0.0703578,0.00893061,-0.0168457,0.0728955,0.0620284,-0.00549496,0.0183628,0,0,0
1780640046959381,46.886,-0.0695937,0.00854977,-5.01654,0,0,-5,-0.0695937,0.00854977,-0.0165405,0.0720414,0.0622015,-0.00701901,0.0187001,0,0,0
1780640046983381,46.91,-0.0703947,0.00841125,-5.01663,0,0,-5,-0.0703947,0.00841125,-0.0166321,0.0728203,0.0621232,-0.00638241,0.0189805,0,0,0
1780640046999381,46.926,-0.0713721,0.00840168,-5.01682,0,0,-5,-0.0713721,0.00840168,-0.0168152,0.073806,0.0614666,-0.0062416,0.0176691,0,0,0
1780640047023381,46.95,-0.0726593,0.00837548,-5.01706,0,0,-5,-0.0726593,0.00837548,-0.0170593,0.0751036,0.0608328,-0.00616162,0.0163454,0,0,0
1780640047039381,46.966,-0.073414,0.00835505,-5.01718,0,0,-5,-0.073414,0.00835505,-0.0171814,0.0758592,0.0597281,-0.00570452,0.0162084,0,0,0
1780640047063381,46.99,-0.0743927,0.00830578,-5.01733,0,0,-5,-0.0743927,0.00830578,-0.017334,0.0768357,0.0593669,-0.00594621,0.0167526,0,0,0
1780640047079381,47.006,-0.074952,0.00826191,-5.01736,0,0,-5,-0.074952,0.00826191,-0.0173645,0.0773795,0.0587587,-0.00577276,0.0183904,0,0,0
1780640047103381,47.03,-0.0756493,0.0081956,-5.0174,0,0,-5,-0.0756493,0.0081956,-0.017395,0.0780549,0.0586133,-0.00577352,0.0174599,0,0,0
1780640047119381,47.046,-0.0760319,0.00814972,-5.01743,0,0,-5,-0.0760319,0.00814972,-0.0174255,0.0784278,0.0586138,-0.00580065,0.0177466,0,0,0
1780640047143381,47.07,-0.0764686,0.00805566,-5.0174,0,0,-5,-0.0764686,0.00805566,-0.017395,0.0788348,0.0588332,-0.00693376,0.0176502,0,0,0
1780640047159381,47.086,-0.0766944,0.00797989,-5.01736,0,0,-5,-0.0766944,0.00797989,-0.0173645,0.0790395,0.0583827,-0.00708936,0.0175484,0,0,0
1780640047175381,47.102,-0.0768506,0.00789634,-5.0173,0,0,-5,-0.0768506,0.00789634,-0.0173035,0.0791693,0.0590934,-0.007624,0.0176418,0,0,0
1780640047199381,47.126,-0.0769702,0.00775258,-5.01724,0,0,-5,-0.0769702,0.00775258,-0.0172424,0.0792579,0.0591265,-0.00785185,0.0184844,0,0,0
1780640047223381,47.15,-0.0769661,0.00761105,-5.01712,0,0,-5,-0.0769661,0.00761105,-0.0171204,0.0792138,0.0597574,-0.00721675,0.017887,0,0,0
1780640047239381,47.166,-0.0769043,0.00753396,-5.01703,0,0,-5,-0.0769043,0.00753396,-0.0170288,0.0791265,0.0591158,-0.00519732,0.0172089,0,0,0
1780640047263381,47.19,-0.0767102,0.00745531,-5.01688,0,0,-5,-0.0767102,0.00745531,-0.0168762,0.0788977,0.0599903,-0.00398458,0.0175214,0,0,0
1780640047279381,47.206,-0.0765139,0.00741618,-5.01672,0,0,-5,-0.0765139,0.00741618,-0.0167236,0.0786705,0.0603768,-0.00364458,0.0173116,0,0,0
1780640047303381,47.23,-0.0761433,0.00734807,-5.01654,0,0,-5,-0.0761433,0.00734807,-0.0165405,0.0782649,0.0601713,-0.00451342,0.0159339,0,0,0
1780640047319381,47.246,-0.075839,0.00729106,-5.01639,0,0,-5,-0.075839,0.00729106,-0.0163879,0.0779313,0.0606475,-0.00443659,0.0163515,0,0,0
1780640047343381,47.27,-0.0753016,0.00720329,-5.0162,0,0,-5,-0.0753016,0.00720329,-0.0162048,0.0773616,0.0608989,-0.00496667,0.0146678,0,0,0
1780640047359381,47.286,-0.0749001,0.00713114,-5.01605,0,0,-5,-0.0749001,0.00713114,-0.0160522,0.0769321,0.0610508,-0.00611857,0.0151338,0,0,0
1780640047383381,47.31,-0.0756593,0.0065474,-5.01605,0,0,-5,-0.0756593,0.0065474,-0.0160522,0.07762,0.0615528,-0.00771541,0.0165632,0,0,0
1780640047399381,47.326,-0.0765279,0.00602982,-5.01611,0,0,-5,-0.0765279,0.00602982,-0.0161133,0.078438,0.0617337,-0.00699298,0.0176288,0,0,0
1780640047415381,47.342,-0.0772979,0.00553838,-5.01611,0,0,-5,-0.0772979,0.00553838,-0.0161133,0.0791535,0.0621511,-0.00670812,0.0186942,0,0,0
1780640047439381,47.366,-0.0782788,0.00482597,-5.01605,0,0,-5,-0.0782788,0.00482597,-0.0160522,0.0800533,0.0622479,-0.00695911,0.0189555,0,0,0
1780640047463381,47.39,-0.0790746,0.00414237,-5.01593,0,0,-5,-0.0790746,0.00414237,-0.0159302,0.0807696,0.0610499,-0.00849365,0.01978,0,0,0
1780640047479381,47.406,-0.079526,0.0036747,-5.01581,0,0,-5,-0.079526,0.0036747,-0.0158081,0.0811652,0.0599915,-0.00888483,0.020035,0,0,0
1780640047495381,47.422,-0.0799051,0.00321604,-5.01569,0,0,-5,-0.0799051,0.00321604,-0.015686,0.0814937,0.0593172,-0.00964292,0.0203322,0,0,0
1780640047519381,47.446,-0.0803549,0.00254221,-5.01547,0,0,-5,-0.0803549,0.00254221,-0.0154724,0.0818704,0.0589397,-0.00971635,0.0198887,0,0,0
1780640047543381,47.47,-0.0806463,0.00189253,-5.01526,0,0,-5,-0.0806463,0.00189253,-0.0152588,0.082099,0.0598471,-0.0102952,0.0183483,0,0,0
1780640047559381,47.486,-0.0807567,0.00145955,-5.01511,0,0,-5,-0.0807567,0.00145955,-0.0151062,0.0821704,0.0599986,-0.0112038,0.0159657,0,0,0
1780640047575381,47.502,-0.0808019,0.00103255,-5.01501,0,0,-5,-0.0808019,0.00103255,-0.0150146,0.0821916,0.0603051,-0.0118416,0.0148153,0,0,0
1780640047599381,47.526,-0.0807473,0.000394367,-5.01483,0,0,-5,-0.0807473,0.000394367,-0.0148315,0.0820991,0.0613401,-0.0120814,0.0149657,0,0,0
1780640047623381,47.55,-0.0805651,-0.000239836,-5.01462,0,0,-5,-0.0805651,-0.000239836,-0.0146179,0.0818809,0.062361,-0.0131011,0.0153795,0,0,0
1780640047639381,47.566,-0.0803661,-0.00065381,-5.01447,0,0,-5,-0.0803661,-0.00065381,-0.0144653,0.0816602,0.0624916,-0.0130101,0.0159152,0,0,0
1780640047663381,47.59,-0.0799684,-0.00125135,-5.01422,0,0,-5,-0.0799684,-0.00125135,-0.0142212,0.0812327,0.0635554,-0.0124819,0.0158734,0,0,0
1780640047679381,47.606,-0.0796372,-0.00164306,-5.01404,0,0,-5,-0.0796372,-0.00164306,-0.0140381,0.0808817,0.0637444,-0.0135908,0.0153651,0,0,0
1780640047703381,47.63,-0.0790606,-0.00224376,-5.01376,0,0,-5,-0.0790606,-0.00224376,-0.0137634,0.080281,0.0638653,-0.0141188,0.0158544,0,0,0
1780640047719381,47.646,-0.0786136,-0.00263748,-5.01355,0,0,-5,-0.0786136,-0.00263748,-0.0135498,0.0798163,0.0658616,-0.0144918,0.0158182,0,0,0
1780640047743381,47.67,-0.0778444,-0.00323708,-5.01328,0,0,-5,-0.0778444,-0.00323708,-0.0132751,0.0790346,0.0659847,-0.0155766,0.015669,0,0,0
1780640047759558,47.6862,-0.0772839,-0.00363876,-5.01309,0,0,-5,-0.0772839,-0.00363876,-0.013092,0.0784694,0.066645,-0.015882,0.014377,0,0,0
1780640047783558,47.7102,-0.0778637,-0.00395077,-5.01309,0,0,-5,-0.0778637,-0.00395077,-0.013092,0.0790555,0.0666267,-0.0142733,0.0132306,0,0,0
1780640047799558,47.7262,-0.078638,-0.00405486,-5.01315,0,0,-5,-0.078638,-0.00405486,-0.0131531,0.0798334,0.0675097,-0.0139675,0.0116137,0,0,0
1780640047823558,47.7502,-0.0796079,-0.00422463,-5.01324,0,0,-5,-0.0796079,-0.00422463,-0.0132446,0.0808126,0.0669113,-0.013276,0.0117346,0,0,0
1780640047839558,47.7662,-0.080152,-0.00433557,-5.01331,0,0,-5,-0.080152,-0.00433557,-0.0133057,0.0813645,0.0662093,-0.0134866,0.0123375,0,0,0
1780640047863558,47.7902,-0.0808136,-0.00451116,-5.01331,0,0,-5,-0.0808136,-0.00451116,-0.0133057,0.0820258,0.0669773,-0.0123675,0.0125039,0,0,0
1780640047879558,47.8062,-0.0811345,-0.00463276,-5.01331,0,0,-5,-0.0811345,-0.00463276,-0.0133057,0.0823487,0.0673262,-0.012676,0.0133336,0,0,0
1780640047903558,47.8302,-0.0815004,-0.00480195,-5.01328,0,0,-5,-0.0815004,-0.00480195,-0.0132751,0.082714,0.0656547,-0.0117887,0.0129379,0,0,0
1780640047919558,47.8462,-0.0816667,-0.00490631,-5.01331,0,0,-5,-0.0816667,-0.00490631,-0.0133057,0.0828889,0.0660266,-0.0114679,0.0122798,0,0,0
1780640047943558,47.8702,-0.0817834,-0.00506054,-5.01331,0,0,-5,-0.0817834,-0.00506054,-0.0133057,0.0830131,0.0657922,-0.0107605,0.0116832,0,0,0
1780640047959558,47.8862,-0.081804,-0.00515512,-5.01328,0,0,-5,-0.081804,-0.00515512,-0.0132751,0.0830343,0.0648974,-0.0100906,0.0128909,0,0,0
1780640047983558,47.9102,-0.0817227,-0.00525822,-5.01324,0,0,-5,-0.0817227,-0.00525822,-0.0132446,0.0829558,0.0653776,-0.00713316,0.0121093,0,0,0
1780640047999558,47.9262,-0.081601,-0.0053126,-5.01321,0,0,-5,-0.081601,-0.0053126,-0.0132141,0.0828345,0.0655598,-0.00803589,0.0116088,0,0,0
1780640048023558,47.9502,-0.081304,-0.00540542,-5.01315,0,0,-5,-0.081304,-0.00540542,-0.0131531,0.0825383,0.0662064,-0.0072683,0.0113717,0,0,0
1780640048039558,47.9662,-0.0810455,-0.00546686,-5.01312,0,0,-5,-0.0810455,-0.00546686,-0.0131226,0.0822828,0.0661547,-0.00708417,0.00954989,0,0,0
1780640048063558,47.9902,-0.0805437,-0.005555,-5.01309,0,0,-5,-0.0805437,-0.005555,-0.013092,0.0817897,0.0668204,-0.00750711,0.00937078,0,0,0
1780640048079558,48.0062,-0.0801636,-0.00562634,-5.01303,0,0,-5,-0.0801636,-0.00562634,-0.013031,0.0814105,0.0665167,-0.00730012,0.00859598,0,0,0
1780640048095558,48.0222,-0.079734,-0.00568889,-5.013,0,0,-5,-0.079734,-0.00568889,-0.0130005,0.0809869,0.0671963,-0.0066118,0.00858604,0,0,0
1780640048119558,48.0462,-0.0789949,-0.00577876,-5.01294,0,0,-5,-0.0789949,-0.00577876,-0.0129395,0.0802559,0.0677943,-0.00628709,0.00870695,0,0,0
1780640048143558,48.0702,-0.0781682,-0.00583438,-5.01285,0,0,-5,-0.0781682,-0.00583438,-0.0128479,0.0794316,0.0686145,-0.00416614,0.00893771,0,0,0
1780640048159558,48.0862,-0.0775585,-0.00585661,-5.01276,0,0,-5,-0.0775585,-0.00585661,-0.0127563,0.0788184,0.0700119,-0.00417118,0.00911576,0,0,0
1780640048183558,48.1102,-0.0781277,-0.00584597,-5.01288,0,0,-5,-0.0781277,-0.00584597,-0.0128784,0.0793976,0.0705017,-0.00515254,0.0108011,0,0,0
1780640048199558,48.1262,-0.0789014,-0.00580782,-5.01303,0,0,-5,-0.0789014,-0.00580782,-0.013031,0.0801809,0.0705163,-0.00394241,0.0108784,0,0,0
1780640048223558,48.1502,-0.0798849,-0.00572485,-5.01318,0,0,-5,-0.0798849,-0.00572485,-0.0131836,0.0811676,0.0689235,-0.0030577,0.0120413,0,0,0
1780640048239558,48.1662,-0.0804395,-0.00567408,-5.01328,0,0,-5,-0.0804395,-0.00567408,-0.0132751,0.0817247,0.0686565,-0.00239084,0.0128998,0,0,0
1780640048263558,48.1902,-0.0811156,-0.00558323,-5.01334,0,0,-5,-0.0811156,-0.00558323,-0.0133362,0.082394,0.0677991,-0.00191148,0.0114229,0,0,0
1780640048279558,48.2062,-0.0814689,-0.00553168,-5.01337,0,0,-5,-0.0814689,-0.00553168,-0.0133667,0.0827433,0.0681967,-0.00257664,0.0109145,0,0,0
1780640048303558,48.2302,-0.0818377,-0.00544023,-5.0134,0,0,-5,-0.0818377,-0.00544023,-0.0133972,0.0831053,0.06875,-0.000213176,0.0114573,0,0,0
1780640048319558,48.2462,-0.0819947,-0.00536378,-5.01337,0,0,-5,-0.0819947,-0.00536378,-0.0133667,0.08325,0.0682882,-7.05417e-05,0.0127684,0,0,0
1780640048343558,48.2702,-0.0821106,-0.00523605,-5.01328,0,0,-5,-0.0821106,-0.00523605,-0.0132751,0.0833415,0.0679696,0.000599922,0.0134073,0,0,0
1780640048359558,48.2862,-0.0821115,-0.00514677,-5.01321,0,0,-5,-0.0821115,-0.00514677,-0.0132141,0.0833271,0.0682851,0.00149896,0.0130138,0,0,0
1780640048383558,48.3102,-0.0819734,-0.0049957,-5.01303,0,0,-5,-0.0819734,-0.0049957,-0.013031,0.0831529,0.0697959,0.00189308,0.0136809,0,0,0
1780640048399558,48.3262,-0.0818054,-0.00489366,-5.01288,0,0,-5,-0.0818054,-0.00489366,-0.0128784,0.0829574,0.0693917,0.00237429,0.0148314,0,0,0
1780640048423558,48.3502,-0.0814537,-0.00473836,-5.0126,0,0,-5,-0.0814537,-0.00473836,-0.0126038,0.0825592,0.0701345,0.00242587,0.0154982,0,0,0
1780640048439558,48.3662,-0.08115,-0.00464358,-5.01242,0,0,-5,-0.08115,-0.00464358,-0.0124207,0.0822262,0.0696802,0.00231231,0.0151375,0,0,0
1780640048463558,48.3902,-0.0806047,-0.00449112,-5.01221,0,0,-5,-0.0806047,-0.00449112,-0.012207,0.0816475,0.0701297,0.00277821,0.0145503,0,0,0
1780640048479558,48.4062,-0.0801821,-0.00439293,-5.01205,0,0,-5,-0.0801821,-0.00439293,-0.0120544,0.081202,0.0699886,0.00273458,0.0141497,0,0,0
1780640048503558,48.4302,-0.0794842,-0.00422732,-5.01181,0,0,-5,-0.0794842,-0.00422732,-0.0118103,0.080468,0.0692588,0.00356752,0.0138887,0,0,0
1780640048519558,48.4462,-0.0789651,-0.00412335,-5.01166,0,0,-5,-0.0789651,-0.00412335,-0.0116577,0.0799275,0.070213,0.00348981,0.0131128,0,0,0
1780640048535558,48.4622,-0.0784046,-0.0040199,-5.01151,0,0,-5,-0.0784046,-0.0040199,-0.0115051,0.0793461,0.0700259,0.00325132,0.0137088,0,0,0
1780640048559558,48.4862,-0.0774903,-0.00388582,-5.01126,0,0,-5,-0.0774903,-0.00388582,-0.011261,0.0784006,0.0706043,0.0025669,0.0127004,0,0,0
1780640048583558,48.5102,-0.0779899,-0.0040241,-5.01132,0,0,-5,-0.0779899,-0.0040241,-0.011322,0.0789101,0.0681315,0.00399592,0.014071,0,0,0
1780640048599558,48.5262,-0.0787335,-0.00420141,-5.01147,0,0,-5,-0.0787335,-0.00420141,-0.0114746,0.0796761,0.0669632,0.00352067,0.0136708,0,0,0
1780640048623558,48.5502,-0.0796786,-0.00445758,-5.01166,0,0,-5,-0.0796786,-0.00445758,-0.0116577,0.0806501,0.0672144,0.00295341,0.0122773,0,0,0
1780640048639558,48.5662,-0.0801944,-0.00463164,-5.01178,0,0,-5,-0.0801944,-0.00463164,-0.0117798,0.0811872,0.066471,0.00258829,0.0131334,0,0,0
1780640048655558,48.5822,-0.0806308,-0.00478954,-5.01184,0,0,-5,-0.0806308,-0.00478954,-0.0118408,0.0816362,0.0666427,0.00342171,0.0134572,0,0,0
1780640048679558,48.6062,-0.0811138,-0.00501623,-5.01196,0,0,-5,-0.0811138,-0.00501623,-0.0119629,0.0821445,0.0678433,0.00130088,0.0128306,0,0,0
1780640048703558,48.6302,-0.0814308,-0.0052619,-5.01202,0,0,-5,-0.0814308,-0.0052619,-0.0120239,0.0824818,0.0661739,0.00129913,0.0129181,0,0,0
1780640048719558,48.6462,-0.0815828,-0.00541747,-5.01208,0,0,-5,-0.0815828,-0.00541747,-0.012085,0.0826508,0.0647693,0.00106914,0.012064,0,0,0
1780640048743558,48.6702,-0.0817112,-0.00562652,-5.01215,0,0,-5,-0.0817112,-0.00562652,-0.012146,0.0828004,0.0636289,0.0017532,0.0123798,0,0,0
1780640048759738,48.6864,-0.0817407,-0.00575325,-5.01215,0,0,-5,-0.0817407,-0.00575325,-0.012146,0.0828382,0.0624607,0.00178872,0.0136894,0,0,0
1780640048783738,48.7104,-0.0817072,-0.00593423,-5.01215,0,0,-5,-0.0817072,-0.00593423,-0.012146,0.0828179,0.0622151,0.00253857,0.0141402,0,0,0
1780640048799738,48.7264,-0.0816101,-0.00603211,-5.01212,0,0,-5,-0.0816101,-0.00603211,-0.0121155,0.0827247,0.0624244,0.00304151,0.0147543,0,0,0
1780640048823738,48.7504,-0.0813526,-0.00615028,-5.01205,0,0,-5,-0.0813526,-0.00615028,-0.0120544,0.0824705,0.0636137,0.00514761,0.0146328,0,0,0
1780640048839738,48.7664,-0.0811189,-0.00618264,-5.01199,0,0,-5,-0.0811189,-0.00618264,-0.0119934,0.0822334,0.0634974,0.00608071,0.0139519,0,0,0
1780640048863738,48.7904,-0.0806652,-0.00622184,-5.01193,0,0,-5,-0.0806652,-0.00622184,-0.0119324,0.08178,0.0644995,0.00562645,0.0127932,0,0,0
1780640048879738,48.8064,-0.0803032,-0.00624762,-5.01187,0,0,-5,-0.0803032,-0.00624762,-0.0118713,0.081416,0.0640637,0.00504306,0.0133216,0,0,0
1780640048903738,48.8304,-0.0796821,-0.00628443,-5.01175,0,0,-5,-0.0796821,-0.00628443,-0.0117493,0.0807885,0.0648787,0.00496659,0.0118781,0,0,0
1780640048919738,48.8464,-0.079214,-0.00629477,-5.01169,0,0,-5,-0.079214,-0.00629477,-0.0116882,0.0803187,0.0642531,0.00551539,0.0108833,0,0,0
1780640048943738,48.8704,-0.0784459,-0.00629487,-5.01157,0,0,-5,-0.0784459,-0.00629487,-0.0115662,0.0795435,0.0649958,0.00513558,0.0112123,0,0,0
1780640048959738,48.8864,-0.0778776,-0.00630341,-5.01151,0,0,-5,-0.0778776,-0.00630341,-0.0115051,0.0789748,0.0660852,0.00452061,0.0117013,0,0,0
1780640048983738,48.9104,-0.0780724,-0.00618564,-5.01172,0,0,-5,-0.0780724,-0.00618564,-0.0117188,0.079189,0.065667,0.00508686,0.0113908,0,0,0
1780640048999738,48.9264,-0.0784849,-0.00605476,-5.01196,0,0,-5,-0.0784849,-0.00605476,-0.0119629,0.0796219,0.0660444,0.00658917,0.0113009,0,0,0
1780640049023738,48.9504,-0.0789395,-0.00581924,-5.01227,0,0,-5,-0.0789395,-0.00581924,-0.0122681,0.0800987,0.0662939,0.00877937,0.0113279,0,0,0
1780640049039738,48.9664,-0.0791445,-0.00564307,-5.01239,0,0,-5,-0.0791445,-0.00564307,-0.0123901,0.080307,0.0668866,0.00917208,0.0116883,0,0,0
1780640049063738,48.9904,-0.0792975,-0.00537286,-5.01257,0,0,-5,-0.0792975,-0.00537286,-0.0125732,0.0804677,0.0673449,0.0101612,0.0113994,0,0,0
1780640049079738,49.0064,-0.079324,-0.00518105,-5.01266,0,0,-5,-0.079324,-0.00518105,-0.0126648,0.0804956,0.0666911,0.0102834,0.0127289,0,0,0
1780640049103738,49.0304,-0.0792719,-0.00490606,-5.01276,0,0,-5,-0.0792719,-0.00490606,-0.0127563,0.0804415,0.0651367,0.00961185,0.0135168,0,0,0
1780640049119738,49.0464,-0.079184,-0.00471726,-5.01279,0,0,-5,-0.079184,-0.00471726,-0.0127869,0.0803484,0.0650059,0.0107482,0.0118131,0,0,0
1780640049143738,49.0704,-0.0789359,-0.00442788,-5.01285,0,0,-5,-0.0789359,-0.00442788,-0.0128479,0.0800971,0.065849,0.0105834,0.0109848,0,0,0
1780640049159738,49.0864,-0.0787,-0.0042428,-5.01288,0,0,-5,-0.0787,-0.0042428,-0.0128784,0.0798595,0.0662877,0.010093,0.0103744,0,0,0
1780640049183738,49.1104,-0.0782641,-0.00397553,-5.01291,0,0,-5,-0.0782641,-0.00397553,-0.0129089,0.0794211,0.0650357,0.0107452,0.0103013,0,0,0
1780640049199738,49.1264,-0.0779423,-0.00379764,-5.01291,0,0,-5,-0.0779423,-0.00379764,-0.0129089,0.0790952,0.064545,0.00916907,0.0103894,0,0,0
1780640049223738,49.1504,-0.0773814,-0.00358064,-5.01288,0,0,-5,-0.0773814,-0.00358064,-0.0128784,0.0785274,0.0646611,0.00761532,0.0095566,0,0,0
1780640049239738,49.1664,-0.0769636,-0.00344649,-5.01288,0,0,-5,-0.0769636,-0.00344649,-0.0128784,0.0781097,0.0642363,0.00719233,0.010647,0,0,0
1780640049263738,49.1904,-0.076263,-0.00324419,-5.01282,0,0,-5,-0.076263,-0.00324419,-0.0128174,0.0774007,0.0648079,0.00793035,0.0105895,0,0,0
1780640049279738,49.2064,-0.0757385,-0.00310272,-5.01276,0,0,-5,-0.0757385,-0.00310272,-0.0127563,0.0768679,0.0651809,0.00736786,0.0116904,0,0,0
1780640049303738,49.2304,-0.074891,-0.00289971,-5.01266,0,0,-5,-0.074891,-0.00289971,-0.0126648,0.0760097,0.0648417,0.00722357,0.0116389,0,0,0
1780640049319738,49.2464,-0.0742875,-0.00277387,-5.01257,0,0,-5,-0.0742875,-0.00277387,-0.0125732,0.0753951,0.0645553,0.00602365,0.0108153,0,0,0
1780640049343738,49.2704,-0.0733356,-0.00262072,-5.01245,0,0,-5,-0.0733356,-0.00262072,-0.0124512,0.0744313,0.0645243,0.00530271,0.010903,0,0,0
1780640049359738,49.2864,-0.0726602,-0.00251721,-5.01239,0,0,-5,-0.0726602,-0.00251721,-0.0123901,0.073752,0.0648657,0.00470052,0.0099155,0,0,0
1780640049383738,49.3104,-0.0726494,-0.00243745,-5.01254,0,0,-5,-0.0726494,-0.00243745,-0.0125427,0.0737645,0.0628155,0.00455124,0.0103806,0,0,0
1780640049399738,49.3264,-0.0729212,-0.00241491,-5.0127,0,0,-5,-0.0729212,-0.00241491,-0.0126953,0.0740574,0.0629892,0.00357453,0.0107814,0,0,0
1780640049423738,49.3504,-0.0731868,-0.00238646,-5.01288,0,0,-5,-0.0731868,-0.00238646,-0.0128784,0.0743495,0.0628293,0.00354612,0.0114654,0,0,0
1780640049439738,49.3664,-0.0732844,-0.00236463,-5.01297,0,0,-5,-0.0732844,-0.00236463,-0.01297,0.0744609,0.0630546,0.00346109,0.0107921,0,0,0
1780640049463738,49.3904,-0.0733043,-0.00231726,-5.01309,0,0,-5,-0.0733043,-0.00231726,-0.013092,0.0745002,0.06337,0.0042725,0.0104678,0,0,0
1780640049479738,49.4064,-0.07322,-0.00227753,-5.01312,0,0,-5,-0.07322,-0.00227753,-0.0131226,0.0744215,0.0638354,0.00297567,0.0116226,0,0,0
1780640049503738,49.4304,-0.0729864,-0.00224173,-5.01312,0,0,-5,-0.0729864,-0.00224173,-0.0131226,0.0741906,0.0639739,0.00201829,0.0118731,0,0,0
1780640049519738,49.4464,-0.0727642,-0.00222669,-5.01315,0,0,-5,-0.0727642,-0.00222669,-0.0131531,0.073977,0.0642827,0.00222061,0.0112354,0,0,0
1780640049543738,49.4704,-0.0723522,-0.00221583,-5.01312,0,0,-5,-0.0723522,-0.00221583,-0.0131226,0.0735659,0.0631845,0.00103449,0.0131282,0,0,0
1780640049559738,49.4864,-0.0720277,-0.0022197,-5.01306,0,0,-5,-0.0720277,-0.0022197,-0.0130615,0.0732361,0.0636708,0.00119763,0.0131761,0,0,0
1780640049583738,49.5104,-0.0714757,-0.00221079,-5.013,0,0,-5,-0.0714757,-0.00221079,-0.0130005,0.072682,0.0618015,0.00101966,0.0140694,0,0,0
1780640049599738,49.5264,-0.071065,-0.00221822,-5.01294,0,0,-5,-0.071065,-0.00221822,-0.0129395,0.0722674,0.0627562,0.000386395,0.0143267,0,0,0
1780640049623738,49.5504,-0.0703535,-0.00225628,-5.01282,0,0,-5,-0.0703535,-0.00225628,-0.0128174,0.0715471,0.0618026,-0.000507743,0.0134236,0,0,0
1780640049639738,49.5664,-0.0698528,-0.00228622,-5.01273,0,0,-5,-0.0698528,-0.00228622,-0.0127258,0.0710393,0.0611358,-0.000796054,0.0127247,0,0,0
1780640049663738,49.5904,-0.0690522,-0.00233827,-5.01263,0,0,-5,-0.0690522,-0.00233827,-0.0126343,0.0702375,0.060274,-0.00133079,0.0142993,0,0,0
1780640049679738,49.6064,-0.0684815,-0.00237918,-5.01251,0,0,-5,-0.0684815,-0.00237918,-0.0125122,0.0696558,0.0609372,-0.000995864,0.0148292,0,0,0
1780640049703738,49.6304,-0.0675363,-0.00242457,-5.01236,0,0,-5,-0.0675363,-0.00242457,-0.0123596,0.0687007,0.0618,-0.000646322,0.0157182,0,0,0
1780640049719738,49.6464,-0.066872,-0.00245439,-5.01221,0,0,-5,-0.066872,-0.00245439,-0.012207,0.0680214,0.0617953,-0.00109832,0.0158484,0,0,0
1780640049735738,49.6624,-0.0661848,-0.00249824,-5.01208,0,0,-5,-0.0661848,-0.00249824,-0.012085,0.0673254,0.0615136,-0.00203432,0.0151405,0,0,0
1780640049759923,49.6866,-0.0650997,-0.00256288,-5.0119,0,0,-5,-0.0650997,-0.00256288,-0.0119019,0.0662284,0.061764,-0.00233806,0.0147167,0,0,0
1780640049783923,49.7106,-0.064537,-0.00253596,-5.01193,0,0,-5,-0.064537,-0.00253596,-0.0119324,0.0656798,0.0630575,-0.00138604,0.0139974,0,0,0
1780640049799923,49.7266,-0.0642704,-0.00248383,-5.01205,0,0,-5,-0.0642704,-0.00248383,-0.0120544,0.0654382,0.0636204,-0.00225283,0.0120108,0,0,0
1780640049823923,49.7506,-0.0637709,-0.00245814,-5.01218,0,0,-5,-0.0637709,-0.00245814,-0.0121765,0.0649695,0.0636285,-0.00445043,0.0124388,0,0,0
1780640049839923,49.7666,-0.0633811,-0.00246019,-5.01224,0,0,-5,-0.0633811,-0.00246019,-0.0122375,0.0645986,0.0639704,-0.00454927,0.0129212,0,0,0
1780640049863923,49.7906,-0.0627253,-0.00247479,-5.01233,0,0,-5,-0.0627253,-0.00247479,-0.0123291,0.0639734,0.0638287,-0.00547861,0.0122195,0,0,0
1780640049879923,49.8066,-0.0622373,-0.00249694,-5.01236,0,0,-5,-0.0622373,-0.00249694,-0.0123596,0.0635018,0.0637086,-0.00499882,0.01217,0,0,0
1780640049895923,49.8226,-0.0617103,-0.00251699,-5.01239,0,0,-5,-0.0617103,-0.00251699,-0.0123901,0.0629921,0.0642714,-0.00541929,0.0127375,0,0,0
1780640049919923,49.8466,-0.0608371,-0.00255575,-5.01239,0,0,-5,-0.0608371,-0.00255575,-0.0123901,0.0621386,0.0655738,-0.00539208,0.0133998,0,0,0
1780640049943923,49.8706,-0.0598759,-0.00263302,-5.01236,0,0,-5,-0.0598759,-0.00263302,-0.0123596,0.0611949,0.0651843,-0.00697091,0.0134684,0,0,0
1780640049959923,49.8866,-0.0592031,-0.002693,-5.01233,0,0,-5,-0.0592031,-0.002693,-0.0123291,0.0605331,0.0656217,-0.00681595,0.0134384,0,0,0
1780640049983923,49.9106,-0.058155,-0.00281622,-5.01227,0,0,-5,-0.058155,-0.00281622,-0.0122681,0.0595016,0.0643881,-0.00885077,0.0129622,0,0,0
1780640049999923,49.9266,-0.057432,-0.00292092,-5.01224,0,0,-5,-0.057432,-0.00292092,-0.0122375,0.0587939,0.0645013,-0.00942997,0.0139333,0,0,0
1780640050023923,49.9506,-0.0563076,-0.00310494,-5.01215,0,0,-5,-0.0563076,-0.00310494,-0.012146,0.0576864,0.0641393,-0.0106001,0.0128179,0,0,0
1780640050039923,49.9666,-0.0555157,-0.00323615,-5.01208,0,0,-5,-0.0555157,-0.00323615,-0.012085,0.056908,0.0638279,-0.0100065,0.0118919,0,0,0
1780640050063923,49.9906,-0.0543138,-0.00342627,-5.01205,0,0,-5,-0.0543138,-0.00342627,-0.0120544,0.0557408,0.0624368,-0.0100712,0.0102277,0,0,0
1780640050079923,50.0066,-0.0534939,-0.0035554,-5.01199,0,0,-5,-0.0534939,-0.0035554,-0.0119934,0.0549371,0.0631653,-0.00996961,0.010332,0,0,0
1780640050095923,50.0226,-0.052649,-0.0036734,-5.01193,0,0,-5,-0.052649,-0.0036734,-0.0119324,0.0541091,0.0633357,-0.00877454,0.0103436,0,0,0
1780640050119923,50.0466,-0.0513182,-0.00384271,-5.01181,0,0,-5,-0.0513182,-0.00384271,-0.0118103,0.0527997,0.0649801,-0.00878184,0.0120427,0,0,0
1780640050143923,50.0706,-0.0499412,-0.00401142,-5.01163,0,0,-5,-0.0499412,-0.00401142,-0.0116272,0.0514336,0.064245,-0.00824024,0.011375,0,0,0
1780640050159923,50.0866,-0.0490082,-0.00411715,-5.01154,0,0,-5,-0.0490082,-0.00411715,-0.0115356,0.0505156,0.0648093,-0.00768426,0.0110107,0,0,0
1780640050175923,50.1026,-0.0482316,-0.00377116,-5.01151,0,0,-5,-0.0482316,-0.00377116,-0.0115051,0.049728,0.0650052,-0.00789624,0.0110792,0,0,0
1780640050199923,50.1266,-0.0472927,-0.00265158,-5.01151,0,0,-5,-0.0472927,-0.00265158,-0.0115051,0.0487442,0.0637076,-0.00730251,0.010849,0,0,0
1780640050215923,50.1426,-0.0466417,-0.00193557,-5.01151,0,0,-5,-0.0466417,-0.00193557,-0.0115051,0.0480787,0.063483,-0.00550334,0.0110519,0,0,0
1780640050239923,50.1666,-0.0456097,-0.00090576,-5.01147,0,0,-5,-0.0456097,-0.00090576,-0.0114746,0.0470397,0.0639581,-0.00497891,0.0105883,0,0,0
1780640050263923,50.1906,-0.044522,5.31201e-05,-5.01144,0,0,-5,-0.044522,5.31201e-05,-0.0114441,0.0459693,0.0633286,-0.00403657,0.0114877,0,0,0
1780640050279923,50.2066,-0.0437863,0.000662367,-5.01138,0,0,-5,-0.0437863,0.000662367,-0.0113831,0.0452466,0.0617932,-0.00362413,0.0110183,0,0,0
1780640050303923,50.2306,-0.0426707,0.00151489,-5.01129,0,0,-5,-0.0426707,0.00151489,-0.0112915,0.0441654,0.0608273,-0.00327297,0.0116773,0,0,0
1780640050319923,50.2466,-0.0419064,0.00205276,-5.0112,0,0,-5,-0.0419064,0.00205276,-0.0112,0.0434258,0.0604364,-0.00262015,0.0114397,0,0,0
1780640050343923,50.2706,-0.0407467,0.00283159,-5.01105,0,0,-5,-0.0407467,0.00283159,-0.0110474,0.0423125,0.0590638,-0.000587748,0.0129805,0,0,0
1780640050359923,50.2866,-0.0399633,0.00334186,-5.01093,0,0,-5,-0.0399633,0.00334186,-0.0109253,0.0415644,0.0590975,1.74475e-05,0.0118667,0,0,0
1780640050383923,50.3106,-0.0387578,0.00406301,-5.01071,0,0,-5,-0.0387578,0.00406301,-0.0107117,0.0404155,0.0576753,0.000365119,0.0119648,0,0,0
1780640050399923,50.3266,-0.0379793,0.00453009,-5.01059,0,0,-5,-0.0379793,0.00453009,-0.0105896,0.0396874,0.0564856,3.74422e-05,0.0120967,0,0,0
1780640050423923,50.3506,-0.0367925,0.00518039,-5.01038,0,0,-5,-0.0367925,0.00518039,-0.010376,0.0385771,0.0564225,0.000357279,0.0122695,0,0,0
1780640050439923,50.3666,-0.035985,0.00559337,-5.01022,0,0,-5,-0.035985,0.00559337,-0.0102234,0.0378249,0.0563561,0.000668234,0.0118858,0,0,0
1780640050463923,50.3906,-0.0347536,0.00618187,-5.01004,0,0,-5,-0.0347536,0.00618187,-0.0100403,0.0366992,0.0554003,-0.000552071,0.0116902,0,0,0
1780640050479923,50.4066,-0.0339292,0.00655048,-5.00989,0,0,-5,-0.0339292,0.00655048,-0.0098877,0.0359426,0.0544736,0.000398674,0.0123131,0,0,0
1780640050503923,50.4306,-0.0326795,0.00709344,-5.00967,0,0,-5,-0.0326795,0.00709344,-0.00967407,0.0348117,0.0548719,0.00112952,0.0113001,0,0,0
1780640050519923,50.4466,-0.0318242,0.00744866,-5.00952,0,0,-5,-0.0318242,0.00744866,-0.00952148,0.0340429,0.054869,0.00160289,0.0100287,0,0,0
1780640050543923,50.4706,-0.0305516,0.00794159,-5.00934,0,0,-5,-0.0305516,0.00794159,-0.00933838,0.0329192,0.0532742,0.000681281,0.00865401,0,0,0
1780640050559923,50.4866,-0.0296995,0.00824992,-5.00922,0,0,-5,-0.0296995,0.00824992,-0.00921631,0.0321724,0.0538991,0.00113382,0.00846326,0,0,0
1780640050583923,50.5106,-0.0290153,0.00892819,-5.00937,0,0,-5,-0.0290153,0.00892819,-0.0093689,0.0317706,0.0541885,-0.000338478,0.00839135,0,0,0
1780640050599923,50.5266,-0.0287274,0.00941432,-5.00961,0,0,-5,-0.0287274,0.00941432,-0.00961304,0.0317223,0.0536174,-0.000957693,0.00824032,0,0,0
1780640050623923,50.5506,-0.0282503,0.010126,-5.00992,0,0,-5,-0.0282503,0.010126,-0.00991821,0.0316067,0.0522847,0.000393074,0.00928401,0,0,0
1780640050639923,50.5666,-0.0279049,0.0105761,-5.01007,0,0,-5,-0.0279049,0.0105761,-0.0100708,0.0314953,0.052189,-0.000111119,0.00892247,0,0,0
1780640050663923,50.5906,-0.0273473,0.0111841,-5.01028,0,0,-5,-0.0273473,0.0111841,-0.0102844,0.0312846,0.0512904,-0.00142637,0.00844269,0,0,0
1780640050679923,50.6066,-0.0269279,0.0115499,-5.01038,0,0,-5,-0.0269279,0.0115499,-0.010376,0.0310833,0.0518465,-0.00172918,0.00841265,0,0,0
1780640050703923,50.6306,-0.0262473,0.0120469,-5.01053,0,0,-5,-0.0262473,0.0120469,-0.0105286,0.0307392,0.0522168,-0.00391114,0.00691179,0,0,0
1780640050719923,50.6466,-0.0257707,0.0123231,-5.01062,0,0,-5,-0.0257707,0.0123231,-0.0106201,0.0304758,0.0499422,-0.00454365,0.00774579,0,0,0
1780640050743923,50.6706,-0.0250443,0.0127098,-5.01077,0,0,-5,-0.0250443,0.0127098,-0.0107727,0.03008,0.0494696,-0.00405633,0.00836058,0,0,0
1780640050759923,50.6866,-0.0245413,0.0129489,-5.01083,0,0,-5,-0.0245413,0.0129489,-0.0108337,0.0297879,0.0492647,-0.0051895,0.00711406,0,0,0
1780640050784109,50.7107,-0.0237331,0.013285,-5.01096,0,0,-5,-0.0237331,0.013285,-0.0109558,0.029322,0.0496687,-0.00367775,0.00690034,0,0,0
1780640050800109,50.7267,-0.0231764,0.013491,-5.01102,0,0,-5,-0.0231764,0.013491,-0.0110168,0.0289918,0.0491688,-0.00477947,0.00764036,0,0,0
1780640050824109,50.7507,-0.0223245,0.0137498,-5.01111,0,0,-5,-0.0223245,0.0137498,-0.0111084,0.0284752,0.0475475,-0.0060256,0.0103807,0,0,0
1780640050840109,50.7667,-0.0217488,0.0138949,-5.01114,0,0,-5,-0.0217488,0.0138949,-0.0111389,0.0281097,0.0468583,-0.00579624,0.00978054,0,0,0
1780640050864109,50.7907,-0.0208704,0.0140973,-5.01114,0,0,-5,-0.0208704,0.0140973,-0.0111389,0.0275388,0.0462323,-0.00645544,0.00994369,0,0,0
1780640050880109,50.8067,-0.0202829,0.0141908,-5.01111,0,0,-5,-0.0202829,0.0141908,-0.0111084,0.0271325,0.0451593,-0.00782118,0.010245,0,0,0
1780640050904109,50.8307,-0.019415,0.0142988,-5.01102,0,0,-5,-0.019415,0.0142988,-0.0110168,0.0265098,0.0446662,-0.00834162,0.0111122,0,0,0
1780640050920109,50.8467,-0.0188125,0.0143508,-5.01093,0,0,-5,-0.0188125,0.0143508,-0.0109253,0.0260618,0.0456711,-0.0087469,0.0115566,0,0,0
1780640050944109,50.8707,-0.0178877,0.0144135,-5.0108,0,0,-5,-0.0178877,0.0144135,-0.0108032,0.0253856,0.0451063,-0.00744394,0.0116035,0,0,0
1780640050960109,50.8867,-0.0172562,0.014458,-5.01068,0,0,-5,-0.0172562,0.014458,-0.0106812,0.0249178,0.0442627,-0.00746381,0.0114229,0,0,0
1780640050984109,50.9107,-0.0168725,0.0151087,-5.01074,0,0,-5,-0.0168725,0.0151087,-0.0107422,0.0250669,0.042526,-0.00680215,0.011861,0,0,0
1780640051000109,50.9267,-0.0167755,0.0156955,-5.01086,0,0,-5,-0.0167755,0.0156955,-0.0108643,0.0254126,0.042601,-0.00793431,0.0112486,0,0,0
1780640051024109,50.9507,-0.0165845,0.0164893,-5.01099,0,0,-5,-0.0165845,0.0164893,-0.0109863,0.0258388,0.0399981,-0.00863339,0.00990975,0,0,0
1780640051040109,50.9667,-0.0164536,0.0169627,-5.01102,0,0,-5,-0.0164536,0.0169627,-0.0110168,0.0260735,0.0392273,-0.00965342,0.0106524,0,0,0
1780640051064109,50.9907,-0.0162148,0.0175978,-5.01108,0,0,-5,-0.0162148,0.0175978,-0.0110779,0.026369,0.0386526,-0.0106607,0.010648,0,0,0
1780640051080109,51.0067,-0.0160253,0.0179789,-5.01108,0,0,-5,-0.0160253,0.0179789,-0.0110779,0.0265098,0.0381244,-0.00974752,0.0111721,0,0,0
1780640051104109,51.0307,-0.015694,0.0185088,-5.01114,0,0,-5,-0.015694,0.0185088,-0.0111389,0.0267011,0.0386473,-0.0104673,0.00947099,0,0,0
1780640051120109,51.0467,-0.0154491,0.0188211,-5.01117,0,0,-5,-0.0154491,0.0188211,-0.0111694,0.0267893,0.037328,-0.0105945,0.00864494,0,0,0
1780640051144109,51.0707,-0.0150536,0.0192286,-5.01123,0,0,-5,-0.0150536,0.0192286,-0.0112305,0.0268788,0.0366846,-0.0108457,0.00954821,0,0,0
1780640051160109,51.0867,-0.0147785,0.019485,-5.01123,0,0,-5,-0.0147785,0.019485,-0.0112305,0.0269108,0.0358748,-0.010219,0.0104012,0,0,0
1780640051176109,51.1027,-0.0145026,0.0197206,-5.0112,0,0,-5,-0.0145026,0.0197206,-0.0112,0.0269196,0.0351372,-0.0111225,0.0106183,0,0,0
1780640051200109,51.1267,-0.0140794,0.020041,-5.01114,0,0,-5,-0.0140794,0.020041,-0.0111389,0.0269063,0.0344079,-0.0105512,0.0121081,0,0,0
1780640051224109,51.1507,-0.0136499,0.0203153,-5.01099,0,0,-5,-0.0136499,0.0203153,-0.0109863,0.0268278,0.0324018,-0.0110909,0.0127325,0,0,0
1780640051240109,51.1667,-0.0133563,0.0204593,-5.01089,0,0,-5,-0.0133563,0.0204593,-0.0108948,0.026752,0.0319272,-0.0123511,0.0128381,0,0,0
1780640051256109,51.1827,-0.013056,0.0205812,-5.01077,0,0,-5,-0.013056,0.0205812,-0.0107727,0.0266476,0.0313171,-0.0129595,0.012068,0,0,0
1780640051280109,51.2067,-0.012596,0.0207105,-5.01062,0,0,-5,-0.012596,0.0207105,-0.0106201,0.0264645,0.0299455,-0.0141406,0.0113416,0,0,0
1780640051304109,51.2307,-0.0121436,0.0207972,-5.01044,0,0,-5,-0.0121436,0.0207972,-0.010437,0.0262473,0.0281496,-0.013679,0.0118813,0,0,0
1780640051320109,51.2467,-0.011844,0.0208515,-5.01031,0,0,-5,-0.011844,0.0208515,-0.0103149,0.0261049,0.0285363,-0.0122227,0.012633,0,0,0
1780640051344109,51.2707,-0.0113936,0.0209307,-5.01007,0,0,-5,-0.0113936,0.0209307,-0.0100708,0.0258714,0.027686,-0.0125858,0.0124109,0,0,0
1780640051360109,51.2867,-0.011076,0.0209683,-5.00992,0,0,-5,-0.011076,0.0209683,-0.00991821,0.0257044,0.028594,-0.0118414,0.0126631,0,0,0
1780640051384109,51.3107,-0.0107879,0.0222545,-5.0098,0,0,-5,-0.0107879,0.0222545,-0.00979614,0.0266009,0.0295203,-0.0128646,0.0129961,0,0,0
1780640051400109,51.3267,-0.0106504,0.0234377,-5.00974,0,0,-5,-0.0106504,0.0234377,-0.00973511,0.0275233,0.0287463,-0.0136012,0.0140259,0,0,0
1780640051424109,51.3507,-0.0104171,0.0250746,-5.00961,0,0,-5,-0.0104171,0.0250746,-0.00961304,0.0288039,0.0284953,-0.0123892,0.0130779,0,0,0
1780640051440109,51.3667,-0.0102404,0.0261081,-5.00955,0,0,-5,-0.0102404,0.0261081,-0.009552,0.0296267,0.0278145,-0.0121176,0.0132278,0,0,0
1780640051464109,51.3907,-0.00998511,0.027555,-5.0094,0,0,-5,-0.00998511,0.027555,-0.00939941,0.0307788,0.0250452,-0.0117823,0.0132507,0,0,0
1780640051480109,51.4067,-0.00982334,0.0284527,-5.00928,0,0,-5,-0.00982334,0.0284527,-0.00927734,0.031498,0.0247797,-0.0112269,0.0128338,0,0,0
1780640051504109,51.4307,-0.00955693,0.0297197,-5.00912,0,0,-5,-0.00955693,0.0297197,-0.00912476,0.0325247,0.0233801,-0.0113462,0.0118612,0,0,0
1780640051520109,51.4467,-0.00937457,0.0305018,-5.00903,0,0,-5,-0.00937457,0.0305018,-0.0090332,0.0331638,0.023804,-0.0102872,0.00983084,0,0,0
1780640051544109,51.4707,-0.00908898,0.0316265,-5.00888,0,0,-5,-0.00908898,0.0316265,-0.00888062,0.0340839,0.0221587,-0.00941382,0.00952773,0,0,0
1780640051560109,51.4867,-0.00888363,0.0323319,-5.00879,0,0,-5,-0.00888363,0.0323319,-0.00878906,0.0346629,0.0229601,-0.00895742,0.00912878,0,0,0
1780640051584109,51.5107,-0.00853169,0.0333075,-5.00867,0,0,-5,-0.00853169,0.0333075,-0.00866699,0.0354583,0.0231548,-0.00944429,0.00990418,0,0,0
1780640051600109,51.5267,-0.00829083,0.0338974,-5.00854,0,0,-5,-0.00829083,0.0338974,-0.00854492,0.0359276,0.0222244,-0.010485,0.0101667,0,0,0
1780640051624109,51.5507,-0.00789475,0.0347116,-5.00836,0,0,-5,-0.00789475,0.0347116,-0.00836182,0.036567,0.0216349,-0.0111443,0.00898869,0,0,0
1780640051640109,51.5667,-0.00761704,0.0352004,-5.00824,0,0,-5,-0.00761704,0.0352004,-0.00823975,0.0369457,0.0225935,-0.0107937,0.0102149,0,0,0
1780640051664109,51.5907,-0.00716522,0.0358846,-5.00803,0,0,-5,-0.00716522,0.0358846,-0.00802612,0.0374629,0.0226226,-0.0108023,0.011737,0,0,0
1780640051680109,51.6067,-0.00686731,0.0363037,-5.00784,0,0,-5,-0.00686731,0.0363037,-0.00784302,0.0377708,0.0215354,-0.0108325,0.0130992,0,0,0
1780640051704109,51.6307,-0.0064234,0.0368616,-5.00751,0,0,-5,-0.0064234,0.0368616,-0.00750732,0.0381628,0.0220173,-0.0113119,0.0142668,0,0,0
1780640051720109,51.6467,-0.00610577,0.0372004,-5.00726,0,0,-5,-0.00610577,0.0372004,-0.00726318,0.0383915,0.0221583,-0.0116986,0.0148277,0,0,0
1780640051744109,51.6707,-0.00561242,0.0376221,-5.00693,0,0,-5,-0.00561242,0.0376221,-0.00692749,0.0386641,0.022436,-0.0136518,0.0138568,0,0,0
1780640051760109,51.6867,-0.00524874,0.0378578,-5.00668,0,0,-5,-0.00524874,0.0378578,-0.00668335,0.0387999,0.0230891,-0.0154256,0.0141249,0,0,0
1780640051784109,51.7107,-0.00525804,0.0391077,-5.00656,0,0,-5,-0.00525804,0.0391077,-0.00656128,0.0400014,0.0223464,-0.0151138,0.0138254,0,0,0
1780640051800298,51.7269,-0.00544721,0.0401899,-5.00656,0,0,-5,-0.00544721,0.0401899,-0.00656128,0.0410846,0.0210728,-0.0156145,0.0129168,0,0,0
1780640051824298,51.7509,-0.00569931,0.0416704,-5.00659,0,0,-5,-0.00569931,0.0416704,-0.0065918,0.0425717,0.0200331,-0.0165513,0.0108629,0,0,0
1780640051840298,51.7669,-0.00583785,0.0425663,-5.00662,0,0,-5,-0.00583785,0.0425663,-0.00662231,0.0434721,0.0200429,-0.0173148,0.00964536,0,0,0
1780640051864298,51.7909,-0.00600034,0.0437957,-5.00668,0,0,-5,-0.00600034,0.0437957,-0.00668335,0.0447072,0.0190396,-0.0173534,0.00918642,0,0,0
1780640051880298,51.8069,-0.00609058,0.0445384,-5.00674,0,0,-5,-0.00609058,0.0445384,-0.00674438,0.045456,0.018596,-0.0184063,0.00796706,0,0,0
1780640051904298,51.8309,-0.00620458,0.0455397,-5.00681,0,0,-5,-0.00620458,0.0455397,-0.00680542,0.0464615,0.0158854,-0.0190063,0.00802577,0,0,0
1780640051920298,51.8469,-0.00628402,0.0461464,-5.00684,0,0,-5,-0.00628402,0.0461464,-0.00683594,0.0470713,0.0155676,-0.0189692,0.00744268,0,0,0
1780640051944298,51.8709,-0.00634334,0.0469748,-5.00687,0,0,-5,-0.00634334,0.0469748,-0.00686646,0.047896,0.0162539,-0.0184679,0.00755515,0,0,0
1780640051960298,51.8869,-0.0063661,0.0474828,-5.0069,0,0,-5,-0.0063661,0.0474828,-0.00689697,0.0484015,0.0155602,-0.0185021,0.00858931,0,0,0
1780640051984298,51.9109,-0.00639647,0.0481479,-5.0069,0,0,-5,-0.00639647,0.0481479,-0.00689697,0.0490581,0.0134053,-0.020994,0.0083646,0,0,0
1780640052000298,51.9269,-0.00641156,0.0485124,-5.00693,0,0,-5,-0.00641156,0.0485124,-0.00692749,0.0494221,0.0132663,-0.0220933,0.00735303,0,0,0
1780640052016298,51.9429,-0.00642109,0.0488313,-5.00696,0,0,-5,-0.00642109,0.0488313,-0.00695801,0.0497407,0.0122932,-0.0222874,0.00713574,0,0,0
1780640052040298,51.9669,-0.00645889,0.0492521,-5.00702,0,0,-5,-0.00645889,0.0492521,-0.00701904,0.0501673,0.00915495,-0.0217322,0.00728491,0,0,0
1780640052064298,51.9909,-0.00651807,0.0496163,-5.00708,0,0,-5,-0.00651807,0.0496163,-0.00708008,0.0505409,0.00864682,-0.0217013,0.0056809,0,0,0
1780640052080298,52.0069,-0.00654371,0.0498266,-5.00714,0,0,-5,-0.00654371,0.0498266,-0.00714111,0.0507593,0.0082589,-0.0211044,0.00441514,0,0,0
1780640052104298,52.0309,-0.00657957,0.0500862,-5.00723,0,0,-5,-0.00657957,0.0500862,-0.00723267,0.0510317,0.00721406,-0.0211825,0.00320087,0,0,0
1780640052120298,52.0469,-0.00658675,0.0502281,-5.00729,0,0,-5,-0.00658675,0.0502281,-0.0072937,0.0511806,0.00845778,-0.0212432,0.00171991,0,0,0
1780640052136298,52.0629,-0.00657245,0.0503313,-5.00729,0,0,-5,-0.00657245,0.0503313,-0.0072937,0.05128,0.00872507,-0.0231106,0.00199005,0,0,0
1780640052160298,52.0869,-0.00652257,0.0503839,-5.00732,0,0,-5,-0.00652257,0.0503839,-0.00732422,0.0513296,0.00920115,-0.0244542,0.0028702,0,0,0
1780640052176298,52.1029,-0.00656256,0.0507126,-5.00748,0,0,-5,-0.00656256,0.0507126,-0.00747681,0.0516792,0.00935376,-0.0256724,0.00297328,0,0,0
1780640052200298,52.1269,-0.00675262,0.0516185,-5.00793,0,0,-5,-0.00675262,0.0516185,-0.00793457,0.0526595,0.00773147,-0.0245836,0.00384991,0,0,0
1780640052224298,52.1509,-0.00691359,0.0524005,-5.00836,0,0,-5,-0.00691359,0.0524005,-0.00836182,0.053512,0.00809534,-0.0256421,0.00261899,0,0,0
1780640052240298,52.1669,-0.00699867,0.0528515,-5.00864,0,0,-5,-0.00699867,0.0528515,-0.00863647,0.0540079,0.00805778,-0.0254236,0.00205798,0,0,0
1780640052256298,52.1829,-0.00707497,0.053266,-5.00888,0,0,-5,-0.00707497,0.053266,-0.00888062,0.0544627,0.00748044,-0.0254671,0.00252133,0,0,0
1780640052280298,52.2069,-0.00716206,0.0538037,-5.00919,0,0,-5,-0.00716206,0.0538037,-0.00918579,0.0550501,0.00790987,-0.0258126,0.00177762,0,0,0
1780640052296298,52.2229,-0.0071975,0.0540917,-5.00937,0,0,-5,-0.0071975,0.0540917,-0.0093689,0.0553669,0.00777707,-0.0279798,0.00102493,0,0,0
1780640052320298,52.2469,-0.00723883,0.0544007,-5.00964,0,0,-5,-0.00723883,0.0544007,-0.00964355,0.0557211,0.00700118,-0.0296719,0.00140155,0,0,0
1780640052336298,52.2629,-0.00725664,0.0545484,-5.00977,0,0,-5,-0.00725664,0.0545484,-0.00976562,0.0558888,0.00609651,-0.0316942,0.00127633,0,0,0
1780640052360298,52.2869,-0.0073213,0.0546697,-5.00992,0,0,-5,-0.0073213,0.0546697,-0.00991821,0.0560424,0.00390475,-0.0318786,0.00394292,0,0,0
1780640052384298,52.3109,-0.00737275,0.0547038,-5.01004,0,0,-5,-0.00737275,0.0547038,-0.0100403,0.0561041,0.0035954,-0.0335716,0.00361218,0,0,0
1780640052400298,52.3269,-0.00739372,0.0546609,-5.01007,0,0,-5,-0.00739372,0.0546609,-0.0100708,0.0560705,0.00440515,-0.0350345,0.00515703,0,0,0
1780640052424298,52.3509,-0.00738297,0.0545082,-5.01004,0,0,-5,-0.00738297,0.0545082,-0.0100403,0.0559148,0.00561093,-0.0369766,0.00785936,0,0,0
1780640052440298,52.3669,-0.00734726,0.0543533,-5.01001,0,0,-5,-0.00734726,0.0543533,-0.0100098,0.0557535,0.00650301,-0.0368271,0.00777192,0,0,0
1780640052456298,52.3829,-0.00730408,0.0541754,-5.00998,0,0,-5,-0.00730408,0.0541754,-0.00997925,0.0555689,0.00580189,-0.0373092,0.00701935,0,0,0
1780640052480298,52.4069,-0.00724808,0.0538516,-5.00992,0,0,-5,-0.00724808,0.0538516,-0.00991821,0.0552349,0.00531401,-0.0384693,0.00816429,0,0,0
1780640052504298,52.4309,-0.00717682,0.0534761,-5.00986,0,0,-5,-0.00717682,0.0534761,-0.00985718,0.0548485,0.00617997,-0.0384303,0.00808483,0,0,0
1780640052520298,52.4469,-0.00711483,0.0531965,-5.0098,0,0,-5,-0.00711483,0.0531965,-0.00979614,0.0545568,0.00587133,-0.0389279,0.00767276,0,0,0
1780640052544298,52.4709,-0.00702667,0.0527314,-5.00974,0,0,-5,-0.00702667,0.0527314,-0.00973511,0.0540809,0.00538394,-0.0392137,0.00886951,0,0,0
1780640052560298,52.4869,-0.00696232,0.0523954,-5.00967,0,0,-5,-0.00696232,0.0523954,-0.00967407,0.053734,0.00549347,-0.0393628,0.00837917,0,0,0
1780640052584298,52.5109,-0.00755382,0.0526869,-5.00977,0,0,-5,-0.00755382,0.0526869,-0.00976562,0.0541141,0.00441821,-0.0394574,0.0089374,0,0,0
1780640052600298,52.5269,-0.00815623,0.0530811,-5.00989,0,0,-5,-0.00815623,0.0530811,-0.0098877,0.0546067,0.00367725,-0.0402329,0.0093303,0,0,0
1780640052624298,52.5509,-0.00900826,0.0535356,-5.00998,0,0,-5,-0.00900826,0.0535356,-0.00997925,0.0551977,0.00409329,-0.0414023,0.0109616,0,0,0
1780640052640298,52.5669,-0.00952043,0.0537591,-5.01001,0,0,-5,-0.00952043,0.0537591,-0.0100098,0.0555057,0.00488967,-0.0423706,0.0107538,0,0,0
1780640052656298,52.5829,-0.00999293,0.0539163,-5.01001,0,0,-5,-0.00999293,0.0539163,-0.0100098,0.0557407,0.00489197,-0.0433793,0.0107785,0,0,0
1780640052680298,52.6069,-0.0106415,0.0540724,-5.01004,0,0,-5,-0.0106415,0.0540724,-0.0100403,0.0560167,0.00461529,-0.0434262,0.00956419,0,0,0
1780640052704298,52.6309,-0.0112278,0.0541069,-5.01004,0,0,-5,-0.0112278,0.0541069,-0.0100403,0.0561643,0.00442648,-0.0442268,0.00969417,0,0,0
1780640052720298,52.6469,-0.0115796,0.0540778,-5.01004,0,0,-5,-0.0115796,0.0540778,-0.0100403,0.0562077,0.00508406,-0.0442045,0.00908161,0,0,0
1780640052744298,52.6709,-0.0120663,0.0539745,-5.01001,0,0,-5,-0.0120663,0.0539745,-0.0100098,0.0562053,0.00406918,-0.0435338,0.00908212,0,0,0
1780640052760298,52.6869,-0.0123616,0.0538797,-5.00998,0,0,-5,-0.0123616,0.0538797,-0.00997925,0.0561731,0.00495969,-0.0427844,0.00867547,0,0,0
1780640052776298,52.7029,-0.0126187,0.0537682,-5.00992,0,0,-5,-0.0126187,0.0537682,-0.00991821,0.0561126,0.00484255,-0.0425788,0.010226,0,0,0
1780640052800485,52.7271,-0.01294,0.0535343,-5.00983,0,0,-5,-0.01294,0.0535343,-0.00982666,0.0559457,0.0065973,-0.0427007,0.0107854,0,0,0
1780640052824485,52.7511,-0.0131915,0.0532427,-5.00974,0,0,-5,-0.0131915,0.0532427,-0.00973511,0.0557097,0.00715149,-0.0425871,0.0102148,0,0,0
1780640052840485,52.7671,-0.013347,0.0530204,-5.00964,0,0,-5,-0.013347,0.0530204,-0.00964355,0.0555185,0.0065484,-0.0419291,0.0110034,0,0,0
1780640052864485,52.7911,-0.0135429,0.0526687,-5.00952,0,0,-5,-0.0135429,0.0526687,-0.00952148,0.0552092,0.00803156,-0.0408086,0.00911841,0,0,0
1780640052880485,52.8071,-0.0136282,0.0523996,-5.00943,0,0,-5,-0.0136282,0.0523996,-0.00942993,0.0549579,0.00904946,-0.041699,0.00891136,0,0,0
1780640052904485,52.8311,-0.0136992,0.0519639,-5.00931,0,0,-5,-0.0136992,0.0519639,-0.00930786,0.0545394,0.0106259,-0.0407851,0.00889423,0,0,0
1780640052920485,52.8471,-0.0137155,0.0516647,-5.00925,0,0,-5,-0.0137155,0.0516647,-0.00924683,0.0542482,0.0116811,-0.0406664,0.00781459,0,0,0
1780640052944485,52.8711,-0.0137014,0.0511815,-5.00912,0,0,-5,-0.0137014,0.0511815,-0.00912476,0.0537637,0.0121877,-0.0404517,0.00781196,0,0,0
1780640052960485,52.8871,-0.0136587,0.0508255,-5.00903,0,0,-5,-0.0136587,0.0508255,-0.0090332,0.0533984,0.0128794,-0.0417468,0.00754366,0,0,0
1780640052976485,52.9031,-0.0138313,0.0509175,-5.00916,0,0,-5,-0.0138313,0.0509175,-0.00915527,0.0535511,0.0136293,-0.0403407,0.00838518,0,0,0
1780640053000485,52.9271,-0.014377,0.051671,-5.00949,0,0,-5,-0.014377,0.051671,-0.00949097,0.0544672,0.0128541,-0.0414283,0.00915217,0,0,0
1780640053024485,52.9511,-0.0148649,0.0522859,-5.0098,0,0,-5,-0.0148649,0.0522859,-0.00979614,0.0552336,0.0131295,-0.0399583,0.00674777,0,0,0
1780640053040485,52.9671,-0.0151424,0.0526385,-5.01001,0,0,-5,-0.0151424,0.0526385,-0.0100098,0.0556803,0.0127764,-0.0402275,0.00646493,0,0,0
1780640053064485,52.9911,-0.0155189,0.053064,-5.01031,0,0,-5,-0.0155189,0.053064,-0.0103149,0.0562408,0.012266,-0.040758,0.00485763,0,0,0
1780640053080485,53.0071,-0.0157299,0.0532858,-5.01053,0,0,-5,-0.0157299,0.0532858,-0.0105286,0.0565478,0.0129482,-0.0401406,0.00589287,0,0,0
1780640053104485,53.0311,-0.0159872,0.0535527,-5.0108,0,0,-5,-0.0159872,0.0535527,-0.0108032,0.0569226,0.0128377,-0.0392751,0.00660972,0,0,0
1780640053120485,53.0471,-0.016133,0.0536986,-5.01096,0,0,-5,-0.016133,0.0536986,-0.0109558,0.0571301,0.0133573,-0.0382087,0.00885148,0,0,0
1780640053144485,53.0711,-0.0163055,0.0538528,-5.01111,0,0,-5,-0.0163055,0.0538528,-0.0111084,0.0573532,0.0126783,-0.0374446,0.00993288,0,0,0
1780640053160485,53.0871,-0.0163977,0.0539198,-5.0112,0,0,-5,-0.0163977,0.0539198,-0.0112,0.0574601,0.0135757,-0.0373004,0.0101678,0,0,0
1780640053184485,53.1111,-0.016461,0.0539571,-5.01129,0,0,-5,-0.016461,0.0539571,-0.0112915,0.0575311,0.0151614,-0.0373106,0.0112122,0,0,0
1780640053200485,53.1271,-0.0164692,0.0539411,-5.01129,0,0,-5,-0.0164692,0.0539411,-0.0112915,0.0575184,0.0146882,-0.0378122,0.0120298,0,0,0
1780640053224485,53.1511,-0.0164482,0.0538584,-5.01129,0,0,-5,-0.0164482,0.0538584,-0.0112915,0.0574349,0.0154182,-0.0372283,0.0125363,0,0,0
1780640053240485,53.1671,-0.0164099,0.0537608,-5.01126,0,0,-5,-0.0164099,0.0537608,-0.011261,0.0573264,0.0158171,-0.0380112,0.0123384,0,0,0
1780640053264485,53.1911,-0.0163339,0.0535504,-5.0112,0,0,-5,-0.0163339,0.0535504,-0.0112,0.0570953,0.0139646,-0.0394065,0.0122765,0,0,0
1780640053280485,53.2071,-0.0162839,0.0533514,-5.01114,0,0,-5,-0.0162839,0.0533514,-0.0111389,0.0568825,0.0138472,-0.0401958,0.0132815,0,0,0
1780640053304485,53.2311,-0.0161874,0.0529831,-5.01102,0,0,-5,-0.0161874,0.0529831,-0.0110168,0.0564855,0.0135115,-0.041081,0.0147319,0,0,0
1780640053320485,53.2471,-0.016105,0.0526957,-5.01093,0,0,-5,-0.016105,0.0526957,-0.0109253,0.0561744,0.014641,-0.0418274,0.014913,0,0,0
1780640053344485,53.2711,-0.0159325,0.052207,-5.01074,0,0,-5,-0.0159325,0.052207,-0.0107422,0.055631,0.0159594,-0.043284,0.01368,0,0,0
1780640053360485,53.2871,-0.0157885,0.0518352,-5.01065,0,0,-5,-0.0157885,0.0518352,-0.0106506,0.0552232,0.0168922,-0.0433227,0.0141674,0,0,0
1780640053384485,53.3111,-0.0159492,0.0520473,-5.01056,0,0,-5,-0.0159492,0.0520473,-0.0105591,0.0554508,0.01808,-0.0455694,0.0137011,0,0,0
1780640053400485,53.3271,-0.0161501,0.0523702,-5.01047,0,0,-5,-0.0161501,0.0523702,-0.0104675,0.0557946,0.0179758,-0.0475169,0.0147499,0,0,0
1780640053424485,53.3511,-0.016401,0.0527266,-5.01035,0,0,-5,-0.016401,0.0527266,-0.0103455,0.0561793,0.0188102,-0.0467029,0.0137726,0,0,0
1780640053440485,53.3671,-0.0165237,0.0529112,-5.01028,0,0,-5,-0.0165237,0.0529112,-0.0102844,0.0563772,0.0183834,-0.0458953,0.0137786,0,0,0
1780640053464485,53.3911,-0.0166657,0.0531058,-5.01016,0,0,-5,-0.0166657,0.0531058,-0.0101624,0.0565795,0.0183421,-0.0460275,0.0130333,0,0,0
1780640053480485,53.4071,-0.0167276,0.0531688,-5.0101,0,0,-5,-0.0167276,0.0531688,-0.0101013,0.056646,0.0181835,-0.0458969,0.0111178,0,0,0
1780640053504485,53.4311,-0.0167762,0.0532015,-5.01001,0,0,-5,-0.0167762,0.0532015,-0.0100098,0.0566748,0.0182518,-0.0452682,0.0106467,0,0,0
1780640053520485,53.4471,-0.0167818,0.0531762,-5.00998,0,0,-5,-0.0167818,0.0531762,-0.00997925,0.0566473,0.0185466,-0.0458036,0.00951396,0,0,0
1780640053544485,53.4711,-0.0167817,0.0530581,-5.00992,0,0,-5,-0.0167817,0.0530581,-0.00991821,0.0565257,0.0161414,-0.046571,0.00975955,0,0,0
1780640053560485,53.4871,-0.0167849,0.0529289,-5.00989,0,0,-5,-0.0167849,0.0529289,-0.0098877,0.0564001,0.0156971,-0.0459776,0.00843609,0,0,0
1780640053584485,53.5111,-0.0167653,0.0526824,-5.0098,0,0,-5,-0.0167653,0.0526824,-0.00979614,0.0561469,0.0151638,-0.0461797,0.00831176,0,0,0
1780640053600485,53.5271,-0.0167488,0.0524766,-5.00974,0,0,-5,-0.0167488,0.0524766,-0.00973511,0.0559383,0.0140337,-0.0466737,0.00833559,0,0,0
1780640053624485,53.5511,-0.0167293,0.0521308,-5.00961,0,0,-5,-0.0167293,0.0521308,-0.00961304,0.0555869,0.0125165,-0.0442083,0.00703829,0,0,0
1780640053640485,53.5671,-0.0167078,0.0518955,-5.00955,0,0,-5,-0.0167078,0.0518955,-0.009552,0.0553492,0.011837,-0.0439484,0.00762132,0,0,0
1780640053664485,53.5911,-0.0166777,0.0514954,-5.0094,0,0,-5,-0.0166777,0.0514954,-0.00939941,0.0549388,0.0107921,-0.0434862,0.00870773,0,0,0
1780640053680485,53.6071,-0.0166547,0.0512105,-5.00925,0,0,-5,-0.0166547,0.0512105,-0.00924683,0.0546388,0.0107034,-0.0431313,0.00919564,0,0,0
1780640053704485,53.6311,-0.0166176,0.0507306,-5.00906,0,0,-5,-0.0166176,0.0507306,-0.00906372,0.0541469,0.00874651,-0.0425417,0.00868701,0,0,0
1780640053720485,53.6471,-0.0166077,0.0504009,-5.00891,0,0,-5,-0.0166077,0.0504009,-0.00891113,0.0538096,0.00799358,-0.042225,0.00981799,0,0,0
1780640053744485,53.6711,-0.01658,0.0498642,-5.0087,0,0,-5,-0.01658,0.0498642,-0.00869751,0.0532633,0.00722438,-0.0422156,0.00986448,0,0,0
1780640053760485,53.6871,-0.016545,0.0495021,-5.00854,0,0,-5,-0.016545,0.0495021,-0.00854492,0.0528886,0.00786164,-0.0406087,0.00918906,0,0,0
1780640053776485,53.7031,-0.0167088,0.0495371,-5.00848,0,0,-5,-0.0167088,0.0495371,-0.00848389,0.052963,0.00898852,-0.0409109,0.00942187,0,0,0
1780640053800679,53.7273,-0.0172725,0.0500793,-5.00851,0,0,-5,-0.0172725,0.0500793,-0.0085144,0.0536542,0.00683584,-0.0425917,0.00942661,0,0,0
1780640053824679,53.7513,-0.0178062,0.0504849,-5.00854,0,0,-5,-0.0178062,0.0504849,-0.00854492,0.0542107,0.00575311,-0.0426843,0.0092831,0,0,0
1780640053840679,53.7673,-0.0181431,0.0506979,-5.00854,0,0,-5,-0.0181431,0.0506979,-0.00854492,0.0545203,0.00470937,-0.0415641,0.00934673,0,0,0
1780640053864679,53.7913,-0.0186327,0.0509442,-5.00854,0,0,-5,-0.0186327,0.0509442,-0.00854492,0.0549136,0.00458031,-0.0423151,0.00876847,0,0,0
1780640053880679,53.8073,-0.0189166,0.0510422,-5.00851,0,0,-5,-0.0189166,0.0510422,-0.0085144,0.0550967,0.0053806,-0.0421368,0.0085766,0,0,0
1780640053904679,53.8313,-0.019289,0.0511066,-5.00845,0,0,-5,-0.019289,0.0511066,-0.00845337,0.0552758,0.00621015,-0.0431374,0.00696709,0,0,0
1780640053920679,53.8473,-0.0194949,0.0510864,-5.00845,0,0,-5,-0.0194949,0.0510864,-0.00845337,0.0553293,0.00739092,-0.0438614,0.00761583,0,0,0
1780640053944679,53.8713,-0.0197552,0.0509625,-5.00839,0,0,-5,-0.0197552,0.0509625,-0.00839233,0.0552981,0.00732198,-0.0451606,0.00767913,0,0,0
1780640053960679,53.8873,-0.0199245,0.0508349,-5.00833,0,0,-5,-0.0199245,0.0508349,-0.0083313,0.055232,0.00657502,-0.0448868,0.00727279,0,0,0
1780640053984679,53.9113,-0.0201526,0.0505802,-5.00827,0,0,-5,-0.0201526,0.0505802,-0.00827026,0.0550716,0.006027,-0.0453595,0.00648951,0,0,0
1780640054000679,53.9273,-0.0202952,0.0503644,-5.00824,0,0,-5,-0.0202952,0.0503644,-0.00823975,0.0549214,0.00515077,-0.0458996,0.00676758,0,0,0
1780640054024679,53.9513,-0.0204886,0.0499848,-5.00815,0,0,-5,-0.0204886,0.0499848,-0.00814819,0.0546321,0.00643379,-0.0454698,0.00747511,0,0,0
1780640054040679,53.9673,-0.0205898,0.0496946,-5.00809,0,0,-5,-0.0205898,0.0496946,-0.00808716,0.0543957,0.00718276,-0.0456521,0.00808197,0,0,0
1780640054064679,53.9913,-0.0207173,0.0492288,-5.00797,0,0,-5,-0.0207173,0.0492288,-0.00796509,0.0540011,0.00649278,-0.0444287,0.00979203,0,0,0
1780640054080679,54.0073,-0.0207911,0.0488939,-5.00787,0,0,-5,-0.0207911,0.0488939,-0.00787354,0.0537111,0.00669288,-0.0445368,0.00803221,0,0,0
1780640054096679,54.0233,-0.0208543,0.0485443,-5.00781,0,0,-5,-0.0208543,0.0485443,-0.0078125,0.0534087,0.00608883,-0.04374,0.00814114,0,0,0
1780640054120679,54.0473,-0.0209301,0.0479786,-5.00769,0,0,-5,-0.0209301,0.0479786,-0.00769043,0.0529071,0.00604974,-0.0444594,0.00706368,0,0,0
1780640054136679,54.0633,-0.0209669,0.0475688,-5.00763,0,0,-5,-0.0209669,0.0475688,-0.00762939,0.0525415,0.00600063,-0.0438687,0.006133,0,0,0
1780640054160679,54.0873,-0.0209811,0.0469503,-5.00757,0,0,-5,-0.0209811,0.0469503,-0.00756836,0.051979,0.00784712,-0.0421944,0.00480286,0,0,0
1780640054184679,54.1113,-0.0208879,0.0473083,-5.00772,0,0,-5,-0.0208879,0.0473083,-0.00772095,0.0522876,0.00775821,-0.0419443,0.0051923,0,0,0
1780640054200679,54.1273,-0.0208199,0.0478069,-5.00787,0,0,-5,-0.0208199,0.0478069,-0.00787354,0.0527348,0.00709851,-0.0421931,0.00676763,0,0,0
1780640054224679,54.1513,-0.0206925,0.0484445,-5.00806,0,0,-5,-0.0206925,0.0484445,-0.00805664,0.0532913,0.00843769,-0.0418055,0.00674528,0,0,0
1780640054240679,54.1673,-0.0205881,0.048789,-5.00818,0,0,-5,-0.0205881,0.048789,-0.00817871,0.053583,0.00853376,-0.0428683,0.00684287,0,0,0
1780640054264679,54.1913,-0.0203952,0.0491909,-5.0083,0,0,-5,-0.0203952,0.0491909,-0.00830078,0.0538945,0.010702,-0.0430317,0.00779969,0,0,0
1780640054280679,54.2073,-0.0202278,0.049395,-5.00836,0,0,-5,-0.0202278,0.049395,-0.00836182,0.0540273,0.0116955,-0.0428652,0.00857737,0,0,0
1780640054304679,54.2313,-0.0199494,0.0496094,-5.00833,0,0,-5,-0.0199494,0.0496094,-0.0083313,0.0541154,0.0121508,-0.0435693,0.00933885,0,0,0
1780640054320679,54.2473,-0.0197619,0.0496885,-5.00833,0,0,-5,-0.0197619,0.0496885,-0.0083313,0.0541192,0.0122925,-0.0435904,0.00992898,0,0,0
1780640054344679,54.2713,-0.0194481,0.0497299,-5.00827,0,0,-5,-0.0194481,0.0497299,-0.00827026,0.0540342,0.0133484,-0.0438668,0.00878331,0,0,0
1780640054360679,54.2873,-0.0192242,0.0496996,-5.00821,0,0,-5,-0.0192242,0.0496996,-0.00820923,0.0539167,0.0138723,-0.0442625,0.00866385,0,0,0
1780640054376679,54.3033,-0.0189926,0.0496344,-5.00812,0,0,-5,-0.0189926,0.0496344,-0.00811768,0.0537605,0.0142603,-0.044136,0.00916637,0,0,0
1780640054400679,54.3273,-0.0186395,0.0494718,-5.00803,0,0,-5,-0.0186395,0.0494718,-0.00802612,0.0534725,0.0135706,-0.0446855,0.00807991,0,0,0
1780640054424679,54.3513,-0.0182851,0.0492237,-5.0079,0,0,-5,-0.0182851,0.0492237,-0.00790405,0.0531017,0.0137313,-0.0452894,0.00762756,0,0,0
1780640054440679,54.3673,-0.0180413,0.0490019,-5.00778,0,0,-5,-0.0180413,0.0490019,-0.00778198,0.0527942,0.0142768,-0.0458692,0.00771148,0,0,0
1780640054464679,54.3913,-0.0176732,0.048603,-5.00766,0,0,-5,-0.0176732,0.048603,-0.00765991,0.0522806,0.0136855,-0.0465477,0.00648675,0,0,0
1780640054480679,54.4073,-0.0174301,0.0482957,-5.00757,0,0,-5,-0.0174301,0.0482957,-0.00756836,0.0518995,0.013559,-0.0462283,0.00655978,0,0,0
1780640054504679,54.4313,-0.0170431,0.047779,-5.00745,0,0,-5,-0.0170431,0.047779,-0.00744629,0.0512714,0.0149974,-0.046778,0.00464317,0,0,0
1780640054520679,54.4473,-0.0167747,0.0474027,-5.00742,0,0,-5,-0.0167747,0.0474027,-0.00741577,0.0508272,0.0145212,-0.0469605,0.00450328,0,0,0
1780640054544679,54.4713,-0.016362,0.0467884,-5.00732,0,0,-5,-0.016362,0.0467884,-0.00732422,0.0501051,0.0151769,-0.0472307,0.00517353,0,0,0
1780640054560679,54.4873,-0.016086,0.046344,-5.00723,0,0,-5,-0.016086,0.046344,-0.00723267,0.0495867,0.0138766,-0.0476717,0.00637664,0,0,0
1780640054576679,54.5033,-0.0159462,0.0464288,-5.00711,0,0,-5,-0.0159462,0.0464288,-0.0071106,0.0496032,0.0134495,-0.0466348,0.00679072,0,0,0
1780640054600679,54.5273,-0.0159122,0.0472754,-5.00681,0,0,-5,-0.0159122,0.0472754,-0.00680542,0.0503436,0.0128265,-0.0458499,0.00783905,0,0,0
1780640054624679,54.5513,-0.0158359,0.0479687,-5.0065,0,0,-5,-0.0158359,0.0479687,-0.00650024,0.0509316,0.0135752,-0.0461538,0.00995001,0,0,0
1780640054640679,54.5673,-0.0157825,0.0483492,-5.00629,0,0,-5,-0.0157825,0.0483492,-0.00628662,0.051247,0.01174,-0.0467934,0.00989239,0,0,0
1780640054664679,54.5913,-0.0157386,0.0488004,-5.00598,0,0,-5,-0.0157386,0.0488004,-0.00598145,0.0516232,0.00931933,-0.0467417,0.0110438,0,0,0
1780640054680679,54.6073,-0.0156976,0.0490283,-5.00574,0,0,-5,-0.0156976,0.0490283,-0.0057373,0.0517987,0.0100615,-0.0476556,0.011347,0,0,0
1780640054704679,54.6313,-0.0156085,0.0492497,-5.0054,0,0,-5,-0.0156085,0.0492497,-0.00540161,0.0519455,0.0097525,-0.0483573,0.0107243,0,0,0
1780640054720679,54.6473,-0.0155441,0.0493298,-5.00516,0,0,-5,-0.0155441,0.0493298,-0.00515747,0.0519774,0.0097776,-0.048511,0.0109547,0,0,0
1780640054744679,54.6713,-0.0154152,0.0493903,-5.00482,0,0,-5,-0.0154152,0.0493903,-0.00482178,0.0519642,0.0105592,-0.0463089,0.0105812,0,0,0
1780640054760679,54.6873,-0.0153154,0.0494038,-5.00458,0,0,-5,-0.0153154,0.0494038,-0.00457764,0.0519255,0.0108976,-0.0457462,0.0103711,0,0,0
1780640054784679,54.7113,-0.0151409,0.04936,-5.00424,0,0,-5,-0.0151409,0.04936,-0.00424194,0.0518039,0.0112064,-0.0448137,0.00935699,0,0,0
1780640054800679,54.7273,-0.0150105,0.0492838,-5.004,0,0,-5,-0.0150105,0.0492838,-0.0039978,0.0516739,0.0115909,-0.0456576,0.00865014,0,0,0
1780640054824873,54.7515,-0.0148053,0.0490908,-5.00366,0,0,-5,-0.0148053,0.0490908,-0.00366211,0.0514054,0.0117868,-0.0459739,0.00854011,0,0,0
1780640054840873,54.7675,-0.0146438,0.0489161,-5.00345,0,0,-5,-0.0146438,0.0489161,-0.00344849,0.0511774,0.0125687,-0.0460186,0.00875261,0,0,0
1780640054856873,54.7835,-0.0144595,0.0487038,-5.0032,0,0,-5,-0.0144595,0.0487038,-0.00320435,0.0509058,0.0141422,-0.0466829,0.00798456,0,0,0
1780640054880873,54.8075,-0.0141535,0.048314,-5.00284,0,0,-5,-0.0141535,0.048314,-0.00283813,0.0504244,0.0151628,-0.0469111,0.00826144,0,0,0
1780640054904873,54.8315,-0.0138191,0.0478825,-5.00247,0,0,-5,-0.0138191,0.0478825,-0.00247192,0.049898,0.0160849,-0.0462904,0.00719186,0,0,0
1780640054920873,54.8475,-0.0135936,0.047556,-5.00223,0,0,-5,-0.0135936,0.047556,-0.00222778,0.0495109,0.0153319,-0.046797,0.00669943,0,0,0
1780640054944873,54.8715,-0.0132496,0.0470367,-5.00186,0,0,-5,-0.0132496,0.0470367,-0.00186157,0.0489027,0.0162209,-0.0447931,0.00659043,0,0,0
1780640054960873,54.8875,-0.0129995,0.0466805,-5.00162,0,0,-5,-0.0129995,0.0466805,-0.00161743,0.0484837,0.0156264,-0.0445453,0.00636358,0,0,0
1780640054984873,54.9115,-0.0129245,0.0469909,-5.00128,0,0,-5,-0.0129245,0.0469909,-0.00128174,0.0487527,0.0168285,-0.0459959,0.00644103,0,0,0
1780640055000873,54.9275,-0.0129491,0.0474141,-5.00104,0,0,-5,-0.0129491,0.0474141,-0.0010376,0.0491615,0.0166041,-0.0461801,0.00485724,0,0,0
1780640055024873,54.9515,-0.0129458,0.0479302,-5.0007,0,0,-5,-0.0129458,0.0479302,-0.000701904,0.0496527,0.0171354,-0.0453264,0.00525373,0,0,0
1780640055040873,54.9675,-0.012935,0.0482263,-5.00046,0,0,-5,-0.012935,0.0482263,-0.000457764,0.049933,0.0160736,-0.0448314,0.00604274,0,0,0
1780640055056873,54.9835,-0.0129274,0.048458,-5.00024,0,0,-5,-0.0129274,0.048458,-0.000244141,0.0501533,0.0156721,-0.0459932,0.00459779,0,0,0
1780640055080873,55.0075,-0.0128618,0.0486905,-4.99994,0,0,-5,-0.0128618,0.0486905,6.10352e-05,0.0503606,0.0175078,-0.0463456,0.00385415,0,0,0
1780640055104873,55.0315,-0.012748,0.0488119,-4.99963,0,0,-5,-0.012748,0.0488119,0.000366211,0.0504505,0.0169261,-0.0466601,0.00396144,0,0,0
1780640055120873,55.0475,-0.0126583,0.0488364,-4.99945,0,0,-5,-0.0126583,0.0488364,0.000549316,0.0504532,0.0168901,-0.0465749,0.00443839,0,0,0
1780640055144873,55.0715,-0.0125066,0.0487971,-4.99915,0,0,-5,-0.0125066,0.0487971,0.000854492,0.0503816,0.016239,-0.0466779,0.00273805,0,0,0
1780640055160873,55.0875,-0.012403,0.0487127,-4.99896,0,0,-5,-0.012403,0.0487127,0.0010376,0.0502776,0.0163628,-0.0476919,0.00228373,0,0,0
1780640055184873,55.1115,-0.0122097,0.0484872,-4.99869,0,0,-5,-0.0122097,0.0484872,0.00131226,0.0500181,0.0166618,-0.0485646,0.00115626,0,0,0
1780640055200873,55.1275,-0.0120657,0.0482953,-4.99854,0,0,-5,-0.0120657,0.0482953,0.00146484,0.0498012,0.0172188,-0.0477789,1.66878e-05,0,0,0
1780640055224873,55.1515,-0.011804,0.0479623,-4.99829,0,0,-5,-0.011804,0.0479623,0.00170898,0.049423,0.0179982,-0.047537,-0.00020695,0,0,0
1780640055240873,55.1675,-0.0116266,0.0476995,-4.99811,0,0,-5,-0.0116266,0.0476995,0.00189209,0.0491325,0.0171029,-0.047916,-0.00146634,0,0,0
1780640055256873,55.1835,-0.0114487,0.0474011,-4.99799,0,0,-5,-0.0114487,0.0474011,0.00201416,0.0488056,0.0168975,-0.0483071,-0.00227817,0,0,0
1780640055280873,55.2075,-0.011149,0.0468987,-4.99783,0,0,-5,-0.011149,0.0468987,0.00216675,0.0482543,0.0182665,-0.047774,-0.00415941,0,0,0
1780640055304873,55.2315,-0.0108149,0.0463404,-4.99768,0,0,-5,-0.0108149,0.0463404,0.00231934,0.0476422,0.0181165,-0.0483609,-0.00387338,0,0,0
1780640055320873,55.2475,-0.0105818,0.0459328,-4.99759,0,0,-5,-0.0105818,0.0459328,0.00241089,0.0471976,0.0178499,-0.0488039,-0.00416018,0,0,0
1780640055344873,55.2715,-0.0102266,0.0452642,-4.99744,0,0,-5,-0.0102266,0.0452642,0.00256348,0.0464759,0.0174892,-0.0490558,-0.00211402,0,0,0
1780640055360873,55.2875,-0.00998489,0.0447944,-4.99728,0,0,-5,-0.00998489,0.0447944,0.00271606,0.0459741,0.0168261,-0.0489019,-0.000700994,0,0,0
1780640055384873,55.3115,-0.00969934,0.0454134,-4.99704,0,0,-5,-0.00969934,0.0454134,0.00296021,0.0465319,0.0162846,-0.0482528,0.00111009,0,0,0
1780640055400873,55.3275,-0.00953785,0.0462045,-4.99686,0,0,-5,-0.00953785,0.0462045,0.00314331,0.0472833,0.0159343,-0.0473412,0.000508614,0,0,0
1780640055424873,55.3515,-0.00927421,0.0472531,-4.99664,0,0,-5,-0.00927421,0.0472531,0.00335693,0.0482714,0.0176429,-0.0472245,-0.000495446,0,0,0
1780640055440873,55.3675,-0.00905778,0.047861,-4.99652,0,0,-5,-0.00905778,0.047861,0.003479,0.0488347,0.018415,-0.0465537,-0.00074071,0,0,0
1780640055464873,55.3915,-0.00872008,0.048659,-4.99637,0,0,-5,-0.00872008,0.048659,0.00363159,0.0495674,0.0179843,-0.0461489,-0.00186612,0,0,0
1780640055480873,55.4075,-0.00848563,0.0491224,-4.99631,0,0,-5,-0.00848563,0.0491224,0.00369263,0.0499865,0.018191,-0.0445663,-0.0030014,0,0,0
1780640055504873,55.4315,-0.0081208,0.0497258,-4.99619,0,0,-5,-0.0081208,0.0497258,0.0038147,0.0505288,0.017997,-0.0440987,-0.0014918,0,0,0
1780640055520873,55.4475,-0.00787645,0.0500544,-4.99612,0,0,-5,-0.00787645,0.0500544,0.00387573,0.0508183,0.0174044,-0.0445423,-0.000648774,0,0,0
1780640055544873,55.4715,-0.00752657,0.0504559,-4.99597,0,0,-5,-0.00752657,0.0504559,0.00402832,0.051173,0.016175,-0.0436828,-0.000805944,0,0,0
1780640055560873,55.4875,-0.00729503,0.0506742,-4.99591,0,0,-5,-0.00729503,0.0506742,0.00408936,0.0513596,0.0161809,-0.0433136,-0.000815697,0,0,0
1780640055576873,55.5035,-0.00706231,0.0508354,-4.99582,0,0,-5,-0.00706231,0.0508354,0.00418091,0.0514936,0.0157457,-0.0442723,-0.000736269,0,0,0
1780640055600873,55.5275,-0.00672739,0.0509704,-4.99573,0,0,-5,-0.00672739,0.0509704,0.00427246,0.0515896,0.014902,-0.0446491,-0.00213679,0,0,0
1780640055624873,55.5515,-0.00638736,0.0510117,-4.9957,0,0,-5,-0.00638736,0.0510117,0.00430298,0.0515898,0.0158571,-0.0448445,-0.00251339,0,0,0
1780640055640873,55.5675,-0.00615113,0.0509853,-4.99567,0,0,-5,-0.00615113,0.0509853,0.0043335,0.0515375,0.0150154,-0.0446994,-0.00452707,0,0,0
1780640055664873,55.5915,-0.00581738,0.0508816,-4.99564,0,0,-5,-0.00581738,0.0508816,0.00436401,0.0513986,0.0144606,-0.0445436,-0.00554575,0,0,0
1780640055680873,55.6075,-0.00558616,0.0507543,-4.99564,0,0,-5,-0.00558616,0.0507543,0.00436401,0.0512469,0.0148812,-0.0461087,-0.00649377,0,0,0
1780640055704873,55.6315,-0.0052202,0.0504561,-4.99564,0,0,-5,-0.0052202,0.0504561,0.00436401,0.0509128,0.0151406,-0.0487176,-0.00605808,0,0,0
1780640055720873,55.6475,-0.00496747,0.0501954,-4.99567,0,0,-5,-0.00496747,0.0501954,0.0043335,0.0506264,0.0152372,-0.0484522,-0.00724515,0,0,0
1780640055744873,55.6715,-0.00460948,0.0497402,-4.99573,0,0,-5,-0.00460948,0.0497402,0.00427246,0.0501357,0.0134703,-0.0490563,-0.00691187,0,0,0
1780640055760873,55.6875,-0.00437831,0.0493926,-4.99579,0,0,-5,-0.00437831,0.0493926,0.00421143,0.0497647,0.0139072,-0.0488888,-0.00759977,0,0,0
1780640055776873,55.7035,-0.00433016,0.0495753,-4.99591,0,0,-5,-0.00433016,0.0495753,0.00408936,0.0499318,0.0127096,-0.0479526,-0.00788036,0,0,0
1780640055800873,55.7275,-0.00453759,0.0505583,-4.99619,0,0,-5,-0.00453759,0.0505583,0.0038147,0.0509046,0.0116623,-0.047272,-0.00649237,0,0,0
1780640055825068,55.7517,-0.00469686,0.0513913,-4.99637,0,0,-5,-0.00469686,0.0513913,0.00363159,0.0517331,0.01351,-0.0469327,-0.00503495,0,0,0
1780640055841068,55.7677,-0.00477364,0.0518597,-4.99649,0,0,-5,-0.00477364,0.0518597,0.00350952,0.0521971,0.0123054,-0.0470713,-0.00318599,0,0,0
1780640055865068,55.7917,-0.00487857,0.0524528,-4.99661,0,0,-5,-0.00487857,0.0524528,0.00338745,0.052788,0.0113429,-0.0457672,-0.00266556,0,0,0
1780640055881068,55.8077,-0.00494163,0.0527916,-4.99667,0,0,-5,-0.00494163,0.0527916,0.00332642,0.0531266,0.0112097,-0.0450429,-0.00191778,0,0,0
1780640055905068,55.8317,-0.00499408,0.0532103,-4.99673,0,0,-5,-0.00499408,0.0532103,0.00326538,0.0535438,0.0117388,-0.0450736,-0.00106079,0,0,0
1780640055921068,55.8477,-0.00501697,0.0534235,-4.99677,0,0,-5,-0.00501697,0.0534235,0.00323486,0.053756,0.0116291,-0.0455356,-0.000762765,0,0,0
1780640055945068,55.8717,-0.0050345,0.0536357,-4.9968,0,0,-5,-0.0050345,0.0536357,0.00320435,0.0539667,0.0108768,-0.0455231,-0.00153256,0,0,0
1780640055961068,55.8877,-0.00505059,0.0537159,-4.99683,0,0,-5,-0.00505059,0.0537159,0.00317383,0.0540461,0.00947099,-0.0459674,-0.00167943,0,0,0
1780640055985068,55.9117,-0.00508835,0.0537334,-4.99686,0,0,-5,-0.00508835,0.0537334,0.00314331,0.0540653,0.00859022,-0.0466077,-0.00214107,0,0,0
1780640056001068,55.9277,-0.00511523,0.053692,-4.99689,0,0,-5,-0.00511523,0.053692,0.00311279,0.0540249,0.0083484,-0.0467274,-0.00363583,0,0,0
1780640056025068,55.9517,-0.00512236,0.0535314,-4.99698,0,0,-5,-0.00512236,0.0535314,0.00302124,0.0538607,0.00954252,-0.0473691,-0.00391071,0,0,0
1780640056041068,55.9677,-0.00510338,0.0533751,-4.99704,0,0,-5,-0.00510338,0.0533751,0.00296021,0.0537002,0.00968363,-0.0471428,-0.00378947,0,0,0
1780640056065068,55.9917,-0.0050448,0.0530464,-4.9971,0,0,-5,-0.0050448,0.0530464,0.00289917,0.0533646,0.01067,-0.0494181,-0.00283992,0,0,0
1780640056081068,56.0077,-0.00500006,0.052776,-4.99716,0,0,-5,-0.00500006,0.052776,0.00283813,0.0530883,0.00959464,-0.0493284,-0.00400186,0,0,0
1780640056105068,56.0317,-0.00493795,0.052309,-4.99722,0,0,-5,-0.00493795,0.052309,0.0027771,0.0526149,0.00877427,-0.0489986,-0.00498616,0,0,0
1780640056121068,56.0477,-0.00489167,0.0519648,-4.99728,0,0,-5,-0.00489167,0.0519648,0.00271606,0.0522651,0.00859142,-0.0497228,-0.00613924,0,0,0
1780640056145068,56.0717,-0.00482818,0.0513601,-4.99738,0,0,-5,-0.00482818,0.0513601,0.00262451,0.0516533,0.00675668,-0.0513918,-0.0058705,0,0,0
1780640056161068,56.0877,-0.00479988,0.0509111,-4.99744,0,0,-5,-0.00479988,0.0509111,0.00256348,0.0512011,0.00617204,-0.0521721,-0.00524325,0,0,0
1780640056177068,56.1037,-0.00494218,0.0512996,-4.99756,0,0,-5,-0.00494218,0.0512996,0.00244141,0.0515949,0.00476836,-0.0521285,-0.00434263,0,0,0
1780640056201068,56.1277,-0.00540158,0.0530302,-4.99786,0,0,-5,-0.00540158,0.0530302,0.00213623,0.0533474,0.00476563,-0.0512434,-0.00481674,0,0,0
1780640056225068,56.1517,-0.00581787,0.0545426,-4.99817,0,0,-5,-0.00581787,0.0545426,0.00183105,0.0548825,0.00473565,-0.0501203,-0.00453408,0,0,0
1780640056241068,56.1677,-0.00607505,0.0554553,-4.99838,0,0,-5,-0.00607505,0.0554553,0.00161743,0.0558105,0.00371518,-0.0490595,-0.00536915,0,0,0
1780640056265068,56.1917,-0.00644315,0.0566914,-4.99866,0,0,-5,-0.00644315,0.0566914,0.00134277,0.0570721,0.00419816,-0.0478218,-0.00440334,0,0,0
1780640056281068,56.2077,-0.00666113,0.0574191,-4.99884,0,0,-5,-0.00666113,0.0574191,0.00115967,0.0578158,0.00331718,-0.0484806,-0.00537219,0,0,0
1780640056305068,56.2317,-0.00697095,0.0583621,-4.99915,0,0,-5,-0.00697095,0.0583621,0.000854492,0.0587831,0.00328425,-0.0477262,-0.00647275,0,0,0
1780640056321068,56.2477,-0.00715949,0.0588983,-4.9993,0,0,-5,-0.00715949,0.0588983,0.000701904,0.059336,0.00340332,-0.0484243,-0.00472487,0,0,0
1780640056345068,56.2717,-0.00741781,0.0595814,-4.99951,0,0,-5,-0.00741781,0.0595814,0.000488281,0.0600434,0.00339465,-0.0483299,-0.00271802,0,0,0
1780640056361068,56.2877,-0.00757764,0.0599525,-4.9996,0,0,-5,-0.00757764,0.0599525,0.000396729,0.0604308,0.00239947,-0.0487204,-0.00259916,0,0,0
1780640056385068,56.3117,-0.00782945,0.0603961,-4.99979,0,0,-5,-0.00782945,0.0603961,0.000213623,0.0609019,0.00166608,-0.0484137,-0.00434094,0,0,0
1780640056401068,56.3277,-0.0079864,0.0606341,-4.99991,0,0,-5,-0.0079864,0.0606341,9.15527e-05,0.0611579,0.00162133,-0.0475581,-0.00448589,0,0,0
1780640056425068,56.3517,-0.00819988,0.060899,-5.00009,0,0,-5,-0.00819988,0.060899,-9.15527e-05,0.0614486,0.00156381,-0.046913,-0.0033704,0,0,0
1780640056441068,56.3677,-0.00833954,0.0610356,-5.00021,0,0,-5,-0.00833954,0.0610356,-0.000213623,0.0616031,0.000715054,-0.0453867,-0.00310147,0,0,0
1780640056465068,56.3917,-0.00855303,0.0611605,-5.0004,0,0,-5,-0.00855303,0.0611605,-0.000396729,0.0617569,-0.000506996,-0.0450159,-0.00347952,0,0,0
1780640056481068,56.4077,-0.00869788,0.0611912,-5.00055,0,0,-5,-0.00869788,0.0611912,-0.000549316,0.0618087,-0.000766464,-0.0459372,-0.002661,0,0,0
1780640056505068,56.4317,-0.00889109,0.0611366,-5.0007,0,0,-5,-0.00889109,0.0611366,-0.000701904,0.0617837,-2.6058e-05,-0.0465767,-0.00171321,0,0,0
1780640056521068,56.4477,-0.00900017,0.0610393,-5.00076,0,0,-5,-0.00900017,0.0610393,-0.000762939,0.061704,-0.000101609,-0.046886,-0.000184333,0,0,0
1780640056545068,56.4717,-0.00916101,0.0607915,-5.00085,0,0,-5,-0.00916101,0.0607915,-0.000854492,0.0614839,-0.000315774,-0.0489227,0.000697617,0,0,0
1780640056561068,56.4877,-0.00924372,0.0605662,-5.00089,0,0,-5,-0.00924372,0.0605662,-0.00088501,0.0612739,0.000382836,-0.0489852,0.00121801,0,0,0
1780640056585068,56.5117,-0.00874995,0.0618734,-5.00089,0,0,-5,-0.00874995,0.0618734,-0.00088501,0.0624953,-8.06545e-05,-0.0486408,0.000928802,0,0,0
1780640056601068,56.5277,-0.0082366,0.0631968,-5.00089,0,0,-5,-0.0082366,0.0631968,-0.00088501,0.0637374,0.000138057,-0.048866,-0.0010642,0,0,0
1780640056625068,56.5517,-0.00749686,0.0649642,-5.00092,0,0,-5,-0.00749686,0.0649642,-0.000915527,0.0654018,0.000672088,-0.0488942,-0.000966136,0,0,0
1780640056641068,56.5677,-0.00701882,0.0660219,-5.00095,0,0,-5,-0.00701882,0.0660219,-0.000946045,0.0664007,0.00121965,-0.0484675,-0.00137653,0,0,0
1780640056665068,56.5917,-0.00632279,0.067429,-5.00098,0,0,-5,-0.00632279,0.067429,-0.000976562,0.0677319,0.00179329,-0.0485028,-0.000876701,0,0,0
1780640056681068,56.6077,-0.005883,0.0682641,-5.00101,0,0,-5,-0.005883,0.0682641,-0.00100708,0.0685245,0.0013504,-0.0482789,-0.00129244,0,0,0
1780640056705068,56.6317,-0.00526191,0.0693572,-5.00101,0,0,-5,-0.00526191,0.0693572,-0.00100708,0.0695638,0.000677119,-0.048512,0.00036582,0,0,0
1780640056721068,56.6477,-0.0048597,0.0699796,-5.00101,0,0,-5,-0.0048597,0.0699796,-0.00100708,0.0701554,0.00174786,-0.0497624,0.000547971,0,0,0
1780640056745068,56.6717,-0.00427914,0.0707397,-5.00101,0,0,-5,-0.00427914,0.0707397,-0.00100708,0.0708762,0.00177885,-0.0514019,-0.00118668,0,0,0
1780640056761068,56.6877,-0.00390543,0.0711351,-5.00101,0,0,-5,-0.00390543,0.0711351,-0.00100708,0.0712493,0.00204182,-0.052578,-0.00101794,0,0,0
1780640056785068,56.7117,-0.0033656,0.0716027,-5.00104,0,0,-5,-0.0033656,0.0716027,-0.0010376,0.0716893,0.00169557,-0.0521619,-0.00162371,0,0,0
1780640056801068,56.7277,-0.00302132,0.0718331,-5.00104,0,0,-5,-0.00302132,0.0718331,-0.0010376,0.0719041,0.00228847,-0.0525208,-0.00073452,0,0,0
1780640056825068,56.7517,-0.00252789,0.0720687,-5.00098,0,0,-5,-0.00252789,0.0720687,-0.000976562,0.0721196,0.00253296,-0.0527408,0.000227771,0,0,0
1780640056841268,56.7679,-0.00219294,0.0721481,-5.00095,0,0,-5,-0.00219294,0.0721481,-0.000946045,0.0721876,0.00248891,-0.0535623,-7.93073e-07,0,0,0
1780640056865268,56.7919,-0.00172574,0.0721464,-5.00092,0,0,-5,-0.00172574,0.0721464,-0.000915527,0.0721729,0.00234952,-0.0544987,-0.000625771,0,0,0
1780640056881268,56.8079,-0.00143085,0.0720663,-5.00092,0,0,-5,-0.00143085,0.0720663,-0.000915527,0.0720863,0.00188518,-0.0549417,-0.0012473,0,0,0
1780640056905268,56.8319,-0.000984215,0.0718339,-5.00085,0,0,-5,-0.000984215,0.0718339,-0.000854492,0.0718457,0.00363768,-0.0581329,0.000144007,0,0,0
1780640056921268,56.8479,-0.00067352,0.0715978,-5.00082,0,0,-5,-0.00067352,0.0715978,-0.000823975,0.0716057,0.00444452,-0.0580854,0.000477007,0,0,0
1780640056945268,56.8719,-0.000187872,0.0711502,-5.00073,0,0,-5,-0.000187872,0.0711502,-0.000732422,0.0711542,0.00628884,-0.0601298,0.000814349,0,0,0
1780640056961268,56.8879,0.000129312,0.0707645,-5.00067,0,0,-5,0.000129312,0.0707645,-0.000671387,0.0707678,0.0051622,-0.0619173,0.000565928,0,0,0
1780640056985268,56.9119,0.000757728,0.0719209,-5.00058,0,0,-5,0.000757728,0.0719209,-0.000579834,0.0719273,0.00537111,-0.0633645,-0.000233887,0,0,0
1780640057001268,56.9279,0.00121905,0.0731767,-5.00052,0,0,-5,0.00121905,0.0731767,-0.000518799,0.0731887,0.00524418,-0.0625568,-0.000468732,0,0,0
1780640057025268,56.9519,0.00188564,0.0748723,-5.0004,0,0,-5,0.00188564,0.0748723,-0.000396729,0.0748971,0.00571125,-0.060689,0.000487905,0,0,0
1780640057041268,56.9679,0.00232299,0.0758789,-5.00027,0,0,-5,0.00232299,0.0758789,-0.000274658,0.075915,0.00675984,-0.0604592,0.000723192,0,0,0
1780640057065268,56.9919,0.00297327,0.0772087,-5.00009,0,0,-5,0.00297327,0.0772087,-9.15527e-05,0.077266,0.00792771,-0.0596436,0.000493155,0,0,0
1780640057081268,57.0079,0.00340962,0.0779679,-5,0,0,-5,0.00340962,0.0779679,0,0.0780424,0.00871094,-0.0614918,0.00063867,0,0,0
1780640057105268,57.0319,0.00403668,0.0789174,-4.99985,0,0,-5,0.00403668,0.0789174,0.000152588,0.0790207,0.00695843,-0.0615051,-0.000185272,0,0,0
1780640057121268,57.0479,0.00441276,0.0794452,-4.99979,0,0,-5,0.00441276,0.0794452,0.000213623,0.079568,0.00584883,-0.0613372,-0.00183281,0,0,0
1780640057145268,57.0719,0.00494165,0.0800983,-4.99969,0,0,-5,0.00494165,0.0800983,0.000305176,0.0802512,0.00533155,-0.0613804,-0.00233507,0,0,0
1780640057161268,57.0879,0.00526714,0.0804265,-4.99966,0,0,-5,0.00526714,0.0804265,0.000335693,0.0805995,0.00492197,-0.0623287,-0.00216762,0,0,0
1780640057185268,57.1119,0.00571448,0.0807689,-4.99963,0,0,-5,0.00571448,0.0807689,0.000366211,0.0809716,0.00426467,-0.0634947,-0.00185406,0,0,0
1780640057201268,57.1279,0.00600255,0.080898,-4.99963,0,0,-5,0.00600255,0.080898,0.000366211,0.0811212,0.00461036,-0.0641645,-0.00157229,0,0,0
1780640057225268,57.1519,0.00642134,0.0809365,-4.9996,0,0,-5,0.00642134,0.0809365,0.000396729,0.0811918,0.0048455,-0.0663923,-0.00213793,0,0,0
1780640057241268,57.1679,0.00670096,0.0808603,-4.99957,0,0,-5,0.00670096,0.0808603,0.000427246,0.0811387,0.00569597,-0.0678647,-0.00290958,0,0,0
1780640057265268,57.1919,0.00712986,0.0806208,-4.99957,0,0,-5,0.00712986,0.0806208,0.000427246,0.0809366,0.00684854,-0.0677487,-0.00236042,0,0,0
1780640057281268,57.2079,0.00741569,0.0804087,-4.99954,0,0,-5,0.00741569,0.0804087,0.000457764,0.0807512,0.00716002,-0.0669604,-0.00259289,0,0,0
1780640057305268,57.2319,0.00784184,0.0800114,-4.99951,0,0,-5,0.00784184,0.0800114,0.000488281,0.0803962,0.00721933,-0.0668565,-0.00214132,0,0,0
1780640057321268,57.2479,0.00811196,0.0796784,-4.99945,0,0,-5,0.00811196,0.0796784,0.000549316,0.0800922,0.00704226,-0.0675987,-0.00111144,0,0,0
1780640057345268,57.2719,0.00851772,0.0790754,-4.99936,0,0,-5,0.00851772,0.0790754,0.000640869,0.0795354,0.00620006,-0.0685428,-0.000568446,0,0,0
1780640057361268,57.2879,0.00876393,0.0786111,-4.9993,0,0,-5,0.00876393,0.0786111,0.000701904,0.0791012,0.0055986,-0.0688433,0.000271558,0,0,0
1780640057377268,57.3039,0.00936954,0.0792699,-4.99918,0,0,-5,0.00936954,0.0792699,0.000823975,0.0798259,0.00524526,-0.0692472,0.000863798,0,0,0
1780640057401268,57.3279,0.0107435,0.0817406,-4.9989,0,0,-5,0.0107435,0.0817406,0.00109863,0.0824509,0.00419848,-0.0707973,-0.000127589,0,0,0
1780640057425268,57.3519,0.0120337,0.0839019,-4.99866,0,0,-5,0.0120337,0.0839019,0.00134277,0.0847712,0.00451907,-0.069115,0.00030864,0,0,0
1780640057441268,57.3679,0.0128463,0.0851826,-4.9985,0,0,-5,0.0128463,0.0851826,0.00149536,0.0861588,0.00439731,-0.0694169,0.000682306,0,0,0
1780640057465268,57.3919,0.0139896,0.0868791,-4.99832,0,0,-5,0.0139896,0.0868791,0.00167847,0.0880143,0.00451723,-0.0690685,-0.00102576,0,0,0
1780640057481268,57.4079,0.0147178,0.0878691,-4.9982,0,0,-5,0.0147178,0.0878691,0.00180054,0.0891113,0.00421123,-0.0682693,-0.00116092,0,0,0
1780640057505268,57.4319,0.0157347,0.0891645,-4.99805,0,0,-5,0.0157347,0.0891645,0.00195312,0.0905632,0.00333939,-0.067949,0.000704987,0,0,0
1780640057521268,57.4479,0.0163777,0.0899019,-4.99789,0,0,-5,0.0163777,0.0899019,0.00210571,0.0914057,0.00338726,-0.0683901,-0.000432908,0,0,0
1780640057545268,57.4719,0.0172843,0.0908416,-4.99762,0,0,-5,0.0172843,0.0908416,0.00238037,0.092502,0.00359015,-0.0679249,-1.72577e-05,0,0,0
1780640057561268,57.4879,0.0178422,0.0913605,-4.99744,0,0,-5,0.0178422,0.0913605,0.00256348,0.0931217,0.00233395,-0.0672627,0.000497634,0,0,0
1780640057585268,57.5119,0.0186218,0.0920069,-4.99719,0,0,-5,0.0186218,0.0920069,0.00280762,0.0939144,0.00146243,-0.0666162,0.00117147,0,0,0
1780640057601268,57.5279,0.0190939,0.0923329,-4.99701,0,0,-5,0.0190939,0.0923329,0.00299072,0.0943339,0.000792608,-0.0673034,0.00205089,0,0,0
1780640057625268,57.5519,0.0197542,0.092662,-4.9967,0,0,-5,0.0197542,0.092662,0.0032959,0.0948016,-0.000379268,-0.0685208,0.000844607,0,0,0
1780640057641268,57.5679,0.0201697,0.0927835,-4.99655,0,0,-5,0.0201697,0.0927835,0.00344849,0.0950131,-0.000430781,-0.0689785,0.000131345,0,0,0
1780640057665268,57.5919,0.0207573,0.0928445,-4.99634,0,0,-5,0.0207573,0.0928445,0.00366211,0.095207,-0.000340911,-0.068919,-0.000367372,0,0,0
1780640057681268,57.6079,0.0211271,0.0927927,-4.99619,0,0,-5,0.0211271,0.0927927,0.0038147,0.0952439,-0.000318307,-0.0696709,-0.00151543,0,0,0
1780640057705268,57.6319,0.0216379,0.0925835,-4.99603,0,0,-5,0.0216379,0.0925835,0.00396729,0.0951612,-0.00117191,-0.0715228,-0.00206543,0,0,0
1780640057721268,57.6479,0.0219404,0.0923514,-4.99594,0,0,-5,0.0219404,0.0923514,0.00405884,0.0950087,-0.00214064,-0.0727477,-0.00237362,0,0,0
1780640057745268,57.6719,0.0223341,0.0918476,-4.99579,0,0,-5,0.0223341,0.0918476,0.00421143,0.0946178,-0.00371372,-0.0746651,-0.00228082,0,0,0
1780640057761268,57.6879,0.0225602,0.091438,-4.99573,0,0,-5,0.0225602,0.091438,0.00427246,0.0942768,-0.00441244,-0.0752906,-0.00288005,0,0,0
1780640057785268,57.7119,0.0232776,0.0928461,-4.99564,0,0,-5,0.0232776,0.0928461,0.00436401,0.095819,-0.00534156,-0.0747024,-0.0033137,0,0,0
1780640057801268,57.7279,0.0238348,0.0943259,-4.99561,0,0,-5,0.0238348,0.0943259,0.00439453,0.0973898,-0.00662698,-0.0748231,-0.00451789,0,0,0
1780640057825268,57.7519,0.0245856,0.0962721,-4.99561,0,0,-5,0.0245856,0.0962721,0.00439453,0.0994589,-0.00719213,-0.0750179,-0.00399623,0,0,0
1780640057841468,57.7681,0.0250427,0.0974155,-4.99557,0,0,-5,0.0250427,0.0974155,0.00442505,0.10068,-0.00751269,-0.0742909,-0.00481992,0,0,0
1780640057865468,57.7921,0.025693,0.0989101,-4.99561,0,0,-5,0.025693,0.0989101,0.00439453,0.102287,-0.00662619,-0.0744656,-0.00546598,0,0,0
1780640057881468,57.8081,0.0260946,0.0997587,-4.99561,0,0,-5,0.0260946,0.0997587,0.00439453,0.103209,-0.0066655,-0.0740846,-0.00421484,0,0,0
1780640057905468,57.8321,0.0266484,0.100831,-4.99557,0,0,-5,0.0266484,0.100831,0.00442505,0.104387,-0.00651561,-0.0749269,-0.00468238,0,0,0
1780640057921468,57.8481,0.0270057,0.101419,-4.99554,0,0,-5,0.0270057,0.101419,0.00445557,0.105048,-0.00542381,-0.0750645,-0.00444701,0,0,0
1780640057945468,57.8721,0.0275218,0.102125,-4.99554,0,0,-5,0.0275218,0.102125,0.00445557,0.105862,-0.00484904,-0.0749349,-0.00452306,0,0,0
1780640057961468,57.8881,0.0278437,0.102489,-4.99548,0,0,-5,0.0278437,0.102489,0.0045166,0.1063,-0.0052754,-0.0744766,-0.00461984,0,0,0
1780640057985468,57.9121,0.0282856,0.10288,-4.99539,0,0,-5,0.0282856,0.10288,0.00460815,0.106797,-0.00553761,-0.074358,-0.00277834,0,0,0
1780640058001468,57.9281,0.0285469,0.103052,-4.99536,0,0,-5,0.0285469,0.103052,0.00463867,0.107034,-0.00554875,-0.0741362,-0.00340516,0,0,0
1780640058025468,57.9521,0.0289167,0.103167,-4.99524,0,0,-5,0.0289167,0.103167,0.00476074,0.107249,-0.00472714,-0.0749247,-0.00240243,0,0,0
1780640058041468,57.9681,0.0291456,0.103148,-4.99518,0,0,-5,0.0291456,0.103148,0.00482178,0.107295,-0.00490609,-0.0750467,-0.00291586,0,0,0
1780640058057468,57.9841,0.0293532,0.103047,-4.99512,0,0,-5,0.0293532,0.103047,0.00488281,0.107258,-0.00626554,-0.0767581,-0.00379372,0,0,0
1780640058081468,58.0081,0.0296327,0.102759,-4.99506,0,0,-5,0.0296327,0.102759,0.00494385,0.10706,-0.00662651,-0.0774927,-0.00542836,0,0,0
1780640058105468,58.0321,0.0298521,0.102325,-4.995,0,0,-5,0.0298521,0.102325,0.00500488,0.106708,-0.00704092,-0.077915,-0.00519665,0,0,0
1780640058121468,58.0481,0.0299884,0.101963,-4.99496,0,0,-5,0.0299884,0.101963,0.0050354,0.106401,-0.00674171,-0.0777152,-0.00492274,0,0,0
1780640058145468,58.0721,0.0301613,0.101297,-4.99484,0,0,-5,0.0301613,0.101297,0.00515747,0.105818,-0.00772268,-0.0795743,-0.00262082,0,0,0
1780640058161468,58.0881,0.0302625,0.10078,-4.99478,0,0,-5,0.0302625,0.10078,0.00521851,0.105355,-0.00670477,-0.0798332,-0.00244617,0,0,0
1780640058185468,58.1121,0.0309462,0.101609,-4.9946,0,0,-5,0.0309462,0.101609,0.00540161,0.106354,-0.00687041,-0.0793019,-0.00107343,0,0,0
1780640058201468,58.1281,0.0315451,0.102613,-4.99448,0,0,-5,0.0315451,0.102613,0.00552368,0.107495,-0.00744163,-0.0772876,-0.00180881,0,0,0
1780640058225468,58.1521,0.0323694,0.103924,-4.99432,0,0,-5,0.0323694,0.103924,0.00567627,0.108996,-0.00660129,-0.0769274,-0.00104955,0,0,0
1780640058241468,58.1681,0.0328967,0.104658,-4.99423,0,0,-5,0.0328967,0.104658,0.00576782,0.109858,-0.00608616,-0.0765268,-0.00133577,0,0,0
1780640058265468,58.1921,0.0336168,0.105558,-4.99408,0,0,-5,0.0336168,0.105558,0.00592041,0.11094,-0.00774728,-0.0776538,-0.00158372,0,0,0
1780640058281468,58.2081,0.0340417,0.106017,-4.99399,0,0,-5,0.0340417,0.106017,0.00601196,0.11151,-0.00868469,-0.0783781,-0.00138461,0,0,0
1780640058305468,58.2321,0.0346197,0.106538,-4.9939,0,0,-5,0.0346197,0.106538,0.00610352,0.112188,-0.00784693,-0.077221,-0.0024456,0,0,0
1780640058321468,58.2481,0.0349813,0.10679,-4.99384,0,0,-5,0.0349813,0.10679,0.00616455,0.112543,-0.00811395,-0.0774493,-0.00368726,0,0,0
1780640058345468,58.2721,0.0354928,0.106995,-4.99384,0,0,-5,0.0354928,0.106995,0.00616455,0.112896,-0.0076442,-0.0783583,-0.00577504,0,0,0
1780640058361468,58.2881,0.0358043,0.107032,-4.99384,0,0,-5,0.0358043,0.107032,0.00616455,0.11303,-0.00889114,-0.0793089,-0.00663639,0,0,0
1780640058385468,58.3121,0.0361776,0.106905,-4.99387,0,0,-5,0.0361776,0.106905,0.00613403,0.113027,-0.010965,-0.0808696,-0.0068999,0,0,0
1780640058401468,58.3281,0.0363856,0.106729,-4.99387,0,0,-5,0.0363856,0.106729,0.00613403,0.112927,-0.011915,-0.081283,-0.00754098,0,0,0
1780640058425468,58.3521,0.0366342,0.106338,-4.9939,0,0,-5,0.0366342,0.106338,0.00610352,0.112637,-0.0123458,-0.0810653,-0.0074718,0,0,0
1780640058441468,58.3681,0.0367625,0.105992,-4.99396,0,0,-5,0.0367625,0.105992,0.00604248,0.112349,-0.0136807,-0.08248,-0.00791473,0,0,0
1780640058465468,58.3921,0.0369076,0.105355,-4.99399,0,0,-5,0.0369076,0.105355,0.00601196,0.111795,-0.0131716,-0.0819662,-0.00925847,0,0,0
1780640058481468,58.4081,0.0369899,0.104868,-4.99399,0,0,-5,0.0369899,0.104868,0.00601196,0.111363,-0.0140165,-0.081614,-0.00828661,0,0,0
1780640058505468,58.4321,0.0370609,0.104036,-4.99399,0,0,-5,0.0370609,0.104036,0.00601196,0.110604,-0.0144116,-0.0820158,-0.00776063,0,0,0
1780640058521468,58.4481,0.0370875,0.103409,-4.99402,0,0,-5,0.0370875,0.103409,0.00598145,0.110021,-0.0148784,-0.0828286,-0.00940524,0,0,0
1780640058537468,58.4641,0.0370985,0.102733,-4.99405,0,0,-5,0.0370985,0.102733,0.00595093,0.109389,-0.0145325,-0.0829048,-0.0099198,0,0,0
1780640058561468,58.4881,0.0370963,0.101625,-4.99411,0,0,-5,0.0370963,0.101625,0.00588989,0.108344,-0.0144594,-0.0837655,-0.00707123,0,0,0
1780640058585468,58.5121,0.0374326,0.102486,-4.99408,0,0,-5,0.0374326,0.102486,0.00592041,0.109268,-0.0149741,-0.0846692,-0.00667971,0,0,0
1780640058601468,58.5281,0.0377272,0.103607,-4.99408,0,0,-5,0.0377272,0.103607,0.00592041,0.110421,-0.0163398,-0.0842358,-0.0063037,0,0,0
1780640058625468,58.5521,0.0380886,0.105071,-4.99402,0,0,-5,0.0380886,0.105071,0.00598145,0.111922,-0.0178029,-0.0824832,-0.0074027,0,0,0
1780640058641468,58.5681,0.0382837,0.10591,-4.99402,0,0,-5,0.0382837,0.10591,0.00598145,0.112776,-0.0179288,-0.0820606,-0.00643557,0,0,0
1780640058665468,58.5921,0.0384918,0.106974,-4.99402,0,0,-5,0.0384918,0.106974,0.00598145,0.113846,-0.0211889,-0.0809176,-0.00680314,0,0,0
1780640058681468,58.6081,0.038578,0.107555,-4.99399,0,0,-5,0.038578,0.107555,0.00601196,0.114423,-0.0211337,-0.0810451,-0.00710595,0,0,0
1780640058705468,58.6321,0.0386489,0.108233,-4.99399,0,0,-5,0.0386489,0.108233,0.00601196,0.115084,-0.0228066,-0.0821415,-0.00838423,0,0,0
1780640058721468,58.6481,0.0386611,0.108551,-4.99402,0,0,-5,0.0386611,0.108551,0.00598145,0.115386,-0.0225778,-0.0827155,-0.0074385,0,0,0
1780640058737468,58.6641,0.0386461,0.108766,-4.99402,0,0,-5,0.0386461,0.108766,0.00598145,0.115582,-0.0239782,-0.0836163,-0.00706821,0,0,0
1780640058761468,58.6881,0.0385739,0.108917,-4.99396,0,0,-5,0.0385739,0.108917,0.00604248,0.115704,-0.0234635,-0.0840995,-0.00591304,0,0,0
1780640058785468,58.7121,0.0385115,0.108896,-4.99387,0,0,-5,0.0385115,0.108896,0.00613403,0.115668,-0.0226417,-0.08393,-0.0047192,0,0,0
1780640058801468,58.7281,0.0384345,0.108778,-4.9938,0,0,-5,0.0384345,0.108778,0.00619507,0.115535,-0.0234271,-0.0851089,-0.00562792,0,0,0
1780640058825468,58.7521,0.0382764,0.108452,-4.99371,0,0,-5,0.0382764,0.108452,0.00628662,0.11518,-0.0236578,-0.0849555,-0.00592781,0,0,0
1780640058841671,58.7683,0.0381556,0.108162,-4.99368,0,0,-5,0.0381556,0.108162,0.00631714,0.114868,-0.02351,-0.0843346,-0.0057304,0,0,0
1780640058865671,58.7923,0.0379284,0.107594,-4.99362,0,0,-5,0.0379284,0.107594,0.00637817,0.114261,-0.0248396,-0.0856633,-0.0050415,0,0,0
1780640058881671,58.8083,0.0377545,0.107146,-4.99356,0,0,-5,0.0377545,0.107146,0.00643921,0.113786,-0.0248245,-0.0841208,-0.00448032,0,0,0
1780640058897671,58.8243,0.0375688,0.106658,-4.99353,0,0,-5,0.0375688,0.106658,0.00646973,0.113266,-0.0248222,-0.0835296,-0.00548863,0,0,0
1780640058921671,58.8483,0.0372813,0.105871,-4.9935,0,0,-5,0.0372813,0.105871,0.00650024,0.112431,-0.0245193,-0.0819376,-0.0064277,0,0,0
1780640058945671,58.8723,0.0369792,0.104993,-4.9935,0,0,-5,0.0369792,0.104993,0.00650024,0.111505,-0.0236142,-0.0821854,-0.00720526,0,0,0
1780640058961671,58.8883,0.0367742,0.104346,-4.99353,0,0,-5,0.0367742,0.104346,0.00646973,0.110825,-0.0233287,-0.0820125,-0.00641714,0,0,0
1780640058985671,58.9123,0.037164,0.105015,-4.9935,0,0,-5,0.037164,0.105015,0.00650024,0.111586,-0.0199162,-0.081437,-0.00574514,0,0,0
1780640059001671,58.9283,0.0376446,0.105906,-4.99347,0,0,-5,0.0376446,0.105906,0.00653076,0.112587,-0.0195459,-0.0809852,-0.00672944,0,0,0
1780640059025671,58.9523,0.0382834,0.107023,-4.99344,0,0,-5,0.0382834,0.107023,0.00656128,0.113853,-0.0203575,-0.0815793,-0.00738155,0,0,0
1780640059041671,58.9683,0.0386573,0.107616,-4.99344,0,0,-5,0.0386573,0.107616,0.00656128,0.114537,-0.0201908,-0.0820579,-0.00720823,0,0,0
1780640059065671,58.9923,0.0391417,0.108305,-4.99347,0,0,-5,0.0391417,0.108305,0.00653076,0.115346,-0.020356,-0.0825755,-0.00827993,0,0,0
1780640059081671,59.0083,0.0394073,0.108646,-4.99347,0,0,-5,0.0394073,0.108646,0.00653076,0.115757,-0.02152,-0.0824211,-0.00778907,0,0,0
1780640059105671,59.0323,0.0397418,0.109025,-4.99353,0,0,-5,0.0397418,0.109025,0.00646973,0.116223,-0.0214413,-0.0802166,-0.00818876,0,0,0
1780640059121671,59.0483,0.0399359,0.109193,-4.99359,0,0,-5,0.0399359,0.109193,0.00640869,0.116443,-0.0210417,-0.0794188,-0.00954801,0,0,0
1780640059145671,59.0723,0.040173,0.109296,-4.99371,0,0,-5,0.040173,0.109296,0.00628662,0.116615,-0.0214155,-0.0793524,-0.00865344,0,0,0
1780640059161671,59.0883,0.0402977,0.109283,-4.9938,0,0,-5,0.0402977,0.109283,0.00619507,0.116641,-0.021701,-0.0790825,-0.00853895,0,0,0
1780640059185671,59.1123,0.0404427,0.109131,-4.99387,0,0,-5,0.0404427,0.109131,0.00613403,0.116545,-0.0223514,-0.0785386,-0.00943333,0,0,0
1780640059201671,59.1283,0.0405016,0.108949,-4.99393,0,0,-5,0.0405016,0.108949,0.006073,0.116392,-0.0225383,-0.0791035,-0.00982396,0,0,0
1780640059225671,59.1523,0.0405513,0.108553,-4.99402,0,0,-5,0.0405513,0.108553,0.00598145,0.116034,-0.023162,-0.0787613,-0.00957804,0,0,0
1780640059241671,59.1683,0.0405641,0.108204,-4.99408,0,0,-5,0.0405641,0.108204,0.00592041,0.115709,-0.0223929,-0.0802254,-0.00892473,0,0,0
1780640059257671,59.1843,0.0405546,0.107783,-4.99414,0,0,-5,0.0405546,0.107783,0.00585938,0.115309,-0.0231504,-0.0809544,-0.00940596,0,0,0
1780640059281671,59.2083,0.0404902,0.10704,-4.99426,0,0,-5,0.0404902,0.10704,0.0057373,0.114586,-0.0236103,-0.0812511,-0.010966,0,0,0
1780640059305671,59.2323,0.0403855,0.10616,-4.99438,0,0,-5,0.0403855,0.10616,0.00561523,0.113721,-0.023808,-0.0821051,-0.0112414,0,0,0
1780640059321671,59.2483,0.0402824,0.105514,-4.99448,0,0,-5,0.0402824,0.105514,0.00552368,0.113076,-0.0242958,-0.0818416,-0.0104311,0,0,0
1780640059345671,59.2723,0.0400898,0.104457,-4.99457,0,0,-5,0.0400898,0.104457,0.00543213,0.112017,-0.0241663,-0.0817159,-0.00961922,0,0,0
1780640059361671,59.2883,0.0399447,0.103698,-4.99463,0,0,-5,0.0399447,0.103698,0.00537109,0.111255,-0.0243072,-0.0825811,-0.0090544,0,0,0
1780640059385671,59.3123,0.0401593,0.103845,-4.99448,0,0,-5,0.0401593,0.103845,0.00552368,0.111477,-0.0245032,-0.0815421,-0.00829129,0,0,0
1780640059401671,59.3283,0.0404174,0.104309,-4.99426,0,0,-5,0.0404174,0.104309,0.0057373,0.112013,-0.0241521,-0.0807713,-0.00837423,0,0,0
1780640059425671,59.3523,0.0407616,0.104826,-4.99399,0,0,-5,0.0407616,0.104826,0.00601196,0.112633,-0.0235329,-0.0808266,-0.00889169,0,0,0
1780640059441671,59.3683,0.0409678,0.105058,-4.9938,0,0,-5,0.0409678,0.105058,0.00619507,0.112933,-0.023483,-0.0803377,-0.00734113,0,0,0
1780640059465671,59.3923,0.0411934,0.105249,-4.99356,0,0,-5,0.0411934,0.105249,0.00643921,0.113206,-0.0238973,-0.0802782,-0.00508346,0,0,0
1780640059481671,59.4083,0.0413112,0.105278,-4.99335,0,0,-5,0.0413112,0.105278,0.00665283,0.113288,-0.0233332,-0.0798658,-0.00410686,0,0,0
1780640059505671,59.4323,0.0414613,0.105183,-4.99304,0,0,-5,0.0414613,0.105183,0.00695801,0.113273,-0.0221798,-0.0798449,-0.00370716,0,0,0
1780640059521671,59.4483,0.041528,0.105031,-4.99286,0,0,-5,0.041528,0.105031,0.00714111,0.113168,-0.0237228,-0.079539,-0.00498122,0,0,0
1780640059545671,59.4723,0.0415526,0.104672,-4.99265,0,0,-5,0.0415526,0.104672,0.00735474,0.112858,-0.0239465,-0.080799,-0.00470747,0,0,0
1780640059561671,59.4883,0.0415617,0.104344,-4.99249,0,0,-5,0.0415617,0.104344,0.00750732,0.112567,-0.0235791,-0.0811949,-0.00479973,0,0,0
1780640059585671,59.5123,0.0415539,0.103744,-4.99228,0,0,-5,0.0415539,0.103744,0.00772095,0.112023,-0.0224184,-0.0811274,-0.00406242,0,0,0
1780640059601671,59.5283,0.0415315,0.103262,-4.99216,0,0,-5,0.0415315,0.103262,0.00784302,0.111577,-0.0224313,-0.0823174,-0.00475979,0,0,0
1780640059625671,59.5523,0.0414551,0.102434,-4.99194,0,0,-5,0.0414551,0.102434,0.00805664,0.110798,-0.0231252,-0.083108,-0.00410537,0,0,0
1780640059641671,59.5683,0.0413622,0.101802,-4.99182,0,0,-5,0.0413622,0.101802,0.00817871,0.110188,-0.0245829,-0.0845711,-0.00544995,0,0,0
1780640059665671,59.5923,0.0411645,0.10075,-4.99164,0,0,-5,0.0411645,0.10075,0.00836182,0.109156,-0.0247218,-0.0847687,-0.00670457,0,0,0
1780640059681671,59.6083,0.0410302,0.0999823,-4.99155,0,0,-5,0.0410302,0.0999823,0.00845337,0.108404,-0.0241405,-0.0861027,-0.0071659,0,0,0
1780640059705671,59.6323,0.0408361,0.0987125,-4.99146,0,0,-5,0.0408361,0.0987125,0.00854492,0.107167,-0.023031,-0.0879268,-0.00628029,0,0,0
1780640059721671,59.6483,0.0406908,0.0977957,-4.99139,0,0,-5,0.0406908,0.0977957,0.00860596,0.106272,-0.0235398,-0.0883312,-0.00732977,0,0,0
1780640059745671,59.6723,0.0404273,0.0963505,-4.99136,0,0,-5,0.0404273,0.0963505,0.00863647,0.104845,-0.0244634,-0.0878175,-0.00774756,0,0,0
1780640059761671,59.6883,0.0402336,0.0953552,-4.99136,0,0,-5,0.0402336,0.0953552,0.00863647,0.103855,-0.0236317,-0.0883199,-0.00829056,0,0,0
1780640059785671,59.7123,0.0398046,0.0941781,-4.9913,0,0,-5,0.0398046,0.0941781,0.00869751,0.102614,-0.0241541,-0.0870065,-0.00768933,0,0,0
1780640059801671,59.7283,0.0394595,0.0934874,-4.99124,0,0,-5,0.0394595,0.0934874,0.00875854,0.101851,-0.0251972,-0.0849592,-0.00789299,0,0,0
1780640059825671,59.7523,0.0389159,0.092398,-4.99115,0,0,-5,0.0389159,0.092398,0.0088501,0.100649,-0.0270626,-0.0843172,-0.00854267,0,0,0
1780640059841671,59.7683,0.0385035,0.0916232,-4.99109,0,0,-5,0.0385035,0.0916232,0.00891113,0.0997834,-0.0293784,-0.0840089,-0.00811585,0,0,0
1780640059865874,59.7925,0.0378411,0.0903737,-4.99103,0,0,-5,0.0378411,0.0903737,0.00897217,0.0983862,-0.0290148,-0.0848963,-0.00671699,0,0,0
1780640059881874,59.8085,0.0374057,0.0894902,-4.991,0,0,-5,0.0374057,0.0894902,0.00900269,0.0974101,-0.0294767,-0.0843884,-0.0068245,0,0,0
1780640059905874,59.8325,0.0367475,0.0881214,-4.99097,0,0,-5,0.0367475,0.0881214,0.0090332,0.0959028,-0.0299688,-0.0831356,-0.00760861,0,0,0
1780640059921874,59.8485,0.0362973,0.087174,-4.99097,0,0,-5,0.0362973,0.087174,0.0090332,0.0948599,-0.030769,-0.0831088,-0.00800378,0,0,0
1780640059945874,59.8725,0.0356004,0.0856899,-4.991,0,0,-5,0.0356004,0.0856899,0.00900269,0.0932266,-0.0310525,-0.0830371,-0.00845302,0,0,0
1780640059961874,59.8885,0.0351338,0.0846671,-4.991,0,0,-5,0.0351338,0.0846671,0.00900269,0.0921084,-0.0314157,-0.0831923,-0.00800047,0,0,0
1780640059977874,59.9045,0.0346654,0.0836027,-4.99103,0,0,-5,0.0346654,0.0836027,0.00897217,0.0909483,-0.031478,-0.0843082,-0.00845465,0,0,0
1780640060001874,59.9285,0.0339382,0.0819455,-4.99109,0,0,-5,0.0339382,0.0819455,0.00891113,0.0891419,-0.0313279,-0.0849769,-0.00956951,0,0,0
1780640060025874,59.9525,0.0332271,0.0802155,-4.99121,0,0,-5,0.0332271,0.0802155,0.00878906,0.0872686,-0.0315577,-0.0856238,-0.0115375,0,0,0
1780640060041874,59.9685,0.0327439,0.0790195,-4.9913,0,0,-5,0.0327439,0.0790195,0.00869751,0.0859761,-0.0320223,-0.0857632,-0.0116747,0,0,0
1780640060065874,59.9925,0.0320063,0.0771929,-4.99146,0,0,-5,0.0320063,0.0771929,0.00854492,0.084001,-0.0330079,-0.084219,-0.0108549,0,0,0
1780640060081874,60.0085,0.0315041,0.0759758,-4.99155,0,0,-5,0.0315041,0.0759758,0.00845337,0.0826818,-0.0337139,-0.0840331,-0.0103354,0,0,0
1780640060097874,60.0245,0.0309778,0.0747258,-4.99164,0,0,-5,0.0309778,0.0747258,0.00836182,0.0813233,-0.0350914,-0.0850075,-0.00899139,0,0,0
1780640060121874,60.0485,0.0301608,0.0727964,-4.99176,0,0,-5,0.0301608,0.0727964,0.00823975,0.0792268,-0.0354068,-0.0860657,-0.00916364,0,0,0
1780640060137874,60.0645,0.0296133,0.0714826,-4.99185,0,0,-5,0.0296133,0.0714826,0.00814819,0.0778017,-0.0353181,-0.0852788,-0.00853921,0,0,0
1780640060161874,60.0885,0.0287965,0.0694818,-4.99197,0,0,-5,0.0287965,0.0694818,0.00802612,0.0756398,-0.0342828,-0.0851912,-0.00891516,0,0,0
1780640060185874,60.1125,0.0281421,0.0677549,-4.992,0,0,-5,0.0281421,0.0677549,0.00799561,0.0738013,-0.0336444,-0.0842929,-0.00736138,0,0,0
1780640060201874,60.1285,0.0277273,0.0666839,-4.99197,0,0,-5,0.0277273,0.0666839,0.00802612,0.0726633,-0.0336362,-0.0831485,-0.00708278,0,0,0
1780640060225874,60.1525,0.0271049,0.0650485,-4.99197,0,0,-5,0.0271049,0.0650485,0.00802612,0.0709253,-0.0330321,-0.0833601,-0.00754299,0,0,0
1780640060241874,60.1685,0.0266761,0.0639171,-4.99197,0,0,-5,0.0266761,0.0639171,0.00802612,0.069724,-0.0338559,-0.0837962,-0.00714836,0,0,0
1780640060257874,60.1845,0.0262369,0.062756,-4.99194,0,0,-5,0.0262369,0.062756,0.00805664,0.0684953,-0.0334537,-0.0840346,-0.00659116,0,0,0
1780640060281874,60.2085,0.0255795,0.0609713,-4.99194,0,0,-5,0.0255795,0.0609713,0.00805664,0.0666087,-0.0327493,-0.0853209,-0.00827923,0,0,0
1780640060305874,60.2325,0.0249185,0.0591201,-4.99197,0,0,-5,0.0249185,0.0591201,0.00802612,0.0646571,-0.0323083,-0.0839973,-0.00856292,0,0,0
1780640060321874,60.2485,0.0244878,0.0578794,-4.99203,0,0,-5,0.0244878,0.0578794,0.00796509,0.0633492,-0.03302,-0.0840385,-0.00898643,0,0,0
1780640060345874,60.2725,0.0238288,0.0559838,-4.99213,0,0,-5,0.0238288,0.0559838,0.00787354,0.0613514,-0.0336834,-0.083536,-0.0101549,0,0,0
1780640060361874,60.2885,0.0233871,0.0547158,-4.99222,0,0,-5,0.0233871,0.0547158,0.00778198,0.0600111,-0.0325522,-0.0829635,-0.0107961,0,0,0
1780640060385874,60.3125,0.0227472,0.0527925,-4.99234,0,0,-5,0.0227472,0.0527925,0.00765991,0.0579928,-0.0311437,-0.0830482,-0.00934427,0,0,0
1780640060401874,60.3285,0.0223244,0.0514881,-4.99243,0,0,-5,0.0223244,0.0514881,0.00756836,0.0566276,-0.031029,-0.0835199,-0.0105239,0,0,0
1780640060417874,60.3445,0.0218973,0.0501566,-4.99255,0,0,-5,0.0218973,0.0501566,0.00744629,0.0552324,-0.0308357,-0.0843696,-0.0112015,0,0,0
1780640060441874,60.3685,0.0212519,0.0481131,-4.99274,0,0,-5,0.0212519,0.0481131,0.00726318,0.0530967,-0.0307376,-0.0859262,-0.0101099,0,0,0
1780640060457874,60.3845,0.0208161,0.0467307,-4.9928,0,0,-5,0.0208161,0.0467307,0.00720215,0.0516618,-0.030493,-0.0844371,-0.00951141,0,0,0
1780640060481874,60.4085,0.0201448,0.0447048,-4.99292,0,0,-5,0.0201448,0.0447048,0.00708008,0.0495425,-0.0297838,-0.0827986,-0.00937621,0,0,0
1780640060505874,60.4325,0.0194693,0.0426637,-4.99304,0,0,-5,0.0194693,0.0426637,0.00695801,0.0474095,-0.0301845,-0.0826048,-0.00823034,0,0,0
1780640060521874,60.4485,0.0190045,0.0412991,-4.99313,0,0,-5,0.0190045,0.0412991,0.00686646,0.0459776,-0.0308917,-0.0825169,-0.0097074,0,0,0
1780640060537874,60.4645,0.0185339,0.0399254,-4.99323,0,0,-5,0.0185339,0.0399254,0.0067749,0.0445359,-0.0305894,-0.0816636,-0.00888776,0,0,0
1780640060561874,60.4885,0.0178441,0.0378795,-4.99338,0,0,-5,0.0178441,0.0378795,0.00662231,0.0423925,-0.030036,-0.0805341,-0.00892635,0,0,0
1780640060585874,60.5125,0.0173651,0.0364701,-4.99329,0,0,-5,0.0173651,0.0364701,0.00671387,0.0409474,-0.030023,-0.0794311,-0.0096823,0,0,0
1780640060601874,60.5285,0.0171071,0.0357201,-4.99316,0,0,-5,0.0171071,0.0357201,0.00683594,0.0401909,-0.0295381,-0.0785583,-0.0101991,0,0,0
1780640060625874,60.5525,0.0166881,0.0345573,-4.99301,0,0,-5,0.0166881,0.0345573,0.00698853,0.0390069,-0.0294694,-0.0766511,-0.00871009,0,0,0
1780640060641874,60.5685,0.016404,0.033757,-4.99289,0,0,-5,0.016404,0.033757,0.0071106,0.0381993,-0.0295666,-0.0760068,-0.008559,0,0,0
1780640060665874,60.5925,0.0159421,0.0325185,-4.99277,0,0,-5,0.0159421,0.0325185,0.00723267,0.0369313,-0.0306116,-0.0750859,-0.00947784,0,0,0
1780640060681874,60.6085,0.0156223,0.031677,-4.99271,0,0,-5,0.0156223,0.031677,0.0072937,0.0360651,-0.0295169,-0.0742361,-0.00924257,0,0,0
1780640060705874,60.6325,0.0151439,0.0303856,-4.99261,0,0,-5,0.0151439,0.0303856,0.00738525,0.0347443,-0.0285005,-0.0726771,-0.00819881,0,0,0
1780640060721874,60.6485,0.014816,0.0295023,-4.99258,0,0,-5,0.014816,0.0295023,0.00741577,0.0338363,-0.0292031,-0.0730944,-0.00734576,0,0,0
1780640060745874,60.6725,0.0143229,0.028107,-4.99252,0,0,-5,0.0143229,0.028107,0.00747681,0.0324199,-0.0277907,-0.0745637,-0.00591378,0,0,0
1780640060761874,60.6885,0.0139933,0.0271333,-4.99246,0,0,-5,0.0139933,0.0271333,0.00753784,0.0314459,-0.0277992,-0.0741145,-0.00632121,0,0,0
1780640060785874,60.7125,0.013478,0.0256764,-4.99243,0,0,-5,0.013478,0.0256764,0.00756836,0.0299703,-0.0279151,-0.0721156,-0.00753606,0,0,0
1780640060801874,60.7285,0.0131384,0.0246951,-4.99243,0,0,-5,0.0131384,0.0246951,0.00756836,0.0289783,-0.0269404,-0.0708285,-0.00790527,0,0,0
1780640060825874,60.7525,0.0126337,0.0232245,-4.99243,0,0,-5,0.0126337,0.0232245,0.00756836,0.0275003,-0.0266701,-0.0700037,-0.00873973,0,0,0
1780640060841874,60.7685,0.0122833,0.0222468,-4.99246,0,0,-5,0.0122833,0.0222468,0.00753784,0.0265069,-0.0273007,-0.0678598,-0.00824519,0,0,0
1780640060865874,60.7925,0.0117692,0.0208028,-4.99249,0,0,-5,0.0117692,0.0208028,0.00750732,0.0250525,-0.0254623,-0.0658938,-0.00698169,0,0,0
1780640060882086,60.8087,0.011432,0.0198472,-4.99252,0,0,-5,0.011432,0.0198472,0.00747681,0.0240937,-0.0250956,-0.0643266,-0.00775774,0,0,0
1780640060906086,60.8327,0.0109358,0.0184053,-4.99255,0,0,-5,0.0109358,0.0184053,0.00744629,0.022667,-0.0247074,-0.0644287,-0.00692817,0,0,0
1780640060922086,60.8487,0.0106182,0.0174342,-4.99258,0,0,-5,0.0106182,0.0174342,0.00741577,0.0217184,-0.0230599,-0.0638524,-0.00632712,0,0,0
1780640060946086,60.8727,0.0101525,0.0159601,-4.99261,0,0,-5,0.0101525,0.0159601,0.00738525,0.0203061,-0.0224028,-0.063154,-0.00448056,0,0,0
1780640060962086,60.8887,0.0098456,0.0149899,-4.99258,0,0,-5,0.0098456,0.0149899,0.00741577,0.0194069,-0.0225537,-0.0615426,-0.00316597,0,0,0
1780640060986086,60.9127,0.00993515,0.0136288,-4.99258,0,0,-5,0.00993515,0.0136288,0.00741577,0.018424,-0.0217601,-0.0597096,-0.00242035,0,0,0
1780640061002086,60.9287,0.0101492,0.0127505,-4.99258,0,0,-5,0.0101492,0.0127505,0.00741577,0.0179047,-0.0216241,-0.0589163,-0.00195527,0,0,0
1780640061026086,60.9527,0.0104128,0.0114557,-4.99255,0,0,-5,0.0104128,0.0114557,0.00744629,0.0171787,-0.0220391,-0.0563565,-0.00266148,0,0,0
1780640061042086,60.9687,0.0105423,0.0106024,-4.99255,0,0,-5,0.0105423,0.0106024,0.00744629,0.0167032,-0.0214704,-0.0555925,-0.00311478,0,0,0
1780640061066086,60.9927,0.0107044,0.00932965,-4.99258,0,0,-5,0.0107044,0.00932965,0.00741577,0.0160194,-0.0205697,-0.0546533,-0.00479414,0,0,0
1780640061082086,61.0087,0.0107889,0.00847655,-4.99261,0,0,-5,0.0107889,0.00847655,0.00738525,0.0155818,-0.0205887,-0.053691,-0.00608214,0,0,0
1780640061106086,61.0327,0.0108931,0.00721688,-4.99271,0,0,-5,0.0108931,0.00721688,0.0072937,0.0149647,-0.0193717,-0.0526455,-0.00690022,0,0,0
1780640061122086,61.0487,0.0109559,0.00636337,-4.99277,0,0,-5,0.0109559,0.00636337,0.00723267,0.0145889,-0.0180957,-0.052718,-0.00707187,0,0,0
1780640061146086,61.0727,0.0110561,0.00506162,-4.99289,0,0,-5,0.0110561,0.00506162,0.0071106,0.0140861,-0.0171618,-0.0523855,-0.00750692,0,0,0
1780640061162086,61.0887,0.0111008,0.00420093,-4.99298,0,0,-5,0.0111008,0.00420093,0.00701904,0.0137892,-0.016751,-0.0513883,-0.00593553,0,0,0
1780640061186086,61.1127,0.0111742,0.00290509,-4.9931,0,0,-5,0.0111742,0.00290509,0.00689697,0.0134488,-0.0151069,-0.0507979,-0.00561634,0,0,0
1780640061202086,61.1287,0.0112327,0.00204475,-4.99316,0,0,-5,0.0112327,0.00204475,0.00683594,0.0133073,-0.0146149,-0.0509815,-0.00501147,0,0,0
1780640061226086,61.1527,0.0113036,0.000748041,-4.99326,0,0,-5,0.0113036,0.000748041,0.00674438,0.013184,-0.0144307,-0.050161,-0.00509943,0,0,0
1780640061242086,61.1687,0.0113325,-0.000111869,-4.99329,0,0,-5,0.0113325,-0.000111869,0.00671387,0.0131725,-0.0139095,-0.049126,-0.00564057,0,0,0
1780640061266086,61.1927,0.0113735,-0.00136868,-4.99338,0,0,-5,0.0113735,-0.00136868,0.00662231,0.013232,-0.0128822,-0.0465132,-0.00576917,0,0,0
1780640061282086,61.2087,0.0113904,-0.00218289,-4.99347,0,0,-5,0.0113904,-0.00218289,0.00653076,0.0133101,-0.0130449,-0.0454832,-0.00581272,0,0,0
1780640061306086,61.2327,0.0113819,-0.00341324,-4.99359,0,0,-5,0.0113819,-0.00341324,0.00640869,0.0135007,-0.0132314,-0.046165,-0.00619558,0,0,0
1780640061322086,61.2487,0.0113787,-0.00423913,-4.99368,0,0,-5,0.0113787,-0.00423913,0.00631714,0.0136876,-0.0127516,-0.0453256,-0.00655847,0,0,0
1780640061338086,61.2647,0.0113732,-0.00505751,-4.9938,0,0,-5,0.0113732,-0.00505751,0.00619507,0.0139035,-0.0121194,-0.0445351,-0.00731916,0,0,0
1780640061362086,61.2887,0.0113655,-0.00626607,-4.99393,0,0,-5,0.0113655,-0.00626607,0.006073,0.014329,-0.0116806,-0.0428934,-0.00638973,0,0,0
1780640061386086,61.3127,0.0114452,-0.00736113,-4.99393,0,0,-5,0.0114452,-0.00736113,0.006073,0.0149017,-0.0122773,-0.0427358,-0.00452474,0,0,0
1780640061402086,61.3287,0.0115112,-0.00806845,-4.99387,0,0,-5,0.0115112,-0.00806845,0.00613403,0.0153373,-0.0136822,-0.0428442,-0.00423229,0,0,0
1780640061418086,61.3447,0.0115383,-0.00876665,-4.9938,0,0,-5,0.0115383,-0.00876665,0.00619507,0.0157596,-0.015166,-0.0408561,-0.00441576,0,0,0
1780640061442086,61.3687,0.0115399,-0.00980706,-4.99374,0,0,-5,0.0115399,-0.00980706,0.0062561,0.0163855,-0.0151162,-0.0403227,-0.00344586,0,0,0
1780640061466086,61.3927,0.0115481,-0.0108268,-4.99368,0,0,-5,0.0115481,-0.0108268,0.00631714,0.0170436,-0.0134792,-0.0383211,-0.00377239,0,0,0
1780640061482086,61.4087,0.0115583,-0.0114858,-4.99365,0,0,-5,0.0115583,-0.0114858,0.00634766,0.0174875,-0.012718,-0.0366051,-0.0036301,0,0,0
1780640061498086,61.4247,0.0115537,-0.012123,-4.99362,0,0,-5,0.0115537,-0.012123,0.00637817,0.0179203,-0.0130452,-0.034845,-0.0051201,0,0,0
1780640061522086,61.4487,0.011531,-0.0130613,-4.99365,0,0,-5,0.011531,-0.0130613,0.00634766,0.0185433,-0.0125737,-0.0341286,-0.0071033,0,0,0
1780640061546086,61.4727,0.0114924,-0.013992,-4.99371,0,0,-5,0.0114924,-0.013992,0.00628662,0.0191669,-0.0119174,-0.0335878,-0.00637507,0,0,0
1780640061562086,61.4887,0.0114574,-0.0146114,-4.99374,0,0,-5,0.0114574,-0.0146114,0.0062561,0.0195935,-0.0118133,-0.0327132,-0.0064557,0,0,0
1780640061578086,61.5047,0.0114215,-0.0152284,-4.99377,0,0,-5,0.0114215,-0.0152284,0.00622559,0.0200278,-0.011346,-0.0325725,-0.00540032,0,0,0
1780640061602086,61.5287,0.0113487,-0.0161412,-4.9938,0,0,-5,0.0113487,-0.0161412,0.00619507,0.0206812,-0.0111559,-0.0313813,-0.00533846,0,0,0
1780640061626086,61.5527,0.0112549,-0.017039,-4.99384,0,0,-5,0.0112549,-0.017039,0.00616455,0.0213308,-0.0119928,-0.0316402,-0.00566228,0,0,0
1780640061642086,61.5687,0.0111596,-0.0176513,-4.99387,0,0,-5,0.0111596,-0.0176513,0.00613403,0.0217654,-0.013002,-0.0316555,-0.0053829,0,0,0
1780640061666086,61.5927,0.0109839,-0.0185723,-4.9939,0,0,-5,0.0109839,-0.0185723,0.00610352,0.0224239,-0.0142096,-0.0313197,-0.00595806,0,0,0
1780640061682086,61.6087,0.0108467,-0.0191701,-4.99396,0,0,-5,0.0108467,-0.0191701,0.00604248,0.0228398,-0.0143676,-0.0296455,-0.00753519,0,0,0
1780640061706086,61.6327,0.0106417,-0.0200388,-4.99405,0,0,-5,0.0106417,-0.0200388,0.00595093,0.0234566,-0.0142384,-0.0290459,-0.00744401,0,0,0
1780640061722086,61.6487,0.0104954,-0.0206078,-4.99411,0,0,-5,0.0104954,-0.0206078,0.00588989,0.0238647,-0.0133682,-0.0275974,-0.00783865,0,0,0
1780640061738086,61.6647,0.0103658,-0.0211574,-4.9942,0,0,-5,0.0103658,-0.0211574,0.00579834,0.0242633,-0.0124482,-0.0263482,-0.0080818,0,0,0
1780640061762086,61.6887,0.0101573,-0.02193,-4.99435,0,0,-5,0.0101573,-0.02193,0.00564575,0.0248187,-0.0131721,-0.0233628,-0.00788445,0,0,0
1780640061786086,61.7127,0.0101678,-0.0225313,-4.99454,0,0,-5,0.0101678,-0.0225313,0.00546265,0.0253157,-0.0127324,-0.0214929,-0.00830624,0,0,0
1780640061802086,61.7287,0.010237,-0.0228555,-4.99469,0,0,-5,0.010237,-0.0228555,0.00531006,0.0256002,-0.0131158,-0.0187924,-0.00816414,0,0,0
1780640061826086,61.7527,0.0102936,-0.023334,-4.9949,0,0,-5,0.0102936,-0.023334,0.00509644,0.0260078,-0.0135882,-0.0187491,-0.00675404,0,0,0
1780640061842086,61.7687,0.0103107,-0.0236563,-4.99503,0,0,-5,0.0103107,-0.0236563,0.00497437,0.0262807,-0.0141864,-0.0184534,-0.00620108,0,0,0
1780640061866086,61.7927,0.0102943,-0.0241248,-4.99518,0,0,-5,0.0102943,-0.0241248,0.00482178,0.0266689,-0.0152636,-0.0173636,-0.00549864,0,0,0
1780640061882298,61.8089,0.010271,-0.0244459,-4.99527,0,0,-5,0.010271,-0.0244459,0.00473022,0.0269346,-0.0138682,-0.017662,-0.00577776,0,0,0
1780640061906298,61.8329,0.0102242,-0.0249168,-4.99536,0,0,-5,0.0102242,-0.0249168,0.00463867,0.0273294,-0.0131194,-0.0157306,-0.00545433,0,0,0
1780640061922298,61.8489,0.0101775,-0.0252204,-4.99545,0,0,-5,0.0101775,-0.0252204,0.00454712,0.027574,-0.0141867,-0.0148711,-0.00505868,0,0,0
1780640061946298,61.8729,0.0100421,-0.0256502,-4.99554,0,0,-5,0.0100421,-0.0256502,0.00445557,0.0279039,-0.0157926,-0.0133926,-0.00411847,0,0,0
1780640061962298,61.8889,0.00993255,-0.025922,-4.99564,0,0,-5,0.00993255,-0.025922,0.00436401,0.0281008,-0.0160851,-0.0121078,-0.00431685,0,0,0
1780640061986298,61.9129,0.00975085,-0.0263091,-4.99573,0,0,-5,0.00975085,-0.0263091,0.00427246,0.0283814,-0.0158066,-0.0105797,-0.00457102,0,0,0
1780640062002298,61.9289,0.00962482,-0.0265551,-4.99582,0,0,-5,0.00962482,-0.0265551,0.00418091,0.0285533,-0.0153671,-0.010166,-0.00554731,0,0,0
1780640062026298,61.9529,0.00945533,-0.0268904,-4.99594,0,0,-5,0.00945533,-0.0268904,0.00405884,0.0287919,-0.0130949,-0.0078894,-0.0057516,0,0,0
1780640062042298,61.9689,0.00935879,-0.0270985,-4.99603,0,0,-5,0.00935879,-0.0270985,0.00396729,0.0289423,-0.0126394,-0.00778154,-0.00665547,0,0,0
1780640062066298,61.9929,0.00921752,-0.0274196,-4.99619,0,0,-5,0.00921752,-0.0274196,0.0038147,0.0291779,-0.01207,-0.00778337,-0.00494218,0,0,0
1780640062082298,62.0089,0.00911039,-0.0276233,-4.99628,0,0,-5,0.00911039,-0.0276233,0.00372314,0.0293241,-0.0124644,-0.0066465,-0.00535247,0,0,0
1780640062106298,62.0329,0.00896066,-0.027897,-4.99643,0,0,-5,0.00896066,-0.027897,0.00357056,0.0295176,-0.010195,-0.00501937,-0.00541106,0,0,0
1780640062122298,62.0489,0.00888904,-0.0280647,-4.99655,0,0,-5,0.00888904,-0.0280647,0.00344849,0.0296401,-0.00846988,-0.00438674,-0.00725529,0,0,0
1780640062146298,62.0729,0.00878991,-0.0283063,-4.99673,0,0,-5,0.00878991,-0.0283063,0.00326538,0.029819,-0.00843316,-0.00351797,-0.00713568,0,0,0
1780640062162298,62.0889,0.00871386,-0.0284524,-4.99683,0,0,-5,0.00871386,-0.0284524,0.00317383,0.0299256,-0.00920532,-0.00313769,-0.0062978,0,0,0
1780640062186298,62.1129,0.00876121,-0.0282404,-4.9967,0,0,-5,0.00876121,-0.0282404,0.0032959,0.0297514,-0.00941728,-0.00358397,-0.00532742,0,0,0
1780640062202298,62.1289,0.00884286,-0.0279725,-4.99655,0,0,-5,0.00884286,-0.0279725,0.00344849,0.0295389,-0.00977348,-0.00347722,-0.00395102,0,0,0
1780640062226298,62.1529,0.00891657,-0.0275957,-4.99631,0,0,-5,0.00891657,-0.0275957,0.00369263,0.0292346,-0.0114308,-0.00145895,-0.0018148,0,0,0
1780640062242298,62.1689,0.00893054,-0.0273477,-4.99612,0,0,-5,0.00893054,-0.0273477,0.00387573,0.0290288,-0.0121429,-0.00118926,-0.00136214,0,0,0
1780640062266298,62.1929,0.00892346,-0.0269852,-4.99588,0,0,-5,0.00892346,-0.0269852,0.00411987,0.0287193,-0.0118856,0.000935336,-0.00160798,0,0,0
1780640062282298,62.2089,0.00890472,-0.02674,-4.99576,0,0,-5,0.00890472,-0.02674,0.00424194,0.0285012,-0.0121875,0.00187408,-0.0033983,0,0,0
1780640062306298,62.2329,0.00886215,-0.0263597,-4.99557,0,0,-5,0.00886215,-0.0263597,0.00442505,0.0281594,-0.0115941,0.00431217,-0.00385616,0,0,0
1780640062322298,62.2489,0.00882193,-0.0261016,-4.99548,0,0,-5,0.00882193,-0.0261016,0.0045166,0.0279199,-0.0114823,0.00481704,-0.00440161,0,0,0
1780640062346298,62.2729,0.00874992,-0.0257477,-4.99539,0,0,-5,0.00874992,-0.0257477,0.00460815,0.0275815,-0.0112342,0.00444511,-0.00458212,0,0,0
1780640062362298,62.2889,0.00868949,-0.0255235,-4.99533,0,0,-5,0.00868949,-0.0255235,0.00466919,0.0273634,-0.0117016,0.00464316,-0.0041858,0,0,0
1780640062386298,62.3129,0.0085582,-0.0252046,-4.99524,0,0,-5,0.0085582,-0.0252046,0.00476074,0.0270403,-0.0130545,0.00558783,-0.00346406,0,0,0
1780640062402298,62.3289,0.00845773,-0.0249864,-4.99518,0,0,-5,0.00845773,-0.0249864,0.00482178,0.0268161,-0.0130008,0.00686212,-0.00478114,0,0,0
1780640062426298,62.3529,0.00829707,-0.0246676,-4.99515,0,0,-5,0.00829707,-0.0246676,0.00485229,0.0264741,-0.0131177,0.00672555,-0.00487997,0,0,0
1780640062442298,62.3689,0.00817107,-0.0244586,-4.99515,0,0,-5,0.00817107,-0.0244586,0.00485229,0.0262399,-0.0135131,0.00762929,-0.00470744,0,0,0
1780640062458298,62.3849,0.00804488,-0.0242506,-4.99515,0,0,-5,0.00804488,-0.0242506,0.00485229,0.0260069,-0.0129937,0.00799837,-0.00411254,0,0,0
1780640062482298,62.4089,0.00785878,-0.0239407,-4.99512,0,0,-5,0.00785878,-0.0239407,0.00488281,0.0256663,-0.0129682,0.00943525,-0.00261971,0,0,0
1780640062498298,62.4249,0.00773091,-0.0237176,-4.99512,0,0,-5,0.00773091,-0.0237176,0.00488281,0.0254192,-0.0120044,0.0105907,-0.00299219,0,0,0
1780640062522298,62.4489,0.00755086,-0.0233708,-4.99515,0,0,-5,0.00755086,-0.0233708,0.00485229,0.0250351,-0.0113076,0.0111812,-0.00248342,0,0,0
1780640062546298,62.4729,0.00737811,-0.0230445,-4.99518,0,0,-5,0.00737811,-0.0230445,0.00482178,0.0246725,-0.0118897,0.0103404,-0.00348126,0,0,0
1780640062562298,62.4889,0.00724001,-0.0228474,-4.99524,0,0,-5,0.00724001,-0.0228474,0.00476074,0.0244353,-0.0122837,0.00930213,-0.00399904,0,0,0
1780640062586298,62.5129,0.00729434,-0.0219414,-4.9953,0,0,-5,0.00729434,-0.0219414,0.00469971,0.0235949,-0.0118463,0.00946268,-0.00425155,0,0,0
1780640062602298,62.5289,0.00740366,-0.0211546,-4.99533,0,0,-5,0.00740366,-0.0211546,0.00466919,0.0228939,-0.0117201,0.00964555,-0.00356558,0,0,0
1780640062626298,62.5529,0.00755532,-0.0200515,-4.99536,0,0,-5,0.00755532,-0.0200515,0.00463867,0.021924,-0.010171,0.0105654,-0.00487556,0,0,0
1780640062642298,62.5689,0.00764634,-0.0193416,-4.99539,0,0,-5,0.00764634,-0.0193416,0.00460815,0.0213026,-0.0112605,0.0108612,-0.00474946,0,0,0
1780640062666298,62.5929,0.00775336,-0.01834,-4.99545,0,0,-5,0.00775336,-0.01834,0.00454712,0.0204242,-0.00962966,0.0103208,-0.00435738,0,0,0
1780640062682298,62.6089,0.00784653,-0.0177095,-4.99551,0,0,-5,0.00784653,-0.0177095,0.00448608,0.0198827,-0.00887035,0.010886,-0.00523564,0,0,0
1780640062706298,62.6329,0.00796634,-0.0167817,-4.99561,0,0,-5,0.00796634,-0.0167817,0.00439453,0.0190893,-0.00874215,0.0132116,-0.00753548,0,0,0
1780640062722298,62.6489,0.00803491,-0.0161676,-4.99567,0,0,-5,0.00803491,-0.0161676,0.0043335,0.0185669,-0.00801147,0.0133232,-0.00698273,0,0,0
1780640062746298,62.6729,0.00814892,-0.0152921,-4.99573,0,0,-5,0.00814892,-0.0152921,0.00427246,0.0178468,-0.00751101,0.0135043,-0.00671054,0,0,0
1780640062762298,62.6889,0.00821226,-0.014733,-4.99579,0,0,-5,0.00821226,-0.014733,0.00421143,0.017385,-0.00785712,0.0131405,-0.00677263,0,0,0
1780640062786298,62.7129,0.00828058,-0.0139514,-4.99585,0,0,-5,0.00828058,-0.0139514,0.00415039,0.0167462,-0.00829573,0.0120428,-0.00630931,0,0,0
1780640062802298,62.7289,0.00831641,-0.0134641,-4.99591,0,0,-5,0.00831641,-0.0134641,0.00408936,0.0163453,-0.00736964,0.0117716,-0.00707126,0,0,0
1780640062826298,62.7529,0.00836533,-0.0127694,-4.996,0,0,-5,0.00836533,-0.0127694,0.0039978,0.0157803,-0.0079685,0.0121354,-0.007557,0,0,0
1780640062842298,62.7689,0.00838446,-0.0123312,-4.99606,0,0,-5,0.00838446,-0.0123312,0.00393677,0.0154226,-0.00792382,0.0117223,-0.00835826,0,0,0
1780640062866298,62.7929,0.00840088,-0.0116958,-4.99625,0,0,-5,0.00840088,-0.0116958,0.00375366,0.0148814,-0.00686507,0.0123149,-0.0086649,0,0,0
1780640062882509,62.8091,0.00841669,-0.0112871,-4.99634,0,0,-5,0.00841669,-0.0112871,0.00366211,0.0145482,-0.00628667,0.01233,-0.00789781,0,0,0
1780640062906509,62.8331,0.00844031,-0.0107081,-4.99652,0,0,-5,0.00844031,-0.0107081,0.003479,0.0140714,-0.00597934,0.0119488,-0.00753969,0,0,0
1780640062922509,62.8491,0.00843815,-0.0103423,-4.99661,0,0,-5,0.00843815,-0.0103423,0.00338745,0.013771,-0.00731818,0.0127022,-0.00666707,0,0,0
1780640062946509,62.8731,0.00838615,-0.00980281,-4.9968,0,0,-5,0.00838615,-0.00980281,0.00320435,0.0132925,-0.00837889,0.013069,-0.00748502,0,0,0
1780640062962509,62.8891,0.00834163,-0.0094463,-4.99692,0,0,-5,0.00834163,-0.0094463,0.00308228,0.0129737,-0.00787311,0.0139139,-0.00747916,0,0,0
1780640062986509,62.9131,0.00861778,-0.0083942,-4.99692,0,0,-5,0.00861778,-0.0083942,0.00308228,0.0124189,-0.00704554,0.0136132,-0.0054956,0,0,0
1780640063002509,62.9291,0.00889859,-0.00756201,-4.99686,0,0,-5,0.00889859,-0.00756201,0.00314331,0.0120934,-0.00755987,0.0131061,-0.00411079,0,0,0
1780640063026509,62.9531,0.00925718,-0.00637966,-4.9967,0,0,-5,0.00925718,-0.00637966,0.0032959,0.0117157,-0.00799829,0.0129963,-0.00352468,0,0,0
1780640063042509,62.9691,0.00947484,-0.00563373,-4.99664,0,0,-5,0.00947484,-0.00563373,0.00335693,0.011523,-0.00822061,0.0133375,-0.00355151,0,0,0
1780640063058509,62.9851,0.0096725,-0.00491961,-4.99658,0,0,-5,0.0096725,-0.00491961,0.00341797,0.0113773,-0.00802552,0.0126816,-0.00350382,0,0,0
1780640063082509,63.0091,0.00996401,-0.00390206,-4.99649,0,0,-5,0.00996401,-0.00390206,0.00350952,0.0112616,-0.00663918,0.0140633,-0.00404626,0,0,0
1780640063098509,63.0251,0.0101402,-0.00323637,-4.99643,0,0,-5,0.0101402,-0.00323637,0.00357056,0.0112271,-0.00779467,0.0140024,-0.00447172,0,0,0
1780640063122509,63.0491,0.0103575,-0.00230566,-4.99637,0,0,-5,0.0103575,-0.00230566,0.00363159,0.0112153,-0.00821792,0.0136555,-0.00274773,0,0,0
1780640063146509,63.0731,0.0105471,-0.00141688,-4.99631,0,0,-5,0.0105471,-0.00141688,0.00369263,0.0112643,-0.00722232,0.0149584,-0.00293933,0,0,0
1780640063162509,63.0891,0.010665,-0.000835853,-4.99625,0,0,-5,0.010665,-0.000835853,0.00375366,0.0113371,-0.0072582,0.0145459,-0.00299577,0,0,0
1780640063186509,63.1131,0.0108015,-2.00326e-06,-4.99619,0,0,-5,0.0108015,-2.00326e-06,0.0038147,0.0114553,-0.00750131,0.0141646,-0.00125946,0,0,0
1780640063202509,63.1291,0.010885,0.000522694,-4.99612,0,0,-5,0.010885,0.000522694,0.00387573,0.0115662,-0.00668577,0.0140542,-0.00117888,0,0,0
1780640063226509,63.1531,0.0109788,0.00126156,-4.99606,0,0,-5,0.0109788,0.00126156,0.00393677,0.0117313,-0.00799372,0.0137099,-0.00135754,0,0,0
1780640063242509,63.1691,0.0110255,0.00172903,-4.99606,0,0,-5,0.0110255,0.00172903,0.00393677,0.0118343,-0.00714506,0.0130179,-0.00340862,0,0,0
1780640063258509,63.1851,0.0110789,0.00217296,-4.99609,0,0,-5,0.0110789,0.00217296,0.00390625,0.0119467,-0.00730207,0.0125405,-0.00417598,0,0,0
1780640063282509,63.2091,0.0111364,0.00281525,-4.99612,0,0,-5,0.0111364,0.00281525,0.00387573,0.012123,-0.00779224,0.0130292,-0.00431664,0,0,0
1780640063306509,63.2331,0.0111611,0.00341563,-4.99619,0,0,-5,0.0111611,0.00341563,0.0038147,0.0122796,-0.00873607,0.0126248,-0.00419244,0,0,0
1780640063322509,63.2491,0.0111508,0.00379215,-4.99622,0,0,-5,0.0111508,0.00379215,0.00378418,0.0123709,-0.00920193,0.0121175,-0.00474244,0,0,0
1780640063346509,63.2731,0.0111155,0.00430484,-4.99631,0,0,-5,0.0111155,0.00430484,0.00369263,0.0124789,-0.00914275,0.0116115,-0.00445111,0,0,0
1780640063362509,63.2891,0.011087,0.00461783,-4.99628,0,0,-5,0.011087,0.00461783,0.00372314,0.0125741,-0.00906019,0.00906134,-0.00569697,0,0,0
1780640063386509,63.3131,0.0112452,0.00564982,-4.99615,0,0,-5,0.0112452,0.00564982,0.00384521,0.0131591,-0.00863116,0.00714728,-0.00598389,0,0,0
1780640063402509,63.3291,0.0114146,0.00649221,-4.99606,0,0,-5,0.0114146,0.00649221,0.00393677,0.0137091,-0.00838589,0.00792993,-0.00593584,0,0,0
1780640063426509,63.3531,0.0116165,0.00769493,-4.99597,0,0,-5,0.0116165,0.00769493,0.00402832,0.0145046,-0.00961923,0.00745339,-0.00592369,0,0,0
1780640063442509,63.3691,0.0117261,0.00844243,-4.99594,0,0,-5,0.0117261,0.00844243,0.00405884,0.0150083,-0.00957021,0.00650116,-0.00651515,0,0,0
1780640063458509,63.3851,0.0118204,0.00913701,-4.99591,0,0,-5,0.0118204,0.00913701,0.00408936,0.0154897,-0.00976978,0.00569102,-0.00643875,0,0,0
1780640063482509,63.4091,0.0119385,0.0100897,-4.99588,0,0,-5,0.0119385,0.0100897,0.00411987,0.0161649,-0.00947357,0.003868,-0.00472571,0,0,0
1780640063506509,63.4331,0.0120238,0.0109246,-4.99585,0,0,-5,0.0120238,0.0109246,0.00415039,0.0167674,-0.0102867,0.00258244,-0.00482851,0,0,0
1780640063522509,63.4491,0.0120642,0.0114336,-4.99582,0,0,-5,0.0120642,0.0114336,0.00418091,0.0171392,-0.0097913,0.0021477,-0.00469688,0,0,0
1780640063546509,63.4731,0.0121235,0.0121702,-4.99582,0,0,-5,0.0121235,0.0121702,0.00418091,0.0176797,-0.00926407,0.00293778,-0.00499817,0,0,0
1780640063562509,63.4891,0.0121549,0.0126106,-4.99579,0,0,-5,0.0121549,0.0126106,0.00421143,0.018014,-0.00854596,0.00114922,-0.00495359,0,0,0
1780640063586509,63.5131,0.0121843,0.0132034,-4.99582,0,0,-5,0.0121843,0.0132034,0.00418091,0.0184463,-0.009104,0.000756886,-0.00523453,0,0,0
1780640063602509,63.5291,0.0122029,0.0135786,-4.99582,0,0,-5,0.0122029,0.0135786,0.00418091,0.0187288,-0.00917341,0.00161688,-0.00501603,0,0,0
1780640063618509,63.5451,0.0122127,0.0139208,-4.99585,0,0,-5,0.0122127,0.0139208,0.00415039,0.018978,-0.00919616,-0.000290415,-0.00542653,0,0,0
1780640063642509,63.5691,0.0121999,0.0143884,-4.99588,0,0,-5,0.0121999,0.0143884,0.00411987,0.019309,-0.0100646,0.0012367,-0.00319167,0,0,0
1780640063666509,63.5931,0.0121428,0.0148542,-4.99588,0,0,-5,0.0121428,0.0148542,0.00411987,0.0196231,-0.0112157,0.00236058,-0.00285778,0,0,0
1780640063682509,63.6091,0.0120951,0.0151551,-4.99585,0,0,-5,0.0120951,0.0151551,0.00415039,0.0198291,-0.0103869,0.00167334,-0.00230176,0,0,0
1780640063706509,63.6331,0.0120092,0.0155458,-4.99582,0,0,-5,0.0120092,0.0155458,0.00418091,0.0200841,-0.011243,0.000347188,-0.000441911,0,0,0
1780640063722509,63.6491,0.0119461,0.0157724,-4.99579,0,0,-5,0.0119461,0.0157724,0.00421143,0.020229,-0.0104867,-0.000179433,0.000999461,0,0,0
1780640063746509,63.6731,0.0118467,0.0160679,-4.99573,0,0,-5,0.0118467,0.0160679,0.00427246,0.0204151,-0.0106959,-0.00133015,0.00136615,0,0,0
1780640063762509,63.6891,0.0117693,0.0162431,-4.9957,0,0,-5,0.0117693,0.0162431,0.00430298,0.0205151,-0.010463,-0.000957525,0.000591798,0,0,0
1780640063786509,63.7131,0.0120477,0.0171966,-4.99545,0,0,-5,0.0120477,0.0171966,0.00454712,0.0214837,-0.0106714,-0.0008146,-0.000438259,0,0,0
1780640063802509,63.7291,0.0123297,0.0180104,-4.99524,0,0,-5,0.0123297,0.0180104,0.00476074,0.0223397,-0.0124838,-0.00141078,-0.00053033,0,0,0
1780640063826509,63.7531,0.0126752,0.0191357,-4.99496,0,0,-5,0.0126752,0.0191357,0.0050354,0.0234988,-0.012523,-0.001644,-0.0018679,0,0,0
1780640063842509,63.7691,0.0128941,0.0198368,-4.99481,0,0,-5,0.0128941,0.0198368,0.00518799,0.0242213,-0.0119284,-0.00136628,-0.00450527,0,0,0
1780640063866509,63.7931,0.0131917,0.0208058,-4.99466,0,0,-5,0.0131917,0.0208058,0.00534058,0.0252076,-0.0111718,-0.00262388,-0.00562928,0,0,0
1780640063882509,63.8091,0.0133715,0.0213888,-4.9946,0,0,-5,0.0133715,0.0213888,0.00540161,0.0257964,-0.0111005,-0.00530006,-0.00598959,0,0,0
1780640063906720,63.8334,0.0136197,0.0221738,-4.99451,0,0,-5,0.0136197,0.0221738,0.00549316,0.026596,-0.0101309,-0.00597285,-0.00571521,0,0,0
1780640063922720,63.8494,0.0137717,0.0226514,-4.99445,0,0,-5,0.0137717,0.0226514,0.0055542,0.027085,-0.00982077,-0.00575132,-0.00597356,0,0,0
1780640063946720,63.8734,0.0139746,0.0233207,-4.99442,0,0,-5,0.0139746,0.0233207,0.00558472,0.0277549,-0.0105357,-0.00484857,-0.00530041,0,0,0
1780640063962720,63.8894,0.0140771,0.0237393,-4.99438,0,0,-5,0.0140771,0.0237393,0.00561523,0.0281646,-0.0107865,-0.00499035,-0.00505317,0,0,0
1780640063986720,63.9134,0.0142075,0.0243081,-4.99435,0,0,-5,0.0142075,0.0243081,0.00564575,0.0287161,-0.00992304,-0.00526646,-0.00363499,0,0,0
1780640064002720,63.9294,0.0142928,0.0246547,-4.99432,0,0,-5,0.0142928,0.0246547,0.00567627,0.0290579,-0.0095043,-0.00516912,-0.00412065,0,0,0
1780640064026720,63.9534,0.0143757,0.0251373,-4.99432,0,0,-5,0.0143757,0.0251373,0.00567627,0.0295087,-0.0105752,-0.00487818,-0.00455358,0,0,0
1780640064042720,63.9694,0.014374,0.0254201,-4.99435,0,0,-5,0.014374,0.0254201,0.00564575,0.0297433,-0.0125508,-0.00596419,-0.00460935,0,0,0
1780640064066720,63.9934,0.0143347,0.0257767,-4.99438,0,0,-5,0.0143347,0.0257767,0.00561523,0.0300242,-0.0117055,-0.00673017,-0.00511014,0,0,0
1780640064082720,64.0094,0.0143032,0.0259742,-4.99438,0,0,-5,0.0143032,0.0259742,0.00561523,0.030179,-0.0121458,-0.0072375,-0.00644779,0,0,0
1780640064098720,64.0254,0.0142646,0.0261459,-4.99438,0,0,-5,0.0142646,0.0261459,0.00561523,0.0303087,-0.0113645,-0.00818234,-0.00661931,0,0,0
1780640064122720,64.0494,0.0141927,0.0263319,-4.99445,0,0,-5,0.0141927,0.0263319,0.0055542,0.0304245,-0.0119615,-0.00946558,-0.00772151,0,0,0
1780640064146720,64.0734,0.0140945,0.0264562,-4.99451,0,0,-5,0.0140945,0.0264562,0.00549316,0.0304756,-0.0119282,-0.00999035,-0.00673872,0,0,0
1780640064162720,64.0894,0.0140107,0.0265199,-4.99454,0,0,-5,0.0140107,0.0265199,0.00546265,0.0304868,-0.0127292,-0.00970699,-0.00692698,0,0,0
1780640064178720,64.1054,0.0141155,0.0268676,-4.9946,0,0,-5,0.0141155,0.0268676,0.00540161,0.0308268,-0.012436,-0.0103192,-0.00611827,0,0,0
1780640064202720,64.1294,0.0145857,0.0277567,-4.99469,0,0,-5,0.0145857,0.0277567,0.00531006,0.0318021,-0.0105593,-0.00959983,-0.00508465,0,0,0
1780640064226720,64.1534,0.0150294,0.028552,-4.99475,0,0,-5,0.0150294,0.028552,0.00524902,0.0326902,-0.00987555,-0.00992378,-0.00467831,0,0,0
1780640064242720,64.1694,0.0153018,0.0290229,-4.99478,0,0,-5,0.0153018,0.0290229,0.00521851,0.033222,-0.00937365,-0.0114792,-0.00456213,0,0,0
1780640064266720,64.1934,0.0156947,0.0296305,-4.99484,0,0,-5,0.0156947,0.0296305,0.00515747,0.0339247,-0.00797893,-0.0127329,-0.00458791,0,0,0
1780640064282720,64.2094,0.0159359,0.029977,-4.99487,0,0,-5,0.0159359,0.029977,0.00512695,0.0343345,-0.00841688,-0.0132087,-0.00524146,0,0,0
1780640064306720,64.2334,0.0162388,0.0304172,-4.99503,0,0,-5,0.0162388,0.0304172,0.00497437,0.0348374,-0.0092282,-0.0142381,-0.00703431,0,0,0
1780640064322720,64.2494,0.0164276,0.0306683,-4.99512,0,0,-5,0.0164276,0.0306683,0.00488281,0.0351319,-0.00962547,-0.014584,-0.00628239,0,0,0
1780640064338720,64.2654,0.0166057,0.030899,-4.99521,0,0,-5,0.0166057,0.030899,0.00479126,0.0354041,-0.00862062,-0.0140233,-0.00616522,0,0,0
1780640064362720,64.2894,0.0168517,0.0311879,-4.9953,0,0,-5,0.0168517,0.0311879,0.00469971,0.0357597,-0.00897921,-0.0149013,-0.00534925,0,0,0
1780640064386720,64.3134,0.0170434,0.0314033,-4.99539,0,0,-5,0.0170434,0.0314033,0.00460815,0.0360261,-0.00988221,-0.0153931,-0.00436903,0,0,0
1780640064402720,64.3294,0.0171355,0.0315091,-4.99545,0,0,-5,0.0171355,0.0315091,0.00454712,0.0361542,-0.0106055,-0.0160158,-0.00456188,0,0,0
1780640064426720,64.3534,0.0172619,0.0316155,-4.99554,0,0,-5,0.0172619,0.0316155,0.00445557,0.0362955,-0.00859479,-0.0161246,-0.00509012,0,0,0
1780640064442720,64.3694,0.0173509,0.0316547,-4.99561,0,0,-5,0.0173509,0.0316547,0.00439453,0.0363646,-0.00860786,-0.017063,-0.00528074,0,0,0
1780640064466720,64.3934,0.0174681,0.03167,-4.99573,0,0,-5,0.0174681,0.03167,0.00427246,0.0364194,-0.00884264,-0.0172794,-0.00595923,0,0,0
1780640064482720,64.4094,0.017524,0.0316681,-4.99582,0,0,-5,0.017524,0.0316681,0.00418091,0.0364341,-0.00880615,-0.016603,-0.00593657,0,0,0
1780640064506720,64.4334,0.0176005,0.031614,-4.99597,0,0,-5,0.0176005,0.031614,0.00402832,0.0364067,-0.00758735,-0.0186337,-0.00467722,0,0,0
1780640064522720,64.4494,0.0176526,0.0315413,-4.99603,0,0,-5,0.0176526,0.0315413,0.00396729,0.0363622,-0.00730216,-0.0189556,-0.00387638,0,0,0
1780640064546720,64.4734,0.0176881,0.0313649,-4.99612,0,0,-5,0.0176881,0.0313649,0.00387573,0.0362166,-0.00876522,-0.0214868,-0.00346682,0,0,0
1780640064562720,64.4894,0.017684,0.0312081,-4.99619,0,0,-5,0.017684,0.0312081,0.0038147,0.0360725,-0.00983181,-0.0218459,-0.00353821,0,0,0
1780640064578720,64.5054,0.0178627,0.0312223,-4.99631,0,0,-5,0.0178627,0.0312223,0.00369263,0.03616,-0.0109704,-0.0228898,-0.00315367,0,0,0
1780640064602720,64.5294,0.0183938,0.0314652,-4.99661,0,0,-5,0.0183938,0.0314652,0.00338745,0.0366042,-0.0117633,-0.023305,-0.00370786,0,0,0
1780640064626720,64.5534,0.0188549,0.0316175,-4.99689,0,0,-5,0.0188549,0.0316175,0.00311279,0.0369441,-0.0127063,-0.0249023,-0.0042074,0,0,0
1780640064642720,64.5694,0.0191188,0.0316671,-4.9971,0,0,-5,0.0191188,0.0316671,0.00289917,0.0371044,-0.0130202,-0.0253367,-0.00560544,0,0,0
1780640064666720,64.5934,0.0194646,0.0316719,-4.99744,0,0,-5,0.0194646,0.0316719,0.00256348,0.0372633,-0.0135644,-0.0261231,-0.00590722,0,0,0
1780640064682720,64.6094,0.0196517,0.0316459,-4.99765,0,0,-5,0.0196517,0.0316459,0.00234985,0.0373253,-0.0146744,-0.0251134,-0.00656208,0,0,0
1780640064706720,64.6334,0.0198716,0.0315768,-4.99799,0,0,-5,0.0198716,0.0315768,0.00201416,0.0373635,-0.0158049,-0.0246631,-0.00700166,0,0,0
1780640064722720,64.6494,0.0199812,0.0315046,-4.9982,0,0,-5,0.0199812,0.0315046,0.00180054,0.0373501,-0.0156305,-0.0253762,-0.00745952,0,0,0
1780640064746720,64.6734,0.0201276,0.0313362,-4.99854,0,0,-5,0.0201276,0.0313362,0.00146484,0.0372723,-0.0151169,-0.0253807,-0.0062054,0,0,0
1780640064762720,64.6894,0.0202076,0.031215,-4.99875,0,0,-5,0.0202076,0.031215,0.00125122,0.0372061,-0.0148857,-0.0258623,-0.00576079,0,0,0
1780640064786720,64.7134,0.0202999,0.0309851,-4.99902,0,0,-5,0.0202999,0.0309851,0.000976562,0.0370555,-0.0153842,-0.0258474,-0.00385043,0,0,0
1780640064802720,64.7294,0.0203287,0.0308029,-4.99915,0,0,-5,0.0203287,0.0308029,0.000854492,0.0369162,-0.0165579,-0.0274797,-0.0034673,0,0,0
1780640064826720,64.7534,0.0203061,0.0304633,-4.99936,0,0,-5,0.0203061,0.0304633,0.000640869,0.0366164,-0.0185185,-0.0281805,-0.00306709,0,0,0
1780640064842720,64.7694,0.0202577,0.0302237,-4.99945,0,0,-5,0.0202577,0.0302237,0.000549316,0.0363888,-0.0195775,-0.0273647,-0.00236669,0,0,0
1780640064866720,64.7934,0.0201331,0.0298289,-4.9996,0,0,-5,0.0201331,0.0298289,0.000396729,0.0359897,-0.0191212,-0.0276422,-0.00249441,0,0,0
1780640064882720,64.8094,0.0200391,0.0295571,-4.99969,0,0,-5,0.0200391,0.0295571,0.000305176,0.0357111,-0.0202632,-0.0268017,-0.00245428,0,0,0
1780640064906935,64.8336,0.0198599,0.0291601,-4.99985,0,0,-5,0.0198599,0.0291601,0.000152588,0.035281,-0.0202323,-0.0259728,-0.00330585,0,0,0
1780640064922935,64.8496,0.0197348,0.0288798,-4.99994,0,0,-5,0.0197348,0.0288798,6.10352e-05,0.0349787,-0.0195768,-0.0262677,-0.00188629,0,0,0
1780640064946935,64.8736,0.0195354,0.0284281,-5.00003,0,0,-5,0.0195354,0.0284281,-3.05176e-05,0.0344933,-0.0194818,-0.0267942,-0.00227198,0,0,0
1780640064962935,64.8896,0.0193963,0.0281033,-5.00009,0,0,-5,0.0193963,0.0281033,-9.15527e-05,0.034147,-0.0191166,-0.0267434,-0.00227312,0,0,0
1780640064986935,64.9136,0.0196229,0.0281466,-5.00018,0,0,-5,0.0196229,0.0281466,-0.000183105,0.0343122,-0.0204968,-0.0248456,-0.00344969,0,0,0
1780640065002935,64.9296,0.0198874,0.0283197,-5.00027,0,0,-5,0.0198874,0.0283197,-0.000274658,0.0346062,-0.0205089,-0.025073,-0.00227005,0,0,0
1780640065026935,64.9536,0.0202382,0.0285095,-5.0004,0,0,-5,0.0202382,0.0285095,-0.000396729,0.0349647,-0.0202076,-0.0254354,-0.00251898,0,0,0
1780640065042935,64.9696,0.0204412,0.0285961,-5.00049,0,0,-5,0.0204412,0.0285961,-0.000488281,0.0351542,-0.0196178,-0.0265921,-0.00169502,0,0,0
1780640065066935,64.9936,0.0207299,0.0286553,-5.00058,0,0,-5,0.0207299,0.0286553,-0.000579834,0.0353722,-0.0177978,-0.0274533,-0.000382918,0,0,0
1780640065082935,65.0096,0.0209094,0.0286374,-5.00064,0,0,-5,0.0209094,0.0286374,-0.000640869,0.0354643,-0.0168269,-0.028648,-0.000260405,0,0,0
1780640065106935,65.0336,0.0211509,0.0285327,-5.00073,0,0,-5,0.0211509,0.0285327,-0.000732422,0.0355249,-0.0167581,-0.0290258,-0.000519806,0,0,0
1780640065122935,65.0496,0.0212965,0.0284344,-5.00079,0,0,-5,0.0212965,0.0284344,-0.000793457,0.0355343,-0.0161495,-0.0290941,-4.25749e-05,0,0,0
1780640065146935,65.0736,0.0214916,0.0282312,-5.00085,0,0,-5,0.0214916,0.0282312,-0.000854492,0.0354911,-0.0151447,-0.0299437,-1.49564e-05,0,0,0
1780640065162935,65.0896,0.021611,0.0280557,-5.00089,0,0,-5,0.021611,0.0280557,-0.00088501,0.0354252,-0.0142141,-0.0311869,0.00038883,0,0,0
1780640065186935,65.1136,0.0217958,0.0277716,-5.00092,0,0,-5,0.0217958,0.0277716,-0.000915527,0.0353151,-0.014206,-0.0304517,0.00107047,0,0,0
1780640065202935,65.1296,0.0218949,0.027564,-5.00095,0,0,-5,0.0218949,0.027564,-0.000946045,0.0352144,-0.0144909,-0.0309234,0.000639382,0,0,0
1780640065226935,65.1536,0.0220071,0.0272261,-5.00095,0,0,-5,0.0220071,0.0272261,-0.000946045,0.035021,-0.0145632,-0.0308047,0.000488227,0,0,0
1780640065242935,65.1696,0.0220651,0.0269761,-5.00095,0,0,-5,0.0220651,0.0269761,-0.000946045,0.0348636,-0.0146151,-0.0307281,-0.000511867,0,0,0
1780640065258935,65.1856,0.0221135,0.0267036,-5.00095,0,0,-5,0.0221135,0.0267036,-0.000946045,0.034684,-0.0141178,-0.0312714,-0.00061649,0,0,0
1780640065282935,65.2096,0.0221665,0.0262706,-5.00092,0,0,-5,0.0221665,0.0262706,-0.000915527,0.0343851,-0.0137706,-0.0306133,-0.00163169,0,0,0
1780640065306935,65.2336,0.0221827,0.0258065,-5.00089,0,0,-5,0.0221827,0.0258065,-0.00088501,0.0340416,-0.0144259,-0.0313124,1.96589e-05,0,0,0
1780640065322935,65.2496,0.0221866,0.0254634,-5.00082,0,0,-5,0.0221866,0.0254634,-0.000823975,0.0337833,-0.0143577,-0.0309715,-3.29211e-05,0,0,0
1780640065346935,65.2736,0.022156,0.0249364,-5.00076,0,0,-5,0.022156,0.0249364,-0.000762939,0.033366,-0.0151458,-0.0300368,-0.000194875,0,0,0
1780640065362935,65.2896,0.0221153,0.0245823,-5.00073,0,0,-5,0.0221153,0.0245823,-0.000732422,0.0330743,-0.0145935,-0.0298425,-0.00015946,0,0,0
1780640065386935,65.3136,0.0224375,0.0247434,-5.00061,0,0,-5,0.0224375,0.0247434,-0.000610352,0.0334074,-0.0137541,-0.0293429,0.000645574,0,0,0
1780640065402935,65.3296,0.0227507,0.0250377,-5.00049,0,0,-5,0.0227507,0.0250377,-0.000488281,0.0338337,-0.0143717,-0.0299834,0.000799679,0,0,0
1780640065426935,65.3536,0.0231625,0.025386,-5.00027,0,0,-5,0.0231625,0.025386,-0.000274658,0.034366,-0.0138458,-0.0308099,0.00141911,0,0,0
1780640065442935,65.3696,0.0234042,0.0255617,-5.00015,0,0,-5,0.0234042,0.0255617,-0.000152588,0.0346581,-0.0141852,-0.0305509,0.00128585,0,0,0
