timestamp_us,t_s,actual_x,actual_y,actual_z,reference_x,reference_y,reference_z,error_x,error_y,error_z,error_norm,actual_vx,actual_vy,actual_vz,reference_vx,reference_vy,reference_vz
1780638665421039,0,0.0341384,-0.0612422,0.0147705,0,0,-5,0.0341384,-0.0612422,5.01477,5.01526,0.00501864,-0.034114,-0.00491185,0,0,0
1780638665445060,0.024021,0.0337679,-0.0607489,0.0142822,0,0,-5,0.0337679,-0.0607489,5.01428,5.01476,0.00397599,-0.0354098,-0.00636189,0,0,0
1780638665461052,0.040013,0.0335283,-0.0604913,0.0139771,0,0,-5,0.0335283,-0.0604913,5.01398,5.01445,0.00318491,-0.0359141,-0.00641736,0,0,0
1780638665485054,0.064015,0.0331829,-0.0601979,0.0135498,0,0,-5,0.0331829,-0.0601979,5.01355,5.01402,0.0028753,-0.0371649,-0.00589437,0,0,0
1780638665501207,0.080168,0.0329692,-0.0600669,0.0132751,0,0,-5,0.0329692,-0.0600669,5.01328,5.01374,0.00240392,-0.0377349,-0.00684316,0,0,0
1780638665525286,0.104247,0.0326415,-0.0599639,0.0128479,0,0,-5,0.0326415,-0.0599639,5.01285,5.01331,-9.80449e-06,-0.0386372,-0.00611413,0,0,0
1780638665541422,0.120383,0.0324224,-0.0599594,0.0126038,0,0,-5,0.0324224,-0.0599594,5.0126,5.01307,-0.00082665,-0.0382654,-0.00600517,0,0,0
1780638665565464,0.144425,0.0321355,-0.0600112,0.0122681,0,0,-5,0.0321355,-0.0600112,5.01227,5.01273,0.000287193,-0.0378998,-0.00698941,0,0,0
1780638665581500,0.160461,0.0319564,-0.0600841,0.012085,0,0,-5,0.0319564,-0.0600841,5.01208,5.01255,-0.000590388,-0.0383724,-0.00646683,0,0,0
1780638665605547,0.184508,0.0316999,-0.0602557,0.0118103,0,0,-5,0.0316999,-0.0602557,5.01181,5.01227,-0.000205158,-0.0386656,-0.00643586,0,0,0
1780638665621647,0.200608,0.0315533,-0.0604028,0.0116577,0,0,-5,0.0315533,-0.0604028,5.01166,5.01212,0.000446674,-0.0383276,-0.00734671,0,0,0
1780638665645726,0.224687,0.0313499,-0.0606954,0.0114441,0,0,-5,0.0313499,-0.0606954,5.01144,5.01191,0.000224747,-0.0403349,-0.00707305,0,0,0
1780638665661842,0.240803,0.0312162,-0.0609498,0.011322,0,0,-5,0.0312162,-0.0609498,5.01132,5.01179,-0.000436168,-0.0422885,-0.00747071,0,0,0
1780638665685992,0.264953,0.0310279,-0.0614281,0.0111084,0,0,-5,0.0310279,-0.0614281,5.01111,5.01158,-0.000918448,-0.0440638,-0.00762695,0,0,0
1780638665702220,0.281181,0.0308847,-0.0617856,0.0110168,0,0,-5,0.0308847,-0.0617856,5.01102,5.01149,-0.00287302,-0.0437081,-0.00668138,0,0,0
1780638665726319,0.30528,0.0306595,-0.0623431,0.0109253,0,0,-5,0.0306595,-0.0623431,5.01093,5.01141,-0.00344474,-0.0433978,-0.006258,0,0,0
1780638665742496,0.321457,0.0305611,-0.062737,0.0108643,0,0,-5,0.0305611,-0.062737,5.01086,5.01135,-0.00330349,-0.0436567,-0.00615607,0,0,0
1780638665766569,0.34553,0.0304298,-0.0633892,0.0108032,0,0,-5,0.0304298,-0.0633892,5.0108,5.0113,-0.00305999,-0.0459451,-0.00641099,0,0,0
1780638665782656,0.361617,0.0300829,-0.0627318,0.0107117,0,0,-5,0.0300829,-0.0627318,5.01071,5.01119,-0.00203647,-0.0467375,-0.00643746,0,0,0
1780638665806695,0.385656,0.0296187,-0.0618659,0.0106201,0,0,-5,0.0296187,-0.0618659,5.01062,5.01109,-0.00180045,-0.0463029,-0.00543746,0,0,0
1780638665822738,0.401699,0.0293322,-0.0613801,0.0105286,0,0,-5,0.0293322,-0.0613801,5.01053,5.01099,-0.00128449,-0.046858,-0.0058739,0,0,0
1780638665846792,0.425753,0.0289366,-0.0607848,0.010437,0,0,-5,0.0289366,-0.0607848,5.01044,5.01089,-0.00129732,-0.0473964,-0.00698149,0,0,0
1780638665862822,0.441783,0.028707,-0.0604547,0.0103455,0,0,-5,0.028707,-0.0604547,5.01035,5.01079,-0.000260841,-0.0467187,-0.00714633,0,0,0
1780638665886859,0.46582,0.0283841,-0.0600406,0.0102234,0,0,-5,0.0283841,-0.0600406,5.01022,5.01066,-0.000836711,-0.0466179,-0.00668317,0,0,0
1780638665902798,0.481759,0.0281741,-0.0598348,0.0101318,0,0,-5,0.0281741,-0.0598348,5.01013,5.01057,-0.00147296,-0.0470604,-0.0059773,0,0,0
1780638665926783,0.505744,0.0278816,-0.0596232,0.0100098,0,0,-5,0.0278816,-0.0596232,5.01001,5.01044,-0.00166125,-0.0473818,-0.00585276,0,0,0
1780638665942743,0.521704,0.0276822,-0.0595115,0.00991821,0,0,-5,0.0276822,-0.0595115,5.00992,5.01035,-0.00312523,-0.0465448,-0.00712254,0,0,0
1780638665966762,0.545723,0.0273922,-0.0594044,0.00976562,0,0,-5,0.0273922,-0.0594044,5.00977,5.01019,-0.00326495,-0.045237,-0.00732177,0,0,0
1780638665982729,0.56169,0.0271953,-0.059367,0.00970459,0,0,-5,0.0271953,-0.059367,5.0097,5.01013,-0.00471788,-0.0449122,-0.00664125,0,0,0
1780638666006709,0.58567,0.0268689,-0.0594076,0.00961304,0,0,-5,0.0268689,-0.0594076,5.00961,5.01004,-0.00645731,-0.0466118,-0.0060653,0,0,0
1780638666022655,0.601616,0.0266443,-0.0594924,0.00958252,0,0,-5,0.0266443,-0.0594924,5.00958,5.01001,-0.00732646,-0.0475358,-0.00580065,0,0,0
1780638666046633,0.625594,0.0263082,-0.0596965,0.00949097,0,0,-5,0.0263082,-0.0596965,5.00949,5.00992,-0.00836735,-0.0482244,-0.00650257,0,0,0
1780638666062543,0.641504,0.026077,-0.0598789,0.00946045,0,0,-5,0.026077,-0.0598789,5.00946,5.00989,-0.00886408,-0.0486262,-0.00581761,0,0,0
1780638666086464,0.665425,0.0257394,-0.0602201,0.00939941,0,0,-5,0.0257394,-0.0602201,5.0094,5.00983,-0.00970548,-0.0488708,-0.00675889,0,0,0
1780638666102396,0.681357,0.0255065,-0.0604899,0.00933838,0,0,-5,0.0255065,-0.0604899,5.00934,5.00977,-0.0101427,-0.0498506,-0.00623935,0,0,0
1780638666126370,0.705331,0.0251794,-0.0609498,0.00930786,0,0,-5,0.0251794,-0.0609498,5.00931,5.00974,-0.00932771,-0.049731,-0.00374631,0,0,0
1780638666142368,0.721329,0.0250156,-0.0613104,0.00927734,0,0,-5,0.0250156,-0.0613104,5.00928,5.00971,-0.00846024,-0.0480971,-0.003567,0,0,0
1780638666166363,0.745324,0.024793,-0.0618825,0.00924683,0,0,-5,0.024793,-0.0618825,5.00925,5.00969,-0.00871063,-0.0479015,-0.00172587,0,0,0
1780638666182349,0.76131,0.0243958,-0.0614343,0.00909424,0,0,-5,0.0243958,-0.0614343,5.00909,5.00953,-0.00947888,-0.047514,-0.000828221,0,0,0
1780638666206351,0.785312,0.0234666,-0.0596573,0.00863647,0,0,-5,0.0234666,-0.0596573,5.00864,5.00905,-0.00915576,-0.0484639,-0.000613479,0,0,0
1780638666222296,0.801257,0.0228861,-0.0585828,0.00839233,0,0,-5,0.0228861,-0.0585828,5.00839,5.00879,-0.00908912,-0.0470972,-0.00115566,0,0,0
1780638666246297,0.825258,0.0220693,-0.0571108,0.00802612,0,0,-5,0.0220693,-0.0571108,5.00803,5.0084,-0.00776865,-0.0460045,-4.5183e-05,0,0,0
1780638666262316,0.841277,0.0215583,-0.0562156,0.0078125,0,0,-5,0.0215583,-0.0562156,5.00781,5.00817,-0.00902772,-0.0455959,-0.00107759,0,0,0
1780638666286330,0.865291,0.0207904,-0.0550229,0.00747681,0,0,-5,0.0207904,-0.0550229,5.00748,5.00782,-0.0107686,-0.0448715,-0.00117171,0,0,0
1780638666302355,0.881316,0.020286,-0.0542979,0.0072937,0,0,-5,0.020286,-0.0542979,5.00729,5.00763,-0.011193,-0.0442466,-0.000908084,0,0,0
1780638666326391,0.905352,0.0195736,-0.0533003,0.00698853,0,0,-5,0.0195736,-0.0533003,5.00699,5.00731,-0.010772,-0.042239,-0.00124225,0,0,0
1780638666342481,0.921442,0.0190504,-0.0526972,0.00686646,0,0,-5,0.0190504,-0.0526972,5.00687,5.00718,-0.0117527,-0.0421909,-0.000537317,0,0,0
1780638666366518,0.945479,0.0182966,-0.0519001,0.00674438,0,0,-5,0.0182966,-0.0519001,5.00674,5.00705,-0.0114103,-0.0415662,-0.000864244,0,0,0
1780638666382597,0.961558,0.0178151,-0.0514276,0.00665283,0,0,-5,0.0178151,-0.0514276,5.00665,5.00695,-0.0110286,-0.040982,-0.0010384,0,0,0
1780638666406599,0.98556,0.0171353,-0.0508118,0.00656128,0,0,-5,0.0171353,-0.0508118,5.00656,5.00685,-0.0109895,-0.0415876,0.00052963,0,0,0
1780638666422629,1.00159,0.0166981,-0.0504715,0.00656128,0,0,-5,0.0166981,-0.0504715,5.00656,5.00684,-0.0111183,-0.0409204,0.00141967,0,0,0
1780638666446673,1.02563,0.0160593,-0.0500571,0.00656128,0,0,-5,0.0160593,-0.0500571,5.00656,5.00684,-0.0114274,-0.0415306,0.00120229,0,0,0
1780638666462700,1.04166,0.0156301,-0.0498531,0.00656128,0,0,-5,0.0156301,-0.0498531,5.00656,5.00683,-0.0128326,-0.0430251,0.00132947,0,0,0
1780638666486698,1.06566,0.0149823,-0.0496322,0.00656128,0,0,-5,0.0149823,-0.0496322,5.00656,5.00683,-0.0124125,-0.0418563,-0.000244998,0,0,0
1780638666502727,1.08169,0.014567,-0.0495329,0.00656128,0,0,-5,0.014567,-0.0495329,5.00656,5.00683,-0.0121416,-0.0426772,-0.0011266,0,0,0
1780638666526798,1.10576,0.0139729,-0.0494727,0.0065918,0,0,-5,0.0139729,-0.0494727,5.00659,5.00686,-0.0120039,-0.0428032,-0.000200032,0,0,0
1780638666542917,1.12188,0.0135681,-0.049449,0.00662231,0,0,-5,0.0135681,-0.049449,5.00662,5.00688,-0.0119927,-0.0425875,5.21527e-05,0,0,0
1780638666566970,1.14593,0.0129946,-0.0494776,0.00671387,0,0,-5,0.0129946,-0.0494776,5.00671,5.00698,-0.0107878,-0.0429973,4.93936e-05,0,0,0
1780638666583014,1.16197,0.0126223,-0.0485666,0.0067749,0,0,-5,0.0126223,-0.0485666,5.00677,5.00703,-0.0109305,-0.0422418,-0.000278221,0,0,0
1780638666607038,1.186,0.0120965,-0.0473344,0.00689697,0,0,-5,0.0120965,-0.0473344,5.0069,5.00714,-0.00996348,-0.0421238,-0.000231523,0,0,0
1780638666623058,1.20202,0.0117649,-0.0466051,0.00698853,0,0,-5,0.0117649,-0.0466051,5.00699,5.00722,-0.0107747,-0.0424445,0.000103798,0,0,0
1780638666647068,1.22603,0.0112739,-0.0456341,0.00714111,0,0,-5,0.0112739,-0.0456341,5.00714,5.00736,-0.0101049,-0.0411912,0.000328238,0,0,0
1780638666663050,1.24201,0.0109658,-0.0450684,0.00723267,0,0,-5,0.0109658,-0.0450684,5.00723,5.00745,-0.00982083,-0.042476,-0.000744382,0,0,0
1780638666687042,1.266,0.0105106,-0.044355,0.0072937,0,0,-5,0.0105106,-0.044355,5.00729,5.0075,-0.010726,-0.0427541,-0.00240738,0,0,0
1780638666703020,1.28198,0.0102236,-0.0439633,0.00735474,0,0,-5,0.0102236,-0.0439633,5.00735,5.00756,-0.00990593,-0.0446546,-0.00286869,0,0,0
1780638666727005,1.30597,0.00980356,-0.0435136,0.00741577,0,0,-5,0.00980356,-0.0435136,5.00742,5.00761,-0.00968882,-0.0450041,-0.00374679,0,0,0
1780638666743023,1.32198,0.00953236,-0.0432349,0.00744629,0,0,-5,0.00953236,-0.0432349,5.00745,5.00764,-0.0103141,-0.0444459,-0.00439142,0,0,0
1780638666767016,1.34598,0.00913685,-0.0429001,0.00747681,0,0,-5,0.00913685,-0.0429001,5.00748,5.00767,-0.00986728,-0.0448873,-0.00276373,0,0,0
1780638666782998,1.36196,0.00889095,-0.0427406,0.00750732,0,0,-5,0.00889095,-0.0427406,5.00751,5.0077,-0.00901049,-0.0447536,-0.00256192,0,0,0
1780638666806990,1.38595,0.00855333,-0.0425787,0.00753784,0,0,-5,0.00855333,-0.0425787,5.00754,5.00773,-0.00822933,-0.044834,-0.00216946,0,0,0
1780638666822966,1.40193,0.00835039,-0.04253,0.00753784,0,0,-5,0.00835039,-0.04253,5.00754,5.00773,-0.00782118,-0.0455911,-0.00288439,0,0,0
1780638666846951,1.42591,0.00807237,-0.0425317,0.00756836,0,0,-5,0.00807237,-0.0425317,5.00757,5.00776,-0.00605134,-0.045879,-0.00325985,0,0,0
1780638666862935,1.4419,0.00791844,-0.0425934,0.00765991,0,0,-5,0.00791844,-0.0425934,5.00766,5.00785,-0.00594969,-0.0464458,-0.00239339,0,0,0
1780638666886910,1.46587,0.00769824,-0.0427684,0.00775146,0,0,-5,0.00769824,-0.0427684,5.00775,5.00794,-0.0049907,-0.0471224,-0.00233994,0,0,0
1780638666902896,1.48186,0.00756713,-0.0429347,0.00784302,0,0,-5,0.00756713,-0.0429347,5.00784,5.00803,-0.00479947,-0.0481514,-0.000789548,0,0,0
1780638666926887,1.50585,0.00736759,-0.0432749,0.00796509,0,0,-5,0.00736759,-0.0432749,5.00797,5.00816,-0.00569089,-0.0493903,0.000744786,0,0,0
1780638666942868,1.52183,0.0072717,-0.0435713,0.00808716,0,0,-5,0.0072717,-0.0435713,5.00809,5.00828,-0.00610754,-0.0496615,0.00084995,0,0,0
1780638666966862,1.54582,0.00713244,-0.0440746,0.00820923,0,0,-5,0.00713244,-0.0440746,5.00821,5.00841,-0.00606753,-0.0489521,-0.000465686,0,0,0
1780638666982852,1.56181,0.0070831,-0.0433046,0.00820923,0,0,-5,0.0070831,-0.0433046,5.00821,5.0084,-0.0067624,-0.0481242,-0.00131112,0,0,0
1780638667006849,1.58581,0.00700306,-0.0422638,0.00823975,0,0,-5,0.00700306,-0.0422638,5.00824,5.00842,-0.0065334,-0.0459463,-0.000941636,0,0,0
1780638667022847,1.60181,0.00695718,-0.0416307,0.00827026,0,0,-5,0.00695718,-0.0416307,5.00827,5.00845,-0.00647686,-0.0448542,-0.000813831,0,0,0
1780638667046851,1.62581,0.00689923,-0.0408006,0.00830078,0,0,-5,0.00689923,-0.0408006,5.0083,5.00847,-0.00564352,-0.0441839,-0.0018587,0,0,0
1780638667062852,1.64181,0.00687389,-0.0403134,0.0083313,0,0,-5,0.00687389,-0.0403134,5.00833,5.0085,-0.00506228,-0.043476,-0.00143786,0,0,0
1780638667086852,1.66581,0.00683945,-0.0396774,0.00836182,0,0,-5,0.00683945,-0.0396774,5.00836,5.00852,-0.00561838,-0.0429907,-0.00123248,0,0,0
1780638667102853,1.68181,0.00682022,-0.0393117,0.00842285,0,0,-5,0.00682022,-0.0393117,5.00842,5.00858,-0.00445045,-0.0421126,-0.00157873,0,0,0
1780638667126855,1.70582,0.00679221,-0.0388673,0.00845337,0,0,-5,0.00679221,-0.0388673,5.00845,5.00861,-0.00459111,-0.0428631,-0.00122805,0,0,0
1780638667142856,1.72182,0.00673824,-0.0386233,0.0085144,0,0,-5,0.00673824,-0.0386233,5.00851,5.00867,-0.00501783,-0.0419705,-0.00232134,0,0,0
1780638667166858,1.74582,0.00667815,-0.0383429,0.00857544,0,0,-5,0.00667815,-0.0383429,5.00858,5.00873,-0.00245913,-0.0431617,-0.00324429,0,0,0
1780638667182863,1.76182,0.00665789,-0.0382361,0.00860596,0,0,-5,0.00665789,-0.0382361,5.00861,5.00876,-0.00285903,-0.0439768,-0.0035492,0,0,0
1780638667206866,1.78583,0.00662657,-0.0381632,0.00863647,0,0,-5,0.00662657,-0.0381632,5.00864,5.00879,-0.00323309,-0.0438809,-0.00383434,0,0,0
1780638667222875,1.80184,0.00660777,-0.0381645,0.00869751,0,0,-5,0.00660777,-0.0381645,5.0087,5.00885,-0.0020394,-0.0437206,-0.00291154,0,0,0
1780638667246885,1.82585,0.00659209,-0.0382356,0.00881958,0,0,-5,0.00659209,-0.0382356,5.00882,5.00897,-0.00229054,-0.044046,-0.00124063,0,0,0
1780638667262890,1.84185,0.00658447,-0.0383246,0.00891113,0,0,-5,0.00658447,-0.0383246,5.00891,5.00906,-0.00235393,-0.0442474,-0.0014608,0,0,0
1780638667286898,1.86586,0.00655915,-0.0385507,0.0090332,0,0,-5,0.00655915,-0.0385507,5.00903,5.00919,-0.00291648,-0.045096,-0.001738,0,0,0
1780638667302911,1.88187,0.0065402,-0.0387404,0.00912476,0,0,-5,0.0065402,-0.0387404,5.00912,5.00928,-0.00231294,-0.0451492,-0.00206116,0,0,0
1780638667326911,1.90587,0.00652243,-0.0390799,0.00924683,0,0,-5,0.00652243,-0.0390799,5.00925,5.0094,-0.000962458,-0.0450109,-0.00274844,0,0,0
1780638667342911,1.92187,0.00658476,-0.0393362,0.00933838,0,0,-5,0.00658476,-0.0393362,5.00934,5.0095,-0.000637475,-0.0439977,-0.00246334,0,0,0
1780638667366911,1.94587,0.00665934,-0.0397635,0.00949097,0,0,-5,0.00665934,-0.0397635,5.00949,5.00965,-0.00185129,-0.0445028,-0.00081505,0,0,0
1780638667382911,1.96187,0.00702507,-0.0390424,0.00970459,0,0,-5,0.00702507,-0.0390424,5.0097,5.00986,-0.00177575,-0.0439031,-0.00113413,0,0,0
1780638667406911,1.98587,0.00754475,-0.038106,0.00997925,0,0,-5,0.00754475,-0.038106,5.00998,5.01013,-0.0021188,-0.0447834,-0.000652362,0,0,0
1780638667422911,2.00187,0.00787964,-0.0375676,0.0101318,0,0,-5,0.00787964,-0.0375676,5.01013,5.01028,-0.000997439,-0.0438404,-0.00130335,0,0,0
1780638667438911,2.01787,0.00821724,-0.0370868,0.0102539,0,0,-5,0.00821724,-0.0370868,5.01025,5.0104,-6.84654e-05,-0.0439869,-0.00160417,0,0,0
1780638667462911,2.04187,0.00872588,-0.0364543,0.0104065,0,0,-5,0.00872588,-0.0364543,5.01041,5.01055,0.000851129,-0.0417711,-0.00125768,0,0,0
1780638667486911,2.06587,0.00921279,-0.0358927,0.0105896,0,0,-5,0.00921279,-0.0358927,5.01059,5.01073,0.00123958,-0.0396127,-0.00181439,0,0,0
1780638667502911,2.08187,0.00953355,-0.0355518,0.0106506,0,0,-5,0.00953355,-0.0355518,5.01065,5.01079,0.00192873,-0.0373705,-0.00281509,0,0,0
1780638667526911,2.10587,0.0100203,-0.0350844,0.0107727,0,0,-5,0.0100203,-0.0350844,5.01077,5.01091,0.00350172,-0.0358637,-0.00271243,0,0,0
1780638667542911,2.12187,0.0103617,-0.0347822,0.0108337,0,0,-5,0.0103617,-0.0347822,5.01083,5.01097,0.00337506,-0.0344855,-0.00307167,0,0,0
1780638667566911,2.14587,0.0108433,-0.0343921,0.0108948,0,0,-5,0.0108433,-0.0343921,5.01089,5.01102,0.00248222,-0.0335388,-0.00321438,0,0,0
1780638667582911,2.16187,0.0111409,-0.0341623,0.0109253,0,0,-5,0.0111409,-0.0341623,5.01093,5.01105,0.00220652,-0.0319256,-0.00246777,0,0,0
1780638667606911,2.18587,0.0115715,-0.0338524,0.0109863,0,0,-5,0.0115715,-0.0338524,5.01099,5.01111,0.00235841,-0.0306757,-0.000929305,0,0,0
1780638667622911,2.20187,0.0118471,-0.0336893,0.0110474,0,0,-5,0.0118471,-0.0336893,5.01105,5.01117,0.00292402,-0.0310597,-0.00147041,0,0,0
1780638667646911,2.22587,0.0122561,-0.0335059,0.0111084,0,0,-5,0.0122561,-0.0335059,5.01111,5.01124,0.00232184,-0.0308516,-0.00253595,0,0,0
1780638667662911,2.24187,0.012506,-0.0334357,0.0111694,0,0,-5,0.012506,-0.0334357,5.01117,5.0113,0.00179267,-0.0316191,-0.00250146,0,0,0
1780638667678911,2.25787,0.0127546,-0.0334069,0.0112305,0,0,-5,0.0127546,-0.0334069,5.01123,5.01136,0.00196599,-0.0311378,-0.000241062,0,0,0
1780638667702911,2.28187,0.0130746,-0.0333973,0.0113525,0,0,-5,0.0130746,-0.0333973,5.01135,5.01148,-0.000447407,-0.0306794,-0.000103364,0,0,0
1780638667726911,2.30587,0.0133602,-0.0334631,0.0115356,0,0,-5,0.0133602,-0.0334631,5.01154,5.01167,0.000224146,-0.0310603,-0.000339399,0,0,0
1780638667742911,2.32187,0.0135562,-0.0335513,0.0116577,0,0,-5,0.0135562,-0.0335513,5.01166,5.01179,-1.48342e-05,-0.0308882,-0.00114414,0,0,0
1780638667766911,2.34587,0.0138435,-0.0337382,0.0118103,0,0,-5,0.0138435,-0.0337382,5.01181,5.01194,0.000913444,-0.0313685,-0.000816299,0,0,0
1780638667782911,2.36187,0.013595,-0.0330625,0.0118408,0,0,-5,0.013595,-0.0330625,5.01184,5.01197,0.000389954,-0.0315274,-0.000622901,0,0,0
1780638667798911,2.37787,0.013348,-0.0324406,0.0118408,0,0,-5,0.013348,-0.0324406,5.01184,5.01196,-0.00085628,-0.0305231,-0.00107701,0,0,0
1780638667822911,2.40187,0.0129663,-0.0315907,0.0118713,0,0,-5,0.0129663,-0.0315907,5.01187,5.01199,-0.00251348,-0.0289252,-0.000794307,0,0,0
1780638667846911,2.42587,0.012593,-0.0308347,0.0119019,0,0,-5,0.012593,-0.0308347,5.0119,5.01201,-0.00292336,-0.0270805,-0.000871392,0,0,0
1780638667862911,2.44187,0.0123475,-0.030376,0.0119019,0,0,-5,0.0123475,-0.030376,5.0119,5.01201,-0.00342723,-0.0270082,-0.00119244,0,0,0
1780638667886911,2.46587,0.0119887,-0.0297721,0.0119019,0,0,-5,0.0119887,-0.0297721,5.0119,5.012,-0.0040288,-0.0273668,-0.000105187,0,0,0
1780638667902911,2.48187,0.0117467,-0.0294446,0.0119324,0,0,-5,0.0117467,-0.0294446,5.01193,5.01203,-0.00462264,-0.0286861,0.000447211,0,0,0
1780638667926911,2.50587,0.0114079,-0.0290683,0.0120239,0,0,-5,0.0114079,-0.0290683,5.01202,5.01212,-0.00409776,-0.0300234,0.000718387,0,0,0
1780638667942911,2.52187,0.0112173,-0.028877,0.012085,0,0,-5,0.0112173,-0.028877,5.01208,5.01218,-0.00347365,-0.0306936,0.000784193,0,0,0
1780638667966911,2.54587,0.0109529,-0.0286788,0.0121765,0,0,-5,0.0109529,-0.0286788,5.01218,5.01227,-0.00387694,-0.0312985,0.00067726,0,0,0
1780638667982911,2.56187,0.010788,-0.0286025,0.0122681,0,0,-5,0.010788,-0.0286025,5.01227,5.01236,-0.00280915,-0.0318856,0.00209087,0,0,0
1780638667998911,2.57787,0.0106441,-0.0285717,0.0123596,0,0,-5,0.0106441,-0.0285717,5.01236,5.01245,-0.00240942,-0.0328444,0.00170182,0,0,0
1780638668022911,2.60187,0.0104528,-0.0286034,0.0125122,0,0,-5,0.0104528,-0.0286034,5.01251,5.0126,-0.00197439,-0.0323136,0.00278666,0,0,0
1780638668046911,2.62587,0.0102422,-0.0286752,0.0126953,0,0,-5,0.0102422,-0.0286752,5.0127,5.01279,-0.00324744,-0.0317041,0.00406686,0,0,0
1780638668062911,2.64187,0.0100934,-0.0287589,0.0128784,0,0,-5,0.0100934,-0.0287589,5.01288,5.01297,-0.0043971,-0.0317372,0.00489411,0,0,0
1780638668086911,2.66587,0.00982871,-0.02894,0.0131531,0,0,-5,0.00982871,-0.02894,5.01315,5.01325,-0.00664602,-0.0317217,0.00521768,0,0,0
1780638668102911,2.68187,0.00965413,-0.0290825,0.0133057,0,0,-5,0.00965413,-0.0290825,5.01331,5.0134,-0.00591822,-0.0313809,0.00535143,0,0,0
1780638668126911,2.70587,0.00941169,-0.0293315,0.0135803,0,0,-5,0.00941169,-0.0293315,5.01358,5.01367,-0.00604418,-0.0306878,0.00592008,0,0,0
1780638668142911,2.72187,0.00926273,-0.0295464,0.0137634,0,0,-5,0.00926273,-0.0295464,5.01376,5.01386,-0.00575675,-0.0319625,0.00621703,0,0,0
1780638668166911,2.74587,0.00906422,-0.0299116,0.0140381,0,0,-5,0.00906422,-0.0299116,5.01404,5.01414,-0.00493316,-0.0319621,0.00599219,0,0,0
1780638668182911,2.76187,0.00890035,-0.0293096,0.0142212,0,0,-5,0.00890035,-0.0293096,5.01422,5.01431,-0.00620255,-0.0329778,0.00647081,0,0,0
1780638668206911,2.78587,0.00863274,-0.0285272,0.0144653,0,0,-5,0.00863274,-0.0285272,5.01447,5.01455,-0.00709451,-0.0325264,0.00759798,0,0,0
1780638668222911,2.80187,0.0084537,-0.0280616,0.0146484,0,0,-5,0.0084537,-0.0280616,5.01465,5.01473,-0.00708738,-0.0311488,0.00766033,0,0,0
1780638668246911,2.82587,0.00817504,-0.0274294,0.0148621,0,0,-5,0.00817504,-0.0274294,5.01486,5.01494,-0.00825294,-0.0296098,0.00600915,0,0,0
1780638668262911,2.84187,0.00798976,-0.0270411,0.0150146,0,0,-5,0.00798976,-0.0270411,5.01501,5.01509,-0.00847599,-0.0285474,0.00592738,0,0,0
1780638668286911,2.86587,0.00770428,-0.0265277,0.0151978,0,0,-5,0.00770428,-0.0265277,5.0152,5.01527,-0.00960359,-0.0274989,0.00431877,0,0,0
1780638668302917,2.88188,0.00750404,-0.026236,0.0153503,0,0,-5,0.00750404,-0.026236,5.01535,5.01542,-0.00978619,-0.0279549,0.00483212,0,0,0
1780638668326917,2.90588,0.00719012,-0.0258724,0.0155334,0,0,-5,0.00719012,-0.0258724,5.01553,5.01561,-0.0105894,-0.0286874,0.00488393,0,0,0
1780638668342917,2.92188,0.00698183,-0.0256873,0.0155945,0,0,-5,0.00698183,-0.0256873,5.01559,5.01567,-0.0106006,-0.0277223,0.00464106,0,0,0
1780638668366917,2.94588,0.00667216,-0.0254554,0.0157166,0,0,-5,0.00667216,-0.0254554,5.01572,5.01579,-0.0106055,-0.0270777,0.00342242,0,0,0
1780638668382917,2.96188,0.00646473,-0.0253441,0.0158081,0,0,-5,0.00646473,-0.0253441,5.01581,5.01588,-0.0116967,-0.0277151,0.00399507,0,0,0
1780638668406917,2.98588,0.00614007,-0.025256,0.0158997,0,0,-5,0.00614007,-0.025256,5.0159,5.01597,-0.0113656,-0.029057,0.00452547,0,0,0
1780638668422917,3.00188,0.00593148,-0.0252579,0.0159912,0,0,-5,0.00593148,-0.0252579,5.01599,5.01606,-0.0116124,-0.0296107,0.00570139,0,0,0
1780638668446917,3.02588,0.00560056,-0.0253213,0.0161438,0,0,-5,0.00560056,-0.0253213,5.01614,5.01621,-0.0128814,-0.0298389,0.00633472,0,0,0
1780638668462917,3.04188,0.00538172,-0.0253964,0.0162659,0,0,-5,0.00538172,-0.0253964,5.01627,5.01633,-0.0129932,-0.0293076,0.00585539,0,0,0
1780638668486917,3.06588,0.00505721,-0.0255355,0.0164185,0,0,-5,0.00505721,-0.0255355,5.01642,5.01649,-0.0133751,-0.0282043,0.0064101,0,0,0
1780638668502917,3.08188,0.00483005,-0.0256484,0.0165405,0,0,-5,0.00483005,-0.0256484,5.01654,5.01661,-0.0139099,-0.0279102,0.00609522,0,0,0
1780638668526917,3.10588,0.00448953,-0.0258543,0.0166931,0,0,-5,0.00448953,-0.0258543,5.01669,5.01676,-0.0137497,-0.0272191,0.00630314,0,0,0
1780638668542917,3.12188,0.00426515,-0.0260213,0.0168152,0,0,-5,0.00426515,-0.0260213,5.01682,5.01688,-0.0142089,-0.0288797,0.00630053,0,0,0
1780638668566917,3.14588,0.00393677,-0.0263488,0.0169983,0,0,-5,0.00393677,-0.0263488,5.017,5.01707,-0.013283,-0.0303111,0.00877124,0,0,0
1780638668582917,3.16188,0.00396093,-0.0257961,0.0169373,0,0,-5,0.00396093,-0.0257961,5.01694,5.01701,-0.0141024,-0.0305191,0.00846992,0,0,0
1780638668606917,3.18588,0.00397284,-0.0250907,0.0168457,0,0,-5,0.00397284,-0.0250907,5.01685,5.01691,-0.013586,-0.0309801,0.00866988,0,0,0
1780638668622917,3.20188,0.00396494,-0.0246854,0.0168152,0,0,-5,0.00396494,-0.0246854,5.01682,5.01688,-0.0146394,-0.0308384,0.00754267,0,0,0
1780638668646917,3.22588,0.00392077,-0.0241574,0.0167542,0,0,-5,0.00392077,-0.0241574,5.01675,5.01681,-0.014342,-0.0300455,0.00658334,0,0,0
1780638668662917,3.24188,0.00389496,-0.023852,0.0166931,0,0,-5,0.00389496,-0.023852,5.01669,5.01675,-0.0135787,-0.0295994,0.00571835,0,0,0
1780638668686917,3.26588,0.00384502,-0.0234656,0.0166626,0,0,-5,0.00384502,-0.0234656,5.01666,5.01672,-0.0145188,-0.0290334,0.00716529,0,0,0
1780638668702917,3.28188,0.00378772,-0.0232619,0.0166321,0,0,-5,0.00378772,-0.0232619,5.01663,5.01669,-0.0148351,-0.030591,0.00738082,0,0,0
1780638668726917,3.30588,0.00369817,-0.0230428,0.0166321,0,0,-5,0.00369817,-0.0230428,5.01663,5.01669,-0.0144515,-0.0295687,0.00711587,0,0,0
1780638668742917,3.32188,0.00363393,-0.022921,0.0166626,0,0,-5,0.00363393,-0.022921,5.01666,5.01672,-0.0143572,-0.0293337,0.00816438,0,0,0
1780638668766917,3.34588,0.00351362,-0.0228102,0.0167236,0,0,-5,0.00351362,-0.0228102,5.01672,5.01678,-0.015261,-0.0305631,0.00925224,0,0,0
1780638668782917,3.36188,0.00341826,-0.0227921,0.0167542,0,0,-5,0.00341826,-0.0227921,5.01675,5.01681,-0.0157895,-0.0307591,0.00900587,0,0,0
1780638668806917,3.38588,0.00324778,-0.0227961,0.0168457,0,0,-5,0.00324778,-0.0227961,5.01685,5.0169,-0.0162175,-0.028506,0.00842915,0,0,0
1780638668822917,3.40188,0.00312446,-0.022825,0.0169067,0,0,-5,0.00312446,-0.022825,5.01691,5.01696,-0.0169151,-0.0297581,0.00902265,0,0,0
1780638668838917,3.41788,0.00299096,-0.0228875,0.0169678,0,0,-5,0.00299096,-0.0228875,5.01697,5.01702,-0.0166346,-0.0298991,0.00974615,0,0,0
1780638668862917,3.44188,0.00279223,-0.0230453,0.0171204,0,0,-5,0.00279223,-0.0230453,5.01712,5.01717,-0.01568,-0.0301053,0.0106048,0,0,0
1780638668886917,3.46588,0.00264014,-0.0232344,0.0173035,0,0,-5,0.00264014,-0.0232344,5.0173,5.01736,-0.01417,-0.0284956,0.0101292,0,0,0
1780638668902917,3.48188,0.0025376,-0.0233775,0.017395,0,0,-5,0.0025376,-0.0233775,5.0174,5.01745,-0.0139052,-0.0279376,0.00887353,0,0,0
1780638668926917,3.50588,0.00237784,-0.023646,0.0175171,0,0,-5,0.00237784,-0.023646,5.01752,5.01757,-0.014101,-0.0294078,0.00870655,0,0,0
1780638668942917,3.52188,0.00227061,-0.0238732,0.0176086,0,0,-5,0.00227061,-0.0238732,5.01761,5.01767,-0.0131092,-0.0300246,0.00813383,0,0,0
1780638668966917,3.54588,0.00212186,-0.0242628,0.0177002,0,0,-5,0.00212186,-0.0242628,5.0177,5.01776,-0.013262,-0.0305159,0.00676574,0,0,0
1780638668982917,3.56188,0.00214741,-0.0237268,0.0174866,0,0,-5,0.00214741,-0.0237268,5.01749,5.01754,-0.0137531,-0.0282843,0.00767877,0,0,0
1780638669006917,3.58588,0.0021445,-0.023011,0.0172119,0,0,-5,0.0021445,-0.023011,5.01721,5.01727,-0.0142302,-0.0292324,0.00933049,0,0,0
1780638669022917,3.60188,0.00212639,-0.0226065,0.0170898,0,0,-5,0.00212639,-0.0226065,5.01709,5.01714,-0.0146148,-0.0296107,0.00944737,0,0,0
1780638669046917,3.62588,0.00207161,-0.0220893,0.0169067,0,0,-5,0.00207161,-0.0220893,5.01691,5.01696,-0.0150248,-0.0289402,0.00874174,0,0,0
1780638669062917,3.64188,0.00202069,-0.0217972,0.0167847,0,0,-5,0.00202069,-0.0217972,5.01678,5.01683,-0.01522,-0.0290356,0.00899735,0,0,0
1780638669086917,3.66588,0.00194993,-0.0214467,0.0166626,0,0,-5,0.00194993,-0.0214467,5.01666,5.01671,-0.0140187,-0.030093,0.0102684,0,0,0
1780638669102917,3.68188,0.00189976,-0.0212743,0.0166016,0,0,-5,0.00189976,-0.0212743,5.0166,5.01665,-0.0138314,-0.0298085,0.00952751,0,0,0
1780638669126917,3.70588,0.00182269,-0.0210693,0.016449,0,0,-5,0.00182269,-0.0210693,5.01645,5.01649,-0.0132884,-0.0294834,0.00846094,0,0,0
1780638669142917,3.72188,0.00177032,-0.0209732,0.0163879,0,0,-5,0.00177032,-0.0209732,5.01639,5.01643,-0.0132379,-0.0292342,0.00908165,0,0,0
1780638669166917,3.74588,0.00166059,-0.020891,0.0162964,0,0,-5,0.00166059,-0.020891,5.0163,5.01634,-0.0141458,-0.0296996,0.00961071,0,0,0
1780638669182917,3.76188,0.00157242,-0.0208811,0.0162659,0,0,-5,0.00157242,-0.0208811,5.01627,5.01631,-0.0141465,-0.0298615,0.00970081,0,0,0
1780638669206917,3.78588,0.00144938,-0.0209273,0.0162048,0,0,-5,0.00144938,-0.0209273,5.0162,5.01625,-0.0128019,-0.029895,0.00904916,0,0,0
1780638669222917,3.80188,0.0013563,-0.0209774,0.0161438,0,0,-5,0.0013563,-0.0209774,5.01614,5.01619,-0.0135415,-0.0290022,0.00703025,0,0,0
1780638669246917,3.82588,0.00119823,-0.0210789,0.0160522,0,0,-5,0.00119823,-0.0210789,5.01605,5.0161,-0.0131341,-0.0283847,0.00612667,0,0,0
1780638669262917,3.84188,0.00110301,-0.0211853,0.0159912,0,0,-5,0.00110301,-0.0211853,5.01599,5.01604,-0.0114425,-0.0286607,0.00597079,0,0,0
1780638669286917,3.86588,0.000965442,-0.0213862,0.0159302,0,0,-5,0.000965442,-0.0213862,5.01593,5.01598,-0.0119199,-0.0288967,0.00527185,0,0,0
1780638669302917,3.88188,0.000874891,-0.0215474,0.0158691,0,0,-5,0.000874891,-0.0215474,5.01587,5.01592,-0.0114075,-0.0291908,0.00567954,0,0,0
1780638669326923,3.90588,0.000720997,-0.0218268,0.0158081,0,0,-5,0.000720997,-0.0218268,5.01581,5.01586,-0.0127673,-0.0290675,0.0057403,0,0,0
1780638669342923,3.92188,0.000605398,-0.022037,0.0157776,0,0,-5,0.000605398,-0.022037,5.01578,5.01583,-0.0122117,-0.0288387,0.00629096,0,0,0
1780638669366923,3.94588,0.000438399,-0.0223802,0.0157776,0,0,-5,0.000438399,-0.0223802,5.01578,5.01583,-0.0123808,-0.0283012,0.00638316,0,0,0
1780638669382923,3.96188,0.000547131,-0.0218623,0.0155334,0,0,-5,0.000547131,-0.0218623,5.01553,5.01558,-0.0121971,-0.0285581,0.00731775,0,0,0
1780638669406923,3.98588,0.000685569,-0.0211892,0.0151978,0,0,-5,0.000685569,-0.0211892,5.0152,5.01524,-0.0122885,-0.028884,0.00708787,0,0,0
1780638669422923,4.00188,0.000760414,-0.0207939,0.0150146,0,0,-5,0.000760414,-0.0207939,5.01501,5.01506,-0.0125294,-0.0273965,0.00609051,0,0,0
1780638669438923,4.01788,0.000824435,-0.0204295,0.014801,0,0,-5,0.000824435,-0.0204295,5.0148,5.01484,-0.0122975,-0.027091,0.00466517,0,0,0
1780638669462923,4.04188,0.000885451,-0.0199788,0.0144653,0,0,-5,0.000885451,-0.0199788,5.01447,5.01451,-0.0138193,-0.0283709,0.00374312,0,0,0
1780638669486923,4.06588,0.00090619,-0.0196525,0.0141296,0,0,-5,0.00090619,-0.0196525,5.01413,5.01417,-0.0138675,-0.0291112,0.00173875,0,0,0
1780638669502923,4.08188,0.000911959,-0.0194743,0.013916,0,0,-5,0.000911959,-0.0194743,5.01392,5.01395,-0.0135239,-0.0282106,0.00143381,0,0,0
1780638669526923,4.10588,0.000904669,-0.0192769,0.0136108,0,0,-5,0.000904669,-0.0192769,5.01361,5.01365,-0.0128711,-0.0282999,0.00196434,0,0,0
1780638669542923,4.12188,0.000894632,-0.0191811,0.0134277,0,0,-5,0.000894632,-0.0191811,5.01343,5.01346,-0.0131992,-0.0275154,0.00225543,0,0,0
1780638669566923,4.14588,0.000848037,-0.0190842,0.0131836,0,0,-5,0.000848037,-0.0190842,5.01318,5.01322,-0.0139988,-0.0278416,0.00156463,0,0,0
1780638669582923,4.16188,0.000796822,-0.0190707,0.0130005,0,0,-5,0.000796822,-0.0190707,5.013,5.01304,-0.0141227,-0.0284397,0.000361722,0,0,0
1780638669606923,4.18588,0.000696157,-0.019115,0.0127563,0,0,-5,0.000696157,-0.019115,5.01276,5.01279,-0.0144502,-0.0290407,0.00111753,0,0,0
1780638669622923,4.20188,0.00061866,-0.0191817,0.0126343,0,0,-5,0.00061866,-0.0191817,5.01263,5.01267,-0.0145136,-0.0289238,0.00254427,0,0,0
1780638669646923,4.22588,0.000481076,-0.0193223,0.0124817,0,0,-5,0.000481076,-0.0193223,5.01248,5.01252,-0.0145693,-0.027985,0.0031625,0,0,0
1780638669662923,4.24188,0.000373418,-0.0194343,0.0123901,0,0,-5,0.000373418,-0.0194343,5.01239,5.01243,-0.01493,-0.0279406,0.00262874,0,0,0
1780638669686923,4.26588,0.000218464,-0.0196428,0.0122375,0,0,-5,0.000218464,-0.0196428,5.01224,5.01228,-0.0137656,-0.0276618,0.0015522,0,0,0
1780638669702923,4.28188,0.000114612,-0.0198018,0.012146,0,0,-5,0.000114612,-0.0198018,5.01215,5.01219,-0.0136754,-0.0266595,0.00192587,0,0,0
1780638669726923,4.30588,-5.83008e-05,-0.0200819,0.0120239,0,0,-5,-5.83008e-05,-0.0200819,5.01202,5.01206,-0.0132681,-0.0282207,0.00157609,0,0,0
1780638669742923,4.32188,-0.000179182,-0.0203203,0.0119324,0,0,-5,-0.000179182,-0.0203203,5.01193,5.01197,-0.0131005,-0.029748,0.000324586,0,0,0
1780638669766923,4.34588,-0.000379773,-0.0207375,0.0117798,0,0,-5,-0.000379773,-0.0207375,5.01178,5.01182,-0.0143554,-0.0293207,-0.000723651,0,0,0
1780638669782923,4.36188,-0.000273067,-0.020252,0.0113831,0,0,-5,-0.000273067,-0.020252,5.01138,5.01142,-0.0144442,-0.0288031,-0.00013173,0,0,0
1780638669806923,4.38588,-0.000158252,-0.0196122,0.0108337,0,0,-5,-0.000158252,-0.0196122,5.01083,5.01087,-0.0157028,-0.0277599,0.000589423,0,0,0
1780638669822923,4.40188,-0.000113619,-0.0192408,0.0105286,0,0,-5,-0.000113619,-0.0192408,5.01053,5.01057,-0.0159712,-0.0279818,0.00101108,0,0,0
1780638669838923,4.41788,-8.94612e-05,-0.0189119,0.0102234,0,0,-5,-8.94612e-05,-0.0189119,5.01022,5.01026,-0.0164739,-0.0277113,0.00163043,0,0,0
1780638669862923,4.44188,-9.74836e-05,-0.0185009,0.00979614,0,0,-5,-9.74836e-05,-0.0185009,5.0098,5.00983,-0.0168903,-0.0276121,0.0012206,0,0,0
1780638669878923,4.45788,-0.000121853,-0.0182751,0.009552,0,0,-5,-0.000121853,-0.0182751,5.00955,5.00959,-0.0173075,-0.026868,0.00213795,0,0,0
1780638669902923,4.48188,-0.0001947,-0.018005,0.00918579,0,0,-5,-0.0001947,-0.018005,5.00919,5.00922,-0.0181521,-0.0269498,0.0018372,0,0,0
1780638669926923,4.50588,-0.000294614,-0.0177884,0.0088501,0,0,-5,-0.000294614,-0.0177884,5.00885,5.00888,-0.0181149,-0.0258912,-0.000144232,0,0,0
1780638669942923,4.52188,-0.000386561,-0.0176836,0.00863647,0,0,-5,-0.000386561,-0.0176836,5.00864,5.00867,-0.019265,-0.0266049,-8.59374e-05,0,0,0
1780638669966923,4.54588,-0.000564834,-0.0175815,0.00830078,0,0,-5,-0.000564834,-0.0175815,5.0083,5.00833,-0.0194756,-0.0257825,-0.000571542,0,0,0
1780638669982923,4.56188,-0.000696525,-0.0175457,0.00811768,0,0,-5,-0.000696525,-0.0175457,5.00812,5.00815,-0.0203721,-0.0259478,0.000318073,0,0,0
1780638670006923,4.58588,-0.000949288,-0.0175545,0.00784302,0,0,-5,-0.000949288,-0.0175545,5.00784,5.00787,-0.0215817,-0.0266415,0.000310088,0,0,0
1780638670022923,4.60188,-0.00112881,-0.017599,0.00765991,0,0,-5,-0.00112881,-0.017599,5.00766,5.00769,-0.020901,-0.0271077,0.000348415,0,0,0
1780638670046923,4.62588,-0.00139965,-0.0177235,0.00741577,0,0,-5,-0.00139965,-0.0177235,5.00742,5.00745,-0.0207949,-0.0267568,-0.00204426,0,0,0
1780638670062923,4.64188,-0.00159397,-0.0178289,0.00723267,0,0,-5,-0.00159397,-0.0178289,5.00723,5.00726,-0.0211134,-0.0267637,-0.00235899,0,0,0
1780638670086923,4.66588,-0.00190183,-0.0180511,0.00698853,0,0,-5,-0.00190183,-0.0180511,5.00699,5.00702,-0.0213906,-0.0276541,-0.000660244,0,0,0
1780638670102923,4.68188,-0.0021098,-0.0182283,0.00683594,0,0,-5,-0.0021098,-0.0182283,5.00684,5.00687,-0.0206311,-0.0274753,-0.000408568,0,0,0
1780638670126923,4.70588,-0.00244752,-0.0185091,0.00668335,0,0,-5,-0.00244752,-0.0185091,5.00668,5.00672,-0.0218344,-0.0268486,0.00088067,0,0,0
1780638670142923,4.72188,-0.0026721,-0.0187235,0.00656128,0,0,-5,-0.0026721,-0.0187235,5.00656,5.0066,-0.0207384,-0.0269553,0.000912328,0,0,0
1780638670166923,4.74588,-0.00300891,-0.019068,0.00643921,0,0,-5,-0.00300891,-0.019068,5.00644,5.00648,-0.0202468,-0.0266806,0.00137336,0,0,0
1780638670182923,4.76188,-0.0028431,-0.0186012,0.00604248,0,0,-5,-0.0028431,-0.0186012,5.00604,5.00608,-0.0200312,-0.026212,0.000831249,0,0,0
1780638670206923,4.78588,-0.00263347,-0.0179976,0.00552368,0,0,-5,-0.00263347,-0.0179976,5.00552,5.00556,-0.0195946,-0.0266964,0.00197262,0,0,0
1780638670222923,4.80188,-0.00251245,-0.0176494,0.00521851,0,0,-5,-0.00251245,-0.0176494,5.00522,5.00525,-0.0195149,-0.0266461,0.00217399,0,0,0
1780638670246923,4.82588,-0.00235168,-0.0171931,0.00479126,0,0,-5,-0.00235168,-0.0171931,5.00479,5.00482,-0.0187488,-0.0250138,0.00224036,0,0,0
1780638670262923,4.84188,-0.0022609,-0.016914,0.0045166,0,0,-5,-0.0022609,-0.016914,5.00452,5.00455,-0.0186934,-0.0234758,0.00180066,0,0,0
1780638670286923,4.86588,-0.00216939,-0.016556,0.00415039,0,0,-5,-0.00216939,-0.016556,5.00415,5.00418,-0.0196108,-0.0240148,0.00191656,0,0,0
1780638670302923,4.88188,-0.00213333,-0.01637,0.00393677,0,0,-5,-0.00213333,-0.01637,5.00394,5.00396,-0.0197478,-0.0239326,0.00175212,0,0,0
1780638670326923,4.90588,-0.00212128,-0.0161431,0.00363159,0,0,-5,-0.00212128,-0.0161431,5.00363,5.00366,-0.0206336,-0.0240432,0.00286191,0,0,0
1780638670342931,4.92189,-0.00215145,-0.0160322,0.00344849,0,0,-5,-0.00215145,-0.0160322,5.00345,5.00347,-0.0221357,-0.02348,0.00247027,0,0,0
1780638670366931,4.94589,-0.0022281,-0.015906,0.00320435,0,0,-5,-0.0022281,-0.015906,5.0032,5.00323,-0.0221349,-0.0227176,0.00268204,0,0,0
1780638670382931,4.96189,-0.00229647,-0.015844,0.00305176,0,0,-5,-0.00229647,-0.015844,5.00305,5.00308,-0.0223578,-0.0213833,0.0036068,0,0,0
1780638670406931,4.98589,-0.00243148,-0.0157775,0.00283813,0,0,-5,-0.00243148,-0.0157775,5.00284,5.00286,-0.0223658,-0.0206146,0.00226107,0,0,0
1780638670422931,5.00189,-0.00253108,-0.0157428,0.00271606,0,0,-5,-0.00253108,-0.0157428,5.00272,5.00274,-0.0218786,-0.0193298,0.00239567,0,0,0
1780638670438931,5.01789,-0.00263453,-0.015709,0.00259399,0,0,-5,-0.00263453,-0.015709,5.00259,5.00262,-0.0214333,-0.0177421,0.00310366,0,0,0
1780638670462931,5.04189,-0.0028082,-0.0156685,0.00247192,0,0,-5,-0.0028082,-0.0156685,5.00247,5.0025,-0.0223935,-0.0166148,0.00406159,0,0,0
1780638670486931,5.06589,-0.00303245,-0.0156691,0.00234985,0,0,-5,-0.00303245,-0.0156691,5.00235,5.00238,-0.0226121,-0.0167122,0.00344528,0,0,0
1780638670502931,5.08189,-0.00319939,-0.015676,0.00228882,0,0,-5,-0.00319939,-0.015676,5.00229,5.00231,-0.0231352,-0.0155768,0.00325716,0,0,0
1780638670526931,5.10589,-0.00349097,-0.0157087,0.00219727,0,0,-5,-0.00349097,-0.0157087,5.0022,5.00222,-0.0240331,-0.0156569,0.00402637,0,0,0
1780638670542931,5.12189,-0.00370878,-0.0157539,0.00213623,0,0,-5,-0.00370878,-0.0157539,5.00214,5.00216,-0.0246136,-0.0156329,0.00283217,0,0,0
1780638670566931,5.14589,-0.00407413,-0.0158384,0.0020752,0,0,-5,-0.00407413,-0.0158384,5.00208,5.0021,-0.0255212,-0.0135821,0.00237052,0,0,0
1780638670582931,5.16189,-0.00393534,-0.0154728,0.0020752,0,0,-5,-0.00393534,-0.0154728,5.00208,5.0021,-0.0254227,-0.0122948,0.00294466,0,0,0
1780638670606931,5.18589,-0.00377199,-0.0149644,0.00210571,0,0,-5,-0.00377199,-0.0149644,5.00211,5.00213,-0.0248658,-0.0113813,0.00248268,0,0,0
1780638670622931,5.20189,-0.00368856,-0.0146537,0.00210571,0,0,-5,-0.00368856,-0.0146537,5.00211,5.00213,-0.0251775,-0.010791,0.00222159,0,0,0
1780638670646931,5.22589,-0.00358626,-0.0142227,0.00210571,0,0,-5,-0.00358626,-0.0142227,5.00211,5.00213,-0.0238149,-0.00917737,0.00175874,0,0,0
1780638670662931,5.24189,-0.0035263,-0.0139574,0.00210571,0,0,-5,-0.0035263,-0.0139574,5.00211,5.00213,-0.0230127,-0.00934936,0.00213482,0,0,0
1780638670686931,5.26589,-0.00347347,-0.0135886,0.00213623,0,0,-5,-0.00347347,-0.0135886,5.00214,5.00216,-0.0238291,-0.00861904,0.00193166,0,0,0
1780638670702931,5.28189,-0.00346777,-0.0133628,0.00213623,0,0,-5,-0.00346777,-0.0133628,5.00214,5.00216,-0.0235356,-0.00738126,0.00122557,0,0,0
1780638670726931,5.30589,-0.00347744,-0.0130805,0.00216675,0,0,-5,-0.00347744,-0.0130805,5.00217,5.00219,-0.0228552,-0.00952774,0.00155501,0,0,0
1780638670742931,5.32189,-0.0035059,-0.0129413,0.00216675,0,0,-5,-0.0035059,-0.0129413,5.00217,5.00218,-0.0235294,-0.00974393,0.00127874,0,0,0
1780638670766931,5.34589,-0.00359528,-0.0127724,0.00219727,0,0,-5,-0.00359528,-0.0127724,5.0022,5.00221,-0.024048,-0.00987813,0.000984973,0,0,0
1780638670782931,5.36189,-0.00368974,-0.0126899,0.00219727,0,0,-5,-0.00368974,-0.0126899,5.0022,5.00221,-0.0247823,-0.0096005,0.000906593,0,0,0
1780638670806931,5.38589,-0.0038467,-0.0125788,0.0022583,0,0,-5,-0.0038467,-0.0125788,5.00226,5.00228,-0.0244822,-0.00832892,0.00200079,0,0,0
1780638670822931,5.40189,-0.00395892,-0.0125104,0.00228882,0,0,-5,-0.00395892,-0.0125104,5.00229,5.00231,-0.0239528,-0.00729709,0.00143971,0,0,0
1780638670846931,5.42589,-0.00416239,-0.0124171,0.00231934,0,0,-5,-0.00416239,-0.0124171,5.00232,5.00234,-0.024505,-0.00687907,0.00163241,0,0,0
1780638670862931,5.44189,-0.00431759,-0.0123694,0.00234985,0,0,-5,-0.00431759,-0.0123694,5.00235,5.00237,-0.0247272,-0.00582612,0.00176074,0,0,0
1780638670886931,5.46589,-0.00456933,-0.0122803,0.00234985,0,0,-5,-0.00456933,-0.0122803,5.00235,5.00237,-0.0243125,-0.00387864,0.000443105,0,0,0
1780638670902931,5.48189,-0.00474268,-0.0122193,0.00234985,0,0,-5,-0.00474268,-0.0122193,5.00235,5.00237,-0.0241854,-0.00294188,0.000604411,0,0,0
1780638670926931,5.50589,-0.00504624,-0.0121461,0.00238037,0,0,-5,-0.00504624,-0.0121461,5.00238,5.0024,-0.0255078,-0.00383385,0.000378711,0,0,0
1780638670942931,5.52189,-0.0052535,-0.0121172,0.00234985,0,0,-5,-0.0052535,-0.0121172,5.00235,5.00237,-0.0249187,-0.00316672,-0.000567465,0,0,0
1780638670966931,5.54589,-0.00559323,-0.0120716,0.00234985,0,0,-5,-0.00559323,-0.0120716,5.00235,5.00237,-0.0253323,-0.00210404,-0.00100407,0,0,0
1780638670982931,5.56189,-0.00538602,-0.0117095,0.00238037,0,0,-5,-0.00538602,-0.0117095,5.00238,5.0024,-0.0256357,-0.0017895,-0.00128098,0,0,0
1780638671006931,5.58589,-0.00516146,-0.0112154,0.00241089,0,0,-5,-0.00516146,-0.0112154,5.00241,5.00243,-0.0271547,-0.0013792,-0.0025052,0,0,0
1780638671022931,5.60189,-0.00505065,-0.0109121,0.00244141,0,0,-5,-0.00505065,-0.0109121,5.00244,5.00246,-0.026611,-0.00138199,-0.0015187,0,0,0
1780638671046931,5.62589,-0.00492786,-0.0104977,0.00247192,0,0,-5,-0.00492786,-0.0104977,5.00247,5.00249,-0.0260105,-0.00110735,-0.00121224,0,0,0
1780638671062931,5.64189,-0.00486327,-0.0102366,0.00250244,0,0,-5,-0.00486327,-0.0102366,5.0025,5.00252,-0.0249423,-0.000536142,-0.00132055,0,0,0
1780638671086931,5.66589,-0.0047899,-0.00989222,0.00256348,0,0,-5,-0.0047899,-0.00989222,5.00256,5.00258,-0.025739,-0.00145098,0.000450976,0,0,0
1780638671102931,5.68189,-0.00479031,-0.00968556,0.00259399,0,0,-5,-0.00479031,-0.00968556,5.00259,5.00261,-0.0266847,-0.000685142,0.000577884,0,0,0
1780638671126931,5.70589,-0.00483622,-0.00940622,0.00265503,0,0,-5,-0.00483622,-0.00940622,5.00266,5.00267,-0.0271205,-0.000461926,-2.28481e-05,0,0,0
1780638671142931,5.72189,-0.00488944,-0.00923322,0.00268555,0,0,-5,-0.00488944,-0.00923322,5.00269,5.0027,-0.0269651,-0.00093805,0.000183741,0,0,0
1780638671166931,5.74589,-0.00499269,-0.0090413,0.00271606,0,0,-5,-0.00499269,-0.0090413,5.00272,5.00273,-0.0261759,-0.00228308,-0.00102308,0,0,0
1780638671182931,5.76189,-0.00507052,-0.00892231,0.00274658,0,0,-5,-0.00507052,-0.00892231,5.00275,5.00276,-0.0259098,-0.000953915,-0.00192283,0,0,0
1780638671206931,5.78589,-0.00522551,-0.00875908,0.00274658,0,0,-5,-0.00522551,-0.00875908,5.00275,5.00276,-0.0253727,-0.00158594,-0.00285154,0,0,0
1780638671222931,5.80189,-0.00532955,-0.00867528,0.00268555,0,0,-5,-0.00532955,-0.00867528,5.00269,5.0027,-0.0246523,-0.000942676,-0.00218678,0,0,0
1780638671246931,5.82589,-0.00551705,-0.00856049,0.00262451,0,0,-5,-0.00551705,-0.00856049,5.00262,5.00263,-0.0249822,-0.000677119,-0.00224292,0,0,0
1780638671262931,5.84189,-0.00565541,-0.00849366,0.00259399,0,0,-5,-0.00565541,-0.00849366,5.00259,5.0026,-0.0244925,-0.000382556,-0.00371325,0,0,0
1780638671286931,5.86589,-0.00586429,-0.0084173,0.00250244,0,0,-5,-0.00586429,-0.0084173,5.0025,5.00251,-0.0229909,-0.000940009,-0.00480694,0,0,0
1780638671302931,5.88189,-0.00600521,-0.00839234,0.00241089,0,0,-5,-0.00600521,-0.00839234,5.00241,5.00242,-0.0230128,-0.00126729,-0.00365146,0,0,0
1780638671326931,5.90589,-0.00626261,-0.00836088,0.00231934,0,0,-5,-0.00626261,-0.00836088,5.00232,5.00233,-0.0249427,-0.0011207,-0.00412178,0,0,0
1780638671342941,5.9219,-0.00646417,-0.00835002,0.0022583,0,0,-5,-0.00646417,-0.00835002,5.00226,5.00227,-0.0250866,-0.000758009,-0.00330494,0,0,0
1780638671366941,5.9459,-0.00680197,-0.00836863,0.00219727,0,0,-5,-0.00680197,-0.00836863,5.0022,5.00221,-0.0256085,-0.00243421,-0.00338032,0,0,0
1780638671382941,5.9619,-0.00675366,-0.00763457,0.00201416,0,0,-5,-0.00675366,-0.00763457,5.00201,5.00202,-0.0251472,-0.00342083,-0.00316252,0,0,0
1780638671406941,5.9859,-0.006731,-0.00660961,0.00170898,0,0,-5,-0.006731,-0.00660961,5.00171,5.00172,-0.0254663,-0.00151037,-0.00389081,0,0,0
1780638671422941,6.0019,-0.00674141,-0.00596468,0.00149536,0,0,-5,-0.00674141,-0.00596468,5.0015,5.0015,-0.0261897,-0.00241633,-0.00402869,0,0,0
1780638671446941,6.0259,-0.00680824,-0.00508231,0.00115967,0,0,-5,-0.00680824,-0.00508231,5.00116,5.00117,-0.0263726,-0.00221322,-0.0045269,0,0,0
1780638671462941,6.0419,-0.00687338,-0.00453053,0.000976562,0,0,-5,-0.00687338,-0.00453053,5.00098,5.00098,-0.0258042,-0.00187064,-0.00468598,0,0,0
1780638671486941,6.0659,-0.00700909,-0.00375457,0.000671387,0,0,-5,-0.00700909,-0.00375457,5.00067,5.00068,-0.0264814,-0.00118103,-0.0044913,0,0,0
1780638671502941,6.0819,-0.00711474,-0.00326023,0.000488281,0,0,-5,-0.00711474,-0.00326023,5.00049,5.00049,-0.0257223,-0.000285049,-0.00552573,0,0,0
1780638671526941,6.1059,-0.00731144,-0.00254509,0.000213623,0,0,-5,-0.00731144,-0.00254509,5.00021,5.00022,-0.0262686,0.00192928,-0.00587216,0,0,0
1780638671542941,6.1219,-0.00746036,-0.00207646,0,0,0,-5,-0.00746036,-0.00207646,5,5.00001,-0.0264758,0.00214941,-0.00599665,0,0,0
1780638671566941,6.1459,-0.00773719,-0.00140315,-0.000335693,0,0,-5,-0.00773719,-0.00140315,4.99966,4.99967,-0.0279553,0.00310541,-0.00646193,0,0,0
1780638671582941,6.1619,-0.00794558,-0.000982763,-0.000549316,0,0,-5,-0.00794558,-0.000982763,4.99945,4.99946,-0.0272678,0.00314347,-0.00662589,0,0,0
1780638671606941,6.1859,-0.00828666,-0.000390885,-0.000854492,0,0,-5,-0.00828666,-0.000390885,4.99915,4.99915,-0.0285013,0.00250867,-0.00514661,0,0,0
1780638671622941,6.2019,-0.00853905,-3.98226e-05,-0.0010376,0,0,-5,-0.00853905,-3.98226e-05,4.99896,4.99897,-0.0283188,0.00181755,-0.00437536,0,0,0
1780638671646941,6.2259,-0.00892517,0.000434079,-0.00125122,0,0,-5,-0.00892517,0.000434079,4.99875,4.99876,-0.0291284,0.00130823,-0.00308202,0,0,0
1780638671662941,6.2419,-0.00921377,0.000723705,-0.00134277,0,0,-5,-0.00921377,0.000723705,4.99866,4.99867,-0.0302561,0.00141866,-0.00209769,0,0,0
1780638671686941,6.2659,-0.00968955,0.00112679,-0.00152588,0,0,-5,-0.00968955,0.00112679,4.99847,4.99848,-0.0312748,0.00170388,-0.00244336,0,0,0
1780638671702941,6.2819,-0.0100335,0.0013718,-0.00164795,0,0,-5,-0.0100335,0.0013718,4.99835,4.99836,-0.0316141,0.000856602,-0.00357975,0,0,0
1780638671726941,6.3059,-0.0105412,0.00170306,-0.00186157,0,0,-5,-0.0105412,0.00170306,4.99814,4.99815,-0.0307906,0.00146601,-0.00422488,0,0,0
1780638671742941,6.3219,-0.0109041,0.00191359,-0.00198364,0,0,-5,-0.0109041,0.00191359,4.99802,4.99803,-0.0319876,0.00153764,-0.00342278,0,0,0
1780638671766941,6.3459,-0.0114833,0.00221061,-0.00216675,0,0,-5,-0.0114833,0.00221061,4.99783,4.99785,-0.0330081,0.00227515,-0.00442823,0,0,0
1780638671782941,6.3619,-0.0109126,0.00261414,-0.00231934,0,0,-5,-0.0109126,0.00261414,4.99768,4.99769,-0.0335781,0.00348967,-0.00391217,0,0,0
1780638671806941,6.3859,-0.0101498,0.00321072,-0.00250244,0,0,-5,-0.0101498,0.00321072,4.9975,4.99751,-0.03319,0.00428488,-0.0041754,0,0,0
1780638671822941,6.4019,-0.00970146,0.00358163,-0.00265503,0,0,-5,-0.00970146,0.00358163,4.99734,4.99736,-0.0326962,0.00469686,-0.00508515,0,0,0
1780638671838941,6.4179,-0.00930078,0.00395162,-0.00280762,0,0,-5,-0.00930078,0.00395162,4.99719,4.9972,-0.0333892,0.0058192,-0.00530897,0,0,0
1780638671862941,6.4419,-0.00879679,0.00450216,-0.00302124,0,0,-5,-0.00879679,0.00450216,4.99698,4.99699,-0.0338998,0.00708179,-0.00491578,0,0,0
1780638671878941,6.4579,-0.00851249,0.0048582,-0.00317383,0,0,-5,-0.00851249,0.0048582,4.99683,4.99684,-0.0334352,0.0072813,-0.00595024,0,0,0
1780638671902941,6.4819,-0.0081437,0.00537156,-0.00341797,0,0,-5,-0.0081437,0.00537156,4.99658,4.99659,-0.0326116,0.00849183,-0.00686762,0,0,0
1780638671926941,6.5059,-0.00786335,0.00588228,-0.00369263,0,0,-5,-0.00786335,0.00588228,4.99631,4.99632,-0.0334222,0.00932734,-0.00580409,0,0,0
1780638671942941,6.5219,-0.00772748,0.00622012,-0.00384521,0,0,-5,-0.00772748,0.00622012,4.99615,4.99616,-0.0347612,0.0104814,-0.00535915,0,0,0
1780638671966941,6.5459,-0.00759176,0.00670697,-0.00405884,0,0,-5,-0.00759176,0.00670697,4.99594,4.99595,-0.0346245,0.0100772,-0.00519404,0,0,0
1780638671982941,6.5619,-0.00754604,0.00701589,-0.00421143,0,0,-5,-0.00754604,0.00701589,4.99579,4.9958,-0.0346592,0.0103771,-0.0049748,0,0,0
1780638672006941,6.5859,-0.00752342,0.00746144,-0.00436401,0,0,-5,-0.00752342,0.00746144,4.99564,4.99565,-0.0345947,0.0108928,-0.00340727,0,0,0
1780638672022941,6.6019,-0.00754201,0.0077443,-0.00448608,0,0,-5,-0.00754201,0.0077443,4.99551,4.99553,-0.0347831,0.0110673,-0.00489517,0,0,0
1780638672046941,6.6259,-0.00762198,0.00815483,-0.00463867,0,0,-5,-0.00762198,0.00815483,4.99536,4.99537,-0.0348891,0.0105903,-0.00423066,0,0,0
1780638672062941,6.6419,-0.00770787,0.00840659,-0.00476074,0,0,-5,-0.00770787,0.00840659,4.99524,4.99525,-0.0351595,0.00991487,-0.00400831,0,0,0
1780638672086941,6.6659,-0.00789255,0.00876469,-0.00488281,0,0,-5,-0.00789255,0.00876469,4.99512,4.99513,-0.0357752,0.01072,-0.00289258,0,0,0
1780638672102941,6.6819,-0.00805036,0.00901306,-0.00494385,0,0,-5,-0.00805036,0.00901306,4.99506,4.99507,-0.0363298,0.0118108,-0.00214373,0,0,0
1780638672126941,6.7059,-0.00834096,0.00938856,-0.0050354,0,0,-5,-0.00834096,0.00938856,4.99496,4.99498,-0.0362179,0.0124826,-0.0019687,0,0,0
1780638672142941,6.7219,-0.00855288,0.00963809,-0.00509644,0,0,-5,-0.00855288,0.00963809,4.9949,4.99492,-0.0362428,0.012532,-0.00088726,0,0,0
1780638672166941,6.7459,-0.00890331,0.00999524,-0.00515747,0,0,-5,-0.00890331,0.00999524,4.99484,4.99486,-0.036009,0.0128586,-0.0012001,0,0,0
1780638672182941,6.7619,-0.00892544,0.0101182,-0.00509644,0,0,-5,-0.00892544,0.0101182,4.9949,4.99492,-0.0351194,0.0138682,-0.000787974,0,0,0
1780638672206941,6.7859,-0.0086665,0.0101409,-0.00494385,0,0,-5,-0.0086665,0.0101409,4.99506,4.99507,-0.0363037,0.0133345,-0.00220448,0,0,0
1780638672222941,6.8019,-0.00856711,0.0101562,-0.00488281,0,0,-5,-0.00856711,0.0101562,4.99512,4.99513,-0.0382313,0.0129044,-0.00257942,0,0,0
1780638672246941,6.8259,-0.00850603,0.0101662,-0.00479126,0,0,-5,-0.00850603,0.0101662,4.99521,4.99523,-0.0388034,0.012208,-0.00264495,0,0,0
1780638672262941,6.8419,-0.00851638,0.0101751,-0.00473022,0,0,-5,-0.00851638,0.0101751,4.99527,4.99529,-0.039337,0.0126688,-0.00297838,0,0,0
1780638672286941,6.8659,-0.00860205,0.0102237,-0.00466919,0,0,-5,-0.00860205,0.0102237,4.99533,4.99535,-0.0398841,0.0137659,-0.00300159,0,0,0
1780638672302941,6.8819,-0.00870324,0.0102734,-0.00463867,0,0,-5,-0.00870324,0.0102734,4.99536,4.99538,-0.0405577,0.0137477,-0.00271711,0,0,0
1780638672326941,6.9059,-0.00893352,0.0103585,-0.00454712,0,0,-5,-0.00893352,0.0103585,4.99545,4.99547,-0.0415347,0.0133957,-0.00197096,0,0,0
1780638672342957,6.92192,-0.00912465,0.0103926,-0.0045166,0,0,-5,-0.00912465,0.0103926,4.99548,4.9955,-0.0419145,0.0123925,-0.0016932,0,0,0
1780638672366957,6.94592,-0.00945035,0.0104303,-0.00442505,0,0,-5,-0.00945035,0.0104303,4.99557,4.99559,-0.0415745,0.0118523,-0.000380055,0,0,0
1780638672382957,6.96192,-0.00969592,0.0104595,-0.00436401,0,0,-5,-0.00969592,0.0104595,4.99564,4.99566,-0.0422022,0.0122003,-0.000802291,0,0,0
1780638672406957,6.98592,-0.0101373,0.010508,-0.00427246,0,0,-5,-0.0101373,0.010508,4.99573,4.99575,-0.0434283,0.0121815,-0.00159764,0,0,0
1780638672422957,7.00192,-0.0104494,0.0105417,-0.00424194,0,0,-5,-0.0104494,0.0105417,4.99576,4.99578,-0.0426525,0.0114867,-0.00256721,0,0,0
1780638672446957,7.02592,-0.01094,0.0105817,-0.00421143,0,0,-5,-0.01094,0.0105817,4.99579,4.99581,-0.0424787,0.0113509,-0.00298115,0,0,0
1780638672462957,7.04192,-0.0112971,0.0106154,-0.00418091,0,0,-5,-0.0112971,0.0106154,4.99582,4.99584,-0.0443572,0.0116291,-0.00219679,0,0,0
1780638672478957,7.05792,-0.0116951,0.010653,-0.00415039,0,0,-5,-0.0116951,0.010653,4.99585,4.99587,-0.0451167,0.0116565,-0.00215159,0,0,0
1780638672502957,7.08192,-0.0123269,0.0107301,-0.00408936,0,0,-5,-0.0123269,0.0107301,4.99591,4.99594,-0.0455719,0.0129716,-0.000555175,0,0,0
1780638672526957,7.10592,-0.0130006,0.0108236,-0.00402832,0,0,-5,-0.0130006,0.0108236,4.99597,4.996,-0.0450922,0.0125809,-0.00192622,0,0,0
1780638672542957,7.12192,-0.013465,0.0108827,-0.0039978,0,0,-5,-0.013465,0.0108827,4.996,4.99603,-0.0454095,0.0128299,-0.00203479,0,0,0
1780638672566957,7.14592,-0.0141902,0.0109872,-0.00396729,0,0,-5,-0.0141902,0.0109872,4.99603,4.99606,-0.0454953,0.0133394,-0.00160465,0,0,0
1780638672582957,7.16192,-0.0140224,0.0108466,-0.00363159,0,0,-5,-0.0140224,0.0108466,4.99637,4.9964,-0.0446904,0.012206,-0.00127112,0,0,0
1780638672606957,7.18592,-0.0138435,0.010633,-0.00317383,0,0,-5,-0.0138435,0.010633,4.99683,4.99686,-0.0450491,0.0108494,0.000437582,0,0,0
1780638672622957,7.20192,-0.013785,0.0104912,-0.00283813,0,0,-5,-0.013785,0.0104912,4.99716,4.99719,-0.0448293,0.0113211,0.000903254,0,0,0
1780638672646957,7.22592,-0.0137747,0.0103145,-0.00238037,0,0,-5,-0.0137747,0.0103145,4.99762,4.99765,-0.0444306,0.011809,0.00282103,0,0,0
1780638672662957,7.24192,-0.0137987,0.0101951,-0.00204468,0,0,-5,-0.0137987,0.0101951,4.99796,4.99798,-0.0442689,0.0104006,0.00322932,0,0,0
1780638672678957,7.25792,-0.0138517,0.0100774,-0.0017395,0,0,-5,-0.0138517,0.0100774,4.99826,4.99829,-0.0430834,0.010277,0.00383837,0,0,0
1780638672702957,7.28192,-0.0139649,0.00991986,-0.00128174,0,0,-5,-0.0139649,0.00991986,4.99872,4.99875,-0.0426928,0.0103536,0.00337338,0,0,0
1780638672726957,7.30592,-0.0141405,0.00978331,-0.00088501,0,0,-5,-0.0141405,0.00978331,4.99911,4.99914,-0.0427457,0.0102675,0.00234509,0,0,0
1780638672742957,7.32192,-0.0142842,0.00970209,-0.000640869,0,0,-5,-0.0142842,0.00970209,4.99936,4.99939,-0.0419773,0.0108054,0.00240742,0,0,0
1780638672766957,7.34592,-0.0145459,0.0096035,-0.000244141,0,0,-5,-0.0145459,0.0096035,4.99976,4.99979,-0.0424036,0.0108606,0.00470354,0,0,0
1780638672782957,7.36192,-0.0147492,0.00955006,3.05176e-05,0,0,-5,-0.0147492,0.00955006,5.00003,5.00006,-0.0415173,0.0115318,0.00470348,0,0,0
1780638672806957,7.38592,-0.0150912,0.00948471,0.000396729,0,0,-5,-0.0150912,0.00948471,5.0004,5.00043,-0.0417556,0.0112846,0.0049073,0,0,0
1780638672822957,7.40192,-0.0153526,0.0094635,0.000640869,0,0,-5,-0.0153526,0.0094635,5.00064,5.00067,-0.0423756,0.0129002,0.00497873,0,0,0
1780638672846957,7.42592,-0.015818,0.0094649,0.00100708,0,0,-5,-0.015818,0.0094649,5.00101,5.00104,-0.0442293,0.0128635,0.00466689,0,0,0
1780638672862957,7.44192,-0.0161629,0.00948051,0.0012207,0,0,-5,-0.0161629,0.00948051,5.00122,5.00126,-0.0440936,0.0134461,0.00480807,0,0,0
1780638672886957,7.46592,-0.0167089,0.00949836,0.00152588,0,0,-5,-0.0167089,0.00949836,5.00153,5.00156,-0.0440484,0.0123257,0.00408855,0,0,0
1780638672902957,7.48192,-0.0170845,0.00951346,0.0017395,0,0,-5,-0.0170845,0.00951346,5.00174,5.00178,-0.0423826,0.012565,0.00475178,0,0,0
1780638672926957,7.50592,-0.0176597,0.00954586,0.00204468,0,0,-5,-0.0176597,0.00954586,5.00204,5.00208,-0.0424862,0.0121487,0.00585281,0,0,0
1780638672942957,7.52192,-0.0180719,0.00956646,0.00222778,0,0,-5,-0.0180719,0.00956646,5.00223,5.00227,-0.0430815,0.01214,0.00542942,0,0,0
1780638672966957,7.54592,-0.0187276,0.00960224,0.00256348,0,0,-5,-0.0187276,0.00960224,5.00256,5.00261,-0.0435289,0.01227,0.00658698,0,0,0
1780638672982957,7.56192,-0.0184966,0.00925858,0.00241089,0,0,-5,-0.0184966,0.00925858,5.00241,5.00245,-0.0434938,0.0123608,0.0067531,0,0,0
1780638673006957,7.58592,-0.018235,0.00878673,0.00216675,0,0,-5,-0.018235,0.00878673,5.00217,5.00221,-0.0430897,0.0124584,0.00486216,0,0,0
1780638673022957,7.60192,-0.0181002,0.00850154,0.00201416,0,0,-5,-0.0181002,0.00850154,5.00201,5.00205,-0.0417598,0.0124766,0.00467386,0,0,0
1780638673046957,7.62592,-0.0179344,0.00810414,0.00177002,0,0,-5,-0.0179344,0.00810414,5.00177,5.00181,-0.0398975,0.0123146,0.00498272,0,0,0
1780638673062957,7.64192,-0.0178656,0.00786044,0.00164795,0,0,-5,-0.0178656,0.00786044,5.00165,5.00169,-0.0401761,0.0124608,0.00497628,0,0,0
1780638673086957,7.66592,-0.017818,0.00751075,0.00146484,0,0,-5,-0.017818,0.00751075,5.00146,5.0015,-0.0398355,0.0106044,0.00386652,0,0,0
1780638673102957,7.68192,-0.0178367,0.00727895,0.00134277,0,0,-5,-0.0178367,0.00727895,5.00134,5.00138,-0.0406339,0.0110049,0.00422671,0,0,0
1780638673126957,7.70592,-0.017911,0.00694732,0.0012207,0,0,-5,-0.017911,0.00694732,5.00122,5.00126,-0.0395194,0.00982931,0.00482263,0,0,0
1780638673142957,7.72192,-0.0179898,0.00674579,0.00112915,0,0,-5,-0.0179898,0.00674579,5.00113,5.00117,-0.038825,0.0110899,0.00481156,0,0,0
1780638673166957,7.74592,-0.0181439,0.00647197,0.000976562,0,0,-5,-0.0181439,0.00647197,5.00098,5.00101,-0.0383988,0.0103761,0.00296157,0,0,0
1780638673182957,7.76192,-0.0182697,0.00629483,0.00088501,0,0,-5,-0.0182697,0.00629483,5.00089,5.00092,-0.0368328,0.00988992,0.00296774,0,0,0
1780638673206957,7.78592,-0.0184894,0.0060357,0.000762939,0,0,-5,-0.0184894,0.0060357,5.00076,5.0008,-0.0373564,0.00879249,0.0021911,0,0,0
1780638673222957,7.80192,-0.0186708,0.00586024,0.000671387,0,0,-5,-0.0186708,0.00586024,5.00067,5.00071,-0.0370864,0.00862005,0.00128112,0,0,0
1780638673246957,7.82592,-0.0189923,0.00561595,0.000518799,0,0,-5,-0.0189923,0.00561595,5.00052,5.00056,-0.038441,0.00774708,0.00196375,0,0,0
1780638673262957,7.84192,-0.0192447,0.00545437,0.000457764,0,0,-5,-0.0192447,0.00545437,5.00046,5.0005,-0.0387967,0.00726523,0.00208232,0,0,0
1780638673286957,7.86592,-0.0196728,0.00521204,0.000366211,0,0,-5,-0.0196728,0.00521204,5.00037,5.00041,-0.0399538,0.00676627,0.00403634,0,0,0
1780638673302957,7.88192,-0.0200071,0.0050706,0.000335693,0,0,-5,-0.0200071,0.0050706,5.00034,5.00038,-0.0410912,0.00740858,0.0044845,0,0,0
1780638673326957,7.90592,-0.020568,0.00485788,0.000305176,0,0,-5,-0.020568,0.00485788,5.00031,5.00035,-0.0424219,0.00559233,0.0035719,0,0,0
1780638673342971,7.92193,-0.0209629,0.00471924,0.000274658,0,0,-5,-0.0209629,0.00471924,5.00027,5.00032,-0.0414672,0.00618823,0.00329944,0,0,0
1780638673366971,7.94593,-0.0215645,0.00453623,0.000213623,0,0,-5,-0.0215645,0.00453623,5.00021,5.00026,-0.0409738,0.00623247,0.00273279,0,0,0
1780638673382971,7.96193,-0.0211678,0.00435088,0.000244141,0,0,-5,-0.0211678,0.00435088,5.00024,5.00029,-0.0406807,0.00599072,0.00279007,0,0,0
1780638673406971,7.98593,-0.0206443,0.00407254,0.000274658,0,0,-5,-0.0206443,0.00407254,5.00027,5.00032,-0.0392798,0.00490799,0.00347531,0,0,0
1780638673422971,8.00193,-0.0203519,0.00388946,0.000305176,0,0,-5,-0.0203519,0.00388946,5.00031,5.00035,-0.039158,0.00471751,0.00207843,0,0,0
1780638673446971,8.02593,-0.0199871,0.00361005,0.000335693,0,0,-5,-0.0199871,0.00361005,5.00034,5.00038,-0.0380748,0.00420281,0.00272794,0,0,0
1780638673462971,8.04193,-0.0197905,0.00343537,0.000366211,0,0,-5,-0.0197905,0.00343537,5.00037,5.00041,-0.0382186,0.00440597,0.00319086,0,0,0
1780638673478971,8.05793,-0.019631,0.00327013,0.000396729,0,0,-5,-0.019631,0.00327013,5.0004,5.00044,-0.0369403,0.00371102,0.0028114,0,0,0
1780638673502971,8.08193,-0.0194444,0.00302777,0.000427246,0,0,-5,-0.0194444,0.00302777,5.00043,5.00047,-0.0365775,0.00499661,0.00353951,0,0,0
1780638673526971,8.10593,-0.019324,0.0028156,0.000518799,0,0,-5,-0.019324,0.0028156,5.00052,5.00056,-0.0353099,0.00472523,0.00441633,0,0,0
1780638673542971,8.12193,-0.0192756,0.0026847,0.000549316,0,0,-5,-0.0192756,0.0026847,5.00055,5.00059,-0.0356331,0.00457956,0.00410654,0,0,0
1780638673566971,8.14593,-0.0192594,0.00250367,0.000610352,0,0,-5,-0.0192594,0.00250367,5.00061,5.00065,-0.0355067,0.00398692,0.00357748,0,0,0
1780638673582971,8.16193,-0.019287,0.00237981,0.000640869,0,0,-5,-0.019287,0.00237981,5.00064,5.00068,-0.0355216,0.00404167,0.00364885,0,0,0
1780638673606971,8.18593,-0.0193829,0.00220176,0.000701904,0,0,-5,-0.0193829,0.00220176,5.0007,5.00074,-0.0355364,0.00311282,0.00434219,0,0,0
1780638673622971,8.20193,-0.0194934,0.00207711,0.000762939,0,0,-5,-0.0194934,0.00207711,5.00076,5.0008,-0.0372868,0.00282226,0.0053801,0,0,0
1780638673646971,8.22593,-0.0197137,0.00190496,0.000854492,0,0,-5,-0.0197137,0.00190496,5.00085,5.00089,-0.0365437,0.00355139,0.00451119,0,0,0
1780638673662971,8.24193,-0.0198828,0.00179521,0.000915527,0,0,-5,-0.0198828,0.00179521,5.00092,5.00096,-0.0367385,0.00239368,0.0043535,0,0,0
1780638673686971,8.26593,-0.020191,0.00161822,0.000976562,0,0,-5,-0.020191,0.00161822,5.00098,5.00102,-0.0367066,0.00171683,0.00253468,0,0,0
1780638673702971,8.28193,-0.0204284,0.00149982,0.00100708,0,0,-5,-0.0204284,0.00149982,5.00101,5.00105,-0.0377837,0.0017315,0.00309177,0,0,0
1780638673726971,8.30593,-0.0208442,0.00132446,0.00106812,0,0,-5,-0.0208442,0.00132446,5.00107,5.00111,-0.0388938,0.00100303,0.00296445,0,0,0
1780638673742971,8.32193,-0.0211521,0.00120599,0.00109863,0,0,-5,-0.0211521,0.00120599,5.0011,5.00114,-0.037971,0.000916552,0.00309608,0,0,0
1780638673758971,8.33793,-0.0214687,0.00109587,0.00115967,0,0,-5,-0.0214687,0.00109587,5.00116,5.00121,-0.0379701,0.0016632,0.00296506,0,0,0
1780638673782971,8.36193,-0.0210941,0.000777134,0.00137329,0,0,-5,-0.0210941,0.000777134,5.00137,5.00142,-0.0380292,0.00218799,0.00186868,0,0,0
1780638673806971,8.38593,-0.0203891,0.000403581,0.00164795,0,0,-5,-0.0203891,0.000403581,5.00165,5.00169,-0.037881,0.00291806,0.00295999,0,0,0
1780638673822971,8.40193,-0.0199872,0.000180656,0.00183105,0,0,-5,-0.0199872,0.000180656,5.00183,5.00187,-0.0381174,0.00261901,0.00390937,0,0,0
1780638673838971,8.41793,-0.0196422,-3.63571e-05,0.00204468,0,0,-5,-0.0196422,-3.63571e-05,5.00204,5.00208,-0.0379505,0.00310459,0.00486035,0,0,0
1780638673862971,8.44193,-0.0192099,-0.00034177,0.00234985,0,0,-5,-0.0192099,-0.00034177,5.00235,5.00239,-0.0379177,0.00307606,0.00473993,0,0,0
1780638673886971,8.46593,-0.018881,-0.000635352,0.00262451,0,0,-5,-0.018881,-0.000635352,5.00262,5.00266,-0.0378866,0.00240578,0.00479505,0,0,0
1780638673902971,8.48193,-0.0187197,-0.000828976,0.00280762,0,0,-5,-0.0187197,-0.000828976,5.00281,5.00284,-0.0384802,0.00138848,0.00461629,0,0,0
1780638673926971,8.50593,-0.018555,-0.00113698,0.00305176,0,0,-5,-0.018555,-0.00113698,5.00305,5.00309,-0.0379263,0.00120625,0.00583327,0,0,0
1780638673942971,8.52193,-0.0184936,-0.00130582,0.00323486,0,0,-5,-0.0184936,-0.00130582,5.00323,5.00327,-0.0388817,0.00289809,0.00490433,0,0,0
1780638673966971,8.54593,-0.0184818,-0.00152695,0.003479,0,0,-5,-0.0184818,-0.00152695,5.00348,5.00351,-0.0386908,0.00299847,0.00486692,0,0,0
1780638673982971,8.56193,-0.0185058,-0.00167488,0.00360107,0,0,-5,-0.0185058,-0.00167488,5.0036,5.00364,-0.0384801,0.00220004,0.00618677,0,0,0
1780638674006971,8.58593,-0.0186169,-0.00188886,0.00384521,0,0,-5,-0.0186169,-0.00188886,5.00385,5.00388,-0.0399418,0.00324911,0.00787843,0,0,0
1780638674022971,8.60193,-0.0187305,-0.00200127,0.00402832,0,0,-5,-0.0187305,-0.00200127,5.00403,5.00406,-0.0396181,0.00488792,0.00789377,0,0,0
1780638674038971,8.61793,-0.0188692,-0.00208802,0.00418091,0,0,-5,-0.0188692,-0.00208802,5.00418,5.00422,-0.0390652,0.00551769,0.00823047,0,0,0
1780638674062971,8.64193,-0.0191317,-0.00219923,0.00445557,0,0,-5,-0.0191317,-0.00219923,5.00446,5.00449,-0.0397751,0.00527747,0.00833502,0,0,0
1780638674086971,8.66593,-0.019463,-0.00229421,0.00469971,0,0,-5,-0.019463,-0.00229421,5.0047,5.00474,-0.0406205,0.00591401,0.00834938,0,0,0
1780638674102971,8.68193,-0.0197236,-0.00234675,0.00485229,0,0,-5,-0.0197236,-0.00234675,5.00485,5.00489,-0.0403495,0.0061611,0.00913282,0,0,0
1780638674126971,8.70593,-0.0201543,-0.00241987,0.00512695,0,0,-5,-0.0201543,-0.00241987,5.00513,5.00517,-0.0407633,0.00542071,0.00841139,0,0,0
1780638674142971,8.72193,-0.0204557,-0.0024703,0.00527954,0,0,-5,-0.0204557,-0.0024703,5.00528,5.00532,-0.0395183,0.00533985,0.00851818,0,0,0
1780638674166971,8.74593,-0.020924,-0.00252626,0.00549316,0,0,-5,-0.020924,-0.00252626,5.00549,5.00554,-0.0390662,0.0066536,0.00747469,0,0,0
1780638674182971,8.76193,-0.0204035,-0.00216948,0.00549316,0,0,-5,-0.0204035,-0.00216948,5.00549,5.00554,-0.038904,0.00747873,0.00851328,0,0,0
1780638674206971,8.78593,-0.0197001,-0.00161497,0.00549316,0,0,-5,-0.0197001,-0.00161497,5.00549,5.00553,-0.0370762,0.00984073,0.00677536,0,0,0
1780638674222971,8.80193,-0.0192904,-0.00123309,0.00549316,0,0,-5,-0.0192904,-0.00123309,5.00549,5.00553,-0.037298,0.0110844,0.00607115,0,0,0
1780638674246971,8.82593,-0.0187742,-0.000662026,0.00546265,0,0,-5,-0.0187742,-0.000662026,5.00546,5.0055,-0.0379701,0.0118722,0.00688929,0,0,0
1780638674262971,8.84193,-0.0185085,-0.000277883,0.00546265,0,0,-5,-0.0185085,-0.000277883,5.00546,5.0055,-0.0383901,0.0129052,0.00667289,0,0,0
1780638674286971,8.86593,-0.0182294,0.000299121,0.00549316,0,0,-5,-0.0182294,0.000299121,5.00549,5.00553,-0.0397497,0.012947,0.00848298,0,0,0
1780638674302971,8.88193,-0.018096,0.000662534,0.00552368,0,0,-5,-0.018096,0.000662534,5.00552,5.00556,-0.0382924,0.0123478,0.00823886,0,0,0
1780638674326971,8.90593,-0.0179476,0.00121014,0.00561523,0,0,-5,-0.0179476,0.00121014,5.00562,5.00565,-0.0382555,0.0147345,0.0105291,0,0,0
1780638674342971,8.92193,-0.0178883,0.00160452,0.00570679,0,0,-5,-0.0178883,0.00160452,5.00571,5.00574,-0.0375105,0.0168491,0.0108492,0,0,0
1780638674366989,8.94595,-0.0178566,0.00221257,0.00585938,0,0,-5,-0.0178566,0.00221257,5.00586,5.00589,-0.0377902,0.0175313,0.0111488,0,0,0
1780638674382989,8.96195,-0.0178852,0.00260661,0.00598145,0,0,-5,-0.0178852,0.00260661,5.00598,5.00601,-0.0381536,0.0174634,0.012098,0,0,0
1780638674406989,8.98595,-0.0179765,0.00319512,0.00616455,0,0,-5,-0.0179765,0.00319512,5.00616,5.0062,-0.0376709,0.0178706,0.0108958,0,0,0
1780638674422989,9.00195,-0.0180719,0.00358393,0.00622559,0,0,-5,-0.0180719,0.00358393,5.00623,5.00626,-0.0372856,0.0182013,0.0100916,0,0,0
1780638674446989,9.02595,-0.0182743,0.00417923,0.00634766,0,0,-5,-0.0182743,0.00417923,5.00635,5.00638,-0.0380305,0.0192297,0.00931643,0,0,0
1780638674462989,9.04195,-0.0184475,0.00458208,0.00643921,0,0,-5,-0.0184475,0.00458208,5.00644,5.00648,-0.0378831,0.0207729,0.00982719,0,0,0
1780638674486989,9.06595,-0.0187533,0.00522416,0.00656128,0,0,-5,-0.0187533,0.00522416,5.00656,5.0066,-0.0369894,0.0223991,0.00982647,0,0,0
1780638674502989,9.08195,-0.0189691,0.00565652,0.00665283,0,0,-5,-0.0189691,0.00565652,5.00665,5.00669,-0.037426,0.0224566,0.0103522,0,0,0
1780638674526989,9.10595,-0.0193626,0.00631095,0.00680542,0,0,-5,-0.0193626,0.00631095,5.00681,5.00685,-0.0391421,0.0239813,0.0110414,0,0,0
1780638674542989,9.12195,-0.0196762,0.00676962,0.00692749,0,0,-5,-0.0196762,0.00676962,5.00693,5.00697,-0.0410193,0.0253474,0.0112734,0,0,0
1780638674566989,9.14595,-0.0202073,0.00746783,0.00708008,0,0,-5,-0.0202073,0.00746783,5.00708,5.00713,-0.0416719,0.0261689,0.0121801,0,0,0
1780638674582989,9.16195,-0.0197796,0.0079592,0.00698853,0,0,-5,-0.0197796,0.0079592,5.00699,5.00703,-0.0415097,0.0271932,0.0115829,0,0,0
1780638674606989,9.18595,-0.0192488,0.00870394,0.00686646,0,0,-5,-0.0192488,0.00870394,5.00687,5.00691,-0.0426976,0.0281084,0.0112074,0,0,0
1780638674622989,9.20195,-0.0189783,0.00920757,0.0067749,0,0,-5,-0.0189783,0.00920757,5.00677,5.00682,-0.0433689,0.028551,0.00964065,0,0,0
1780638674646989,9.22595,-0.0186726,0.00998916,0.00665283,0,0,-5,-0.0186726,0.00998916,5.00665,5.0067,-0.0426898,0.0305023,0.010475,0,0,0
1780638674662989,9.24195,-0.0185115,0.0105304,0.0065918,0,0,-5,-0.0185115,0.0105304,5.00659,5.00664,-0.04168,0.0320249,0.0107424,0,0,0
1780638674686989,9.26595,-0.0183647,0.0113917,0.00650024,0,0,-5,-0.0183647,0.0113917,5.0065,5.00655,-0.0432111,0.0339301,0.0105667,0,0,0
1780638674702989,9.28195,-0.0183201,0.0119559,0.00646973,0,0,-5,-0.0183201,0.0119559,5.00647,5.00652,-0.0430008,0.0325801,0.00989967,0,0,0
1780638674726989,9.30595,-0.0183066,0.012778,0.00640869,0,0,-5,-0.0183066,0.012778,5.00641,5.00646,-0.042387,0.0317162,0.0097049,0,0,0
1780638674742989,9.32195,-0.0183437,0.0133154,0.00640869,0,0,-5,-0.0183437,0.0133154,5.00641,5.00646,-0.0432019,0.0319217,0.00990227,0,0,0
1780638674766989,9.34595,-0.0184963,0.0141098,0.00637817,0,0,-5,-0.0184963,0.0141098,5.00638,5.00643,-0.0447977,0.0317638,0.00918246,0,0,0
1780638674782989,9.36195,-0.0186618,0.0146411,0.00634766,0,0,-5,-0.0186618,0.0146411,5.00635,5.0064,-0.045039,0.0329822,0.00985752,0,0,0
1780638674806989,9.38595,-0.0189751,0.0154592,0.00637817,0,0,-5,-0.0189751,0.0154592,5.00638,5.00644,-0.0452696,0.0330587,0.0112412,0,0,0
1780638674822989,9.40195,-0.0192212,0.0160083,0.00640869,0,0,-5,-0.0192212,0.0160083,5.00641,5.00647,-0.0454908,0.034325,0.0113481,0,0,0
1780638674846989,9.42595,-0.0196494,0.0168466,0.00646973,0,0,-5,-0.0196494,0.0168466,5.00647,5.00654,-0.0454883,0.0343884,0.0103834,0,0,0
1780638674862989,9.44195,-0.019962,0.0173933,0.00653076,0,0,-5,-0.019962,0.0173933,5.00653,5.0066,-0.0450059,0.0334914,0.011095,0,0,0
1780638674886989,9.46595,-0.0204667,0.0181992,0.0065918,0,0,-5,-0.0204667,0.0181992,5.00659,5.00667,-0.0449791,0.0335415,0.0110236,0,0,0
1780638674902989,9.48195,-0.020834,0.0187358,0.00668335,0,0,-5,-0.020834,0.0187358,5.00668,5.00676,-0.0450582,0.0337178,0.0117596,0,0,0
1780638674926989,9.50595,-0.0214116,0.0195473,0.00680542,0,0,-5,-0.0214116,0.0195473,5.00681,5.00689,-0.0442108,0.0343417,0.0120181,0,0,0
1780638674942989,9.52195,-0.021807,0.0200976,0.00686646,0,0,-5,-0.021807,0.0200976,5.00687,5.00695,-0.0436112,0.0348208,0.0119611,0,0,0
1780638674966989,9.54595,-0.0224347,0.0209101,0.00701904,0,0,-5,-0.0224347,0.0209101,5.00702,5.00711,-0.0433439,0.0340194,0.012186,0,0,0
1780638674982989,9.56195,-0.0215013,0.0207148,0.00695801,0,0,-5,-0.0215013,0.0207148,5.00696,5.00705,-0.0426005,0.033468,0.0108645,0,0,0
1780638675006989,9.58595,-0.0202594,0.0204978,0.00686646,0,0,-5,-0.0202594,0.0204978,5.00687,5.00695,-0.042762,0.034978,0.0108148,0,0,0
1780638675022989,9.60195,-0.0195204,0.0203924,0.00680542,0,0,-5,-0.0195204,0.0203924,5.00681,5.00689,-0.0415347,0.0338385,0.0101367,0,0,0
1780638675038989,9.61795,-0.0188398,0.0203121,0.0067749,0,0,-5,-0.0188398,0.0203121,5.00677,5.00685,-0.040981,0.0336143,0.0101194,0,0,0
1780638675062989,9.64195,-0.0179397,0.0202553,0.00671387,0,0,-5,-0.0179397,0.0202553,5.00671,5.00679,-0.0398948,0.0351462,0.00908064,0,0,0
1780638675086989,9.66595,-0.0171504,0.0202833,0.00665283,0,0,-5,-0.0171504,0.0202833,5.00665,5.00672,-0.0387898,0.0358472,0.00952079,0,0,0
1780638675102989,9.68195,-0.0166918,0.0203329,0.00662231,0,0,-5,-0.0166918,0.0203329,5.00662,5.00669,-0.0391667,0.0361916,0.00958212,0,0,0
1780638675126989,9.70595,-0.0161146,0.0204617,0.00662231,0,0,-5,-0.0161146,0.0204617,5.00662,5.00669,-0.0395411,0.036186,0.00963059,0,0,0
1780638675142989,9.72195,-0.0157986,0.0205765,0.0065918,0,0,-5,-0.0157986,0.0205765,5.00659,5.00666,-0.0387661,0.0369715,0.00981669,0,0,0
1780638675166989,9.74595,-0.0153972,0.0208116,0.00662231,0,0,-5,-0.0153972,0.0208116,5.00662,5.00669,-0.0384068,0.0383338,0.0105384,0,0,0
1780638675182989,9.76195,-0.0151827,0.0210056,0.00665283,0,0,-5,-0.0151827,0.0210056,5.00665,5.00672,-0.0381416,0.0386465,0.00987525,0,0,0
1780638675198989,9.77795,-0.0150087,0.021213,0.00668335,0,0,-5,-0.0150087,0.021213,5.00668,5.00675,-0.0383793,0.0382262,0.0106278,0,0,0
1780638675222989,9.80195,-0.0148321,0.0215216,0.00674438,0,0,-5,-0.0148321,0.0215216,5.00674,5.00681,-0.038655,0.036674,0.0104819,0,0,0
1780638675246989,9.82595,-0.0147476,0.0218548,0.00680542,0,0,-5,-0.0147476,0.0218548,5.00681,5.00687,-0.0388838,0.0375271,0.00969983,0,0,0
1780638675262989,9.84195,-0.0147361,0.0221031,0.00683594,0,0,-5,-0.0147361,0.0221031,5.00684,5.00691,-0.0391875,0.0371071,0.00897211,0,0,0
1780638675286989,9.86595,-0.0148005,0.0224971,0.00680542,0,0,-5,-0.0148005,0.0224971,5.00681,5.00688,-0.0397762,0.0371063,0.00820721,0,0,0
1780638675302989,9.88195,-0.0148926,0.0227821,0.0067749,0,0,-5,-0.0148926,0.0227821,5.00677,5.00685,-0.0396631,0.037282,0.00812575,0,0,0
1780638675326989,9.90595,-0.0150809,0.0232153,0.0067749,0,0,-5,-0.0150809,0.0232153,5.00677,5.00685,-0.0397418,0.0356313,0.00830673,0,0,0
1780638675342989,9.92195,-0.0152496,0.0235231,0.0067749,0,0,-5,-0.0152496,0.0235231,5.00677,5.00685,-0.0399677,0.0372613,0.00820387,0,0,0
1780638675367007,9.94597,-0.0155461,0.0240154,0.0067749,0,0,-5,-0.0155461,0.0240154,5.00677,5.00686,-0.0399966,0.0376921,0.0087394,0,0,0
1780638675383007,9.96197,-0.0149233,0.02365,0.00671387,0,0,-5,-0.0149233,0.02365,5.00671,5.00679,-0.0396804,0.0383506,0.010597,0,0,0
1780638675399007,9.97797,-0.0143614,0.0233346,0.00668335,0,0,-5,-0.0143614,0.0233346,5.00668,5.00676,-0.0391333,0.038718,0.0110768,0,0,0
1780638675423007,10.002,-0.0136394,0.0229338,0.00665283,0,0,-5,-0.0136394,0.0229338,5.00665,5.00672,-0.0394959,0.0375625,0.00987663,0,0,0
1780638675447007,10.026,-0.0130464,0.0225997,0.0065918,0,0,-5,-0.0130464,0.0225997,5.00659,5.00666,-0.0392155,0.0368375,0.0106466,0,0,0
1780638675463007,10.042,-0.0127232,0.0224184,0.00656128,0,0,-5,-0.0127232,0.0224184,5.00656,5.00663,-0.0390621,0.0369834,0.00976011,0,0,0
1780638675487007,10.066,-0.0123437,0.0222145,0.00653076,0,0,-5,-0.0123437,0.0222145,5.00653,5.0066,-0.0396006,0.0367929,0.00991571,0,0,0
1780638675503007,10.082,-0.0121412,0.022122,0.00650024,0,0,-5,-0.0121412,0.022122,5.0065,5.00656,-0.0389395,0.0367564,0.00891384,0,0,0
1780638675527007,10.106,-0.0119173,0.0220476,0.00646973,0,0,-5,-0.0119173,0.0220476,5.00647,5.00653,-0.0388843,0.0368901,0.0108393,0,0,0
1780638675543007,10.122,-0.0118116,0.0220288,0.00646973,0,0,-5,-0.0118116,0.0220288,5.00647,5.00653,-0.038634,0.0373338,0.0108995,0,0,0
1780638675567007,10.146,-0.011722,0.022056,0.00653076,0,0,-5,-0.011722,0.022056,5.00653,5.00659,-0.038719,0.0369904,0.010889,0,0,0
1780638675583007,10.162,-0.0117354,0.0221089,0.00656128,0,0,-5,-0.0117354,0.0221089,5.00656,5.00662,-0.0405577,0.0378744,0.011335,0,0,0
1780638675599007,10.178,-0.0117989,0.0221963,0.00662231,0,0,-5,-0.0117989,0.0221963,5.00662,5.00669,-0.0408945,0.0376082,0.0108771,0,0,0
1780638675623007,10.202,-0.0119731,0.0223704,0.00671387,0,0,-5,-0.0119731,0.0223704,5.00671,5.00678,-0.0412902,0.0372565,0.0114141,0,0,0
1780638675639007,10.218,-0.012126,0.0225061,0.0067749,0,0,-5,-0.012126,0.0225061,5.00677,5.00684,-0.0409016,0.0371341,0.0109114,0,0,0
1780638675663007,10.242,-0.0124094,0.0227589,0.00683594,0,0,-5,-0.0124094,0.0227589,5.00684,5.0069,-0.0412214,0.0379503,0.0111032,0,0,0
1780638675687007,10.266,-0.0127722,0.023057,0.00692749,0,0,-5,-0.0127722,0.023057,5.00693,5.007,-0.041485,0.0372651,0.0087717,0,0,0
1780638675703007,10.282,-0.0130292,0.0232739,0.00695801,0,0,-5,-0.0130292,0.0232739,5.00696,5.00703,-0.0405966,0.0376626,0.0082388,0,0,0
1780638675719007,10.298,-0.0133117,0.023524,0.00698853,0,0,-5,-0.0133117,0.023524,5.00699,5.00706,-0.0407995,0.0380114,0.00786541,0,0,0
1780638675743007,10.322,-0.0137682,0.0239015,0.00704956,0,0,-5,-0.0137682,0.0239015,5.00705,5.00713,-0.0397862,0.0363896,0.00816859,0,0,0
1780638675767007,10.346,-0.014259,0.0242816,0.00714111,0,0,-5,-0.014259,0.0242816,5.00714,5.00722,-0.0392214,0.0343432,0.00950138,0,0,0
1780638675783007,10.362,-0.0136677,0.0238418,0.00732422,0,0,-5,-0.0136677,0.0238418,5.00732,5.0074,-0.0399287,0.0341814,0.0096951,0,0,0
1780638675807007,10.386,-0.0129008,0.0232378,0.00759888,0,0,-5,-0.0129008,0.0232378,5.0076,5.00767,-0.0392348,0.0318759,0.011266,0,0,0
1780638675823007,10.402,-0.0124671,0.0228642,0.0078125,0,0,-5,-0.0124671,0.0228642,5.00781,5.00788,-0.0394554,0.0308087,0.0119358,0,0,0
1780638675847007,10.426,-0.0119304,0.0223665,0.00811768,0,0,-5,-0.0119304,0.0223665,5.00812,5.00818,-0.0407967,0.0309998,0.0125961,0,0,0
1780638675863007,10.442,-0.0116463,0.0220889,0.00836182,0,0,-5,-0.0116463,0.0220889,5.00836,5.00842,-0.0409782,0.0311063,0.0133601,0,0,0
1780638675887007,10.466,-0.0113221,0.0217502,0.00869751,0,0,-5,-0.0113221,0.0217502,5.0087,5.00876,-0.0417999,0.0313659,0.0133955,0,0,0
1780638675903007,10.482,-0.0111678,0.0215628,0.00894165,0,0,-5,-0.0111678,0.0215628,5.00894,5.009,-0.0409818,0.0315426,0.013774,0,0,0
1780638675927007,10.506,-0.0110018,0.0213525,0.00927734,0,0,-5,-0.0110018,0.0213525,5.00928,5.00933,-0.0400643,0.0323501,0.0134162,0,0,0
1780638675943007,10.522,-0.0109312,0.0212638,0.00949097,0,0,-5,-0.0109312,0.0212638,5.00949,5.00955,-0.0399746,0.0330294,0.0131939,0,0,0
1780638675967007,10.546,-0.0109099,0.0211892,0.00982666,0,0,-5,-0.0109099,0.0211892,5.00983,5.00988,-0.0404407,0.0333255,0.0141682,0,0,0
1780638675983007,10.562,-0.0109445,0.0211892,0.0100403,0,0,-5,-0.0109445,0.0211892,5.01004,5.0101,-0.04107,0.0341396,0.0140293,0,0,0
1780638676007007,10.586,-0.0110836,0.0212326,0.010376,0,0,-5,-0.0110836,0.0212326,5.01038,5.01043,-0.0419228,0.0341551,0.0133309,0,0,0
1780638676023007,10.602,-0.011224,0.0212967,0.0105896,0,0,-5,-0.011224,0.0212967,5.01059,5.01065,-0.0416184,0.0339104,0.0142619,0,0,0
1780638676047007,10.626,-0.0114831,0.0214001,0.0109253,0,0,-5,-0.0114831,0.0214001,5.01093,5.01098,-0.0420367,0.0313148,0.0132346,0,0,0
1780638676063007,10.642,-0.011698,0.0214624,0.0111694,0,0,-5,-0.011698,0.0214624,5.01117,5.01123,-0.0415564,0.0295496,0.013175,0,0,0
1780638676087007,10.666,-0.0120414,0.0215828,0.0114746,0,0,-5,-0.0120414,0.0215828,5.01147,5.01154,-0.0393205,0.0303679,0.0118816,0,0,0
1780638676103007,10.682,-0.0123,0.0217008,0.0116882,0,0,-5,-0.0123,0.0217008,5.01169,5.01175,-0.0410234,0.0311973,0.0119969,0,0,0
1780638676127007,10.706,-0.0127525,0.0219162,0.0119934,0,0,-5,-0.0127525,0.0219162,5.01199,5.01206,-0.0409061,0.031279,0.0121698,0,0,0
1780638676143007,10.722,-0.013083,0.0221012,0.0121765,0,0,-5,-0.013083,0.0221012,5.01218,5.01224,-0.0409455,0.0326095,0.0119726,0,0,0
1780638676167007,10.746,-0.0136097,0.0224175,0.0124512,0,0,-5,-0.0136097,0.0224175,5.01245,5.01252,-0.0400992,0.0323173,0.0101102,0,0,0
1780638676183007,10.762,-0.0130398,0.0217694,0.0125427,0,0,-5,-0.0130398,0.0217694,5.01254,5.01261,-0.0402401,0.0326276,0.0100212,0,0,0
1780638676207007,10.786,-0.0122921,0.0208941,0.0126953,0,0,-5,-0.0122921,0.0208941,5.0127,5.01275,-0.0402981,0.0311967,0.00834531,0,0,0
1780638676223007,10.802,-0.0118717,0.0203688,0.0127563,0,0,-5,-0.0118717,0.0203688,5.01276,5.01281,-0.0397338,0.0317003,0.00801111,0,0,0
1780638676247007,10.826,-0.0113225,0.0196732,0.0128784,0,0,-5,-0.0113225,0.0196732,5.01288,5.01293,-0.0384422,0.0308699,0.00756358,0,0,0
1780638676263007,10.842,-0.0110102,0.0192601,0.01297,0,0,-5,-0.0110102,0.0192601,5.01297,5.01302,-0.0387085,0.0309313,0.00669222,0,0,0
1780638676287007,10.866,-0.0106559,0.0187177,0.0130615,0,0,-5,-0.0106559,0.0187177,5.01306,5.01311,-0.0395693,0.0305416,0.00574361,0,0,0
1780638676303007,10.882,-0.0104674,0.0184045,0.013092,0,0,-5,-0.0104674,0.0184045,5.01309,5.01314,-0.0391548,0.0307558,0.00537336,0,0,0
1780638676327007,10.906,-0.0102504,0.0180119,0.0131836,0,0,-5,-0.0102504,0.0180119,5.01318,5.01323,-0.0383857,0.0310425,0.00617828,0,0,0
1780638676343007,10.922,-0.010156,0.0178003,0.0132446,0,0,-5,-0.010156,0.0178003,5.01324,5.01329,-0.0380301,0.0310477,0.00608672,0,0,0
1780638676367007,10.946,-0.0100653,0.0175532,0.0133057,0,0,-5,-0.0100653,0.0175532,5.01331,5.01335,-0.0373555,0.0322457,0.00453913,0,0,0
1780638676383027,10.962,-0.0100395,0.0174366,0.0133362,0,0,-5,-0.0100395,0.0174366,5.01334,5.01338,-0.0370729,0.0313386,0.00510504,0,0,0
1780638676407027,10.986,-0.0100743,0.0172978,0.0133972,0,0,-5,-0.0100743,0.0172978,5.0134,5.01344,-0.03762,0.0312942,0.00515657,0,0,0
1780638676423027,11.002,-0.0101351,0.0172397,0.0134583,0,0,-5,-0.0101351,0.0172397,5.01346,5.0135,-0.0370538,0.0308984,0.00541922,0,0,0
1780638676447027,11.026,-0.0102897,0.0172022,0.0135193,0,0,-5,-0.0102897,0.0172022,5.01352,5.01356,-0.0375695,0.030693,0.00592555,0,0,0
1780638676463027,11.042,-0.0104407,0.0171952,0.0135498,0,0,-5,-0.0104407,0.0171952,5.01355,5.01359,-0.0387463,0.0303734,0.0059895,0,0,0
1780638676487027,11.066,-0.0107336,0.0172424,0.0136414,0,0,-5,-0.0107336,0.0172424,5.01364,5.01368,-0.0392937,0.0305348,0.00655622,0,0,0
1780638676503027,11.082,-0.0109687,0.0172992,0.0136719,0,0,-5,-0.0109687,0.0172992,5.01367,5.01371,-0.0394263,0.031189,0.00773463,0,0,0
1780638676527027,11.106,-0.0113745,0.0174301,0.0137939,0,0,-5,-0.0113745,0.0174301,5.01379,5.01384,-0.0394928,0.0308787,0.00880649,0,0,0
1780638676543027,11.122,-0.011672,0.0175352,0.013855,0,0,-5,-0.011672,0.0175352,5.01385,5.0139,-0.0391073,0.0304961,0.00886215,0,0,0
1780638676559027,11.138,-0.0119904,0.0176642,0.0139465,0,0,-5,-0.0119904,0.0176642,5.01395,5.01399,-0.0397905,0.0311024,0.00931762,0,0,0
1780638676583027,11.162,-0.0120754,0.0175937,0.0140991,0,0,-5,-0.0120754,0.0175937,5.0141,5.01414,-0.0396126,0.031926,0.0105859,0,0,0
1780638676607027,11.186,-0.0113684,0.0169802,0.0142517,0,0,-5,-0.0113684,0.0169802,5.01425,5.01429,-0.0382886,0.0318072,0.00947208,0,0,0
1780638676623027,11.202,-0.0109657,0.0166227,0.0143738,0,0,-5,-0.0109657,0.0166227,5.01437,5.01441,-0.0383635,0.0313493,0.00964791,0,0,0
1780638676647027,11.226,-0.0104663,0.0161542,0.0145264,0,0,-5,-0.0104663,0.0161542,5.01453,5.01456,-0.0382885,0.0306229,0.0088936,0,0,0
1780638676663027,11.242,-0.010186,0.0158792,0.0146484,0,0,-5,-0.010186,0.0158792,5.01465,5.01468,-0.0370559,0.0292959,0.0096089,0,0,0
1780638676687027,11.266,-0.00985512,0.0155052,0.0148621,0,0,-5,-0.00985512,0.0155052,5.01486,5.0149,-0.038764,0.0283265,0.0107162,0,0,0
1780638676703027,11.282,-0.00970294,0.0152826,0.0149841,0,0,-5,-0.00970294,0.0152826,5.01498,5.01502,-0.0390998,0.0273584,0.0111234,0,0,0
1780638676727027,11.306,-0.00955533,0.0149848,0.0152283,0,0,-5,-0.00955533,0.0149848,5.01523,5.01526,-0.0399954,0.0260808,0.0114657,0,0,0
1780638676743027,11.322,-0.00951977,0.014795,0.0153809,0,0,-5,-0.00951977,0.014795,5.01538,5.01541,-0.0398699,0.0241195,0.0115827,0,0,0
1780638676767027,11.346,-0.00953738,0.0145372,0.015625,0,0,-5,-0.00953738,0.0145372,5.01562,5.01566,-0.0405437,0.0240795,0.0101977,0,0,0
1780638676783027,11.362,-0.00960341,0.014405,0.0157776,0,0,-5,-0.00960341,0.014405,5.01578,5.01581,-0.0412611,0.0241013,0.0107186,0,0,0
1780638676807027,11.386,-0.00976729,0.0142435,0.0160522,0,0,-5,-0.00976729,0.0142435,5.01605,5.01608,-0.0406043,0.0234644,0.0125741,0,0,0
1780638676823027,11.402,-0.00990822,0.0141552,0.0162354,0,0,-5,-0.00990822,0.0141552,5.01624,5.01627,-0.0405228,0.0224384,0.0119029,0,0,0
1780638676847027,11.426,-0.0101716,0.0140319,0.01651,0,0,-5,-0.0101716,0.0140319,5.01651,5.01654,-0.0401804,0.0208749,0.0134524,0,0,0
1780638676863027,11.442,-0.010377,0.0139552,0.0167236,0,0,-5,-0.010377,0.0139552,5.01672,5.01675,-0.0401777,0.0207392,0.0131997,0,0,0
1780638676887027,11.466,-0.0107368,0.0138973,0.0170288,0,0,-5,-0.0107368,0.0138973,5.01703,5.01706,-0.0406292,0.0217015,0.0128607,0,0,0
1780638676903027,11.482,-0.0110154,0.0138855,0.0172119,0,0,-5,-0.0110154,0.0138855,5.01721,5.01724,-0.0409439,0.0211334,0.0127093,0,0,0
1780638676927027,11.506,-0.0114839,0.0138996,0.0174866,0,0,-5,-0.0114839,0.0138996,5.01749,5.01752,-0.0404323,0.0212874,0.0118365,0,0,0
1780638676943027,11.522,-0.0118095,0.0139349,0.0176697,0,0,-5,-0.0118095,0.0139349,5.01767,5.0177,-0.039492,0.022345,0.0118328,0,0,0
1780638676967027,11.546,-0.012346,0.0140395,0.0179443,0,0,-5,-0.012346,0.0140395,5.01794,5.01798,-0.0406108,0.0221477,0.0131239,0,0,0
1780638676983027,11.562,-0.01207,0.0134827,0.0178223,0,0,-5,-0.01207,0.0134827,5.01782,5.01785,-0.0393058,0.022823,0.0128629,0,0,0
1780638677007027,11.586,-0.0117234,0.0127384,0.0176697,0,0,-5,-0.0117234,0.0127384,5.01767,5.0177,-0.0388582,0.022057,0.0132655,0,0,0
1780638677023027,11.602,-0.0115473,0.012284,0.0176086,0,0,-5,-0.0115473,0.012284,5.01761,5.01764,-0.0382576,0.0221713,0.0144201,0,0,0
1780638677047027,11.626,-0.0113522,0.0117003,0.0175781,0,0,-5,-0.0113522,0.0117003,5.01758,5.0176,-0.0386249,0.0230824,0.0163158,0,0,0
1780638677063027,11.642,-0.0112801,0.0113671,0.0175781,0,0,-5,-0.0112801,0.0113671,5.01758,5.0176,-0.0382485,0.0235823,0.0156729,0,0,0
1780638677079027,11.658,-0.0112459,0.0110748,0.0175781,0,0,-5,-0.0112459,0.0110748,5.01758,5.0176,-0.0388072,0.0235495,0.0170002,0,0,0
1780638677103027,11.682,-0.0112759,0.0107011,0.0177002,0,0,-5,-0.0112759,0.0107011,5.0177,5.01772,-0.0388103,0.0233974,0.0193343,0,0,0
1780638677127027,11.706,-0.0113748,0.0103845,0.0178528,0,0,-5,-0.0113748,0.0103845,5.01785,5.01788,-0.0389618,0.0229034,0.0190135,0,0,0
1780638677143027,11.722,-0.0114827,0.0102033,0.0179443,0,0,-5,-0.0114827,0.0102033,5.01794,5.01797,-0.0389185,0.0227021,0.0175465,0,0,0
1780638677167027,11.746,-0.0116926,0.00998039,0.0180054,0,0,-5,-0.0116926,0.00998039,5.01801,5.01803,-0.0387576,0.0226037,0.0170774,0,0,0
1780638677183027,11.762,-0.0118761,0.00986305,0.0180969,0,0,-5,-0.0118761,0.00986305,5.0181,5.01812,-0.0396393,0.0222273,0.0168245,0,0,0
1780638677207027,11.786,-0.0122284,0.00972318,0.0181885,0,0,-5,-0.0122284,0.00972318,5.01819,5.01821,-0.0400386,0.0216078,0.0164396,0,0,0
1780638677223027,11.802,-0.0124932,0.0096341,0.0182495,0,0,-5,-0.0124932,0.0096341,5.01825,5.01827,-0.0400198,0.0201253,0.0170212,0,0,0
1780638677247027,11.826,-0.0129258,0.00954456,0.0183716,0,0,-5,-0.0129258,0.00954456,5.01837,5.0184,-0.0395493,0.0214382,0.0165541,0,0,0
1780638677263027,11.842,-0.0132495,0.00951884,0.0184631,0,0,-5,-0.0132495,0.00951884,5.01846,5.01849,-0.0401124,0.021169,0.0156293,0,0,0
1780638677287027,11.866,-0.0137855,0.00954295,0.0185852,0,0,-5,-0.0137855,0.00954295,5.01859,5.01861,-0.0409757,0.0233606,0.0156046,0,0,0
1780638677303027,11.882,-0.0141637,0.00960805,0.0187073,0,0,-5,-0.0141637,0.00960805,5.01871,5.01874,-0.0403313,0.024864,0.0155033,0,0,0
1780638677327027,11.906,-0.0147612,0.00975059,0.0188599,0,0,-5,-0.0147612,0.00975059,5.01886,5.01889,-0.0400051,0.0247242,0.01599,0,0,0
1780638677343027,11.922,-0.0151684,0.00987497,0.0189819,0,0,-5,-0.0151684,0.00987497,5.01898,5.01901,-0.0393956,0.0259822,0.0158022,0,0,0
1780638677367027,11.946,-0.0157959,0.0100992,0.0191345,0,0,-5,-0.0157959,0.0100992,5.01913,5.01917,-0.037657,0.0260797,0.0156696,0,0,0
1780638677383051,11.962,-0.0153396,0.00986837,0.019104,0,0,-5,-0.0153396,0.00986837,5.0191,5.01914,-0.0378568,0.026139,0.0144577,0,0,0
1780638677407051,11.986,-0.0147714,0.00958941,0.019043,0,0,-5,-0.0147714,0.00958941,5.01904,5.01907,-0.0377781,0.0270174,0.0152338,0,0,0
1780638677423051,12.002,-0.0144558,0.00946276,0.0190125,0,0,-5,-0.0144558,0.00946276,5.01901,5.01904,-0.0381854,0.0276037,0.014527,0,0,0
1780638677447051,12.026,-0.0140379,0.00933189,0.0189819,0,0,-5,-0.0140379,0.00933189,5.01898,5.01901,-0.0348029,0.0269043,0.0118438,0,0,0
1780638677463051,12.042,-0.0137867,0.00926034,0.0189514,0,0,-5,-0.0137867,0.00926034,5.01895,5.01898,-0.0344303,0.0255718,0.0121248,0,0,0
1780638677487051,12.066,-0.0134731,0.0091589,0.0189209,0,0,-5,-0.0134731,0.0091589,5.01892,5.01895,-0.0332538,0.0240005,0.012587,0,0,0
1780638677503051,12.082,-0.0132958,0.00910902,0.0189209,0,0,-5,-0.0132958,0.00910902,5.01892,5.01895,-0.0322662,0.023548,0.0129137,0,0,0
1780638677527051,12.106,-0.0131009,0.0090806,0.0188904,0,0,-5,-0.0131009,0.0090806,5.01889,5.01892,-0.0338128,0.024339,0.0110035,0,0,0
1780638677543051,12.122,-0.0130245,0.00909338,0.0188293,0,0,-5,-0.0130245,0.00909338,5.01883,5.01885,-0.0335655,0.0237691,0.00965964,0,0,0
1780638677567051,12.146,-0.0129764,0.00912345,0.0187683,0,0,-5,-0.0129764,0.00912345,5.01877,5.01879,-0.0330917,0.022852,0.00842416,0,0,0
1780638677583051,12.162,-0.0129776,0.00916259,0.0187378,0,0,-5,-0.0129776,0.00916259,5.01874,5.01876,-0.0318215,0.0231507,0.00898153,0,0,0
1780638677599051,12.178,-0.0129957,0.00922517,0.0187073,0,0,-5,-0.0129957,0.00922517,5.01871,5.01873,-0.0321616,0.0229194,0.00984776,0,0,0
1780638677623051,12.202,-0.0130977,0.00932882,0.0187073,0,0,-5,-0.0130977,0.00932882,5.01871,5.01873,-0.0328717,0.0216807,0.00924687,0,0,0
1780638677647051,12.226,-0.0132664,0.00947503,0.0186768,0,0,-5,-0.0132664,0.00947503,5.01868,5.0187,-0.0334556,0.0229606,0.00929994,0,0,0
1780638677663051,12.242,-0.0134367,0.0095972,0.0186768,0,0,-5,-0.0134367,0.0095972,5.01868,5.0187,-0.0349535,0.0227109,0.00958519,0,0,0
1780638677687051,12.266,-0.0137572,0.00978418,0.0187073,0,0,-5,-0.0137572,0.00978418,5.01871,5.01874,-0.0359488,0.0213993,0.0100774,0,0,0
1780638677703051,12.282,-0.0140239,0.00992232,0.0187378,0,0,-5,-0.0140239,0.00992232,5.01874,5.01877,-0.0382185,0.0222242,0.0100714,0,0,0
1780638677727051,12.306,-0.0144884,0.0101605,0.0187683,0,0,-5,-0.0144884,0.0101605,5.01877,5.0188,-0.0376379,0.0212959,0.0106995,0,0,0
1780638677743051,12.322,-0.0148145,0.0103193,0.0188293,0,0,-5,-0.0148145,0.0103193,5.01883,5.01886,-0.0372002,0.0202527,0.0119668,0,0,0
1780638677767051,12.346,-0.0153166,0.0105725,0.0189514,0,0,-5,-0.0153166,0.0105725,5.01895,5.01899,-0.0365467,0.0213728,0.0130602,0,0,0
1780638677783051,12.362,-0.0149448,0.0103064,0.0186768,0,0,-5,-0.0149448,0.0103064,5.01868,5.01871,-0.0370381,0.0229175,0.0125819,0,0,0
1780638677807051,12.386,-0.0144915,0.00998591,0.0182495,0,0,-5,-0.0144915,0.00998591,5.01825,5.01828,-0.036825,0.0223728,0.012665,0,0,0
1780638677823051,12.402,-0.0142392,0.0098025,0.0179749,0,0,-5,-0.0142392,0.0098025,5.01797,5.018,-0.0350156,0.0223426,0.0120981,0,0,0
1780638677847051,12.426,-0.0138854,0.00959337,0.0176392,0,0,-5,-0.0138854,0.00959337,5.01764,5.01767,-0.0327193,0.0227115,0.0115419,0,0,0
1780638677863051,12.442,-0.0136858,0.00948817,0.017395,0,0,-5,-0.0136858,0.00948817,5.0174,5.01742,-0.0318748,0.0226807,0.0116222,0,0,0
1780638677887051,12.466,-0.0134334,0.00937706,0.0170898,0,0,-5,-0.0134334,0.00937706,5.01709,5.01712,-0.0305912,0.0223194,0.0120555,0,0,0
1780638677903051,12.482,-0.0132935,0.00931874,0.0169373,0,0,-5,-0.0132935,0.00931874,5.01694,5.01696,-0.0298739,0.0214923,0.0119276,0,0,0
1780638677927051,12.506,-0.0131128,0.00923094,0.0166931,0,0,-5,-0.0131128,0.00923094,5.01669,5.01672,-0.0291765,0.0190355,0.0115075,0,0,0
1780638677943051,12.522,-0.0130353,0.00916989,0.016571,0,0,-5,-0.0130353,0.00916989,5.01657,5.0166,-0.0290351,0.0183692,0.0112571,0,0,0
1780638677959051,12.538,-0.0129787,0.00912143,0.0164185,0,0,-5,-0.0129787,0.00912143,5.01642,5.01644,-0.0283785,0.0179256,0.00965995,0,0,0
1780638677983051,12.562,-0.012958,0.00906968,0.0162048,0,0,-5,-0.012958,0.00906968,5.0162,5.01623,-0.0291287,0.0173732,0.00750971,0,0,0
1780638677999051,12.578,-0.0129818,0.00906636,0.0160828,0,0,-5,-0.0129818,0.00906636,5.01608,5.01611,-0.0288519,0.0189769,0.00711787,0,0,0
1780638678023051,12.602,-0.0130756,0.00910857,0.0158691,0,0,-5,-0.0130756,0.00910857,5.01587,5.01589,-0.0299156,0.0186387,0.00781931,0,0,0
1780638678047051,12.626,-0.0132673,0.00918121,0.0157166,0,0,-5,-0.0132673,0.00918121,5.01572,5.01574,-0.0323515,0.0189768,0.0088044,0,0,0
1780638678063051,12.642,-0.0134496,0.0092509,0.0156555,0,0,-5,-0.0134496,0.0092509,5.01566,5.01568,-0.0336459,0.0191768,0.00812029,0,0,0
1780638678079051,12.658,-0.0136647,0.00933538,0.015564,0,0,-5,-0.0136647,0.00933538,5.01556,5.01559,-0.033378,0.0189009,0.00834709,0,0,0
1780638678103051,12.682,-0.0140371,0.0094751,0.0155029,0,0,-5,-0.0140371,0.0094751,5.0155,5.01553,-0.0346134,0.0177879,0.0090732,0,0,0
1780638678127051,12.706,-0.0144505,0.00961895,0.0154724,0,0,-5,-0.0144505,0.00961895,5.01547,5.0155,-0.0334822,0.0176873,0.0097037,0,0,0
1780638678143051,12.722,-0.0147425,0.00972133,0.0154724,0,0,-5,-0.0147425,0.00972133,5.01547,5.0155,-0.0334818,0.0164008,0.0101938,0,0,0
1780638678167051,12.746,-0.0152078,0.0098883,0.0154724,0,0,-5,-0.0152078,0.0098883,5.01547,5.01551,-0.032843,0.0173974,0.00954585,0,0,0
1780638678183051,12.762,-0.0148453,0.00961788,0.0154114,0,0,-5,-0.0148453,0.00961788,5.01541,5.01544,-0.0318878,0.0184891,0.0101117,0,0,0
1780638678207051,12.786,-0.0143587,0.00929289,0.0153809,0,0,-5,-0.0143587,0.00929289,5.01538,5.01541,-0.0310479,0.0189195,0.0104315,0,0,0
1780638678223051,12.802,-0.014087,0.00910804,0.0153503,0,0,-5,-0.014087,0.00910804,5.01535,5.01538,-0.0303991,0.0185263,0.0103097,0,0,0
1780638678247051,12.826,-0.0137422,0.00887371,0.0153503,0,0,-5,-0.0137422,0.00887371,5.01535,5.01538,-0.0299481,0.0176499,0.0109982,0,0,0
1780638678263051,12.842,-0.0135568,0.00873574,0.0153809,0,0,-5,-0.0135568,0.00873574,5.01538,5.01541,-0.0291741,0.0178726,0.0111694,0,0,0
1780638678287051,12.866,-0.0133032,0.00860704,0.0154114,0,0,-5,-0.0133032,0.00860704,5.01541,5.01544,-0.0269972,0.0197141,0.0110673,0,0,0
1780638678303051,12.882,-0.0131728,0.00856076,0.0154419,0,0,-5,-0.0131728,0.00856076,5.01544,5.01547,-0.0277049,0.019176,0.0123441,0,0,0
1780638678327051,12.906,-0.0130236,0.00851144,0.0155029,0,0,-5,-0.0130236,0.00851144,5.0155,5.01553,-0.026433,0.0189693,0.0120142,0,0,0
1780638678343051,12.922,-0.0129564,0.00849623,0.015564,0,0,-5,-0.0129564,0.00849623,5.01556,5.01559,-0.0264071,0.0185491,0.0113817,0,0,0
1780638678367051,12.946,-0.0129151,0.00851429,0.0156555,0,0,-5,-0.0129151,0.00851429,5.01566,5.01568,-0.027125,0.0200144,0.010476,0,0,0
1780638678383081,12.962,-0.0129296,0.00856094,0.0157166,0,0,-5,-0.0129296,0.00856094,5.01572,5.01574,-0.0271322,0.0204981,0.0115783,0,0,0
1780638678407081,12.986,-0.0130063,0.00869748,0.0158386,0,0,-5,-0.0130063,0.00869748,5.01584,5.01586,-0.026366,0.0222824,0.0115154,0,0,0
1780638678423081,13.002,-0.0130772,0.00883623,0.0159302,0,0,-5,-0.0130772,0.00883623,5.01593,5.01596,-0.0267777,0.0239206,0.012471,0,0,0
1780638678447081,13.026,-0.0132162,0.00909636,0.0160522,0,0,-5,-0.0132162,0.00909636,5.01605,5.01608,-0.0263888,0.0242219,0.0126536,0,0,0
1780638678463081,13.042,-0.0133517,0.00928613,0.0161438,0,0,-5,-0.0133517,0.00928613,5.01614,5.01617,-0.0280174,0.0246852,0.0112193,0,0,0
1780638678487081,13.066,-0.013616,0.00959889,0.0162659,0,0,-5,-0.013616,0.00959889,5.01627,5.01629,-0.0287743,0.0251082,0.0110234,0,0,0
1780638678503081,13.082,-0.0138341,0.00983347,0.0163574,0,0,-5,-0.0138341,0.00983347,5.01636,5.01639,-0.03005,0.0260791,0.0109617,0,0,0
1780638678527081,13.106,-0.0142157,0.0102525,0.01651,0,0,-5,-0.0142157,0.0102525,5.01651,5.01654,-0.0306164,0.0290558,0.012429,0,0,0
1780638678543081,13.122,-0.014497,0.0105822,0.0166321,0,0,-5,-0.014497,0.0105822,5.01663,5.01666,-0.0300391,0.0291504,0.0132356,0,0,0
1780638678567081,13.146,-0.0149605,0.0111001,0.0168152,0,0,-5,-0.0149605,0.0111001,5.01682,5.01685,-0.0311135,0.0302952,0.0134695,0,0,0
1780638678583081,13.162,-0.0146489,0.0107534,0.0171509,0,0,-5,-0.0146489,0.0107534,5.01715,5.01718,-0.0300491,0.0293154,0.0126626,0,0,0
1780638678607081,13.186,-0.0142555,0.0103059,0.0175781,0,0,-5,-0.0142555,0.0103059,5.01758,5.01761,-0.0303384,0.0289569,0.0114733,0,0,0
1780638678623081,13.202,-0.0140364,0.0100513,0.0178833,0,0,-5,-0.0140364,0.0100513,5.01788,5.01791,-0.0297934,0.0294064,0.011348,0,0,0
1780638678647081,13.226,-0.0138001,0.00975231,0.01828,0,0,-5,-0.0138001,0.00975231,5.01828,5.01831,-0.0315816,0.0293972,0.0119543,0,0,0
1780638678663081,13.242,-0.0136949,0.00958463,0.0185852,0,0,-5,-0.0136949,0.00958463,5.01859,5.01861,-0.031068,0.0287133,0.0135152,0,0,0
1780638678687081,13.266,-0.0135871,0.00938029,0.019043,0,0,-5,-0.0135871,0.00938029,5.01904,5.01907,-0.0309283,0.0278094,0.0142471,0,0,0
1780638678703081,13.282,-0.0135439,0.00926851,0.0193481,0,0,-5,-0.0135439,0.00926851,5.01935,5.01937,-0.0296286,0.0269091,0.0145275,0,0,0
1780638678727081,13.306,-0.0135222,0.00913049,0.0198059,0,0,-5,-0.0135222,0.00913049,5.01981,5.01983,-0.0294546,0.026491,0.0148768,0,0,0
1780638678743081,13.322,-0.0135451,0.0090664,0.0201111,0,0,-5,-0.0135451,0.0090664,5.02011,5.02014,-0.0309075,0.0256958,0.0135249,0,0,0
1780638678767081,13.346,-0.0136393,0.00900314,0.0205383,0,0,-5,-0.0136393,0.00900314,5.02054,5.02056,-0.0294718,0.0250009,0.0146392,0,0,0
1780638678783081,13.362,-0.0137149,0.00899102,0.0208435,0,0,-5,-0.0137149,0.00899102,5.02084,5.02087,-0.0292356,0.0250997,0.0154839,0,0,0
1780638678807081,13.386,-0.0138858,0.00901209,0.0213013,0,0,-5,-0.0138858,0.00901209,5.0213,5.02133,-0.0298837,0.0255673,0.0156677,0,0,0
1780638678823081,13.402,-0.0140277,0.00906403,0.021637,0,0,-5,-0.0140277,0.00906403,5.02164,5.02166,-0.0291981,0.0257162,0.0161365,0,0,0
1780638678847081,13.426,-0.0142755,0.00916226,0.0220947,0,0,-5,-0.0142755,0.00916226,5.02209,5.02212,-0.0293435,0.0255095,0.0165024,0,0,0
1780638678863081,13.442,-0.0144669,0.0092515,0.0223694,0,0,-5,-0.0144669,0.0092515,5.02237,5.0224,-0.0287388,0.0252091,0.0160312,0,0,0
1780638678887081,13.466,-0.0147887,0.00941673,0.0228271,0,0,-5,-0.0147887,0.00941673,5.02283,5.02286,-0.0297142,0.0243558,0.0170244,0,0,0
1780638678903081,13.482,-0.0150413,0.00952562,0.0231323,0,0,-5,-0.0150413,0.00952562,5.02313,5.02316,-0.0299456,0.0234601,0.0175193,0,0,0
1780638678927081,13.506,-0.0154756,0.00970634,0.0235596,0,0,-5,-0.0154756,0.00970634,5.02356,5.02359,-0.0313103,0.0231037,0.01711,0,0,0
1780638678943081,13.522,-0.0157966,0.00985451,0.0238342,0,0,-5,-0.0157966,0.00985451,5.02383,5.02387,-0.0317198,0.0246921,0.0172783,0,0,0
1780638678967081,13.546,-0.0162981,0.0101252,0.0242615,0,0,-5,-0.0162981,0.0101252,5.02426,5.0243,-0.0313638,0.0245832,0.0164891,0,0,0
1780638678983081,13.562,-0.0159533,0.0101138,0.0243225,0,0,-5,-0.0159533,0.0101138,5.02432,5.02436,-0.0303478,0.0247737,0.0166385,0,0,0
1780638679007081,13.586,-0.0155085,0.0101566,0.0244446,0,0,-5,-0.0155085,0.0101566,5.02444,5.02448,-0.029567,0.0260602,0.0168559,0,0,0
1780638679023081,13.602,-0.0152628,0.0102271,0.0245361,0,0,-5,-0.0152628,0.0102271,5.02454,5.02457,-0.0301341,0.0265308,0.0169178,0,0,0
1780638679047081,13.626,-0.0149607,0.0103988,0.0246887,0,0,-5,-0.0149607,0.0103988,5.02469,5.02472,-0.0288538,0.0281961,0.0167925,0,0,0
1780638679063081,13.642,-0.0147801,0.0105496,0.0247803,0,0,-5,-0.0147801,0.0105496,5.02478,5.02481,-0.0282855,0.0284759,0.0155451,0,0,0
1780638679087081,13.666,-0.014578,0.0108078,0.0249023,0,0,-5,-0.014578,0.0108078,5.0249,5.02494,-0.0286159,0.027828,0.0153028,0,0,0
1780638679103081,13.682,-0.0144894,0.0109924,0.0249939,0,0,-5,-0.0144894,0.0109924,5.02499,5.02503,-0.0288791,0.0279484,0.0145502,0,0,0
1780638679127081,13.706,-0.0144161,0.0113093,0.0251465,0,0,-5,-0.0144161,0.0113093,5.02515,5.02518,-0.02827,0.02859,0.0147458,0,0,0
1780638679143081,13.722,-0.014394,0.0115556,0.025238,0,0,-5,-0.014394,0.0115556,5.02524,5.02527,-0.0273574,0.0298923,0.0145232,0,0,0
1780638679167081,13.746,-0.0143817,0.01199,0.0254211,0,0,-5,-0.0143817,0.01199,5.02542,5.02546,-0.0271669,0.0323736,0.0140625,0,0,0
1780638679183081,13.762,-0.0144191,0.0123218,0.0255127,0,0,-5,-0.0144191,0.0123218,5.02551,5.02555,-0.0278416,0.0325551,0.0139852,0,0,0
1780638679199081,13.778,-0.0144803,0.0126746,0.0256348,0,0,-5,-0.0144803,0.0126746,5.02563,5.02567,-0.0279979,0.0330097,0.0129118,0,0,0
1780638679223081,13.802,-0.0146263,0.0132295,0.0257568,0,0,-5,-0.0146263,0.0132295,5.02576,5.0258,-0.028377,0.0330184,0.0115255,0,0,0
1780638679247081,13.826,-0.0148284,0.0138194,0.0258789,0,0,-5,-0.0148284,0.0138194,5.02588,5.02592,-0.0285386,0.0342368,0.0117158,0,0,0
1780638679263081,13.842,-0.0149997,0.0142407,0.0259705,0,0,-5,-0.0149997,0.0142407,5.02597,5.02601,-0.0290121,0.0348484,0.011026,0,0,0
1780638679287081,13.866,-0.0153102,0.0148999,0.0260925,0,0,-5,-0.0153102,0.0148999,5.02609,5.02614,-0.0304912,0.0349808,0.0118208,0,0,0
1780638679303081,13.882,-0.0155527,0.0153707,0.0261841,0,0,-5,-0.0155527,0.0153707,5.02618,5.02623,-0.029932,0.0364026,0.0122861,0,0,0
1780638679327081,13.906,-0.0159319,0.0160981,0.0263672,0,0,-5,-0.0159319,0.0160981,5.02637,5.02642,-0.0292681,0.0363808,0.0133362,0,0,0
1780638679343081,13.922,-0.0161983,0.0165957,0.0264893,0,0,-5,-0.0161983,0.0165957,5.02649,5.02654,-0.0301854,0.0362255,0.0132738,0,0,0
1780638679367081,13.946,-0.0166882,0.017342,0.0267334,0,0,-5,-0.0166882,0.017342,5.02673,5.02679,-0.0327335,0.0357524,0.0143548,0,0,0
1780638679383081,13.962,-0.0161224,0.0171104,0.026886,0,0,-5,-0.0161224,0.0171104,5.02689,5.02694,-0.0322062,0.0355831,0.0145185,0,0,0
1780638679407110,13.9861,-0.0153705,0.0168444,0.0271301,0,0,-5,-0.0153705,0.0168444,5.02713,5.02718,-0.0325341,0.0361164,0.015207,0,0,0
1780638679423110,14.0021,-0.0149528,0.0167187,0.0273132,0,0,-5,-0.0149528,0.0167187,5.02731,5.02736,-0.0337799,0.0361785,0.0155938,0,0,0
1780638679447110,14.0261,-0.0144432,0.0166116,0.0275879,0,0,-5,-0.0144432,0.0166116,5.02759,5.02764,-0.0339788,0.0365895,0.0144935,0,0,0
1780638679463110,14.0421,-0.0141685,0.0165842,0.027771,0,0,-5,-0.0141685,0.0165842,5.02777,5.02782,-0.0348441,0.0366813,0.0136332,0,0,0
1780638679487110,14.0661,-0.0138504,0.0165889,0.0280151,0,0,-5,-0.0138504,0.0165889,5.02802,5.02806,-0.0346684,0.036231,0.0135855,0,0,0
1780638679503110,14.0821,-0.0136877,0.0166322,0.0281067,0,0,-5,-0.0136877,0.0166322,5.02811,5.02815,-0.0348113,0.0359989,0.0142553,0,0,0
1780638679527110,14.1061,-0.0135219,0.0167432,0.0283203,0,0,-5,-0.0135219,0.0167432,5.02832,5.02837,-0.0345306,0.0365372,0.0149648,0,0,0
1780638679543110,14.1221,-0.0134431,0.0168551,0.0284729,0,0,-5,-0.0134431,0.0168551,5.02847,5.02852,-0.0344612,0.0360876,0.0146908,0,0,0
1780638679567110,14.1461,-0.0133737,0.0170632,0.028717,0,0,-5,-0.0133737,0.0170632,5.02872,5.02876,-0.0334676,0.0363855,0.0158177,0,0,0
1780638679583110,14.1621,-0.0133756,0.017233,0.0288696,0,0,-5,-0.0133756,0.017233,5.02887,5.02892,-0.0349408,0.0359758,0.0153438,0,0,0
1780638679607110,14.1861,-0.0134716,0.0175231,0.0291138,0,0,-5,-0.0134716,0.0175231,5.02911,5.02916,-0.0361985,0.0367324,0.0155486,0,0,0
1780638679623110,14.2021,-0.0135784,0.0177508,0.0292969,0,0,-5,-0.0135784,0.0177508,5.0293,5.02935,-0.0358128,0.0369703,0.0150308,0,0,0
1780638679647110,14.2261,-0.0137787,0.0181358,0.029541,0,0,-5,-0.0137787,0.0181358,5.02954,5.02959,-0.035296,0.0374207,0.0152047,0,0,0
1780638679663110,14.2421,-0.0139502,0.0184163,0.0296936,0,0,-5,-0.0139502,0.0184163,5.02969,5.02975,-0.036376,0.0367303,0.0139655,0,0,0
1780638679687110,14.2661,-0.0142826,0.0188366,0.0299377,0,0,-5,-0.0142826,0.0188366,5.02994,5.02999,-0.0379776,0.0354532,0.0121188,0,0,0
1780638679703110,14.2821,-0.0145454,0.0191286,0.0300598,0,0,-5,-0.0145454,0.0191286,5.03006,5.03012,-0.0377486,0.0353109,0.0125189,0,0,0
1780638679727110,14.3061,-0.0149958,0.0196195,0.0302429,0,0,-5,-0.0149958,0.0196195,5.03024,5.0303,-0.0392511,0.0370772,0.0122055,0,0,0
1780638679743110,14.3221,-0.0153341,0.0199714,0.030365,0,0,-5,-0.0153341,0.0199714,5.03036,5.03043,-0.039741,0.0366756,0.0114657,0,0,0
1780638679767110,14.3461,-0.0159096,0.0205313,0.0305176,0,0,-5,-0.0159096,0.0205313,5.03052,5.03058,-0.0415755,0.0376591,0.0113836,0,0,0
1780638679783110,14.3621,-0.0154882,0.0203359,0.0306702,0,0,-5,-0.0154882,0.0203359,5.03067,5.03074,-0.0407722,0.0382612,0.0109218,0,0,0
1780638679807110,14.3861,-0.014934,0.0201395,0.0308838,0,0,-5,-0.014934,0.0201395,5.03088,5.03095,-0.0395253,0.039588,0.0113946,0,0,0
1780638679823110,14.4021,-0.0146163,0.0200764,0.0310059,0,0,-5,-0.0146163,0.0200764,5.03101,5.03107,-0.0395,0.0402689,0.0109267,0,0,0
1780638679847110,14.4261,-0.0142395,0.0200645,0.0312195,0,0,-5,-0.0142395,0.0200645,5.03122,5.03128,-0.0386553,0.0408169,0.009634,0,0,0
1780638679863110,14.4421,-0.0140402,0.020112,0.0313416,0,0,-5,-0.0140402,0.020112,5.03134,5.0314,-0.0390575,0.0415357,0.00849836,0,0,0
1780638679887110,14.4661,-0.0138282,0.0202593,0.0314941,0,0,-5,-0.0138282,0.0202593,5.03149,5.03155,-0.0390581,0.0422214,0.0084299,0,0,0
1780638679903110,14.4821,-0.0137417,0.0203996,0.0316162,0,0,-5,-0.0137417,0.0203996,5.03162,5.03168,-0.0382509,0.0420123,0.00945977,0,0,0
1780638679927110,14.5061,-0.0136595,0.0206672,0.0317993,0,0,-5,-0.0136595,0.0206672,5.0318,5.03186,-0.0370031,0.0428481,0.00816864,0,0,0
1780638679943110,14.5221,-0.0136424,0.0208873,0.0319214,0,0,-5,-0.0136424,0.0208873,5.03192,5.03198,-0.0374506,0.0420073,0.00809259,0,0,0
1780638679967110,14.5461,-0.0136802,0.0212339,0.0321045,0,0,-5,-0.0136802,0.0212339,5.0321,5.03217,-0.0368932,0.0414022,0.00939495,0,0,0
1780638679983110,14.5621,-0.0137373,0.0214975,0.0322571,0,0,-5,-0.0137373,0.0214975,5.03226,5.03232,-0.0370228,0.0419885,0.00993252,0,0,0
1780638680007110,14.5861,-0.0138852,0.0219628,0.0324097,0,0,-5,-0.0138852,0.0219628,5.03241,5.03248,-0.0370409,0.0440589,0.00980263,0,0,0
1780638680023110,14.6021,-0.0140268,0.0223137,0.0325317,0,0,-5,-0.0140268,0.0223137,5.03253,5.0326,-0.0381196,0.0442808,0.00937472,0,0,0
1780638680047110,14.6261,-0.0143261,0.022884,0.0326538,0,0,-5,-0.0143261,0.022884,5.03265,5.03273,-0.0400355,0.0440303,0.0088127,0,0,0
1780638680063110,14.6421,-0.0145779,0.0232877,0.0327454,0,0,-5,-0.0145779,0.0232877,5.03275,5.03282,-0.0405712,0.0449308,0.00833555,0,0,0
1780638680087110,14.6661,-0.0150107,0.0239523,0.0328979,0,0,-5,-0.0150107,0.0239523,5.0329,5.03298,-0.0402882,0.0459578,0.00888631,0,0,0
1780638680103110,14.6821,-0.0153243,0.0244356,0.0329895,0,0,-5,-0.0153243,0.0244356,5.03299,5.03307,-0.0409215,0.0467639,0.00806356,0,0,0
1780638680127110,14.7061,-0.0158343,0.0252039,0.0331726,0,0,-5,-0.0158343,0.0252039,5.03317,5.03326,-0.0397167,0.0469176,0.00937605,0,0,0
1780638680143110,14.7221,-0.0161912,0.0257273,0.0332947,0,0,-5,-0.0161912,0.0257273,5.03329,5.03339,-0.040218,0.0462937,0.00854677,0,0,0
1780638680167110,14.7461,-0.0167941,0.0265368,0.0334473,0,0,-5,-0.0167941,0.0265368,5.03345,5.03355,-0.0416342,0.0460515,0.00775797,0,0,0
1780638680183110,14.7621,-0.016413,0.0261319,0.0334167,0,0,-5,-0.016413,0.0261319,5.03342,5.03351,-0.0418363,0.0467859,0.00709047,0,0,0
1780638680207110,14.7861,-0.0159668,0.0256457,0.0333557,0,0,-5,-0.0159668,0.0256457,5.03336,5.03345,-0.0427103,0.0466095,0.0074185,0,0,0
1780638680223110,14.8021,-0.0157389,0.0253815,0.0333252,0,0,-5,-0.0157389,0.0253815,5.03333,5.03341,-0.0427421,0.0459951,0.00842154,0,0,0
1780638680247110,14.8261,-0.0154839,0.0250664,0.0333557,0,0,-5,-0.0154839,0.0250664,5.03336,5.03344,-0.0416425,0.0457337,0.00840069,0,0,0
1780638680263110,14.8421,-0.0153599,0.0249107,0.0333557,0,0,-5,-0.0153599,0.0249107,5.03336,5.03344,-0.0417172,0.0449721,0.00774173,0,0,0
1780638680287110,14.8661,-0.0152705,0.024739,0.0333557,0,0,-5,-0.0152705,0.024739,5.03336,5.03344,-0.0430897,0.0445116,0.00805608,0,0,0
1780638680303110,14.8821,-0.0152658,0.0246783,0.0333557,0,0,-5,-0.0152658,0.0246783,5.03336,5.03344,-0.0418057,0.0448387,0.00812248,0,0,0
1780638680327110,14.9061,-0.015304,0.024676,0.0333862,0,0,-5,-0.015304,0.024676,5.03339,5.03347,-0.0420722,0.0452974,0.0072442,0,0,0
1780638680343110,14.9221,-0.0153835,0.024722,0.0333862,0,0,-5,-0.0153835,0.024722,5.03339,5.03347,-0.0424088,0.0454286,0.00764288,0,0,0
1780638680367110,14.9461,-0.0155869,0.0248518,0.0334167,0,0,-5,-0.0155869,0.0248518,5.03342,5.0335,-0.0433488,0.0443125,0.00742305,0,0,0
1780638680383110,14.9621,-0.0157629,0.0249518,0.0334473,0,0,-5,-0.0157629,0.0249518,5.03345,5.03353,-0.0434989,0.0430762,0.0072192,0,0,0
1780638680407143,14.9861,-0.0160709,0.0251352,0.0334778,0,0,-5,-0.0160709,0.0251352,5.03348,5.03357,-0.0421644,0.0425475,0.00688401,0,0,0
1780638680423143,15.0021,-0.0163121,0.0252893,0.0335388,0,0,-5,-0.0163121,0.0252893,5.03354,5.03363,-0.0431145,0.0425903,0.00725259,0,0,0
1780638680447143,15.0261,-0.0167307,0.0255747,0.0335999,0,0,-5,-0.0167307,0.0255747,5.0336,5.03369,-0.0429343,0.0415048,0.00673416,0,0,0
1780638680463143,15.0421,-0.0170331,0.0257818,0.0336609,0,0,-5,-0.0170331,0.0257818,5.03366,5.03376,-0.042636,0.0415784,0.00697769,0,0,0
1780638680487143,15.0661,-0.0175533,0.026152,0.0338135,0,0,-5,-0.0175533,0.026152,5.03381,5.03391,-0.0434781,0.0429481,0.00737328,0,0,0
1780638680503143,15.0821,-0.017922,0.0264526,0.033905,0,0,-5,-0.017922,0.0264526,5.03391,5.03401,-0.0424413,0.0438823,0.0079616,0,0,0
1780638680527143,15.1061,-0.0184967,0.0269511,0.0340881,0,0,-5,-0.0184967,0.0269511,5.03409,5.03419,-0.0421079,0.0434011,0.00763463,0,0,0
1780638680543143,15.1221,-0.018917,0.0273046,0.0341797,0,0,-5,-0.018917,0.0273046,5.03418,5.03429,-0.0438333,0.0433978,0.00680094,0,0,0
1780638680559143,15.1381,-0.0193758,0.027693,0.0342712,0,0,-5,-0.0193758,0.027693,5.03427,5.03438,-0.044737,0.0445591,0.00686911,0,0,0
1780638680583143,15.1621,-0.0193664,0.0274033,0.0341797,0,0,-5,-0.0193664,0.0274033,5.03418,5.03429,-0.0438574,0.0438402,0.00670158,0,0,0
1780638680607143,15.1861,-0.0190685,0.0267684,0.0339661,0,0,-5,-0.0190685,0.0267684,5.03397,5.03407,-0.0444512,0.0450294,0.00676752,0,0,0
1780638680623143,15.2021,-0.0189441,0.0264399,0.0338745,0,0,-5,-0.0189441,0.0264399,5.03387,5.03398,-0.045089,0.0454217,0.0069874,0,0,0
1780638680647143,15.2261,-0.018845,0.0260521,0.0337524,0,0,-5,-0.018845,0.0260521,5.03375,5.03386,-0.0450231,0.0448033,0.00699278,0,0,0
1780638680663143,15.2421,-0.0188452,0.0258458,0.0336914,0,0,-5,-0.0188452,0.0258458,5.03369,5.03379,-0.0458222,0.0447498,0.00676767,0,0,0
1780638680687143,15.2661,-0.0189351,0.025626,0.0335999,0,0,-5,-0.0189351,0.025626,5.0336,5.0337,-0.046656,0.0452244,0.00662074,0,0,0
1780638680703143,15.2821,-0.0190656,0.0255402,0.0335083,0,0,-5,-0.0190656,0.0255402,5.03351,5.03361,-0.0481527,0.045762,0.00678909,0,0,0
1780638680727143,15.3061,-0.0193442,0.0255112,0.0334167,0,0,-5,-0.0193442,0.0255112,5.03342,5.03352,-0.0484325,0.0467071,0.00548816,0,0,0
1780638680743143,15.3221,-0.0195699,0.0255555,0.0333557,0,0,-5,-0.0195699,0.0255555,5.03336,5.03346,-0.0489468,0.0474155,0.00462796,0,0,0
1780638680767143,15.3461,-0.0199726,0.0256992,0.0332336,0,0,-5,-0.0199726,0.0256992,5.03323,5.03334,-0.0486654,0.0480689,0.00406709,0,0,0
1780638680783143,15.3621,-0.0202799,0.0258503,0.0332031,0,0,-5,-0.0202799,0.0258503,5.0332,5.03331,-0.0490576,0.0483038,0.00560204,0,0,0
1780638680807143,15.3861,-0.0207904,0.0261059,0.0331421,0,0,-5,-0.0207904,0.0261059,5.03314,5.03325,-0.048413,0.0463696,0.0051166,0,0,0
1780638680823143,15.4021,-0.0211603,0.0263021,0.0330811,0,0,-5,-0.0211603,0.0263021,5.03308,5.03319,-0.048239,0.0461284,0.00568715,0,0,0
1780638680847143,15.4261,-0.0217512,0.0266204,0.032959,0,0,-5,-0.0217512,0.0266204,5.03296,5.03308,-0.0471512,0.044253,0.0053932,0,0,0
1780638680863143,15.4421,-0.0221557,0.0268487,0.0328979,0,0,-5,-0.0221557,0.0268487,5.0329,5.03302,-0.0467131,0.0434874,0.00489133,0,0,0
1780638680887143,15.4661,-0.0227966,0.0272326,0.0327759,0,0,-5,-0.0227966,0.0272326,5.03278,5.0329,-0.0463659,0.0442019,0.00313556,0,0,0
1780638680903143,15.4821,-0.0232356,0.0275332,0.0326843,0,0,-5,-0.0232356,0.0275332,5.03268,5.03281,-0.0451827,0.0448669,0.00255534,0,0,0
1780638680927143,15.5061,-0.023922,0.0280233,0.0325317,0,0,-5,-0.023922,0.0280233,5.03253,5.03267,-0.0447813,0.0436207,0.00204501,0,0,0
1780638680943143,15.5221,-0.0244053,0.0283665,0.0324402,0,0,-5,-0.0244053,0.0283665,5.03244,5.03258,-0.0456986,0.0434258,0.00288732,0,0,0
1780638680967143,15.5461,-0.0251739,0.0289066,0.0323181,0,0,-5,-0.0251739,0.0289066,5.03232,5.03246,-0.0452839,0.0425881,0.00383084,0,0,0
1780638680983143,15.5621,-0.0240966,0.0282893,0.0320129,0,0,-5,-0.0240966,0.0282893,5.03201,5.03215,-0.0449372,0.0417997,0.00343455,0,0,0
1780638681007143,15.5861,-0.0226395,0.0274827,0.0315857,0,0,-5,-0.0226395,0.0274827,5.03159,5.03171,-0.0437863,0.0423645,0.00310599,0,0,0
1780638681023143,15.6021,-0.0217526,0.0270256,0.031311,0,0,-5,-0.0217526,0.0270256,5.03131,5.03143,-0.0420852,0.0420794,0.0033227,0,0,0
1780638681047143,15.6261,-0.0205422,0.0264611,0.0310059,0,0,-5,-0.0205422,0.0264611,5.03101,5.03112,-0.040921,0.0427107,0.00266306,0,0,0
1780638681063143,15.6421,-0.0198118,0.0261495,0.0307617,0,0,-5,-0.0198118,0.0261495,5.03076,5.03087,-0.0399131,0.0425106,0.00245864,0,0,0
1780638681087143,15.6661,-0.018844,0.0257815,0.0304871,0,0,-5,-0.018844,0.0257815,5.03049,5.03059,-0.040088,0.0425341,0.00212905,0,0,0
1780638681103143,15.6821,-0.0182831,0.025587,0.0302734,0,0,-5,-0.0182831,0.025587,5.03027,5.03037,-0.040178,0.0418051,0.00175088,0,0,0
1780638681127143,15.7061,-0.0175678,0.0253432,0.0299988,0,0,-5,-0.0175678,0.0253432,5.03,5.03009,-0.0405091,0.0404083,0.00171099,0,0,0
1780638681143143,15.7221,-0.0171494,0.0252255,0.0298157,0,0,-5,-0.0171494,0.0252255,5.02982,5.02991,-0.0391728,0.0398981,0.00285065,0,0,0
1780638681167143,15.7461,-0.0165917,0.0250951,0.0296021,0,0,-5,-0.0165917,0.0250951,5.0296,5.02969,-0.0383698,0.0380637,0.00228193,0,0,0
1780638681183143,15.7621,-0.0162738,0.0250368,0.0295105,0,0,-5,-0.0162738,0.0250368,5.02951,5.0296,-0.0386366,0.0381483,0.00313547,0,0,0
1780638681207143,15.7861,-0.0158933,0.0250376,0.0293274,0,0,-5,-0.0158933,0.0250376,5.02933,5.02941,-0.0384291,0.0392931,0.00187003,0,0,0
1780638681223143,15.8021,-0.0156929,0.0250847,0.0292358,0,0,-5,-0.0156929,0.0250847,5.02924,5.02932,-0.0380933,0.0385646,0.00216286,0,0,0
1780638681247143,15.8261,-0.0154903,0.0252,0.0291138,0,0,-5,-0.0154903,0.0252,5.02911,5.0292,-0.0400522,0.0377499,0.00280332,0,0,0
1780638681263143,15.8421,-0.015428,0.0253137,0.0290222,0,0,-5,-0.015428,0.0253137,5.02902,5.02911,-0.0402345,0.0385334,0.0028104,0,0,0
1780638681287143,15.8661,-0.0154227,0.0255439,0.0289307,0,0,-5,-0.0154227,0.0255439,5.02893,5.02902,-0.0416945,0.0383339,0.00211012,0,0,0
1780638681303143,15.8821,-0.0154675,0.0257281,0.0288391,0,0,-5,-0.0154675,0.0257281,5.02884,5.02893,-0.0414386,0.0383929,0.00148997,0,0,0
1780638681327143,15.9061,-0.0155888,0.0260689,0.0286865,0,0,-5,-0.0155888,0.0260689,5.02869,5.02878,-0.0397999,0.0393216,0.00125009,0,0,0
1780638681343143,15.9221,-0.0156961,0.0263311,0.0286255,0,0,-5,-0.0156961,0.0263311,5.02863,5.02872,-0.0401457,0.0389356,0.000442344,0,0,0
1780638681367143,15.9461,-0.0159368,0.0267557,0.0284729,0,0,-5,-0.0159368,0.0267557,5.02847,5.02857,-0.041102,0.0390482,0.000267543,0,0,0
1780638681383143,15.9621,-0.0153886,0.0260116,0.0282288,0,0,-5,-0.0153886,0.0260116,5.02823,5.02832,-0.040436,0.036378,7.22415e-05,0,0,0
1780638681407143,15.9861,-0.0146566,0.024971,0.0278931,0,0,-5,-0.0146566,0.024971,5.02789,5.02798,-0.0390352,0.0350566,-0.000729804,0,0,0
1780638681423177,16.0021,-0.0142318,0.024348,0.0276794,0,0,-5,-0.0142318,0.024348,5.02768,5.02776,-0.0387136,0.0341113,-0.0013185,0,0,0
1780638681447177,16.0261,-0.0136964,0.0235259,0.0273132,0,0,-5,-0.0136964,0.0235259,5.02731,5.02739,-0.0381917,0.0345537,-0.00222168,0,0,0
1780638681463177,16.0421,-0.0134,0.0230336,0.0270996,0,0,-5,-0.0134,0.0230336,5.0271,5.02717,-0.0375678,0.0324923,-0.00321269,0,0,0
1780638681487177,16.0661,-0.0130291,0.0223761,0.0267639,0,0,-5,-0.0130291,0.0223761,5.02676,5.02683,-0.0374094,0.0330064,-0.00524124,0,0,0
1780638681503177,16.0821,-0.0128397,0.0220127,0.0265198,0,0,-5,-0.0128397,0.0220127,5.02652,5.02658,-0.0365914,0.0337223,-0.00571931,0,0,0
1780638681527177,16.1061,-0.0126111,0.0215726,0.026123,0,0,-5,-0.0126111,0.0215726,5.02612,5.02619,-0.036095,0.0334413,-0.00637678,0,0,0
1780638681543177,16.1221,-0.0125009,0.0213223,0.0258484,0,0,-5,-0.0125009,0.0213223,5.02585,5.02591,-0.0354768,0.0339032,-0.00563337,0,0,0
1780638681567177,16.1461,-0.0123711,0.0210506,0.0255127,0,0,-5,-0.0123711,0.0210506,5.02551,5.02557,-0.0334907,0.0347454,-0.00600287,0,0,0
1780638681583177,16.1621,-0.0123273,0.0209255,0.0252686,0,0,-5,-0.0123273,0.0209255,5.02527,5.02533,-0.0347186,0.0350199,-0.00538692,0,0,0
1780638681607177,16.1861,-0.0123264,0.0208052,0.0249329,0,0,-5,-0.0123264,0.0208052,5.02493,5.02499,-0.0343022,0.03442,-0.00329494,0,0,0
1780638681623177,16.2021,-0.0123633,0.0207666,0.0247192,0,0,-5,-0.0123633,0.0207666,5.02472,5.02478,-0.0346007,0.0346219,-0.00391748,0,0,0
1780638681647177,16.2261,-0.012481,0.0207616,0.0244141,0,0,-5,-0.012481,0.0207616,5.02441,5.02447,-0.0346254,0.0340758,-0.00374219,0,0,0
1780638681663177,16.2421,-0.0125924,0.0207984,0.0242004,0,0,-5,-0.0125924,0.0207984,5.0242,5.02426,-0.0351209,0.0343212,-0.00377953,0,0,0
1780638681687177,16.2661,-0.0128164,0.020922,0.0238953,0,0,-5,-0.0128164,0.020922,5.0239,5.02396,-0.0344687,0.0349785,-0.00431089,0,0,0
1780638681703177,16.2821,-0.0129959,0.021053,0.0236816,0,0,-5,-0.0129959,0.021053,5.02368,5.02374,-0.035622,0.0357342,-0.00492421,0,0,0
1780638681719177,16.2981,-0.0132161,0.0212211,0.0234985,0,0,-5,-0.0132161,0.0212211,5.0235,5.02356,-0.0359746,0.0368085,-0.00428809,0,0,0
1780638681743177,16.3221,-0.0135927,0.0215355,0.0231934,0,0,-5,-0.0135927,0.0215355,5.02319,5.02326,-0.0359714,0.0379104,-0.00421852,0,0,0
1780638681759177,16.3381,-0.0138691,0.0218072,0.0230103,0,0,-5,-0.0138691,0.0218072,5.02301,5.02308,-0.036022,0.0395429,-0.00435679,0,0,0
1780638681783177,16.3621,-0.0133984,0.0215325,0.0228577,0,0,-5,-0.0133984,0.0215325,5.02286,5.02292,-0.0348093,0.040751,-0.00431807,0,0,0
1780638681807177,16.3861,-0.0125656,0.0210017,0.0227966,0,0,-5,-0.0125656,0.0210017,5.0228,5.02286,-0.033557,0.0405307,-0.00192866,0,0,0
1780638681823177,16.4021,-0.0120886,0.0207143,0.0227661,0,0,-5,-0.0120886,0.0207143,5.02277,5.02282,-0.0353987,0.0401973,-0.00023169,0,0,0
1780638681839177,16.4181,-0.0116883,0.0204836,0.0227356,0,0,-5,-0.0116883,0.0204836,5.02274,5.02279,-0.0355292,0.0410385,-0.000885519,0,0,0
1780638681863177,16.4421,-0.0111833,0.0202076,0.0227051,0,0,-5,-0.0111833,0.0202076,5.02271,5.02276,-0.0352546,0.039204,-0.00126995,0,0,0
1780638681887177,16.4661,-0.0107642,0.0200194,0.0226135,0,0,-5,-0.0107642,0.0200194,5.02261,5.02266,-0.0346266,0.0399869,-0.00112041,0,0,0
1780638681903177,16.4821,-0.0105275,0.0199552,0.0225525,0,0,-5,-0.0105275,0.0199552,5.02255,5.0226,-0.0332033,0.0408562,-0.00138696,0,0,0
1780638681927177,16.5061,-0.0102267,0.0199393,0.0224915,0,0,-5,-0.0102267,0.0199393,5.02249,5.02254,-0.0323892,0.040576,-0.000394197,0,0,0
1780638681943177,16.5221,-0.0100603,0.0199682,0.0224609,0,0,-5,-0.0100603,0.0199682,5.02246,5.02251,-0.0320982,0.0399736,-0.000651102,0,0,0
1780638681967177,16.5461,-0.00984962,0.020078,0.0223999,0,0,-5,-0.00984962,0.020078,5.0224,5.02245,-0.0303088,0.0404602,-0.000100472,0,0,0
1780638681983177,16.5621,-0.00974827,0.020188,0.0223694,0,0,-5,-0.00974827,0.020188,5.02237,5.02242,-0.0303213,0.0401504,0.0004896,0,0,0
1780638681999177,16.5781,-0.00967326,0.0203214,0.0223694,0,0,-5,-0.00967326,0.0203214,5.02237,5.02242,-0.0299697,0.0399344,0.0018775,0,0,0
1780638682023177,16.6021,-0.00961591,0.0205764,0.0223999,0,0,-5,-0.00961591,0.0205764,5.0224,5.02245,-0.0301996,0.0396465,0.001227,0,0,0
1780638682047177,16.6261,-0.00964248,0.0208812,0.0224304,0,0,-5,-0.00964248,0.0208812,5.02243,5.02248,-0.0307805,0.0393126,0.0010234,0,0,0
1780638682063177,16.6421,-0.0096975,0.0211098,0.0224609,0,0,-5,-0.0096975,0.0211098,5.02246,5.02251,-0.030519,0.0384423,0.00146751,0,0,0
1780638682087177,16.6661,-0.00981842,0.0214924,0.0224915,0,0,-5,-0.00981842,0.0214924,5.02249,5.02255,-0.029647,0.0389197,0.00100443,0,0,0
1780638682103177,16.6821,-0.00992412,0.0217787,0.022522,0,0,-5,-0.00992412,0.0217787,5.02252,5.02258,-0.030149,0.0388698,0.00230746,0,0,0
1780638682127177,16.7061,-0.010148,0.022256,0.0226135,0,0,-5,-0.010148,0.022256,5.02261,5.02267,-0.0316832,0.0389197,0.0045085,0,0,0
1780638682143177,16.7221,-0.0103461,0.0226031,0.0227051,0,0,-5,-0.0103461,0.0226031,5.02271,5.02277,-0.0319719,0.0394528,0.00422189,0,0,0
1780638682167177,16.7461,-0.010692,0.0231721,0.0228271,0,0,-5,-0.010692,0.0231721,5.02283,5.02289,-0.0318203,0.0406458,0.00485864,0,0,0
1780638682183177,16.7621,-0.0102414,0.0227646,0.0229187,0,0,-5,-0.0102414,0.0227646,5.02292,5.02298,-0.0330704,0.0413463,0.0050991,0,0,0
1780638682207177,16.7861,-0.00965091,0.0222716,0.0230713,0,0,-5,-0.00965091,0.0222716,5.02307,5.02313,-0.0317179,0.0417002,0.00579026,0,0,0
1780638682223177,16.8021,-0.00931727,0.0220082,0.0231934,0,0,-5,-0.00931727,0.0220082,5.02319,5.02325,-0.0310892,0.0412428,0.00628883,0,0,0
1780638682247177,16.8261,-0.00887002,0.0217099,0.0233459,0,0,-5,-0.00887002,0.0217099,5.02335,5.0234,-0.0291985,0.0421211,0.0056556,0,0,0
1780638682263177,16.8421,-0.00861293,0.0215722,0.023468,0,0,-5,-0.00861293,0.0215722,5.02347,5.02352,-0.0288982,0.0414213,0.00535927,0,0,0
1780638682287177,16.8661,-0.00829048,0.0214572,0.0235901,0,0,-5,-0.00829048,0.0214572,5.02359,5.02364,-0.0285573,0.0425682,0.00407669,0,0,0
1780638682303177,16.8821,-0.0081233,0.021427,0.0236511,0,0,-5,-0.0081233,0.021427,5.02365,5.0237,-0.0281671,0.0414317,0.00302053,0,0,0
1780638682327177,16.9061,-0.00791972,0.0214717,0.0238037,0,0,-5,-0.00791972,0.0214717,5.0238,5.02386,-0.0273609,0.04443,0.00404845,0,0,0
1780638682343177,16.9221,-0.00781465,0.0215613,0.0238647,0,0,-5,-0.00781465,0.0215613,5.02386,5.02392,-0.0265638,0.0439216,0.00294476,0,0,0
1780638682367177,16.9461,-0.00770457,0.0217677,0.0239868,0,0,-5,-0.00770457,0.0217677,5.02399,5.02404,-0.0268011,0.0444555,0.00166846,0,0,0
1780638682383177,16.9621,-0.00766534,0.0219584,0.0240479,0,0,-5,-0.00766534,0.0219584,5.02405,5.0241,-0.0259105,0.0456198,0.00113785,0,0,0
1780638682407177,16.9861,-0.0076406,0.0223097,0.0241699,0,0,-5,-0.0076406,0.0223097,5.02417,5.02423,-0.0258672,0.0454648,0.00159382,0,0,0
1780638682423216,17.0022,-0.00766086,0.0225819,0.0242615,0,0,-5,-0.00766086,0.0225819,5.02426,5.02432,-0.0257896,0.0455579,0.00172936,0,0,0
1780638682447216,17.0262,-0.00775805,0.0230231,0.0243835,0,0,-5,-0.00775805,0.0230231,5.02438,5.02444,-0.0273947,0.0445394,0.00166534,0,0,0
1780638682463216,17.0422,-0.00788275,0.0233474,0.0244141,0,0,-5,-0.00788275,0.0233474,5.02441,5.02447,-0.0294437,0.0446289,0.000654456,0,0,0
1780638682487216,17.0662,-0.00814857,0.0238822,0.0245056,0,0,-5,-0.00814857,0.0238822,5.02451,5.02457,-0.0303018,0.0455328,0.00177692,0,0,0
1780638682503216,17.0822,-0.00835076,0.0242786,0.0245667,0,0,-5,-0.00835076,0.0242786,5.02457,5.02463,-0.0291156,0.0457963,0.00146082,0,0,0
1780638682527216,17.1062,-0.00866488,0.0249323,0.0246582,0,0,-5,-0.00866488,0.0249323,5.02466,5.02473,-0.0285668,0.0456235,0.00192297,0,0,0
1780638682543216,17.1222,-0.00889374,0.0253876,0.0246887,0,0,-5,-0.00889374,0.0253876,5.02469,5.02476,-0.0285401,0.0466093,0.00161138,0,0,0
1780638682567216,17.1462,-0.00927665,0.02613,0.0247803,0,0,-5,-0.00927665,0.02613,5.02478,5.02486,-0.0286576,0.0472418,0.00211016,0,0,0
1780638682583216,17.1622,-0.00853755,0.025465,0.0248108,0,0,-5,-0.00853755,0.025465,5.02481,5.02488,-0.0285367,0.0465327,0.00256579,0,0,0
1780638682607216,17.1862,-0.00753939,0.0245888,0.0248108,0,0,-5,-0.00753939,0.0245888,5.02481,5.02488,-0.027172,0.0454988,0.00235228,0,0,0
1780638682623216,17.2022,-0.00692825,0.0240835,0.0248108,0,0,-5,-0.00692825,0.0240835,5.02481,5.02487,-0.0266576,0.0451671,0.00271661,0,0,0
1780638682647216,17.2262,-0.00611285,0.0234269,0.0248413,0,0,-5,-0.00611285,0.0234269,5.02484,5.0249,-0.0262639,0.0442431,0.000695859,0,0,0
1780638682663216,17.2422,-0.00563131,0.0230559,0.0248413,0,0,-5,-0.00563131,0.0230559,5.02484,5.0249,-0.0264326,0.0439808,0.00124545,0,0,0
1780638682687216,17.2662,-0.00499211,0.022614,0.0248718,0,0,-5,-0.00499211,0.022614,5.02487,5.02493,-0.0257407,0.0451778,0.00175696,0,0,0
1780638682703216,17.2822,-0.00461818,0.0223916,0.0248718,0,0,-5,-0.00461818,0.0223916,5.02487,5.02492,-0.0256464,0.0447512,0.00188875,0,0,0
1780638682727216,17.3062,-0.00413442,0.0221282,0.0249634,0,0,-5,-0.00413442,0.0221282,5.02496,5.02501,-0.0246694,0.0433661,0.0033036,0,0,0
1780638682743216,17.3222,-0.0038552,0.0220018,0.0250244,0,0,-5,-0.0038552,0.0220018,5.02502,5.02507,-0.0243647,0.0435629,0.00409922,0,0,0
1780638682767216,17.3462,-0.00350557,0.0218942,0.0250854,0,0,-5,-0.00350557,0.0218942,5.02509,5.02513,-0.0246294,0.0429454,0.00394197,0,0,0
1780638682783216,17.3622,-0.00331112,0.0218714,0.0251465,0,0,-5,-0.00331112,0.0218714,5.02515,5.0252,-0.023718,0.0434956,0.00436226,0,0,0
1780638682807216,17.3862,-0.00307058,0.0219297,0.0252686,0,0,-5,-0.00307058,0.0219297,5.02527,5.02532,-0.0230787,0.0442628,0.00326999,0,0,0
1780638682823216,17.4022,-0.00295329,0.022025,0.0253601,0,0,-5,-0.00295329,0.022025,5.02536,5.02541,-0.0238535,0.0451017,0.00425925,0,0,0
1780638682847216,17.4262,-0.00284125,0.0222309,0.0255432,0,0,-5,-0.00284125,0.0222309,5.02554,5.02559,-0.0244385,0.0445541,0.00517986,0,0,0
1780638682863216,17.4422,-0.00281444,0.0224081,0.0256348,0,0,-5,-0.00281444,0.0224081,5.02563,5.02569,-0.024203,0.0452137,0.00390335,0,0,0
1780638682887216,17.4662,-0.002834,0.0227258,0.0257874,0,0,-5,-0.002834,0.0227258,5.02579,5.02584,-0.0252991,0.0449886,0.00475655,0,0,0
1780638682903216,17.4822,-0.00289402,0.0229765,0.0258789,0,0,-5,-0.00289402,0.0229765,5.02588,5.02593,-0.0258452,0.044625,0.00505342,0,0,0
1780638682927216,17.5062,-0.00303198,0.0234047,0.026062,0,0,-5,-0.00303198,0.0234047,5.02606,5.02612,-0.0257368,0.0444426,0.00540695,0,0,0
1780638682943216,17.5222,-0.00314384,0.0237072,0.0261841,0,0,-5,-0.00314384,0.0237072,5.02618,5.02624,-0.025217,0.0437874,0.00672797,0,0,0
1780638682967216,17.5462,-0.00335811,0.0242051,0.0263977,0,0,-5,-0.00335811,0.0242051,5.0264,5.02646,-0.0254455,0.0428942,0.00788124,0,0,0
1780638682983216,17.5622,-0.00284581,0.02359,0.0263062,0,0,-5,-0.00284581,0.02359,5.02631,5.02636,-0.0244507,0.0414534,0.0084751,0,0,0
1780638683007216,17.5862,-0.00214571,0.0227637,0.0262146,0,0,-5,-0.00214571,0.0227637,5.02621,5.02627,-0.0230521,0.0408471,0.008535,0,0,0
1780638683023216,17.6022,-0.00172947,0.0222823,0.026123,0,0,-5,-0.00172947,0.0222823,5.02612,5.02617,-0.0225664,0.0402598,0.00742389,0,0,0
1780638683047216,17.6262,-0.00117174,0.0216732,0.026001,0,0,-5,-0.00117174,0.0216732,5.026,5.02605,-0.0218822,0.0417684,0.00773711,0,0,0
1780638683063216,17.6422,-0.000844216,0.021359,0.0259705,0,0,-5,-0.000844216,0.021359,5.02597,5.02602,-0.0214406,0.0415227,0.00969182,0,0,0
1780638683087216,17.6662,-0.000411986,0.0209407,0.0259094,0,0,-5,-0.000411986,0.0209407,5.02591,5.02595,-0.0216161,0.0386412,0.00832385,0,0,0
1780638683103216,17.6822,-0.000176438,0.0207044,0.0259094,0,0,-5,-0.000176438,0.0207044,5.02591,5.02595,-0.0227426,0.0386874,0.00825861,0,0,0
1780638683127216,17.7062,7.7014e-05,0.0204468,0.0259094,0,0,-5,7.7014e-05,0.0204468,5.02591,5.02595,-0.0236284,0.0397174,0.00748154,0,0,0
1780638683143216,17.7222,0.000207135,0.020324,0.0259094,0,0,-5,0.000207135,0.020324,5.02591,5.02595,-0.0237982,0.0386693,0.00776904,0,0,0
1780638683167216,17.7462,0.000356922,0.0202038,0.0259094,0,0,-5,0.000356922,0.0202038,5.02591,5.02595,-0.0230636,0.0383878,0.0075407,0,0,0
1780638683183216,17.7622,0.000420965,0.0201645,0.0259399,0,0,-5,0.000420965,0.0201645,5.02594,5.02598,-0.0236373,0.0382085,0.00740045,0,0,0
1780638683207216,17.7862,0.000456554,0.0201828,0.0259705,0,0,-5,0.000456554,0.0201828,5.02597,5.02601,-0.0243579,0.0384214,0.00699242,0,0,0
1780638683223216,17.8022,0.00044133,0.0202317,0.026001,0,0,-5,0.00044133,0.0202317,5.026,5.02604,-0.0240486,0.038344,0.00694885,0,0,0
1780638683247216,17.8262,0.000419281,0.0203882,0.0260315,0,0,-5,0.000419281,0.0203882,5.02603,5.02607,-0.0220234,0.0393883,0.00616514,0,0,0
1780638683263216,17.8422,0.000385675,0.0205255,0.0260315,0,0,-5,0.000385675,0.0205255,5.02603,5.02607,-0.022465,0.0388709,0.00639331,0,0,0
1780638683287216,17.8662,0.000284748,0.0207758,0.0260925,0,0,-5,0.000284748,0.0207758,5.02609,5.02614,-0.0227263,0.0384625,0.00580828,0,0,0
1780638683303216,17.8822,0.000183278,0.0209794,0.0260925,0,0,-5,0.000183278,0.0209794,5.02609,5.02614,-0.0234101,0.0387624,0.00497389,0,0,0
1780638683327216,17.9062,-6.83981e-06,0.0213361,0.026123,0,0,-5,-6.83981e-06,0.0213361,5.02612,5.02617,-0.022943,0.0383328,0.00718767,0,0,0
1780638683343216,17.9222,-0.000155591,0.0215968,0.0261841,0,0,-5,-0.000155591,0.0215968,5.02618,5.02623,-0.023,0.0374991,0.0072298,0,0,0
1780638683367216,17.9462,-0.000421118,0.0220206,0.0262451,0,0,-5,-0.000421118,0.0220206,5.02625,5.02629,-0.0240934,0.0382784,0.00772154,0,0,0
1780638683383216,17.9622,-0.000325025,0.0214951,0.0260925,0,0,-5,-0.000325025,0.0214951,5.02609,5.02614,-0.0239062,0.0381353,0.00821713,0,0,0
1780638683407216,17.9862,-0.000246024,0.0208073,0.0259094,0,0,-5,-0.000246024,0.0208073,5.02591,5.02595,-0.02495,0.0362826,0.00853884,0,0,0
1780638683423255,18.0022,-0.000243928,0.0203923,0.0257874,0,0,-5,-0.000243928,0.0203923,5.02579,5.02583,-0.0257099,0.0350327,0.00868782,0,0,0
1780638683447255,18.0262,-0.000290272,0.0198453,0.0256653,0,0,-5,-0.000290272,0.0198453,5.02567,5.0257,-0.0255773,0.0354073,0.00959307,0,0,0
1780638683463255,18.0422,-0.000357097,0.0195518,0.0256348,0,0,-5,-0.000357097,0.0195518,5.02563,5.02567,-0.0265362,0.0345799,0.0106772,0,0,0
1780638683487255,18.0662,-0.000520281,0.0191805,0.0255737,0,0,-5,-0.000520281,0.0191805,5.02557,5.02561,-0.0268544,0.0345882,0.00935068,0,0,0
1780638683503255,18.0822,-0.000660838,0.0189872,0.0255432,0,0,-5,-0.000660838,0.0189872,5.02554,5.02558,-0.0274476,0.0332664,0.00831307,0,0,0
1780638683527255,18.1062,-0.000935097,0.0187524,0.0255127,0,0,-5,-0.000935097,0.0187524,5.02551,5.02555,-0.0287467,0.0325897,0.00803866,0,0,0
1780638683543255,18.1222,-0.0011595,0.0186327,0.0255127,0,0,-5,-0.0011595,0.0186327,5.02551,5.02555,-0.0298289,0.032612,0.00861909,0,0,0
1780638683567255,18.1462,-0.00156293,0.0185216,0.0255432,0,0,-5,-0.00156293,0.0185216,5.02554,5.02558,-0.0314321,0.0317213,0.00909398,0,0,0
1780638683583255,18.1622,-0.00187112,0.0184785,0.0255432,0,0,-5,-0.00187112,0.0184785,5.02554,5.02558,-0.031999,0.0316061,0.008657,0,0,0
1780638683607255,18.1862,-0.00237967,0.0184642,0.0255737,0,0,-5,-0.00237967,0.0184642,5.02557,5.02561,-0.0325726,0.0311529,0.00828601,0,0,0
1780638683623255,18.2022,-0.00274096,0.0184844,0.0256042,0,0,-5,-0.00274096,0.0184844,5.0256,5.02564,-0.0326679,0.0300404,0.00791934,0,0,0
1780638683647255,18.2262,-0.00331517,0.0185455,0.0256653,0,0,-5,-0.00331517,0.0185455,5.02567,5.0257,-0.0331676,0.0291605,0.00861054,0,0,0
1780638683663255,18.2422,-0.00371246,0.0186035,0.0256958,0,0,-5,-0.00371246,0.0186035,5.0257,5.02573,-0.032426,0.0282698,0.00745493,0,0,0
1780638683679255,18.2582,-0.00411985,0.0186836,0.0256958,0,0,-5,-0.00411985,0.0186836,5.0257,5.02573,-0.0333141,0.0284037,0.00727667,0,0,0
1780638683703255,18.2822,-0.00476648,0.0188428,0.0256958,0,0,-5,-0.00476648,0.0188428,5.0257,5.02573,-0.0327296,0.0281132,0.00703733,0,0,0
1780638683727255,18.3062,-0.00541399,0.0190452,0.0257263,0,0,-5,-0.00541399,0.0190452,5.02573,5.02577,-0.0322194,0.0276271,0.00626019,0,0,0
1780638683743255,18.3222,-0.00584964,0.0191963,0.0257568,0,0,-5,-0.00584964,0.0191963,5.02576,5.0258,-0.0321616,0.0265428,0.00626154,0,0,0
1780638683767255,18.3462,-0.00651489,0.0194405,0.0258179,0,0,-5,-0.00651489,0.0194405,5.02582,5.02586,-0.0310954,0.0263016,0.0066059,0,0,0
1780638683783255,18.3622,-0.00608146,0.0187421,0.0259399,0,0,-5,-0.00608146,0.0187421,5.02594,5.02598,-0.0312421,0.0259146,0.00861358,0,0,0
1780638683807255,18.3862,-0.0055405,0.0177888,0.0261536,0,0,-5,-0.0055405,0.0177888,5.02615,5.02619,-0.0307082,0.0251266,0.0102932,0,0,0
1780638683823255,18.4022,-0.00522831,0.0172228,0.0263062,0,0,-5,-0.00522831,0.0172228,5.02631,5.02634,-0.0308799,0.0251529,0.0109587,0,0,0
1780638683847255,18.4262,-0.00486471,0.0164712,0.0265198,0,0,-5,-0.00486471,0.0164712,5.02652,5.02655,-0.0316108,0.0248743,0.00977963,0,0,0
1780638683863255,18.4422,-0.00466529,0.0160294,0.0266418,0,0,-5,-0.00466529,0.0160294,5.02664,5.02667,-0.0307419,0.0246711,0.00902602,0,0,0
1780638683879255,18.4582,-0.00450021,0.0156307,0.0267639,0,0,-5,-0.00450021,0.0156307,5.02676,5.02679,-0.0316364,0.0247407,0.00806709,0,0,0
1780638683903255,18.4822,-0.00432706,0.0151282,0.026947,0,0,-5,-0.00432706,0.0151282,5.02695,5.02697,-0.0306351,0.0253165,0.00658431,0,0,0
1780638683927255,18.5062,-0.00420293,0.0147132,0.0270996,0,0,-5,-0.00420293,0.0147132,5.0271,5.02712,-0.0291552,0.025104,0.00566628,0,0,0
1780638683943255,18.5222,-0.00415222,0.0144772,0.0271912,0,0,-5,-0.00415222,0.0144772,5.02719,5.02721,-0.0295641,0.0243802,0.00483692,0,0,0
1780638683967255,18.5462,-0.00413312,0.0141813,0.0272827,0,0,-5,-0.00413312,0.0141813,5.02728,5.0273,-0.0296862,0.0238359,0.00581707,0,0,0
1780638683983255,18.5622,-0.00416426,0.0140233,0.0273438,0,0,-5,-0.00416426,0.0140233,5.02734,5.02737,-0.0301669,0.0244731,0.00561568,0,0,0
1780638684007255,18.5862,-0.00426851,0.013853,0.0274658,0,0,-5,-0.00426851,0.013853,5.02747,5.02749,-0.030774,0.023672,0.00473497,0,0,0
1780638684023255,18.6022,-0.0043799,0.0137557,0.0275269,0,0,-5,-0.0043799,0.0137557,5.02753,5.02755,-0.0318927,0.0221954,0.00527459,0,0,0
1780638684047255,18.6262,-0.00461074,0.0136212,0.0276489,0,0,-5,-0.00461074,0.0136212,5.02765,5.02767,-0.0319557,0.0206613,0.00491324,0,0,0
1780638684063255,18.6422,-0.0047876,0.0135522,0.0277405,0,0,-5,-0.0047876,0.0135522,5.02774,5.02776,-0.0313374,0.0200663,0.00588784,0,0,0
1780638684087255,18.6662,-0.00510039,0.0134817,0.0278931,0,0,-5,-0.00510039,0.0134817,5.02789,5.02791,-0.0318905,0.0206587,0.00612289,0,0,0
1780638684103255,18.6822,-0.00533691,0.0134699,0.0279541,0,0,-5,-0.00533691,0.0134699,5.02795,5.02797,-0.031933,0.0197071,0.00643448,0,0,0
1780638684127255,18.7062,-0.00575293,0.0134758,0.0280762,0,0,-5,-0.00575293,0.0134758,5.02808,5.0281,-0.0325826,0.019449,0.00453317,0,0,0
1780638684143255,18.7222,-0.00604114,0.0134964,0.0281067,0,0,-5,-0.00604114,0.0134964,5.02811,5.02813,-0.0318253,0.0183974,0.00411125,0,0,0
1780638684167255,18.7462,-0.00648697,0.0135416,0.0281677,0,0,-5,-0.00648697,0.0135416,5.02817,5.02819,-0.0310786,0.0174393,0.00415332,0,0,0
1780638684183255,18.7622,-0.00614929,0.0130589,0.0281067,0,0,-5,-0.00614929,0.0130589,5.02811,5.02813,-0.0298868,0.0170529,0.00448311,0,0,0
1780638684199255,18.7782,-0.00583489,0.0126135,0.0280762,0,0,-5,-0.00583489,0.0126135,5.02808,5.0281,-0.0285789,0.0168578,0.00431994,0,0,0
1780638684223255,18.8022,-0.00542998,0.0120156,0.0279846,0,0,-5,-0.00542998,0.0120156,5.02798,5.028,-0.0292064,0.0157466,0.00291887,0,0,0
1780638684247255,18.8262,-0.00512309,0.0114824,0.0279236,0,0,-5,-0.00512309,0.0114824,5.02792,5.02794,-0.0287079,0.0155798,0.00266087,0,0,0
1780638684263255,18.8422,-0.00496368,0.0111793,0.0278931,0,0,-5,-0.00496368,0.0111793,5.02789,5.02791,-0.0287073,0.0159765,0.00265254,0,0,0
1780638684287255,18.8662,-0.0047934,0.0107966,0.027832,0,0,-5,-0.0047934,0.0107966,5.02783,5.02785,-0.0285784,0.0167227,0.00320252,0,0,0
1780638684303255,18.8822,-0.00471998,0.0105932,0.027832,0,0,-5,-0.00471998,0.0105932,5.02783,5.02785,-0.0282592,0.017205,0.00378731,0,0,0
1780638684327255,18.9062,-0.00465589,0.0103417,0.027832,0,0,-5,-0.00465589,0.0103417,5.02783,5.02784,-0.0283211,0.0169647,0.00290806,0,0,0
1780638684343255,18.9222,-0.00465272,0.0102043,0.0278015,0,0,-5,-0.00465272,0.0102043,5.0278,5.02781,-0.0279413,0.0162571,0.00228728,0,0,0
1780638684367255,18.9462,-0.00468109,0.0100199,0.0278015,0,0,-5,-0.00468109,0.0100199,5.0278,5.02781,-0.0273658,0.0157205,0.00296797,0,0,0
1780638684383255,18.9622,-0.00472749,0.00990814,0.0278015,0,0,-5,-0.00472749,0.00990814,5.0278,5.02781,-0.0273653,0.0137348,0.00233172,0,0,0
1780638684407255,18.9862,-0.00483922,0.00975853,0.027832,0,0,-5,-0.00483922,0.00975853,5.02783,5.02784,-0.0263385,0.0136452,0.00306586,0,0,0
1780638684423297,19.0023,-0.00493345,0.0096816,0.0278625,0,0,-5,-0.00493345,0.0096816,5.02786,5.02787,-0.0266926,0.0130558,0.00344856,0,0,0
1780638684447297,19.0263,-0.00511337,0.0095692,0.0278931,0,0,-5,-0.00511337,0.0095692,5.02789,5.0279,-0.0265715,0.0109114,0.00276933,0,0,0
1780638684463297,19.0423,-0.00526994,0.0094948,0.0279236,0,0,-5,-0.00526994,0.0094948,5.02792,5.02794,-0.0272224,0.0101853,0.00154059,0,0,0
1780638684487297,19.0663,-0.0055318,0.00938742,0.0279541,0,0,-5,-0.0055318,0.00938742,5.02795,5.02797,-0.0259303,0.0085256,2.20971e-06,0,0,0
1780638684503297,19.0823,-0.0057036,0.00932624,0.0279541,0,0,-5,-0.0057036,0.00932624,5.02795,5.02797,-0.0266846,0.00856163,0.000265237,0,0,0
1780638684527297,19.1063,-0.00601582,0.00927504,0.0279541,0,0,-5,-0.00601582,0.00927504,5.02795,5.02797,-0.0266105,0.0100876,0.000476263,0,0,0
1780638684543297,19.1223,-0.00622371,0.00927939,0.0279541,0,0,-5,-0.00622371,0.00927939,5.02795,5.02797,-0.0250753,0.0102537,0.000452302,0,0,0
1780638684567297,19.1463,-0.00655465,0.00929608,0.0279541,0,0,-5,-0.00655465,0.00929608,5.02795,5.02797,-0.0245353,0.00988059,0.000108509,0,0,0
1780638684583297,19.1623,-0.00622406,0.00913349,0.0279236,0,0,-5,-0.00622406,0.00913349,5.02792,5.02794,-0.0235918,0.00885929,0.00152732,0,0,0
1780638684607297,19.1863,-0.00576977,0.0089098,0.0279236,0,0,-5,-0.00576977,0.0089098,5.02792,5.02793,-0.0216643,0.0092347,0.00135922,0,0,0
1780638684623297,19.2023,-0.00549705,0.00878818,0.0278625,0,0,-5,-0.00549705,0.00878818,5.02786,5.02787,-0.0218783,0.00819635,0.000611526,0,0,0
1780638684647297,19.2263,-0.00515086,0.00862889,0.027771,0,0,-5,-0.00515086,0.00862889,5.02777,5.02778,-0.0212394,0.0078482,0.000383139,0,0,0
1780638684663297,19.2423,-0.00494559,0.0085308,0.0277405,0,0,-5,-0.00494559,0.0085308,5.02774,5.02775,-0.0206272,0.00646585,0.000124718,0,0,0
1780638684687297,19.2663,-0.00466669,0.00838934,0.0276794,0,0,-5,-0.00466669,0.00838934,5.02768,5.02769,-0.0189674,0.00575789,0.000995081,0,0,0
1780638684703297,19.2823,-0.00449737,0.00830043,0.0276794,0,0,-5,-0.00449737,0.00830043,5.02768,5.02769,-0.0179525,0.0048205,0.00123039,0,0,0
1780638684719297,19.2983,-0.00434297,0.00822028,0.0276794,0,0,-5,-0.00434297,0.00822028,5.02768,5.02769,-0.0169663,0.00450023,0.00116895,0,0,0
1780638684743297,19.3223,-0.00414308,0.00810717,0.0276489,0,0,-5,-0.00414308,0.00810717,5.02765,5.02766,-0.0161636,0.00411046,0.000407014,0,0,0
1780638684767297,19.3463,-0.00397642,0.00804947,0.0276184,0,0,-5,-0.00397642,0.00804947,5.02762,5.02763,-0.0158856,0.00617455,0.00174519,0,0,0
1780638684783297,19.3623,-0.00389332,0.0080555,0.0276184,0,0,-5,-0.00389332,0.0080555,5.02762,5.02763,-0.0153092,0.00688567,0.00288254,0,0,0
1780638684799297,19.3783,-0.00383548,0.00807483,0.0276184,0,0,-5,-0.00383548,0.00807483,5.02762,5.02763,-0.0157631,0.00678732,0.00234139,0,0,0
1780638684823297,19.4023,-0.0037874,0.0081507,0.0276489,0,0,-5,-0.0037874,0.0081507,5.02765,5.02766,-0.015505,0.00815645,0.00238117,0,0,0
1780638684839297,19.4183,-0.00377431,0.0082051,0.0276794,0,0,-5,-0.00377431,0.0082051,5.02768,5.02769,-0.0157532,0.00701972,0.0018842,0,0,0
1780638684863297,19.4423,-0.00380305,0.00830975,0.0276794,0,0,-5,-0.00380305,0.00830975,5.02768,5.02769,-0.0165525,0.00774143,0.00139705,0,0,0
1780638684879297,19.4583,-0.00386828,0.00839974,0.02771,0,0,-5,-0.00386828,0.00839974,5.02771,5.02772,-0.0186452,0.0086873,0.00165864,0,0,0
1780638684903297,19.4823,-0.00401208,0.00856276,0.02771,0,0,-5,-0.00401208,0.00856276,5.02771,5.02772,-0.0180669,0.00837193,0.00138334,0,0,0
1780638684927297,19.5063,-0.0041737,0.00874864,0.0277405,0,0,-5,-0.0041737,0.00874864,5.02774,5.02775,-0.0174905,0.00875015,0.00208847,0,0,0
1780638684943297,19.5223,-0.00428934,0.00887617,0.0277405,0,0,-5,-0.00428934,0.00887617,5.02774,5.02775,-0.0172115,0.00801203,0.00215622,0,0,0
1780638684967297,19.5463,-0.0044928,0.00906452,0.0278015,0,0,-5,-0.0044928,0.00906452,5.0278,5.02781,-0.017411,0.00719716,0.00258753,0,0,0
1780638684983297,19.5623,-0.00452555,0.00895043,0.0277405,0,0,-5,-0.00452555,0.00895043,5.02774,5.02775,-0.0184199,0.00707618,0.00289098,0,0,0
1780638685007297,19.5863,-0.00443927,0.00844519,0.0274963,0,0,-5,-0.00443927,0.00844519,5.0275,5.02751,-0.0186732,0.00634128,0.00268341,0,0,0
1780638685023297,19.6023,-0.00440277,0.00812318,0.0273743,0,0,-5,-0.00440277,0.00812318,5.02737,5.02738,-0.0180193,0.00444314,0.00272786,0,0,0
1780638685047297,19.6263,-0.00438556,0.00766512,0.0271912,0,0,-5,-0.00438556,0.00766512,5.02719,5.0272,-0.0185102,0.00434269,0.00255238,0,0,0
1780638685063297,19.6423,-0.00440933,0.00738235,0.0270996,0,0,-5,-0.00440933,0.00738235,5.0271,5.02711,-0.0189968,0.00350138,0.00273461,0,0,0
1780638685087297,19.6663,-0.00448952,0.00701134,0.0269775,0,0,-5,-0.00448952,0.00701134,5.02698,5.02698,-0.0195919,0.00508166,0.00356825,0,0,0
1780638685103297,19.6823,-0.00456893,0.00680289,0.026886,0,0,-5,-0.00456893,0.00680289,5.02689,5.02689,-0.0198164,0.00490562,0.00310629,0,0,0
1780638685127297,19.7063,-0.00474482,0.00653205,0.026825,0,0,-5,-0.00474482,0.00653205,5.02682,5.02683,-0.0206407,0.00558837,0.00421359,0,0,0
1780638685143297,19.7223,-0.00487855,0.00636522,0.0267944,0,0,-5,-0.00487855,0.00636522,5.02679,5.0268,-0.0204225,0.00393117,0.00519405,0,0,0
1780638685167297,19.7463,-0.0050908,0.00612749,0.0267639,0,0,-5,-0.0050908,0.00612749,5.02676,5.02677,-0.019985,0.00351963,0.00541421,0,0,0
1780638685183297,19.7623,-0.00525462,0.00598364,0.0267639,0,0,-5,-0.00525462,0.00598364,5.02676,5.02677,-0.0204611,0.00388314,0.00522416,0,0,0
1780638685207297,19.7863,-0.00552923,0.00579893,0.0267334,0,0,-5,-0.00552923,0.00579893,5.02673,5.02674,-0.0204248,0.00259057,0.00559006,0,0,0
1780638685223297,19.8023,-0.00572244,0.00567222,0.0267029,0,0,-5,-0.00572244,0.00567222,5.0267,5.02671,-0.0204216,0.00168155,0.00588646,0,0,0
1780638685247297,19.8263,-0.006025,0.00549522,0.0267029,0,0,-5,-0.006025,0.00549522,5.0267,5.02671,-0.0198532,0.00148818,0.00572525,0,0,0
1780638685263297,19.8423,-0.00623854,0.00538909,0.0267029,0,0,-5,-0.00623854,0.00538909,5.0267,5.02671,-0.0198253,0.00131359,0.00527483,0,0,0
1780638685287297,19.8663,-0.00659139,0.00524103,0.0267029,0,0,-5,-0.00659139,0.00524103,5.0267,5.02671,-0.0205911,0.000853627,0.00581521,0,0,0
1780638685303297,19.8823,-0.00683765,0.00516269,0.0267334,0,0,-5,-0.00683765,0.00516269,5.02673,5.02674,-0.0202945,0.00186262,0.00621928,0,0,0
1780638685327297,19.9063,-0.0072329,0.00506839,0.0267944,0,0,-5,-0.0072329,0.00506839,5.02679,5.0268,-0.0213386,0.00107564,0.00749298,0,0,0
1780638685343297,19.9223,-0.00752591,0.0050134,0.0268555,0,0,-5,-0.00752591,0.0050134,5.02686,5.02686,-0.0214789,0.00146479,0.00751281,0,0,0
1780638685367297,19.9463,-0.00800408,0.00495681,0.0269165,0,0,-5,-0.00800408,0.00495681,5.02692,5.02693,-0.0228361,0.000837061,0.00674082,0,0,0
1780638685383297,19.9623,-0.00777154,0.00440924,0.0269165,0,0,-5,-0.00777154,0.00440924,5.02692,5.02692,-0.0221374,0.000179615,0.00701401,0,0,0
1780638685399297,19.9783,-0.00756306,0.00389561,0.026947,0,0,-5,-0.00756306,0.00389561,5.02695,5.02695,-0.0212344,0.000531151,0.00583052,0,0,0
1780638685423297,20.0023,-0.00731284,0.00317747,0.026947,0,0,-5,-0.00731284,0.00317747,5.02695,5.02695,-0.0215555,0.000947251,0.00627549,0,0,0
1780638685447338,20.0263,-0.00711997,0.00255265,0.0269775,0,0,-5,-0.00711997,0.00255265,5.02698,5.02698,-0.0211922,0.00130907,0.00725751,0,0,0
1780638685463338,20.0423,-0.00702714,0.0021534,0.0270081,0,0,-5,-0.00702714,0.0021534,5.02701,5.02701,-0.0213489,6.8608e-05,0.00648697,0,0,0
1780638685487338,20.0663,-0.0069453,0.00158863,0.0270691,0,0,-5,-0.0069453,0.00158863,5.02707,5.02707,-0.0227206,-8.0196e-05,0.00608474,0,0,0
1780638685503338,20.0823,-0.00694223,0.0012287,0.0270996,0,0,-5,-0.00694223,0.0012287,5.0271,5.0271,-0.0227775,-0.00108031,0.00601243,0,0,0
1780638685527338,20.1063,-0.00699515,0.000712845,0.0271606,0,0,-5,-0.00699515,0.000712845,5.02716,5.02717,-0.0236455,-0.00121823,0.00595566,0,0,0
1780638685543338,20.1223,-0.00705197,0.000389435,0.0271912,0,0,-5,-0.00705197,0.000389435,5.02719,5.0272,-0.0229836,-0.00256192,0.00526069,0,0,0
1780638685567338,20.1463,-0.00716463,-0.000108587,0.0272827,0,0,-5,-0.00716463,-0.000108587,5.02728,5.02729,-0.0223612,-0.00421095,0.00650085,0,0,0
1780638685583338,20.1623,-0.00727054,-0.00041427,0.0273438,0,0,-5,-0.00727054,-0.00041427,5.02734,5.02735,-0.0229798,-0.00246475,0.00676312,0,0,0
1780638685607338,20.1863,-0.00747208,-0.000824865,0.0274353,0,0,-5,-0.00747208,-0.000824865,5.02744,5.02744,-0.0236487,-0.00233106,0.00712379,0,0,0
1780638685623338,20.2023,-0.0076179,-0.00106038,0.0274963,0,0,-5,-0.0076179,-0.00106038,5.0275,5.0275,-0.0217058,-0.000869044,0.00761541,0,0,0
1780638685647338,20.2263,-0.00786368,-0.00136871,0.0275879,0,0,-5,-0.00786368,-0.00136871,5.02759,5.02759,-0.0227762,-0.00119804,0.00637543,0,0,0
1780638685663338,20.2423,-0.00805779,-0.00157964,0.0276184,0,0,-5,-0.00805779,-0.00157964,5.02762,5.02763,-0.0233158,-0.00342474,0.00690692,0,0,0
1780638685687338,20.2663,-0.00839039,-0.00191706,0.0277405,0,0,-5,-0.00839039,-0.00191706,5.02774,5.02775,-0.0239222,-0.00441638,0.00835544,0,0,0
1780638685703338,20.2823,-0.00863129,-0.00212589,0.027832,0,0,-5,-0.00863129,-0.00212589,5.02783,5.02784,-0.0233404,-0.00509873,0.00804064,0,0,0
1780638685727338,20.3063,-0.00900149,-0.00243423,0.0279846,0,0,-5,-0.00900149,-0.00243423,5.02798,5.02799,-0.0230307,-0.00579627,0.00765891,0,0,0
1780638685743338,20.3223,-0.0092514,-0.00263403,0.0280762,0,0,-5,-0.0092514,-0.00263403,5.02808,5.02809,-0.022382,-0.00560933,0.00835076,0,0,0
1780638685767338,20.3463,-0.00967625,-0.00290635,0.0282288,0,0,-5,-0.00967625,-0.00290635,5.02823,5.02824,-0.0244761,-0.00609895,0.00803554,0,0,0
1780638685783338,20.3623,-0.00965272,-0.00311735,0.0281372,0,0,-5,-0.00965272,-0.00311735,5.02814,5.02815,-0.0233863,-0.00560303,0.00709386,0,0,0
1780638685807338,20.3863,-0.00965852,-0.00342144,0.0280151,0,0,-5,-0.00965852,-0.00342144,5.02802,5.02803,-0.0241229,-0.007076,0.00826213,0,0,0
1780638685823338,20.4023,-0.0097028,-0.00362893,0.0279541,0,0,-5,-0.0097028,-0.00362893,5.02795,5.02796,-0.0245176,-0.00704888,0.00939138,0,0,0
1780638685847338,20.4263,-0.00981448,-0.00390318,0.0280151,0,0,-5,-0.00981448,-0.00390318,5.02802,5.02803,-0.0244298,-0.00631694,0.011173,0,0,0
1780638685863338,20.4423,-0.00990789,-0.004072,0.0280457,0,0,-5,-0.00990789,-0.004072,5.02805,5.02806,-0.0238928,-0.00635161,0.0106243,0,0,0
1780638685887338,20.4663,-0.0100949,-0.00429536,0.0281372,0,0,-5,-0.0100949,-0.00429536,5.02814,5.02815,-0.0256382,-0.00610729,0.0115329,0,0,0
1780638685903338,20.4823,-0.0102562,-0.00444714,0.0282288,0,0,-5,-0.0102562,-0.00444714,5.02823,5.02824,-0.0257174,-0.00755577,0.0123377,0,0,0
1780638685927338,20.5063,-0.0105239,-0.0046824,0.0284119,0,0,-5,-0.0105239,-0.0046824,5.02841,5.02843,-0.0246065,-0.0071974,0.0136716,0,0,0
1780638685943338,20.5223,-0.0107088,-0.00483589,0.0285339,0,0,-5,-0.0107088,-0.00483589,5.02853,5.02855,-0.0253669,-0.00883817,0.0132912,0,0,0
1780638685967338,20.5463,-0.0110512,-0.00510411,0.0287476,0,0,-5,-0.0110512,-0.00510411,5.02875,5.02876,-0.0264478,-0.0117318,0.0141687,0,0,0
1780638685983338,20.5623,-0.0113086,-0.00530949,0.0289001,0,0,-5,-0.0113086,-0.00530949,5.0289,5.02892,-0.0272501,-0.0123149,0.0149369,0,0,0
1780638686007338,20.5863,-0.0117483,-0.00560475,0.0291748,0,0,-5,-0.0117483,-0.00560475,5.02917,5.02919,-0.0281689,-0.0118759,0.0160991,0,0,0
1780638686023338,20.6023,-0.0120686,-0.00579519,0.0293579,0,0,-5,-0.0120686,-0.00579519,5.02936,5.02938,-0.0288414,-0.0124525,0.0157391,0,0,0
1780638686047338,20.6263,-0.0125831,-0.0060849,0.0296021,0,0,-5,-0.0125831,-0.0060849,5.0296,5.02962,-0.0294966,-0.0125576,0.0137347,0,0,0
1780638686063338,20.6423,-0.0129491,-0.0062779,0.0297852,0,0,-5,-0.0129491,-0.0062779,5.02979,5.02981,-0.0296517,-0.0133755,0.0138651,0,0,0
1780638686087338,20.6663,-0.0135375,-0.00656959,0.0300293,0,0,-5,-0.0135375,-0.00656959,5.03003,5.03005,-0.0306413,-0.0141725,0.0132698,0,0,0
1780638686103338,20.6823,-0.0139458,-0.00677094,0.0301819,0,0,-5,-0.0139458,-0.00677094,5.03018,5.03021,-0.030476,-0.0142962,0.0127298,0,0,0
1780638686127338,20.7063,-0.0145653,-0.00708302,0.0303955,0,0,-5,-0.0145653,-0.00708302,5.0304,5.03042,-0.0293659,-0.0153715,0.0115024,0,0,0
1780638686143338,20.7223,-0.0149794,-0.00729643,0.0305176,0,0,-5,-0.0149794,-0.00729643,5.03052,5.03055,-0.028869,-0.0159153,0.010954,0,0,0
1780638686167338,20.7463,-0.015604,-0.00762135,0.0307007,0,0,-5,-0.015604,-0.00762135,5.0307,5.03073,-0.02924,-0.0164853,0.0103931,0,0,0
1780638686183338,20.7623,-0.015547,-0.00761983,0.0305786,0,0,-5,-0.015547,-0.00761983,5.03058,5.03061,-0.028819,-0.0165574,0.0106586,0,0,0
1780638686207338,20.7863,-0.0155273,-0.00763262,0.0304565,0,0,-5,-0.0155273,-0.00763262,5.03046,5.03049,-0.0296008,-0.0161138,0.0101005,0,0,0
1780638686223338,20.8023,-0.0155529,-0.00764412,0.030365,0,0,-5,-0.0155529,-0.00764412,5.03036,5.03039,-0.0294339,-0.0157148,0.0107824,0,0,0
1780638686247338,20.8263,-0.0156286,-0.00767534,0.0302734,0,0,-5,-0.0156286,-0.00767534,5.03027,5.0303,-0.0292797,-0.0164199,0.010929,0,0,0
1780638686263338,20.8423,-0.0157092,-0.00771893,0.0302429,0,0,-5,-0.0157092,-0.00771893,5.03024,5.03027,-0.029233,-0.0173936,0.0101749,0,0,0
1780638686287338,20.8663,-0.0158481,-0.00782389,0.0302429,0,0,-5,-0.0158481,-0.00782389,5.03024,5.03027,-0.0278449,-0.0182972,0.0120835,0,0,0
1780638686303338,20.8823,-0.0159569,-0.00791392,0.0302429,0,0,-5,-0.0159569,-0.00791392,5.03024,5.03027,-0.0276017,-0.0192068,0.0122555,0,0,0
1780638686327338,20.9063,-0.0161812,-0.00806774,0.0302734,0,0,-5,-0.0161812,-0.00806774,5.03027,5.03031,-0.02927,-0.0191796,0.011142,0,0,0
1780638686343338,20.9223,-0.0163612,-0.00816859,0.030304,0,0,-5,-0.0163612,-0.00816859,5.0303,5.03034,-0.028889,-0.0183956,0.0100733,0,0,0
1780638686367338,20.9463,-0.0166291,-0.00832432,0.0303345,0,0,-5,-0.0166291,-0.00832432,5.03033,5.03037,-0.0275651,-0.0182902,0.00788571,0,0,0
1780638686383338,20.9623,-0.016835,-0.00843072,0.0303345,0,0,-5,-0.016835,-0.00843072,5.03033,5.03037,-0.027859,-0.0185669,0.00787367,0,0,0
1780638686399338,20.9783,-0.0170498,-0.00854512,0.030365,0,0,-5,-0.0170498,-0.00854512,5.03036,5.0304,-0.0273971,-0.0188872,0.00810981,0,0,0
1780638686423338,21.0023,-0.0173632,-0.00875891,0.030426,0,0,-5,-0.0173632,-0.00875891,5.03043,5.03046,-0.0263298,-0.0214727,0.00898496,0,0,0
1780638686447338,21.0263,-0.0177043,-0.00901364,0.0305176,0,0,-5,-0.0177043,-0.00901364,5.03052,5.03056,-0.026393,-0.0217537,0.009592,0,0,0
1780638686463382,21.0423,-0.0179551,-0.00920704,0.0306091,0,0,-5,-0.0179551,-0.00920704,5.03061,5.03065,-0.0273009,-0.0233723,0.00919647,0,0,0
1780638686487382,21.0663,-0.018368,-0.00952462,0.0307007,0,0,-5,-0.018368,-0.00952462,5.0307,5.03074,-0.0263728,-0.0239308,0.00836084,0,0,0
1780638686503382,21.0823,-0.0186407,-0.00974649,0.0307312,0,0,-5,-0.0186407,-0.00974649,5.03073,5.03078,-0.0269818,-0.0239837,0.00856575,0,0,0
1780638686527382,21.1063,-0.0191055,-0.0100917,0.0308533,0,0,-5,-0.0191055,-0.0100917,5.03085,5.0309,-0.0279102,-0.0247125,0.0095151,0,0,0
1780638686543382,21.1223,-0.0194218,-0.0103263,0.0309753,0,0,-5,-0.0194218,-0.0103263,5.03098,5.03102,-0.0266117,-0.0239039,0.0108659,0,0,0
1780638686567382,21.1463,-0.0199218,-0.0106887,0.0311279,0,0,-5,-0.0199218,-0.0106887,5.03113,5.03118,-0.0277139,-0.0242819,0.0102823,0,0,0
1780638686583382,21.1623,-0.0199543,-0.0107541,0.0311279,0,0,-5,-0.0199543,-0.0107541,5.03113,5.03118,-0.0276765,-0.0230928,0.010046,0,0,0
1780638686607382,21.1863,-0.0195914,-0.0106041,0.0309753,0,0,-5,-0.0195914,-0.0106041,5.03098,5.03102,-0.0284289,-0.0233344,0.00992575,0,0,0
1780638686623382,21.2023,-0.0194015,-0.0105378,0.0308838,0,0,-5,-0.0194015,-0.0105378,5.03088,5.03093,-0.028418,-0.0235043,0.0094674,0,0,0
1780638686647382,21.2263,-0.019156,-0.0104941,0.0307922,0,0,-5,-0.019156,-0.0104941,5.03079,5.03084,-0.0272339,-0.0253936,0.00922428,0,0,0
1780638686663382,21.2423,-0.019022,-0.0105057,0.0307312,0,0,-5,-0.019022,-0.0105057,5.03073,5.03078,-0.0264474,-0.0256289,0.00818693,0,0,0
1780638686687382,21.2663,-0.0188779,-0.0105538,0.0306702,0,0,-5,-0.0188779,-0.0105538,5.03067,5.03072,-0.026562,-0.0257051,0.00851754,0,0,0
1780638686703382,21.2823,-0.0188225,-0.0106011,0.0306396,0,0,-5,-0.0188225,-0.0106011,5.03064,5.03069,-0.0265102,-0.0264794,0.00805769,0,0,0
1780638686727382,21.3063,-0.0187819,-0.0107225,0.0306091,0,0,-5,-0.0187819,-0.0107225,5.03061,5.03066,-0.025805,-0.0277712,0.00776785,0,0,0
1780638686743382,21.3223,-0.018773,-0.0108332,0.0305786,0,0,-5,-0.018773,-0.0108332,5.03058,5.03063,-0.0246579,-0.0278848,0.00736493,0,0,0
1780638686767382,21.3463,-0.0188121,-0.0110197,0.0304871,0,0,-5,-0.0188121,-0.0110197,5.03049,5.03053,-0.0259168,-0.0279047,0.00724682,0,0,0
1780638686783382,21.3623,-0.0188724,-0.0111638,0.0304565,0,0,-5,-0.0188724,-0.0111638,5.03046,5.0305,-0.0263493,-0.0284906,0.00753531,0,0,0
1780638686807382,21.3863,-0.0189886,-0.0114116,0.0304565,0,0,-5,-0.0189886,-0.0114116,5.03046,5.03051,-0.0248504,-0.029143,0.00828932,0,0,0
1780638686823382,21.4023,-0.0190839,-0.0116018,0.0304565,0,0,-5,-0.0190839,-0.0116018,5.03046,5.03051,-0.0250418,-0.0297477,0.00937366,0,0,0
1780638686847382,21.4263,-0.0192659,-0.0119158,0.0304871,0,0,-5,-0.0192659,-0.0119158,5.03049,5.03054,-0.0242932,-0.0296476,0.0102601,0,0,0
1780638686863382,21.4423,-0.0194118,-0.0121382,0.0305176,0,0,-5,-0.0194118,-0.0121382,5.03052,5.03057,-0.0251851,-0.0305751,0.0107378,0,0,0
1780638686887382,21.4663,-0.0196711,-0.0125317,0.0306091,0,0,-5,-0.0196711,-0.0125317,5.03061,5.03066,-0.0251789,-0.0326297,0.0115949,0,0,0
1780638686903382,21.4823,-0.0198719,-0.0128227,0.0306702,0,0,-5,-0.0198719,-0.0128227,5.03067,5.03073,-0.0261464,-0.0327843,0.010566,0,0,0
1780638686927382,21.5063,-0.0201903,-0.0132766,0.0307617,0,0,-5,-0.0201903,-0.0132766,5.03076,5.03082,-0.0249874,-0.0332387,0.0105652,0,0,0
1780638686943382,21.5223,-0.0204193,-0.013611,0.0308228,0,0,-5,-0.0204193,-0.013611,5.03082,5.03088,-0.0252862,-0.0355238,0.0108374,0,0,0
1780638686967382,21.5463,-0.020777,-0.0141775,0.0309753,0,0,-5,-0.020777,-0.0141775,5.03098,5.03104,-0.0241182,-0.037135,0.0124907,0,0,0
1780638686983382,21.5623,-0.0209477,-0.0140682,0.0307617,0,0,-5,-0.0209477,-0.0140682,5.03076,5.03083,-0.0229187,-0.0359815,0.0128679,0,0,0
1780638687007382,21.5863,-0.0211996,-0.0139454,0.0304565,0,0,-5,-0.0211996,-0.0139454,5.03046,5.03052,-0.0225272,-0.0353983,0.0128785,0,0,0
1780638687023382,21.6023,-0.0213844,-0.0138965,0.030304,0,0,-5,-0.0213844,-0.0138965,5.0303,5.03037,-0.0219966,-0.0355583,0.01265,0,0,0
1780638687047382,21.6263,-0.0216963,-0.0138659,0.0300598,0,0,-5,-0.0216963,-0.0138659,5.03006,5.03013,-0.0223126,-0.0356342,0.0119856,0,0,0
1780638687063382,21.6423,-0.0219106,-0.0138856,0.0299377,0,0,-5,-0.0219106,-0.0138856,5.02994,5.03,-0.0222397,-0.0358034,0.0124627,0,0,0
1780638687087382,21.6663,-0.0222458,-0.0139642,0.0297546,0,0,-5,-0.0222458,-0.0139642,5.02975,5.02982,-0.0214018,-0.0367659,0.012499,0,0,0
1780638687103382,21.6823,-0.0224807,-0.01406,0.0296631,0,0,-5,-0.0224807,-0.01406,5.02966,5.02973,-0.0210617,-0.0378361,0.0126529,0,0,0
1780638687127382,21.7063,-0.0228374,-0.0142738,0.02948,0,0,-5,-0.0228374,-0.0142738,5.02948,5.02955,-0.0218175,-0.0385772,0.0123229,0,0,0
1780638687143382,21.7223,-0.0230986,-0.0144601,0.0294189,0,0,-5,-0.0230986,-0.0144601,5.02942,5.02949,-0.021007,-0.0402178,0.0131577,0,0,0
1780638687167382,21.7463,-0.0234741,-0.0147629,0.0293274,0,0,-5,-0.0234741,-0.0147629,5.02933,5.0294,-0.0189777,-0.0391862,0.0135387,0,0,0
1780638687183382,21.7623,-0.023706,-0.0149835,0.0292969,0,0,-5,-0.023706,-0.0149835,5.0293,5.02938,-0.0180078,-0.0384002,0.0139722,0,0,0
1780638687207382,21.7863,-0.0240567,-0.0153086,0.0292664,0,0,-5,-0.0240567,-0.0153086,5.02927,5.02935,-0.0176286,-0.0376811,0.0146363,0,0,0
1780638687223382,21.8023,-0.0242875,-0.0155622,0.0292969,0,0,-5,-0.0242875,-0.0155622,5.0293,5.02938,-0.016783,-0.0389362,0.0140124,0,0,0
1780638687247382,21.8263,-0.0246383,-0.0159856,0.0293579,0,0,-5,-0.0246383,-0.0159856,5.02936,5.02944,-0.0164795,-0.0393671,0.0158778,0,0,0
1780638687263382,21.8423,-0.0248767,-0.016289,0.0294189,0,0,-5,-0.0248767,-0.016289,5.02942,5.02951,-0.0159317,-0.0395987,0.0159572,0,0,0
1780638687287382,21.8663,-0.0252298,-0.0167829,0.0295715,0,0,-5,-0.0252298,-0.0167829,5.02957,5.02966,-0.014681,-0.0403879,0.0167216,0,0,0
1780638687303382,21.8823,-0.0254543,-0.0171361,0.0296936,0,0,-5,-0.0254543,-0.0171361,5.02969,5.02979,-0.0144805,-0.0405821,0.0177028,0,0,0
1780638687327382,21.9063,-0.0258155,-0.0176966,0.0299683,0,0,-5,-0.0258155,-0.0176966,5.02997,5.03007,-0.0150098,-0.0415159,0.0195005,0,0,0
1780638687343382,21.9223,-0.0260539,-0.018102,0.0302124,0,0,-5,-0.0260539,-0.018102,5.03021,5.03031,-0.0150255,-0.0420516,0.0203584,0,0,0
1780638687367382,21.9463,-0.0263939,-0.0187282,0.0305786,0,0,-5,-0.0263939,-0.0187282,5.03058,5.03068,-0.0137293,-0.0433472,0.0192024,0,0,0
1780638687383382,21.9623,-0.0261916,-0.018494,0.0307007,0,0,-5,-0.0261916,-0.018494,5.0307,5.0308,-0.0141451,-0.0436127,0.0188733,0,0,0
1780638687399382,21.9783,-0.0260216,-0.0183115,0.0308228,0,0,-5,-0.0260216,-0.0183115,5.03082,5.03092,-0.0139844,-0.0444041,0.0188559,0,0,0
1780638687423382,22.0023,-0.0258038,-0.01811,0.0310364,0,0,-5,-0.0258038,-0.01811,5.03104,5.03114,-0.0136585,-0.0439283,0.0182105,0,0,0
1780638687439382,22.0183,-0.0256812,-0.0180269,0.031189,0,0,-5,-0.0256812,-0.0180269,5.03119,5.03129,-0.0136351,-0.0448351,0.0185325,0,0,0
1780638687463429,22.0424,-0.0255331,-0.0179827,0.0314636,0,0,-5,-0.0255331,-0.0179827,5.03146,5.03156,-0.0128473,-0.0448588,0.0195815,0,0,0
1780638687487429,22.0664,-0.0254039,-0.0180208,0.0317383,0,0,-5,-0.0254039,-0.0180208,5.03174,5.03183,-0.0115968,-0.0450132,0.0203975,0,0,0
1780638687503429,22.0824,-0.0253254,-0.0180879,0.0319214,0,0,-5,-0.0253254,-0.0180879,5.03192,5.03202,-0.01105,-0.0459562,0.0205676,0,0,0
1780638687527429,22.1064,-0.0252543,-0.018264,0.032196,0,0,-5,-0.0252543,-0.018264,5.0322,5.03229,-0.0124225,-0.0465072,0.0200707,0,0,0
1780638687543429,22.1224,-0.0252272,-0.0184149,0.0323792,0,0,-5,-0.0252272,-0.0184149,5.03238,5.03248,-0.0118038,-0.0464835,0.018974,0,0,0
1780638687567429,22.1464,-0.0252204,-0.0187032,0.0326538,0,0,-5,-0.0252204,-0.0187032,5.03265,5.03275,-0.0128187,-0.0474306,0.0186945,0,0,0
1780638687583429,22.1624,-0.02524,-0.0189371,0.0328064,0,0,-5,-0.02524,-0.0189371,5.03281,5.03291,-0.0122941,-0.0476569,0.0179821,0,0,0
1780638687599429,22.1784,-0.025261,-0.019196,0.0329895,0,0,-5,-0.025261,-0.019196,5.03299,5.03309,-0.011981,-0.0483911,0.0174883,0,0,0
1780638687623429,22.2024,-0.0253182,-0.0196572,0.0332336,0,0,-5,-0.0253182,-0.0196572,5.03323,5.03334,-0.01206,-0.050307,0.0162743,0,0,0
1780638687647429,22.2264,-0.0253887,-0.0201986,0.0334473,0,0,-5,-0.0253887,-0.0201986,5.03345,5.03355,-0.011057,-0.0509664,0.0175979,0,0,0
1780638687663429,22.2424,-0.0254443,-0.0205927,0.0335999,0,0,-5,-0.0254443,-0.0205927,5.0336,5.03371,-0.0112957,-0.0513322,0.0166655,0,0,0
1780638687679429,22.2584,-0.0255075,-0.0209967,0.033783,0,0,-5,-0.0255075,-0.0209967,5.03378,5.03389,-0.0109181,-0.0504555,0.016683,0,0,0
1780638687703429,22.2824,-0.0256226,-0.0216549,0.0340576,0,0,-5,-0.0256226,-0.0216549,5.03406,5.03417,-0.00985553,-0.0528337,0.0165922,0,0,0
1780638687727429,22.3064,-0.0257363,-0.0224016,0.0343933,0,0,-5,-0.0257363,-0.0224016,5.03439,5.03451,-0.0102806,-0.0542101,0.0175362,0,0,0
1780638687743429,22.3224,-0.025826,-0.0229402,0.0346375,0,0,-5,-0.025826,-0.0229402,5.03464,5.03476,-0.00973784,-0.054837,0.0178069,0,0,0
1780638687767429,22.3464,-0.0259553,-0.0237786,0.0350342,0,0,-5,-0.0259553,-0.0237786,5.03503,5.03516,-0.00889144,-0.0555606,0.0179095,0,0,0
1780638687783429,22.3624,-0.0254226,-0.0233979,0.0349121,0,0,-5,-0.0254226,-0.0233979,5.03491,5.03503,-0.0075611,-0.0551732,0.0180429,0,0,0
1780638687799429,22.3784,-0.0249093,-0.0230619,0.0348206,0,0,-5,-0.0249093,-0.0230619,5.03482,5.03493,-0.00737311,-0.0543639,0.0186207,0,0,0
1780638687823429,22.4024,-0.0242069,-0.022662,0.034729,0,0,-5,-0.0242069,-0.022662,5.03473,5.03484,-0.00710975,-0.0548681,0.0188599,0,0,0
1780638687847429,22.4264,-0.0235756,-0.0224104,0.0346375,0,0,-5,-0.0235756,-0.0224104,5.03464,5.03474,-0.00760395,-0.0567337,0.0174932,0,0,0
1780638687863429,22.4424,-0.0232115,-0.0223322,0.0346069,0,0,-5,-0.0232115,-0.0223322,5.03461,5.03471,-0.00945218,-0.0575239,0.0177019,0,0,0
1780638687887429,22.4664,-0.0227476,-0.0223151,0.0345764,0,0,-5,-0.0227476,-0.0223151,5.03458,5.03468,-0.0100261,-0.0583299,0.0193387,0,0,0
1780638687903429,22.4824,-0.0224626,-0.0223667,0.0345764,0,0,-5,-0.0224626,-0.0223667,5.03458,5.03468,-0.00876472,-0.058353,0.0191199,0,0,0
1780638687927429,22.5064,-0.0220569,-0.0225135,0.034668,0,0,-5,-0.0220569,-0.0225135,5.03467,5.03477,-0.00801283,-0.0576787,0.020121,0,0,0
1780638687943429,22.5224,-0.0218032,-0.0226436,0.0347595,0,0,-5,-0.0218032,-0.0226436,5.03476,5.03486,-0.00750768,-0.0569724,0.02026,0,0,0
1780638687967429,22.5464,-0.0214486,-0.0228944,0.0349121,0,0,-5,-0.0214486,-0.0228944,5.03491,5.03501,-0.0058775,-0.0568264,0.0221817,0,0,0
1780638687983429,22.5624,-0.0212046,-0.02309,0.0350647,0,0,-5,-0.0212046,-0.02309,5.03506,5.03516,-0.00531471,-0.0564248,0.0229606,0,0,0
1780638688007429,22.5864,-0.02087,-0.0234456,0.0353394,0,0,-5,-0.02087,-0.0234456,5.03534,5.03544,-0.00532638,-0.0560495,0.023109,0,0,0
1780638688023429,22.6024,-0.0206835,-0.0237177,0.035553,0,0,-5,-0.0206835,-0.0237177,5.03555,5.03565,-0.00688286,-0.056454,0.0223883,0,0,0
1780638688047429,22.6264,-0.0204607,-0.024186,0.0358582,0,0,-5,-0.0204607,-0.024186,5.03586,5.03596,-0.00678654,-0.0567117,0.0220665,0,0,0
1780638688063429,22.6424,-0.0203345,-0.024535,0.0360718,0,0,-5,-0.0203345,-0.024535,5.03607,5.03617,-0.00719601,-0.0565011,0.0227528,0,0,0
1780638688079429,22.6584,-0.020222,-0.0249049,0.0362854,0,0,-5,-0.020222,-0.0249049,5.03629,5.03639,-0.0061354,-0.055968,0.0239173,0,0,0
1780638688103429,22.6824,-0.0200728,-0.0254802,0.0366821,0,0,-5,-0.0200728,-0.0254802,5.03668,5.03679,-0.0068329,-0.0534551,0.0238215,0,0,0
1780638688127429,22.7064,-0.019957,-0.0260595,0.0370789,0,0,-5,-0.019957,-0.0260595,5.03708,5.03719,-0.00768912,-0.0536147,0.0251695,0,0,0
1780638688143429,22.7224,-0.0199086,-0.0264778,0.037384,0,0,-5,-0.0199086,-0.0264778,5.03738,5.03749,-0.00879929,-0.0531332,0.0256893,0,0,0
1780638688167429,22.7464,-0.019872,-0.0271442,0.0378418,0,0,-5,-0.019872,-0.0271442,5.03784,5.03795,-0.00930044,-0.0536656,0.0255924,0,0,0
1780638688183429,22.7624,-0.0196033,-0.0260425,0.0378113,0,0,-5,-0.0196033,-0.0260425,5.03781,5.03792,-0.00972029,-0.0551895,0.0246977,0,0,0
1780638688207429,22.7864,-0.0192319,-0.0245754,0.0377808,0,0,-5,-0.0192319,-0.0245754,5.03778,5.03788,-0.00803271,-0.0537962,0.0229025,0,0,0
1780638688223429,22.8024,-0.0190081,-0.0236954,0.0377502,0,0,-5,-0.0190081,-0.0236954,5.03775,5.03784,-0.00887545,-0.0535888,0.0225942,0,0,0
1780638688247429,22.8264,-0.0187394,-0.022547,0.0377197,0,0,-5,-0.0187394,-0.022547,5.03772,5.03781,-0.00924526,-0.0555533,0.0203902,0,0,0
1780638688263429,22.8424,-0.0185787,-0.0219004,0.0376892,0,0,-5,-0.0185787,-0.0219004,5.03769,5.03777,-0.00913436,-0.0559657,0.0208054,0,0,0
1780638688287429,22.8664,-0.0183647,-0.0210551,0.0379639,0,0,-5,-0.0183647,-0.0210551,5.03796,5.03804,-0.00981082,-0.0561755,0.0216313,0,0,0
1780638688303429,22.8824,-0.0182597,-0.0205865,0.0380249,0,0,-5,-0.0182597,-0.0205865,5.03802,5.0381,-0.0100561,-0.0560275,0.0214321,0,0,0
1780638688327429,22.9064,-0.0181537,-0.019998,0.038147,0,0,-5,-0.0181537,-0.019998,5.03815,5.03822,-0.0108902,-0.056396,0.0223942,0,0,0
1780638688343429,22.9224,-0.0181046,-0.0196829,0.038269,0,0,-5,-0.0181046,-0.0196829,5.03827,5.03834,-0.010883,-0.0557162,0.0221311,0,0,0
1780638688367429,22.9464,-0.0180532,-0.0192948,0.0383301,0,0,-5,-0.0180532,-0.0192948,5.03833,5.0384,-0.0102222,-0.0554519,0.0207106,0,0,0
1780638688383429,22.9624,-0.0180408,-0.0191142,0.0383911,0,0,-5,-0.0180408,-0.0191142,5.03839,5.03846,-0.0111926,-0.0561894,0.02021,0,0,0
1780638688407429,22.9864,-0.0180395,-0.0189603,0.0384827,0,0,-5,-0.0180395,-0.0189603,5.03848,5.03855,-0.0106239,-0.0572979,0.0199109,0,0,0
1780638688423429,23.0024,-0.0180413,-0.0189275,0.0385742,0,0,-5,-0.0180413,-0.0189275,5.03857,5.03864,-0.0107732,-0.0573301,0.0193922,0,0,0
1780638688447429,23.0264,-0.0180497,-0.0189608,0.0386963,0,0,-5,-0.0180497,-0.0189608,5.0387,5.03876,-0.010236,-0.0575216,0.0196219,0,0,0
1780638688463483,23.0424,-0.0180746,-0.0190525,0.0388184,0,0,-5,-0.0180746,-0.0190525,5.03882,5.03889,-0.0102256,-0.0584959,0.019595,0,0,0
1780638688487483,23.0664,-0.0181218,-0.0192648,0.0390015,0,0,-5,-0.0181218,-0.0192648,5.039,5.03907,-0.00948711,-0.0579376,0.0183393,0,0,0
1780638688503483,23.0824,-0.018168,-0.0194477,0.0391541,0,0,-5,-0.018168,-0.0194477,5.03915,5.03922,-0.010194,-0.0578458,0.0190433,0,0,0
1780638688527483,23.1064,-0.0182494,-0.0198086,0.0393982,0,0,-5,-0.0182494,-0.0198086,5.0394,5.03947,-0.00984706,-0.0597722,0.0182005,0,0,0
1780638688543483,23.1224,-0.0183256,-0.0201161,0.0395813,0,0,-5,-0.0183256,-0.0201161,5.03958,5.03965,-0.0115163,-0.0605233,0.0181647,0,0,0
1780638688567483,23.1464,-0.0184781,-0.020641,0.039856,0,0,-5,-0.0184781,-0.020641,5.03986,5.03993,-0.0116014,-0.0600462,0.0184532,0,0,0
1780638688583483,23.1624,-0.0183511,-0.020031,0.0396118,0,0,-5,-0.0183511,-0.020031,5.03961,5.03969,-0.0117892,-0.0593274,0.0172726,0,0,0
1780638688607483,23.1864,-0.0181964,-0.0192551,0.0393372,0,0,-5,-0.0181964,-0.0192551,5.03934,5.03941,-0.0112554,-0.0588656,0.0181371,0,0,0
1780638688623483,23.2024,-0.0181124,-0.0188159,0.0391846,0,0,-5,-0.0181124,-0.0188159,5.03918,5.03925,-0.0116428,-0.0586736,0.0181037,0,0,0
1780638688647483,23.2264,-0.0180156,-0.018273,0.0390015,0,0,-5,-0.0180156,-0.018273,5.039,5.03907,-0.010961,-0.0577179,0.0183474,0,0,0
1780638688663483,23.2424,-0.0179636,-0.0179693,0.0389099,0,0,-5,-0.0179636,-0.0179693,5.03891,5.03897,-0.011304,-0.0563626,0.0188574,0,0,0
1780638688687483,23.2664,-0.0179047,-0.0176286,0.0388184,0,0,-5,-0.0179047,-0.0176286,5.03882,5.03888,-0.00974347,-0.0578995,0.0196759,0,0,0
1780638688703483,23.2824,-0.0178686,-0.0174817,0.0387878,0,0,-5,-0.0178686,-0.0174817,5.03879,5.03885,-0.00867397,-0.0582478,0.0201441,0,0,0
1780638688727483,23.3064,-0.0178285,-0.0173761,0.0388184,0,0,-5,-0.0178285,-0.0173761,5.03882,5.03888,-0.0089025,-0.0586144,0.0199337,0,0,0
1780638688743483,23.3224,-0.0178263,-0.0173626,0.0388489,0,0,-5,-0.0178263,-0.0173626,5.03885,5.03891,-0.00892654,-0.0586419,0.0203745,0,0,0
1780638688767483,23.3464,-0.0178515,-0.0174428,0.0389709,0,0,-5,-0.0178515,-0.0174428,5.03897,5.03903,-0.0104406,-0.0599178,0.0214558,0,0,0
1780638688783483,23.3624,-0.0178961,-0.0175652,0.0390625,0,0,-5,-0.0178961,-0.0175652,5.03906,5.03912,-0.00996824,-0.0598897,0.0210158,0,0,0
1780638688807483,23.3864,-0.0179539,-0.0177968,0.0392456,0,0,-5,-0.0179539,-0.0177968,5.03925,5.03931,-0.00917246,-0.0582959,0.0204084,0,0,0
1780638688823483,23.4024,-0.0179984,-0.0179945,0.0393677,0,0,-5,-0.0179984,-0.0179945,5.03937,5.03943,-0.00941781,-0.0582758,0.0209749,0,0,0
1780638688847483,23.4264,-0.0181073,-0.0183663,0.0396118,0,0,-5,-0.0181073,-0.0183663,5.03961,5.03968,-0.0107713,-0.0590719,0.0207522,0,0,0
1780638688863483,23.4424,-0.0181975,-0.0186583,0.0397034,0,0,-5,-0.0181975,-0.0186583,5.0397,5.03977,-0.0100696,-0.0581448,0.0201029,0,0,0
1780638688879483,23.4584,-0.0182882,-0.0189785,0.0398254,0,0,-5,-0.0182882,-0.0189785,5.03983,5.03989,-0.0101009,-0.0584326,0.0207225,0,0,0
1780638688903483,23.4824,-0.018432,-0.0195408,0.0400085,0,0,-5,-0.018432,-0.0195408,5.04001,5.04008,-0.00896388,-0.0599875,0.0194916,0,0,0
1780638688927483,23.5064,-0.0185562,-0.020187,0.0402222,0,0,-5,-0.0185562,-0.020187,5.04022,5.0403,-0.00871813,-0.0611219,0.0211625,0,0,0
1780638688943483,23.5224,-0.0186424,-0.0206811,0.0403748,0,0,-5,-0.0186424,-0.0206811,5.04037,5.04045,-0.00868133,-0.0622075,0.0211036,0,0,0
1780638688967483,23.5464,-0.0187918,-0.0215,0.0406189,0,0,-5,-0.0187918,-0.0215,5.04062,5.0407,-0.00873803,-0.0631519,0.0209259,0,0,0
1780638688983483,23.5624,-0.0185473,-0.0210066,0.0405884,0,0,-5,-0.0185473,-0.0210066,5.04059,5.04067,-0.00752978,-0.0632108,0.0212734,0,0,0
1780638689007483,23.5864,-0.0181784,-0.0204111,0.0406494,0,0,-5,-0.0181784,-0.0204111,5.04065,5.04072,-0.00593998,-0.0637765,0.0214062,0,0,0
1780638689023483,23.6024,-0.0179481,-0.0201135,0.0407104,0,0,-5,-0.0179481,-0.0201135,5.04071,5.04078,-0.00554741,-0.0640551,0.0217195,0,0,0
1780638689047483,23.6264,-0.0176038,-0.0198001,0.040863,0,0,-5,-0.0176038,-0.0198001,5.04086,5.04093,-0.00363969,-0.0650993,0.0209005,0,0,0
1780638689063483,23.6424,-0.0173861,-0.0196895,0.0409546,0,0,-5,-0.0173861,-0.0196895,5.04095,5.04102,-0.00386499,-0.0659397,0.0196131,0,0,0
1780638689087483,23.6664,-0.0171157,-0.0196243,0.0411377,0,0,-5,-0.0171157,-0.0196243,5.04114,5.0412,-0.00532202,-0.0648504,0.0195691,0,0,0
1780638689103483,23.6824,-0.0169528,-0.0196345,0.0412598,0,0,-5,-0.0169528,-0.0196345,5.04126,5.04133,-0.00385994,-0.0640599,0.0191974,0,0,0
1780638689127483,23.7064,-0.0166995,-0.0197432,0.0414734,0,0,-5,-0.0166995,-0.0197432,5.04147,5.04154,-0.00283004,-0.064583,0.0188952,0,0,0
1780638689143483,23.7224,-0.0165458,-0.0198713,0.041626,0,0,-5,-0.0165458,-0.0198713,5.04163,5.04169,-0.00199261,-0.0645245,0.0189895,0,0,0
1780638689159483,23.7384,-0.0163847,-0.0200551,0.0417786,0,0,-5,-0.0163847,-0.0200551,5.04178,5.04185,-0.0012734,-0.065442,0.0189386,0,0,0
1780638689183483,23.7624,-0.0161611,-0.0204302,0.0420532,0,0,-5,-0.0161611,-0.0204302,5.04205,5.04212,-0.00143335,-0.0666008,0.0181408,0,0,0
1780638689207483,23.7864,-0.0159577,-0.0209168,0.0422974,0,0,-5,-0.0159577,-0.0209168,5.0423,5.04237,-0.000549505,-0.0673557,0.016463,0,0,0
1780638689223483,23.8024,-0.0158233,-0.0213068,0.0424805,0,0,-5,-0.0158233,-0.0213068,5.04248,5.04255,-7.13848e-05,-0.0679518,0.0153725,0,0,0
1780638689247483,23.8264,-0.0156331,-0.0219606,0.0427856,0,0,-5,-0.0156331,-0.0219606,5.04279,5.04286,0.00027907,-0.0684045,0.0148943,0,0,0
1780638689263483,23.8424,-0.0155231,-0.022454,0.0429993,0,0,-5,-0.0155231,-0.022454,5.043,5.04307,-0.000887957,-0.0700258,0.0147806,0,0,0
1780638689287483,23.8664,-0.0154087,-0.0233239,0.0432739,0,0,-5,-0.0154087,-0.0233239,5.04327,5.04335,-0.00144178,-0.0727045,0.0158169,0,0,0
1780638689303483,23.8824,-0.0153657,-0.0239816,0.0434875,0,0,-5,-0.0153657,-0.0239816,5.04349,5.04357,-0.00329703,-0.0743359,0.0152311,0,0,0
1780638689319483,23.8984,-0.0153396,-0.024678,0.0437012,0,0,-5,-0.0153396,-0.024678,5.0437,5.04378,-0.00234326,-0.0748473,0.015187,0,0,0
1780638689343483,23.9224,-0.015301,-0.0257809,0.0440674,0,0,-5,-0.015301,-0.0257809,5.04407,5.04416,-0.00167455,-0.0744164,0.0161337,0,0,0
1780638689367483,23.9464,-0.015261,-0.0269412,0.0444031,0,0,-5,-0.015261,-0.0269412,5.0444,5.0445,-0.000896655,-0.0752068,0.0163389,0,0,0
1780638689383483,23.9624,-0.0148967,-0.0266261,0.0441895,0,0,-5,-0.0148967,-0.0266261,5.04419,5.04428,0.000493467,-0.0745888,0.0165498,0,0,0
1780638689407483,23.9864,-0.014368,-0.0262873,0.0439453,0,0,-5,-0.014368,-0.0262873,5.04395,5.04403,0.00224828,-0.0746663,0.0168277,0,0,0
1780638689423483,24.0024,-0.0139981,-0.0261569,0.0437927,0,0,-5,-0.0139981,-0.0261569,5.04379,5.04388,0.00335614,-0.074372,0.0162662,0,0,0
1780638689447483,24.0264,-0.013473,-0.0260733,0.0436707,0,0,-5,-0.013473,-0.0260733,5.04367,5.04376,0.00314535,-0.0737204,0.017385,0,0,0
1780638689463537,24.0425,-0.0131514,-0.0260796,0.0436096,0,0,-5,-0.0131514,-0.0260796,5.04361,5.04369,0.00283153,-0.072578,0.0171349,0,0,0
1780638689487537,24.0665,-0.0126955,-0.0261964,0.0435791,0,0,-5,-0.0126955,-0.0261964,5.04358,5.04366,0.00285034,-0.0722219,0.0169332,0,0,0
1780638689503537,24.0825,-0.0124086,-0.026314,0.0435791,0,0,-5,-0.0124086,-0.026314,5.04358,5.04366,0.00375285,-0.0702897,0.0177862,0,0,0
1780638689527537,24.1065,-0.0119709,-0.0265575,0.0436096,0,0,-5,-0.0119709,-0.0265575,5.04361,5.04369,0.00565757,-0.0697997,0.0164206,0,0,0
1780638689543537,24.1225,-0.011672,-0.0267898,0.0436401,0,0,-5,-0.011672,-0.0267898,5.04364,5.04372,0.00651977,-0.0709915,0.0169968,0,0,0
1780638689567537,24.1465,-0.0112536,-0.0272163,0.0437317,0,0,-5,-0.0112536,-0.0272163,5.04373,5.04382,0.00688385,-0.069767,0.0162693,0,0,0
1780638689583537,24.1625,-0.0109719,-0.0275534,0.0437622,0,0,-5,-0.0109719,-0.0275534,5.04376,5.04385,0.00784681,-0.0704653,0.0170175,0,0,0
1780638689607537,24.1865,-0.0105541,-0.0281514,0.0437927,0,0,-5,-0.0105541,-0.0281514,5.04379,5.04388,0.00893746,-0.0710624,0.016253,0,0,0
1780638689623537,24.2025,-0.0102664,-0.0286109,0.0438538,0,0,-5,-0.0102664,-0.0286109,5.04385,5.04395,0.0102077,-0.0721172,0.0156934,0,0,0
1780638689647537,24.2265,-0.00982553,-0.0293922,0.0439148,0,0,-5,-0.00982553,-0.0293922,5.04391,5.04401,0.011524,-0.0732042,0.0162526,0,0,0
1780638689663537,24.2425,-0.00951806,-0.0299637,0.0440063,0,0,-5,-0.00951806,-0.0299637,5.04401,5.0441,0.013059,-0.0728575,0.0168082,0,0,0
1780638689687537,24.2665,-0.00906932,-0.0309015,0.0441284,0,0,-5,-0.00906932,-0.0309015,5.04413,5.04423,0.0123503,-0.0744269,0.0164178,0,0,0
1780638689703537,24.2825,-0.00876257,-0.0315719,0.04422,0,0,-5,-0.00876257,-0.0315719,5.04422,5.04433,0.0132508,-0.0745913,0.0162635,0,0,0
1780638689727537,24.3065,-0.00829849,-0.0326365,0.0443726,0,0,-5,-0.00829849,-0.0326365,5.04437,5.04448,0.0130039,-0.0754544,0.0161951,0,0,0
1780638689743537,24.3225,-0.00800584,-0.0333933,0.0444946,0,0,-5,-0.00800584,-0.0333933,5.04449,5.04461,0.0130787,-0.075606,0.0147191,0,0,0
1780638689767537,24.3465,-0.00757337,-0.0346085,0.0446472,0,0,-5,-0.00757337,-0.0346085,5.04465,5.04477,0.0133182,-0.0778329,0.0129989,0,0,0
1780638689783537,24.3625,-0.00719585,-0.0339678,0.0444336,0,0,-5,-0.00719585,-0.0339678,5.04443,5.04455,0.0141996,-0.0763012,0.0122225,0,0,0
1780638689799537,24.3785,-0.00682441,-0.0334006,0.0442505,0,0,-5,-0.00682441,-0.0334006,5.04425,5.04437,0.0138683,-0.0748271,0.0114334,0,0,0
1780638689823537,24.4025,-0.00629073,-0.0327032,0.0440063,0,0,-5,-0.00629073,-0.0327032,5.04401,5.04412,0.0141814,-0.0744911,0.00954412,0,0,0
1780638689847537,24.4265,-0.00576875,-0.0321914,0.0437622,0,0,-5,-0.00576875,-0.0321914,5.04376,5.04387,0.0141952,-0.0739863,0.00883393,0,0,0
1780638689863537,24.4425,-0.00543096,-0.0319318,0.0435791,0,0,-5,-0.00543096,-0.0319318,5.04358,5.04368,0.0154635,-0.0730896,0.00941026,0,0,0
1780638689887537,24.4665,-0.00493101,-0.0316815,0.0433655,0,0,-5,-0.00493101,-0.0316815,5.04337,5.04347,0.0144605,-0.0736671,0.00905592,0,0,0
1780638689903537,24.4825,-0.0046154,-0.0316045,0.0432434,0,0,-5,-0.0046154,-0.0316045,5.04324,5.04334,0.0151768,-0.074292,0.00849295,0,0,0
1780638689927537,24.5065,-0.00413327,-0.0316098,0.0430603,0,0,-5,-0.00413327,-0.0316098,5.04306,5.04316,0.016378,-0.0738814,0.00864279,0,0,0
1780638689943537,24.5225,-0.00379773,-0.0316791,0.0429993,0,0,-5,-0.00379773,-0.0316791,5.043,5.0431,0.0173285,-0.0731802,0.00925208,0,0,0
1780638689967537,24.5465,-0.00330335,-0.0318898,0.0429382,0,0,-5,-0.00330335,-0.0318898,5.04294,5.04304,0.0172051,-0.0744037,0.00897521,0,0,0
1780638689983537,24.5625,-0.00297116,-0.032123,0.0429077,0,0,-5,-0.00297116,-0.032123,5.04291,5.04301,0.0183475,-0.075578,0.00897967,0,0,0
1780638690007537,24.5865,-0.0024573,-0.032579,0.0428467,0,0,-5,-0.0024573,-0.032579,5.04285,5.04295,0.018624,-0.0764216,0.00849763,0,0,0
1780638690023537,24.6025,-0.00211845,-0.0329552,0.0427856,0,0,-5,-0.00211845,-0.0329552,5.04279,5.04289,0.0187188,-0.0767712,0.00887069,0,0,0
1780638690047537,24.6265,-0.00162829,-0.0336115,0.0427246,0,0,-5,-0.00162829,-0.0336115,5.04272,5.04284,0.0180977,-0.0775637,0.00871792,0,0,0
1780638690063537,24.6425,-0.00130947,-0.0341134,0.0427246,0,0,-5,-0.00130947,-0.0341134,5.04272,5.04284,0.0181551,-0.0782079,0.00892515,0,0,0
1780638690087537,24.6665,-0.000834679,-0.0349417,0.0426636,0,0,-5,-0.000834679,-0.0349417,5.04266,5.04278,0.018975,-0.0779602,0.00747103,0,0,0
1780638690103537,24.6825,-0.000496808,-0.0355418,0.0426331,0,0,-5,-0.000496808,-0.0355418,5.04263,5.04276,0.0201029,-0.0784231,0.00791209,0,0,0
1780638690127537,24.7065,2.40302e-05,-0.0365308,0.042572,0,0,-5,2.40302e-05,-0.0365308,5.04257,5.0427,0.0209154,-0.079899,0.00848165,0,0,0
1780638690143537,24.7225,0.00038558,-0.0372555,0.042572,0,0,-5,0.00038558,-0.0372555,5.04257,5.04271,0.0223844,-0.0795191,0.00849537,0,0,0
1780638690167537,24.7465,0.00093698,-0.0383918,0.0426025,0,0,-5,0.00093698,-0.0383918,5.0426,5.04275,0.0228265,-0.0790826,0.00960156,0,0,0
1780638690183537,24.7625,0.00101953,-0.037818,0.0424805,0,0,-5,0.00101953,-0.037818,5.04248,5.04262,0.0214548,-0.077816,0.00922824,0,0,0
1780638690207537,24.7865,0.00112666,-0.0370921,0.0423279,0,0,-5,0.00112666,-0.0370921,5.04233,5.04246,0.0200994,-0.0758153,0.00890177,0,0,0
1780638690223537,24.8025,0.00119817,-0.0366893,0.0422363,0,0,-5,0.00119817,-0.0366893,5.04224,5.04237,0.0198629,-0.0747394,0.00914373,0,0,0
1780638690247537,24.8265,0.00132286,-0.036247,0.0421143,0,0,-5,0.00132286,-0.036247,5.04211,5.04224,0.0199135,-0.0752042,0.00903906,0,0,0
1780638690263537,24.8425,0.00142082,-0.0360363,0.0420227,0,0,-5,0.00142082,-0.0360363,5.04202,5.04215,0.0205925,-0.0738716,0.00942192,0,0,0
1780638690287537,24.8665,0.00158139,-0.0358283,0.0419617,0,0,-5,0.00158139,-0.0358283,5.04196,5.04209,0.0199553,-0.072717,0.0108625,0,0,0
1780638690303537,24.8825,0.0016951,-0.0357572,0.0419617,0,0,-5,0.0016951,-0.0357572,5.04196,5.04209,0.020375,-0.073252,0.0106822,0,0,0
1780638690327537,24.9065,0.00188974,-0.0357911,0.0419312,0,0,-5,0.00188974,-0.0357911,5.04193,5.04206,0.0206088,-0.0738489,0.0109855,0,0,0
1780638690343537,24.9225,0.00201869,-0.0358935,0.0419617,0,0,-5,0.00201869,-0.0358935,5.04196,5.04209,0.0199321,-0.0745876,0.0111658,0,0,0
1780638690367537,24.9465,0.00222833,-0.0361718,0.0420227,0,0,-5,0.00222833,-0.0361718,5.04202,5.04215,0.0203503,-0.0749315,0.0112391,0,0,0
1780638690383537,24.9625,0.00237726,-0.036417,0.0420837,0,0,-5,0.00237726,-0.036417,5.04208,5.04222,0.0205376,-0.0743293,0.0109979,0,0,0
1780638690407537,24.9865,0.00262777,-0.0368794,0.0422058,0,0,-5,0.00262777,-0.0368794,5.04221,5.04234,0.0220879,-0.0746244,0.0112677,0,0,0
1780638690423537,25.0025,0.00281457,-0.0372468,0.0423279,0,0,-5,0.00281457,-0.0372468,5.04233,5.04247,0.0219526,-0.0740272,0.0128536,0,0,0
1780638690447537,25.0265,0.00309109,-0.0378842,0.042511,0,0,-5,0.00309109,-0.0378842,5.04251,5.04265,0.0220406,-0.0744742,0.0119899,0,0,0
1780638690463537,25.0425,0.00329411,-0.0383621,0.0426025,0,0,-5,0.00329411,-0.0383621,5.0426,5.04275,0.0226492,-0.0746776,0.0131605,0,0,0
1780638690487595,25.0666,0.0036165,-0.0391754,0.0428162,0,0,-5,0.0036165,-0.0391754,5.04282,5.04297,0.0230142,-0.0759056,0.0129447,0,0,0
1780638690503595,25.0826,0.00385137,-0.039772,0.0429688,0,0,-5,0.00385137,-0.039772,5.04297,5.04313,0.0235907,-0.0760126,0.01237,0,0,0
1780638690527595,25.1066,0.00425021,-0.0407484,0.0431213,0,0,-5,0.00425021,-0.0407484,5.04312,5.04329,0.0242502,-0.0767269,0.0133036,0,0,0
1780638690543595,25.1226,0.00451088,-0.0414546,0.0432739,0,0,-5,0.00451088,-0.0414546,5.04327,5.04345,0.0237885,-0.0772218,0.0136526,0,0,0
1780638690559595,25.1386,0.00477309,-0.0421922,0.043396,0,0,-5,0.00477309,-0.0421922,5.0434,5.04357,0.0236866,-0.0776313,0.0141216,0,0,0
1780638690583595,25.1626,0.00464015,-0.0418171,0.0432739,0,0,-5,0.00464015,-0.0418171,5.04327,5.04345,0.0237884,-0.0763695,0.0158951,0,0,0
1780638690607595,25.1866,0.00431037,-0.0408648,0.0429993,0,0,-5,0.00431037,-0.0408648,5.043,5.04317,0.024147,-0.0760245,0.0147505,0,0,0
1780638690623595,25.2026,0.00414137,-0.0403523,0.0428467,0,0,-5,0.00414137,-0.0403523,5.04285,5.04301,0.0250182,-0.0771983,0.0145643,0,0,0
1780638690647595,25.2266,0.0039237,-0.0397588,0.0426331,0,0,-5,0.0039237,-0.0397588,5.04263,5.04279,0.0246048,-0.0765841,0.0144684,0,0,0
1780638690663595,25.2426,0.00379991,-0.0394684,0.0425415,0,0,-5,0.00379991,-0.0394684,5.04254,5.0427,0.0239231,-0.0765532,0.0148024,0,0,0
1780638690687595,25.2666,0.00364571,-0.039158,0.0424805,0,0,-5,0.00364571,-0.039158,5.04248,5.04263,0.024351,-0.0751346,0.0154112,0,0,0
1780638690703595,25.2826,0.00357446,-0.0390272,0.04245,0,0,-5,0.00357446,-0.0390272,5.04245,5.0426,0.0236482,-0.0745146,0.015592,0,0,0
1780638690727595,25.3066,0.00345484,-0.0389382,0.0423889,0,0,-5,0.00345484,-0.0389382,5.04239,5.04254,0.022831,-0.0740931,0.0147522,0,0,0
1780638690743595,25.3226,0.00339978,-0.0389449,0.0423584,0,0,-5,0.00339978,-0.0389449,5.04236,5.04251,0.0230828,-0.0732254,0.0151251,0,0,0
1780638690767595,25.3466,0.00334105,-0.0390497,0.0423584,0,0,-5,0.00334105,-0.0390497,5.04236,5.04251,0.0227774,-0.072406,0.0152534,0,0,0
1780638690783595,25.3626,0.00331443,-0.0391865,0.0423584,0,0,-5,0.00331443,-0.0391865,5.04236,5.04251,0.0221982,-0.0724439,0.0154483,0,0,0
1780638690807595,25.3866,0.00331415,-0.0394833,0.0423889,0,0,-5,0.00331415,-0.0394833,5.04239,5.04254,0.0230779,-0.0722962,0.0153436,0,0,0
1780638690823595,25.4026,0.00334075,-0.0397482,0.0424194,0,0,-5,0.00334075,-0.0397482,5.04242,5.04258,0.0233634,-0.0725925,0.0146414,0,0,0
1780638690847595,25.4266,0.00343447,-0.040283,0.0424805,0,0,-5,0.00343447,-0.040283,5.04248,5.04264,0.0250882,-0.0749511,0.01414,0,0,0
1780638690863595,25.4426,0.00352675,-0.0407035,0.0425415,0,0,-5,0.00352675,-0.0407035,5.04254,5.04271,0.0254944,-0.073619,0.0142022,0,0,0
1780638690879595,25.4586,0.00362016,-0.0411581,0.0426025,0,0,-5,0.00362016,-0.0411581,5.0426,5.04277,0.0249382,-0.0736256,0.0142569,0,0,0
1780638690903595,25.4826,0.00379118,-0.0419177,0.0427246,0,0,-5,0.00379118,-0.0419177,5.04272,5.0429,0.024732,-0.0736374,0.0163293,0,0,0
1780638690927595,25.5066,0.00399079,-0.0427825,0.0429382,0,0,-5,0.00399079,-0.0427825,5.04294,5.04312,0.0259504,-0.0742356,0.0168811,0,0,0
1780638690943595,25.5226,0.00415893,-0.043398,0.0430908,0,0,-5,0.00415893,-0.043398,5.04309,5.04328,0.02638,-0.0729838,0.0169913,0,0,0
1780638690967595,25.5466,0.00444754,-0.0443503,0.0434265,0,0,-5,0.00444754,-0.0443503,5.04343,5.04362,0.0274492,-0.0722552,0.0180809,0,0,0
1780638690983595,25.5626,0.00433093,-0.0434862,0.0432739,0,0,-5,0.00433093,-0.0434862,5.04327,5.04346,0.0273758,-0.0710631,0.0178935,0,0,0
1780638691007595,25.5866,0.00417918,-0.0423479,0.0430908,0,0,-5,0.00417918,-0.0423479,5.04309,5.04327,0.0260592,-0.0696239,0.0162693,0,0,0
1780638691023595,25.6026,0.00410148,-0.0417064,0.0429993,0,0,-5,0.00410148,-0.0417064,5.043,5.04317,0.0265473,-0.0693015,0.0167831,0,0,0
1780638691047595,25.6266,0.00404939,-0.0408989,0.0429382,0,0,-5,0.00404939,-0.0408989,5.04294,5.04311,0.027418,-0.0681277,0.0187918,0,0,0
1780638691063595,25.6426,0.0040458,-0.0404437,0.0429382,0,0,-5,0.0040458,-0.0404437,5.04294,5.0431,0.0276811,-0.0663099,0.0196874,0,0,0
1780638691079595,25.6586,0.00405735,-0.0400399,0.0429688,0,0,-5,0.00405735,-0.0400399,5.04297,5.04313,0.0272536,-0.0648399,0.02066,0,0,0
1780638691103595,25.6826,0.00410479,-0.0395293,0.0430298,0,0,-5,0.00410479,-0.0395293,5.04303,5.04319,0.0268035,-0.0629853,0.0195345,0,0,0
1780638691127595,25.7066,0.00418518,-0.0391578,0.0431213,0,0,-5,0.00418518,-0.0391578,5.04312,5.04328,0.0272016,-0.0620286,0.019628,0,0,0
1780638691143595,25.7226,0.00426146,-0.0389689,0.0431824,0,0,-5,0.00426146,-0.0389689,5.04318,5.04333,0.0271398,-0.0609614,0.0197322,0,0,0
1780638691167595,25.7466,0.00439394,-0.0387755,0.0433044,0,0,-5,0.00439394,-0.0387755,5.0433,5.04346,0.026805,-0.0598628,0.0194533,0,0,0
1780638691183595,25.7626,0.0044934,-0.0387119,0.043396,0,0,-5,0.0044934,-0.0387119,5.0434,5.04355,0.0259368,-0.0599286,0.0192322,0,0,0
1780638691207595,25.7866,0.00465322,-0.0387292,0.0435791,0,0,-5,0.00465322,-0.0387292,5.04358,5.04373,0.0259974,-0.0597186,0.0201124,0,0,0
1780638691223595,25.8026,0.00478837,-0.0387967,0.0437012,0,0,-5,0.00478837,-0.0387967,5.0437,5.04385,0.0270795,-0.0592313,0.0213009,0,0,0
1780638691247595,25.8266,0.00501694,-0.0389964,0.0439148,0,0,-5,0.00501694,-0.0389964,5.04391,5.04407,0.0266788,-0.060377,0.0199621,0,0,0
1780638691263595,25.8426,0.00518926,-0.039205,0.0440674,0,0,-5,0.00518926,-0.039205,5.04407,5.04422,0.0276052,-0.0606245,0.0193121,0,0,0
1780638691287595,25.8666,0.00551717,-0.0396027,0.044281,0,0,-5,0.00551717,-0.0396027,5.04428,5.04444,0.0293419,-0.0611803,0.0196728,0,0,0
1780638691303595,25.8826,0.00576068,-0.0399188,0.0444641,0,0,-5,0.00576068,-0.0399188,5.04446,5.04463,0.0294428,-0.0605676,0.0214091,0,0,0
1780638691327595,25.9066,0.00615427,-0.0404862,0.0447693,0,0,-5,0.00615427,-0.0404862,5.04477,5.04494,0.0297537,-0.0623101,0.0206338,0,0,0
1780638691343595,25.9226,0.00642936,-0.0409217,0.0449829,0,0,-5,0.00642936,-0.0409217,5.04498,5.04515,0.0298308,-0.0617238,0.0201775,0,0,0
1780638691367595,25.9466,0.00684504,-0.0416317,0.0452881,0,0,-5,0.00684504,-0.0416317,5.04529,5.04546,0.0298746,-0.0620913,0.0193663,0,0,0
1780638691383595,25.9626,0.0065224,-0.0407972,0.0449524,0,0,-5,0.0065224,-0.0407972,5.04495,5.04512,0.0299167,-0.061833,0.0192979,0,0,0
1780638691407595,25.9866,0.00608676,-0.0397275,0.0445862,0,0,-5,0.00608676,-0.0397275,5.04459,5.04475,0.0281031,-0.0605239,0.0202117,0,0,0
1780638691423595,26.0026,0.00582514,-0.0391046,0.0443726,0,0,-5,0.00582514,-0.0391046,5.04437,5.04453,0.0280586,-0.0600593,0.0208416,0,0,0
1780638691447595,26.0266,0.00547152,-0.0383099,0.0441589,0,0,-5,0.00547152,-0.0383099,5.04416,5.04431,0.0266322,-0.0594431,0.0217065,0,0,0
1780638691463595,26.0426,0.00527065,-0.0378724,0.0440369,0,0,-5,0.00527065,-0.0378724,5.04404,5.04418,0.0270508,-0.0578963,0.0209161,0,0,0
1780638691487595,26.0666,0.00501618,-0.0373077,0.0438843,0,0,-5,0.00501618,-0.0373077,5.04388,5.04402,0.026746,-0.0568704,0.0189556,0,0,0
1780638691503656,26.0826,0.00489014,-0.0370274,0.0437927,0,0,-5,0.00489014,-0.0370274,5.04379,5.04393,0.0271479,-0.0577883,0.018737,0,0,0
1780638691527656,26.1066,0.00474323,-0.0367434,0.0437317,0,0,-5,0.00474323,-0.0367434,5.04373,5.04387,0.0273793,-0.0578203,0.0196698,0,0,0
1780638691543656,26.1226,0.00468084,-0.036623,0.0437317,0,0,-5,0.00468084,-0.036623,5.04373,5.04387,0.0276442,-0.0579212,0.018998,0,0,0
1780638691567656,26.1466,0.0046298,-0.0365587,0.0437622,0,0,-5,0.0046298,-0.0365587,5.04376,5.0439,0.0286065,-0.0583183,0.0199294,0,0,0
1780638691583656,26.1626,0.00462918,-0.0365989,0.0437927,0,0,-5,0.00462918,-0.0365989,5.04379,5.04393,0.0284755,-0.0597707,0.0195277,0,0,0
1780638691607656,26.1866,0.00464943,-0.0367893,0.0438232,0,0,-5,0.00464943,-0.0367893,5.04382,5.04396,0.0268485,-0.060698,0.0182271,0,0,0
1780638691623656,26.2026,0.00467316,-0.0369682,0.0438538,0,0,-5,0.00467316,-0.0369682,5.04385,5.04399,0.0270033,-0.0593733,0.0172343,0,0,0
1780638691647656,26.2266,0.00473223,-0.0373076,0.0438843,0,0,-5,0.00473223,-0.0373076,5.04388,5.04402,0.0266817,-0.0587199,0.0159891,0,0,0
1780638691663656,26.2426,0.00480667,-0.037577,0.0439453,0,0,-5,0.00480667,-0.037577,5.04395,5.04409,0.0283924,-0.0583183,0.0165298,0,0,0
1780638691687656,26.2666,0.00499386,-0.0380581,0.0440369,0,0,-5,0.00499386,-0.0380581,5.04404,5.04418,0.0295966,-0.0583075,0.0166768,0,0,0
1780638691703656,26.2826,0.00514221,-0.0384229,0.0441284,0,0,-5,0.00514221,-0.0384229,5.04413,5.04428,0.0299197,-0.0585537,0.0167102,0,0,0
1780638691727656,26.3066,0.00541174,-0.0390494,0.0443115,0,0,-5,0.00541174,-0.0390494,5.04431,5.04447,0.0310672,-0.0583815,0.0163135,0,0,0
1780638691743656,26.3226,0.00562194,-0.0395129,0.0444336,0,0,-5,0.00562194,-0.0395129,5.04443,5.04459,0.0314907,-0.0592857,0.0156442,0,0,0
1780638691767656,26.3466,0.00597525,-0.0402857,0.0446472,0,0,-5,0.00597525,-0.0402857,5.04465,5.04481,0.0320725,-0.060077,0.0155694,0,0,0
1780638691783656,26.3626,0.00587197,-0.0395177,0.0444336,0,0,-5,0.00587197,-0.0395177,5.04443,5.04459,0.0323189,-0.0600042,0.0167655,0,0,0
1780638691807656,26.3866,0.00579544,-0.0385238,0.0441895,0,0,-5,0.00579544,-0.0385238,5.04419,5.04434,0.0335446,-0.058889,0.0154094,0,0,0
1780638691823656,26.4026,0.00578786,-0.0379678,0.0440369,0,0,-5,0.00578786,-0.0379678,5.04404,5.04418,0.0338912,-0.0591657,0.0151409,0,0,0
1780638691847656,26.4266,0.00583855,-0.0372771,0.0438232,0,0,-5,0.00583855,-0.0372771,5.04382,5.04396,0.0341636,-0.0588291,0.0141317,0,0,0
1780638691863656,26.4426,0.00589163,-0.036896,0.0437317,0,0,-5,0.00589163,-0.036896,5.04373,5.04387,0.0336849,-0.0575195,0.015066,0,0,0
1780638691887656,26.4666,0.00597483,-0.0364503,0.0436401,0,0,-5,0.00597483,-0.0364503,5.04364,5.04378,0.0309488,-0.0569003,0.0157575,0,0,0
1780638691903656,26.4826,0.00603396,-0.0362198,0.0435791,0,0,-5,0.00603396,-0.0362198,5.04358,5.04371,0.0308008,-0.056591,0.0152759,0,0,0
1780638691927656,26.5066,0.0061631,-0.0359749,0.0435486,0,0,-5,0.0061631,-0.0359749,5.04355,5.04368,0.0322212,-0.0557316,0.0160078,0,0,0
1780638691943656,26.5226,0.00629838,-0.0358842,0.0435486,0,0,-5,0.00629838,-0.0358842,5.04355,5.04368,0.0336883,-0.0563922,0.0157122,0,0,0
1780638691967656,26.5466,0.00654711,-0.0358737,0.0435486,0,0,-5,0.00654711,-0.0358737,5.04355,5.04368,0.0334016,-0.0575248,0.0171696,0,0,0
1780638691983656,26.5626,0.00674456,-0.0359486,0.0435791,0,0,-5,0.00674456,-0.0359486,5.04358,5.04371,0.035109,-0.0585345,0.0166132,0,0,0
1780638692007656,26.5866,0.00708259,-0.0361659,0.0436096,0,0,-5,0.00708259,-0.0361659,5.04361,5.04374,0.0356037,-0.058744,0.0157101,0,0,0
1780638692023656,26.6026,0.00733322,-0.0363623,0.0436707,0,0,-5,0.00733322,-0.0363623,5.04367,5.04381,0.0359461,-0.0574925,0.0154719,0,0,0
1780638692047656,26.6266,0.0077419,-0.0367611,0.0437317,0,0,-5,0.0077419,-0.0367611,5.04373,5.04387,0.0359525,-0.0602464,0.014897,0,0,0
1780638692063656,26.6426,0.00801668,-0.0370932,0.0437927,0,0,-5,0.00801668,-0.0370932,5.04379,5.04394,0.0345928,-0.0599836,0.014846,0,0,0
1780638692087656,26.6666,0.00843884,-0.0376515,0.0439148,0,0,-5,0.00843884,-0.0376515,5.04391,5.04406,0.0355444,-0.0597833,0.0142578,0,0,0
1780638692103656,26.6826,0.0087443,-0.0380684,0.0439453,0,0,-5,0.0087443,-0.0380684,5.04395,5.0441,0.0346242,-0.060011,0.014827,0,0,0
1780638692127656,26.7066,0.00919948,-0.0387709,0.0440369,0,0,-5,0.00919948,-0.0387709,5.04404,5.04419,0.0341834,-0.0608391,0.0144978,0,0,0
1780638692143656,26.7226,0.0095206,-0.0392864,0.0440979,0,0,-5,0.0095206,-0.0392864,5.0441,5.04426,0.0351215,-0.06063,0.0137913,0,0,0
1780638692167656,26.7466,0.0100289,-0.0401153,0.0441895,0,0,-5,0.0100289,-0.0401153,5.04419,5.04436,0.0353147,-0.0607073,0.0144487,0,0,0
1780638692183656,26.7626,0.0100199,-0.0393946,0.0438538,0,0,-5,0.0100199,-0.0393946,5.04385,5.04402,0.0356379,-0.0589298,0.0137525,0,0,0
1780638692207656,26.7866,0.0100487,-0.0384379,0.043335,0,0,-5,0.0100487,-0.0384379,5.04333,5.04349,0.0358547,-0.0570324,0.0135415,0,0,0
1780638692223656,26.8026,0.0101164,-0.0378891,0.0430603,0,0,-5,0.0101164,-0.0378891,5.04306,5.04321,0.0365028,-0.0565026,0.0133572,0,0,0
1780638692247656,26.8266,0.0102752,-0.0371897,0.0426636,0,0,-5,0.0102752,-0.0371897,5.04266,5.04281,0.0372869,-0.0556043,0.0144186,0,0,0
1780638692263656,26.8426,0.0104208,-0.0368145,0.04245,0,0,-5,0.0104208,-0.0368145,5.04245,5.0426,0.0378019,-0.0556787,0.0147777,0,0,0
1780638692287656,26.8666,0.0106881,-0.036367,0.0421753,0,0,-5,0.0106881,-0.036367,5.04218,5.04232,0.0394567,-0.0542543,0.0139501,0,0,0
1780638692303656,26.8826,0.0109092,-0.0361358,0.0419922,0,0,-5,0.0109092,-0.0361358,5.04199,5.04213,0.0402626,-0.0538263,0.0138568,0,0,0
1780638692327656,26.9066,0.0112744,-0.0358689,0.0417786,0,0,-5,0.0112744,-0.0358689,5.04178,5.04192,0.0396291,-0.0523309,0.0152687,0,0,0
1780638692343656,26.9226,0.0115394,-0.0357469,0.0416565,0,0,-5,0.0115394,-0.0357469,5.04166,5.0418,0.0396546,-0.0517381,0.01466,0,0,0
1780638692367656,26.9466,0.0119615,-0.0356513,0.0415344,0,0,-5,0.0119615,-0.0356513,5.04153,5.04167,0.0403922,-0.0507154,0.0156984,0,0,0
1780638692383656,26.9626,0.0122728,-0.0356328,0.0414734,0,0,-5,0.0122728,-0.0356328,5.04147,5.04161,0.0400069,-0.0499043,0.0151385,0,0,0
1780638692407656,26.9866,0.0127547,-0.0356791,0.0414429,0,0,-5,0.0127547,-0.0356791,5.04144,5.04159,0.039404,-0.0491202,0.0148699,0,0,0
1780638692423656,27.0026,0.0130788,-0.0357582,0.0414429,0,0,-5,0.0130788,-0.0357582,5.04144,5.04159,0.0396306,-0.048848,0.0155093,0,0,0
1780638692447656,27.0266,0.0135733,-0.0359629,0.0415039,0,0,-5,0.0135733,-0.0359629,5.0415,5.04165,0.0398158,-0.0494841,0.0162524,0,0,0
1780638692463656,27.0426,0.0139376,-0.0361459,0.0415344,0,0,-5,0.0139376,-0.0361459,5.04153,5.04168,0.0403727,-0.0491055,0.0158655,0,0,0
1780638692487656,27.0666,0.014507,-0.0365044,0.041626,0,0,-5,0.014507,-0.0365044,5.04163,5.04178,0.0398188,-0.0495401,0.0154807,0,0,0
1780638692503715,27.0827,0.0148809,-0.0367903,0.0417175,0,0,-5,0.0148809,-0.0367903,5.04172,5.04187,0.038755,-0.0498714,0.0144744,0,0,0
1780638692527715,27.1067,0.0154534,-0.0372537,0.0419312,0,0,-5,0.0154534,-0.0372537,5.04193,5.04209,0.038313,-0.0477073,0.0139896,0,0,0
1780638692543715,27.1227,0.0158441,-0.0375887,0.0420532,0,0,-5,0.0158441,-0.0375887,5.04205,5.04222,0.0382745,-0.0476447,0.0133551,0,0,0
1780638692567715,27.1467,0.0164296,-0.0381296,0.0422668,0,0,-5,0.0164296,-0.0381296,5.04227,5.04244,0.0374054,-0.0471198,0.0138652,0,0,0
1780638692583715,27.1627,0.0160753,-0.0374968,0.0421448,0,0,-5,0.0160753,-0.0374968,5.04214,5.04231,0.0362752,-0.0457217,0.0139432,0,0,0
1780638692607715,27.1867,0.0156234,-0.0366436,0.0419922,0,0,-5,0.0156234,-0.0366436,5.04199,5.04215,0.0366513,-0.0435867,0.0128962,0,0,0
1780638692623715,27.2027,0.0153842,-0.0361492,0.0419006,0,0,-5,0.0153842,-0.0361492,5.0419,5.04205,0.0373322,-0.0430456,0.0121413,0,0,0
1780638692647715,27.2267,0.0150839,-0.0355259,0.0418091,0,0,-5,0.0150839,-0.0355259,5.04181,5.04196,0.0353437,-0.0429494,0.0123959,0,0,0
1780638692663715,27.2427,0.0149169,-0.0351776,0.0417786,0,0,-5,0.0149169,-0.0351776,5.04178,5.04192,0.035605,-0.0420362,0.0117862,0,0,0
1780638692687715,27.2667,0.0147399,-0.0347386,0.0417786,0,0,-5,0.0147399,-0.0347386,5.04178,5.04192,0.035982,-0.0407156,0.0114158,0,0,0
1780638692703715,27.2827,0.0146644,-0.0344913,0.041748,0,0,-5,0.0146644,-0.0344913,5.04175,5.04189,0.0358495,-0.0391012,0.0104557,0,0,0
1780638692727715,27.3067,0.0145929,-0.0341918,0.041748,0,0,-5,0.0145929,-0.0341918,5.04175,5.04189,0.0367055,-0.0385157,0.0112739,0,0,0
1780638692743715,27.3227,0.0145953,-0.0340389,0.041748,0,0,-5,0.0145953,-0.0340389,5.04175,5.04188,0.0370895,-0.0378567,0.0103491,0,0,0
1780638692767715,27.3467,0.0146599,-0.0338661,0.041748,0,0,-5,0.0146599,-0.0338661,5.04175,5.04188,0.0365805,-0.0359404,0.00974099,0,0,0
1780638692783715,27.3627,0.0147226,-0.0337752,0.0418091,0,0,-5,0.0147226,-0.0337752,5.04181,5.04194,0.0371387,-0.0358338,0.012322,0,0,0
1780638692807715,27.3867,0.0148893,-0.0337098,0.0419312,0,0,-5,0.0148893,-0.0337098,5.04193,5.04207,0.0380202,-0.0348888,0.0127245,0,0,0
1780638692823715,27.4027,0.0150379,-0.0337022,0.0420532,0,0,-5,0.0150379,-0.0337022,5.04205,5.04219,0.0381307,-0.0346446,0.0128631,0,0,0
1780638692847715,27.4267,0.0152974,-0.0337753,0.0421448,0,0,-5,0.0152974,-0.0337753,5.04214,5.04228,0.0380228,-0.0359093,0.01229,0,0,0
1780638692863715,27.4427,0.0155001,-0.0338692,0.0422058,0,0,-5,0.0155001,-0.0338692,5.04221,5.04234,0.0385634,-0.0349346,0.011922,0,0,0
1780638692887715,27.4667,0.0158492,-0.0340473,0.0423279,0,0,-5,0.0158492,-0.0340473,5.04233,5.04247,0.0385608,-0.0348488,0.0130344,0,0,0
1780638692903715,27.4827,0.0161116,-0.0342163,0.04245,0,0,-5,0.0161116,-0.0342163,5.04245,5.04259,0.0398034,-0.0351878,0.0133875,0,0,0
1780638692927715,27.5067,0.0165759,-0.0345161,0.042572,0,0,-5,0.0165759,-0.0345161,5.04257,5.04272,0.0400648,-0.0342452,0.0126143,0,0,0
1780638692943715,27.5227,0.016917,-0.0347382,0.0426331,0,0,-5,0.016917,-0.0347382,5.04263,5.04278,0.0411103,-0.0342323,0.0124309,0,0,0
1780638692967715,27.5467,0.0174836,-0.0351069,0.0427856,0,0,-5,0.0174836,-0.0351069,5.04279,5.04294,0.0424126,-0.0332234,0.0119907,0,0,0
1780638692983715,27.5627,0.0171736,-0.0344617,0.0424194,0,0,-5,0.0171736,-0.0344617,5.04242,5.04257,0.0417038,-0.0340828,0.0116869,0,0,0
1780638693007715,27.5867,0.0167756,-0.0336406,0.0419006,0,0,-5,0.0167756,-0.0336406,5.0419,5.04204,0.0411208,-0.0348791,0.0107145,0,0,0
1780638693023715,27.6027,0.0165754,-0.0331766,0.0415955,0,0,-5,0.0165754,-0.0331766,5.0416,5.04173,0.0427225,-0.0344398,0.0094403,0,0,0
1780638693047715,27.6267,0.0163632,-0.0325651,0.0411377,0,0,-5,0.0163632,-0.0325651,5.04114,5.04127,0.0411449,-0.0330036,0.00822292,0,0,0
1780638693063715,27.6427,0.0162595,-0.0322248,0.040863,0,0,-5,0.0162595,-0.0322248,5.04086,5.04099,0.0414777,-0.0340831,0.0085339,0,0,0
1780638693087715,27.6667,0.0161739,-0.0318268,0.0405273,0,0,-5,0.0161739,-0.0318268,5.04053,5.04065,0.0417172,-0.03376,0.010598,0,0,0
1780638693103715,27.6827,0.0161774,-0.031619,0.0403137,0,0,-5,0.0161774,-0.031619,5.04031,5.04044,0.0437815,-0.0342416,0.010722,0,0,0
1780638693127715,27.7067,0.016288,-0.0314076,0.0401001,0,0,-5,0.016288,-0.0314076,5.0401,5.04022,0.0445101,-0.0340902,0.0114921,0,0,0
1780638693143715,27.7227,0.0163999,-0.0313044,0.039978,0,0,-5,0.0163999,-0.0313044,5.03998,5.0401,0.0447882,-0.0336811,0.011304,0,0,0
1780638693167715,27.7467,0.0166241,-0.0311924,0.0398254,0,0,-5,0.0166241,-0.0311924,5.03983,5.03995,0.0451686,-0.0315052,0.0107943,0,0,0
1780638693183715,27.7627,0.0168244,-0.0311469,0.0397339,0,0,-5,0.0168244,-0.0311469,5.03973,5.03986,0.0460483,-0.0315912,0.0114414,0,0,0
1780638693207715,27.7867,0.0171768,-0.0311482,0.0397034,0,0,-5,0.0171768,-0.0311482,5.0397,5.03983,0.0459938,-0.0312135,0.0129727,0,0,0
1780638693223715,27.8027,0.0174444,-0.0311925,0.0396729,0,0,-5,0.0174444,-0.0311925,5.03967,5.0398,0.0466694,-0.0321418,0.0129888,0,0,0
1780638693247715,27.8267,0.017922,-0.0313324,0.0397034,0,0,-5,0.017922,-0.0313324,5.0397,5.03983,0.0482265,-0.0312955,0.0124602,0,0,0
1780638693263715,27.8427,0.0182825,-0.0314453,0.0397339,0,0,-5,0.0182825,-0.0314453,5.03973,5.03987,0.0483847,-0.0306686,0.0121476,0,0,0
1780638693287715,27.8667,0.018872,-0.031656,0.0397644,0,0,-5,0.018872,-0.031656,5.03976,5.0399,0.0489689,-0.030538,0.0123511,0,0,0
1780638693303715,27.8827,0.0192976,-0.0318211,0.0398254,0,0,-5,0.0192976,-0.0318211,5.03983,5.03996,0.0488813,-0.0300522,0.0128592,0,0,0
1780638693319715,27.8987,0.0197315,-0.032011,0.0398865,0,0,-5,0.0197315,-0.032011,5.03989,5.04003,0.0479722,-0.0306616,0.0123991,0,0,0
1780638693343715,27.9227,0.0204042,-0.0323578,0.0400391,0,0,-5,0.0204042,-0.0323578,5.04004,5.04018,0.0483459,-0.0311542,0.0126752,0,0,0
1780638693367715,27.9467,0.0211349,-0.0327501,0.0402222,0,0,-5,0.0211349,-0.0327501,5.04022,5.04037,0.049945,-0.0315013,0.0136631,0,0,0
1780638693383715,27.9627,0.0209484,-0.03218,0.0401001,0,0,-5,0.0209484,-0.03218,5.0401,5.04025,0.0507413,-0.0316025,0.0139515,0,0,0
1780638693399715,27.9787,0.0208276,-0.0316672,0.0400085,0,0,-5,0.0208276,-0.0316672,5.04001,5.04015,0.0514237,-0.0304504,0.0135335,0,0,0
1780638693423715,28.0027,0.0207335,-0.0309548,0.0398865,0,0,-5,0.0207335,-0.0309548,5.03989,5.04002,0.0514913,-0.0283488,0.0125258,0,0,0
1780638693447715,28.0267,0.0207265,-0.0303648,0.0397949,0,0,-5,0.0207265,-0.0303648,5.03979,5.03993,0.0512617,-0.0292346,0.0126717,0,0,0
1780638693463715,28.0427,0.0207844,-0.0300488,0.0397644,0,0,-5,0.0207844,-0.0300488,5.03976,5.0399,0.0521185,-0.0299088,0.014103,0,0,0
1780638693479715,28.0587,0.0208837,-0.0297756,0.0397644,0,0,-5,0.0208837,-0.0297756,5.03976,5.0399,0.0516748,-0.0287987,0.0140886,0,0,0
1780638693503776,28.0827,0.0210959,-0.0294127,0.0397034,0,0,-5,0.0210959,-0.0294127,5.0397,5.03983,0.0523807,-0.0277141,0.0136999,0,0,0
1780638693527776,28.1067,0.0214032,-0.0291212,0.0397034,0,0,-5,0.0214032,-0.0291212,5.0397,5.03983,0.0528755,-0.0268001,0.0144104,0,0,0
1780638693543776,28.1227,0.0216375,-0.028972,0.0397034,0,0,-5,0.0216375,-0.028972,5.0397,5.03983,0.0514142,-0.027508,0.0131323,0,0,0
1780638693567776,28.1467,0.0220276,-0.028826,0.0397034,0,0,-5,0.0220276,-0.028826,5.0397,5.03983,0.0517657,-0.0272509,0.0124381,0,0,0
1780638693583776,28.1627,0.0223235,-0.0287715,0.0397034,0,0,-5,0.0223235,-0.0287715,5.0397,5.03983,0.0516607,-0.0277705,0.0124691,0,0,0
1780638693607776,28.1867,0.0228045,-0.028751,0.0397339,0,0,-5,0.0228045,-0.028751,5.03973,5.03987,0.0512893,-0.0273845,0.0113015,0,0,0
1780638693623776,28.2027,0.0231538,-0.028767,0.0397644,0,0,-5,0.0231538,-0.028767,5.03976,5.0399,0.0513406,-0.026768,0.0123947,0,0,0
1780638693647776,28.2267,0.0237405,-0.0288448,0.039856,0,0,-5,0.0237405,-0.0288448,5.03986,5.03999,0.0518889,-0.0270174,0.0131501,0,0,0
1780638693663776,28.2427,0.0241641,-0.0289431,0.0399475,0,0,-5,0.0241641,-0.0289431,5.03995,5.04009,0.0524614,-0.0282416,0.014638,0,0,0
1780638693687776,28.2667,0.0248808,-0.0291839,0.0401306,0,0,-5,0.0248808,-0.0291839,5.04013,5.04028,0.0548202,-0.0310687,0.0151524,0,0,0
1780638693703776,28.2827,0.0254134,-0.0293938,0.0402222,0,0,-5,0.0254134,-0.0293938,5.04022,5.04037,0.0564493,-0.0306246,0.0156098,0,0,0
1780638693727776,28.3067,0.026265,-0.0297509,0.0404053,0,0,-5,0.026265,-0.0297509,5.04041,5.04056,0.0578832,-0.0303263,0.0144781,0,0,0
1780638693743776,28.3227,0.0268659,-0.030013,0.0405273,0,0,-5,0.0268659,-0.030013,5.04053,5.04069,0.057541,-0.0303393,0.0145251,0,0,0
1780638693767776,28.3467,0.0278026,-0.0304533,0.0407104,0,0,-5,0.0278026,-0.0304533,5.04071,5.04088,0.0585298,-0.0311656,0.0130397,0,0,0
1780638693783776,28.3627,0.0279291,-0.0303009,0.0406799,0,0,-5,0.0279291,-0.0303009,5.04068,5.04085,0.0578981,-0.0318338,0.0130123,0,0,0
1780638693799776,28.3787,0.0275832,-0.0297223,0.0405273,0,0,-5,0.0275832,-0.0297223,5.04053,5.04069,0.0580832,-0.0317911,0.0125086,0,0,0
1780638693823776,28.4027,0.0271611,-0.0289796,0.0403137,0,0,-5,0.0271611,-0.0289796,5.04031,5.04047,0.0566915,-0.0321638,0.0114456,0,0,0
1780638693847776,28.4267,0.0268748,-0.0283788,0.0401001,0,0,-5,0.0268748,-0.0283788,5.0401,5.04025,0.0575295,-0.0331505,0.0120777,0,0,0
1780638693863776,28.4427,0.0267482,-0.0280515,0.039978,0,0,-5,0.0267482,-0.0280515,5.03998,5.04013,0.0567824,-0.0335996,0.0116251,0,0,0
1780638693887776,28.4667,0.0266581,-0.0276824,0.0397949,0,0,-5,0.0266581,-0.0276824,5.03979,5.03994,0.0576455,-0.0345708,0.0103592,0,0,0
1780638693903776,28.4827,0.0266667,-0.0274944,0.0396729,0,0,-5,0.0266667,-0.0274944,5.03967,5.03982,0.057917,-0.0341094,0.00879176,0,0,0
1780638693927776,28.5067,0.0267701,-0.0272833,0.0394897,0,0,-5,0.0267701,-0.0272833,5.03949,5.03963,0.0587649,-0.0337685,0.00843294,0,0,0
1780638693943776,28.5227,0.0268956,-0.0271858,0.0393677,0,0,-5,0.0268956,-0.0271858,5.03937,5.03951,0.0585984,-0.0336386,0.00838214,0,0,0
1780638693959776,28.5387,0.0270441,-0.0271213,0.0392761,0,0,-5,0.0270441,-0.0271213,5.03928,5.03942,0.0571034,-0.0335303,0.00775363,0,0,0
1780638693983776,28.5627,0.0273169,-0.0270946,0.0391541,0,0,-5,0.0273169,-0.0270946,5.03915,5.0393,0.056995,-0.0336669,0.00834215,0,0,0
1780638694007776,28.5867,0.027668,-0.0271445,0.0390625,0,0,-5,0.027668,-0.0271445,5.03906,5.03921,0.0577601,-0.032643,0.00822615,0,0,0
1780638694023776,28.6027,0.0279541,-0.0271927,0.039032,0,0,-5,0.0279541,-0.0271927,5.03903,5.03918,0.0589733,-0.0310984,0.00794672,0,0,0
1780638694047776,28.6267,0.0284722,-0.0272962,0.0389709,0,0,-5,0.0284722,-0.0272962,5.03897,5.03913,0.059984,-0.0307278,0.00821767,0,0,0
1780638694063776,28.6427,0.0288596,-0.0273973,0.0389709,0,0,-5,0.0288596,-0.0273973,5.03897,5.03913,0.0594456,-0.0305807,0.00796357,0,0,0
1780638694079776,28.6587,0.0292695,-0.0275209,0.0389404,0,0,-5,0.0292695,-0.0275209,5.03894,5.0391,0.0597881,-0.0312123,0.00898106,0,0,0
1780638694103776,28.6827,0.0299741,-0.0277986,0.0389404,0,0,-5,0.0299741,-0.0277986,5.03894,5.03911,0.0622177,-0.0330196,0.00722348,0,0,0
1780638694127776,28.7067,0.030777,-0.0281261,0.0389404,0,0,-5,0.030777,-0.0281261,5.03894,5.03911,0.0626329,-0.0319895,0.00809067,0,0,0
1780638694143776,28.7227,0.0313422,-0.0283694,0.0389404,0,0,-5,0.0313422,-0.0283694,5.03894,5.03912,0.0633219,-0.0314745,0.00756376,0,0,0
1780638694167776,28.7467,0.0322606,-0.0287618,0.0389709,0,0,-5,0.0322606,-0.0287618,5.03897,5.03916,0.0639054,-0.0311073,0.00848523,0,0,0
1780638694183776,28.7627,0.0319104,-0.0282341,0.0387573,0,0,-5,0.0319104,-0.0282341,5.03876,5.03894,0.0631623,-0.0303924,0.00831553,0,0,0
1780638694207776,28.7867,0.0315313,-0.0275256,0.0384521,0,0,-5,0.0315313,-0.0275256,5.03845,5.03863,0.0641966,-0.0292874,0.00764032,0,0,0
1780638694223776,28.8027,0.0313524,-0.027117,0.038269,0,0,-5,0.0313524,-0.027117,5.03827,5.03844,0.0633949,-0.0298499,0.00728593,0,0,0
1780638694247776,28.8267,0.0311991,-0.0265902,0.0380249,0,0,-5,0.0311991,-0.0265902,5.03802,5.03819,0.0634581,-0.0284488,0.00817654,0,0,0
1780638694263776,28.8427,0.0311692,-0.0262846,0.0379028,0,0,-5,0.0311692,-0.0262846,5.0379,5.03807,0.0636991,-0.0278795,0.00890339,0,0,0
1780638694287776,28.8667,0.0311879,-0.0259133,0.0377502,0,0,-5,0.0311879,-0.0259133,5.03775,5.03791,0.0626517,-0.0290846,0.0101062,0,0,0
1780638694303776,28.8827,0.03125,-0.0257403,0.0377197,0,0,-5,0.03125,-0.0257403,5.03772,5.03788,0.0613466,-0.0301183,0.0106849,0,0,0
1780638694327776,28.9067,0.031424,-0.0255516,0.0376587,0,0,-5,0.031424,-0.0255516,5.03766,5.03782,0.0616835,-0.0299803,0.0114589,0,0,0
1780638694343776,28.9227,0.0315943,-0.025471,0.0375977,0,0,-5,0.0315943,-0.025471,5.0376,5.03776,0.0617509,-0.0294848,0.0106488,0,0,0
1780638694367776,28.9467,0.0319263,-0.0253675,0.0375366,0,0,-5,0.0319263,-0.0253675,5.03754,5.0377,0.0622555,-0.0271756,0.00978381,0,0,0
1780638694383776,28.9627,0.0322016,-0.0253338,0.0375061,0,0,-5,0.0322016,-0.0253338,5.03751,5.03767,0.062288,-0.0274523,0.00906092,0,0,0
1780638694399776,28.9787,0.0325202,-0.0253271,0.0375061,0,0,-5,0.0325202,-0.0253271,5.03751,5.03767,0.0628571,-0.0273483,0.00880403,0,0,0
1780638694423776,29.0027,0.0330752,-0.0253719,0.0375061,0,0,-5,0.0330752,-0.0253719,5.03751,5.03768,0.0628119,-0.0282095,0.0081907,0,0,0
1780638694447776,29.0267,0.0337252,-0.0255326,0.0375366,0,0,-5,0.0337252,-0.0255326,5.03754,5.03771,0.0636295,-0.0301818,0.00676677,0,0,0
1780638694463776,29.0427,0.0341975,-0.0256912,0.0375366,0,0,-5,0.0341975,-0.0256912,5.03754,5.03772,0.0634779,-0.0313421,0.00668612,0,0,0
1780638694487776,29.0667,0.0349791,-0.0260019,0.0375366,0,0,-5,0.0349791,-0.0260019,5.03754,5.03773,0.065681,-0.0316655,0.00804807,0,0,0
1780638694503839,29.0828,0.035551,-0.0262347,0.0375671,0,0,-5,0.035551,-0.0262347,5.03757,5.03776,0.065689,-0.0318268,0.00864472,0,0,0
1780638694527839,29.1068,0.0364438,-0.0266382,0.0376282,0,0,-5,0.0364438,-0.0266382,5.03763,5.03783,0.0653717,-0.0322467,0.00828269,0,0,0
1780638694543839,29.1228,0.0370845,-0.0269344,0.0376892,0,0,-5,0.0370845,-0.0269344,5.03769,5.0379,0.0656505,-0.0328452,0.00928059,0,0,0
1780638694567839,29.1468,0.0381066,-0.0274284,0.0378113,0,0,-5,0.0381066,-0.0274284,5.03781,5.03803,0.0675406,-0.0335044,0.00914204,0,0,0
1780638694583839,29.1628,0.037614,-0.026858,0.0375671,0,0,-5,0.037614,-0.026858,5.03757,5.03778,0.0667024,-0.0340381,0.00922297,0,0,0
1780638694607839,29.1868,0.0370313,-0.0261116,0.0372925,0,0,-5,0.0370313,-0.0261116,5.03729,5.0375,0.0676978,-0.032984,0.00918644,0,0,0
1780638694623839,29.2028,0.0367464,-0.0256872,0.0371094,0,0,-5,0.0367464,-0.0256872,5.03711,5.03731,0.0685959,-0.033592,0.00963606,0,0,0
1780638694647839,29.2268,0.0364568,-0.0251656,0.0368958,0,0,-5,0.0364568,-0.0251656,5.0369,5.03709,0.0681582,-0.0345199,0.00947101,0,0,0
1780638694663839,29.2428,0.036341,-0.0248915,0.0367737,0,0,-5,0.036341,-0.0248915,5.03677,5.03697,0.0677113,-0.0336267,0.00999118,0,0,0
1780638694687839,29.2668,0.0362721,-0.0245423,0.0366821,0,0,-5,0.0362721,-0.0245423,5.03668,5.03687,0.0679878,-0.0331295,0.0111499,0,0,0
1780638694703839,29.2828,0.0362992,-0.0243615,0.0366516,0,0,-5,0.0362992,-0.0243615,5.03665,5.03684,0.0678481,-0.0329915,0.0111144,0,0,0
1780638694727839,29.3068,0.0364244,-0.0241404,0.0366516,0,0,-5,0.0364244,-0.0241404,5.03665,5.03684,0.0682915,-0.0315412,0.0133271,0,0,0
1780638694743839,29.3228,0.0365941,-0.0240249,0.0366821,0,0,-5,0.0365941,-0.0240249,5.03668,5.03687,0.0691325,-0.0308035,0.013028,0,0,0
1780638694767839,29.3468,0.0369156,-0.0239126,0.0368042,0,0,-5,0.0369156,-0.0239126,5.0368,5.037,0.0670699,-0.0313267,0.012051,0,0,0
1780638694783839,29.3628,0.0371622,-0.0238959,0.0368652,0,0,-5,0.0371622,-0.0238959,5.03687,5.03706,0.0674377,-0.0316792,0.0111741,0,0,0
1780638694799839,29.3788,0.0374511,-0.0239108,0.0369263,0,0,-5,0.0374511,-0.0239108,5.03693,5.03712,0.0664147,-0.0316144,0.0116017,0,0,0
1780638694823839,29.4028,0.0379437,-0.0239778,0.0370483,0,0,-5,0.0379437,-0.0239778,5.03705,5.03725,0.0666106,-0.030172,0.010697,0,0,0
1780638694847839,29.4268,0.0385427,-0.0240995,0.0371704,0,0,-5,0.0385427,-0.0240995,5.03717,5.03738,0.067664,-0.0311448,0.0110872,0,0,0
1780638694863839,29.4428,0.0389912,-0.0242157,0.0372925,0,0,-5,0.0389912,-0.0242157,5.03729,5.0375,0.0670537,-0.0307283,0.0108453,0,0,0
1780638694887839,29.4668,0.0397368,-0.0244486,0.0374451,0,0,-5,0.0397368,-0.0244486,5.03745,5.03766,0.0688312,-0.0324485,0.00964537,0,0,0
1780638694903839,29.4828,0.0402895,-0.0246492,0.0375061,0,0,-5,0.0402895,-0.0246492,5.03751,5.03773,0.0683674,-0.0321785,0.00896771,0,0,0
1780638694927839,29.5068,0.0411506,-0.0249886,0.0375671,0,0,-5,0.0411506,-0.0249886,5.03757,5.0378,0.0680237,-0.0319659,0.00770468,0,0,0
1780638694943839,29.5228,0.0417523,-0.0252482,0.0375977,0,0,-5,0.0417523,-0.0252482,5.0376,5.03783,0.0676473,-0.0326838,0.00713535,0,0,0
1780638694959839,29.5388,0.0423757,-0.0255439,0.0376282,0,0,-5,0.0423757,-0.0255439,5.03763,5.03787,0.0675664,-0.0330534,0.00574002,0,0,0
1780638694983839,29.5628,0.042177,-0.0252484,0.0375671,0,0,-5,0.042177,-0.0252484,5.03757,5.03781,0.0682515,-0.0320689,0.00566725,0,0,0
1780638695007839,29.5868,0.0415275,-0.0246504,0.0375366,0,0,-5,0.0415275,-0.0246504,5.03754,5.03777,0.0670834,-0.0309603,0.00623332,0,0,0
1780638695023839,29.6028,0.0411945,-0.0243071,0.0375061,0,0,-5,0.0411945,-0.0243071,5.03751,5.03773,0.0678151,-0.0302888,0.00668542,0,0,0
1780638695039839,29.6188,0.0409413,-0.0240097,0.0375061,0,0,-5,0.0409413,-0.0240097,5.03751,5.03773,0.0681635,-0.030893,0.00500859,0,0,0
1780638695063839,29.6428,0.0406979,-0.0236569,0.0374451,0,0,-5,0.0406979,-0.0236569,5.03745,5.03767,0.0693472,-0.0304536,0.0049728,0,0,0
1780638695079839,29.6588,0.0406392,-0.0234584,0.037384,0,0,-5,0.0406392,-0.0234584,5.03738,5.0376,0.0701619,-0.0293417,0.0047253,0,0,0
1780638695103839,29.6828,0.040657,-0.0232165,0.037384,0,0,-5,0.040657,-0.0232165,5.03738,5.0376,0.0692286,-0.0287775,0.00581131,0,0,0
1780638695119839,29.6988,0.0407461,-0.0230976,0.0373535,0,0,-5,0.0407461,-0.0230976,5.03735,5.03757,0.0706609,-0.0288833,0.00543081,0,0,0
1780638695143839,29.7228,0.0409909,-0.0229802,0.0373535,0,0,-5,0.0409909,-0.0229802,5.03735,5.03757,0.0708807,-0.02819,0.00626038,0,0,0
1780638695159839,29.7388,0.0412134,-0.022938,0.0373535,0,0,-5,0.0412134,-0.022938,5.03735,5.03757,0.0700156,-0.0279261,0.00579799,0,0,0
1780638695183839,29.7628,0.0416332,-0.0229175,0.0373535,0,0,-5,0.0416332,-0.0229175,5.03735,5.03758,0.0708724,-0.0281958,0.00674712,0,0,0
1780638695207839,29.7868,0.0421616,-0.0229699,0.0374451,0,0,-5,0.0421616,-0.0229699,5.03745,5.03767,0.0715,-0.0268632,0.00702845,0,0,0
1780638695223839,29.8028,0.0425726,-0.023015,0.0374756,0,0,-5,0.0425726,-0.023015,5.03748,5.03771,0.0722368,-0.025978,0.00696431,0,0,0
1780638695247839,29.8268,0.0432956,-0.0231041,0.0375671,0,0,-5,0.0432956,-0.0231041,5.03757,5.03781,0.0743126,-0.0257446,0.00594194,0,0,0
1780638695263839,29.8428,0.0438511,-0.0231998,0.0375977,0,0,-5,0.0438511,-0.0231998,5.0376,5.03784,0.0749286,-0.0249381,0.00558833,0,0,0
1780638695287839,29.8668,0.0447292,-0.0233461,0.0376282,0,0,-5,0.0447292,-0.0233461,5.03763,5.03788,0.0746827,-0.0240951,0.00600158,0,0,0
1780638695303839,29.8828,0.0453721,-0.0234803,0.0376587,0,0,-5,0.0453721,-0.0234803,5.03766,5.03792,0.0757457,-0.0248074,0.00741927,0,0,0
1780638695327839,29.9068,0.0464027,-0.0237239,0.0377502,0,0,-5,0.0464027,-0.0237239,5.03775,5.03802,0.0760778,-0.0249751,0.00611369,0,0,0
1780638695343839,29.9228,0.0471389,-0.0239243,0.0377502,0,0,-5,0.0471389,-0.0239243,5.03775,5.03803,0.076936,-0.0270071,0.00624704,0,0,0
1780638695367839,29.9468,0.0483231,-0.024309,0.0378418,0,0,-5,0.0483231,-0.024309,5.03784,5.03813,0.0781153,-0.0284319,0.00680292,0,0,0
1780638695383839,29.9628,0.0477031,-0.0240926,0.0375671,0,0,-5,0.0477031,-0.0240926,5.03757,5.03785,0.0779233,-0.0294554,0.0079087,0,0,0
1780638695407839,29.9868,0.0469591,-0.023847,0.0372925,0,0,-5,0.0469591,-0.023847,5.03729,5.03757,0.0779763,-0.0291679,0.00962421,0,0,0
1780638695423839,30.0028,0.0465706,-0.0237354,0.0371094,0,0,-5,0.0465706,-0.0237354,5.03711,5.03738,0.0781335,-0.0292727,0.00884365,0,0,0
1780638695447839,30.0268,0.0461474,-0.0236106,0.0368652,0,0,-5,0.0461474,-0.0236106,5.03687,5.03713,0.0789784,-0.0274686,0.0105471,0,0,0
1780638695463839,30.0428,0.0459637,-0.0235562,0.0367432,0,0,-5,0.0459637,-0.0235562,5.03674,5.03701,0.0779011,-0.0277829,0.0120163,0,0,0
1780638695479839,30.0588,0.0458504,-0.0235328,0.0366821,0,0,-5,0.0458504,-0.0235328,5.03668,5.03695,0.0779521,-0.0271397,0.0124373,0,0,0
1780638695503839,30.0828,0.0458026,-0.0235174,0.0365906,0,0,-5,0.0458026,-0.0235174,5.03659,5.03685,0.07818,-0.0252179,0.0135515,0,0,0
1780638695527901,30.1069,0.0458925,-0.0235312,0.0365601,0,0,-5,0.0458925,-0.0235312,5.03656,5.03682,0.0778396,-0.0242581,0.0152356,0,0,0
1780638695543901,30.1229,0.046036,-0.0235692,0.0365601,0,0,-5,0.046036,-0.0235692,5.03656,5.03683,0.0783024,-0.0249603,0.0141523,0,0,0
1780638695567901,30.1469,0.0463476,-0.023676,0.0365601,0,0,-5,0.0463476,-0.023676,5.03656,5.03683,0.0777728,-0.0250229,0.0143426,0,0,0
1780638695583901,30.1629,0.0466151,-0.023777,0.0365906,0,0,-5,0.0466151,-0.023777,5.03659,5.03686,0.0788013,-0.0244898,0.0151012,0,0,0
1780638695607901,30.1869,0.0471438,-0.023955,0.0367126,0,0,-5,0.0471438,-0.023955,5.03671,5.03699,0.0794578,-0.0243774,0.0173528,0,0,0
1780638695623901,30.2029,0.0475497,-0.0241072,0.0368042,0,0,-5,0.0475497,-0.0241072,5.0368,5.03709,0.0790693,-0.0254858,0.0165339,0,0,0
1780638695647901,30.2269,0.0482374,-0.0243799,0.0369568,0,0,-5,0.0482374,-0.0243799,5.03696,5.03725,0.0793106,-0.0254615,0.0146536,0,0,0
1780638695663901,30.2429,0.0487548,-0.0245801,0.0370483,0,0,-5,0.0487548,-0.0245801,5.03705,5.03734,0.0790413,-0.0245471,0.0163107,0,0,0
1780638695679901,30.2589,0.0493147,-0.0247828,0.0372009,0,0,-5,0.0493147,-0.0247828,5.0372,5.0375,0.0793663,-0.024019,0.0185633,0,0,0
1780638695703901,30.2829,0.0502284,-0.0251085,0.0375061,0,0,-5,0.0502284,-0.0251085,5.03751,5.03782,0.0794516,-0.023165,0.0187092,0,0,0
1780638695719901,30.2989,0.0508805,-0.0253333,0.0377197,0,0,-5,0.0508805,-0.0253333,5.03772,5.03804,0.0795422,-0.0232118,0.0191192,0,0,0
1780638695743901,30.3229,0.0519518,-0.0257018,0.0380859,0,0,-5,0.0519518,-0.0257018,5.03809,5.03842,0.081177,-0.0233013,0.0190145,0,0,0
1780638695767901,30.3469,0.053111,-0.026105,0.0384521,0,0,-5,0.053111,-0.026105,5.03845,5.0388,0.0812834,-0.0237904,0.0192057,0,0,0
1780638695783901,30.3629,0.0522593,-0.0255152,0.0386658,0,0,-5,0.0522593,-0.0255152,5.03867,5.039,0.0811699,-0.0248685,0.0202876,0,0,0
1780638695807901,30.3869,0.051174,-0.0247536,0.0389709,0,0,-5,0.051174,-0.0247536,5.03897,5.03929,0.080587,-0.0258807,0.0220346,0,0,0
1780638695823901,30.4029,0.0505764,-0.0243297,0.0392151,0,0,-5,0.0505764,-0.0243297,5.03922,5.03953,0.0799826,-0.0266605,0.0216289,0,0,0
1780638695847901,30.4269,0.0498318,-0.0237987,0.0395508,0,0,-5,0.0498318,-0.0237987,5.03955,5.03985,0.0796796,-0.0278216,0.0209029,0,0,0
1780638695863901,30.4429,0.049447,-0.0235063,0.0397949,0,0,-5,0.049447,-0.0235063,5.03979,5.04009,0.0791692,-0.0278259,0.0208323,0,0,0
1780638695887901,30.4669,0.0489987,-0.0231585,0.0401611,0,0,-5,0.0489987,-0.0231585,5.04016,5.04045,0.077876,-0.0277358,0.0209334,0,0,0
1780638695903901,30.4829,0.0487819,-0.0229763,0.0404053,0,0,-5,0.0487819,-0.0229763,5.04041,5.04069,0.0768992,-0.0280723,0.0209638,0,0,0
1780638695927901,30.5069,0.0485857,-0.0227918,0.0407715,0,0,-5,0.0485857,-0.0227918,5.04077,5.04106,0.0760334,-0.0296669,0.0220786,0,0,0
1780638695943901,30.5229,0.0485314,-0.0227266,0.0410156,0,0,-5,0.0485314,-0.0227266,5.04102,5.0413,0.0764683,-0.0299145,0.0215004,0,0,0
1780638695967901,30.5469,0.0485726,-0.0226819,0.0414124,0,0,-5,0.0485726,-0.0226819,5.04141,5.0417,0.0757989,-0.0294279,0.0210618,0,0,0
1780638695983901,30.5629,0.0486788,-0.0226905,0.041687,0,0,-5,0.0486788,-0.0226905,5.04169,5.04197,0.0768085,-0.0302414,0.0213287,0,0,0
1780638696007901,30.5869,0.0489332,-0.0227642,0.0421143,0,0,-5,0.0489332,-0.0227642,5.04211,5.0424,0.0753108,-0.0300392,0.0206761,0,0,0
1780638696023901,30.6029,0.0491724,-0.0228493,0.0424194,0,0,-5,0.0491724,-0.0228493,5.04242,5.04271,0.0760144,-0.0298748,0.0214407,0,0,0
1780638696047901,30.6269,0.0496216,-0.0230262,0.0428772,0,0,-5,0.0496216,-0.0230262,5.04288,5.04317,0.0748331,-0.0302041,0.0202521,0,0,0
1780638696063901,30.6429,0.049966,-0.0231705,0.0431824,0,0,-5,0.049966,-0.0231705,5.04318,5.04348,0.0741433,-0.0301377,0.0215338,0,0,0
1780638696087901,30.6669,0.0505659,-0.0234379,0.0436707,0,0,-5,0.0505659,-0.0234379,5.04367,5.04398,0.0742535,-0.0298468,0.0230387,0,0,0
1780638696103901,30.6829,0.0510228,-0.0236324,0.0440369,0,0,-5,0.0510228,-0.0236324,5.04404,5.04435,0.0745318,-0.029602,0.0242021,0,0,0
1780638696127901,30.7069,0.051782,-0.023947,0.0446167,0,0,-5,0.051782,-0.023947,5.04462,5.04494,0.0744508,-0.0281495,0.0247729,0,0,0
1780638696143901,30.7229,0.0523345,-0.024163,0.0450134,0,0,-5,0.0523345,-0.024163,5.04501,5.04534,0.0739668,-0.0277073,0.0249622,0,0,0
1780638696167901,30.7469,0.053221,-0.0245178,0.0455933,0,0,-5,0.053221,-0.0245178,5.04559,5.04593,0.0734822,-0.0278859,0.0242341,0,0,0
1780638696183901,30.7629,0.0525931,-0.0238597,0.0456848,0,0,-5,0.0525931,-0.0238597,5.04568,5.04602,0.0734815,-0.0279705,0.0244633,0,0,0
1780638696207901,30.7869,0.0518321,-0.0229735,0.0458374,0,0,-5,0.0518321,-0.0229735,5.04584,5.04616,0.0734519,-0.0262947,0.0235565,0,0,0
1780638696223901,30.8029,0.051431,-0.0224419,0.045929,0,0,-5,0.051431,-0.0224419,5.04593,5.04624,0.0728735,-0.0267309,0.0236207,0,0,0
1780638696247901,30.8269,0.0509939,-0.0217528,0.0461121,0,0,-5,0.0509939,-0.0217528,5.04611,5.04642,0.0731584,-0.0266561,0.0223827,0,0,0
1780638696263901,30.8429,0.0507928,-0.02134,0.0462341,0,0,-5,0.0507928,-0.02134,5.04623,5.04653,0.0736997,-0.025448,0.0217704,0,0,0
1780638696287901,30.8669,0.0506252,-0.0207645,0.0464172,0,0,-5,0.0506252,-0.0207645,5.04642,5.04671,0.072715,-0.0235499,0.0225822,0,0,0
1780638696303901,30.8829,0.0505914,-0.0204207,0.0466003,0,0,-5,0.0505914,-0.0204207,5.0466,5.0469,0.0729414,-0.02328,0.0234248,0,0,0
1780638696319901,30.8989,0.0506142,-0.0201091,0.0467834,0,0,-5,0.0506142,-0.0201091,5.04678,5.04708,0.0718236,-0.0226022,0.0234611,0,0,0
1780638696343901,30.9229,0.0507384,-0.0197001,0.0470581,0,0,-5,0.0507384,-0.0197001,5.04706,5.04735,0.0706568,-0.0225608,0.0224934,0,0,0
1780638696367901,30.9469,0.0509854,-0.0193594,0.0473022,0,0,-5,0.0509854,-0.0193594,5.0473,5.0476,0.0711294,-0.0220796,0.0227643,0,0,0
1780638696383901,30.9629,0.0512153,-0.0191895,0.0474854,0,0,-5,0.0512153,-0.0191895,5.04749,5.04778,0.0711216,-0.023565,0.0236865,0,0,0
1780638696407901,30.9869,0.0516665,-0.019009,0.047821,0,0,-5,0.0516665,-0.019009,5.04782,5.04812,0.0707666,-0.0234132,0.0236197,0,0,0
1780638696423901,31.0029,0.052027,-0.0189343,0.0480652,0,0,-5,0.052027,-0.0189343,5.04807,5.04837,0.0723232,-0.024462,0.0238184,0,0,0
1780638696447901,31.0269,0.052691,-0.018895,0.0484619,0,0,-5,0.052691,-0.018895,5.04846,5.04877,0.0726241,-0.0249764,0.0246022,0,0,0
1780638696463901,31.0429,0.0531934,-0.0189042,0.0487366,0,0,-5,0.0531934,-0.0189042,5.04874,5.04905,0.0732337,-0.0246982,0.0245448,0,0,0
1780638696487901,31.0669,0.05404,-0.0189667,0.0491638,0,0,-5,0.05404,-0.0189667,5.04916,5.04949,0.0748615,-0.0256901,0.0246205,0,0,0
1780638696503901,31.0829,0.0546759,-0.0190458,0.0494385,0,0,-5,0.0546759,-0.0190458,5.04944,5.04977,0.0756693,-0.0253093,0.022933,0,0,0
1780638696527970,31.1069,0.0557137,-0.0191767,0.0498352,0,0,-5,0.0557137,-0.0191767,5.04984,5.05018,0.0759427,-0.0234577,0.0224399,0,0,0
1780638696543970,31.1229,0.0564471,-0.019272,0.0500793,0,0,-5,0.0564471,-0.019272,5.05008,5.05043,0.076156,-0.0229989,0.0204827,0,0,0
1780638696567970,31.1469,0.0576179,-0.0194287,0.050415,0,0,-5,0.0576179,-0.0194287,5.05042,5.05078,0.0773274,-0.0220617,0.0200552,0,0,0
1780638696583970,31.1629,0.0568013,-0.0196672,0.0501099,0,0,-5,0.0568013,-0.0196672,5.05011,5.05047,0.076107,-0.021908,0.0190186,0,0,0
1780638696607970,31.1869,0.0557497,-0.0200419,0.0496826,0,0,-5,0.0557497,-0.0200419,5.04968,5.05003,0.0755793,-0.0219466,0.0204231,0,0,0
1780638696623970,31.2029,0.055175,-0.0203097,0.0494385,0,0,-5,0.055175,-0.0203097,5.04944,5.04978,0.0754114,-0.0218789,0.0205824,0,0,0
1780638696647970,31.2269,0.0544888,-0.0207357,0.0491943,0,0,-5,0.0544888,-0.0207357,5.04919,5.04953,0.0764045,-0.0220101,0.0220326,0,0,0
1780638696663970,31.2429,0.0541558,-0.0210314,0.0491028,0,0,-5,0.0541558,-0.0210314,5.0491,5.04944,0.0768763,-0.022549,0.0224567,0,0,0
1780638696687970,31.2669,0.0538029,-0.0215283,0.0489807,0,0,-5,0.0538029,-0.0215283,5.04898,5.04931,0.075726,-0.023455,0.0211478,0,0,0
1780638696703970,31.2829,0.0536339,-0.0218666,0.0488892,0,0,-5,0.0536339,-0.0218666,5.04889,5.04922,0.0744849,-0.0231862,0.0207114,0,0,0
1780638696727970,31.3069,0.0535071,-0.0224123,0.0487976,0,0,-5,0.0535071,-0.0224123,5.0488,5.04913,0.0749418,-0.0243913,0.020695,0,0,0
1780638696743970,31.3229,0.053525,-0.0228033,0.0487366,0,0,-5,0.053525,-0.0228033,5.04874,5.04907,0.0766676,-0.0255556,0.019719,0,0,0
1780638696767970,31.3469,0.0536962,-0.0234186,0.0487061,0,0,-5,0.0536962,-0.0234186,5.04871,5.04905,0.0771027,-0.0260943,0.0192562,0,0,0
1780638696783970,31.3629,0.0538796,-0.0238515,0.0487061,0,0,-5,0.0538796,-0.0238515,5.04871,5.04905,0.0759791,-0.0264512,0.0196564,0,0,0
1780638696799970,31.3789,0.0541014,-0.0242975,0.0487366,0,0,-5,0.0541014,-0.0242975,5.04874,5.04908,0.0750347,-0.0267848,0.0181361,0,0,0
1780638696823970,31.4029,0.0545268,-0.0249865,0.0487671,0,0,-5,0.0545268,-0.0249865,5.04877,5.04912,0.0759139,-0.0272852,0.0182087,0,0,0
1780638696847970,31.4269,0.0550861,-0.0257126,0.0488281,0,0,-5,0.0550861,-0.0257126,5.04883,5.04919,0.0773357,-0.0280674,0.0177089,0,0,0
1780638696863970,31.4429,0.0555454,-0.0262075,0.0488892,0,0,-5,0.0555454,-0.0262075,5.04889,5.04926,0.0781372,-0.0276963,0.016943,0,0,0
1780638696887970,31.4669,0.0563171,-0.0269612,0.0489502,0,0,-5,0.0563171,-0.0269612,5.04895,5.04934,0.0775769,-0.0287851,0.0177266,0,0,0
1780638696903970,31.4829,0.056874,-0.0274714,0.0490417,0,0,-5,0.056874,-0.0274714,5.04904,5.04944,0.07634,-0.0281701,0.0177343,0,0,0
1780638696927970,31.5069,0.0577931,-0.028243,0.0491638,0,0,-5,0.0577931,-0.028243,5.04916,5.04957,0.0776061,-0.0285549,0.0179066,0,0,0
1780638696943970,31.5229,0.0584686,-0.0287706,0.0492554,0,0,-5,0.0584686,-0.0287706,5.04926,5.04968,0.0783605,-0.0298267,0.0177793,0,0,0
1780638696967970,31.5469,0.0595631,-0.029584,0.0494385,0,0,-5,0.0595631,-0.029584,5.04944,5.04988,0.0792758,-0.0287058,0.019851,0,0,0
1780638696983970,31.5629,0.0586415,-0.0293143,0.0493469,0,0,-5,0.0586415,-0.0293143,5.04935,5.04977,0.0777894,-0.0277962,0.0198287,0,0,0
1780638697007970,31.5869,0.0574482,-0.0289679,0.0493164,0,0,-5,0.0574482,-0.0289679,5.04932,5.04973,0.0770713,-0.0272013,0.0199553,0,0,0
1780638697023970,31.6029,0.0567791,-0.0287677,0.0492859,0,0,-5,0.0567791,-0.0287677,5.04929,5.04969,0.0769768,-0.0252327,0.0183015,0,0,0
1780638697047970,31.6269,0.0559522,-0.028508,0.0492554,0,0,-5,0.0559522,-0.028508,5.04926,5.04965,0.0767828,-0.0239372,0.0174573,0,0,0
1780638697063970,31.6429,0.0555099,-0.0283515,0.0492249,0,0,-5,0.0555099,-0.0283515,5.04922,5.04961,0.0769391,-0.0225754,0.0170548,0,0,0
1780638697087970,31.6669,0.0550492,-0.0281525,0.0492249,0,0,-5,0.0550492,-0.0281525,5.04922,5.0496,0.078593,-0.0217846,0.0168776,0,0,0
1780638697103970,31.6829,0.054838,-0.0280377,0.0492554,0,0,-5,0.054838,-0.0280377,5.04926,5.04963,0.0778794,-0.0203255,0.0173204,0,0,0
1780638697127970,31.7069,0.054657,-0.0278869,0.0493774,0,0,-5,0.054657,-0.0278869,5.04938,5.04975,0.0782276,-0.0198349,0.0170419,0,0,0
1780638697143970,31.7229,0.0546256,-0.0278119,0.049469,0,0,-5,0.0546256,-0.0278119,5.04947,5.04984,0.0775161,-0.019079,0.0168149,0,0,0
1780638697167970,31.7469,0.0547056,-0.0277229,0.0496216,0,0,-5,0.0547056,-0.0277229,5.04962,5.04999,0.0779149,-0.0175121,0.0159634,0,0,0
1780638697183970,31.7629,0.0548388,-0.0276715,0.0497131,0,0,-5,0.0548388,-0.0276715,5.04971,5.05009,0.0778841,-0.017257,0.0156359,0,0,0
1780638697207970,31.7869,0.0551627,-0.0276237,0.0499268,0,0,-5,0.0551627,-0.0276237,5.04993,5.0503,0.0783947,-0.0169566,0.016835,0,0,0
1780638697223970,31.8029,0.0554562,-0.0276188,0.0500793,0,0,-5,0.0554562,-0.0276188,5.05008,5.05046,0.0790648,-0.0169272,0.0171633,0,0,0
1780638697239970,31.8189,0.0558083,-0.0276371,0.0502625,0,0,-5,0.0558083,-0.0276371,5.05026,5.05065,0.0793611,-0.017546,0.0168538,0,0,0
1780638697263970,31.8429,0.0564362,-0.0276844,0.0505066,0,0,-5,0.0564362,-0.0276844,5.05051,5.0509,0.0808989,-0.0163253,0.0171578,0,0,0
1780638697279970,31.8589,0.0569373,-0.027726,0.0506287,0,0,-5,0.0569373,-0.027726,5.05063,5.05103,0.0815436,-0.0158553,0.0159589,0,0,0
1780638697303970,31.8829,0.0578061,-0.0278077,0.0508423,0,0,-5,0.0578061,-0.0278077,5.05084,5.05125,0.0824774,-0.0153727,0.014931,0,0,0
1780638697327970,31.9069,0.0587835,-0.0279005,0.0510254,0,0,-5,0.0587835,-0.0279005,5.05103,5.05144,0.0845511,-0.0137147,0.015032,0,0,0
1780638697343970,31.9229,0.0595063,-0.0279628,0.0511169,0,0,-5,0.0595063,-0.0279628,5.05112,5.05154,0.084456,-0.0130152,0.0144492,0,0,0
1780638697359970,31.9389,0.0602704,-0.028028,0.051239,0,0,-5,0.0602704,-0.028028,5.05124,5.05168,0.0847294,-0.0125948,0.0138241,0,0,0
1780638697383970,31.9629,0.0593863,-0.0275897,0.0510864,0,0,-5,0.0593863,-0.0275897,5.05109,5.05151,0.084382,-0.0111264,0.0132465,0,0,0
1780638697407970,31.9869,0.0577005,-0.0269365,0.0508118,0,0,-5,0.0577005,-0.0269365,5.05081,5.05121,0.0830151,-0.011182,0.0131595,0,0,0
1780638697423970,32.0029,0.056731,-0.0265502,0.0506287,0,0,-5,0.056731,-0.0265502,5.05063,5.05102,0.0835171,-0.0109665,0.0115166,0,0,0
1780638697439970,32.0189,0.0558841,-0.0261894,0.0504456,0,0,-5,0.0558841,-0.0261894,5.05045,5.05082,0.0837804,-0.0102941,0.0102772,0,0,0
1780638697463970,32.0429,0.0548063,-0.0256687,0.0502319,0,0,-5,0.0548063,-0.0256687,5.05023,5.05059,0.0821225,-0.00811733,0.0121108,0,0,0
1780638697487970,32.0669,0.0539276,-0.0252004,0.0500183,0,0,-5,0.0539276,-0.0252004,5.05002,5.05037,0.0807358,-0.00891429,0.0118544,0,0,0
1780638697503970,32.0829,0.0534549,-0.0249288,0.0499268,0,0,-5,0.0534549,-0.0249288,5.04993,5.05027,0.080856,-0.00890245,0.012229,0,0,0
1780638697527970,32.1069,0.0528761,-0.0245655,0.0497742,0,0,-5,0.0528761,-0.0245655,5.04977,5.05011,0.0782222,-0.00826934,0.0125324,0,0,0
1780638697544041,32.123,0.0525698,-0.0243455,0.0497131,0,0,-5,0.0525698,-0.0243455,5.04971,5.05005,0.0775656,-0.00842875,0.0126281,0,0,0
1780638697568041,32.147,0.0522331,-0.0240537,0.0496826,0,0,-5,0.0522331,-0.0240537,5.04968,5.05001,0.0760293,-0.00827863,0.013069,0,0,0
1780638697584041,32.163,0.0520999,-0.023885,0.0496521,0,0,-5,0.0520999,-0.023885,5.04965,5.04998,0.0774275,-0.00806437,0.0124713,0,0,0
1780638697608041,32.187,0.0520446,-0.023665,0.0496521,0,0,-5,0.0520446,-0.023665,5.04965,5.04998,0.077798,-0.00816756,0.0119892,0,0,0
1780638697624041,32.203,0.0521015,-0.0235461,0.0496216,0,0,-5,0.0521015,-0.0235461,5.04962,5.04995,0.0785799,-0.00811749,0.0134905,0,0,0
1780638697648041,32.227,0.0523311,-0.0234072,0.0496521,0,0,-5,0.0523311,-0.0234072,5.04965,5.04998,0.0788229,-0.00923963,0.0136116,0,0,0
1780638697664041,32.243,0.0525472,-0.0233501,0.0496826,0,0,-5,0.0525472,-0.0233501,5.04968,5.05001,0.0788775,-0.00920132,0.0127486,0,0,0
1780638697688041,32.267,0.0529928,-0.0232971,0.0497131,0,0,-5,0.0529928,-0.0232971,5.04971,5.05004,0.0794473,-0.00937761,0.0113198,0,0,0
1780638697704041,32.283,0.0533579,-0.0232781,0.0497131,0,0,-5,0.0533579,-0.0232781,5.04971,5.05005,0.0789226,-0.00932398,0.0110526,0,0,0
1780638697728041,32.307,0.0539945,-0.0232917,0.0497437,0,0,-5,0.0539945,-0.0232917,5.04974,5.05009,0.0788928,-0.0101603,0.0123888,0,0,0
1780638697744041,32.323,0.0544777,-0.0233156,0.0498047,0,0,-5,0.0544777,-0.0233156,5.0498,5.05015,0.0796051,-0.00957315,0.0126526,0,0,0
1780638697768041,32.347,0.0553201,-0.0233782,0.0498962,0,0,-5,0.0553201,-0.0233782,5.0499,5.05025,0.0810027,-0.00988537,0.0104337,0,0,0
1780638697784041,32.363,0.0544457,-0.0230675,0.0496216,0,0,-5,0.0544457,-0.0230675,5.04962,5.04997,0.081481,-0.0096732,0.01063,0,0,0
1780638697808041,32.387,0.0533428,-0.0226354,0.0492859,0,0,-5,0.0533428,-0.0226354,5.04929,5.04962,0.0796945,-0.00819838,0.00917294,0,0,0
1780638697824041,32.403,0.0527369,-0.0223715,0.0490723,0,0,-5,0.0527369,-0.0223715,5.04907,5.0494,0.0806928,-0.0076929,0.00899309,0,0,0
1780638697848041,32.427,0.0520462,-0.0220307,0.0488281,0,0,-5,0.0520462,-0.0220307,5.04883,5.04914,0.0822922,-0.00856701,0.0100152,0,0,0
1780638697864041,32.443,0.051722,-0.0218304,0.0486755,0,0,-5,0.051722,-0.0218304,5.04868,5.04899,0.0826752,-0.00755282,0.00901888,0,0,0
1780638697880041,32.459,0.0514744,-0.0216313,0.0485229,0,0,-5,0.0514744,-0.0216313,5.04852,5.04883,0.0822076,-0.00674602,0.00816242,0,0,0
1780638697904041,32.483,0.0512596,-0.0213696,0.0482483,0,0,-5,0.0512596,-0.0213696,5.04825,5.04855,0.0830377,-0.00655471,0.00594853,0,0,0
1780638697920041,32.499,0.0512392,-0.0212129,0.0480957,0,0,-5,0.0512392,-0.0212129,5.0481,5.0484,0.0842987,-0.00673801,0.00551815,0,0,0
1780638697944041,32.523,0.0513697,-0.0209954,0.0478821,0,0,-5,0.0513697,-0.0209954,5.04788,5.04819,0.084882,-0.00535202,0.00539008,0,0,0
1780638697968041,32.547,0.0516541,-0.0208064,0.0476685,0,0,-5,0.0516541,-0.0208064,5.04767,5.04798,0.0846297,-0.00504528,0.00503404,0,0,0
1780638697984041,32.563,0.0519241,-0.0206827,0.0475464,0,0,-5,0.0519241,-0.0206827,5.04755,5.04786,0.0847589,-0.00374636,0.0055072,0,0,0
1780638698008041,32.587,0.0524486,-0.0205132,0.0474243,0,0,-5,0.0524486,-0.0205132,5.04742,5.04774,0.0844806,-0.00332163,0.00432349,0,0,0
1780638698024041,32.603,0.0528531,-0.0204187,0.0473328,0,0,-5,0.0528531,-0.0204187,5.04733,5.04765,0.0849177,-0.00320388,0.00377558,0,0,0
1780638698048041,32.627,0.0535586,-0.0202856,0.0472107,0,0,-5,0.0535586,-0.0202856,5.04721,5.04754,0.0838642,-0.00300935,0.00447344,0,0,0
1780638698064041,32.643,0.0540886,-0.0202157,0.0471802,0,0,-5,0.0540886,-0.0202157,5.04718,5.04751,0.0839665,-0.00299545,0.00444454,0,0,0
1780638698088041,32.667,0.0549652,-0.0201256,0.0470886,0,0,-5,0.0549652,-0.0201256,5.04709,5.04743,0.0840549,-0.00187201,0.00197847,0,0,0
1780638698104041,32.683,0.0556193,-0.0200695,0.0469666,0,0,-5,0.0556193,-0.0200695,5.04697,5.04731,0.0861272,-0.00160244,0.00103132,0,0,0
1780638698128041,32.707,0.0567155,-0.0199937,0.0467529,0,0,-5,0.0567155,-0.0199937,5.04675,5.04711,0.0872949,-0.00103228,0.00166819,0,0,0
1780638698144041,32.723,0.0575104,-0.0199455,0.0466614,0,0,-5,0.0575104,-0.0199455,5.04666,5.04703,0.0872481,-0.00042458,0.00214318,0,0,0
1780638698160041,32.739,0.0583426,-0.0198956,0.0465698,0,0,-5,0.0583426,-0.0198956,5.04657,5.04695,0.0872843,0.000525088,0.00255891,0,0,0
1780638698184041,32.763,0.0577681,-0.0195234,0.0462341,0,0,-5,0.0577681,-0.0195234,5.04623,5.0466,0.0851686,0.0013938,0.00317614,0,0,0
1780638698200041,32.779,0.056874,-0.0192136,0.045929,0,0,-5,0.056874,-0.0192136,5.04593,5.04629,0.0842282,0.0005847,0.00231363,0,0,0
1780638698224041,32.803,0.0557582,-0.0187907,0.0455322,0,0,-5,0.0557582,-0.0187907,5.04553,5.04588,0.0842463,0.0024215,0.00124376,0,0,0
1780638698248041,32.827,0.0548729,-0.0183402,0.045105,0,0,-5,0.0548729,-0.0183402,5.0451,5.04544,0.0840238,0.00481158,0.000993936,0,0,0
1780638698264041,32.843,0.0544216,-0.0180462,0.0448608,0,0,-5,0.0544216,-0.0180462,5.04486,5.04519,0.08542,0.00457514,0.00186417,0,0,0
1780638698288041,32.867,0.0539541,-0.0176384,0.0445251,0,0,-5,0.0539541,-0.0176384,5.04453,5.04484,0.085646,0.0045753,0.000217563,0,0,0
1780638698304041,32.883,0.0537445,-0.0173834,0.0443115,0,0,-5,0.0537445,-0.0173834,5.04431,5.04463,0.0856634,0.0048091,0.00124875,0,0,0
1780638698328041,32.907,0.0535786,-0.0170103,0.0440063,0,0,-5,0.0535786,-0.0170103,5.04401,5.04432,0.0844478,0.00663186,0.000503219,0,0,0
1780638698344041,32.923,0.053556,-0.0167505,0.0438232,0,0,-5,0.053556,-0.0167505,5.04382,5.04414,0.0846037,0.00776777,0.00110301,0,0,0
1780638698368041,32.947,0.0536423,-0.0163598,0.0435791,0,0,-5,0.0536423,-0.0163598,5.04358,5.04389,0.083119,0.00896916,0.001203,0,0,0
1780638698384041,32.963,0.0537635,-0.0160945,0.043457,0,0,-5,0.0537635,-0.0160945,5.04346,5.04377,0.082908,0.00961931,0.00203748,0,0,0
1780638698408041,32.987,0.0540821,-0.0157061,0.0432739,0,0,-5,0.0540821,-0.0157061,5.04327,5.04359,0.0835209,0.00957974,0.00196587,0,0,0
1780638698424041,33.003,0.0543746,-0.0154657,0.0431824,0,0,-5,0.0543746,-0.0154657,5.04318,5.0435,0.0827651,0.0093648,0.00237929,0,0,0
1780638698448041,33.027,0.0548963,-0.0151282,0.0429993,0,0,-5,0.0548963,-0.0151282,5.043,5.04332,0.082874,0.00888666,0.00217321,0,0,0
1780638698464041,33.043,0.0553158,-0.014929,0.0429077,0,0,-5,0.0553158,-0.014929,5.04291,5.04323,0.082867,0.00848302,0.00126153,0,0,0
1780638698488041,33.067,0.0560486,-0.014659,0.0427551,0,0,-5,0.0560486,-0.014659,5.04276,5.04309,0.0830158,0.00744084,0.00145142,0,0,0
1780638698504041,33.083,0.0565954,-0.0144975,0.0426636,0,0,-5,0.0565954,-0.0144975,5.04266,5.043,0.0826155,0.00762626,0.00142031,0,0,0
1780638698528041,33.107,0.0574812,-0.0142662,0.042572,0,0,-5,0.0574812,-0.0142662,5.04257,5.04292,0.0821857,0.00814192,0.00252755,0,0,0
1780638698544113,33.1231,0.058123,-0.0141079,0.042511,0,0,-5,0.058123,-0.0141079,5.04251,5.04287,0.0821889,0.00936385,0.00296251,0,0,0
1780638698568113,33.1471,0.0591801,-0.0138734,0.04245,0,0,-5,0.0591801,-0.0138734,5.04245,5.04282,0.0820186,0.00834955,0.00305384,0,0,0
1780638698584113,33.1631,0.0580881,-0.0136677,0.0421753,0,0,-5,0.0580881,-0.0136677,5.04218,5.04253,0.0810068,0.00826835,0.00195293,0,0,0
1780638698608113,33.1871,0.056671,-0.0133714,0.0417786,0,0,-5,0.056671,-0.0133714,5.04178,5.04211,0.0798135,0.0084292,0.000183512,0,0,0
1780638698624113,33.2031,0.0558607,-0.0131869,0.0415039,0,0,-5,0.0558607,-0.0131869,5.0415,5.04183,0.0793923,0.00795123,-0.000260121,0,0,0
1780638698648113,33.2271,0.0548475,-0.0129514,0.0411377,0,0,-5,0.0548475,-0.0129514,5.04114,5.04145,0.0798607,0.00677227,0.00127872,0,0,0
1780638698664113,33.2431,0.0542924,-0.012816,0.0408936,0,0,-5,0.0542924,-0.012816,5.04089,5.0412,0.0791152,0.00644277,0.00271812,0,0,0
1780638698688113,33.2671,0.0536266,-0.012627,0.0406189,0,0,-5,0.0536266,-0.012627,5.04062,5.04092,0.0787027,0.00662082,0.00165948,0,0,0
1780638698704113,33.2831,0.0532988,-0.0125,0.0404053,0,0,-5,0.0532988,-0.0125,5.04041,5.0407,0.0794204,0.00778997,0.00118135,0,0,0
1780638698720113,33.2991,0.0530631,-0.0123566,0.0402222,0,0,-5,0.0530631,-0.0123566,5.04022,5.04052,0.0795917,0.00921024,0.00205415,0,0,0
1780638698744113,33.3231,0.0528597,-0.0121413,0.0399475,0,0,-5,0.0528597,-0.0121413,5.03995,5.04024,0.0796593,0.00896879,0.00264309,0,0,0
1780638698768113,33.3471,0.0528124,-0.0119543,0.0397339,0,0,-5,0.0528124,-0.0119543,5.03973,5.04002,0.0784342,0.00758019,0.00285811,0,0,0
1780638698784113,33.3631,0.0528649,-0.0118443,0.0396118,0,0,-5,0.0528649,-0.0118443,5.03961,5.0399,0.0789636,0.00822386,0.00183857,0,0,0
1780638698808113,33.3871,0.0530857,-0.0116719,0.0393982,0,0,-5,0.0530857,-0.0116719,5.0394,5.03969,0.0796346,0.00864798,0.00276402,0,0,0
1780638698824113,33.4031,0.0533198,-0.0115598,0.0393066,0,0,-5,0.0533198,-0.0115598,5.03931,5.0396,0.079475,0.00901507,0.00388578,0,0,0
1780638698848113,33.4271,0.0537669,-0.0113984,0.0391846,0,0,-5,0.0537669,-0.0113984,5.03918,5.03948,0.0794685,0.00773597,0.00320294,0,0,0
1780638698864113,33.4431,0.0541398,-0.0113134,0.039093,0,0,-5,0.0541398,-0.0113134,5.03909,5.0394,0.0791862,0.00775461,0.00293393,0,0,0
1780638698888113,33.4671,0.0548067,-0.0111877,0.0389709,0,0,-5,0.0548067,-0.0111877,5.03897,5.03928,0.0801213,0.00851768,0.00278055,0,0,0
1780638698904113,33.4831,0.0553361,-0.0110968,0.0389099,0,0,-5,0.0553361,-0.0110968,5.03891,5.03923,0.081226,0.00859269,0.00337347,0,0,0
1780638698928113,33.5071,0.056234,-0.0109576,0.0388489,0,0,-5,0.056234,-0.0109576,5.03885,5.03917,0.0809228,0.00877771,0.0040935,0,0,0
1780638698944113,33.5231,0.0568775,-0.0108744,0.0388489,0,0,-5,0.0568775,-0.0108744,5.03885,5.03918,0.0809204,0.00882578,0.00433879,0,0,0
1780638698960113,33.5391,0.0575532,-0.0107959,0.0388184,0,0,-5,0.0575532,-0.0107959,5.03882,5.03916,0.0794779,0.00823574,0.00488337,0,0,0
1780638698984113,33.5631,0.0568429,-0.0106667,0.0385132,0,0,-5,0.0568429,-0.0106667,5.03851,5.03885,0.0791618,0.00940526,0.0044534,0,0,0
1780638699008113,33.5871,0.0554851,-0.0105066,0.0380249,0,0,-5,0.0554851,-0.0105066,5.03802,5.03834,0.0786451,0.0105978,0.00436849,0,0,0
1780638699024113,33.6031,0.0547055,-0.0103947,0.0377197,0,0,-5,0.0547055,-0.0103947,5.03772,5.03803,0.0772262,0.0101457,0.00357742,0,0,0
1780638699048113,33.6271,0.0536997,-0.0102383,0.037262,0,0,-5,0.0536997,-0.0102383,5.03726,5.03756,0.0757303,0.0103591,0.00389496,0,0,0
1780638699064113,33.6431,0.0531466,-0.0101308,0.0370178,0,0,-5,0.0531466,-0.0101308,5.03702,5.03731,0.0757763,0.0107485,0.00535152,0,0,0
1780638699088113,33.6671,0.0524966,-0.00997477,0.0366821,0,0,-5,0.0524966,-0.00997477,5.03668,5.03697,0.0756995,0.0111078,0.00335975,0,0,0
1780638699104113,33.6831,0.0521722,-0.0098549,0.036438,0,0,-5,0.0521722,-0.0098549,5.03644,5.03672,0.0762547,0.0122252,0.00248185,0,0,0
1780638699128113,33.7071,0.0518544,-0.00967953,0.0361023,0,0,-5,0.0518544,-0.00967953,5.0361,5.03638,0.0764648,0.0115178,0.00300588,0,0,0
1780638699144113,33.7231,0.051739,-0.00957289,0.0359192,0,0,-5,0.051739,-0.00957289,5.03592,5.03619,0.0761997,0.0116122,0.00332559,0,0,0
1780638699168113,33.7471,0.0516759,-0.0093985,0.0356445,0,0,-5,0.0516759,-0.0093985,5.03564,5.03592,0.0747407,0.0120277,0.00474679,0,0,0
1780638699184113,33.7631,0.0517132,-0.00927974,0.0354919,0,0,-5,0.0517132,-0.00927974,5.03549,5.03577,0.0744985,0.0126712,0.00425759,0,0,0
1780638699208113,33.7871,0.0518777,-0.00909023,0.0352478,0,0,-5,0.0518777,-0.00909023,5.03525,5.03552,0.0739413,0.0127936,0.00325855,0,0,0
1780638699224113,33.8031,0.0520495,-0.00896075,0.0351257,0,0,-5,0.0520495,-0.00896075,5.03513,5.0354,0.0739107,0.0127166,0.00285163,0,0,0
1780638699248113,33.8271,0.052417,-0.00876831,0.0350037,0,0,-5,0.052417,-0.00876831,5.035,5.03528,0.0746768,0.0134174,0.00289556,0,0,0
1780638699264113,33.8431,0.0527523,-0.00862498,0.0349426,0,0,-5,0.0527523,-0.00862498,5.03494,5.03523,0.0763203,0.0145497,0.00321287,0,0,0
1780638699288113,33.8671,0.0534033,-0.00838193,0.0348816,0,0,-5,0.0534033,-0.00838193,5.03488,5.03517,0.0788974,0.0156917,0.00316613,0,0,0
1780638699304113,33.8831,0.0539251,-0.00820674,0.0348206,0,0,-5,0.0539251,-0.00820674,5.03482,5.03512,0.0799265,0.0166489,0.00419821,0,0,0
1780638699320113,33.8991,0.0545031,-0.00801791,0.03479,0,0,-5,0.0545031,-0.00801791,5.03479,5.03509,0.0801201,0.017431,0.00473743,0,0,0
1780638699344113,33.9231,0.0554507,-0.00773943,0.03479,0,0,-5,0.0554507,-0.00773943,5.03479,5.0351,0.0801869,0.0165999,0.00694358,0,0,0
1780638699368113,33.9471,0.0565155,-0.00743772,0.0348206,0,0,-5,0.0565155,-0.00743772,5.03482,5.03514,0.0809231,0.0178693,0.00630678,0,0,0
1780638699384113,33.9631,0.055411,-0.00730188,0.0346375,0,0,-5,0.055411,-0.00730188,5.03464,5.03495,0.0802897,0.0181971,0.00709529,0,0,0
1780638699408113,33.9871,0.053983,-0.00709404,0.0344238,0,0,-5,0.053983,-0.00709404,5.03442,5.03472,0.0791741,0.0184199,0.00718478,0,0,0
1780638699424113,34.0031,0.0531564,-0.00694678,0.0342712,0,0,-5,0.0531564,-0.00694678,5.03427,5.03456,0.0782026,0.0182661,0.00617493,0,0,0
1780638699448113,34.0271,0.0521107,-0.00672313,0.0340576,0,0,-5,0.0521107,-0.00672313,5.03406,5.03433,0.0779898,0.0180768,0.00489587,0,0,0
1780638699464113,34.0431,0.0515436,-0.00658609,0.0339355,0,0,-5,0.0515436,-0.00658609,5.03394,5.0342,0.0778628,0.0166993,0.00446394,0,0,0
1780638699480113,34.0591,0.0510743,-0.00645106,0.033783,0,0,-5,0.0510743,-0.00645106,5.03378,5.03405,0.0774291,0.0169072,0.00321596,0,0,0
1780638699504113,34.0831,0.0504957,-0.00625869,0.0335693,0,0,-5,0.0504957,-0.00625869,5.03357,5.03383,0.0765497,0.0164549,0.0020644,0,0,0
1780638699528113,34.1071,0.0501006,-0.00605826,0.0333252,0,0,-5,0.0501006,-0.00605826,5.03333,5.03358,0.076562,0.0170749,0.00174772,0,0,0
1780638699544194,34.1232,0.0499426,-0.00591866,0.0332031,0,0,-5,0.0499426,-0.00591866,5.0332,5.03345,0.0770753,0.0179952,0.0019279,0,0,0
1780638699568194,34.1472,0.0498587,-0.00567687,0.03302,0,0,-5,0.0498587,-0.00567687,5.03302,5.03327,0.0765057,0.0181654,0.00100465,0,0,0
1780638699584194,34.1632,0.049862,-0.00550214,0.0328979,0,0,-5,0.049862,-0.00550214,5.0329,5.03315,0.0755896,0.0195095,0.00133873,0,0,0
1780638699608194,34.1872,0.0499799,-0.00521854,0.0327759,0,0,-5,0.0499799,-0.00521854,5.03278,5.03303,0.0747199,0.0193745,0.00193359,0,0,0
1780638699624194,34.2032,0.0501282,-0.00502426,0.0326843,0,0,-5,0.0501282,-0.00502426,5.03268,5.03294,0.0739655,0.019644,0.00215309,0,0,0
1780638699648194,34.2272,0.0504357,-0.00471284,0.0325623,0,0,-5,0.0504357,-0.00471284,5.03256,5.03282,0.0738511,0.0204789,0.00176716,0,0,0
1780638699664194,34.2432,0.0507072,-0.00449154,0.0325012,0,0,-5,0.0507072,-0.00449154,5.0325,5.03276,0.0740695,0.021026,0.00213869,0,0,0
1780638699688194,34.2672,0.0512238,-0.00415297,0.0324707,0,0,-5,0.0512238,-0.00415297,5.03247,5.03273,0.074637,0.0205934,0.00350537,0,0,0
1780638699704194,34.2832,0.0516459,-0.00392748,0.0324402,0,0,-5,0.0516459,-0.00392748,5.03244,5.03271,0.0755007,0.0205077,0.00222599,0,0,0
1780638699728194,34.3072,0.0523685,-0.00358001,0.0324097,0,0,-5,0.0523685,-0.00358001,5.03241,5.03268,0.0753385,0.021385,0.00219844,0,0,0
1780638699744194,34.3232,0.0529152,-0.00334216,0.0324097,0,0,-5,0.0529152,-0.00334216,5.03241,5.03269,0.0765714,0.0208417,0.00372141,0,0,0
1780638699768194,34.3472,0.0538347,-0.00298591,0.0324402,0,0,-5,0.0538347,-0.00298591,5.03244,5.03273,0.0775038,0.0209766,0.00373849,0,0,0
1780638699784194,34.3632,0.0528474,-0.00280463,0.0323792,0,0,-5,0.0528474,-0.00280463,5.03238,5.03266,0.0767951,0.0210852,0.00423386,0,0,0
1780638699808194,34.3872,0.0515778,-0.00253213,0.0324097,0,0,-5,0.0515778,-0.00253213,5.03241,5.03267,0.0772212,0.0204097,0.00598558,0,0,0
1780638699824194,34.4032,0.0508837,-0.00234814,0.0324402,0,0,-5,0.0508837,-0.00234814,5.03244,5.0327,0.0770041,0.0207073,0.00668174,0,0,0
1780638699848194,34.4272,0.0500506,-0.00204788,0.0325317,0,0,-5,0.0500506,-0.00204788,5.03253,5.03278,0.0788727,0.0219991,0.0073187,0,0,0
1780638699864194,34.4432,0.0496336,-0.00182571,0.0325928,0,0,-5,0.0496336,-0.00182571,5.03259,5.03284,0.079275,0.0232182,0.00680737,0,0,0
1780638699888194,34.4672,0.0491875,-0.00146122,0.0327148,0,0,-5,0.0491875,-0.00146122,5.03271,5.03296,0.0795119,0.0233215,0.00666552,0,0,0
1780638699904194,34.4832,0.048986,-0.00121115,0.0328064,0,0,-5,0.048986,-0.00121115,5.03281,5.03304,0.0785197,0.0241716,0.0072984,0,0,0
1780638699920194,34.4992,0.0488715,-0.000945825,0.0328979,0,0,-5,0.0488715,-0.000945825,5.0329,5.03314,0.0795521,0.0251842,0.00753965,0,0,0
1780638699944194,34.5232,0.048831,-0.000514483,0.0330505,0,0,-5,0.048831,-0.000514483,5.03305,5.03329,0.0802453,0.0267555,0.00838405,0,0,0
1780638699968194,34.5472,0.0489428,-3.79452e-05,0.0332336,0,0,-5,0.0489428,-3.79452e-05,5.03323,5.03347,0.0789374,0.0274073,0.007556,0,0,0
1780638699984194,34.5632,0.0490841,0.000279016,0.0333252,0,0,-5,0.0490841,0.000279016,5.03333,5.03356,0.0784471,0.026929,0.00717548,0,0,0
1780638700008194,34.5872,0.0494185,0.000756128,0.0334778,0,0,-5,0.0494185,0.000756128,5.03348,5.03372,0.0786696,0.0271086,0.00708271,0,0,0
1780638700024194,34.6032,0.0497248,0.00107924,0.0335693,0,0,-5,0.0497248,0.00107924,5.03357,5.03382,0.0791498,0.0269415,0.00708299,0,0,0
1780638700048194,34.6272,0.0503105,0.00157151,0.0336914,0,0,-5,0.0503105,0.00157151,5.03369,5.03394,0.0806502,0.0274058,0.00685694,0,0,0
1780638700064194,34.6432,0.0507762,0.00191069,0.033783,0,0,-5,0.0507762,0.00191069,5.03378,5.03404,0.0795558,0.0282783,0.0080876,0,0,0
1780638700088194,34.6672,0.0515188,0.00244085,0.0339966,0,0,-5,0.0515188,0.00244085,5.034,5.03426,0.0784824,0.027846,0.00880836,0,0,0
1780638700104194,34.6832,0.0520811,0.00279566,0.0341492,0,0,-5,0.0520811,0.00279566,5.03415,5.03442,0.079416,0.0283263,0.0079228,0,0,0
1780638700128194,34.7072,0.0529971,0.00335583,0.0343628,0,0,-5,0.0529971,0.00335583,5.03436,5.03464,0.0773215,0.0299584,0.00912377,0,0,0
1780638700144194,34.7232,0.0536415,0.00373501,0.0345459,0,0,-5,0.0536415,0.00373501,5.03455,5.03483,0.0778447,0.029258,0.00881603,0,0,0
1780638700168194,34.7472,0.0546976,0.00431335,0.03479,0,0,-5,0.0546976,0.00431335,5.03479,5.03509,0.0786877,0.0310994,0.00833001,0,0,0
1780638700184194,34.7632,0.053579,0.0043112,0.0346985,0,0,-5,0.053579,0.0043112,5.0347,5.03499,0.0793718,0.031535,0.00813457,0,0,0
1780638700208194,34.7872,0.0521571,0.00432855,0.0345459,0,0,-5,0.0521571,0.00432855,5.03455,5.03482,0.079819,0.0303848,0.00725756,0,0,0
1780638700224194,34.8032,0.0513461,0.00436566,0.0344849,0,0,-5,0.0513461,0.00436566,5.03448,5.03475,0.0796858,0.030333,0.00816669,0,0,0
1780638700248194,34.8272,0.0503264,0.00446268,0.0343628,0,0,-5,0.0503264,0.00446268,5.03436,5.03462,0.0782944,0.0316673,0.0085913,0,0,0
1780638700264194,34.8432,0.049766,0.0045815,0.0343018,0,0,-5,0.049766,0.0045815,5.0343,5.03455,0.0785222,0.0330404,0.00815562,0,0,0
1780638700280194,34.8592,0.0493029,0.00471892,0.0342407,0,0,-5,0.0493029,0.00471892,5.03424,5.03448,0.0776401,0.0323517,0.00831614,0,0,0
1780638700304194,34.8832,0.0487421,0.00496104,0.0341797,0,0,-5,0.0487421,0.00496104,5.03418,5.03442,0.0759219,0.0334421,0.00868553,0,0,0
1780638700328194,34.9072,0.0483545,0.00524579,0.0341492,0,0,-5,0.0483545,0.00524579,5.03415,5.03438,0.0768511,0.0344043,0.00894512,0,0,0
1780638700344194,34.9232,0.0482057,0.00547816,0.0341187,0,0,-5,0.0482057,0.00547816,5.03412,5.03435,0.0765123,0.0357009,0.00884567,0,0,0
1780638700368194,34.9472,0.048124,0.00584666,0.0341492,0,0,-5,0.048124,0.00584666,5.03415,5.03438,0.0759131,0.0361097,0.00967911,0,0,0
1780638700384194,34.9632,0.0481579,0.00612671,0.0342102,0,0,-5,0.0481579,0.00612671,5.03421,5.03444,0.0765967,0.0368568,0.00981265,0,0,0
1780638700408194,34.9872,0.0483365,0.00656347,0.0343018,0,0,-5,0.0483365,0.00656347,5.0343,5.03454,0.0763103,0.0357048,0.00945093,0,0,0
1780638700424194,35.0032,0.0485437,0.00685785,0.0343933,0,0,-5,0.0485437,0.00685785,5.03439,5.03463,0.0775923,0.035293,0.00926578,0,0,0
1780638700448194,35.0272,0.0489914,0.00731536,0.0344849,0,0,-5,0.0489914,0.00731536,5.03448,5.03473,0.0789246,0.036118,0.00962001,0,0,0
1780638700464194,35.0432,0.04936,0.00763846,0.0345459,0,0,-5,0.04936,0.00763846,5.03455,5.03479,0.0776804,0.0359939,0.0102344,0,0,0
1780638700488194,35.0672,0.049994,0.00814631,0.034668,0,0,-5,0.049994,0.00814631,5.03467,5.03492,0.0770826,0.0363204,0.00961874,0,0,0
1780638700504194,35.0832,0.0504776,0.00849685,0.0347595,0,0,-5,0.0504776,0.00849685,5.03476,5.03502,0.0772044,0.0366343,0.00885409,0,0,0
1780638700528194,35.1072,0.0512751,0.00906446,0.03479,0,0,-5,0.0512751,0.00906446,5.03479,5.03506,0.0765597,0.0385426,0.00813084,0,0,0
1780638700544194,35.1232,0.0518562,0.00947006,0.0348206,0,0,-5,0.0518562,0.00947006,5.03482,5.0351,0.0762853,0.039451,0.00851705,0,0,0
1780638700568272,35.1472,0.0528261,0.0101257,0.0348816,0,0,-5,0.0528261,0.0101257,5.03488,5.03517,0.0777005,0.0402188,0.00740075,0,0,0
1780638700584272,35.1632,0.0519637,0.00999726,0.0346069,0,0,-5,0.0519637,0.00999726,5.03461,5.03489,0.0759274,0.0410926,0.00809318,0,0,0
1780638700608272,35.1872,0.0508558,0.00989811,0.0342712,0,0,-5,0.0508558,0.00989811,5.03427,5.03454,0.0754583,0.0417397,0.00842594,0,0,0
1780638700624272,35.2032,0.0502545,0.00988369,0.0340881,0,0,-5,0.0502545,0.00988369,5.03409,5.03435,0.076389,0.042763,0.00837513,0,0,0
1780638700648272,35.2272,0.0495568,0.00992055,0.033844,0,0,-5,0.0495568,0.00992055,5.03384,5.0341,0.0769932,0.0413441,0.00895245,0,0,0
1780638700664272,35.2432,0.0492187,0.00995988,0.0336914,0,0,-5,0.0492187,0.00995988,5.03369,5.03394,0.0770566,0.0412846,0.00835688,0,0,0
1780638700680272,35.2592,0.0489597,0.0100345,0.0335999,0,0,-5,0.0489597,0.0100345,5.0336,5.03385,0.0760004,0.0414903,0.00846645,0,0,0
1780638700704272,35.2832,0.0487028,0.0102035,0.0334473,0,0,-5,0.0487028,0.0102035,5.03345,5.03369,0.0752269,0.0424961,0.0077707,0,0,0
1780638700728272,35.3072,0.0486075,0.0104417,0.0333252,0,0,-5,0.0486075,0.0104417,5.03333,5.03357,0.0753129,0.0429424,0.0092576,0,0,0
1780638700744272,35.3232,0.0486368,0.0106224,0.0332642,0,0,-5,0.0486368,0.0106224,5.03326,5.03351,0.075636,0.0416842,0.00823717,0,0,0
1780638700768272,35.3472,0.0488201,0.0109119,0.0331421,0,0,-5,0.0488201,0.0109119,5.03314,5.03339,0.0761347,0.041517,0.0086324,0,0,0
1780638700784272,35.3632,0.0490161,0.0111385,0.0331116,0,0,-5,0.0490161,0.0111385,5.03311,5.03336,0.0758219,0.0415658,0.00958227,0,0,0
1780638700808272,35.3872,0.0494414,0.0115257,0.0331116,0,0,-5,0.0494414,0.0115257,5.03311,5.03337,0.0771327,0.0417592,0.0103549,0,0,0
1780638700824272,35.4032,0.0498057,0.0118043,0.0331116,0,0,-5,0.0498057,0.0118043,5.03311,5.03337,0.0767885,0.0419286,0.00969369,0,0,0
1780638700848272,35.4272,0.0504336,0.012276,0.0331421,0,0,-5,0.0504336,0.012276,5.03314,5.03341,0.0759953,0.0432255,0.00967284,0,0,0
1780638700864272,35.4432,0.0509211,0.0126265,0.0332336,0,0,-5,0.0509211,0.0126265,5.03323,5.03351,0.0784551,0.0442259,0.0107772,0,0,0
1780638700888272,35.4672,0.0517954,0.013193,0.0333862,0,0,-5,0.0517954,0.013193,5.03339,5.03367,0.0801649,0.0445355,0.011181,0,0,0
1780638700904272,35.4832,0.0524607,0.0135921,0.0334778,0,0,-5,0.0524607,0.0135921,5.03348,5.03377,0.0809555,0.0444768,0.0112856,0,0,0
1780638700928272,35.5072,0.0535837,0.0142226,0.0337219,0,0,-5,0.0535837,0.0142226,5.03372,5.03403,0.0827806,0.0446486,0.0145277,0,0,0
1780638700944272,35.5232,0.0544112,0.0146629,0.0339661,0,0,-5,0.0544112,0.0146629,5.03397,5.03428,0.0821905,0.0446484,0.0157367,0,0,0
1780638700968272,35.5472,0.0557006,0.0153178,0.0343323,0,0,-5,0.0557006,0.0153178,5.03433,5.03466,0.0819,0.0421406,0.0156837,0,0,0
1780638700984272,35.5632,0.0548166,0.0152394,0.0343323,0,0,-5,0.0548166,0.0152394,5.03433,5.03465,0.0810285,0.0413582,0.0160139,0,0,0
1780638701008272,35.5872,0.0536973,0.0151753,0.0343323,0,0,-5,0.0536973,0.0151753,5.03433,5.03464,0.0801587,0.0421915,0.0147834,0,0,0
1780638701024272,35.6032,0.0530725,0.0151967,0.0343323,0,0,-5,0.0530725,0.0151967,5.03433,5.03463,0.079309,0.0434593,0.0147761,0,0,0
1780638701040272,35.6192,0.0525475,0.0152648,0.0343628,0,0,-5,0.0525475,0.0152648,5.03436,5.03466,0.0792983,0.0440271,0.0149796,0,0,0
1780638701064272,35.6432,0.0519381,0.0154368,0.0344238,0,0,-5,0.0519381,0.0154368,5.03442,5.03472,0.0787195,0.0440836,0.0155637,0,0,0
1780638701088272,35.6672,0.0514991,0.0156624,0.0344543,0,0,-5,0.0514991,0.0156624,5.03445,5.03474,0.0784467,0.0439782,0.0149575,0,0,0
1780638701104272,35.6832,0.0513201,0.0158257,0.0344849,0,0,-5,0.0513201,0.0158257,5.03448,5.03477,0.0789549,0.0421127,0.014499,0,0,0
1780638701128272,35.7072,0.0512279,0.0160885,0.0345459,0,0,-5,0.0512279,0.0160885,5.03455,5.03483,0.0808773,0.0425591,0.0135413,0,0,0
1780638701144272,35.7232,0.0512787,0.0162935,0.0346069,0,0,-5,0.0512787,0.0162935,5.03461,5.03489,0.0813767,0.0425768,0.0139847,0,0,0
1780638701168272,35.7472,0.0514728,0.0166445,0.034729,0,0,-5,0.0514728,0.0166445,5.03473,5.03502,0.0806137,0.0424674,0.0152496,0,0,0
1780638701184272,35.7632,0.0516801,0.0169018,0.0348511,0,0,-5,0.0516801,0.0169018,5.03485,5.03514,0.0810912,0.0424892,0.0152874,0,0,0
1780638701208272,35.7872,0.0521292,0.0173378,0.0350342,0,0,-5,0.0521292,0.0173378,5.03503,5.03533,0.0815464,0.0434283,0.0146477,0,0,0
1780638701224272,35.8032,0.05251,0.0176703,0.0351562,0,0,-5,0.05251,0.0176703,5.03516,5.03546,0.0815785,0.043321,0.0142884,0,0,0
1780638701248272,35.8272,0.0531928,0.0181957,0.0353699,0,0,-5,0.0531928,0.0181957,5.03537,5.03568,0.0819607,0.04399,0.0158674,0,0,0
1780638701264272,35.8432,0.0537248,0.018594,0.035553,0,0,-5,0.0537248,0.018594,5.03555,5.03587,0.0830724,0.0457262,0.0142313,0,0,0
1780638701288272,35.8672,0.0546231,0.0192633,0.0357666,0,0,-5,0.0546231,0.0192633,5.03577,5.0361,0.0832456,0.0480176,0.0122225,0,0,0
1780638701304272,35.8832,0.0552667,0.0197492,0.0358582,0,0,-5,0.0552667,0.0197492,5.03586,5.0362,0.0824812,0.049199,0.0112921,0,0,0
1780638701328272,35.9072,0.0563083,0.0205294,0.0360413,0,0,-5,0.0563083,0.0205294,5.03604,5.0364,0.0823518,0.0483393,0.0103867,0,0,0
1780638701344272,35.9232,0.0570565,0.0210454,0.0361633,0,0,-5,0.0570565,0.0210454,5.03616,5.03653,0.0824406,0.0481786,0.0102317,0,0,0
1780638701368272,35.9472,0.0582492,0.0218479,0.0363464,0,0,-5,0.0582492,0.0218479,5.03635,5.03673,0.0828442,0.0491885,0.0110423,0,0,0
1780638701384272,35.9632,0.05724,0.0215932,0.0362244,0,0,-5,0.05724,0.0215932,5.03622,5.0366,0.0818963,0.0498214,0.0113133,0,0,0
1780638701408272,35.9872,0.0559364,0.021299,0.0360413,0,0,-5,0.0559364,0.021299,5.03604,5.0364,0.080727,0.0482087,0.0102826,0,0,0
1780638701424272,36.0032,0.0551917,0.0211439,0.0359497,0,0,-5,0.0551917,0.0211439,5.03595,5.0363,0.0793084,0.0479692,0.0112519,0,0,0
1780638701440272,36.0192,0.0545258,0.0210381,0.0359192,0,0,-5,0.0545258,0.0210381,5.03592,5.03626,0.0768262,0.0488794,0.0129002,0,0,0
1780638701464272,36.0432,0.0536945,0.0209522,0.0358887,0,0,-5,0.0536945,0.0209522,5.03589,5.03622,0.0765874,0.047281,0.0127615,0,0,0
1780638701480272,36.0592,0.0532616,0.020924,0.0359192,0,0,-5,0.0532616,0.020924,5.03592,5.03624,0.0773363,0.0470556,0.0127655,0,0,0
1780638701504272,36.0832,0.0528225,0.0209461,0.0359497,0,0,-5,0.0528225,0.0209461,5.03595,5.03627,0.0789402,0.0462526,0.012436,0,0,0
1780638701528272,36.1072,0.0525749,0.0210269,0.0360413,0,0,-5,0.0525749,0.0210269,5.03604,5.03636,0.0787734,0.0457205,0.0129615,0,0,0
1780638701544272,36.1232,0.0525036,0.0211267,0.0361328,0,0,-5,0.0525036,0.0211267,5.03613,5.03645,0.0773897,0.0469594,0.0128778,0,0,0
1780638701568353,36.1473,0.0525025,0.0213606,0.0362854,0,0,-5,0.0525025,0.0213606,5.03629,5.0366,0.0763816,0.0481171,0.0131943,0,0,0
1780638701584353,36.1633,0.0525741,0.0215676,0.0364075,0,0,-5,0.0525741,0.0215676,5.03641,5.03673,0.0763435,0.0488291,0.013332,0,0,0
1780638701608353,36.1873,0.0528171,0.021918,0.0365906,0,0,-5,0.0528171,0.021918,5.03659,5.03692,0.0781088,0.0486509,0.0142166,0,0,0
1780638701624353,36.2033,0.053078,0.0221734,0.0367432,0,0,-5,0.053078,0.0221734,5.03674,5.03707,0.0778377,0.04663,0.0151289,0,0,0
1780638701648353,36.2273,0.0535668,0.0225789,0.0369568,0,0,-5,0.0535668,0.0225789,5.03696,5.03729,0.0773564,0.0472884,0.0153141,0,0,0
1780638701664353,36.2433,0.0539468,0.0228916,0.0371094,0,0,-5,0.0539468,0.0228916,5.03711,5.03745,0.0775659,0.0483232,0.0151116,0,0,0
1780638701688353,36.2673,0.0546145,0.0233929,0.037323,0,0,-5,0.0546145,0.0233929,5.03732,5.03767,0.0760035,0.0478724,0.014425,0,0,0
1780638701704353,36.2833,0.0551008,0.0237637,0.0374451,0,0,-5,0.0551008,0.0237637,5.03745,5.0378,0.0761159,0.0492502,0.013883,0,0,0
1780638701728353,36.3073,0.0559395,0.0243834,0.0376282,0,0,-5,0.0559395,0.0243834,5.03763,5.038,0.0773103,0.0502361,0.0133295,0,0,0
1780638701744353,36.3233,0.0565538,0.0248314,0.0377502,0,0,-5,0.0565538,0.0248314,5.03775,5.03813,0.0767214,0.050578,0.0142461,0,0,0
1780638701768353,36.3473,0.0575551,0.0255517,0.0379944,0,0,-5,0.0575551,0.0255517,5.03799,5.03839,0.0775948,0.051224,0.0153365,0,0,0
1780638701784353,36.3633,0.056329,0.0251715,0.0380554,0,0,-5,0.056329,0.0251715,5.03806,5.03843,0.078014,0.0508963,0.0152885,0,0,0
1780638701800353,36.3793,0.0552635,0.0248499,0.038147,0,0,-5,0.0552635,0.0248499,5.03815,5.03851,0.0780397,0.0506999,0.0153378,0,0,0
1780638701824353,36.4033,0.0538894,0.0244568,0.038269,0,0,-5,0.0538894,0.0244568,5.03827,5.03862,0.0770536,0.0495965,0.0148514,0,0,0
1780638701840353,36.4193,0.0531107,0.0242556,0.0383606,0,0,-5,0.0531107,0.0242556,5.03836,5.0387,0.0773694,0.0496621,0.0150704,0,0,0
1780638701864353,36.4433,0.0521414,0.0240207,0.0385132,0,0,-5,0.0521414,0.0240207,5.03851,5.03884,0.0762205,0.0480233,0.0143373,0,0,0
1780638701888353,36.4673,0.051383,0.0238868,0.0386658,0,0,-5,0.051383,0.0238868,5.03867,5.03898,0.0761913,0.0496768,0.014235,0,0,0
1780638701904353,36.4833,0.0509954,0.0238543,0.0388184,0,0,-5,0.0509954,0.0238543,5.03882,5.03913,0.0762478,0.0485936,0.0153166,0,0,0
1780638701928353,36.5073,0.0505638,0.0238482,0.0390015,0,0,-5,0.0505638,0.0238482,5.039,5.03931,0.0745889,0.0478307,0.0157253,0,0,0
1780638701944353,36.5233,0.0503583,0.0238923,0.0391846,0,0,-5,0.0503583,0.0238923,5.03918,5.03949,0.0742638,0.0483752,0.0163703,0,0,0
1780638701968353,36.5473,0.0502166,0.0240218,0.0394287,0,0,-5,0.0502166,0.0240218,5.03943,5.03974,0.0764467,0.0483273,0.0168828,0,0,0
1780638701984353,36.5633,0.0502405,0.0241585,0.0396118,0,0,-5,0.0502405,0.0241585,5.03961,5.03992,0.0772913,0.0485906,0.0174736,0,0,0
1780638702000353,36.5793,0.0503456,0.0243375,0.0398254,0,0,-5,0.0503456,0.0243375,5.03983,5.04014,0.0776542,0.0505009,0.0176988,0,0,0
1780638702024353,36.6033,0.0506181,0.0246928,0.0401306,0,0,-5,0.0506181,0.0246928,5.04013,5.04045,0.0782352,0.050549,0.0194485,0,0,0
1780638702048353,36.6273,0.0510505,0.025123,0.0404968,0,0,-5,0.0510505,0.025123,5.0405,5.04082,0.0787645,0.0518241,0.0184185,0,0,0
1780638702064353,36.6433,0.0514258,0.0254491,0.040741,0,0,-5,0.0514258,0.0254491,5.04074,5.04107,0.07998,0.051318,0.0189436,0,0,0
1780638702080353,36.6593,0.0518792,0.0257857,0.0410156,0,0,-5,0.0518792,0.0257857,5.04102,5.04135,0.0799523,0.0505721,0.0190806,0,0,0
1780638702104353,36.6833,0.0526718,0.0263425,0.0414124,0,0,-5,0.0526718,0.0263425,5.04141,5.04176,0.0809809,0.0518999,0.0208053,0,0,0
1780638702128353,36.7073,0.0535823,0.026977,0.0418701,0,0,-5,0.0535823,0.026977,5.04187,5.04223,0.0806072,0.0525055,0.0213842,0,0,0
1780638702144353,36.7233,0.054251,0.0274397,0.0422058,0,0,-5,0.054251,0.0274397,5.04221,5.04257,0.0812682,0.0533546,0.0223631,0,0,0
1780638702168353,36.7473,0.0553454,0.0281954,0.0427246,0,0,-5,0.0553454,0.0281954,5.04272,5.04311,0.0812936,0.0543174,0.0233377,0,0,0
1780638702184353,36.7633,0.0543451,0.0279235,0.0426636,0,0,-5,0.0543451,0.0279235,5.04266,5.04303,0.0813708,0.0542002,0.0231615,0,0,0
1780638702208353,36.7873,0.053084,0.0276242,0.0426025,0,0,-5,0.053084,0.0276242,5.0426,5.04296,0.0818227,0.0541054,0.0236728,0,0,0
1780638702224353,36.8033,0.0523844,0.0274869,0.042572,0,0,-5,0.0523844,0.0274869,5.04257,5.04292,0.0812192,0.0547098,0.0246892,0,0,0
1780638702248353,36.8273,0.0514975,0.0273954,0.0426331,0,0,-5,0.0514975,0.0273954,5.04263,5.04297,0.079123,0.0555097,0.0249577,0,0,0
1780638702264353,36.8433,0.0510233,0.0273909,0.0426636,0,0,-5,0.0510233,0.0273909,5.04266,5.043,0.0799462,0.055266,0.0239076,0,0,0
1780638702280353,36.8593,0.0506415,0.0274212,0.0427246,0,0,-5,0.0506415,0.0274212,5.04272,5.04305,0.0791559,0.0544276,0.0248447,0,0,0
1780638702304353,36.8833,0.0502343,0.0275383,0.0428467,0,0,-5,0.0502343,0.0275383,5.04285,5.04317,0.0795266,0.0544339,0.0252549,0,0,0
1780638702328353,36.9073,0.0500061,0.0277535,0.0429688,0,0,-5,0.0500061,0.0277535,5.04297,5.04329,0.0779997,0.0551688,0.0224333,0,0,0
1780638702344353,36.9233,0.0499487,0.0279252,0.0430603,0,0,-5,0.0499487,0.0279252,5.04306,5.04338,0.0790138,0.0534683,0.0217814,0,0,0
1780638702368353,36.9473,0.0500159,0.0282325,0.0431519,0,0,-5,0.0500159,0.0282325,5.04315,5.04348,0.0792175,0.0534668,0.0210017,0,0,0
1780638702384353,36.9633,0.0501463,0.0284835,0.0432434,0,0,-5,0.0501463,0.0284835,5.04324,5.04357,0.0787513,0.0541549,0.0210742,0,0,0
1780638702408353,36.9873,0.0504359,0.0289356,0.0434265,0,0,-5,0.0504359,0.0289356,5.04343,5.04376,0.0775779,0.0548448,0.0220404,0,0,0
1780638702424353,37.0033,0.0506832,0.0292735,0.0435791,0,0,-5,0.0506832,0.0292735,5.04358,5.04392,0.0754284,0.0547206,0.0217895,0,0,0
1780638702448353,37.0273,0.0511481,0.0298429,0.0437927,0,0,-5,0.0511481,0.0298429,5.04379,5.04414,0.0751874,0.0552437,0.0218016,0,0,0
1780638702464353,37.0433,0.0515066,0.0302584,0.0439453,0,0,-5,0.0515066,0.0302584,5.04395,5.0443,0.0733107,0.0555976,0.0210995,0,0,0
1780638702488353,37.0673,0.0521237,0.0309297,0.0441895,0,0,-5,0.0521237,0.0309297,5.04419,5.04455,0.0721645,0.0555803,0.0221466,0,0,0
1780638702504353,37.0833,0.0525642,0.031406,0.0443726,0,0,-5,0.0525642,0.031406,5.04437,5.04474,0.0705611,0.0550735,0.0225895,0,0,0
1780638702528353,37.1073,0.0533251,0.032128,0.0446472,0,0,-5,0.0533251,0.032128,5.04465,5.04503,0.0712562,0.0551149,0.0216779,0,0,0
1780638702544353,37.1233,0.0538984,0.0326319,0.0448303,0,0,-5,0.0538984,0.0326319,5.04483,5.04522,0.071702,0.0545107,0.0225861,0,0,0
1780638702568353,37.1473,0.0548272,0.0334204,0.045105,0,0,-5,0.0548272,0.0334204,5.0451,5.04551,0.0709327,0.054418,0.0217908,0,0,0
1780638702584436,37.1634,0.0533833,0.0328586,0.0449219,0,0,-5,0.0533833,0.0328586,5.04492,5.04531,0.0703913,0.0542836,0.0215136,0,0,0
1780638702608436,37.1874,0.0514783,0.0321559,0.0446472,0,0,-5,0.0514783,0.0321559,5.04465,5.04501,0.0696626,0.0537171,0.020267,0,0,0
1780638702624436,37.2034,0.0503488,0.0317583,0.0444641,0,0,-5,0.0503488,0.0317583,5.04446,5.04482,0.0681232,0.053142,0.0202525,0,0,0
1780638702648436,37.2274,0.0488429,0.0312604,0.0443115,0,0,-5,0.0488429,0.0312604,5.04431,5.04464,0.0672814,0.0523165,0.0207928,0,0,0
1780638702664436,37.2434,0.0479736,0.030997,0.0442505,0,0,-5,0.0479736,0.030997,5.04425,5.04457,0.0669769,0.0520281,0.0218681,0,0,0
1780638702688436,37.2674,0.0468604,0.0307059,0.04422,0,0,-5,0.0468604,0.0307059,5.04422,5.04453,0.0671918,0.0522827,0.0220447,0,0,0
1780638702704436,37.2834,0.0462422,0.0305747,0.04422,0,0,-5,0.0462422,0.0305747,5.04422,5.04452,0.0665804,0.0520001,0.0226205,0,0,0
1780638702728436,37.3074,0.0454484,0.0304608,0.0442505,0,0,-5,0.0454484,0.0304608,5.04425,5.04455,0.0643683,0.0512413,0.0224682,0,0,0
1780638702744436,37.3234,0.0449913,0.030417,0.044281,0,0,-5,0.0449913,0.030417,5.04428,5.04457,0.0632035,0.0500728,0.0220369,0,0,0
1780638702768436,37.3474,0.0444359,0.0304208,0.0443726,0,0,-5,0.0444359,0.0304208,5.04437,5.04466,0.0624653,0.0495653,0.0212486,0,0,0
1780638702784436,37.3634,0.0441509,0.0304599,0.0444336,0,0,-5,0.0441509,0.0304599,5.04443,5.04472,0.0616402,0.0491,0.0209657,0,0,0
1780638702808436,37.3874,0.0438449,0.0305822,0.0445862,0,0,-5,0.0438449,0.0305822,5.04459,5.04487,0.0608988,0.0488531,0.0221098,0,0,0
1780638702824436,37.4034,0.0437252,0.0307128,0.0447388,0,0,-5,0.0437252,0.0307128,5.04474,5.04502,0.0614733,0.0494888,0.0232173,0,0,0
1780638702848436,37.4274,0.0436521,0.0309777,0.0449524,0,0,-5,0.0436521,0.0309777,5.04495,5.04524,0.060882,0.0496084,0.0231256,0,0,0
1780638702864436,37.4434,0.0436963,0.0311995,0.045105,0,0,-5,0.0436963,0.0311995,5.0451,5.04539,0.0624123,0.049691,0.0226422,0,0,0
1780638702888436,37.4674,0.043881,0.0316044,0.0453491,0,0,-5,0.043881,0.0316044,5.04535,5.04564,0.0617176,0.0508461,0.0226125,0,0,0
1780638702904436,37.4834,0.0440648,0.0319262,0.0455322,0,0,-5,0.0440648,0.0319262,5.04553,5.04583,0.0616734,0.0518432,0.0226509,0,0,0
1780638702928436,37.5074,0.0444345,0.0324729,0.0457458,0,0,-5,0.0444345,0.0324729,5.04575,5.04605,0.0614922,0.0518904,0.0219733,0,0,0
1780638702944436,37.5234,0.0447398,0.0328664,0.0458984,0,0,-5,0.0447398,0.0328664,5.0459,5.0462,0.0615942,0.0522011,0.020921,0,0,0
1780638702968436,37.5474,0.0452731,0.0335111,0.0461426,0,0,-5,0.0452731,0.0335111,5.04614,5.04646,0.0607534,0.0530371,0.0202196,0,0,0
1780638702984436,37.5634,0.0442508,0.0331554,0.045929,0,0,-5,0.0442508,0.0331554,5.04593,5.04623,0.0602109,0.0544649,0.0198902,0,0,0
1780638703008436,37.5874,0.0429027,0.0327517,0.0456238,0,0,-5,0.0429027,0.0327517,5.04562,5.04591,0.059331,0.0535209,0.0196892,0,0,0
1780638703024436,37.6034,0.0421124,0.0325451,0.0454712,0,0,-5,0.0421124,0.0325451,5.04547,5.04575,0.0579326,0.054143,0.0202595,0,0,0
1780638703048436,37.6274,0.0410646,0.0323579,0.0452881,0,0,-5,0.0410646,0.0323579,5.04529,5.04556,0.0560249,0.0549656,0.0196434,0,0,0
1780638703064436,37.6434,0.0404574,0.0323049,0.045166,0,0,-5,0.0404574,0.0323049,5.04517,5.04543,0.0548553,0.0546243,0.0194459,0,0,0
1780638703088436,37.6674,0.0397098,0.0322884,0.0450439,0,0,-5,0.0397098,0.0322884,5.04504,5.0453,0.0553121,0.0538146,0.0178861,0,0,0
1780638703104436,37.6834,0.0393003,0.0323294,0.0449524,0,0,-5,0.0393003,0.0323294,5.04495,5.04521,0.0537769,0.0547062,0.0168981,0,0,0
1780638703128436,37.7074,0.0387806,0.0324802,0.0448303,0,0,-5,0.0387806,0.0324802,5.04483,5.04508,0.0518535,0.0541383,0.016506,0,0,0
1780638703144436,37.7234,0.0384948,0.0326372,0.0447693,0,0,-5,0.0384948,0.0326372,5.04477,5.04502,0.0509971,0.0548991,0.0166601,0,0,0
1780638703168436,37.7474,0.0381746,0.0329366,0.0447388,0,0,-5,0.0381746,0.0329366,5.04474,5.04499,0.0503043,0.0553463,0.0164634,0,0,0
1780638703184436,37.7634,0.0380341,0.0332004,0.0447388,0,0,-5,0.0380341,0.0332004,5.04474,5.04499,0.0499188,0.0560127,0.0169326,0,0,0
1780638703208436,37.7874,0.0379294,0.0336454,0.0447998,0,0,-5,0.0379294,0.0336454,5.0448,5.04505,0.050349,0.0546526,0.0181107,0,0,0
1780638703224436,37.8034,0.0379029,0.0339576,0.0448303,0,0,-5,0.0379029,0.0339576,5.04483,5.04509,0.0498747,0.0538905,0.0177871,0,0,0
1780638703248436,37.8274,0.0379856,0.0344667,0.0449219,0,0,-5,0.0379856,0.0344667,5.04492,5.04518,0.0515863,0.0535823,0.0178566,0,0,0
1780638703264436,37.8434,0.0381133,0.0348356,0.0449829,0,0,-5,0.0381133,0.0348356,5.04498,5.04525,0.0510713,0.0527163,0.0167691,0,0,0
1780638703288436,37.8674,0.0383815,0.0354249,0.045105,0,0,-5,0.0383815,0.0354249,5.0451,5.04538,0.0519834,0.0533057,0.0172739,0,0,0
1780638703304436,37.8834,0.0386253,0.0358571,0.0452271,0,0,-5,0.0386253,0.0358571,5.04523,5.0455,0.0518153,0.0531755,0.0173138,0,0,0
1780638703328436,37.9074,0.0390703,0.0365628,0.0454102,0,0,-5,0.0390703,0.0365628,5.04541,5.04569,0.0530852,0.0542304,0.017898,0,0,0
1780638703344436,37.9234,0.0394457,0.0370761,0.0455322,0,0,-5,0.0394457,0.0370761,5.04553,5.04582,0.0546302,0.0549192,0.0185588,0,0,0
1780638703368436,37.9474,0.0400941,0.0378847,0.0458069,0,0,-5,0.0400941,0.0378847,5.04581,5.04611,0.0553172,0.056098,0.0179188,0,0,0
1780638703384436,37.9634,0.0393304,0.0373038,0.0456238,0,0,-5,0.0393304,0.0373038,5.04562,5.04591,0.0538754,0.0553848,0.0176541,0,0,0
1780638703408436,37.9874,0.0383449,0.0365597,0.0453796,0,0,-5,0.0383449,0.0365597,5.04538,5.04566,0.0540603,0.0541488,0.0173189,0,0,0
1780638703424436,38.0034,0.0377909,0.0361366,0.0452271,0,0,-5,0.0377909,0.0361366,5.04523,5.0455,0.0532314,0.0540414,0.0168675,0,0,0
1780638703448436,38.0274,0.0370933,0.0356279,0.0450745,0,0,-5,0.0370933,0.0356279,5.04507,5.04534,0.0529279,0.054034,0.0176146,0,0,0
1780638703464436,38.0434,0.0367179,0.0353523,0.0449829,0,0,-5,0.0367179,0.0353523,5.04498,5.04524,0.0524098,0.0527739,0.0172077,0,0,0
1780638703488436,38.0674,0.0362722,0.0350407,0.0448608,0,0,-5,0.0362722,0.0350407,5.04486,5.04511,0.0509702,0.05368,0.0184606,0,0,0
1780638703504436,38.0834,0.0360502,0.0349014,0.0448303,0,0,-5,0.0360502,0.0349014,5.04483,5.04508,0.0510057,0.053871,0.0188264,0,0,0
1780638703528436,38.1074,0.0358252,0.034797,0.0447693,0,0,-5,0.0358252,0.034797,5.04477,5.04502,0.0499189,0.0548408,0.0189238,0,0,0
1780638703544436,38.1234,0.0357294,0.0347988,0.0447998,0,0,-5,0.0357294,0.0347988,5.0448,5.04505,0.0492007,0.0548582,0.0190712,0,0,0
1780638703568436,38.1474,0.0356705,0.034873,0.0448608,0,0,-5,0.0356705,0.034873,5.04486,5.04511,0.0480661,0.0544716,0.0178335,0,0,0
1780638703584527,38.1635,0.0356863,0.0349713,0.0448914,0,0,-5,0.0356863,0.0349713,5.04489,5.04514,0.0482421,0.0547154,0.018503,0,0,0
1780638703608527,38.1875,0.0357876,0.0352206,0.0449829,0,0,-5,0.0357876,0.0352206,5.04498,5.04523,0.0480097,0.0556102,0.0172874,0,0,0
1780638703624527,38.2035,0.0359248,0.0354296,0.0450439,0,0,-5,0.0359248,0.0354296,5.04504,5.0453,0.0482899,0.0548896,0.0167883,0,0,0
1780638703648527,38.2275,0.0361924,0.0358015,0.045166,0,0,-5,0.0361924,0.0358015,5.04517,5.04542,0.0481581,0.0538809,0.0162612,0,0,0
1780638703664527,38.2435,0.0364279,0.0360869,0.0452576,0,0,-5,0.0364279,0.0360869,5.04526,5.04552,0.0483676,0.0545719,0.0154312,0,0,0
1780638703688527,38.2675,0.0368686,0.0365964,0.0453796,0,0,-5,0.0368686,0.0365964,5.04538,5.04565,0.0490511,0.056321,0.0148175,0,0,0
1780638703704527,38.2835,0.0372163,0.0369931,0.0455017,0,0,-5,0.0372163,0.0369931,5.0455,5.04577,0.0497215,0.0564522,0.0148624,0,0,0
1780638703728527,38.3075,0.0378032,0.0376501,0.0456848,0,0,-5,0.0378032,0.0376501,5.04568,5.04597,0.0487677,0.0576185,0.0157791,0,0,0
1780638703744527,38.3235,0.0382326,0.038147,0.0458374,0,0,-5,0.0382326,0.038147,5.04584,5.04613,0.0496179,0.0592949,0.0165453,0,0,0
1780638703768527,38.3475,0.0389279,0.0390064,0.0460815,0,0,-5,0.0389279,0.0390064,5.04608,5.04638,0.0488074,0.0622795,0.0171417,0,0,0
1780638703784527,38.3635,0.0381956,0.0385115,0.0457458,0,0,-5,0.0381956,0.0385115,5.04575,5.04604,0.0483133,0.0623401,0.0173024,0,0,0
1780638703800527,38.3795,0.0375491,0.0380975,0.0454407,0,0,-5,0.0375491,0.0380975,5.04544,5.04572,0.0482359,0.0628629,0.0178,0,0,0
1780638703824527,38.4035,0.0367022,0.0376242,0.0450439,0,0,-5,0.0367022,0.0376242,5.04504,5.04532,0.0465438,0.0626674,0.0175954,0,0,0
1780638703848527,38.4275,0.0360315,0.0373192,0.0447083,0,0,-5,0.0360315,0.0373192,5.04471,5.04497,0.0475737,0.0643845,0.0182547,0,0,0
1780638703864527,38.4435,0.0356904,0.0372094,0.0445251,0,0,-5,0.0356904,0.0372094,5.04453,5.04479,0.0482836,0.0647531,0.0171441,0,0,0
1780638703880527,38.4595,0.0354009,0.0371664,0.0443726,0,0,-5,0.0354009,0.0371664,5.04437,5.04463,0.0467078,0.0651005,0.0164285,0,0,0
1780638703904527,38.4835,0.0350531,0.0371862,0.0441589,0,0,-5,0.0350531,0.0371862,5.04416,5.04442,0.0460991,0.0631433,0.0160555,0,0,0
1780638703928527,38.5075,0.0348402,0.037298,0.0440063,0,0,-5,0.0348402,0.037298,5.04401,5.04426,0.0467684,0.0633763,0.0162579,0,0,0
1780638703944527,38.5235,0.034775,0.037442,0.0438843,0,0,-5,0.034775,0.037442,5.04388,5.04414,0.0472218,0.0640659,0.0159802,0,0,0
1780638703968527,38.5475,0.0347774,0.0377549,0.0437927,0,0,-5,0.0347774,0.0377549,5.04379,5.04405,0.0466673,0.0641782,0.0171857,0,0,0
1780638703984527,38.5635,0.0348289,0.0380206,0.0437622,0,0,-5,0.0348289,0.0380206,5.04376,5.04403,0.046019,0.0645595,0.0171406,0,0,0
1780638704000527,38.5795,0.0348996,0.03834,0.0437317,0,0,-5,0.0348996,0.03834,5.04373,5.044,0.0446755,0.065786,0.0161348,0,0,0
1780638704024527,38.6035,0.0350996,0.0388914,0.0437317,0,0,-5,0.0350996,0.0388914,5.04373,5.044,0.0462864,0.0654876,0.0161547,0,0,0
1780638704048527,38.6275,0.035411,0.0395739,0.0437622,0,0,-5,0.035411,0.0395739,5.04376,5.04404,0.0475546,0.0675858,0.0163227,0,0,0
1780638704064527,38.6435,0.0356838,0.0400721,0.0437927,0,0,-5,0.0356838,0.0400721,5.04379,5.04408,0.0491432,0.0680941,0.0176379,0,0,0
1780638704088527,38.6675,0.036209,0.0409156,0.0438843,0,0,-5,0.036209,0.0409156,5.04388,5.04418,0.0514054,0.0698334,0.0171271,0,0,0
1780638704104527,38.6835,0.0366176,0.0415319,0.0439453,0,0,-5,0.0366176,0.0415319,5.04395,5.04425,0.0510539,0.0702867,0.0170185,0,0,0
1780638704128527,38.7075,0.0372879,0.0425123,0.0440979,0,0,-5,0.0372879,0.0425123,5.0441,5.04441,0.0515676,0.0694316,0.0178748,0,0,0
1780638704144527,38.7235,0.0377805,0.0431933,0.04422,0,0,-5,0.0377805,0.0431933,5.04422,5.04455,0.0521039,0.0706706,0.0186569,0,0,0
1780638704168527,38.7475,0.0385628,0.0442848,0.0444641,0,0,-5,0.0385628,0.0442848,5.04446,5.04481,0.0502493,0.0717301,0.0188394,0,0,0
1780638704184527,38.7635,0.0377397,0.0433073,0.0444031,0,0,-5,0.0377397,0.0433073,5.0444,5.04473,0.0500965,0.0712165,0.0188102,0,0,0
1780638704208527,38.7875,0.0366655,0.0420377,0.044342,0,0,-5,0.0366655,0.0420377,5.04434,5.04465,0.049562,0.0716088,0.0197008,0,0,0
1780638704224527,38.8035,0.0360591,0.041318,0.044342,0,0,-5,0.0360591,0.041318,5.04434,5.04464,0.0498213,0.0711868,0.0190332,0,0,0
1780638704248527,38.8275,0.0353035,0.0404136,0.044342,0,0,-5,0.0353035,0.0404136,5.04434,5.04463,0.0495657,0.0712419,0.0185796,0,0,0
1780638704264527,38.8435,0.0348814,0.0399151,0.0443726,0,0,-5,0.0348814,0.0399151,5.04437,5.04465,0.0496292,0.0707513,0.0187197,0,0,0
1780638704280527,38.8595,0.0345341,0.0394897,0.0444336,0,0,-5,0.0345341,0.0394897,5.04443,5.04471,0.0495168,0.0706414,0.0189611,0,0,0
1780638704304527,38.8835,0.0341172,0.0390074,0.0445557,0,0,-5,0.0341172,0.0390074,5.04456,5.04482,0.0482664,0.0708976,0.0195558,0,0,0
1780638704328527,38.9075,0.0338203,0.0386794,0.0446777,0,0,-5,0.0338203,0.0386794,5.04468,5.04494,0.0479979,0.0704149,0.0184173,0,0,0
1780638704344527,38.9235,0.033688,0.0385314,0.0447998,0,0,-5,0.033688,0.0385314,5.0448,5.04506,0.0481421,0.0694443,0.0183243,0,0,0
1780638704368527,38.9475,0.0336113,0.0384261,0.0449524,0,0,-5,0.0336113,0.0384261,5.04495,5.04521,0.0493889,0.0699804,0.0175422,0,0,0
1780638704384527,38.9635,0.0336322,0.0384289,0.0450745,0,0,-5,0.0336322,0.0384289,5.04507,5.04533,0.0497935,0.0690956,0.0174718,0,0,0
1780638704408527,38.9875,0.0337707,0.0385179,0.0452271,0,0,-5,0.0337707,0.0385179,5.04523,5.04549,0.0501714,0.0683914,0.0166844,0,0,0
1780638704424527,39.0035,0.033918,0.0386403,0.0453491,0,0,-5,0.033918,0.0386403,5.04535,5.04561,0.0502494,0.0695605,0.0158316,0,0,0
1780638704448527,39.0275,0.0342228,0.0389109,0.0455627,0,0,-5,0.0342228,0.0389109,5.04556,5.04583,0.0504122,0.0677553,0.0157783,0,0,0
1780638704464527,39.0435,0.0344813,0.0391381,0.0457153,0,0,-5,0.0344813,0.0391381,5.04572,5.04598,0.050863,0.0680208,0.0151098,0,0,0
1780638704488527,39.0675,0.0349286,0.0396042,0.045929,0,0,-5,0.0349286,0.0396042,5.04593,5.04621,0.0505829,0.0695635,0.0145835,0,0,0
1780638704504527,39.0835,0.0352725,0.0399752,0.0460815,0,0,-5,0.0352725,0.0399752,5.04608,5.04636,0.0512678,0.0709699,0.0155415,0,0,0
1780638704528527,39.1075,0.0358969,0.0406356,0.0463257,0,0,-5,0.0358969,0.0406356,5.04633,5.04662,0.0542116,0.0710839,0.0152059,0,0,0
1780638704544527,39.1235,0.0363839,0.0411257,0.0464783,0,0,-5,0.0363839,0.0411257,5.04648,5.04678,0.055376,0.0711491,0.0148114,0,0,0
1780638704568527,39.1475,0.037185,0.0419492,0.0466919,0,0,-5,0.037185,0.0419492,5.04669,5.047,0.0552757,0.0727515,0.0138055,0,0,0
1780638704584619,39.1636,0.0363406,0.0415013,0.0465088,0,0,-5,0.0363406,0.0415013,5.04651,5.04681,0.0526567,0.073127,0.0140561,0,0,0
1780638704608619,39.1876,0.0352105,0.0410003,0.0462646,0,0,-5,0.0352105,0.0410003,5.04626,5.04655,0.052219,0.073184,0.014855,0,0,0
1780638704624619,39.2036,0.0345696,0.0407597,0.0461426,0,0,-5,0.0345696,0.0407597,5.04614,5.04643,0.0519848,0.0734367,0.0158433,0,0,0
1780638704648619,39.2276,0.0337501,0.0405531,0.046051,0,0,-5,0.0337501,0.0405531,5.04605,5.04633,0.0520386,0.0742914,0.0166054,0,0,0
1780638704664619,39.2436,0.0332982,0.0405162,0.04599,0,0,-5,0.0332982,0.0405162,5.04599,5.04626,0.0517324,0.0753305,0.0165345,0,0,0
1780638704688619,39.2676,0.0327589,0.0406057,0.0459595,0,0,-5,0.0327589,0.0406057,5.04596,5.04623,0.0521272,0.0762167,0.0175923,0,0,0
1780638704704619,39.2836,0.0324852,0.0407573,0.0459595,0,0,-5,0.0324852,0.0407573,5.04596,5.04623,0.0518357,0.0771871,0.0177413,0,0,0
1780638704728619,39.3076,0.0321566,0.0410681,0.0460205,0,0,-5,0.0321566,0.0410681,5.04602,5.04629,0.0503923,0.0751451,0.0191881,0,0,0
1780638704744619,39.3236,0.0320096,0.0413292,0.046051,0,0,-5,0.0320096,0.0413292,5.04605,5.04632,0.0507511,0.0754394,0.0187607,0,0,0
1780638704768619,39.3476,0.0318944,0.0418224,0.0461426,0,0,-5,0.0318944,0.0418224,5.04614,5.04642,0.0504489,0.0760706,0.0196479,0,0,0
1780638704784619,39.3636,0.0318721,0.0421993,0.0462341,0,0,-5,0.0318721,0.0421993,5.04623,5.04651,0.050326,0.0759583,0.0200788,0,0,0
1780638704808619,39.3876,0.0319473,0.0428636,0.0463867,0,0,-5,0.0319473,0.0428636,5.04639,5.04667,0.0517402,0.0766248,0.0190197,0,0,0
1780638704824619,39.4036,0.0320638,0.0433654,0.0465088,0,0,-5,0.0320638,0.0433654,5.04651,5.0468,0.0509184,0.0766738,0.0194525,0,0,0
1780638704848619,39.4276,0.032321,0.0441899,0.0466919,0,0,-5,0.032321,0.0441899,5.04669,5.04699,0.0514942,0.0764414,0.0185178,0,0,0
1780638704864619,39.4436,0.0325417,0.0447963,0.0467834,0,0,-5,0.0325417,0.0447963,5.04678,5.04709,0.0513466,0.0777472,0.0190668,0,0,0
1780638704888619,39.4676,0.0329459,0.0457941,0.0469971,0,0,-5,0.0329459,0.0457941,5.047,5.04731,0.0519907,0.0782326,0.0200246,0,0,0
1780638704904619,39.4836,0.0332729,0.0465141,0.0471497,0,0,-5,0.0332729,0.0465141,5.04715,5.04747,0.0522517,0.079571,0.0202895,0,0,0
1780638704928619,39.5076,0.0338599,0.047684,0.0473938,0,0,-5,0.0338599,0.047684,5.04739,5.04773,0.0538984,0.080306,0.0197382,0,0,0
1780638704944619,39.5236,0.0343229,0.0485188,0.0475769,0,0,-5,0.0343229,0.0485188,5.04758,5.04793,0.0547592,0.0817917,0.0203039,0,0,0
1780638704968619,39.5476,0.0350856,0.0498302,0.047821,0,0,-5,0.0350856,0.0498302,5.04782,5.04819,0.0556287,0.081968,0.0201718,0,0,0
1780638704984619,39.5636,0.0344361,0.049459,0.0478516,0,0,-5,0.0344361,0.049459,5.04785,5.04821,0.0555319,0.0815741,0.0197331,0,0,0
1780638705008619,39.5876,0.0336052,0.0490587,0.0479431,0,0,-5,0.0336052,0.0490587,5.04794,5.04829,0.0539504,0.0815949,0.0192152,0,0,0
1780638705024619,39.6036,0.0331292,0.0488932,0.0480347,0,0,-5,0.0331292,0.0488932,5.04803,5.04838,0.0530105,0.0812259,0.0203001,0,0,0
1780638705040619,39.6196,0.0327183,0.0487986,0.0481262,0,0,-5,0.0327183,0.0487986,5.04813,5.04847,0.0527312,0.0807844,0.0198817,0,0,0
1780638705064619,39.6436,0.0322321,0.0487899,0.0482788,0,0,-5,0.0322321,0.0487899,5.04828,5.04862,0.0520509,0.0806318,0.0197338,0,0,0
1780638705088619,39.6676,0.0318672,0.0489167,0.0484924,0,0,-5,0.0318672,0.0489167,5.04849,5.04883,0.0504379,0.0802493,0.0191898,0,0,0
1780638705104619,39.6836,0.0316949,0.0490864,0.0486145,0,0,-5,0.0316949,0.0490864,5.04861,5.04895,0.0514526,0.0807812,0.0192971,0,0,0
1780638705120619,39.6996,0.0315889,0.0493213,0.0487671,0,0,-5,0.0315889,0.0493213,5.04877,5.04911,0.0511362,0.0812172,0.0190902,0,0,0
1780638705144619,39.7236,0.0315208,0.0497739,0.0490112,0,0,-5,0.0315208,0.0497739,5.04901,5.04935,0.0506957,0.0811184,0.0199119,0,0,0
1780638705168619,39.7476,0.0315766,0.0503586,0.0492859,0,0,-5,0.0315766,0.0503586,5.04929,5.04964,0.0520044,0.0816891,0.0202959,0,0,0
1780638705184619,39.7636,0.0316836,0.0508112,0.0494995,0,0,-5,0.0316836,0.0508112,5.0495,5.04985,0.0525048,0.0812388,0.0195859,0,0,0
1780638705208619,39.7876,0.0319258,0.0515596,0.0498352,0,0,-5,0.0319258,0.0515596,5.04984,5.0502,0.0513802,0.0808662,0.0205586,0,0,0
1780638705224619,39.8036,0.0321296,0.0521144,0.0500488,0,0,-5,0.0321296,0.0521144,5.05005,5.05042,0.0517343,0.0812782,0.0203402,0,0,0
1780638705240619,39.8196,0.0323834,0.052711,0.050293,0,0,-5,0.0323834,0.052711,5.05029,5.05067,0.0515948,0.0811334,0.0199869,0,0,0
1780638705264619,39.8436,0.0328186,0.0536665,0.0506897,0,0,-5,0.0328186,0.0536665,5.05069,5.05108,0.0515846,0.0807816,0.0198824,0,0,0
1780638705280619,39.8596,0.0331485,0.0543571,0.0509338,0,0,-5,0.0331485,0.0543571,5.05093,5.05134,0.0502384,0.0812095,0.0194967,0,0,0
1780638705304619,39.8836,0.0336947,0.0554546,0.0513611,0,0,-5,0.0336947,0.0554546,5.05136,5.05178,0.0499262,0.08074,0.0201078,0,0,0
1780638705328619,39.9076,0.0342923,0.0566371,0.0518494,0,0,-5,0.0342923,0.0566371,5.05185,5.05228,0.0488623,0.0823079,0.0210797,0,0,0
1780638705344619,39.9236,0.0347208,0.0574798,0.0521545,0,0,-5,0.0347208,0.0574798,5.05215,5.0526,0.0485486,0.0816719,0.021827,0,0,0
1780638705368619,39.9476,0.0353812,0.0587626,0.0526733,0,0,-5,0.0353812,0.0587626,5.05267,5.05314,0.0490003,0.0816424,0.0228745,0,0,0
1780638705384619,39.9636,0.0348223,0.0578262,0.0525818,0,0,-5,0.0348223,0.0578262,5.05258,5.05303,0.0498459,0.0818216,0.0217346,0,0,0
1780638705408619,39.9876,0.0341298,0.0566463,0.0524902,0,0,-5,0.0341298,0.0566463,5.05249,5.05292,0.048509,0.0823013,0.0218531,0,0,0
1780638705424619,40.0036,0.0337448,0.0559893,0.0524597,0,0,-5,0.0337448,0.0559893,5.05246,5.05288,0.0483129,0.0811826,0.0209363,0,0,0
1780638705448619,40.0276,0.0332625,0.0551892,0.0524597,0,0,-5,0.0332625,0.0551892,5.05246,5.05287,0.0465799,0.0818487,0.0200017,0,0,0
1780638705464619,40.0436,0.0329972,0.0547732,0.0524597,0,0,-5,0.0329972,0.0547732,5.05246,5.05286,0.0453315,0.0805921,0.0199765,0,0,0
1780638705488619,40.0676,0.0326921,0.0543106,0.0524902,0,0,-5,0.0326921,0.0543106,5.05249,5.05289,0.0449241,0.0818187,0.019574,0,0,0
1780638705504619,40.0836,0.032554,0.0541104,0.0525208,0,0,-5,0.032554,0.0541104,5.05252,5.05292,0.0442812,0.0814115,0.0195063,0,0,0
1780638705528619,40.1076,0.0324277,0.053951,0.0526428,0,0,-5,0.0324277,0.053951,5.05264,5.05303,0.0432654,0.0814381,0.0197712,0,0,0
1780638705544619,40.1236,0.032397,0.0539364,0.0527039,0,0,-5,0.032397,0.0539364,5.0527,5.0531,0.043924,0.0815637,0.0194108,0,0,0
1780638705568619,40.1476,0.0324546,0.0540558,0.0528259,0,0,-5,0.0324546,0.0540558,5.05283,5.05322,0.0445452,0.0820475,0.019478,0,0,0
1780638705584619,40.1636,0.0325708,0.0542195,0.052948,0,0,-5,0.0325708,0.0542195,5.05295,5.05334,0.0460788,0.0829738,0.0193502,0,0,0
1780638705608711,40.1877,0.0328271,0.0546051,0.0531006,0,0,-5,0.0328271,0.0546051,5.0531,5.0535,0.0449329,0.0838804,0.0185494,0,0,0
1780638705624711,40.2037,0.033039,0.0549413,0.0532227,0,0,-5,0.033039,0.0549413,5.05322,5.05363,0.0456793,0.0836597,0.0186914,0,0,0
1780638705640711,40.2197,0.0332948,0.055335,0.0533447,0,0,-5,0.0332948,0.055335,5.05334,5.05376,0.0458124,0.0845417,0.0183838,0,0,0
1780638705664711,40.2437,0.0337494,0.0560338,0.0535278,0,0,-5,0.0337494,0.0560338,5.05353,5.05395,0.0454825,0.0846935,0.0165817,0,0,0
1780638705688711,40.2677,0.034281,0.0568573,0.0537415,0,0,-5,0.034281,0.0568573,5.05374,5.05418,0.0467334,0.0845651,0.0179798,0,0,0
1780638705704711,40.2837,0.0346913,0.0574499,0.053894,0,0,-5,0.0346913,0.0574499,5.05389,5.05434,0.0478707,0.0839091,0.0172791,0,0,0
1780638705728711,40.3077,0.0353778,0.0584412,0.0541687,0,0,-5,0.0353778,0.0584412,5.05417,5.05463,0.0488572,0.0869028,0.0177414,0,0,0
1780638705744711,40.3237,0.0358808,0.0591802,0.0543518,0,0,-5,0.0358808,0.0591802,5.05435,5.05483,0.0494756,0.0871253,0.0176085,0,0,0
1780638705768711,40.3477,0.0366737,0.0603773,0.0546875,0,0,-5,0.0366737,0.0603773,5.05469,5.05518,0.0486971,0.0876305,0.0182679,0,0,0
1780638705784711,40.3637,0.0364408,0.0593585,0.0544739,0,0,-5,0.0364408,0.0593585,5.05447,5.05495,0.0491433,0.0868821,0.0177641,0,0,0
1780638705800711,40.3797,0.0362699,0.0584576,0.0542908,0,0,-5,0.0362699,0.0584576,5.05429,5.05476,0.0483914,0.0873697,0.0179028,0,0,0
1780638705824711,40.4037,0.0361281,0.057343,0.0540466,0,0,-5,0.0361281,0.057343,5.05405,5.0545,0.0492603,0.0872547,0.0175619,0,0,0
1780638705848711,40.4277,0.0361031,0.0564499,0.053894,0,0,-5,0.0361031,0.0564499,5.05389,5.05434,0.0483002,0.0854787,0.0200808,0,0,0
1780638705864711,40.4437,0.0361411,0.0559703,0.0538635,0,0,-5,0.0361411,0.0559703,5.05386,5.0543,0.0479709,0.0856794,0.0201963,0,0,0
1780638705888711,40.4677,0.0362996,0.0554193,0.0537415,0,0,-5,0.0362996,0.0554193,5.05374,5.05418,0.0485916,0.0841771,0.0193605,0,0,0
1780638705904711,40.4837,0.0364525,0.0551505,0.0537109,0,0,-5,0.0364525,0.0551505,5.05371,5.05414,0.0480757,0.0839056,0.018825,0,0,0
1780638705928711,40.5077,0.0367644,0.0548877,0.0536499,0,0,-5,0.0367644,0.0548877,5.05365,5.05408,0.0487589,0.083281,0.0193292,0,0,0
1780638705944711,40.5237,0.0370372,0.0548017,0.0536194,0,0,-5,0.0370372,0.0548017,5.05362,5.05405,0.0490741,0.0837221,0.0175921,0,0,0
1780638705960711,40.5397,0.0373407,0.0548009,0.0535583,0,0,-5,0.0373407,0.0548009,5.05356,5.05399,0.0488655,0.0840595,0.0186992,0,0,0
1780638705984711,40.5637,0.0378674,0.0549359,0.0535583,0,0,-5,0.0378674,0.0549359,5.05356,5.054,0.0497067,0.0842323,0.0193031,0,0,0
1780638706008711,40.5877,0.0384941,0.055224,0.0535889,0,0,-5,0.0384941,0.055224,5.05359,5.05404,0.0507067,0.0848688,0.0199472,0,0,0
1780638706024711,40.6037,0.0389619,0.0555056,0.0537109,0,0,-5,0.0389619,0.0555056,5.05371,5.05417,0.0521909,0.0854857,0.020263,0,0,0
1780638706048711,40.6277,0.0397516,0.0560465,0.0539246,0,0,-5,0.0397516,0.0560465,5.05392,5.05439,0.0536236,0.0854873,0.019138,0,0,0
1780638706064711,40.6437,0.0403266,0.0564861,0.0540466,0,0,-5,0.0403266,0.0564861,5.05405,5.05452,0.0544044,0.0862566,0.0182222,0,0,0
1780638706088711,40.6677,0.0412465,0.0572408,0.0542297,0,0,-5,0.0412465,0.0572408,5.05423,5.05472,0.0535983,0.0856918,0.0165484,0,0,0
1780638706104711,40.6837,0.041877,0.0577954,0.0543213,0,0,-5,0.041877,0.0577954,5.05432,5.05483,0.052562,0.0857355,0.0150095,0,0,0
1780638706128711,40.7077,0.0428347,0.0587251,0.0544739,0,0,-5,0.0428347,0.0587251,5.05447,5.055,0.0525774,0.0861544,0.0162368,0,0,0
1780638706144711,40.7237,0.0434979,0.0594012,0.0545959,0,0,-5,0.0434979,0.0594012,5.0546,5.05513,0.0528301,0.0862031,0.0163582,0,0,0
1780638706168711,40.7477,0.044519,0.0604802,0.0548096,0,0,-5,0.044519,0.0604802,5.05481,5.05537,0.0530036,0.0850386,0.0157653,0,0,0
1780638706184711,40.7637,0.044255,0.0593912,0.0545654,0,0,-5,0.044255,0.0593912,5.05457,5.05511,0.0522636,0.0846291,0.0150618,0,0,0
1780638706208711,40.7877,0.0439872,0.057981,0.0542297,0,0,-5,0.0439872,0.057981,5.05423,5.05475,0.052636,0.0838393,0.0162383,0,0,0
1780638706224711,40.8037,0.0438791,0.0571769,0.0540771,0,0,-5,0.0438791,0.0571769,5.05408,5.05459,0.051956,0.0833677,0.0160708,0,0,0
1780638706248711,40.8277,0.0438247,0.0561618,0.0538635,0,0,-5,0.0438247,0.0561618,5.05386,5.05437,0.0524682,0.0826499,0.0150289,0,0,0
1780638706264711,40.8437,0.0438459,0.0556135,0.0537415,0,0,-5,0.0438459,0.0556135,5.05374,5.05424,0.05188,0.081976,0.0139832,0,0,0
1780638706288711,40.8677,0.0439903,0.0549648,0.0535889,0,0,-5,0.0439903,0.0549648,5.05359,5.05408,0.0526784,0.0825608,0.0132592,0,0,0
1780638706304711,40.8837,0.0441307,0.0546527,0.0534668,0,0,-5,0.0441307,0.0546527,5.05347,5.05395,0.0521107,0.0830231,0.0129701,0,0,0
1780638706328711,40.9077,0.0444144,0.0543417,0.0532837,0,0,-5,0.0444144,0.0543417,5.05328,5.05377,0.0527818,0.0820563,0.0126731,0,0,0
1780638706344711,40.9237,0.0446709,0.0542287,0.0531616,0,0,-5,0.0446709,0.0542287,5.05316,5.05365,0.0534582,0.0823551,0.0123501,0,0,0
1780638706368711,40.9477,0.0451578,0.0541735,0.0530396,0,0,-5,0.0451578,0.0541735,5.05304,5.05353,0.054378,0.0803729,0.0111615,0,0,0
1780638706384711,40.9637,0.0455341,0.0542072,0.052948,0,0,-5,0.0455341,0.0542072,5.05295,5.05344,0.0545944,0.0806237,0.0110279,0,0,0
1780638706400711,40.9797,0.0459428,0.0543131,0.0529175,0,0,-5,0.0459428,0.0543131,5.05292,5.05342,0.0544475,0.080526,0.0111785,0,0,0
1780638706424711,41.0037,0.0466321,0.0545872,0.0528564,0,0,-5,0.0466321,0.0545872,5.05286,5.05337,0.0562836,0.0804983,0.0109989,0,0,0
1780638706440711,41.0197,0.0471472,0.0548395,0.0528259,0,0,-5,0.0471472,0.0548395,5.05283,5.05334,0.0563835,0.0804086,0.0102464,0,0,0
1780638706464711,41.0437,0.0479789,0.0553441,0.0527954,0,0,-5,0.0479789,0.0553441,5.0528,5.05333,0.0583716,0.0811464,0.00937674,0,0,0
1780638706488711,41.0677,0.0489246,0.0559871,0.0527649,0,0,-5,0.0489246,0.0559871,5.05276,5.05331,0.0597027,0.0818598,0.00917844,0,0,0
1780638706504711,41.0837,0.0495815,0.0564723,0.0527649,0,0,-5,0.0495815,0.0564723,5.05276,5.05332,0.0582872,0.0818215,0.00892447,0,0,0
1780638706528711,41.1077,0.0505878,0.0572955,0.0527344,0,0,-5,0.0505878,0.0572955,5.05273,5.05331,0.0581423,0.0820401,0.00943284,0,0,0
1780638706544711,41.1237,0.0512967,0.0579126,0.0527039,0,0,-5,0.0512967,0.0579126,5.0527,5.0533,0.058735,0.0837253,0.00947716,0,0,0
1780638706568711,41.1477,0.0524104,0.0589442,0.0527039,0,0,-5,0.0524104,0.0589442,5.0527,5.05332,0.059461,0.0832374,0.0102104,0,0,0
1780638706584711,41.1637,0.0519405,0.057899,0.0523682,0,0,-5,0.0519405,0.057899,5.05237,5.05297,0.0587679,0.0815641,0.0101011,0,0,0
1780638706608711,41.1877,0.0513693,0.0565292,0.0519409,0,0,-5,0.0513693,0.0565292,5.05194,5.05252,0.057604,0.080918,0.00976297,0,0,0
1780638706624802,41.2038,0.0510559,0.0557517,0.0516968,0,0,-5,0.0510559,0.0557517,5.0517,5.05226,0.0565368,0.0796561,0.0107048,0,0,0
1780638706640802,41.2198,0.0508048,0.0550699,0.0514832,0,0,-5,0.0508048,0.0550699,5.05148,5.05204,0.0563066,0.0787683,0.0116156,0,0,0
1780638706664802,41.2438,0.050538,0.0542138,0.051239,0,0,-5,0.050538,0.0542138,5.05124,5.05178,0.0555513,0.0776634,0.0120163,0,0,0
1780638706688802,41.2678,0.0504349,0.053543,0.0510559,0,0,-5,0.0504349,0.053543,5.05106,5.05159,0.0583572,0.0766166,0.0121935,0,0,0
1780638706704802,41.2838,0.0504596,0.05321,0.0509338,0,0,-5,0.0504596,0.05321,5.05093,5.05147,0.0584701,0.0773684,0.0104272,0,0,0
1780638706728802,41.3078,0.050579,0.0528687,0.0507507,0,0,-5,0.050579,0.0528687,5.05075,5.05128,0.0585631,0.0776783,0.00992812,0,0,0
1780638706744802,41.3238,0.0507297,0.0527503,0.0506592,0,0,-5,0.0507297,0.0527503,5.05066,5.05119,0.0592592,0.0779166,0.00983767,0,0,0
1780638706768802,41.3478,0.0510605,0.0526991,0.0504761,0,0,-5,0.0510605,0.0526991,5.05048,5.05101,0.0596104,0.0773508,0.00785043,0,0,0
1780638706784802,41.3638,0.0513337,0.05276,0.0503845,0,0,-5,0.0513337,0.05276,5.05038,5.05092,0.0593594,0.0778291,0.00843043,0,0,0
1780638706808802,41.3878,0.0518225,0.0529802,0.0502625,0,0,-5,0.0518225,0.0529802,5.05026,5.05081,0.0603065,0.0784742,0.00688735,0,0,0
1780638706824802,41.4038,0.0522164,0.0532142,0.0501709,0,0,-5,0.0522164,0.0532142,5.05017,5.05072,0.0612595,0.0787096,0.00611357,0,0,0
1780638706848802,41.4278,0.0528907,0.0536795,0.0500488,0,0,-5,0.0528907,0.0536795,5.05005,5.05061,0.061578,0.0787624,0.00685208,0,0,0
1780638706864802,41.4438,0.0533861,0.0540659,0.0499878,0,0,-5,0.0533861,0.0540659,5.04999,5.05056,0.0627405,0.0793762,0.00724512,0,0,0
1780638706888802,41.4678,0.0542019,0.0547335,0.0498962,0,0,-5,0.0542019,0.0547335,5.0499,5.05048,0.0626269,0.0786481,0.00810423,0,0,0
1780638706904802,41.4838,0.054777,0.0552383,0.0498352,0,0,-5,0.054777,0.0552383,5.04984,5.05043,0.061853,0.0785748,0.00750476,0,0,0
1780638706928802,41.5078,0.0556983,0.0560863,0.0497742,0,0,-5,0.0556983,0.0560863,5.04977,5.05039,0.0627962,0.0787848,0.00734887,0,0,0
1780638706944802,41.5238,0.0563654,0.0566972,0.0497131,0,0,-5,0.0563654,0.0566972,5.04971,5.05035,0.0643074,0.0785907,0.00664424,0,0,0
1780638706968802,41.5478,0.0574473,0.0576914,0.0496521,0,0,-5,0.0574473,0.0576914,5.04965,5.05031,0.06563,0.0788636,0.00699998,0,0,0
1780638706984802,41.5638,0.0563593,0.0566435,0.0493469,0,0,-5,0.0563593,0.0566435,5.04935,5.04998,0.0652626,0.0776088,0.00759908,0,0,0
1780638707000802,41.5798,0.0553767,0.0556921,0.0490417,0,0,-5,0.0553767,0.0556921,5.04904,5.04965,0.0640375,0.0761564,0.00641111,0,0,0
1780638707024802,41.6038,0.0540728,0.0544743,0.048645,0,0,-5,0.0540728,0.0544743,5.04865,5.04923,0.0641473,0.0759184,0.00544999,0,0,0
1780638707048802,41.6278,0.0529901,0.0534733,0.0482483,0,0,-5,0.0529901,0.0534733,5.04825,5.04881,0.0632587,0.0752861,0.00426273,0,0,0
1780638707064802,41.6438,0.0523842,0.0529195,0.0480042,0,0,-5,0.0523842,0.0529195,5.048,5.04855,0.0639543,0.0736163,0.00289496,0,0,0
1780638707080802,41.6598,0.0518616,0.0524355,0.04776,0,0,-5,0.0518616,0.0524355,5.04776,5.0483,0.0631333,0.0724241,0.00326245,0,0,0
1780638707104802,41.6838,0.0512275,0.0518553,0.0474243,0,0,-5,0.0512275,0.0518553,5.04742,5.04795,0.0638129,0.0718169,0.00391678,0,0,0
1780638707128802,41.7078,0.0507516,0.0514367,0.0471497,0,0,-5,0.0507516,0.0514367,5.04715,5.04767,0.0621984,0.0705752,0.00423091,0,0,0
1780638707144802,41.7238,0.0504984,0.0512327,0.0469971,0,0,-5,0.0504984,0.0512327,5.047,5.04751,0.0614281,0.0700013,0.00417206,0,0,0
1780638707160802,41.7398,0.0503115,0.0511033,0.0468445,0,0,-5,0.0503115,0.0511033,5.04684,5.04735,0.0618491,0.0708731,0.00429427,0,0,0
1780638707184802,41.7638,0.0501599,0.0510483,0.0466309,0,0,-5,0.0501599,0.0510483,5.04663,5.04714,0.0615683,0.0703208,0.00478927,0,0,0
1780638707200802,41.7798,0.0501207,0.0510786,0.0465393,0,0,-5,0.0501207,0.0510786,5.04654,5.04705,0.0608005,0.069264,0.00511817,0,0,0
1780638707224802,41.8038,0.0501582,0.0512106,0.0463867,0,0,-5,0.0501582,0.0512106,5.04639,5.0469,0.0606528,0.0687832,0.0054648,0,0,0
1780638707248802,41.8278,0.0503162,0.0514804,0.0462952,0,0,-5,0.0503162,0.0514804,5.0463,5.04681,0.0601255,0.070158,0.00581204,0,0,0
1780638707264802,41.8438,0.0504712,0.0517434,0.0462341,0,0,-5,0.0504712,0.0517434,5.04623,5.04675,0.0594001,0.0700339,0.00610753,0,0,0
1780638707288802,41.8678,0.0508044,0.0522312,0.0461731,0,0,-5,0.0508044,0.0522312,5.04617,5.0467,0.0604942,0.0699794,0.00520084,0,0,0
1780638707304802,41.8838,0.0510818,0.0526161,0.0461426,0,0,-5,0.0510818,0.0526161,5.04614,5.04668,0.0610338,0.0706235,0.00512963,0,0,0
1780638707328802,41.9078,0.0515925,0.0532976,0.0461731,0,0,-5,0.0515925,0.0532976,5.04617,5.04672,0.0617381,0.0715714,0.00495998,0,0,0
1780638707344802,41.9238,0.0519781,0.0538266,0.0462036,0,0,-5,0.0519781,0.0538266,5.0462,5.04676,0.0606563,0.0723749,0.00506105,0,0,0
1780638707368802,41.9478,0.0526105,0.0547003,0.0462646,0,0,-5,0.0526105,0.0547003,5.04626,5.04684,0.0610497,0.0728072,0.00631875,0,0,0
1780638707384802,41.9638,0.0513254,0.0535669,0.0458984,0,0,-5,0.0513254,0.0535669,5.0459,5.04644,0.0609433,0.0718098,0.00596654,0,0,0
1780638707408802,41.9878,0.0496139,0.0520853,0.0454407,0,0,-5,0.0496139,0.0520853,5.04544,5.04595,0.0595606,0.0719301,0.00412692,0,0,0
1780638707424802,42.0038,0.0485823,0.0512472,0.045105,0,0,-5,0.0485823,0.0512472,5.0451,5.0456,0.0584105,0.0728704,0.00396709,0,0,0
1780638707448802,42.0278,0.0471867,0.0502034,0.0446777,0,0,-5,0.0471867,0.0502034,5.04468,5.04515,0.0563729,0.0723041,0.00348997,0,0,0
1780638707464802,42.0438,0.0463515,0.0496202,0.0444336,0,0,-5,0.0463515,0.0496202,5.04443,5.04489,0.0551904,0.0716747,0.00416094,0,0,0
1780638707488802,42.0678,0.0452595,0.0489078,0.0440979,0,0,-5,0.0452595,0.0489078,5.0441,5.04454,0.0549121,0.0717625,0.0038545,0,0,0
1780638707504802,42.0838,0.044608,0.0485535,0.0439148,0,0,-5,0.044608,0.0485535,5.04391,5.04435,0.0531318,0.0725174,0.00458795,0,0,0
1780638707528802,42.1078,0.0437644,0.0481788,0.0436707,0,0,-5,0.0437644,0.0481788,5.04367,5.04409,0.0526314,0.0716429,0.00527228,0,0,0
1780638707544802,42.1238,0.0432785,0.0480059,0.0435486,0,0,-5,0.0432785,0.0480059,5.04355,5.04396,0.0512733,0.0714698,0.00732262,0,0,0
1780638707568802,42.1478,0.0426676,0.0478736,0.043457,0,0,-5,0.0426676,0.0478736,5.04346,5.04386,0.0516399,0.070823,0.00814351,0,0,0
1780638707584802,42.1638,0.0423345,0.047864,0.0433655,0,0,-5,0.0423345,0.047864,5.04337,5.04377,0.0501898,0.0704951,0.00855488,0,0,0
1780638707608802,42.1878,0.0419296,0.0479697,0.0433044,0,0,-5,0.0419296,0.0479697,5.0433,5.04371,0.0502955,0.0708786,0.00920536,0,0,0
1780638707624900,42.2039,0.041727,0.0481284,0.0432739,0,0,-5,0.041727,0.0481284,5.04327,5.04368,0.0481153,0.07217,0.00894265,0,0,0
1780638707640900,42.2199,0.0415506,0.048364,0.0432739,0,0,-5,0.0415506,0.048364,5.04327,5.04368,0.0477673,0.073822,0.00866322,0,0,0
1780638707664900,42.2439,0.0414145,0.0488328,0.0433044,0,0,-5,0.0414145,0.0488328,5.0433,5.04371,0.0488795,0.0731392,0.00829446,0,0,0
1780638707688900,42.2679,0.0413957,0.0494168,0.043335,0,0,-5,0.0413957,0.0494168,5.04333,5.04375,0.0483921,0.0733872,0.00801739,0,0,0
1780638707704900,42.2839,0.0414355,0.0498782,0.0433655,0,0,-5,0.0414355,0.0498782,5.04337,5.04378,0.047667,0.0741972,0.00755103,0,0,0
1780638707728900,42.3079,0.0415431,0.0506502,0.043396,0,0,-5,0.0415431,0.0506502,5.0434,5.04382,0.0465547,0.0743259,0.00710277,0,0,0
1780638707744900,42.3239,0.041661,0.0512278,0.0434265,0,0,-5,0.041661,0.0512278,5.04343,5.04386,0.0454639,0.0748995,0.00730975,0,0,0
1780638707768900,42.3479,0.0418805,0.0521656,0.0435181,0,0,-5,0.0418805,0.0521656,5.04352,5.04396,0.0445969,0.0744119,0.00729912,0,0,0
1780638707784900,42.3639,0.0409301,0.051558,0.0433044,0,0,-5,0.0409301,0.051558,5.0433,5.04373,0.044272,0.0740046,0.00647716,0,0,0
1780638707808900,42.3879,0.0396896,0.0508232,0.0430603,0,0,-5,0.0396896,0.0508232,5.04306,5.04347,0.0459658,0.0735572,0.00784306,0,0,0
1780638707824900,42.4039,0.0389866,0.0504501,0.0429382,0,0,-5,0.0389866,0.0504501,5.04294,5.04334,0.0460387,0.0737747,0.00873991,0,0,0
1780638707848900,42.4279,0.0380937,0.0500572,0.0427551,0,0,-5,0.0380937,0.0500572,5.04276,5.04315,0.0462622,0.0742691,0.0083818,0,0,0
1780638707864900,42.4439,0.0375818,0.0499004,0.0426636,0,0,-5,0.0375818,0.0499004,5.04266,5.04305,0.0457941,0.0738763,0.00798266,0,0,0
1780638707888900,42.4679,0.0369473,0.049786,0.042511,0,0,-5,0.0369473,0.049786,5.04251,5.04289,0.0456301,0.0728018,0.00701167,0,0,0
1780638707904900,42.4839,0.0365931,0.0497954,0.04245,0,0,-5,0.0365931,0.0497954,5.04245,5.04283,0.0456967,0.0736209,0.00711674,0,0,0
1780638707928900,42.5079,0.0361888,0.0499264,0.0423279,0,0,-5,0.0361888,0.0499264,5.04233,5.0427,0.0463039,0.072203,0.00653594,0,0,0
1780638707944900,42.5239,0.035976,0.0500766,0.0422363,0,0,-5,0.035976,0.0500766,5.04224,5.04261,0.0452311,0.0726952,0.0067104,0,0,0
1780638707968900,42.5479,0.0357289,0.0504208,0.0421448,0,0,-5,0.0357289,0.0504208,5.04214,5.04252,0.0437565,0.0722866,0.00510437,0,0,0
1780638707984900,42.5639,0.0356201,0.0507088,0.0420837,0,0,-5,0.0356201,0.0507088,5.04208,5.04246,0.0439319,0.0717884,0.00477718,0,0,0
1780638708000900,42.5799,0.0355532,0.0510463,0.0420837,0,0,-5,0.0355532,0.0510463,5.04208,5.04247,0.0432314,0.0720534,0.00498127,0,0,0
1780638708024900,42.6039,0.0355108,0.0516476,0.0420532,0,0,-5,0.0355108,0.0516476,5.04205,5.04244,0.0421825,0.0715633,0.00555528,0,0,0
1780638708048900,42.6279,0.0355431,0.0523242,0.0420837,0,0,-5,0.0355431,0.0523242,5.04208,5.04248,0.0415688,0.0704943,0.00765083,0,0,0
1780638708064900,42.6439,0.035616,0.0528216,0.0421143,0,0,-5,0.035616,0.0528216,5.04211,5.04252,0.0416669,0.0705377,0.00811614,0,0,0
1780638708088900,42.6679,0.0357906,0.0536576,0.0421753,0,0,-5,0.0357906,0.0536576,5.04218,5.04259,0.0409599,0.0717241,0.00842556,0,0,0
1780638708104900,42.6839,0.0359456,0.0542768,0.0422363,0,0,-5,0.0359456,0.0542768,5.04224,5.04266,0.040686,0.0719492,0.00834427,0,0,0
1780638708128900,42.7079,0.0362383,0.0552531,0.0422974,0,0,-5,0.0362383,0.0552531,5.0423,5.04273,0.0403166,0.0704874,0.00854539,0,0,0
1780638708144900,42.7239,0.0364705,0.055944,0.0423279,0,0,-5,0.0364705,0.055944,5.04233,5.04277,0.0404654,0.0720463,0.00757269,0,0,0
1780638708168900,42.7479,0.0368704,0.0570756,0.0423889,0,0,-5,0.0368704,0.0570756,5.04239,5.04285,0.0399448,0.0719572,0.00671249,0,0,0
1780638708184900,42.7639,0.0364797,0.0559851,0.0421143,0,0,-5,0.0364797,0.0559851,5.04211,5.04256,0.0406962,0.0722187,0.00646907,0,0,0
1780638708208900,42.7879,0.0360149,0.0545781,0.0417786,0,0,-5,0.0360149,0.0545781,5.04178,5.0422,0.0407884,0.0709717,0.00665592,0,0,0
1780638708224900,42.8039,0.0357936,0.0537641,0.0415955,0,0,-5,0.0357936,0.0537641,5.0416,5.04201,0.0424645,0.0704261,0.00641813,0,0,0
1780638708248900,42.8279,0.035571,0.0527183,0.0413208,0,0,-5,0.035571,0.0527183,5.04132,5.04172,0.0420429,0.0693561,0.00570538,0,0,0
1780638708264900,42.8439,0.0354835,0.0521269,0.0411377,0,0,-5,0.0354835,0.0521269,5.04114,5.04153,0.0421604,0.0683022,0.00594777,0,0,0
1780638708288900,42.8679,0.0354507,0.0513852,0.040863,0,0,-5,0.0354507,0.0513852,5.04086,5.04125,0.0425826,0.0677522,0.00479222,0,0,0
1780638708304900,42.8839,0.0354748,0.0509922,0.0407104,0,0,-5,0.0354748,0.0509922,5.04071,5.04109,0.0417663,0.0673598,0.00527647,0,0,0
1780638708328900,42.9079,0.0355719,0.0505541,0.0404663,0,0,-5,0.0355719,0.0505541,5.04047,5.04085,0.0411961,0.0673798,0.00555487,0,0,0
1780638708344900,42.9239,0.035678,0.0503638,0.0403442,0,0,-5,0.035678,0.0503638,5.04034,5.04072,0.0409545,0.0688526,0.00771781,0,0,0
1780638708368900,42.9479,0.0358759,0.0502173,0.0401917,0,0,-5,0.0358759,0.0502173,5.04019,5.04057,0.040001,0.0682193,0.00709088,0,0,0
1780638708384900,42.9639,0.0360344,0.0501938,0.0401001,0,0,-5,0.0360344,0.0501938,5.0401,5.04048,0.0390737,0.0685795,0.00672827,0,0,0
1780638708408900,42.9879,0.0363083,0.0502869,0.039917,0,0,-5,0.0363083,0.0502869,5.03992,5.0403,0.0382185,0.0685006,0.005839,0,0,0
1780638708424900,43.0039,0.0365262,0.0504207,0.0398254,0,0,-5,0.0365262,0.0504207,5.03983,5.04021,0.0384001,0.0683296,0.00523832,0,0,0
1780638708448900,43.0279,0.0368915,0.0507292,0.0397034,0,0,-5,0.0368915,0.0507292,5.0397,5.04009,0.0378839,0.0685965,0.00545092,0,0,0
1780638708464900,43.0439,0.0371776,0.0510021,0.0396423,0,0,-5,0.0371776,0.0510021,5.03964,5.04004,0.0386379,0.0685137,0.00633089,0,0,0
1780638708488900,43.0679,0.0376509,0.0514979,0.0395508,0,0,-5,0.0376509,0.0514979,5.03955,5.03995,0.0379074,0.0677441,0.00558025,0,0,0
1780638708504900,43.0839,0.0379964,0.0518834,0.0395203,0,0,-5,0.0379964,0.0518834,5.03952,5.03993,0.0369549,0.0679886,0.00512778,0,0,0
1780638708520900,43.0999,0.0383585,0.0523191,0.0394897,0,0,-5,0.0383585,0.0523191,5.03949,5.03991,0.0377082,0.068525,0.00518827,0,0,0
1780638708544900,43.1239,0.038983,0.0530456,0.0393982,0,0,-5,0.038983,0.0530456,5.0394,5.03983,0.0397108,0.0675337,0.0046273,0,0,0
1780638708560900,43.1399,0.0394352,0.0535785,0.0393677,0,0,-5,0.0394352,0.0535785,5.03937,5.03981,0.0391023,0.0685099,0.0050007,0,0,0
1780638708584900,43.1639,0.0392878,0.0528758,0.0391846,0,0,-5,0.0392878,0.0528758,5.03918,5.03962,0.040479,0.0673771,0.00662142,0,0,0
1780638708600900,43.1799,0.0389919,0.0519774,0.039032,0,0,-5,0.0389919,0.0519774,5.03903,5.03945,0.0422141,0.0664349,0.00664457,0,0,0
1780638708624999,43.204,0.0386586,0.0507986,0.0388489,0,0,-5,0.0386586,0.0507986,5.03885,5.03925,0.0410923,0.06463,0.00840191,0,0,0
1780638708648999,43.228,0.0384442,0.0498186,0.0387268,0,0,-5,0.0384442,0.0498186,5.03873,5.03912,0.0429343,0.0642074,0.00925311,0,0,0
1780638708664999,43.244,0.0383797,0.0492709,0.0387268,0,0,-5,0.0383797,0.0492709,5.03873,5.03911,0.0427479,0.0633465,0.00944096,0,0,0
1780638708688999,43.268,0.0383623,0.0485921,0.0387268,0,0,-5,0.0383623,0.0485921,5.03873,5.03911,0.0427346,0.0635176,0.00959397,0,0,0
1780638708704999,43.284,0.038409,0.0482587,0.0387268,0,0,-5,0.038409,0.0482587,5.03873,5.0391,0.043809,0.0638818,0.00875614,0,0,0
1780638708728999,43.308,0.0385694,0.0478773,0.0387268,0,0,-5,0.0385694,0.0478773,5.03873,5.0391,0.0431849,0.0626842,0.00916967,0,0,0
1780638708744999,43.324,0.0387144,0.0477032,0.0387573,0,0,-5,0.0387144,0.0477032,5.03876,5.03913,0.0436763,0.0627281,0.00945862,0,0,0
1780638708760999,43.34,0.0388961,0.047599,0.0387878,0,0,-5,0.0388961,0.047599,5.03879,5.03916,0.0426396,0.0628913,0.00902763,0,0,0
1780638708784999,43.364,0.0392313,0.0475796,0.0388794,0,0,-5,0.0392313,0.0475796,5.03888,5.03926,0.0439274,0.064296,0.0096556,0,0,0
1780638708800999,43.38,0.0395023,0.0476464,0.0389404,0,0,-5,0.0395023,0.0476464,5.03894,5.03932,0.0444279,0.0641724,0.0101759,0,0,0
1780638708824999,43.404,0.0399689,0.0478876,0.039032,0,0,-5,0.0399689,0.0478876,5.03903,5.03942,0.0433671,0.0656435,0.0091941,0,0,0
1780638708848999,43.428,0.0404617,0.048228,0.0391541,0,0,-5,0.0404617,0.048228,5.03915,5.03955,0.0427833,0.0645441,0.0111629,0,0,0
1780638708864999,43.444,0.0408324,0.0485222,0.0392761,0,0,-5,0.0408324,0.0485222,5.03928,5.03968,0.0443959,0.06605,0.0113059,0,0,0
1780638708888999,43.468,0.0414687,0.0490854,0.0393982,0,0,-5,0.0414687,0.0490854,5.0394,5.03981,0.0448946,0.0665993,0.0107137,0,0,0
1780638708904999,43.484,0.0419379,0.0495335,0.0395203,0,0,-5,0.0419379,0.0495335,5.03952,5.03994,0.0468404,0.0679826,0.0111457,0,0,0
1780638708928999,43.508,0.0427325,0.0502891,0.0396729,0,0,-5,0.0427325,0.0502891,5.03967,5.0401,0.0471334,0.0681757,0.0115268,0,0,0
1780638708944999,43.524,0.0432828,0.050845,0.0398254,0,0,-5,0.0432828,0.050845,5.03983,5.04027,0.0475913,0.0684079,0.0107862,0,0,0
1780638708968999,43.548,0.0441554,0.0517538,0.0400696,0,0,-5,0.0441554,0.0517538,5.04007,5.04053,0.048019,0.0677442,0.0122044,0,0,0
1780638708984999,43.564,0.0434428,0.0510179,0.039856,0,0,-5,0.0434428,0.0510179,5.03986,5.0403,0.04696,0.0664829,0.0118813,0,0,0
1780638709000999,43.58,0.0428079,0.0503646,0.0396729,0,0,-5,0.0428079,0.0503646,5.03967,5.04011,0.0478456,0.0654934,0.0121748,0,0,0
1780638709024999,43.604,0.0419966,0.0495702,0.0394897,0,0,-5,0.0419966,0.0495702,5.03949,5.03991,0.0467644,0.0665261,0.00983026,0,0,0
1780638709040999,43.62,0.0415412,0.0491625,0.0393372,0,0,-5,0.0415412,0.0491625,5.03934,5.03975,0.0466012,0.0673236,0.00872634,0,0,0
1780638709064999,43.644,0.0409796,0.0487005,0.0391541,0,0,-5,0.0409796,0.0487005,5.03915,5.03956,0.0467679,0.0655641,0.00711984,0,0,0
1780638709088999,43.668,0.0405636,0.0483724,0.0389709,0,0,-5,0.0405636,0.0483724,5.03897,5.03937,0.0473449,0.0638754,0.00521042,0,0,0
1780638709104999,43.684,0.0403673,0.0482158,0.0388489,0,0,-5,0.0403673,0.0482158,5.03885,5.03924,0.047656,0.062824,0.00552818,0,0,0
1780638709128999,43.708,0.0401869,0.0480839,0.0386963,0,0,-5,0.0401869,0.0480839,5.0387,5.03909,0.0489851,0.0621486,0.00557114,0,0,0
1780638709144999,43.724,0.0401351,0.0480641,0.0386047,0,0,-5,0.0401351,0.0480641,5.0386,5.03899,0.0482107,0.0626911,0.006088,0,0,0
1780638709168999,43.748,0.0401428,0.0481526,0.0385132,0,0,-5,0.0401428,0.0481526,5.03851,5.0389,0.0492865,0.0626933,0.00607111,0,0,0
1780638709184999,43.764,0.0402196,0.0482883,0.0384827,0,0,-5,0.0402196,0.0482883,5.03848,5.03887,0.0502231,0.0633579,0.00574784,0,0,0
1780638709208999,43.788,0.0404337,0.0486197,0.0383911,0,0,-5,0.0404337,0.0486197,5.03839,5.03879,0.0509798,0.0650751,0.00660511,0,0,0
1780638709224999,43.804,0.0406399,0.0489169,0.0383911,0,0,-5,0.0406399,0.0489169,5.03839,5.03879,0.0512557,0.0650339,0.0069492,0,0,0
1780638709248999,43.828,0.0410108,0.0494508,0.0382996,0,0,-5,0.0410108,0.0494508,5.0383,5.03871,0.0508531,0.0650855,0.00582947,0,0,0
1780638709264999,43.844,0.0412955,0.0498677,0.038269,0,0,-5,0.0412955,0.0498677,5.03827,5.03869,0.0503293,0.0662566,0.00540995,0,0,0
1780638709288999,43.868,0.0417774,0.0506002,0.0381775,0,0,-5,0.0417774,0.0506002,5.03818,5.0386,0.0500135,0.0658575,0.00551557,0,0,0
1780638709304999,43.884,0.0421405,0.0511189,0.0381775,0,0,-5,0.0421405,0.0511189,5.03818,5.03861,0.0508933,0.064902,0.00556363,0,0,0
1780638709328999,43.908,0.0427547,0.0519705,0.038208,0,0,-5,0.0427547,0.0519705,5.03821,5.03866,0.0503672,0.0660893,0.0058383,0,0,0
1780638709344999,43.924,0.0431918,0.0525853,0.0382385,0,0,-5,0.0431918,0.0525853,5.03824,5.0387,0.0506119,0.0662651,0.00624944,0,0,0
1780638709368999,43.948,0.043903,0.0535891,0.038269,0,0,-5,0.043903,0.0535891,5.03827,5.03875,0.0504545,0.0677598,0.00434568,0,0,0
1780638709384999,43.964,0.0431809,0.0527381,0.0379028,0,0,-5,0.0431809,0.0527381,5.0379,5.03836,0.0509026,0.0667845,0.00362,0,0,0
1780638709408999,43.988,0.0422272,0.0516437,0.0373535,0,0,-5,0.0422272,0.0516437,5.03735,5.0378,0.0488372,0.0665056,0.00495071,0,0,0
1780638709424999,44.004,0.0416639,0.0510173,0.0370178,0,0,-5,0.0416639,0.0510173,5.03702,5.03745,0.0470227,0.0651112,0.00477494,0,0,0
1780638709448999,44.028,0.0409152,0.0502264,0.0365906,0,0,-5,0.0409152,0.0502264,5.03659,5.03701,0.0451185,0.0643992,0.0036939,0,0,0
1780638709464999,44.044,0.04047,0.0497891,0.0363159,0,0,-5,0.04047,0.0497891,5.03632,5.03672,0.0439296,0.0628947,0.00422167,0,0,0
1780638709488999,44.068,0.039897,0.0492441,0.0359497,0,0,-5,0.039897,0.0492441,5.03595,5.03635,0.0422223,0.0612706,0.0053111,0,0,0
1780638709504999,44.084,0.0395717,0.0489604,0.0357361,0,0,-5,0.0395717,0.0489604,5.03574,5.03613,0.0419809,0.0614526,0.00416794,0,0,0
1780638709528999,44.108,0.0391823,0.0486797,0.0354309,0,0,-5,0.0391823,0.0486797,5.03543,5.03582,0.0416107,0.0622705,0.00387624,0,0,0
1780638709544999,44.124,0.0389773,0.0485845,0.0352478,0,0,-5,0.0389773,0.0485845,5.03525,5.03563,0.0407554,0.0624434,0.0032277,0,0,0
1780638709560999,44.14,0.0388264,0.0485326,0.0350647,0,0,-5,0.0388264,0.0485326,5.03506,5.03545,0.0404474,0.060649,0.00388193,0,0,0
1780638709584999,44.164,0.0386679,0.0485338,0.0348206,0,0,-5,0.0386679,0.0485338,5.03482,5.0352,0.0401242,0.0609724,0.00341512,0,0,0
1780638709608999,44.188,0.0386293,0.0487157,0.0346069,0,0,-5,0.0386293,0.0487157,5.03461,5.03499,0.0411284,0.0634095,0.00179089,0,0,0
1780638709625101,44.2041,0.0386541,0.0489202,0.0344543,0,0,-5,0.0386541,0.0489202,5.03445,5.03484,0.0399807,0.0638944,0.00116896,0,0,0
1780638709641101,44.2201,0.0387096,0.0491834,0.0343018,0,0,-5,0.0387096,0.0491834,5.0343,5.03469,0.0390825,0.0645601,-3.39743e-05,0,0,0
1780638709665101,44.2441,0.0388605,0.049686,0.0340576,0,0,-5,0.0388605,0.049686,5.03406,5.03445,0.0395758,0.0656884,-0.00166628,0,0,0
1780638709681101,44.2601,0.0389962,0.0500875,0.0338745,0,0,-5,0.0389962,0.0500875,5.03387,5.03427,0.0391789,0.0657755,-0.00176329,0,0,0
1780638709705101,44.2841,0.0392684,0.0507658,0.0336304,0,0,-5,0.0392684,0.0507658,5.03363,5.03404,0.0396887,0.0655599,-0.00151913,0,0,0
1780638709729101,44.3081,0.0396049,0.051527,0.0334167,0,0,-5,0.0396049,0.051527,5.03342,5.03384,0.039205,0.0660647,-0.00165629,0,0,0
1780638709745101,44.3241,0.0398548,0.052109,0.0332336,0,0,-5,0.0398548,0.052109,5.03323,5.03366,0.0388637,0.0684289,-0.00283256,0,0,0
1780638709769101,44.3481,0.0403058,0.0530835,0.0329285,0,0,-5,0.0403058,0.0530835,5.03293,5.03337,0.0398305,0.0689717,-0.00264292,0,0,0
1780638709785101,44.3641,0.0396912,0.0526662,0.0326538,0,0,-5,0.0396912,0.0526662,5.03265,5.03309,0.0386404,0.0696804,-0.00257758,0,0,0
1780638709809101,44.3881,0.0388781,0.0522006,0.0322571,0,0,-5,0.0388781,0.0522006,5.03226,5.03268,0.038304,0.0686628,-0.00295307,0,0,0
1780638709825101,44.4041,0.03843,0.0519815,0.0320129,0,0,-5,0.03843,0.0519815,5.03201,5.03243,0.0398057,0.0689155,-0.00249909,0,0,0
1780638709849101,44.4281,0.0378752,0.0517987,0.0316772,0,0,-5,0.0378752,0.0517987,5.03168,5.03209,0.039126,0.0684001,-0.00263333,0,0,0
1780638709865101,44.4441,0.0375726,0.0517618,0.0314636,0,0,-5,0.0375726,0.0517618,5.03146,5.03187,0.0390138,0.0690531,-0.00195801,0,0,0
1780638709889101,44.4681,0.037215,0.0518714,0.0311584,0,0,-5,0.037215,0.0518714,5.03116,5.03156,0.0384527,0.0710515,-0.00141047,0,0,0
1780638709905101,44.4841,0.0370263,0.0520392,0.0309753,0,0,-5,0.0370263,0.0520392,5.03098,5.03138,0.0372334,0.071804,-0.00198084,0,0,0
1780638709929101,44.5081,0.0368128,0.0523894,0.0307007,0,0,-5,0.0368128,0.0523894,5.0307,5.03111,0.0378442,0.0710032,-0.00191463,0,0,0
1780638709945101,44.5241,0.0367263,0.0526891,0.0305481,0,0,-5,0.0367263,0.0526891,5.03055,5.03096,0.0373092,0.0717908,-0.0023639,0,0,0
1780638709969101,44.5481,0.0366797,0.0532369,0.030304,0,0,-5,0.0366797,0.0532369,5.0303,5.03072,0.0381005,0.0717395,-0.00302313,0,0,0
1780638709985101,44.5641,0.0367004,0.053662,0.0301208,0,0,-5,0.0367004,0.053662,5.03012,5.03054,0.0381269,0.0707705,-0.00497356,0,0,0
1780638710009101,44.5881,0.0368053,0.0543821,0.0298462,0,0,-5,0.0368053,0.0543821,5.02985,5.03027,0.0377983,0.071666,-0.00567294,0,0,0
1780638710025101,44.6041,0.0369111,0.0549185,0.0296326,0,0,-5,0.0369111,0.0549185,5.02963,5.03007,0.0380543,0.0711427,-0.00568665,0,0,0
1780638710049101,44.6281,0.0371481,0.0557915,0.0293579,0,0,-5,0.0371481,0.0557915,5.02936,5.0298,0.0382152,0.0714698,-0.0057082,0,0,0
1780638710065101,44.6441,0.0373345,0.0564298,0.0291748,0,0,-5,0.0373345,0.0564298,5.02917,5.02963,0.0378697,0.0721347,-0.00501352,0,0,0
1780638710089101,44.6681,0.0376705,0.0574838,0.0289307,0,0,-5,0.0376705,0.0574838,5.02893,5.0294,0.0383312,0.0739023,-0.004278,0,0,0
1780638710105101,44.6841,0.0379312,0.0582503,0.0287781,0,0,-5,0.0379312,0.0582503,5.02878,5.02926,0.0380452,0.0740642,-0.00349165,0,0,0
1780638710129101,44.7081,0.03836,0.0594821,0.0285645,0,0,-5,0.03836,0.0594821,5.02856,5.02906,0.0376237,0.0755931,-0.00304776,0,0,0
1780638710145101,44.7241,0.0386741,0.0603496,0.0284424,0,0,-5,0.0386741,0.0603496,5.02844,5.02895,0.0372603,0.0760085,-0.00370353,0,0,0
1780638710169101,44.7481,0.0391634,0.0617139,0.0282593,0,0,-5,0.0391634,0.0617139,5.02826,5.02879,0.0357585,0.076974,-0.00423924,0,0,0
1780638710185101,44.7641,0.0385096,0.0609768,0.0280151,0,0,-5,0.0385096,0.0609768,5.02802,5.02853,0.0359203,0.0772543,-0.00414138,0,0,0
1780638710209101,44.7881,0.0376521,0.0600803,0.0276489,0,0,-5,0.0376521,0.0600803,5.02765,5.02815,0.0342634,0.076809,-0.00488451,0,0,0
1780638710225101,44.8041,0.0371361,0.0595955,0.0274048,0,0,-5,0.0371361,0.0595955,5.0274,5.0279,0.0335137,0.076278,-0.00587065,0,0,0
1780638710249101,44.8281,0.0364532,0.0590481,0.0270691,0,0,-5,0.0364532,0.0590481,5.02707,5.02755,0.0321406,0.0764744,-0.00606994,0,0,0
1780638710265101,44.8441,0.03606,0.0587824,0.0268555,0,0,-5,0.03606,0.0587824,5.02686,5.02733,0.0326224,0.075688,-0.00737044,0,0,0
1780638710289101,44.8681,0.035563,0.0585207,0.0265198,0,0,-5,0.035563,0.0585207,5.02652,5.02699,0.0309622,0.076008,-0.00837089,0,0,0
1780638710305101,44.8841,0.0352727,0.0584457,0.0262756,0,0,-5,0.0352727,0.0584457,5.02628,5.02674,0.0301595,0.0755032,-0.00883874,0,0,0
1780638710329101,44.9081,0.0348984,0.058446,0.0259705,0,0,-5,0.0348984,0.058446,5.02597,5.02643,0.0280818,0.0744765,-0.00792234,0,0,0
1780638710345101,44.9241,0.0346788,0.0585167,0.0257874,0,0,-5,0.0346788,0.0585167,5.02579,5.02625,0.0283122,0.0737619,-0.00759191,0,0,0
1780638710369101,44.9481,0.0344211,0.0587193,0.0255432,0,0,-5,0.0344211,0.0587193,5.02554,5.026,0.0272206,0.0729236,-0.00759064,0,0,0
1780638710385101,44.9641,0.0342848,0.0589148,0.0253601,0,0,-5,0.0342848,0.0589148,5.02536,5.02582,0.0273076,0.0719294,-0.00788821,0,0,0
1780638710409101,44.9881,0.0341509,0.0592998,0.0250854,0,0,-5,0.0341509,0.0592998,5.02509,5.02555,0.0287168,0.0719686,-0.00812027,0,0,0
1780638710425101,45.0041,0.0341501,0.059624,0.0249023,0,0,-5,0.0341501,0.059624,5.0249,5.02537,0.0289452,0.0729996,-0.00773782,0,0,0
1780638710449101,45.0281,0.0341878,0.0602241,0.0246277,0,0,-5,0.0341878,0.0602241,5.02463,5.0251,0.0281656,0.0727932,-0.00776773,0,0,0
1780638710465101,45.0441,0.0342462,0.0606793,0.0244446,0,0,-5,0.0342462,0.0606793,5.02444,5.02493,0.0280274,0.0727742,-0.00816732,0,0,0
1780638710481101,45.0601,0.034332,0.061176,0.0242615,0,0,-5,0.034332,0.061176,5.02426,5.02475,0.0280067,0.0722934,-0.00735724,0,0,0
1780638710505101,45.0841,0.0344893,0.0619909,0.0239868,0,0,-5,0.0344893,0.0619909,5.02399,5.02449,0.0260557,0.0726109,-0.00829672,0,0,0
1780638710529101,45.1081,0.0346699,0.062918,0.0237122,0,0,-5,0.0346699,0.062918,5.02371,5.02423,0.0260643,0.0737677,-0.00677349,0,0,0
1780638710545101,45.1241,0.0348257,0.0635989,0.023468,0,0,-5,0.0348257,0.0635989,5.02347,5.02399,0.0264742,0.0745993,-0.00832689,0,0,0
1780638710569101,45.1481,0.0350875,0.0646882,0.0231628,0,0,-5,0.0350875,0.0646882,5.02316,5.0237,0.0248589,0.0745905,-0.00755479,0,0,0
1780638710585101,45.1641,0.034265,0.0637034,0.0229492,0,0,-5,0.034265,0.0637034,5.02295,5.02347,0.0231465,0.0731552,-0.00679394,0,0,0
1780638710609101,45.1881,0.0331452,0.0624225,0.022644,0,0,-5,0.0331452,0.0624225,5.02264,5.02314,0.0234026,0.0725907,-0.00781464,0,0,0
1780638710625101,45.2041,0.0324794,0.0616875,0.0224304,0,0,-5,0.0324794,0.0616875,5.02243,5.02291,0.0234048,0.0711709,-0.00792296,0,0,0
1780638710649201,45.2282,0.0315876,0.0607397,0.0221252,0,0,-5,0.0315876,0.0607397,5.02213,5.02259,0.0228044,0.0702643,-0.00619091,0,0,0
1780638710665201,45.2442,0.0310604,0.0602153,0.0219421,0,0,-5,0.0310604,0.0602153,5.02194,5.0224,0.023134,0.0690968,-0.00645783,0,0,0
1780638710689201,45.2682,0.0303628,0.0595667,0.021759,0,0,-5,0.0303628,0.0595667,5.02176,5.0222,0.02119,0.0683445,-0.00682016,0,0,0
1780638710705201,45.2842,0.0299248,0.0592226,0.0216064,0,0,-5,0.0299248,0.0592226,5.02161,5.02204,0.0207046,0.0680723,-0.00691947,0,0,0
1780638710729201,45.3082,0.0293354,0.0588476,0.0213928,0,0,-5,0.0293354,0.0588476,5.02139,5.02182,0.0193849,0.0677432,-0.00633132,0,0,0
1780638710745201,45.3242,0.0289786,0.0586883,0.0213013,0,0,-5,0.0289786,0.0586883,5.0213,5.02173,0.0186683,0.0678794,-0.00543632,0,0,0
1780638710769201,45.3482,0.0285333,0.0585769,0.0211487,0,0,-5,0.0285333,0.0585769,5.02115,5.02157,0.019931,0.0675026,-0.00719381,0,0,0
1780638710785201,45.3642,0.0282994,0.0585737,0.0210266,0,0,-5,0.0282994,0.0585737,5.02103,5.02145,0.0203608,0.067352,-0.00678837,0,0,0
1780638710801201,45.3802,0.0280988,0.0586352,0.0209351,0,0,-5,0.0280988,0.0586352,5.02094,5.02136,0.0195604,0.0672392,-0.00723996,0,0,0
1780638710825201,45.4042,0.0278447,0.0588148,0.0207825,0,0,-5,0.0278447,0.0588148,5.02078,5.0212,0.0198019,0.065997,-0.0053298,0,0,0
1780638710849201,45.4282,0.0276511,0.0590887,0.0206909,0,0,-5,0.0276511,0.0590887,5.02069,5.02111,0.0180272,0.0644712,-0.00519456,0,0,0
1780638710865201,45.4442,0.0275535,0.059324,0.0205994,0,0,-5,0.0275535,0.059324,5.0206,5.02103,0.0182615,0.0646052,-0.00626796,0,0,0
1780638710889201,45.4682,0.027427,0.0597799,0.0204468,0,0,-5,0.027427,0.0597799,5.02045,5.02088,0.0161036,0.0655814,-0.0061811,0,0,0
1780638710905201,45.4842,0.0273561,0.0601486,0.0203552,0,0,-5,0.0273561,0.0601486,5.02036,5.02079,0.0154347,0.0652812,-0.00622165,0,0,0
1780638710929201,45.5082,0.0272879,0.0607814,0.0202026,0,0,-5,0.0272879,0.0607814,5.0202,5.02064,0.0159083,0.0650096,-0.00625987,0,0,0
1780638710945201,45.5242,0.0272863,0.061243,0.0200806,0,0,-5,0.0272863,0.061243,5.02008,5.02053,0.0165828,0.0646264,-0.00704462,0,0,0
1780638710969201,45.5482,0.0273178,0.0619949,0.0199585,0,0,-5,0.0273178,0.0619949,5.01996,5.02042,0.0164849,0.0635821,-0.00663562,0,0,0
1780638710985201,45.5642,0.0267625,0.0609692,0.0198059,0,0,-5,0.0267625,0.0609692,5.01981,5.02025,0.0165718,0.0620828,-0.00533446,0,0,0
1780638711009201,45.5882,0.0260131,0.0595993,0.0196228,0,0,-5,0.0260131,0.0595993,5.01962,5.02004,0.0156474,0.0602052,-0.00469677,0,0,0
1780638711025201,45.6042,0.0255548,0.0587971,0.0195312,0,0,-5,0.0255548,0.0587971,5.01953,5.01994,0.0146546,0.0599034,-0.00477605,0,0,0
1780638711049201,45.6282,0.0249371,0.0577772,0.0195007,0,0,-5,0.0249371,0.0577772,5.0195,5.0199,0.014363,0.0598634,-0.00244334,0,0,0
1780638711065201,45.6442,0.024575,0.057209,0.0195007,0,0,-5,0.024575,0.057209,5.0195,5.01989,0.0143063,0.0601504,-0.0016054,0,0,0
1780638711089201,45.6682,0.024092,0.0565154,0.0195312,0,0,-5,0.024092,0.0565154,5.01953,5.01991,0.01404,0.060294,-0.0017798,0,0,0
1780638711105201,45.6842,0.0238047,0.0561433,0.0195312,0,0,-5,0.0238047,0.0561433,5.01953,5.0199,0.0131541,0.059361,-0.00107895,0,0,0
1780638711129201,45.7082,0.0234255,0.0557275,0.0195618,0,0,-5,0.0234255,0.0557275,5.01956,5.01993,0.0127869,0.0609761,-0.000739075,0,0,0
1780638711145201,45.7242,0.0232059,0.0555502,0.0195618,0,0,-5,0.0232059,0.0555502,5.01956,5.01992,0.0115014,0.0609466,-0.0010025,0,0,0
1780638711169201,45.7482,0.0228969,0.0553989,0.0196228,0,0,-5,0.0228969,0.0553989,5.01962,5.01998,0.0110505,0.0605861,0.000362723,0,0,0
1780638711185201,45.7642,0.0227162,0.0553718,0.0196838,0,0,-5,0.0227162,0.0553718,5.01968,5.02004,0.0104239,0.0603816,0.00113743,0,0,0
1780638711209201,45.7882,0.0224765,0.0554259,0.0197754,0,0,-5,0.0224765,0.0554259,5.01978,5.02013,0.00880524,0.0597844,0.000676983,0,0,0
1780638711225201,45.8042,0.0223269,0.0555164,0.0198364,0,0,-5,0.0223269,0.0555164,5.01984,5.02019,0.0083416,0.0589256,0.000182789,0,0,0
1780638711249201,45.8282,0.0221135,0.0557455,0.019928,0,0,-5,0.0221135,0.0557455,5.01993,5.02029,0.00716085,0.0592139,-0.000576746,0,0,0
1780638711265201,45.8442,0.02202,0.0559576,0.0199585,0,0,-5,0.02202,0.0559576,5.01996,5.02032,0.00839004,0.0586247,-0.000362021,0,0,0
1780638711281201,45.8602,0.0219433,0.0561996,0.019989,0,0,-5,0.0219433,0.0561996,5.01999,5.02035,0.00755411,0.0574801,-0.000666514,0,0,0
1780638711305201,45.8842,0.0218403,0.0566085,0.0200806,0,0,-5,0.0218403,0.0566085,5.02008,5.02045,0.00703935,0.0562128,0.000157421,0,0,0
1780638711329201,45.9082,0.0217774,0.0571023,0.0201416,0,0,-5,0.0217774,0.0571023,5.02014,5.02051,0.00704277,0.0564002,-0.00212926,0,0,0
1780638711345201,45.9242,0.021755,0.0574793,0.0201721,0,0,-5,0.021755,0.0574793,5.02017,5.02055,0.00736124,0.0558581,-0.00230424,0,0,0
1780638711369201,45.9482,0.0217571,0.0580843,0.0202026,0,0,-5,0.0217571,0.0580843,5.0202,5.02059,0.00802457,0.0544446,-0.00410073,0,0,0
1780638711385201,45.9642,0.0210331,0.0572245,0.0201111,0,0,-5,0.0210331,0.0572245,5.02011,5.02048,0.0085795,0.0537717,-0.00496967,0,0,0
1780638711409201,45.9882,0.0200238,0.0560808,0.0200195,0,0,-5,0.0200238,0.0560808,5.02002,5.02037,0.00691221,0.0519092,-0.00511694,0,0,0
1780638711425201,46.0042,0.0193932,0.0554134,0.0199585,0,0,-5,0.0193932,0.0554134,5.01996,5.0203,0.00647633,0.0515992,-0.00611958,0,0,0
1780638711449201,46.0282,0.0185015,0.0545571,0.0198059,0,0,-5,0.0185015,0.0545571,5.01981,5.02014,0.00423475,0.0504738,-0.00734146,0,0,0
1780638711465201,46.0442,0.0179376,0.0540658,0.0197449,0,0,-5,0.0179376,0.0540658,5.01974,5.02007,0.00396349,0.0496067,-0.00762236,0,0,0
1780638711489201,46.0682,0.0171404,0.0534277,0.0195923,0,0,-5,0.0171404,0.0534277,5.01959,5.01991,0.00277923,0.0484851,-0.00852378,0,0,0
1780638711505201,46.0842,0.0166419,0.0530813,0.0195312,0,0,-5,0.0166419,0.0530813,5.01953,5.01984,0.00231237,0.0478879,-0.00769649,0,0,0
1780638711529201,46.1082,0.0159284,0.0526667,0.0194092,0,0,-5,0.0159284,0.0526667,5.01941,5.01971,0.000777331,0.0472157,-0.00774515,0,0,0
1780638711545201,46.1242,0.0154813,0.0524624,0.0193176,0,0,-5,0.0154813,0.0524624,5.01932,5.01962,0.000264914,0.0477494,-0.00624422,0,0,0
1780638711569201,46.1482,0.0148241,0.0522549,0.0191956,0,0,-5,0.0148241,0.0522549,5.0192,5.01949,-0.002116,0.046768,-0.00575043,0,0,0
1780638711585201,46.1642,0.0144018,0.0521753,0.0191345,0,0,-5,0.0144018,0.0521753,5.01913,5.01943,-0.00231632,0.0458963,-0.0063912,0,0,0
1780638711609201,46.1882,0.0138095,0.0521236,0.0190125,0,0,-5,0.0138095,0.0521236,5.01901,5.0193,-0.00241318,0.0457333,-0.00752509,0,0,0
1780638711625201,46.2042,0.0134526,0.0521452,0.0189209,0,0,-5,0.0134526,0.0521452,5.01892,5.01921,-0.00250102,0.0451341,-0.00663342,0,0,0
1780638711649201,46.2282,0.012946,0.0522496,0.0187988,0,0,-5,0.012946,0.0522496,5.0188,5.01909,-0.00355042,0.0439314,-0.00601856,0,0,0
1780638711665303,46.2443,0.0126317,0.0523513,0.0187378,0,0,-5,0.0126317,0.0523513,5.01874,5.01903,-0.002402,0.0437014,-0.00605657,0,0,0
1780638711689303,46.2683,0.0122161,0.052589,0.0185547,0,0,-5,0.0122161,0.052589,5.01855,5.01885,-0.00247018,0.0443581,-0.00732976,0,0,0
1780638711705303,46.2843,0.0119615,0.052809,0.0184326,0,0,-5,0.0119615,0.052809,5.01843,5.01872,-0.00309749,0.0460814,-0.00829872,0,0,0
1780638711729303,46.3083,0.0115962,0.0532347,0.018219,0,0,-5,0.0115962,0.0532347,5.01822,5.01851,-0.00363922,0.0462481,-0.00802222,0,0,0
1780638711745303,46.3243,0.0113688,0.0535591,0.0180969,0,0,-5,0.0113688,0.0535591,5.0181,5.0184,-0.00383342,0.0465978,-0.00680841,0,0,0
1780638711769303,46.3483,0.0110493,0.0541219,0.0179749,0,0,-5,0.0110493,0.0541219,5.01797,5.01828,-0.00387988,0.0462343,-0.00687401,0,0,0
1780638711785303,46.3643,0.0108983,0.0534603,0.0177917,0,0,-5,0.0108983,0.0534603,5.01779,5.01809,-0.00423047,0.0453365,-0.0058063,0,0,0
1780638711809303,46.3883,0.0107011,0.0525747,0.0175476,0,0,-5,0.0107011,0.0525747,5.01755,5.01783,-0.00332241,0.0429641,-0.00603717,0,0,0
1780638711825303,46.4043,0.0105901,0.0520497,0.017395,0,0,-5,0.0105901,0.0520497,5.0174,5.01768,-0.004002,0.0415006,-0.00685012,0,0,0
1780638711849303,46.4283,0.0104199,0.0513599,0.0171509,0,0,-5,0.0104199,0.0513599,5.01715,5.01742,-0.00474709,0.0402031,-0.00569632,0,0,0
1780638711865303,46.4443,0.0103013,0.0509677,0.0169983,0,0,-5,0.0103013,0.0509677,5.017,5.01727,-0.00590981,0.039832,-0.00641851,0,0,0
1780638711889303,46.4683,0.0101199,0.0504847,0.0167542,0,0,-5,0.0101199,0.0504847,5.01675,5.01702,-0.00742386,0.0392667,-0.00771047,0,0,0
1780638711905303,46.4843,0.00998787,0.0502222,0.016571,0,0,-5,0.00998787,0.0502222,5.01657,5.01683,-0.00806005,0.0380462,-0.00754583,0,0,0
1780638711929303,46.5083,0.00980686,0.0499203,0.0163574,0,0,-5,0.00980686,0.0499203,5.01636,5.01662,-0.00870172,0.0378732,-0.00544537,0,0,0
1780638711945303,46.5243,0.00968531,0.0497724,0.0162354,0,0,-5,0.00968531,0.0497724,5.01624,5.01649,-0.00836394,0.0378334,-0.00558864,0,0,0
1780638711969303,46.5483,0.00952962,0.0496313,0.0160522,0,0,-5,0.00952962,0.0496313,5.01605,5.01631,-0.0085442,0.0372242,-0.00512184,0,0,0
1780638711985303,46.5643,0.00942973,0.0495736,0.0159607,0,0,-5,0.00942973,0.0495736,5.01596,5.01621,-0.00929046,0.0370387,-0.00523306,0,0,0
1780638712009303,46.5883,0.0092792,0.0495813,0.0158081,0,0,-5,0.0092792,0.0495813,5.01581,5.01606,-0.00912978,0.0368668,-0.00543399,0,0,0
1780638712025303,46.6043,0.00919072,0.0496284,0.015686,0,0,-5,0.00919072,0.0496284,5.01569,5.01594,-0.00902729,0.0369642,-0.00477745,0,0,0
1780638712049303,46.6283,0.00908054,0.049763,0.015564,0,0,-5,0.00908054,0.049763,5.01556,5.01582,-0.0100761,0.0366901,-0.00457099,0,0,0
1780638712065303,46.6443,0.00899718,0.0499043,0.0154724,0,0,-5,0.00899718,0.0499043,5.01547,5.01573,-0.0112275,0.0373693,-0.00423339,0,0,0
1780638712081303,46.6603,0.00891321,0.0500678,0.0153809,0,0,-5,0.00891321,0.0500678,5.01538,5.01564,-0.0102885,0.0355939,-0.00427364,0,0,0
1780638712105303,46.6843,0.00879818,0.0503397,0.0152588,0,0,-5,0.00879818,0.0503397,5.01526,5.01552,-0.011124,0.0346438,-0.00508926,0,0,0
1780638712129303,46.7083,0.00865933,0.0506629,0.0151062,0,0,-5,0.00865933,0.0506629,5.01511,5.01537,-0.0126354,0.0348534,-0.00457995,0,0,0
1780638712145303,46.7243,0.00854323,0.0509043,0.0150452,0,0,-5,0.00854323,0.0509043,5.01505,5.01531,-0.0143195,0.0338376,-0.0045747,0,0,0
1780638712169303,46.7483,0.00833431,0.0513122,0.0149231,0,0,-5,0.00833431,0.0513122,5.01492,5.01519,-0.0163201,0.0339376,-0.0036031,0,0,0
1780638712185303,46.7643,0.00830251,0.0505007,0.0147705,0,0,-5,0.00830251,0.0505007,5.01477,5.01503,-0.0159272,0.0332613,-0.00354542,0,0,0
1780638712209303,46.7883,0.00825833,0.0494103,0.0145569,0,0,-5,0.00825833,0.0494103,5.01456,5.01481,-0.015672,0.0316747,-0.00389896,0,0,0
1780638712225303,46.8043,0.00823528,0.0487603,0.0144348,0,0,-5,0.00823528,0.0487603,5.01443,5.01468,-0.0142778,0.0313719,-0.00505116,0,0,0
1780638712249303,46.8283,0.00822618,0.0478887,0.0141907,0,0,-5,0.00822618,0.0478887,5.01419,5.01443,-0.0131035,0.0307228,-0.00702292,0,0,0
1780638712265303,46.8443,0.00821578,0.0473833,0.0140381,0,0,-5,0.00821578,0.0473833,5.01404,5.01427,-0.0144077,0.030918,-0.00665257,0,0,0
1780638712289303,46.8683,0.00817112,0.0467493,0.0138245,0,0,-5,0.00817112,0.0467493,5.01382,5.01405,-0.0151743,0.0312486,-0.00478515,0,0,0
1780638712305303,46.8843,0.00813869,0.0463922,0.0137329,0,0,-5,0.00813869,0.0463922,5.01373,5.01395,-0.0144788,0.0313279,-0.00451476,0,0,0
1780638712329303,46.9083,0.00811896,0.0459422,0.0135803,0,0,-5,0.00811896,0.0459422,5.01358,5.0138,-0.0135483,0.0301689,-0.00538137,0,0,0
1780638712345303,46.9243,0.00810405,0.0456723,0.0134583,0,0,-5,0.00810405,0.0456723,5.01346,5.01367,-0.0141048,0.0284741,-0.00469458,0,0,0
1780638712369303,46.9483,0.00805741,0.0453244,0.0133362,0,0,-5,0.00805741,0.0453244,5.01334,5.01355,-0.0147296,0.0275005,-0.00369765,0,0,0
1780638712385303,46.9643,0.00801023,0.0451383,0.0132446,0,0,-5,0.00801023,0.0451383,5.01324,5.01345,-0.0159887,0.0271263,-0.00303242,0,0,0
1780638712401303,46.9803,0.00795808,0.0449906,0.0131836,0,0,-5,0.00795808,0.0449906,5.01318,5.01339,-0.0158916,0.0272906,-0.00197482,0,0,0
1780638712425303,47.0043,0.0078443,0.0448459,0.0131226,0,0,-5,0.0078443,0.0448459,5.01312,5.01333,-0.0186483,0.0281325,-0.00337427,0,0,0
1780638712449303,47.0283,0.00769472,0.0447845,0.0130005,0,0,-5,0.00769472,0.0447845,5.013,5.01321,-0.0187138,0.0275138,-0.00514334,0,0,0
1780638712465303,47.0443,0.00758719,0.044788,0.0128784,0,0,-5,0.00758719,0.044788,5.01288,5.01308,-0.019052,0.0273619,-0.00654389,0,0,0
1780638712489303,47.0683,0.0074285,0.0448314,0.0127563,0,0,-5,0.0074285,0.0448314,5.01276,5.01296,-0.0188274,0.0267312,-0.00541364,0,0,0
1780638712505303,47.0843,0.007322,0.0449006,0.0126648,0,0,-5,0.007322,0.0449006,5.01266,5.01287,-0.0194244,0.0267665,-0.00419105,0,0,0
1780638712529303,47.1083,0.00713781,0.0450427,0.0125732,0,0,-5,0.00713781,0.0450427,5.01257,5.01278,-0.0199122,0.025422,-0.00505537,0,0,0
1780638712545303,47.1243,0.00700196,0.0451633,0.0124817,0,0,-5,0.00700196,0.0451633,5.01248,5.01269,-0.0207145,0.0262759,-0.00519992,0,0,0
1780638712569303,47.1483,0.00677997,0.0453874,0.0123596,0,0,-5,0.00677997,0.0453874,5.01236,5.01257,-0.0220841,0.0264706,-0.00564622,0,0,0
1780638712585303,47.1643,0.00673367,0.0446664,0.0120544,0,0,-5,0.00673367,0.0446664,5.01205,5.01226,-0.0213369,0.0266082,-0.00565336,0,0,0
1780638712609303,47.1883,0.0066606,0.0437054,0.0116272,0,0,-5,0.0066606,0.0437054,5.01163,5.01182,-0.0212701,0.025366,-0.0061885,0,0,0
1780638712625303,47.2043,0.00660161,0.0431225,0.011322,0,0,-5,0.00660161,0.0431225,5.01132,5.01151,-0.0210981,0.0247679,-0.00718351,0,0,0
1780638712649303,47.2283,0.00650598,0.0423632,0.0108948,0,0,-5,0.00650598,0.0423632,5.01089,5.01108,-0.0206017,0.024877,-0.00761224,0,0,0
1780638712665404,47.2444,0.006432,0.0419156,0.0106201,0,0,-5,0.006432,0.0419156,5.01062,5.0108,-0.0211867,0.0237485,-0.00743981,0,0,0
1780638712681404,47.2604,0.00636038,0.0415093,0.0103455,0,0,-5,0.00636038,0.0415093,5.01035,5.01052,-0.0197286,0.0236665,-0.00721077,0,0,0
1780638712705404,47.2844,0.00626745,0.0409776,0.00997925,0,0,-5,0.00626745,0.0409776,5.00998,5.01015,-0.0195357,0.0226184,-0.00681372,0,0,0
1780638712729404,47.3084,0.00614885,0.0405153,0.00964355,0,0,-5,0.00614885,0.0405153,5.00964,5.00981,-0.020383,0.0219997,-0.00594168,0,0,0
1780638712745404,47.3244,0.00605023,0.0402558,0.00939941,0,0,-5,0.00605023,0.0402558,5.0094,5.00956,-0.0212111,0.0216131,-0.00643569,0,0,0
1780638712769404,47.3484,0.00585381,0.0399212,0.00906372,0,0,-5,0.00585381,0.0399212,5.00906,5.00923,-0.0231789,0.0202125,-0.00649107,0,0,0
1780638712785404,47.3644,0.0057091,0.0397274,0.0088501,0,0,-5,0.0057091,0.0397274,5.00885,5.00901,-0.0242101,0.0198801,-0.00622302,0,0,0
1780638712809404,47.3884,0.00545172,0.0394953,0.0085144,0,0,-5,0.00545172,0.0394953,5.00851,5.00867,-0.0249682,0.0200939,-0.00625415,0,0,0
1780638712825404,47.4044,0.00527322,0.0393901,0.00830078,0,0,-5,0.00527322,0.0393901,5.0083,5.00846,-0.0250253,0.0207098,-0.00663689,0,0,0
1780638712849404,47.4284,0.0049794,0.0392919,0.00805664,0,0,-5,0.0049794,0.0392919,5.00806,5.00821,-0.0252744,0.0205157,-0.00579344,0,0,0
1780638712865404,47.4444,0.00477788,0.039257,0.00790405,0,0,-5,0.00477788,0.039257,5.0079,5.00806,-0.0251972,0.0199641,-0.0045649,0,0,0
1780638712889404,47.4684,0.00447272,0.0392603,0.00769043,0,0,-5,0.00447272,0.0392603,5.00769,5.00785,-0.0245935,0.0206779,-0.00495183,0,0,0
1780638712905404,47.4844,0.00427435,0.0392889,0.00756836,0,0,-5,0.00427435,0.0392889,5.00757,5.00772,-0.0246103,0.0190687,-0.0057957,0,0,0
1780638712929404,47.5084,0.00396821,0.0393339,0.00735474,0,0,-5,0.00396821,0.0393339,5.00735,5.00751,-0.0238304,0.0186989,-0.00541524,0,0,0
1780638712945404,47.5244,0.00375888,0.0393968,0.00723267,0,0,-5,0.00375888,0.0393968,5.00723,5.00739,-0.0241289,0.0187691,-0.00472963,0,0,0
1780638712969404,47.5484,0.00344157,0.0395491,0.00704956,0,0,-5,0.00344157,0.0395491,5.00705,5.00721,-0.0242493,0.0198973,-0.00452578,0,0,0
1780638712985404,47.5644,0.00315129,0.0387488,0.00686646,0,0,-5,0.00315129,0.0387488,5.00687,5.00702,-0.0238301,0.0187301,-0.0049605,0,0,0
1780638713009404,47.5884,0.00272778,0.0376458,0.0065918,0,0,-5,0.00272778,0.0376458,5.00659,5.00673,-0.024127,0.0174868,-0.00589898,0,0,0
1780638713025404,47.6044,0.00243298,0.0369552,0.00640869,0,0,-5,0.00243298,0.0369552,5.00641,5.00655,-0.0250424,0.0154776,-0.00591324,0,0,0
1780638713049404,47.6284,0.00197855,0.0359968,0.00616455,0,0,-5,0.00197855,0.0359968,5.00616,5.00629,-0.0255617,0.0145855,-0.0046326,0,0,0
1780638713065404,47.6444,0.00167311,0.035411,0.00601196,0,0,-5,0.00167311,0.035411,5.00601,5.00614,-0.024953,0.0132681,-0.00518609,0,0,0
1780638713089404,47.6684,0.00122406,0.0345969,0.00576782,0,0,-5,0.00122406,0.0345969,5.00577,5.00589,-0.025012,0.0124016,-0.00538282,0,0,0
1780638713105404,47.6844,0.000924544,0.0340854,0.00561523,0,0,-5,0.000924544,0.0340854,5.00562,5.00573,-0.024987,0.010473,-0.0054671,0,0,0
1780638713121404,47.7004,0.000623697,0.0335941,0.00549316,0,0,-5,0.000623697,0.0335941,5.00549,5.00561,-0.0255459,0.00917445,-0.00696608,0,0,0
1780638713145404,47.7244,0.00015268,0.0329277,0.00527954,0,0,-5,0.00015268,0.0329277,5.00528,5.00539,-0.0262783,0.00974164,-0.00604888,0,0,0
1780638713169404,47.7484,-0.000337904,0.0323386,0.00509644,0,0,-5,-0.000337904,0.0323386,5.0051,5.0052,-0.0272397,0.0089141,-0.00685509,0,0,0
1780638713185404,47.7644,-0.000676708,0.0319875,0.00497437,0,0,-5,-0.000676708,0.0319875,5.00497,5.00508,-0.0275585,0.00904436,-0.00793702,0,0,0
1780638713209404,47.7884,-0.00119322,0.0315034,0.00476074,0,0,-5,-0.00119322,0.0315034,5.00476,5.00486,-0.0274324,0.00845891,-0.00816994,0,0,0
1780638713225404,47.8044,-0.00153944,0.0312212,0.00463867,0,0,-5,-0.00153944,0.0312212,5.00464,5.00474,-0.0280674,0.00839318,-0.0082471,0,0,0
1780638713249404,47.8284,-0.00204393,0.0308463,0.00442505,0,0,-5,-0.00204393,0.0308463,5.00443,5.00452,-0.0268632,0.0080146,-0.00943195,0,0,0
1780638713265404,47.8444,-0.00238932,0.0306418,0.00427246,0,0,-5,-0.00238932,0.0306418,5.00427,5.00437,-0.0287699,0.00866443,-0.0100607,0,0,0
1780638713289404,47.8684,-0.00292918,0.0303827,0.00402832,0,0,-5,-0.00292918,0.0303827,5.00403,5.00412,-0.0283396,0.0087045,-0.0109698,0,0,0
1780638713305404,47.8844,-0.00328852,0.0302453,0.00384521,0,0,-5,-0.00328852,0.0302453,5.00385,5.00394,-0.0287181,0.00908961,-0.0124099,0,0,0
1780638713329404,47.9084,-0.00383708,0.0300826,0.00354004,0,0,-5,-0.00383708,0.0300826,5.00354,5.00363,-0.0290939,0.00792304,-0.0140534,0,0,0
1780638713345404,47.9244,-0.00420558,0.0299688,0.00335693,0,0,-5,-0.00420558,0.0299688,5.00336,5.00345,-0.0292752,0.00561455,-0.01347,0,0,0
1780638713369404,47.9484,-0.00476738,0.0298075,0.00305176,0,0,-5,-0.00476738,0.0298075,5.00305,5.00314,-0.0301314,0.00584783,-0.0124058,0,0,0
1780638713385404,47.9644,-0.00526877,0.0287669,0.00302124,0,0,-5,-0.00526877,0.0287669,5.00302,5.00311,-0.0308298,0.00393236,-0.0120082,0,0,0
1780638713409404,47.9884,-0.00603523,0.0272795,0.00299072,0,0,-5,-0.00603523,0.0272795,5.00299,5.00307,-0.0317831,0.00196838,-0.0118406,0,0,0
1780638713425404,48.0044,-0.00653443,0.0263402,0.00296021,0,0,-5,-0.00653443,0.0263402,5.00296,5.00303,-0.0308457,0.00121802,-0.0110394,0,0,0
1780638713449404,48.0284,-0.00725838,0.0250122,0.00289917,0,0,-5,-0.00725838,0.0250122,5.0029,5.00297,-0.0302283,-0.000333763,-0.0120477,0,0,0
1780638713465404,48.0444,-0.00774385,0.0241797,0.00280762,0,0,-5,-0.00774385,0.0241797,5.00281,5.00287,-0.0314459,-0.000553257,-0.0115795,0,0,0
1780638713481404,48.0604,-0.00824873,0.0233891,0.0027771,0,0,-5,-0.00824873,0.0233891,5.00278,5.00284,-0.0326784,-0.000888131,-0.0109989,0,0,0
1780638713505404,48.0844,-0.00901686,0.0223032,0.00268555,0,0,-5,-0.00901686,0.0223032,5.00269,5.00274,-0.032786,0.000271752,-0.0107671,0,0,0
1780638713529404,48.1084,-0.00977531,0.0213614,0.00259399,0,0,-5,-0.00977531,0.0213614,5.00259,5.00265,-0.0335758,0.00244932,-0.0110497,0,0,0
1780638713545404,48.1244,-0.010289,0.0207941,0.00253296,0,0,-5,-0.010289,0.0207941,5.00253,5.00259,-0.0333589,0.00174365,-0.0110072,0,0,0
1780638713569404,48.1484,-0.0110616,0.0199902,0.00241089,0,0,-5,-0.0110616,0.0199902,5.00241,5.00246,-0.0343801,0.00180719,-0.0109708,0,0,0
1780638713585404,48.1644,-0.0115764,0.0195021,0.00234985,0,0,-5,-0.0115764,0.0195021,5.00235,5.0024,-0.0344252,0.00158229,-0.0107157,0,0,0
1780638713609404,48.1884,-0.0123773,0.0188215,0.00222778,0,0,-5,-0.0123773,0.0188215,5.00223,5.00228,-0.035966,0.00122514,-0.0121069,0,0,0
1780638713625404,48.2044,-0.0129138,0.0184079,0.0020752,0,0,-5,-0.0129138,0.0184079,5.00208,5.00213,-0.034632,0.000990809,-0.0133037,0,0,0
1780638713649404,48.2284,-0.0136858,0.0178373,0.00180054,0,0,-5,-0.0136858,0.0178373,5.0018,5.00185,-0.0340304,0.000975783,-0.0127365,0,0,0
1780638713665514,48.2445,-0.0142118,0.0174805,0.00161743,0,0,-5,-0.0142118,0.0174805,5.00162,5.00167,-0.0354943,4.5787e-05,-0.0130861,0,0,0
1780638713689514,48.2685,-0.0150252,0.0169847,0.00134277,0,0,-5,-0.0150252,0.0169847,5.00134,5.00139,-0.0367015,-0.000582619,-0.0128693,0,0,0
1780638713705514,48.2845,-0.0155791,0.0166675,0.00115967,0,0,-5,-0.0155791,0.0166675,5.00116,5.00121,-0.0368265,-0.00192473,-0.0125817,0,0,0
1780638713721514,48.3005,-0.0161248,0.0163539,0.000976562,0,0,-5,-0.0161248,0.0163539,5.00098,5.00103,-0.0358037,-0.00173174,-0.0135588,0,0,0
1780638713745514,48.3245,-0.0169075,0.015947,0.000671387,0,0,-5,-0.0169075,0.015947,5.00067,5.00073,-0.0348881,-0.00227844,-0.0138072,0,0,0
1780638713769514,48.3485,-0.0176866,0.0155576,0.000396729,0,0,-5,-0.0176866,0.0155576,5.0004,5.00045,-0.03551,-0.00234126,-0.0126617,0,0,0
1780638713785514,48.3645,-0.0173235,0.0156279,0.000274658,0,0,-5,-0.0173235,0.0156279,5.00027,5.00033,-0.0352193,-0.00273032,-0.0132312,0,0,0
1780638713809514,48.3885,-0.0168622,0.015735,6.10352e-05,0,0,-5,-0.0168622,0.015735,5.00006,5.00011,-0.0359217,-0.00224553,-0.0136427,0,0,0
1780638713825514,48.4045,-0.0166011,0.0158181,-9.15527e-05,0,0,-5,-0.0166011,0.0158181,4.99991,4.99996,-0.0344509,-0.00239352,-0.0133358,0,0,0
1780638713849514,48.4285,-0.0162306,0.0159413,-0.000244141,0,0,-5,-0.0162306,0.0159413,4.99976,4.99981,-0.0332737,-0.00359659,-0.0126841,0,0,0
1780638713865514,48.4445,-0.0160218,0.0160197,-0.000366211,0,0,-5,-0.0160218,0.0160197,4.99963,4.99969,-0.0334342,-0.00370932,-0.0125789,0,0,0
1780638713889514,48.4685,-0.0157638,0.0161327,-0.000488281,0,0,-5,-0.0157638,0.0161327,4.99951,4.99956,-0.0326991,-0.0043757,-0.0117609,0,0,0
1780638713905514,48.4845,-0.0156179,0.0162019,-0.000579834,0,0,-5,-0.0156179,0.0162019,4.99942,4.99947,-0.0319478,-0.00495573,-0.0106921,0,0,0
1780638713929514,48.5085,-0.015418,0.016313,-0.000732422,0,0,-5,-0.015418,0.016313,4.99927,4.99932,-0.0323958,-0.00487493,-0.0106432,0,0,0
1780638713945514,48.5245,-0.0153351,0.0163895,-0.000823975,0,0,-5,-0.0153351,0.0163895,4.99918,4.99923,-0.0330502,-0.00592139,-0.0115093,0,0,0
1780638713969514,48.5485,-0.0152555,0.0164722,-0.00100708,0,0,-5,-0.0152555,0.0164722,4.99899,4.99904,-0.0323558,-0.00688514,-0.0127445,0,0,0
1780638713985514,48.5645,-0.0152165,0.0165242,-0.00112915,0,0,-5,-0.0152165,0.0165242,4.99887,4.99892,-0.0311975,-0.00746133,-0.0115843,0,0,0
1780638714009514,48.5885,-0.0151884,0.0166237,-0.00131226,0,0,-5,-0.0151884,0.0166237,4.99869,4.99874,-0.031318,-0.00561543,-0.0119068,0,0,0
1780638714025514,48.6045,-0.0151986,0.0166977,-0.00143433,0,0,-5,-0.0151986,0.0166977,4.99857,4.99862,-0.0315674,-0.00616141,-0.0114193,0,0,0
1780638714049514,48.6285,-0.0152522,0.016807,-0.00158691,0,0,-5,-0.0152522,0.016807,4.99841,4.99846,-0.0315347,-0.00576063,-0.0126493,0,0,0
1780638714065514,48.6445,-0.0153071,0.0168851,-0.00170898,0,0,-5,-0.0153071,0.0168851,4.99829,4.99834,-0.0316799,-0.00578977,-0.011892,0,0,0
1780638714089514,48.6685,-0.0154087,0.016996,-0.00192261,0,0,-5,-0.0154087,0.016996,4.99808,4.99813,-0.0304013,-0.00706027,-0.0134801,0,0,0
1780638714105514,48.6845,-0.0155001,0.0170531,-0.00201416,0,0,-5,-0.0155001,0.0170531,4.99799,4.99804,-0.0313208,-0.00800636,-0.0118663,0,0,0
1780638714129514,48.7085,-0.0156794,0.0171178,-0.00210571,0,0,-5,-0.0156794,0.0171178,4.99789,4.99795,-0.0318266,-0.0085528,-0.0121094,0,0,0
1780638714145514,48.7245,-0.0158313,0.0171586,-0.00219727,0,0,-5,-0.0158313,0.0171586,4.9978,4.99786,-0.032665,-0.0084649,-0.0125757,0,0,0
1780638714169514,48.7485,-0.0160734,0.0172396,-0.00231934,0,0,-5,-0.0160734,0.0172396,4.99768,4.99774,-0.0305073,-0.00731876,-0.0105412,0,0,0
1780638714185514,48.7645,-0.0158154,0.0169141,-0.00231934,0,0,-5,-0.0158154,0.0169141,4.99768,4.99773,-0.0296416,-0.00757497,-0.00995299,0,0,0
1780638714209514,48.7885,-0.0154754,0.0164483,-0.00234985,0,0,-5,-0.0154754,0.0164483,4.99765,4.9977,-0.0293435,-0.00835592,-0.00947683,0,0,0
1780638714225514,48.8045,-0.0152862,0.0161494,-0.00234985,0,0,-5,-0.0152862,0.0161494,4.99765,4.9977,-0.0293377,-0.00968625,-0.00974535,0,0,0
1780638714249514,48.8285,-0.015039,0.0156994,-0.00238037,0,0,-5,-0.015039,0.0156994,4.99762,4.99767,-0.0280827,-0.0105044,-0.0102068,0,0,0
1780638714265514,48.8445,-0.0148966,0.0154239,-0.00241089,0,0,-5,-0.0148966,0.0154239,4.99759,4.99764,-0.0274612,-0.00997899,-0.00979982,0,0,0
1780638714281514,48.8605,-0.0147598,0.0151517,-0.00241089,0,0,-5,-0.0147598,0.0151517,4.99759,4.99763,-0.0257957,-0.0112294,-0.00938642,0,0,0
1780638714305514,48.8845,-0.0145573,0.014734,-0.00247192,0,0,-5,-0.0145573,0.014734,4.99753,4.99757,-0.0240054,-0.0125682,-0.00937365,0,0,0
1780638714321514,48.9005,-0.0144414,0.0144659,-0.00250244,0,0,-5,-0.0144414,0.0144659,4.9975,4.99754,-0.0242134,-0.0127875,-0.0093901,0,0,0
1780638714345514,48.9245,-0.0143207,0.0140592,-0.00256348,0,0,-5,-0.0143207,0.0140592,4.99744,4.99748,-0.0227418,-0.0133016,-0.00792264,0,0,0
1780638714369514,48.9485,-0.0142184,0.0136607,-0.00256348,0,0,-5,-0.0142184,0.0136607,4.99744,4.99748,-0.0233514,-0.0139719,-0.00556044,0,0,0
1780638714385514,48.9645,-0.0141802,0.0134003,-0.00250244,0,0,-5,-0.0141802,0.0134003,4.9975,4.99754,-0.0228285,-0.014569,-0.00440746,0,0,0
1780638714401514,48.9805,-0.0141555,0.01315,-0.00241089,0,0,-5,-0.0141555,0.01315,4.99759,4.99763,-0.0226029,-0.0134253,-0.00395624,0,0,0
1780638714425514,49.0045,-0.0141271,0.0128033,-0.00231934,0,0,-5,-0.0141271,0.0128033,4.99768,4.99772,-0.0213865,-0.0125258,-0.00378927,0,0,0
1780638714449514,49.0285,-0.0141198,0.0125001,-0.00222778,0,0,-5,-0.0141198,0.0125001,4.99777,4.99781,-0.0205218,-0.0111352,-0.00471442,0,0,0
1780638714465514,49.0445,-0.0141288,0.0123333,-0.00216675,0,0,-5,-0.0141288,0.0123333,4.99783,4.99787,-0.0216383,-0.0100301,-0.00632734,0,0,0
1780638714489514,49.0685,-0.0141842,0.0121028,-0.00216675,0,0,-5,-0.0141842,0.0121028,4.99783,4.99787,-0.0220785,-0.0096679,-0.00796316,0,0,0
1780638714505514,49.0845,-0.0142408,0.0119464,-0.00219727,0,0,-5,-0.0142408,0.0119464,4.9978,4.99784,-0.0217002,-0.0110733,-0.00826733,0,0,0
1780638714529514,49.1085,-0.0143443,0.0117297,-0.00219727,0,0,-5,-0.0143443,0.0117297,4.9978,4.99784,-0.0210175,-0.0100085,-0.00858454,0,0,0
1780638714545514,49.1245,-0.0144184,0.0115926,-0.00222778,0,0,-5,-0.0144184,0.0115926,4.99777,4.99781,-0.0207988,-0.00959429,-0.0086714,0,0,0
1780638714569514,49.1485,-0.0145479,0.0114216,-0.0022583,0,0,-5,-0.0145479,0.0114216,4.99774,4.99778,-0.0209402,-0.00855175,-0.00900523,0,0,0
1780638714585514,49.1645,-0.0141789,0.0111514,-0.00219727,0,0,-5,-0.0141789,0.0111514,4.9978,4.99784,-0.01936,-0.00885916,-0.00928835,0,0,0
1780638714609514,49.1885,-0.0136797,0.0107609,-0.00210571,0,0,-5,-0.0136797,0.0107609,4.99789,4.99792,-0.0187489,-0.00910089,-0.00896717,0,0,0
1780638714625514,49.2045,-0.013375,0.0105153,-0.00204468,0,0,-5,-0.013375,0.0105153,4.99796,4.99798,-0.0182707,-0.00906799,-0.00885519,0,0,0
1780638714649514,49.2285,-0.0129471,0.0101697,-0.00198364,0,0,-5,-0.0129471,0.0101697,4.99802,4.99804,-0.0165292,-0.00886316,-0.00904002,0,0,0
1780638714665626,49.2446,-0.0126826,0.00995232,-0.00192261,0,0,-5,-0.0126826,0.00995232,4.99808,4.9981,-0.0170091,-0.00934962,-0.00861835,0,0,0
1780638714689626,49.2686,-0.0123084,0.00963568,-0.00186157,0,0,-5,-0.0123084,0.00963568,4.99814,4.99816,-0.0155982,-0.0103168,-0.00885829,0,0,0
1780638714705626,49.2846,-0.0120926,0.00941832,-0.00183105,0,0,-5,-0.0120926,0.00941832,4.99817,4.99819,-0.0166534,-0.0115262,-0.00851459,0,0,0
1780638714729626,49.3086,-0.0118173,0.00909978,-0.00186157,0,0,-5,-0.0118173,0.00909978,4.99814,4.99816,-0.0164888,-0.0109325,-0.0108295,0,0,0
1780638714745626,49.3246,-0.0116467,0.00890476,-0.00189209,0,0,-5,-0.0116467,0.00890476,4.99811,4.99813,-0.0157431,-0.0101343,-0.00970527,0,0,0
1780638714769626,49.3486,-0.0114343,0.0086314,-0.00195312,0,0,-5,-0.0114343,0.0086314,4.99805,4.99807,-0.0159614,-0.0107892,-0.0103321,0,0,0
1780638714785626,49.3646,-0.0112924,0.00845205,-0.00201416,0,0,-5,-0.0112924,0.00845205,4.99799,4.99801,-0.0144053,-0.0109016,-0.0093645,0,0,0
1780638714809626,49.3886,-0.0111035,0.00820483,-0.0020752,0,0,-5,-0.0111035,0.00820483,4.99792,4.99794,-0.0144425,-0.00985825,-0.00901435,0,0,0
1780638714825626,49.4046,-0.0109968,0.00805802,-0.00213623,0,0,-5,-0.0109968,0.00805802,4.99786,4.99788,-0.0148098,-0.00980851,-0.00842975,0,0,0
1780638714849626,49.4286,-0.0108748,0.00786365,-0.00222778,0,0,-5,-0.0108748,0.00786365,4.99777,4.99779,-0.0151989,-0.00941945,-0.00920164,0,0,0
1780638714865626,49.4446,-0.0108046,0.00774155,-0.00231934,0,0,-5,-0.0108046,0.00774155,4.99768,4.9977,-0.0137348,-0.00929494,-0.0100806,0,0,0
1780638714889626,49.4686,-0.0107041,0.00756636,-0.00241089,0,0,-5,-0.0107041,0.00756636,4.99759,4.99761,-0.0141625,-0.0093066,-0.00853457,0,0,0
1780638714905626,49.4846,-0.0106502,0.00744899,-0.00247192,0,0,-5,-0.0106502,0.00744899,4.99753,4.99754,-0.0136557,-0.0102506,-0.00905398,0,0,0
1780638714921626,49.5006,-0.0106079,0.0073348,-0.00250244,0,0,-5,-0.0106079,0.0073348,4.9975,4.99751,-0.01364,-0.00968988,-0.00746611,0,0,0
1780638714945626,49.5246,-0.0105679,0.00715263,-0.00259399,0,0,-5,-0.0105679,0.00715263,4.99741,4.99742,-0.0134107,-0.0115289,-0.00765059,0,0,0
1780638714961626,49.5406,-0.0105441,0.0070161,-0.00262451,0,0,-5,-0.0105441,0.0070161,4.99738,4.99739,-0.0126334,-0.0118404,-0.0077531,0,0,0
1780638714985626,49.5646,-0.0104261,0.00682489,-0.00262451,0,0,-5,-0.0104261,0.00682489,4.99738,4.99739,-0.012445,-0.0122186,-0.00698369,0,0,0
1780638715009626,49.5886,-0.0103095,0.00661718,-0.00262451,0,0,-5,-0.0103095,0.00661718,4.99738,4.99739,-0.0127777,-0.0124972,-0.00691154,0,0,0
1780638715025626,49.6046,-0.0102396,0.00648532,-0.00262451,0,0,-5,-0.0102396,0.00648532,4.99738,4.99739,-0.012545,-0.0121342,-0.00603565,0,0,0
1780638715049626,49.6286,-0.0101677,0.00628563,-0.00265503,0,0,-5,-0.0101677,0.00628563,4.99734,4.99736,-0.0130669,-0.0127749,-0.00655343,0,0,0
1780638715065626,49.6446,-0.0101306,0.00615683,-0.00265503,0,0,-5,-0.0101306,0.00615683,4.99734,4.99736,-0.012527,-0.0126605,-0.00497839,0,0,0
1780638715081626,49.6606,-0.0100899,0.00602794,-0.00265503,0,0,-5,-0.0100899,0.00602794,4.99734,4.99736,-0.0110059,-0.0124183,-0.00496378,0,0,0
1780638715105626,49.6846,-0.0100181,0.00584149,-0.00262451,0,0,-5,-0.0100181,0.00584149,4.99738,4.99739,-0.0106697,-0.0126018,-0.00428221,0,0,0
1780638715121626,49.7006,-0.0099841,0.00571824,-0.00259399,0,0,-5,-0.0099841,0.00571824,4.99741,4.99742,-0.0102522,-0.0124225,-0.00541264,0,0,0
1780638715145626,49.7246,-0.0099452,0.0055452,-0.00259399,0,0,-5,-0.0099452,0.0055452,4.99741,4.99742,-0.0103278,-0.0123376,-0.00457533,0,0,0
1780638715169626,49.7486,-0.00992391,0.00537678,-0.00259399,0,0,-5,-0.00992391,0.00537678,4.99741,4.99742,-0.00950578,-0.0117479,-0.00497741,0,0,0
1780638715185626,49.7646,-0.00991309,0.00527263,-0.00262451,0,0,-5,-0.00991309,0.00527263,4.99738,4.99739,-0.00920437,-0.0119012,-0.00543687,0,0,0
1780638715209626,49.7886,-0.00992156,0.00513265,-0.00265503,0,0,-5,-0.00992156,0.00513265,4.99734,4.99736,-0.0104814,-0.0100848,-0.00593758,0,0,0
1780638715225626,49.8046,-0.00994968,0.00506935,-0.00268555,0,0,-5,-0.00994968,0.00506935,4.99731,4.99733,-0.0113342,-0.00945389,-0.0053016,0,0,0
1780638715249626,49.8286,-0.0100316,0.00497409,-0.00268555,0,0,-5,-0.0100316,0.00497409,4.99731,4.99733,-0.0117733,-0.009368,-0.00471472,0,0,0
1780638715265626,49.8446,-0.0100957,0.00491254,-0.00265503,0,0,-5,-0.0100957,0.00491254,4.99734,4.99736,-0.011237,-0.0100345,-0.00445569,0,0,0
1780638715281626,49.8606,-0.0101644,0.00483601,-0.00265503,0,0,-5,-0.0101644,0.00483601,4.99734,4.99736,-0.0122855,-0.0100342,-0.00535383,0,0,0
1780638715305626,49.8846,-0.0103059,0.00473386,-0.00262451,0,0,-5,-0.0103059,0.00473386,4.99738,4.99739,-0.0132703,-0.00961336,-0.00329533,0,0,0
1780638715321626,49.9006,-0.0104186,0.00466565,-0.00253296,0,0,-5,-0.0104186,0.00466565,4.99747,4.99748,-0.0140143,-0.0098309,-0.00222589,0,0,0
1780638715345626,49.9246,-0.0105978,0.00454413,-0.00241089,0,0,-5,-0.0105978,0.00454413,4.99759,4.9976,-0.0141272,-0.0118867,-0.00143155,0,0,0
1780638715369626,49.9486,-0.0108003,0.00437865,-0.0022583,0,0,-5,-0.0108003,0.00437865,4.99774,4.99776,-0.0135347,-0.0122363,0.000261491,0,0,0
1780638715385626,49.9646,-0.0105048,0.00430693,-0.0022583,0,0,-5,-0.0105048,0.00430693,4.99774,4.99775,-0.0137788,-0.0104707,0.00123258,0,0,0
1780638715409626,49.9886,-0.010105,0.00421352,-0.0022583,0,0,-5,-0.010105,0.00421352,4.99774,4.99775,-0.01321,-0.0106981,0.00271312,0,0,0
1780638715425626,50.0046,-0.00986555,0.00414942,-0.00222778,0,0,-5,-0.00986555,0.00414942,4.99777,4.99778,-0.0130354,-0.0114085,0.00304823,0,0,0
1780638715449626,50.0286,-0.00952374,0.00404861,-0.00219727,0,0,-5,-0.00952374,0.00404861,4.9978,4.99781,-0.0119744,-0.0103884,0.0025844,0,0,0
1780638715465626,50.0446,-0.00931094,0.0039939,-0.00216675,0,0,-5,-0.00931094,0.0039939,4.99783,4.99784,-0.0120717,-0.0102643,0.00262593,0,0,0
1780638715489626,50.0686,-0.00903003,0.00390284,-0.00216675,0,0,-5,-0.00903003,0.00390284,4.99783,4.99784,-0.0117396,-0.0102096,0.00285855,0,0,0
1780638715505626,50.0846,-0.00887083,0.00384024,-0.00213623,0,0,-5,-0.00887083,0.00384024,4.99786,4.99787,-0.0127764,-0.0109266,0.00180286,0,0,0
1780638715529626,50.1086,-0.00866902,0.00372695,-0.00213623,0,0,-5,-0.00866902,0.00372695,4.99786,4.99787,-0.0133473,-0.0116792,0.00294827,0,0,0
1780638715545626,50.1246,-0.00857823,0.00365032,-0.00213623,0,0,-5,-0.00857823,0.00365032,4.99786,4.99787,-0.0141633,-0.0107968,0.00264271,0,0,0
1780638715561626,50.1406,-0.00851296,0.00358051,-0.00213623,0,0,-5,-0.00851296,0.00358051,4.99786,4.99787,-0.0148679,-0.0107716,0.00217324,0,0,0
1780638715585626,50.1646,-0.00845462,0.00348393,-0.00216675,0,0,-5,-0.00845462,0.00348393,4.99783,4.99784,-0.0157808,-0.0101333,0.00145478,0,0,0
1780638715609626,50.1886,-0.00844784,0.00339242,-0.00210571,0,0,-5,-0.00844784,0.00339242,4.99789,4.9979,-0.01611,-0.00972765,0.0017938,0,0,0
1780638715625626,50.2046,-0.00846099,0.00333422,-0.0020752,0,0,-5,-0.00846099,0.00333422,4.99792,4.99793,-0.0156507,-0.00960369,0.00199545,0,0,0
1780638715641626,50.2206,-0.00847596,0.00328747,-0.00201416,0,0,-5,-0.00847596,0.00328747,4.99799,4.99799,-0.01506,-0.00852735,0.00147569,0,0,0
1780638715665626,50.2446,-0.00852601,0.00322656,-0.00198364,0,0,-5,-0.00852601,0.00322656,4.99802,4.99802,-0.0165807,-0.00878056,0.00237077,0,0,0
1780638715689737,50.2687,-0.00863848,0.00317091,-0.00189209,0,0,-5,-0.00863848,0.00317091,4.99811,4.99812,-0.017817,-0.00728208,0.00328761,0,0,0
1780638715705737,50.2847,-0.00873815,0.00315347,-0.00183105,0,0,-5,-0.00873815,0.00315347,4.99817,4.99818,-0.0182191,-0.00700557,0.00321209,0,0,0
1780638715729737,50.3087,-0.00890129,0.00314037,-0.0017395,0,0,-5,-0.00890129,0.00314037,4.99826,4.99827,-0.0176767,-0.00664672,0.00159446,0,0,0
1780638715745737,50.3247,-0.00902225,0.00313186,-0.0017395,0,0,-5,-0.00902225,0.00313186,4.99826,4.99827,-0.0179538,-0.00640545,0.000777363,0,0,0
1780638715769737,50.3487,-0.00922892,0.00312639,-0.0017395,0,0,-5,-0.00922892,0.00312639,4.99826,4.99827,-0.0177021,-0.00691136,-0.00102556,0,0,0
1780638715785737,50.3647,-0.00907166,0.00315025,-0.0015564,0,0,-5,-0.00907166,0.00315025,4.99844,4.99845,-0.0170559,-0.00790427,-0.000911688,0,0,0
1780638715809737,50.3887,-0.00887361,0.00315777,-0.00128174,0,0,-5,-0.00887361,0.00315777,4.99872,4.99873,-0.0180022,-0.00883359,-2.82797e-05,0,0,0
1780638715825737,50.4047,-0.00877261,0.00316009,-0.00109863,0,0,-5,-0.00877261,0.00316009,4.9989,4.99891,-0.0178714,-0.0082065,-0.0011479,0,0,0
1780638715849737,50.4287,-0.0086415,0.00317709,-0.00088501,0,0,-5,-0.0086415,0.00317709,4.99911,4.99912,-0.0171309,-0.00728264,-0.000919706,0,0,0
1780638715865737,50.4447,-0.00856242,0.00321163,-0.000732422,0,0,-5,-0.00856242,0.00321163,4.99927,4.99928,-0.0174342,-0.0068123,-0.00156774,0,0,0
1780638715889737,50.4687,-0.00850911,0.00323185,-0.000518799,0,0,-5,-0.00850911,0.00323185,4.99948,4.99949,-0.0172763,-0.00679791,-0.000919314,0,0,0
1780638715905737,50.4847,-0.00849928,0.00325219,-0.000366211,0,0,-5,-0.00849928,0.00325219,4.99963,4.99964,-0.0176074,-0.00654508,-0.00126341,0,0,0
1780638715921737,50.5007,-0.00850248,0.00327269,-0.000244141,0,0,-5,-0.00850248,0.00327269,4.99976,4.99976,-0.0174897,-0.00632851,-0.00194654,0,0,0
1780638715945737,50.5247,-0.00854785,0.00330132,-6.10352e-05,0,0,-5,-0.00854785,0.00330132,4.99994,4.99995,-0.0182372,-0.00700312,-0.00273558,0,0,0
1780638715969737,50.5487,-0.00860963,0.00331705,3.05176e-05,0,0,-5,-0.00860963,0.00331705,5.00003,5.00004,-0.0176128,-0.00629866,-0.00326657,0,0,0
1780638715985737,50.5647,-0.00867136,0.00332598,9.15527e-05,0,0,-5,-0.00867136,0.00332598,5.00009,5.0001,-0.0182409,-0.00566969,-0.00361867,0,0,0
1780638716001737,50.5807,-0.00873615,0.0033427,0.000152588,0,0,-5,-0.00873615,0.0033427,5.00015,5.00016,-0.0174267,-0.00598572,-0.00184687,0,0,0
1780638716025737,50.6047,-0.00883966,0.00335097,0.000274658,0,0,-5,-0.00883966,0.00335097,5.00027,5.00028,-0.0170328,-0.00602155,4.97155e-05,0,0,0
1780638716049737,50.6287,-0.00897803,0.00334361,0.000427246,0,0,-5,-0.00897803,0.00334361,5.00043,5.00044,-0.0181613,-0.00728316,0.000600419,0,0,0
1780638716065737,50.6447,-0.00909022,0.00332721,0.000518799,0,0,-5,-0.00909022,0.00332721,5.00052,5.00053,-0.0180111,-0.00702251,0.000961774,0,0,0
1780638716089737,50.6687,-0.00928405,0.00330271,0.000701904,0,0,-5,-0.00928405,0.00330271,5.0007,5.00071,-0.0187903,-0.00686288,0.00164239,0,0,0
1780638716105737,50.6847,-0.00944075,0.00327474,0.000854492,0,0,-5,-0.00944075,0.00327474,5.00085,5.00086,-0.0184889,-0.00798715,0.00132951,0,0,0
1780638716129737,50.7087,-0.00968163,0.00320383,0.0010376,0,0,-5,-0.00968163,0.00320383,5.00104,5.00105,-0.0183642,-0.00867066,-9.10603e-05,0,0,0
1780638716145737,50.7247,-0.0098379,0.00315145,0.00112915,0,0,-5,-0.0098379,0.00315145,5.00113,5.00114,-0.0169825,-0.0088268,-0.00141479,0,0,0
1780638716169737,50.7487,-0.0100588,0.00307089,0.00125122,0,0,-5,-0.0100588,0.00307089,5.00125,5.00126,-0.0159757,-0.00818229,0.0013712,0,0,0
1780638716185737,50.7647,-0.0098618,0.00325118,0.00137329,0,0,-5,-0.0098618,0.00325118,5.00137,5.00138,-0.0162486,-0.00913699,0.00329928,0,0,0
1780638716201737,50.7807,-0.009698,0.00340986,0.00152588,0,0,-5,-0.009698,0.00340986,5.00153,5.00154,-0.0168718,-0.00899901,0.00442381,0,0,0
1780638716225737,50.8047,-0.00950847,0.00363366,0.00170898,0,0,-5,-0.00950847,0.00363366,5.00171,5.00172,-0.0173428,-0.0084335,0.00177876,0,0,0
1780638716249737,50.8287,-0.00937762,0.00382929,0.00186157,0,0,-5,-0.00937762,0.00382929,5.00186,5.00187,-0.0175608,-0.00983731,0.0022893,0,0,0
1780638716265737,50.8447,-0.00930848,0.00393397,0.00198364,0,0,-5,-0.00930848,0.00393397,5.00198,5.00199,-0.0170758,-0.00999448,0.00220879,0,0,0
1780638716289737,50.8687,-0.00922189,0.00405857,0.00213623,0,0,-5,-0.00922189,0.00405857,5.00214,5.00215,-0.016182,-0.0106329,0.00271283,0,0,0
1780638716305737,50.8847,-0.00917331,0.00413678,0.00222778,0,0,-5,-0.00917331,0.00413678,5.00223,5.00224,-0.0153234,-0.0099866,0.0015522,0,0,0
1780638716329737,50.9087,-0.00913443,0.00423964,0.00238037,0,0,-5,-0.00913443,0.00423964,5.00238,5.00239,-0.014925,-0.0103426,0.00191205,0,0,0
1780638716345737,50.9247,-0.00911583,0.00429255,0.00247192,0,0,-5,-0.00911583,0.00429255,5.00247,5.00248,-0.0144199,-0.0108569,0.0016583,0,0,0
1780638716369737,50.9487,-0.00909465,0.00435532,0.00262451,0,0,-5,-0.00909465,0.00435532,5.00262,5.00263,-0.0136351,-0.0101243,0.00265128,0,0,0
1780638716385737,50.9647,-0.00908098,0.00439925,0.00271606,0,0,-5,-0.00908098,0.00439925,5.00272,5.00273,-0.0121213,-0.0104318,0.00183321,0,0,0
1780638716409737,50.9887,-0.00904702,0.00442907,0.00283813,0,0,-5,-0.00904702,0.00442907,5.00284,5.00285,-0.0111939,-0.0107587,0.000860713,0,0,0
1780638716425737,51.0047,-0.00903941,0.00443808,0.00292969,0,0,-5,-0.00903941,0.00443808,5.00293,5.00294,-0.0114502,-0.0116141,0.000926924,0,0,0
1780638716449737,51.0287,-0.00904518,0.00442519,0.00302124,0,0,-5,-0.00904518,0.00442519,5.00302,5.00303,-0.0122367,-0.0120115,-0.000201651,0,0,0
1780638716465737,51.0447,-0.0090643,0.00439465,0.00308228,0,0,-5,-0.0090643,0.00439465,5.00308,5.00309,-0.0111607,-0.01325,-0.000617167,0,0,0
1780638716481737,51.0607,-0.00908313,0.00434647,0.00314331,0,0,-5,-0.00908313,0.00434647,5.00314,5.00315,-0.0107178,-0.0145224,-0.00116577,0,0,0
1780638716505737,51.0847,-0.00912098,0.00423629,0.00320435,0,0,-5,-0.00912098,0.00423629,5.0032,5.00321,-0.010489,-0.0143775,-0.00086347,0,0,0
1780638716529737,51.1087,-0.00917601,0.00413296,0.00326538,0,0,-5,-0.00917601,0.00413296,5.00327,5.00328,-0.0106077,-0.0141083,-0.00140453,0,0,0
1780638716545737,51.1247,-0.0092295,0.00406114,0.0032959,0,0,-5,-0.0092295,0.00406114,5.0033,5.00331,-0.0118356,-0.0136038,-0.000876656,0,0,0
1780638716569737,51.1487,-0.00933526,0.00395538,0.00332642,0,0,-5,-0.00933526,0.00395538,5.00333,5.00334,-0.0121679,-0.01358,-0.0016833,0,0,0
1780638716585737,51.1647,-0.00917088,0.00396173,0.0032959,0,0,-5,-0.00917088,0.00396173,5.0033,5.00331,-0.0116288,-0.0137014,-0.000934305,0,0,0
1780638716609737,51.1887,-0.00894936,0.00396441,0.0032959,0,0,-5,-0.00894936,0.00396441,5.0033,5.00331,-0.0124323,-0.0131734,-0.00109295,0,0,0
1780638716625737,51.2047,-0.00884023,0.00395799,0.00326538,0,0,-5,-0.00884023,0.00395799,5.00327,5.00327,-0.0129619,-0.0131972,-0.00222185,0,0,0
1780638716641737,51.2207,-0.00874535,0.00394064,0.00323486,0,0,-5,-0.00874535,0.00394064,5.00323,5.00324,-0.0126471,-0.0132182,-0.00380315,0,0,0
1780638716665737,51.2447,-0.00863632,0.0039015,0.00311279,0,0,-5,-0.00863632,0.0039015,5.00311,5.00312,-0.0131535,-0.0132691,-0.00592025,0,0,0
1780638716689737,51.2687,-0.0085517,0.00385397,0.00302124,0,0,-5,-0.0085517,0.00385397,5.00302,5.00303,-0.0120736,-0.0131474,-0.00656949,0,0,0
1780638716705858,51.2848,-0.0084947,0.00380761,0.00292969,0,0,-5,-0.0084947,0.00380761,5.00293,5.00294,-0.01172,-0.0142511,-0.0071987,0,0,0
1780638716729858,51.3088,-0.00841658,0.00369657,0.00280762,0,0,-5,-0.00841658,0.00369657,5.00281,5.00282,-0.0104407,-0.0155218,-0.00766777,0,0,0
1780638716745858,51.3248,-0.00837826,0.00360789,0.00271606,0,0,-5,-0.00837826,0.00360789,5.00272,5.00272,-0.0110178,-0.01553,-0.00816825,0,0,0
1780638716769858,51.3488,-0.00837199,0.00344833,0.00253296,0,0,-5,-0.00837199,0.00344833,5.00253,5.00254,-0.0119956,-0.016072,-0.00941968,0,0,0
1780638716785858,51.3648,-0.00838379,0.00332693,0.00241089,0,0,-5,-0.00838379,0.00332693,5.00241,5.00242,-0.0121425,-0.0172,-0.00994191,0,0,0
1780638716809858,51.3888,-0.00841719,0.00310868,0.00222778,0,0,-5,-0.00841719,0.00310868,5.00223,5.00224,-0.0119109,-0.0182504,-0.00871266,0,0,0
1780638716825858,51.4048,-0.008463,0.00294443,0.00210571,0,0,-5,-0.008463,0.00294443,5.00211,5.00211,-0.0125573,-0.0193352,-0.0095375,0,0,0
1780638716849858,51.4288,-0.0085614,0.00268542,0.00189209,0,0,-5,-0.0085614,0.00268542,5.00189,5.0019,-0.0126774,-0.0186027,-0.0102421,0,0,0
1780638716865858,51.4448,-0.00862964,0.00250386,0.0017395,0,0,-5,-0.00862964,0.00250386,5.00174,5.00175,-0.0120281,-0.0199072,-0.0119532,0,0,0
1780638716889858,51.4688,-0.00874034,0.00216992,0.00149536,0,0,-5,-0.00874034,0.00216992,5.0015,5.0015,-0.0124015,-0.0221253,-0.0117974,0,0,0
1780638716905858,51.4848,-0.00883817,0.00193206,0.00131226,0,0,-5,-0.00883817,0.00193206,5.00131,5.00132,-0.01314,-0.0231601,-0.0115631,0,0,0
1780638716929858,51.5088,-0.0090191,0.00154375,0.00106812,0,0,-5,-0.0090191,0.00154375,5.00107,5.00108,-0.0137628,-0.0234107,-0.0124054,0,0,0
1780638716945858,51.5248,-0.00914689,0.00128692,0.00088501,0,0,-5,-0.00914689,0.00128692,5.00089,5.00089,-0.0141442,-0.0228499,-0.012062,0,0,0
1780638716969858,51.5488,-0.00937656,0.000903565,0.000640869,0,0,-5,-0.00937656,0.000903565,5.00064,5.00065,-0.014972,-0.0228868,-0.0111204,0,0,0
1780638716985858,51.5648,-0.0092552,0.000889396,0.000549316,0,0,-5,-0.0092552,0.000889396,5.00055,5.00056,-0.0143542,-0.023303,-0.0112921,0,0,0
1780638717009858,51.5888,-0.00910113,0.00082195,0.000396729,0,0,-5,-0.00910113,0.00082195,5.0004,5.00041,-0.0144027,-0.0248833,-0.012737,0,0,0
1780638717025858,51.6048,-0.00902519,0.0007409,0.000274658,0,0,-5,-0.00902519,0.0007409,5.00027,5.00028,-0.0147592,-0.0258174,-0.012388,0,0,0
1780638717041858,51.6208,-0.00897623,0.000638294,9.15527e-05,0,0,-5,-0.00897623,0.000638294,5.00009,5.0001,-0.0152141,-0.0258532,-0.0122578,0,0,0
1780638717065858,51.6448,-0.00894592,0.000474852,-0.000183105,0,0,-5,-0.00894592,0.000474852,4.99982,4.99982,-0.01584,-0.0250634,-0.0123956,0,0,0
1780638717089858,51.6688,-0.00893627,0.000274845,-0.000457764,0,0,-5,-0.00893627,0.000274845,4.99954,4.99955,-0.0150818,-0.0258804,-0.0117223,0,0,0
1780638717105858,51.6848,-0.00893839,0.000124211,-0.000640869,0,0,-5,-0.00893839,0.000124211,4.99936,4.99937,-0.014847,-0.0261545,-0.0117101,0,0,0
1780638717129858,51.7088,-0.00896257,-0.000132679,-0.00088501,0,0,-5,-0.00896257,-0.000132679,4.99911,4.99912,-0.0149642,-0.0273463,-0.0108518,0,0,0
1780638717145858,51.7248,-0.00899133,-0.000343835,-0.00106812,0,0,-5,-0.00899133,-0.000343835,4.99893,4.99894,-0.0148031,-0.0288862,-0.0112534,0,0,0
1780638717169858,51.7488,-0.00903972,-0.000696776,-0.00131226,0,0,-5,-0.00903972,-0.000696776,4.99869,4.9987,-0.0132557,-0.0291263,-0.010702,0,0,0
1780638717185858,51.7648,-0.00907846,-0.00094686,-0.00152588,0,0,-5,-0.00907846,-0.00094686,4.99847,4.99848,-0.014284,-0.0302239,-0.0117075,0,0,0
1780638717209858,51.7888,-0.00917102,-0.00137801,-0.00186157,0,0,-5,-0.00917102,-0.00137801,4.99814,4.99815,-0.0141957,-0.031921,-0.0123461,0,0,0
1780638717225858,51.8048,-0.00924378,-0.00169007,-0.00210571,0,0,-5,-0.00924378,-0.00169007,4.99789,4.9979,-0.0142215,-0.0322891,-0.0125326,0,0,0
1780638717249858,51.8288,-0.00937977,-0.00220064,-0.00241089,0,0,-5,-0.00937977,-0.00220064,4.99759,4.9976,-0.0142987,-0.0334504,-0.0113318,0,0,0
1780638717265858,51.8448,-0.00946178,-0.00254997,-0.00262451,0,0,-5,-0.00946178,-0.00254997,4.99738,4.99739,-0.0135152,-0.0331329,-0.0114305,0,0,0
1780638717289858,51.8688,-0.00961956,-0.00308231,-0.00292969,0,0,-5,-0.00961956,-0.00308231,4.99707,4.99708,-0.0147301,-0.0329233,-0.0113523,0,0,0
1780638717305858,51.8848,-0.00972572,-0.00345024,-0.00314331,0,0,-5,-0.00972572,-0.00345024,4.99686,4.99687,-0.013451,-0.0332683,-0.0109744,0,0,0
1780638717329858,51.9088,-0.00988051,-0.00400996,-0.00341797,0,0,-5,-0.00988051,-0.00400996,4.99658,4.99659,-0.0145936,-0.0334047,-0.0112806,0,0,0
1780638717345858,51.9248,-0.010003,-0.00440061,-0.00363159,0,0,-5,-0.010003,-0.00440061,4.99637,4.99638,-0.0136969,-0.0345239,-0.010413,0,0,0
1780638717361858,51.9408,-0.0101185,-0.00481625,-0.0038147,0,0,-5,-0.0101185,-0.00481625,4.99619,4.9962,-0.0129993,-0.0352588,-0.011082,0,0,0
1780638717385858,51.9648,-0.0101565,-0.00510011,-0.00405884,0,0,-5,-0.0101565,-0.00510011,4.99594,4.99595,-0.0126175,-0.0344488,-0.0117996,0,0,0
1780638717409858,51.9888,-0.0101478,-0.00526245,-0.00430298,0,0,-5,-0.0101478,-0.00526245,4.9957,4.99571,-0.0125219,-0.0348028,-0.0110725,0,0,0
1780638717425858,52.0048,-0.0101645,-0.00540557,-0.00445557,0,0,-5,-0.0101645,-0.00540557,4.99554,4.99556,-0.0128121,-0.0365229,-0.0106092,0,0,0
1780638717449858,52.0288,-0.010197,-0.005673,-0.00466919,0,0,-5,-0.010197,-0.005673,4.99533,4.99534,-0.0121164,-0.0363678,-0.0113174,0,0,0
1780638717465858,52.0448,-0.0102239,-0.00588099,-0.00482178,0,0,-5,-0.0102239,-0.00588099,4.99518,4.99519,-0.0128477,-0.0371342,-0.0120844,0,0,0
1780638717489858,52.0688,-0.0102845,-0.00621138,-0.00506592,0,0,-5,-0.0102845,-0.00621138,4.99493,4.99495,-0.0120241,-0.0357472,-0.0105067,0,0,0
1780638717505858,52.0848,-0.010327,-0.00644701,-0.00521851,0,0,-5,-0.010327,-0.00644701,4.99478,4.9948,-0.0118564,-0.036284,-0.0106315,0,0,0
1780638717529858,52.1088,-0.0103892,-0.00684364,-0.00543213,0,0,-5,-0.0103892,-0.00684364,4.99457,4.99458,-0.0105015,-0.0371114,-0.0115539,0,0,0
1780638717545858,52.1248,-0.0104262,-0.00713888,-0.00561523,0,0,-5,-0.0104262,-0.00713888,4.99438,4.9944,-0.0101635,-0.037849,-0.0123062,0,0,0
1780638717569858,52.1488,-0.0105036,-0.00762151,-0.00588989,0,0,-5,-0.0105036,-0.00762151,4.99411,4.99413,-0.0112057,-0.0386525,-0.0131744,0,0,0
1780638717585858,52.1648,-0.0105744,-0.00796703,-0.00604248,0,0,-5,-0.0105744,-0.00796703,4.99396,4.99398,-0.0112875,-0.0388139,-0.0126081,0,0,0
1780638717609858,52.1888,-0.0106886,-0.00850831,-0.00631714,0,0,-5,-0.0106886,-0.00850831,4.99368,4.9937,-0.0102484,-0.0384874,-0.0138349,0,0,0
1780638717625858,52.2048,-0.0107583,-0.00888281,-0.00650024,0,0,-5,-0.0107583,-0.00888281,4.9935,4.99352,-0.00946113,-0.0386391,-0.0145931,0,0,0
1780638717649858,52.2288,-0.010852,-0.00947129,-0.00680542,0,0,-5,-0.010852,-0.00947129,4.99319,4.99322,-0.00845215,-0.0396866,-0.0136522,0,0,0
1780638717665858,52.2448,-0.0109092,-0.00989504,-0.00695801,0,0,-5,-0.0109092,-0.00989504,4.99304,4.99306,-0.0086496,-0.0399839,-0.0137702,0,0,0
1780638717689858,52.2688,-0.0110034,-0.0105426,-0.00720215,0,0,-5,-0.0110034,-0.0105426,4.9928,4.99282,-0.00841811,-0.0404324,-0.0151,0,0,0
1780638717705979,52.2849,-0.011077,-0.0110035,-0.00738525,0,0,-5,-0.011077,-0.0110035,4.99261,4.99264,-0.00926297,-0.0411815,-0.0157827,0,0,0
1780638717729979,52.3089,-0.0112132,-0.0117139,-0.00769043,0,0,-5,-0.0112132,-0.0117139,4.99231,4.99234,-0.00925292,-0.0414735,-0.016008,0,0,0
1780638717745979,52.3249,-0.0113004,-0.0122046,-0.00790405,0,0,-5,-0.0113004,-0.0122046,4.9921,4.99212,-0.00900046,-0.0419657,-0.0162791,0,0,0
1780638717761979,52.3409,-0.011383,-0.0127059,-0.00811768,0,0,-5,-0.011383,-0.0127059,4.99188,4.99191,-0.00856771,-0.0421749,-0.0163986,0,0,0
1780638717785979,52.3649,-0.0112398,-0.0128503,-0.0083313,0,0,-5,-0.0112398,-0.0128503,4.99167,4.9917,-0.00656756,-0.0424262,-0.0153969,0,0,0
1780638717809979,52.3889,-0.0109791,-0.01275,-0.00842285,0,0,-5,-0.0109791,-0.01275,4.99158,4.99161,-0.0073768,-0.0420952,-0.0130882,0,0,0
1780638717825979,52.4049,-0.0108441,-0.0127186,-0.00845337,0,0,-5,-0.0108441,-0.0127186,4.99155,4.99157,-0.00860479,-0.0415258,-0.0146405,0,0,0
1780638717849979,52.4289,-0.0106733,-0.0127145,-0.00857544,0,0,-5,-0.0106733,-0.0127145,4.99142,4.99145,-0.00834565,-0.0405905,-0.0144293,0,0,0
1780638717865979,52.4449,-0.0105715,-0.0127329,-0.00866699,0,0,-5,-0.0105715,-0.0127329,4.99133,4.99136,-0.00774011,-0.0402017,-0.0153191,0,0,0
1780638717889979,52.4689,-0.010431,-0.0128139,-0.00888062,0,0,-5,-0.010431,-0.0128139,4.99112,4.99115,-0.00802994,-0.0404981,-0.0160391,0,0,0
1780638717905979,52.4849,-0.0103456,-0.0129055,-0.0090332,0,0,-5,-0.0103456,-0.0129055,4.99097,4.99099,-0.00731361,-0.0406318,-0.0155445,0,0,0
1780638717929979,52.5089,-0.01024,-0.0130943,-0.00927734,0,0,-5,-0.01024,-0.0130943,4.99072,4.99075,-0.00802888,-0.0418497,-0.0155789,0,0,0
1780638717945979,52.5249,-0.0101743,-0.0132708,-0.00939941,0,0,-5,-0.0101743,-0.0132708,4.9906,4.99063,-0.00694944,-0.0434509,-0.0154164,0,0,0
1780638717961979,52.5409,-0.0101076,-0.0134874,-0.00952148,0,0,-5,-0.0101076,-0.0134874,4.99048,4.99051,-0.00663157,-0.043562,-0.0155093,0,0,0
1780638717985979,52.5649,-0.0100129,-0.0138374,-0.00973511,0,0,-5,-0.0100129,-0.0138374,4.99026,4.99029,-0.00635599,-0.0431796,-0.0139631,0,0,0
1780638718009979,52.5889,-0.00992518,-0.0142423,-0.00991821,0,0,-5,-0.00992518,-0.0142423,4.99008,4.99011,-0.00496342,-0.0431431,-0.0145734,0,0,0
1780638718025979,52.6049,-0.0098659,-0.0145324,-0.0100708,0,0,-5,-0.0098659,-0.0145324,4.98993,4.98996,-0.00512753,-0.0438266,-0.0145342,0,0,0
1780638718049979,52.6289,-0.0098104,-0.0150186,-0.0102539,0,0,-5,-0.0098104,-0.0150186,4.98975,4.98978,-0.00616694,-0.0443949,-0.0141189,0,0,0
1780638718065979,52.6449,-0.00978428,-0.0153735,-0.0104065,0,0,-5,-0.00978428,-0.0153735,4.98959,4.98963,-0.00545672,-0.045086,-0.0138893,0,0,0
1780638718089979,52.6689,-0.00972953,-0.0159619,-0.0106201,0,0,-5,-0.00972953,-0.0159619,4.98938,4.98941,-0.00496936,-0.0466581,-0.0147744,0,0,0
1780638718105979,52.6849,-0.00970909,-0.0163861,-0.0107727,0,0,-5,-0.00970909,-0.0163861,4.98923,4.98926,-0.00565605,-0.0469795,-0.0148709,0,0,0
1780638718129979,52.7089,-0.00968279,-0.0170653,-0.0110168,0,0,-5,-0.00968279,-0.0170653,4.98898,4.98902,-0.00434985,-0.0480471,-0.0154677,0,0,0
1780638718145979,52.7249,-0.00966684,-0.0175463,-0.0111694,0,0,-5,-0.00966684,-0.0175463,4.98883,4.98887,-0.00489965,-0.0479879,-0.0148971,0,0,0
1780638718169979,52.7489,-0.00965263,-0.0182939,-0.0113831,0,0,-5,-0.00965263,-0.0182939,4.98862,4.98866,-0.00458984,-0.0482541,-0.0166062,0,0,0
1780638718185979,52.7649,-0.00947918,-0.0181995,-0.0116577,0,0,-5,-0.00947918,-0.0181995,4.98834,4.98838,-0.00289453,-0.0478648,-0.017682,0,0,0
1780638718209979,52.7889,-0.00920426,-0.018135,-0.0120544,0,0,-5,-0.00920426,-0.018135,4.98795,4.98799,-0.0023223,-0.0482674,-0.0162756,0,0,0
1780638718225979,52.8049,-0.0090379,-0.0181346,-0.0123291,0,0,-5,-0.0090379,-0.0181346,4.98767,4.98771,-0.001869,-0.0472943,-0.0166415,0,0,0
1780638718249979,52.8289,-0.00879409,-0.0181987,-0.0126648,0,0,-5,-0.00879409,-0.0181987,4.98734,4.98738,-0.00164408,-0.0472528,-0.0152855,0,0,0
1780638718265979,52.8449,-0.00863417,-0.0182789,-0.0128784,0,0,-5,-0.00863417,-0.0182789,4.98712,4.98716,-0.0012549,-0.0468966,-0.0155104,0,0,0
1780638718289979,52.8689,-0.00840973,-0.0184435,-0.0132141,0,0,-5,-0.00840973,-0.0184435,4.98679,4.98683,-0.00084006,-0.0469382,-0.0151731,0,0,0
1780638718305979,52.8849,-0.00827045,-0.0185998,-0.0134277,0,0,-5,-0.00827045,-0.0185998,4.98657,4.98661,-0.00164774,-0.0471477,-0.0154842,0,0,0
1780638718329979,52.9089,-0.00808268,-0.018867,-0.0137939,0,0,-5,-0.00808268,-0.018867,4.98621,4.98625,-0.000673067,-0.0452016,-0.0158463,0,0,0
1780638718345979,52.9249,-0.00795867,-0.019045,-0.0140381,0,0,-5,-0.00795867,-0.019045,4.98596,4.986,-0.000366027,-0.0440837,-0.0159231,0,0,0
1780638718361979,52.9409,-0.00783028,-0.0192626,-0.0142822,0,0,-5,-0.00783028,-0.0192626,4.98572,4.98576,-3.5805e-06,-0.0461781,-0.0164852,0,0,0
1780638718385979,52.9649,-0.00764085,-0.0196639,-0.014679,0,0,-5,-0.00764085,-0.0196639,4.98532,4.98537,-8.20751e-05,-0.0459698,-0.0161698,0,0,0
1780638718409979,52.9889,-0.00746578,-0.0201197,-0.0150757,0,0,-5,-0.00746578,-0.0201197,4.98492,4.98497,-0.00023911,-0.046813,-0.0167334,0,0,0
1780638718425979,53.0049,-0.00736448,-0.0204556,-0.0153503,0,0,-5,-0.00736448,-0.0204556,4.98465,4.9847,-0.000693874,-0.0467509,-0.0166035,0,0,0
1780638718449979,53.0289,-0.00719859,-0.0210243,-0.015686,0,0,-5,-0.00719859,-0.0210243,4.98431,4.98436,0.000575732,-0.0479203,-0.0149035,0,0,0
1780638718465979,53.0449,-0.00708104,-0.0214217,-0.0158997,0,0,-5,-0.00708104,-0.0214217,4.9841,4.98415,0.000960765,-0.04704,-0.0151699,0,0,0
1780638718489979,53.0689,-0.00691391,-0.0220557,-0.0162048,0,0,-5,-0.00691391,-0.0220557,4.9838,4.98385,0.000100736,-0.0475192,-0.0137735,0,0,0
1780638718505979,53.0849,-0.00682728,-0.0224942,-0.0163574,0,0,-5,-0.00682728,-0.0224942,4.98364,4.9837,-0.000825939,-0.0472434,-0.014244,0,0,0
1780638718529979,53.1089,-0.00673079,-0.0231961,-0.0166321,0,0,-5,-0.00673079,-0.0231961,4.98337,4.98343,-0.00137777,-0.0477227,-0.0150722,0,0,0
1780638718545979,53.1249,-0.00666714,-0.0236854,-0.0168457,0,0,-5,-0.00666714,-0.0236854,4.98315,4.98322,-0.000894357,-0.0481708,-0.0158211,0,0,0
1780638718569979,53.1489,-0.00659389,-0.0244453,-0.0170898,0,0,-5,-0.00659389,-0.0244453,4.98291,4.98297,-0.00174198,-0.0470222,-0.0156553,0,0,0
1780638718585979,53.1649,-0.00642305,-0.0238611,-0.0171509,0,0,-5,-0.00642305,-0.0238611,4.98285,4.98291,-0.00244813,-0.0453812,-0.0160286,0,0,0
1780638718609979,53.1889,-0.00620209,-0.0230719,-0.0172424,0,0,-5,-0.00620209,-0.0230719,4.98276,4.98281,-0.00299852,-0.0442403,-0.0167906,0,0,0
1780638718625979,53.2049,-0.00606309,-0.0226184,-0.0173035,0,0,-5,-0.00606309,-0.0226184,4.9827,4.98275,-0.00250526,-0.0443361,-0.0160422,0,0,0
1780638718649979,53.2289,-0.00586159,-0.0220334,-0.0174255,0,0,-5,-0.00586159,-0.0220334,4.98257,4.98263,-0.00132675,-0.0439546,-0.0160227,0,0,0
1780638718665979,53.2449,-0.00572004,-0.0217126,-0.0175171,0,0,-5,-0.00572004,-0.0217126,4.98248,4.98253,-0.000734132,-0.0448265,-0.0163431,0,0,0
1780638718681979,53.2609,-0.0055782,-0.0214603,-0.0176392,0,0,-5,-0.0055782,-0.0214603,4.98236,4.98241,-0.000335297,-0.0459428,-0.0157837,0,0,0
1780638718706099,53.2851,-0.0053841,-0.0211936,-0.0177917,0,0,-5,-0.0053841,-0.0211936,4.98221,4.98226,-2.11376e-05,-0.0467571,-0.0163438,0,0,0
1780638718730099,53.3091,-0.00519474,-0.0210266,-0.0180054,0,0,-5,-0.00519474,-0.0210266,4.98199,4.98204,0.000554178,-0.0472209,-0.0182549,0,0,0
1780638718746099,53.3251,-0.00506577,-0.0209732,-0.018158,0,0,-5,-0.00506577,-0.0209732,4.98184,4.98189,0.00123466,-0.047983,-0.0179712,0,0,0
1780638718770099,53.3491,-0.0048864,-0.0209604,-0.0184326,0,0,-5,-0.0048864,-0.0209604,4.98157,4.98161,0.000125643,-0.0471215,-0.019633,0,0,0
1780638718786099,53.3651,-0.00479443,-0.0209986,-0.0186462,0,0,-5,-0.00479443,-0.0209986,4.98135,4.9814,-0.000386592,-0.0477828,-0.0194635,0,0,0
1780638718810099,53.3891,-0.00464103,-0.0211042,-0.0189514,0,0,-5,-0.00464103,-0.0211042,4.98105,4.9811,0.000730437,-0.0469049,-0.018721,0,0,0
1780638718826099,53.4051,-0.00454935,-0.0212162,-0.0191345,0,0,-5,-0.00454935,-0.0212162,4.98087,4.98091,0.000475816,-0.0472736,-0.0191829,0,0,0
1780638718850099,53.4291,-0.00441753,-0.0214723,-0.0194702,0,0,-5,-0.00441753,-0.0214723,4.98053,4.98058,0.00076902,-0.0491004,-0.0190089,0,0,0
1780638718866099,53.4451,-0.00432692,-0.0216924,-0.0196838,0,0,-5,-0.00432692,-0.0216924,4.98032,4.98037,0.00109223,-0.0491796,-0.0189524,0,0,0
1780638718890099,53.4691,-0.00420214,-0.0220686,-0.019989,0,0,-5,-0.00420214,-0.0220686,4.98001,4.98006,0.000186609,-0.0484149,-0.0173372,0,0,0
1780638718906099,53.4851,-0.004138,-0.0223609,-0.0201721,0,0,-5,-0.004138,-0.0223609,4.97983,4.97988,-4.91157e-05,-0.049805,-0.0169052,0,0,0
1780638718930099,53.5091,-0.00404185,-0.02287,-0.0204163,0,0,-5,-0.00404185,-0.02287,4.97958,4.97964,0.000500467,-0.0507231,-0.0168684,0,0,0
1780638718946099,53.5251,-0.003957,-0.0232521,-0.0205994,0,0,-5,-0.003957,-0.0232521,4.9794,4.97946,0.000822145,-0.0510184,-0.0156064,0,0,0
1780638718970099,53.5491,-0.00384371,-0.0238587,-0.020874,0,0,-5,-0.00384371,-0.0238587,4.97913,4.97918,-0.000197229,-0.0499086,-0.0157213,0,0,0
1780638718986099,53.5651,-0.00376005,-0.0233878,-0.020874,0,0,-5,-0.00376005,-0.0233878,4.97913,4.97918,-0.000566955,-0.0483711,-0.0152839,0,0,0
1780638719010099,53.5891,-0.00363916,-0.0227855,-0.0209045,0,0,-5,-0.00363916,-0.0227855,4.9791,4.97915,0.000695932,-0.0492041,-0.0155697,0,0,0
1780638719026099,53.6051,-0.00353286,-0.022461,-0.0209351,0,0,-5,-0.00353286,-0.022461,4.97906,4.97912,0.00132144,-0.0478907,-0.0156089,0,0,0
1780638719050099,53.6291,-0.00337987,-0.0220307,-0.0209961,0,0,-5,-0.00337987,-0.0220307,4.979,4.97905,0.00104689,-0.04631,-0.0144863,0,0,0
1780638719066099,53.6451,-0.00327914,-0.0217913,-0.0209961,0,0,-5,-0.00327914,-0.0217913,4.979,4.97905,0.0024275,-0.0454598,-0.0140765,0,0,0
1780638719090099,53.6691,-0.00311828,-0.0215124,-0.0210571,0,0,-5,-0.00311828,-0.0215124,4.97894,4.97899,0.000967856,-0.0457313,-0.0147656,0,0,0
1780638719106099,53.6851,-0.00304304,-0.0213942,-0.0211182,0,0,-5,-0.00304304,-0.0213942,4.97888,4.97893,0.000171333,-0.0470312,-0.0162548,0,0,0
1780638719130099,53.7091,-0.00293651,-0.0213195,-0.0212097,0,0,-5,-0.00293651,-0.0213195,4.97879,4.97884,-0.000278373,-0.0469333,-0.0167641,0,0,0
1780638719146099,53.7251,-0.00288647,-0.021308,-0.0213013,0,0,-5,-0.00288647,-0.021308,4.9787,4.97875,-0.000389905,-0.0461273,-0.0167048,0,0,0
1780638719170099,53.7491,-0.00279621,-0.0213595,-0.0214539,0,0,-5,-0.00279621,-0.0213595,4.97855,4.97859,0.000467929,-0.0468891,-0.0179906,0,0,0
1780638719186099,53.7651,-0.00272784,-0.0214506,-0.0215454,0,0,-5,-0.00272784,-0.0214506,4.97845,4.9785,0.000411674,-0.0476074,-0.0176926,0,0,0
1780638719202099,53.7811,-0.00267953,-0.0215747,-0.021637,0,0,-5,-0.00267953,-0.0215747,4.97836,4.97841,-0.00112624,-0.0476133,-0.0183671,0,0,0
1780638719226099,53.8051,-0.00264223,-0.0218383,-0.0217285,0,0,-5,-0.00264223,-0.0218383,4.97827,4.97832,-0.0015116,-0.0483548,-0.0180308,0,0,0
1780638719250099,53.8291,-0.00261698,-0.0221563,-0.0218811,0,0,-5,-0.00261698,-0.0221563,4.97812,4.97817,-0.00208098,-0.0470768,-0.017547,0,0,0
1780638719266099,53.8451,-0.00261478,-0.0223975,-0.0219727,0,0,-5,-0.00261478,-0.0223975,4.97803,4.97808,-0.00267582,-0.047111,-0.0174313,0,0,0
1780638719290099,53.8691,-0.00264109,-0.0228144,-0.0220642,0,0,-5,-0.00264109,-0.0228144,4.97794,4.97799,-0.00347028,-0.0478223,-0.0166127,0,0,0
1780638719306099,53.8851,-0.00267159,-0.023139,-0.0221252,0,0,-5,-0.00267159,-0.023139,4.97787,4.97793,-0.0039602,-0.0480673,-0.0167293,0,0,0
1780638719330099,53.9091,-0.00272886,-0.0236665,-0.0222778,0,0,-5,-0.00272886,-0.0236665,4.97772,4.97778,-0.00374426,-0.0478493,-0.016843,0,0,0
1780638719346099,53.9251,-0.00276658,-0.0240465,-0.0223694,0,0,-5,-0.00276658,-0.0240465,4.97763,4.97769,-0.00308819,-0.0481944,-0.017312,0,0,0
1780638719370099,53.9491,-0.0028144,-0.0246891,-0.0224915,0,0,-5,-0.0028144,-0.0246891,4.97751,4.97757,-0.00306422,-0.0508667,-0.015329,0,0,0
1780638719386099,53.9651,-0.00278331,-0.0244183,-0.0224304,0,0,-5,-0.00278331,-0.0244183,4.97757,4.97763,-0.00250011,-0.0521754,-0.0141369,0,0,0
1780638719410099,53.9891,-0.00274402,-0.0241392,-0.0223694,0,0,-5,-0.00274402,-0.0241392,4.97763,4.97769,-0.00276416,-0.0532636,-0.0140861,0,0,0
1780638719426099,54.0051,-0.00272159,-0.0240322,-0.0223083,0,0,-5,-0.00272159,-0.0240322,4.97769,4.97775,-0.00222501,-0.0532023,-0.0128286,0,0,0
1780638719450099,54.0291,-0.00267216,-0.0239688,-0.0222473,0,0,-5,-0.00267216,-0.0239688,4.97775,4.97781,-0.00103396,-0.0541028,-0.0126389,0,0,0
1780638719466099,54.0451,-0.00263218,-0.0239964,-0.0222168,0,0,-5,-0.00263218,-0.0239964,4.97778,4.97784,-0.000622505,-0.0546063,-0.013078,0,0,0
1780638719490099,54.0691,-0.00257338,-0.0241237,-0.0221863,0,0,-5,-0.00257338,-0.0241237,4.97781,4.97787,-0.000965692,-0.0541636,-0.0122202,0,0,0
1780638719506099,54.0851,-0.00255236,-0.0242616,-0.0221558,0,0,-5,-0.00255236,-0.0242616,4.97784,4.9779,-0.00115108,-0.0549522,-0.0107636,0,0,0
1780638719530099,54.1091,-0.00251562,-0.024541,-0.0221252,0,0,-5,-0.00251562,-0.024541,4.97787,4.97794,-0.00100313,-0.0554475,-0.0106519,0,0,0
1780638719546099,54.1251,-0.00248964,-0.0247858,-0.0220947,0,0,-5,-0.00248964,-0.0247858,4.97791,4.97797,-0.000742012,-0.0560993,-0.0106111,0,0,0
1780638719562099,54.1411,-0.0024648,-0.0250689,-0.0220947,0,0,-5,-0.0024648,-0.0250689,4.97791,4.97797,5.34226e-05,-0.056317,-0.0118447,0,0,0
1780638719586099,54.1651,-0.00240698,-0.0255587,-0.0220947,0,0,-5,-0.00240698,-0.0255587,4.97791,4.97797,0.000268256,-0.0562415,-0.0116245,0,0,0
1780638719610099,54.1891,-0.00235962,-0.0261279,-0.0221252,0,0,-5,-0.00235962,-0.0261279,4.97787,4.97794,0.000426819,-0.0572478,-0.0114556,0,0,0
1780638719626099,54.2051,-0.00232878,-0.0265432,-0.0221558,0,0,-5,-0.00232878,-0.0265432,4.97784,4.97792,0.00063704,-0.0565086,-0.0121274,0,0,0
1780638719650099,54.2291,-0.00227438,-0.0272184,-0.0221558,0,0,-5,-0.00227438,-0.0272184,4.97784,4.97792,0.00107477,-0.0578458,-0.0124656,0,0,0
1780638719666099,54.2451,-0.00224277,-0.0277219,-0.0222168,0,0,-5,-0.00224277,-0.0277219,4.97778,4.97786,0.000976806,-0.0586364,-0.0123422,0,0,0
1780638719690099,54.2691,-0.00219102,-0.0285425,-0.0222473,0,0,-5,-0.00219102,-0.0285425,4.97775,4.97783,0.0010475,-0.0590007,-0.0104738,0,0,0
1780638719706218,54.2852,-0.00216088,-0.029109,-0.0222473,0,0,-5,-0.00216088,-0.029109,4.97775,4.97784,0.00114656,-0.0582619,-0.0104766,0,0,0
1780638719730218,54.3092,-0.00210589,-0.0299884,-0.0222778,0,0,-5,-0.00210589,-0.0299884,4.97772,4.97781,0.00146178,-0.0575384,-0.0115832,0,0,0
1780638719746218,54.3252,-0.00205961,-0.0305924,-0.0223389,0,0,-5,-0.00205961,-0.0305924,4.97766,4.97776,0.0016686,-0.0578486,-0.0111589,0,0,0
1780638719770218,54.3492,-0.00200557,-0.031555,-0.0223999,0,0,-5,-0.00200557,-0.031555,4.9776,4.9777,0.00131449,-0.0585721,-0.0110473,0,0,0
1780638719786218,54.3652,-0.00177279,-0.0307128,-0.0223694,0,0,-5,-0.00177279,-0.0307128,4.97763,4.97773,0.000754215,-0.0584132,-0.0112151,0,0,0
1780638719810218,54.3892,-0.00146213,-0.0296247,-0.0223389,0,0,-5,-0.00146213,-0.0296247,4.97766,4.97775,0.000574445,-0.0582796,-0.0121304,0,0,0
1780638719826218,54.4052,-0.00126375,-0.0289957,-0.0223389,0,0,-5,-0.00126375,-0.0289957,4.97766,4.97775,0.000869099,-0.0576005,-0.011279,0,0,0
1780638719850218,54.4292,-0.000970424,-0.0281914,-0.0223389,0,0,-5,-0.000970424,-0.0281914,4.97766,4.97774,0.00180962,-0.0575744,-0.0124171,0,0,0
1780638719866218,54.4452,-0.000770391,-0.0277436,-0.0223389,0,0,-5,-0.000770391,-0.0277436,4.97766,4.97774,0.0028221,-0.056926,-0.0126406,0,0,0
1780638719890218,54.4692,-0.00048665,-0.0271877,-0.0223694,0,0,-5,-0.00048665,-0.0271877,4.97763,4.9777,0.00185109,-0.0569039,-0.0121971,0,0,0
1780638719906218,54.4852,-0.000316373,-0.0268975,-0.0223999,0,0,-5,-0.000316373,-0.0268975,4.9776,4.97767,0.0015135,-0.0565941,-0.011928,0,0,0
1780638719930218,54.5092,-8.25835e-05,-0.0265469,-0.0223999,0,0,-5,-8.25835e-05,-0.0265469,4.9776,4.97767,0.0010077,-0.0560595,-0.011147,0,0,0
1780638719946218,54.5252,5.25124e-05,-0.026382,-0.0223999,0,0,-5,5.25124e-05,-0.026382,4.9776,4.97767,9.26799e-05,-0.0552514,-0.0103064,0,0,0
1780638719970218,54.5492,0.000220414,-0.0262047,-0.0223999,0,0,-5,0.000220414,-0.0262047,4.9776,4.97767,-0.000842068,-0.0538923,-0.0102174,0,0,0
1780638719986218,54.5652,0.000312037,-0.0261322,-0.0224304,0,0,-5,0.000312037,-0.0261322,4.97757,4.97764,-0.00158733,-0.0531485,-0.00983241,0,0,0
1780638720010218,54.5892,0.000438432,-0.0260831,-0.0224304,0,0,-5,0.000438432,-0.0260831,4.97757,4.97764,-0.00100172,-0.0517464,-0.00815541,0,0,0
1780638720026218,54.6052,0.000525257,-0.0260986,-0.0224304,0,0,-5,0.000525257,-0.0260986,4.97757,4.97764,-0.000621527,-0.0522387,-0.00988485,0,0,0
1780638720050218,54.6292,0.000645659,-0.0261967,-0.0224915,0,0,-5,0.000645659,-0.0261967,4.97751,4.97758,-0.000596885,-0.0517794,-0.00943295,0,0,0
1780638720066218,54.6452,0.000720675,-0.0263113,-0.0224915,0,0,-5,0.000720675,-0.0263113,4.97751,4.97758,-0.000500088,-0.0523434,-0.00946641,0,0,0
1780638720090218,54.6692,0.000831377,-0.0265919,-0.0224915,0,0,-5,0.000831377,-0.0265919,4.97751,4.97758,-0.000673941,-0.0541152,-0.00872843,0,0,0
1780638720106218,54.6852,0.000890838,-0.0268375,-0.0224915,0,0,-5,0.000890838,-0.0268375,4.97751,4.97758,-0.00103242,-0.0541527,-0.00884189,0,0,0
1780638720130218,54.7092,0.000975051,-0.0272624,-0.0224915,0,0,-5,0.000975051,-0.0272624,4.97751,4.97758,-0.000272402,-0.0538028,-0.00816192,0,0,0
1780638720146218,54.7252,0.00102839,-0.0275809,-0.0224915,0,0,-5,0.00102839,-0.0275809,4.97751,4.97759,-0.000953561,-0.0533356,-0.0073718,0,0,0
1780638720162218,54.7412,0.00106066,-0.0279305,-0.0224915,0,0,-5,0.00106066,-0.0279305,4.97751,4.97759,-0.00177424,-0.0545584,-0.00673535,0,0,0
1780638720186218,54.7652,0.00167098,-0.0273425,-0.0223694,0,0,-5,0.00167098,-0.0273425,4.97763,4.97771,0.000564719,-0.0543657,-0.00662864,0,0,0
1780638720210218,54.7892,0.0025086,-0.0263043,-0.0221863,0,0,-5,0.0025086,-0.0263043,4.97781,4.97788,-3.88957e-05,-0.053171,-0.00665532,0,0,0
1780638720226218,54.8052,0.00303628,-0.025698,-0.0220642,0,0,-5,0.00303628,-0.025698,4.97794,4.978,0.000245587,-0.0530755,-0.00656027,0,0,0
1780638720250218,54.8292,0.00376265,-0.0249207,-0.0219727,0,0,-5,0.00376265,-0.0249207,4.97803,4.97809,-0.000892086,-0.0527405,-0.00802678,0,0,0
1780638720266218,54.8452,0.00420118,-0.0244906,-0.0219116,0,0,-5,0.00420118,-0.0244906,4.97809,4.97815,-0.00141703,-0.0528912,-0.00801694,0,0,0
1780638720282218,54.8612,0.00461859,-0.0241075,-0.0218811,0,0,-5,0.00461859,-0.0241075,4.97812,4.97818,-0.00140311,-0.0509544,-0.00835528,0,0,0
1780638720306218,54.8852,0.00518848,-0.0236126,-0.0218201,0,0,-5,0.00518848,-0.0236126,4.97818,4.97824,-0.0016461,-0.0502025,-0.00862848,0,0,0
1780638720322218,54.9012,0.00554319,-0.0233564,-0.0218201,0,0,-5,0.00554319,-0.0233564,4.97818,4.97824,-0.00185022,-0.0506175,-0.00945919,0,0,0
1780638720346218,54.9252,0.00603553,-0.0230637,-0.0218201,0,0,-5,0.00603553,-0.0230637,4.97818,4.97824,-0.00255457,-0.0501572,-0.0108212,0,0,0
1780638720370218,54.9492,0.00648549,-0.0228871,-0.0218506,0,0,-5,0.00648549,-0.0228871,4.97815,4.97821,-0.00148904,-0.0504307,-0.0125392,0,0,0
1780638720386218,54.9652,0.0067632,-0.0228324,-0.0218811,0,0,-5,0.0067632,-0.0228324,4.97812,4.97818,-0.00251452,-0.0509706,-0.0128595,0,0,0
1780638720410218,54.9892,0.00714115,-0.0228618,-0.0219727,0,0,-5,0.00714115,-0.0228618,4.97803,4.97808,-0.00212844,-0.0523175,-0.0134136,0,0,0
1780638720426218,55.0052,0.00737671,-0.0229451,-0.0220337,0,0,-5,0.00737671,-0.0229451,4.97797,4.97802,-0.00234885,-0.0528574,-0.0137672,0,0,0
1780638720450218,55.0292,0.00770812,-0.0231716,-0.0221252,0,0,-5,0.00770812,-0.0231716,4.97787,4.97793,-0.00273209,-0.0545463,-0.0142189,0,0,0
1780638720466218,55.0452,0.00792527,-0.0234006,-0.0221863,0,0,-5,0.00792527,-0.0234006,4.97781,4.97788,-0.00137086,-0.0561608,-0.0139443,0,0,0
1780638720490218,55.0692,0.00823512,-0.0238379,-0.0223083,0,0,-5,0.00823512,-0.0238379,4.97769,4.97776,-0.00184327,-0.056601,-0.013962,0,0,0
1780638720506218,55.0852,0.00841383,-0.0241674,-0.0223999,0,0,-5,0.00841383,-0.0241674,4.9776,4.97767,-0.00172712,-0.0558627,-0.015071,0,0,0
1780638720522218,55.1012,0.0085735,-0.0245243,-0.0224915,0,0,-5,0.0085735,-0.0245243,4.97751,4.97758,-0.00328032,-0.056596,-0.0150362,0,0,0
1780638720546218,55.1252,0.00876925,-0.0251231,-0.0226746,0,0,-5,0.00876925,-0.0251231,4.97733,4.9774,-0.00309722,-0.0556545,-0.0146511,0,0,0
1780638720570218,55.1492,0.00894522,-0.0257774,-0.0228271,0,0,-5,0.00894522,-0.0257774,4.97717,4.97725,-0.00319301,-0.0566949,-0.0154918,0,0,0
1780638720586218,55.1652,0.00936506,-0.0253925,-0.0228577,0,0,-5,0.00936506,-0.0253925,4.97714,4.97722,-0.00313907,-0.0557216,-0.0150721,0,0,0
1780638720610218,55.1892,0.00996648,-0.0249307,-0.0229492,0,0,-5,0.00996648,-0.0249307,4.97705,4.97712,-0.0016952,-0.0556879,-0.0159454,0,0,0
1780638720626218,55.2052,0.0103646,-0.0247053,-0.0230408,0,0,-5,0.0103646,-0.0247053,4.97696,4.97703,-0.000135659,-0.0562079,-0.0156915,0,0,0
1780638720650218,55.2292,0.0109443,-0.0244758,-0.0231934,0,0,-5,0.0109443,-0.0244758,4.97681,4.97688,4.53427e-05,-0.0554644,-0.016043,0,0,0
1780638720666218,55.2452,0.0113025,-0.0243851,-0.0233154,0,0,-5,0.0113025,-0.0243851,4.97668,4.97676,0.000250732,-0.0553965,-0.0167535,0,0,0
1780638720690218,55.2692,0.0117978,-0.0243474,-0.0235291,0,0,-5,0.0117978,-0.0243474,4.97647,4.97654,-0.000685328,-0.0551678,-0.0172525,0,0,0
1780638720706218,55.2852,0.0120933,-0.0243734,-0.0236511,0,0,-5,0.0120933,-0.0243734,4.97635,4.97642,-0.00128465,-0.0546615,-0.0168925,0,0,0
1780638720730337,55.3093,0.0125207,-0.0245106,-0.0238037,0,0,-5,0.0125207,-0.0245106,4.9762,4.97627,0.000117258,-0.0554006,-0.0169974,0,0,0
1780638720746337,55.3253,0.0127817,-0.0246574,-0.0238953,0,0,-5,0.0127817,-0.0246574,4.9761,4.97618,-0.00128907,-0.0560375,-0.0170752,0,0,0
1780638720770337,55.3493,0.0131226,-0.0249652,-0.0241089,0,0,-5,0.0131226,-0.0249652,4.97589,4.97597,-0.00232809,-0.0556313,-0.0170691,0,0,0
1780638720786337,55.3653,0.0133292,-0.0252167,-0.024231,0,0,-5,0.0133292,-0.0252167,4.97577,4.97585,-0.00129437,-0.0556196,-0.0180101,0,0,0
1780638720810337,55.3893,0.0136314,-0.0256639,-0.0244751,0,0,-5,0.0136314,-0.0256639,4.97552,4.97561,0.000202514,-0.0554252,-0.0196908,0,0,0
1780638720826337,55.4053,0.0138349,-0.0260043,-0.0246582,0,0,-5,0.0138349,-0.0260043,4.97534,4.97543,0.000855092,-0.0562518,-0.0198588,0,0,0
1780638720850337,55.4293,0.0141489,-0.0265894,-0.0249329,0,0,-5,0.0141489,-0.0265894,4.97507,4.97516,0.00209103,-0.056003,-0.0192349,0,0,0
1780638720866337,55.4453,0.0143753,-0.0270146,-0.0250854,0,0,-5,0.0143753,-0.0270146,4.97491,4.97501,0.00388292,-0.0572452,-0.0186713,0,0,0
1780638720890337,55.4693,0.0147249,-0.0277459,-0.0253601,0,0,-5,0.0147249,-0.0277459,4.97464,4.97474,0.00430272,-0.0590758,-0.0192284,0,0,0
1780638720906337,55.4853,0.0149525,-0.0282854,-0.0255432,0,0,-5,0.0149525,-0.0282854,4.97446,4.97456,0.00429966,-0.0599685,-0.0201889,0,0,0
1780638720922337,55.5013,0.0151648,-0.028872,-0.0257263,0,0,-5,0.0151648,-0.028872,4.97427,4.97438,0.00466176,-0.0611744,-0.0188512,0,0,0
1780638720946337,55.5253,0.0154565,-0.029806,-0.026001,0,0,-5,0.0154565,-0.029806,4.974,4.97411,0.0039539,-0.0606912,-0.0191391,0,0,0
1780638720962337,55.5413,0.0156406,-0.0304532,-0.0262146,0,0,-5,0.0156406,-0.0304532,4.97379,4.9739,0.00501619,-0.0614485,-0.0192943,0,0,0
1780638720986337,55.5653,0.0156312,-0.0299575,-0.0261536,0,0,-5,0.0156312,-0.0299575,4.97385,4.97396,0.00481739,-0.0614718,-0.0188037,0,0,0
1780638721010337,55.5893,0.0154898,-0.0288665,-0.0259705,0,0,-5,0.0154898,-0.0288665,4.97403,4.97414,0.00559473,-0.0605865,-0.0183164,0,0,0
1780638721026337,55.6053,0.0154158,-0.0282289,-0.0258484,0,0,-5,0.0154158,-0.0282289,4.97415,4.97426,0.006148,-0.0600376,-0.0181262,0,0,0
1780638721050337,55.6293,0.0153231,-0.0274365,-0.0257263,0,0,-5,0.0153231,-0.0274365,4.97427,4.97437,0.0058897,-0.0609846,-0.0179326,0,0,0
1780638721066337,55.6453,0.0152551,-0.0270159,-0.0256653,0,0,-5,0.0152551,-0.0270159,4.97433,4.97443,0.00564328,-0.06085,-0.0185888,0,0,0
1780638721082337,55.6613,0.0151944,-0.0266651,-0.0256348,0,0,-5,0.0151944,-0.0266651,4.97437,4.97446,0.00581534,-0.0608311,-0.0193996,0,0,0
1780638721106337,55.6853,0.0151045,-0.0262577,-0.0256653,0,0,-5,0.0151045,-0.0262577,4.97433,4.97443,0.00479732,-0.0609033,-0.0188172,0,0,0
1780638721130337,55.7093,0.0150165,-0.0259991,-0.0256653,0,0,-5,0.0150165,-0.0259991,4.97433,4.97443,0.00413259,-0.0609428,-0.0173271,0,0,0
1780638721146337,55.7253,0.0149416,-0.0259068,-0.0256958,0,0,-5,0.0149416,-0.0259068,4.9743,4.97439,0.00432349,-0.0611479,-0.0180372,0,0,0
1780638721170337,55.7493,0.0148309,-0.0258756,-0.0257874,0,0,-5,0.0148309,-0.0258756,4.97421,4.9743,0.00322342,-0.0619763,-0.0185579,0,0,0
1780638721186337,55.7653,0.0147542,-0.0259189,-0.0258789,0,0,-5,0.0147542,-0.0259189,4.97412,4.97421,0.00407922,-0.0610831,-0.0180315,0,0,0
1780638721202337,55.7813,0.014701,-0.0260106,-0.0259705,0,0,-5,0.014701,-0.0260106,4.97403,4.97412,0.004932,-0.060999,-0.0172221,0,0,0
1780638721226337,55.8053,0.0146408,-0.026234,-0.0260925,0,0,-5,0.0146408,-0.026234,4.97391,4.974,0.00463838,-0.0613903,-0.0161008,0,0,0
1780638721250337,55.8293,0.0145897,-0.0265744,-0.0262451,0,0,-5,0.0145897,-0.0265744,4.97375,4.97385,0.00409207,-0.0617011,-0.0154067,0,0,0
1780638721266337,55.8453,0.0145418,-0.0268606,-0.0263367,0,0,-5,0.0145418,-0.0268606,4.97366,4.97376,0.00322371,-0.0629144,-0.0154321,0,0,0
1780638721290337,55.8693,0.0144692,-0.02738,-0.0264893,0,0,-5,0.0144692,-0.02738,4.97351,4.97361,0.00390803,-0.0626055,-0.0155594,0,0,0
1780638721306337,55.8853,0.0144323,-0.0277761,-0.0266113,0,0,-5,0.0144323,-0.0277761,4.97339,4.97349,0.00384923,-0.0636481,-0.0155642,0,0,0
1780638721330337,55.9093,0.0143579,-0.0284583,-0.0267944,0,0,-5,0.0143579,-0.0284583,4.97321,4.97331,0.00226397,-0.0636975,-0.0164117,0,0,0
1780638721346337,55.9253,0.0142982,-0.0289615,-0.026947,0,0,-5,0.0142982,-0.0289615,4.97305,4.97316,0.0017353,-0.0651424,-0.0162999,0,0,0
1780638721370337,55.9493,0.0142066,-0.0297587,-0.0271606,0,0,-5,0.0142066,-0.0297587,4.97284,4.97295,0.0020591,-0.0635194,-0.0155115,0,0,0
1780638721386337,55.9653,0.0142125,-0.0291055,-0.0270996,0,0,-5,0.0142125,-0.0291055,4.9729,4.97301,0.00234105,-0.0640608,-0.0157437,0,0,0
1780638721410337,55.9893,0.0142036,-0.0283022,-0.0270081,0,0,-5,0.0142036,-0.0283022,4.97299,4.97309,0.00106834,-0.0645043,-0.0153661,0,0,0
1780638721426337,56.0053,0.0141882,-0.0278707,-0.026947,0,0,-5,0.0141882,-0.0278707,4.97305,4.97315,0.000829343,-0.0638605,-0.0149956,0,0,0
1780638721442337,56.0213,0.0141779,-0.0275101,-0.0269165,0,0,-5,0.0141779,-0.0275101,4.97308,4.97318,0.00149762,-0.0636847,-0.0153118,0,0,0
1780638721466337,56.0453,0.0141672,-0.0271152,-0.0269165,0,0,-5,0.0141672,-0.0271152,4.97308,4.97318,0.000489831,-0.0647627,-0.0163762,0,0,0
1780638721490337,56.0693,0.0141239,-0.0269156,-0.026947,0,0,-5,0.0141239,-0.0269156,4.97305,4.97315,0.000149917,-0.0665521,-0.0147992,0,0,0
1780638721506337,56.0853,0.0140876,-0.0268759,-0.0269775,0,0,-5,0.0140876,-0.0268759,4.97302,4.97312,0.000658086,-0.067469,-0.0138227,0,0,0
1780638721530337,56.1093,0.0140459,-0.0269386,-0.0270081,0,0,-5,0.0140459,-0.0269386,4.97299,4.97308,0.000171061,-0.0677717,-0.0146274,0,0,0
1780638721546337,56.1253,0.0140049,-0.0270577,-0.0270691,0,0,-5,0.0140049,-0.0270577,4.97293,4.97302,-0.000253852,-0.0684774,-0.0153444,0,0,0
1780638721570337,56.1493,0.0139542,-0.0273388,-0.0271606,0,0,-5,0.0139542,-0.0273388,4.97284,4.97293,0.000256019,-0.0678862,-0.0158758,0,0,0
1780638721586337,56.1653,0.0139281,-0.0275762,-0.0272522,0,0,-5,0.0139281,-0.0275762,4.97275,4.97284,0.000511805,-0.0669223,-0.0160494,0,0,0
1780638721610337,56.1893,0.0138708,-0.0280129,-0.0273743,0,0,-5,0.0138708,-0.0280129,4.97263,4.97272,-0.000668958,-0.0674203,-0.0149089,0,0,0
1780638721626337,56.2053,0.0138284,-0.0283594,-0.0274963,0,0,-5,0.0138284,-0.0283594,4.9725,4.9726,-0.000127141,-0.0670408,-0.015659,0,0,0
1780638721650337,56.2293,0.0137842,-0.0289524,-0.02771,0,0,-5,0.0137842,-0.0289524,4.97229,4.97239,0.00125894,-0.0672512,-0.015394,0,0,0
1780638721666337,56.2453,0.0137666,-0.0294044,-0.0278625,0,0,-5,0.0137666,-0.0294044,4.97214,4.97224,0.00158348,-0.0674002,-0.014611,0,0,0
1780638721690337,56.2693,0.0137467,-0.0301331,-0.0280457,0,0,-5,0.0137467,-0.0301331,4.97195,4.97206,0.00214868,-0.0663189,-0.0140341,0,0,0
1780638721706337,56.2853,0.0137371,-0.0306496,-0.0281372,0,0,-5,0.0137371,-0.0306496,4.97186,4.97198,0.00131355,-0.0660547,-0.0142071,0,0,0
1780638721730459,56.3094,0.0137013,-0.0314773,-0.0283203,0,0,-5,0.0137013,-0.0314773,4.97168,4.9718,0.000784437,-0.0663915,-0.0137898,0,0,0
1780638721746459,56.3254,0.0136771,-0.0320763,-0.0284424,0,0,-5,0.0136771,-0.0320763,4.97156,4.97168,0.000881896,-0.0656303,-0.0141274,0,0,0
1780638721770459,56.3494,0.0136428,-0.0330013,-0.0286255,0,0,-5,0.0136428,-0.0330013,4.97137,4.9715,0.00151242,-0.0651581,-0.0142222,0,0,0
1780638721786459,56.3654,0.0136064,-0.0329481,-0.028595,0,0,-5,0.0136064,-0.0329481,4.97141,4.97153,0.00194967,-0.0642936,-0.0139578,0,0,0
1780638721810459,56.3894,0.0135048,-0.0319717,-0.0284119,0,0,-5,0.0135048,-0.0319717,4.97159,4.97171,0.00163851,-0.0658594,-0.0127218,0,0,0
1780638721826459,56.4054,0.013437,-0.0314508,-0.0282898,0,0,-5,0.013437,-0.0314508,4.97171,4.97183,0.00129501,-0.0659359,-0.013187,0,0,0
1780638721850459,56.4294,0.0133255,-0.0308033,-0.0281982,0,0,-5,0.0133255,-0.0308033,4.9718,4.97192,0.00118075,-0.0649642,-0.0151099,0,0,0
1780638721866459,56.4454,0.0132538,-0.0304591,-0.0281677,0,0,-5,0.0132538,-0.0304591,4.97183,4.97194,0.00118543,-0.0640785,-0.0148861,0,0,0
1780638721890459,56.4694,0.0131577,-0.0300792,-0.0281372,0,0,-5,0.0131577,-0.0300792,4.97186,4.97197,0.00137096,-0.0639125,-0.0143752,0,0,0
1780638721906459,56.4854,0.0130983,-0.0298891,-0.0281067,0,0,-5,0.0130983,-0.0298891,4.97189,4.972,0.00186623,-0.0627168,-0.0148059,0,0,0
1780638721930459,56.5094,0.0130376,-0.0297113,-0.0280762,0,0,-5,0.0130376,-0.0297113,4.97192,4.97203,0.0029977,-0.0627147,-0.0144703,0,0,0
1780638721946459,56.5254,0.0130073,-0.0296662,-0.0280457,0,0,-5,0.0130073,-0.0296662,4.97195,4.97206,0.00295031,-0.062253,-0.0144416,0,0,0
1780638721962459,56.5414,0.0129715,-0.0296637,-0.0280457,0,0,-5,0.0129715,-0.0296637,4.97195,4.97206,0.00205658,-0.0615303,-0.0134559,0,0,0
1780638721986459,56.5654,0.0129121,-0.0297507,-0.0279846,0,0,-5,0.0129121,-0.0297507,4.97202,4.97212,0.00190874,-0.0614923,-0.0117483,0,0,0
1780638722010459,56.5894,0.0128591,-0.0299641,-0.0279236,0,0,-5,0.0128591,-0.0299641,4.97208,4.97218,0.00188888,-0.0616717,-0.0123912,0,0,0
1780638722026459,56.6054,0.0128104,-0.0301687,-0.0279236,0,0,-5,0.0128104,-0.0301687,4.97208,4.97218,0.00022536,-0.0621236,-0.0132577,0,0,0
1780638722050459,56.6294,0.0127142,-0.0305807,-0.0279236,0,0,-5,0.0127142,-0.0305807,4.97208,4.97219,9.3399e-05,-0.0637233,-0.0148682,0,0,0
1780638722066459,56.6454,0.0126557,-0.0309214,-0.0279541,0,0,-5,0.0126557,-0.0309214,4.97205,4.97216,-0.000191837,-0.0635212,-0.0153856,0,0,0
1780638722090459,56.6694,0.012572,-0.0315214,-0.0280457,0,0,-5,0.012572,-0.0315214,4.97195,4.97207,7.82168e-06,-0.0644595,-0.0169251,0,0,0
1780638722106459,56.6854,0.0125154,-0.0319764,-0.0281372,0,0,-5,0.0125154,-0.0319764,4.97186,4.97198,2.39689e-05,-0.0649411,-0.0163739,0,0,0
1780638722130459,56.7094,0.0124355,-0.0327224,-0.0281982,0,0,-5,0.0124355,-0.0327224,4.9718,4.97192,0.000545719,-0.0637897,-0.0177597,0,0,0
1780638722146459,56.7254,0.0123996,-0.0332587,-0.0282593,0,0,-5,0.0123996,-0.0332587,4.97174,4.97187,0.00115766,-0.0645131,-0.0185304,0,0,0
1780638722162459,56.7414,0.0123677,-0.0338371,-0.0283203,0,0,-5,0.0123677,-0.0338371,4.97168,4.97181,0.00164979,-0.0642917,-0.0184646,0,0,0
1780638722186459,56.7654,0.0122711,-0.0334495,-0.0281982,0,0,-5,0.0122711,-0.0334495,4.9718,4.97193,0.00169077,-0.0631461,-0.0181123,0,0,0
1780638722202459,56.7814,0.0121962,-0.0328267,-0.0280151,0,0,-5,0.0121962,-0.0328267,4.97198,4.97211,0.00152586,-0.0611201,-0.0182131,0,0,0
1780638722226459,56.8054,0.0120932,-0.0320157,-0.027771,0,0,-5,0.0120932,-0.0320157,4.97223,4.97235,0.000960715,-0.0597965,-0.0181953,0,0,0
1780638722250459,56.8294,0.0119541,-0.0313661,-0.0275879,0,0,-5,0.0119541,-0.0313661,4.97241,4.97253,-0.00196241,-0.0594961,-0.0179441,0,0,0
1780638722266459,56.8454,0.0118291,-0.031029,-0.0274963,0,0,-5,0.0118291,-0.031029,4.9725,4.97261,-0.00321869,-0.0606569,-0.018379,0,0,0
1780638722290459,56.8694,0.011641,-0.0306956,-0.0273743,0,0,-5,0.011641,-0.0306956,4.97263,4.97273,-0.00279896,-0.0621516,-0.0171629,0,0,0
1780638722306459,56.8854,0.0115274,-0.0305558,-0.0273132,0,0,-5,0.0115274,-0.0305558,4.97269,4.97279,-0.00246607,-0.0618077,-0.0166218,0,0,0
1780638722330459,56.9094,0.011353,-0.030438,-0.0272217,0,0,-5,0.011353,-0.030438,4.97278,4.97288,-0.00347774,-0.0610589,-0.0160857,0,0,0
1780638722346459,56.9254,0.0112226,-0.0304327,-0.0271606,0,0,-5,0.0112226,-0.0304327,4.97284,4.97295,-0.00419853,-0.0611546,-0.015623,0,0,0
1780638722370459,56.9494,0.0110405,-0.030536,-0.0270996,0,0,-5,0.0110405,-0.030536,4.9729,4.97301,-0.00468385,-0.0618607,-0.014535,0,0,0
1780638722386459,56.9654,0.0109171,-0.0306907,-0.0270691,0,0,-5,0.0109171,-0.0306907,4.97293,4.97304,-0.0044819,-0.0636459,-0.0150367,0,0,0
1780638722410459,56.9894,0.0107264,-0.0310464,-0.0270691,0,0,-5,0.0107264,-0.0310464,4.97293,4.97304,-0.00514731,-0.0638987,-0.0157813,0,0,0
1780638722426459,57.0054,0.0105941,-0.0313336,-0.0270996,0,0,-5,0.0105941,-0.0313336,4.9729,4.97301,-0.00575235,-0.0636578,-0.0166255,0,0,0
1780638722450459,57.0294,0.0103796,-0.0318512,-0.0271606,0,0,-5,0.0103796,-0.0318512,4.97284,4.97295,-0.00698922,-0.0635274,-0.016556,0,0,0
1780638722466459,57.0454,0.0102299,-0.0322335,-0.0272217,0,0,-5,0.0102299,-0.0322335,4.97278,4.97289,-0.00680495,-0.0625186,-0.0160777,0,0,0
1780638722490459,57.0694,0.0100114,-0.0328578,-0.0273438,0,0,-5,0.0100114,-0.0328578,4.97266,4.97277,-0.0069962,-0.0620443,-0.0171992,0,0,0
1780638722506459,57.0854,0.00986099,-0.0333142,-0.0274353,0,0,-5,0.00986099,-0.0333142,4.97256,4.97269,-0.00760965,-0.0617287,-0.0183629,0,0,0
1780638722530459,57.1094,0.00961306,-0.0340318,-0.0276489,0,0,-5,0.00961306,-0.0340318,4.97235,4.97248,-0.00914379,-0.059098,-0.0196077,0,0,0
1780638722546459,57.1254,0.00943539,-0.0345285,-0.027832,0,0,-5,0.00943539,-0.0345285,4.97217,4.9723,-0.00972335,-0.0594052,-0.0213243,0,0,0
1780638722570459,57.1494,0.00914082,-0.0353281,-0.0280762,0,0,-5,0.00914082,-0.0353281,4.97192,4.97206,-0.00937015,-0.0589908,-0.0212766,0,0,0
1780638722586459,57.1654,0.00936164,-0.0343629,-0.0281372,0,0,-5,0.00936164,-0.0343629,4.97186,4.97199,-0.00933885,-0.0584666,-0.0204642,0,0,0
1780638722610459,57.1894,0.00966629,-0.033089,-0.0282593,0,0,-5,0.00966629,-0.033089,4.97174,4.97186,-0.00875887,-0.0579446,-0.02145,0,0,0
1780638722626459,57.2054,0.00986056,-0.0323559,-0.0283508,0,0,-5,0.00986056,-0.0323559,4.97165,4.97176,-0.00801938,-0.058153,-0.0224581,0,0,0
1780638722650459,57.2294,0.0101221,-0.0314124,-0.0285339,0,0,-5,0.0101221,-0.0314124,4.97147,4.97158,-0.00929462,-0.0566469,-0.0217077,0,0,0
1780638722666459,57.2454,0.0102656,-0.0308686,-0.028656,0,0,-5,0.0102656,-0.0308686,4.97134,4.97145,-0.00976705,-0.0569649,-0.0217878,0,0,0
1780638722690459,57.2694,0.0104221,-0.0302131,-0.0288391,0,0,-5,0.0104221,-0.0302131,4.97116,4.97126,-0.0115501,-0.0576923,-0.0188755,0,0,0
1780638722706459,57.2854,0.0105066,-0.0298718,-0.0289612,0,0,-5,0.0105066,-0.0298718,4.97104,4.97114,-0.0102825,-0.0574522,-0.0196148,0,0,0
1780638722722459,57.3014,0.0105795,-0.0295766,-0.0290833,0,0,-5,0.0105795,-0.0295766,4.97092,4.97102,-0.0114372,-0.0555408,-0.0187112,0,0,0
1780638722746582,57.3255,0.0106566,-0.0292191,-0.0292664,0,0,-5,0.0106566,-0.0292191,4.97073,4.97083,-0.0116111,-0.0547358,-0.0172809,0,0,0
1780638722770582,57.3495,0.0107054,-0.0289797,-0.0294495,0,0,-5,0.0107054,-0.0289797,4.97055,4.97065,-0.0113034,-0.0550282,-0.0163306,0,0,0
1780638722786582,57.3655,0.0107419,-0.0289015,-0.0296021,0,0,-5,0.0107419,-0.0289015,4.9704,4.97049,-0.0105565,-0.0549838,-0.0164269,0,0,0
1780638722810582,57.3895,0.0107836,-0.028891,-0.0298462,0,0,-5,0.0107836,-0.028891,4.97015,4.97025,-0.0114263,-0.0558372,-0.0170974,0,0,0
1780638722826582,57.4055,0.0107778,-0.0289404,-0.0300293,0,0,-5,0.0107778,-0.0289404,4.96997,4.97007,-0.01229,-0.0540418,-0.0172408,0,0,0
1780638722850582,57.4295,0.0107504,-0.029072,-0.030304,0,0,-5,0.0107504,-0.029072,4.9697,4.96979,-0.0125396,-0.0533684,-0.017388,0,0,0
1780638722866582,57.4455,0.0107162,-0.0292136,-0.0304565,0,0,-5,0.0107162,-0.0292136,4.96954,4.96964,-0.0133943,-0.0539533,-0.0161875,0,0,0
1780638722890582,57.4695,0.0106455,-0.0295088,-0.0307007,0,0,-5,0.0106455,-0.0295088,4.9693,4.9694,-0.0130642,-0.0534706,-0.0163634,0,0,0
1780638722906582,57.4855,0.0106077,-0.0297627,-0.0308838,0,0,-5,0.0106077,-0.0297627,4.96912,4.96922,-0.0112203,-0.0541321,-0.0165838,0,0,0
1780638722930582,57.5095,0.0105533,-0.0302083,-0.0310669,0,0,-5,0.0105533,-0.0302083,4.96893,4.96904,-0.0120003,-0.0544764,-0.0150765,0,0,0
1780638722946582,57.5255,0.0104996,-0.030561,-0.031189,0,0,-5,0.0104996,-0.030561,4.96881,4.96892,-0.0115322,-0.054411,-0.0155722,0,0,0
1780638722970582,57.5495,0.0104331,-0.0311673,-0.0314026,0,0,-5,0.0104331,-0.0311673,4.9686,4.96871,-0.0106753,-0.0550877,-0.0166725,0,0,0
1780638722986582,57.5655,0.010494,-0.0305943,-0.03125,0,0,-5,0.010494,-0.0305943,4.96875,4.96886,-0.0111912,-0.0557305,-0.016629,0,0,0
1780638723010582,57.5895,0.0105704,-0.0299045,-0.0310364,0,0,-5,0.0105704,-0.0299045,4.96896,4.96906,-0.00991212,-0.0568646,-0.0161378,0,0,0
1780638723026582,57.6055,0.0106135,-0.0295387,-0.0309448,0,0,-5,0.0106135,-0.0295387,4.96906,4.96915,-0.0108584,-0.0567605,-0.0154985,0,0,0
1780638723050582,57.6295,0.0106556,-0.0291206,-0.0308228,0,0,-5,0.0106556,-0.0291206,4.96918,4.96927,-0.00987144,-0.0552432,-0.0155832,0,0,0
1780638723066582,57.6455,0.010693,-0.0289034,-0.0307007,0,0,-5,0.010693,-0.0289034,4.9693,4.96939,-0.00922411,-0.0551403,-0.0161552,0,0,0
1780638723090582,57.6695,0.0107481,-0.0286751,-0.0305786,0,0,-5,0.0107481,-0.0286751,4.96942,4.96952,-0.00849568,-0.0536062,-0.0157794,0,0,0
1780638723106582,57.6855,0.0107893,-0.0285701,-0.0304871,0,0,-5,0.0107893,-0.0285701,4.96951,4.96961,-0.00747149,-0.0527956,-0.0155405,0,0,0
1780638723130582,57.7095,0.0108391,-0.028511,-0.030426,0,0,-5,0.0108391,-0.028511,4.96957,4.96967,-0.00850816,-0.0533584,-0.0161493,0,0,0
1780638723146582,57.7255,0.0108552,-0.0285461,-0.0303955,0,0,-5,0.0108552,-0.0285461,4.9696,4.9697,-0.00891577,-0.0534502,-0.0163786,0,0,0
1780638723170582,57.7495,0.0108509,-0.0286758,-0.0303955,0,0,-5,0.0108509,-0.0286758,4.9696,4.9697,-0.00914491,-0.0523945,-0.01689,0,0,0
1780638723186582,57.7655,0.0108424,-0.0288117,-0.030426,0,0,-5,0.0108424,-0.0288117,4.96957,4.96967,-0.00879025,-0.0525777,-0.017635,0,0,0
1780638723210582,57.7895,0.0108111,-0.0290701,-0.0304565,0,0,-5,0.0108111,-0.0290701,4.96954,4.96964,-0.00987017,-0.0509102,-0.0173561,0,0,0
1780638723226582,57.8055,0.0107733,-0.0292767,-0.0305176,0,0,-5,0.0107733,-0.0292767,4.96948,4.96958,-0.0105213,-0.050319,-0.0180761,0,0,0
1780638723250582,57.8295,0.0106935,-0.0296544,-0.0306091,0,0,-5,0.0106935,-0.0296544,4.96939,4.96949,-0.0105783,-0.0507021,-0.0174038,0,0,0
1780638723266582,57.8455,0.0106383,-0.0299525,-0.0306702,0,0,-5,0.0106383,-0.0299525,4.96933,4.96943,-0.0102198,-0.0510984,-0.0162417,0,0,0
1780638723282582,57.8615,0.0105815,-0.0302963,-0.0307007,0,0,-5,0.0105815,-0.0302963,4.9693,4.9694,-0.0106598,-0.0514029,-0.0155994,0,0,0
1780638723306582,57.8855,0.0104885,-0.030886,-0.0307617,0,0,-5,0.0104885,-0.030886,4.96924,4.96935,-0.01024,-0.0528822,-0.0143302,0,0,0
1780638723330582,57.9095,0.0103867,-0.0315731,-0.0308228,0,0,-5,0.0103867,-0.0315731,4.96918,4.96929,-0.00944309,-0.052776,-0.0152063,0,0,0
1780638723346582,57.9255,0.0103426,-0.0320568,-0.0308838,0,0,-5,0.0103426,-0.0320568,4.96912,4.96923,-0.00759692,-0.0523408,-0.0156269,0,0,0
1780638723370582,57.9495,0.0102931,-0.0328179,-0.0309753,0,0,-5,0.0102931,-0.0328179,4.96902,4.96914,-0.00685447,-0.0505602,-0.0169987,0,0,0
1780638723386582,57.9655,0.0101868,-0.0321896,-0.0310364,0,0,-5,0.0101868,-0.0321896,4.96896,4.96908,-0.0073449,-0.0497196,-0.0173413,0,0,0
1780638723410582,57.9895,0.0099969,-0.0313955,-0.0311279,0,0,-5,0.0099969,-0.0313955,4.96887,4.96898,-0.00838704,-0.0502652,-0.0180921,0,0,0
1780638723426582,58.0055,0.00986695,-0.0309579,-0.0311584,0,0,-5,0.00986695,-0.0309579,4.96884,4.96895,-0.00832985,-0.0498508,-0.0177839,0,0,0
1780638723450582,58.0295,0.00968245,-0.0304388,-0.0312805,0,0,-5,0.00968245,-0.0304388,4.96872,4.96882,-0.0072324,-0.0503542,-0.0184085,0,0,0
1780638723466582,58.0455,0.00957976,-0.0301666,-0.0313721,0,0,-5,0.00957976,-0.0301666,4.96863,4.96873,-0.00583043,-0.049519,-0.0184439,0,0,0
1780638723490582,58.0695,0.00943767,-0.0298648,-0.0315552,0,0,-5,0.00943767,-0.0298648,4.96844,4.96854,-0.00609452,-0.0489494,-0.0195751,0,0,0
1780638723506582,58.0855,0.00934481,-0.0297304,-0.0316772,0,0,-5,0.00934481,-0.0297304,4.96832,4.96842,-0.00680696,-0.0487306,-0.0192019,0,0,0
1780638723530582,58.1095,0.00917182,-0.0296388,-0.0318604,0,0,-5,0.00917182,-0.0296388,4.96814,4.96824,-0.00762704,-0.0493782,-0.018389,0,0,0
1780638723546582,58.1255,0.00903881,-0.0296411,-0.0319824,0,0,-5,0.00903881,-0.0296411,4.96802,4.96811,-0.00943024,-0.0505051,-0.0181191,0,0,0
1780638723570582,58.1495,0.00880831,-0.0297632,-0.032196,0,0,-5,0.00880831,-0.0297632,4.9678,4.9679,-0.00940488,-0.0514168,-0.0178433,0,0,0
1780638723586582,58.1655,0.00865095,-0.0298976,-0.0323486,0,0,-5,0.00865095,-0.0298976,4.96765,4.96775,-0.0104051,-0.0511657,-0.0184974,0,0,0
1780638723602582,58.1815,0.00847016,-0.0300783,-0.0325012,0,0,-5,0.00847016,-0.0300783,4.9675,4.9676,-0.0119496,-0.0519678,-0.0196547,0,0,0
1780638723626582,58.2055,0.00817468,-0.0304523,-0.0327454,0,0,-5,0.00817468,-0.0304523,4.96725,4.96735,-0.0120011,-0.0533002,-0.0220912,0,0,0
1780638723650582,58.2295,0.00787919,-0.0309256,-0.0330505,0,0,-5,0.00787919,-0.0309256,4.96695,4.96705,-0.0131284,-0.0539785,-0.0227531,0,0,0
1780638723666582,58.2455,0.00766515,-0.0312937,-0.0332947,0,0,-5,0.00766515,-0.0312937,4.96671,4.96681,-0.0137016,-0.054413,-0.0234366,0,0,0
1780638723690582,58.2695,0.00731543,-0.0319025,-0.0336609,0,0,-5,0.00731543,-0.0319025,4.96634,4.96645,-0.015554,-0.053114,-0.0232213,0,0,0
1780638723706582,58.2855,0.00707502,-0.0323457,-0.033905,0,0,-5,0.00707502,-0.0323457,4.96609,4.96621,-0.014314,-0.0532721,-0.0235234,0,0,0
1780638723730582,58.3095,0.00671738,-0.0330841,-0.0342712,0,0,-5,0.00671738,-0.0330841,4.96573,4.96584,-0.0152843,-0.0536282,-0.021855,0,0,0
1780638723746712,58.3257,0.00647688,-0.0335975,-0.0344849,0,0,-5,0.00647688,-0.0335975,4.96552,4.96563,-0.0152403,-0.0525284,-0.0222174,0,0,0
1780638723770712,58.3497,0.00611321,-0.0343962,-0.0348206,0,0,-5,0.00611321,-0.0343962,4.96518,4.9653,-0.0152473,-0.0520923,-0.022614,0,0,0
1780638723786712,58.3657,0.00594181,-0.0335665,-0.0349731,0,0,-5,0.00594181,-0.0335665,4.96503,4.96514,-0.0153673,-0.0520143,-0.0225441,0,0,0
1780638723802712,58.3817,0.00576963,-0.0328211,-0.0350952,0,0,-5,0.00576963,-0.0328211,4.9649,4.96502,-0.0156383,-0.0515577,-0.0226875,0,0,0
1780638723826712,58.4057,0.00550042,-0.031856,-0.0353088,0,0,-5,0.00550042,-0.031856,4.96469,4.9648,-0.0153188,-0.0512786,-0.0220892,0,0,0
1780638723850712,58.4297,0.00523086,-0.0310598,-0.0355225,0,0,-5,0.00523086,-0.0310598,4.96448,4.96458,-0.0157708,-0.0504391,-0.021347,0,0,0
1780638723866712,58.4457,0.00505249,-0.0306049,-0.035675,0,0,-5,0.00505249,-0.0306049,4.96432,4.96442,-0.0154403,-0.049801,-0.0218466,0,0,0
1780638723890712,58.4697,0.00477342,-0.0300346,-0.0359192,0,0,-5,0.00477342,-0.0300346,4.96408,4.96417,-0.0160876,-0.0499438,-0.0222629,0,0,0
1780638723906712,58.4857,0.00456087,-0.0297308,-0.0361023,0,0,-5,0.00456087,-0.0297308,4.9639,4.96399,-0.0176972,-0.0488515,-0.0228988,0,0,0
1780638723930712,58.5097,0.00424383,-0.0293731,-0.036438,0,0,-5,0.00424383,-0.0293731,4.96356,4.96365,-0.0167171,-0.0483852,-0.0243473,0,0,0
1780638723946712,58.5257,0.00402585,-0.0292016,-0.0366821,0,0,-5,0.00402585,-0.0292016,4.96332,4.96341,-0.0173539,-0.048926,-0.0245644,0,0,0
1780638723962712,58.5417,0.00380062,-0.0290826,-0.0369873,0,0,-5,0.00380062,-0.0290826,4.96301,4.9631,-0.0170341,-0.0483096,-0.0255243,0,0,0
1780638723986712,58.5657,0.00347236,-0.0289739,-0.0374451,0,0,-5,0.00347236,-0.0289739,4.96255,4.96264,-0.0167786,-0.0477972,-0.0260367,0,0,0
1780638724002712,58.5817,0.00323752,-0.0289488,-0.0377808,0,0,-5,0.00323752,-0.0289488,4.96222,4.9623,-0.0171651,-0.0463738,-0.025711,0,0,0
1780638724026712,58.6057,0.00284992,-0.0289827,-0.038269,0,0,-5,0.00284992,-0.0289827,4.96173,4.96182,-0.0190594,-0.0463999,-0.0263452,0,0,0
1780638724042712,58.6217,0.00256109,-0.029052,-0.0386047,0,0,-5,0.00256109,-0.029052,4.9614,4.96148,-0.0204169,-0.0463938,-0.0265207,0,0,0
1780638724066712,58.6457,0.00212473,-0.0292231,-0.0391541,0,0,-5,0.00212473,-0.0292231,4.96085,4.96093,-0.0199121,-0.0453184,-0.0269128,0,0,0
1780638724082712,58.6617,0.00182637,-0.0293762,-0.0394897,0,0,-5,0.00182637,-0.0293762,4.96051,4.9606,-0.0222585,-0.0449214,-0.0268502,0,0,0
1780638724106712,58.6857,0.00132442,-0.0296452,-0.0400391,0,0,-5,0.00132442,-0.0296452,4.95996,4.96005,-0.0226551,-0.0439942,-0.0264886,0,0,0
1780638724130712,58.7097,0.000804353,-0.0299884,-0.0405273,0,0,-5,0.000804353,-0.0299884,4.95947,4.95956,-0.0238976,-0.0448424,-0.0258314,0,0,0
1780638724146712,58.7257,0.000443756,-0.0302668,-0.0408936,0,0,-5,0.000443756,-0.0302668,4.95911,4.9592,-0.024803,-0.0446113,-0.0266134,0,0,0
1780638724170712,58.7497,-0.000102537,-0.0307222,-0.0414124,0,0,-5,-0.000102537,-0.0307222,4.95859,4.95868,-0.0252232,-0.0436766,-0.026798,0,0,0
1780638724186712,58.7657,-0.000159849,-0.0300149,-0.0415344,0,0,-5,-0.000159849,-0.0300149,4.95847,4.95856,-0.0257768,-0.0435807,-0.0274554,0,0,0
1780638724210712,58.7897,-0.00028561,-0.0290976,-0.041748,0,0,-5,-0.00028561,-0.0290976,4.95825,4.95834,-0.0257036,-0.0439385,-0.0275374,0,0,0
1780638724226712,58.8057,-0.000390824,-0.0285743,-0.0418701,0,0,-5,-0.000390824,-0.0285743,4.95813,4.95821,-0.0256762,-0.0438581,-0.0269832,0,0,0
1780638724250712,58.8297,-0.00058868,-0.0279161,-0.0421143,0,0,-5,-0.00058868,-0.0279161,4.95789,4.95796,-0.0263305,-0.0428879,-0.0262592,0,0,0
1780638724266712,58.8457,-0.000740719,-0.0275497,-0.0422668,0,0,-5,-0.000740719,-0.0275497,4.95773,4.95781,-0.0266717,-0.0420827,-0.0254808,0,0,0
1780638724282712,58.8617,-0.000913458,-0.027233,-0.04245,0,0,-5,-0.000913458,-0.027233,4.95755,4.95762,-0.0271323,-0.0415012,-0.0259938,0,0,0
1780638724306712,58.8857,-0.00121083,-0.0268657,-0.0427551,0,0,-5,-0.00121083,-0.0268657,4.95724,4.95732,-0.0278722,-0.0421529,-0.0266545,0,0,0
1780638724330712,58.9097,-0.00154585,-0.0266285,-0.0430908,0,0,-5,-0.00154585,-0.0266285,4.95691,4.95698,-0.0287815,-0.0425466,-0.0268269,0,0,0
1780638724346712,58.9257,-0.00179295,-0.0265304,-0.043335,0,0,-5,-0.00179295,-0.0265304,4.95667,4.95674,-0.0289214,-0.0422127,-0.0274105,0,0,0
1780638724370712,58.9497,-0.00216647,-0.0264683,-0.0437622,0,0,-5,-0.00216647,-0.0264683,4.95624,4.95631,-0.0271191,-0.0413873,-0.0285765,0,0,0
1780638724386712,58.9657,-0.00240898,-0.0264699,-0.0440979,0,0,-5,-0.00240898,-0.0264699,4.9559,4.95597,-0.0265414,-0.0422875,-0.0291536,0,0,0
1780638724410712,58.9897,-0.00278659,-0.0265413,-0.0445862,0,0,-5,-0.00278659,-0.0265413,4.95541,4.95549,-0.0265109,-0.0414278,-0.0293609,0,0,0
1780638724426712,59.0057,-0.0030349,-0.0266463,-0.0449219,0,0,-5,-0.0030349,-0.0266463,4.95508,4.95515,-0.0262288,-0.0429225,-0.0292458,0,0,0
1780638724450712,59.0297,-0.0034263,-0.02689,-0.0454102,0,0,-5,-0.0034263,-0.02689,4.95459,4.95466,-0.0265285,-0.043129,-0.028229,0,0,0
1780638724466712,59.0457,-0.00370496,-0.0270934,-0.0457458,0,0,-5,-0.00370496,-0.0270934,4.95425,4.95433,-0.0273013,-0.0423602,-0.0289889,0,0,0
1780638724490712,59.0697,-0.00413181,-0.0274396,-0.0462646,0,0,-5,-0.00413181,-0.0274396,4.95374,4.95381,-0.0262727,-0.0414787,-0.0281497,0,0,0
1780638724506712,59.0857,-0.00442007,-0.0276892,-0.0465698,0,0,-5,-0.00442007,-0.0276892,4.95343,4.95351,-0.0265882,-0.0405635,-0.0270159,0,0,0
1780638724530712,59.1097,-0.00485428,-0.0281162,-0.0470581,0,0,-5,-0.00485428,-0.0281162,4.95294,4.95302,-0.0246896,-0.0413683,-0.026721,0,0,0
1780638724546712,59.1257,-0.00513612,-0.0284476,-0.0473938,0,0,-5,-0.00513612,-0.0284476,4.95261,4.95269,-0.0259722,-0.0416686,-0.0275666,0,0,0
1780638724570712,59.1497,-0.0056115,-0.0289939,-0.0479126,0,0,-5,-0.0056115,-0.0289939,4.95209,4.95218,-0.0260931,-0.0428025,-0.0271455,0,0,0
1780638724586712,59.1657,-0.00547324,-0.0285245,-0.0480042,0,0,-5,-0.00547324,-0.0285245,4.952,4.95208,-0.0263701,-0.0419097,-0.027363,0,0,0
1780638724610712,59.1897,-0.00531081,-0.0279104,-0.0481262,0,0,-5,-0.00531081,-0.0279104,4.95187,4.95196,-0.0257432,-0.0402986,-0.0255229,0,0,0
1780638724626712,59.2057,-0.0052344,-0.0275653,-0.0482483,0,0,-5,-0.0052344,-0.0275653,4.95175,4.95183,-0.0261243,-0.0396818,-0.0260235,0,0,0
1780638724650712,59.2297,-0.00515773,-0.0271257,-0.0484314,0,0,-5,-0.00515773,-0.0271257,4.95157,4.95165,-0.02541,-0.0379526,-0.0249577,0,0,0
1780638724666712,59.2457,-0.00513031,-0.0268769,-0.048584,0,0,-5,-0.00513031,-0.0268769,4.95142,4.95149,-0.0249004,-0.0371364,-0.0247555,0,0,0
1780638724690712,59.2697,-0.0051202,-0.0265893,-0.0488281,0,0,-5,-0.0051202,-0.0265893,4.95117,4.95125,-0.0252201,-0.0371459,-0.0249504,0,0,0
1780638724706712,59.2857,-0.00513193,-0.0264458,-0.0490112,0,0,-5,-0.00513193,-0.0264458,4.95099,4.95106,-0.0255745,-0.0361262,-0.0254884,0,0,0
1780638724730712,59.3097,-0.0051959,-0.0263005,-0.0493469,0,0,-5,-0.0051959,-0.0263005,4.95065,4.95073,-0.0253472,-0.0363213,-0.0267467,0,0,0
1780638724746843,59.3258,-0.0052448,-0.0262588,-0.0495911,0,0,-5,-0.0052448,-0.0262588,4.95041,4.95048,-0.0249323,-0.0368884,-0.0262688,0,0,0
1780638724770843,59.3498,-0.00535115,-0.0262846,-0.0499878,0,0,-5,-0.00535115,-0.0262846,4.95001,4.95008,-0.0247142,-0.0364941,-0.0269356,0,0,0
1780638724786843,59.3658,-0.00541733,-0.0263342,-0.0502319,0,0,-5,-0.00541733,-0.0263342,4.94977,4.94984,-0.0229637,-0.0362793,-0.027043,0,0,0
1780638724810843,59.3898,-0.00551344,-0.0264706,-0.0506592,0,0,-5,-0.00551344,-0.0264706,4.94934,4.94941,-0.0219019,-0.0362677,-0.0275407,0,0,0
1780638724826843,59.4058,-0.00558671,-0.0265904,-0.0509338,0,0,-5,-0.00558671,-0.0265904,4.94907,4.94914,-0.0221893,-0.0350904,-0.0272576,0,0,0
1780638724850843,59.4298,-0.00573755,-0.0268222,-0.0513611,0,0,-5,-0.00573755,-0.0268222,4.94864,4.94871,-0.0232247,-0.035019,-0.0275871,0,0,0
1780638724866843,59.4458,-0.0058692,-0.0270118,-0.0516663,0,0,-5,-0.0058692,-0.0270118,4.94833,4.94841,-0.0236489,-0.0353241,-0.0266546,0,0,0
1780638724890843,59.4698,-0.00610648,-0.0273521,-0.0520935,0,0,-5,-0.00610648,-0.0273521,4.94791,4.94799,-0.0242306,-0.0356832,-0.0256133,0,0,0
1780638724906843,59.4858,-0.00628951,-0.0276179,-0.0523987,0,0,-5,-0.00628951,-0.0276179,4.9476,4.94768,-0.0252581,-0.0359049,-0.0258649,0,0,0
1780638724930843,59.5098,-0.00659016,-0.0280467,-0.0528564,0,0,-5,-0.00659016,-0.0280467,4.94714,4.94723,-0.0245682,-0.034945,-0.0273901,0,0,0
1780638724946843,59.5258,-0.00680038,-0.02836,-0.0531921,0,0,-5,-0.00680038,-0.02836,4.94681,4.94689,-0.0254563,-0.0353042,-0.028526,0,0,0
1780638724962843,59.5418,-0.00703842,-0.0286956,-0.0535278,0,0,-5,-0.00703842,-0.0286956,4.94647,4.94656,-0.0260148,-0.0349727,-0.0287012,0,0,0
1780638724986843,59.5658,-0.00701377,-0.0284743,-0.0536499,0,0,-5,-0.00701377,-0.0284743,4.94635,4.94644,-0.0258178,-0.0347417,-0.028663,0,0,0
1780638725010843,59.5898,-0.00685922,-0.0279833,-0.0536499,0,0,-5,-0.00685922,-0.0279833,4.94635,4.94643,-0.0272613,-0.0337466,-0.0276571,0,0,0
1780638725026843,59.6058,-0.00678965,-0.0277128,-0.0536804,0,0,-5,-0.00678965,-0.0277128,4.94632,4.9464,-0.0260178,-0.0340711,-0.0274614,0,0,0
1780638725050843,59.6298,-0.0066976,-0.0274321,-0.0537415,0,0,-5,-0.0066976,-0.0274321,4.94626,4.94634,-0.0244493,-0.0351785,-0.0273193,0,0,0
1780638725066843,59.6458,-0.0066542,-0.0273013,-0.0538025,0,0,-5,-0.0066542,-0.0273013,4.9462,4.94628,-0.0246034,-0.0341492,-0.0271157,0,0,0
1780638725090843,59.6698,-0.0066271,-0.0271466,-0.0539551,0,0,-5,-0.0066271,-0.0271466,4.94604,4.94612,-0.0240435,-0.0329408,-0.0278115,0,0,0
1780638725106843,59.6858,-0.006622,-0.0270889,-0.0540771,0,0,-5,-0.006622,-0.0270889,4.94592,4.946,-0.023322,-0.0327174,-0.0281349,0,0,0
1780638725130843,59.7098,-0.00662124,-0.0270352,-0.0542908,0,0,-5,-0.00662124,-0.0270352,4.94571,4.94579,-0.0232056,-0.0315041,-0.0281224,0,0,0
1780638725146843,59.7258,-0.00662756,-0.0270328,-0.0544434,0,0,-5,-0.00662756,-0.0270328,4.94556,4.94563,-0.0220167,-0.0313808,-0.0277447,0,0,0
1780638725170843,59.7498,-0.00665867,-0.0270919,-0.054657,0,0,-5,-0.00665867,-0.0270919,4.94534,4.94542,-0.0224893,-0.0312406,-0.0286453,0,0,0
1780638725186843,59.7658,-0.00670504,-0.0271658,-0.0548401,0,0,-5,-0.00670504,-0.0271658,4.94516,4.94524,-0.0221379,-0.0307192,-0.0289356,0,0,0
1780638725210843,59.7898,-0.00678658,-0.0273223,-0.0551453,0,0,-5,-0.00678658,-0.0273223,4.94485,4.94493,-0.0214123,-0.0304708,-0.0301978,0,0,0
1780638725226843,59.8058,-0.0068545,-0.0274585,-0.0553894,0,0,-5,-0.0068545,-0.0274585,4.94461,4.94469,-0.0212668,-0.0308301,-0.0303103,0,0,0
1780638725250843,59.8298,-0.00696113,-0.0277343,-0.0557556,0,0,-5,-0.00696113,-0.0277343,4.94424,4.94433,-0.0200516,-0.0315253,-0.0300501,0,0,0
1780638725266843,59.8458,-0.00704369,-0.0279512,-0.0560303,0,0,-5,-0.00704369,-0.0279512,4.94397,4.94405,-0.0202321,-0.031214,-0.0305846,0,0,0
1780638725290843,59.8698,-0.00722854,-0.02832,-0.0564575,0,0,-5,-0.00722854,-0.02832,4.94354,4.94363,-0.0201341,-0.0310058,-0.0304217,0,0,0
1780638725306843,59.8858,-0.00735369,-0.0285891,-0.0567017,0,0,-5,-0.00735369,-0.0285891,4.9433,4.94339,-0.0195587,-0.0312752,-0.0304028,0,0,0
1780638725330843,59.9098,-0.0075537,-0.0290362,-0.0571289,0,0,-5,-0.0075537,-0.0290362,4.94287,4.94296,-0.0195843,-0.0311484,-0.0313669,0,0,0
1780638725346843,59.9258,-0.00770033,-0.0293499,-0.0574341,0,0,-5,-0.00770033,-0.0293499,4.94257,4.94266,-0.0195843,-0.030357,-0.0326772,0,0,0
1780638725370843,59.9498,-0.00793578,-0.0298223,-0.0579529,0,0,-5,-0.00793578,-0.0298223,4.94205,4.94214,-0.0198603,-0.0295997,-0.0324742,0,0,0
1780638725386843,59.9658,-0.00733996,-0.0292789,-0.0577087,0,0,-5,-0.00733996,-0.0292789,4.94229,4.94238,-0.0191346,-0.0297867,-0.0322219,0,0,0
1780638725410843,59.9898,-0.00655308,-0.0285879,-0.0574036,0,0,-5,-0.00655308,-0.0285879,4.9426,4.94268,-0.0202586,-0.030388,-0.0317979,0,0,0
1780638725426843,60.0058,-0.00606737,-0.028202,-0.057251,0,0,-5,-0.00606737,-0.028202,4.94275,4.94283,-0.0190637,-0.0303254,-0.0326557,0,0,0
1780638725450843,60.0298,-0.00536599,-0.0277108,-0.0570374,0,0,-5,-0.00536599,-0.0277108,4.94296,4.94304,-0.0159886,-0.0297077,-0.0329964,0,0,0
1780638725466843,60.0458,-0.00490563,-0.0274439,-0.0569763,0,0,-5,-0.00490563,-0.0274439,4.94302,4.9431,-0.014868,-0.0297847,-0.0337103,0,0,0
1780638725482843,60.0618,-0.004458,-0.0272216,-0.0569458,0,0,-5,-0.004458,-0.0272216,4.94305,4.94313,-0.0134637,-0.030593,-0.0340376,0,0,0
1780638725506843,60.0858,-0.00382983,-0.0269781,-0.0569458,0,0,-5,-0.00382983,-0.0269781,4.94305,4.94313,-0.0124642,-0.0307735,-0.0349351,0,0,0
1780638725530843,60.1098,-0.00326351,-0.0268085,-0.0570374,0,0,-5,-0.00326351,-0.0268085,4.94296,4.94304,-0.0131127,-0.0292207,-0.035104,0,0,0
1780638725546843,60.1258,-0.00292724,-0.0267255,-0.0571289,0,0,-5,-0.00292724,-0.0267255,4.94287,4.94294,-0.0130557,-0.028881,-0.0350237,0,0,0
1780638725570843,60.1498,-0.00241707,-0.0266343,-0.0574036,0,0,-5,-0.00241707,-0.0266343,4.9426,4.94267,-0.0125132,-0.026755,-0.0359468,0,0,0
1780638725586843,60.1658,-0.00210299,-0.0265856,-0.0576172,0,0,-5,-0.00210299,-0.0265856,4.94238,4.94245,-0.0132539,-0.0263307,-0.0348044,0,0,0
1780638725602843,60.1818,-0.0018204,-0.0265734,-0.0578003,0,0,-5,-0.0018204,-0.0265734,4.9422,4.94227,-0.0131068,-0.0266952,-0.0347632,0,0,0
1780638725626843,60.2058,-0.00143204,-0.0266175,-0.058136,0,0,-5,-0.00143204,-0.0266175,4.94186,4.94194,-0.0125647,-0.0275912,-0.0338439,0,0,0
1780638725650843,60.2298,-0.00107858,-0.0267274,-0.0585022,0,0,-5,-0.00107858,-0.0267274,4.9415,4.94157,-0.012336,-0.0263327,-0.0345035,0,0,0
1780638725666843,60.2458,-0.0008778,-0.0268251,-0.0587769,0,0,-5,-0.0008778,-0.0268251,4.94122,4.9413,-0.0121143,-0.0268159,-0.0348662,0,0,0
1780638725690843,60.2698,-0.000587788,-0.0270134,-0.0592041,0,0,-5,-0.000587788,-0.0270134,4.9408,4.94087,-0.0109477,-0.0261597,-0.0334816,0,0,0
1780638725706843,60.2858,-0.000422161,-0.0271486,-0.0594482,0,0,-5,-0.000422161,-0.0271486,4.94055,4.94063,-0.011804,-0.0257732,-0.0330154,0,0,0
1780638725730843,60.3098,-0.00023438,-0.0273654,-0.0598755,0,0,-5,-0.00023438,-0.0273654,4.94012,4.9402,-0.0120823,-0.025116,-0.0329204,0,0,0
1780638725746843,60.3258,-0.000127817,-0.0275318,-0.0601501,0,0,-5,-0.000127817,-0.0275318,4.93985,4.93993,-0.0121675,-0.0247083,-0.032332,0,0,0
1780638725770977,60.3499,-1.59795e-05,-0.027801,-0.0605774,0,0,-5,-1.59795e-05,-0.027801,4.93942,4.9395,-0.0120495,-0.0239304,-0.0338611,0,0,0
1780638725786977,60.3659,0.000243968,-0.0272635,-0.0604858,0,0,-5,0.000243968,-0.0272635,4.93951,4.93959,-0.00997599,-0.0236332,-0.0341179,0,0,0
1780638725810977,60.3899,0.000626561,-0.0265386,-0.0603943,0,0,-5,0.000626561,-0.0265386,4.93961,4.93968,-0.00945145,-0.0239474,-0.0340583,0,0,0
1780638725826977,60.4059,0.000854276,-0.0261393,-0.0603943,0,0,-5,0.000854276,-0.0261393,4.93961,4.93967,-0.00947624,-0.0247816,-0.0338221,0,0,0
1780638725850977,60.4299,0.001138,-0.0256264,-0.0604248,0,0,-5,0.001138,-0.0256264,4.93958,4.93964,-0.0101106,-0.0243886,-0.0318103,0,0,0
1780638725866977,60.4459,0.00128732,-0.0253353,-0.0604858,0,0,-5,0.00128732,-0.0253353,4.93951,4.93958,-0.00962448,-0.0238018,-0.0320957,0,0,0
1780638725882977,60.4619,0.0014329,-0.0250776,-0.0605469,0,0,-5,0.0014329,-0.0250776,4.93945,4.93952,-0.00781983,-0.0242902,-0.0317181,0,0,0
1780638725906977,60.4859,0.0016632,-0.0247701,-0.0606995,0,0,-5,0.0016632,-0.0247701,4.9393,4.93936,-0.00718244,-0.0237628,-0.030557,0,0,0
1780638725930977,60.5099,0.00185423,-0.0245126,-0.060791,0,0,-5,0.00185423,-0.0245126,4.93921,4.93927,-0.00742986,-0.0224839,-0.0303225,0,0,0
1780638725946977,60.5259,0.00196575,-0.0243601,-0.0608826,0,0,-5,0.00196575,-0.0243601,4.93912,4.93918,-0.00677229,-0.0209326,-0.0311013,0,0,0
1780638725970977,60.5499,0.00214915,-0.0241519,-0.0611267,0,0,-5,0.00214915,-0.0241519,4.93887,4.93893,-0.00529587,-0.0199178,-0.0324574,0,0,0
1780638725986977,60.5659,0.00225586,-0.0240535,-0.0613098,0,0,-5,0.00225586,-0.0240535,4.93869,4.93875,-0.00603236,-0.0205957,-0.0326539,0,0,0
1780638726010977,60.5899,0.00237589,-0.0239795,-0.0616455,0,0,-5,0.00237589,-0.0239795,4.93835,4.93841,-0.00581224,-0.0205767,-0.0319461,0,0,0
1780638726026977,60.6059,0.00244456,-0.0239535,-0.0618591,0,0,-5,0.00244456,-0.0239535,4.93814,4.9382,-0.00665325,-0.019311,-0.0314784,0,0,0
1780638726050977,60.6299,0.0025087,-0.0239508,-0.0622559,0,0,-5,0.0025087,-0.0239508,4.93774,4.9378,-0.00698128,-0.0201761,-0.0326087,0,0,0
1780638726066977,60.6459,0.00253177,-0.0239919,-0.0625305,0,0,-5,0.00253177,-0.0239919,4.93747,4.93753,-0.00736364,-0.0206355,-0.0327238,0,0,0
1780638726090977,60.6699,0.00256052,-0.0240993,-0.0629578,0,0,-5,0.00256052,-0.0240993,4.93704,4.9371,-0.00642352,-0.0200112,-0.0318949,0,0,0
1780638726106977,60.6859,0.00257378,-0.0241833,-0.0632629,0,0,-5,0.00257378,-0.0241833,4.93674,4.9368,-0.00653066,-0.0197712,-0.0321802,0,0,0
1780638726130977,60.7099,0.00259124,-0.0243342,-0.0637817,0,0,-5,0.00259124,-0.0243342,4.93622,4.93628,-0.00510695,-0.0192774,-0.0334886,0,0,0
1780638726146977,60.7259,0.00259154,-0.0244617,-0.0641174,0,0,-5,0.00259154,-0.0244617,4.93588,4.93594,-0.00420358,-0.0189829,-0.0338154,0,0,0
1780638726170977,60.7499,0.00259356,-0.0246855,-0.0646667,0,0,-5,0.00259356,-0.0246855,4.93533,4.9354,-0.00446584,-0.0193807,-0.0333315,0,0,0
1780638726186977,60.7659,0.00235704,-0.0242641,-0.0645447,0,0,-5,0.00235704,-0.0242641,4.93546,4.93552,-0.00455515,-0.018477,-0.0332875,0,0,0
1780638726210977,60.7899,0.00200254,-0.0237035,-0.0644226,0,0,-5,0.00200254,-0.0237035,4.93558,4.93563,-0.00534042,-0.0184221,-0.0330168,0,0,0
1780638726226977,60.8059,0.00176383,-0.0233745,-0.0643616,0,0,-5,0.00176383,-0.0233745,4.93564,4.93569,-0.005478,-0.0179989,-0.0326497,0,0,0
1780638726250977,60.8299,0.00139626,-0.0229549,-0.0643311,0,0,-5,0.00139626,-0.0229549,4.93567,4.93572,-0.00724096,-0.018436,-0.0326963,0,0,0
1780638726266977,60.8459,0.00112714,-0.0227203,-0.0643311,0,0,-5,0.00112714,-0.0227203,4.93567,4.93572,-0.00908133,-0.0186275,-0.0332624,0,0,0
1780638726290977,60.8699,0.000678272,-0.0224469,-0.0643311,0,0,-5,0.000678272,-0.0224469,4.93567,4.93572,-0.0104039,-0.019688,-0.0331501,0,0,0
1780638726306977,60.8859,0.000365328,-0.0223043,-0.0643311,0,0,-5,0.000365328,-0.0223043,4.93567,4.93572,-0.0107809,-0.0190361,-0.0325706,0,0,0
1780638726330977,60.9099,-7.92471e-05,-0.0221443,-0.0644226,0,0,-5,-7.92471e-05,-0.0221443,4.93558,4.93563,-0.0094073,-0.0198232,-0.0326661,0,0,0
1780638726346977,60.9259,-0.000367191,-0.0220745,-0.0644836,0,0,-5,-0.000367191,-0.0220745,4.93552,4.93557,-0.00967513,-0.0196728,-0.0324487,0,0,0
1780638726370977,60.9499,-0.000793021,-0.0220205,-0.0646362,0,0,-5,-0.000793021,-0.0220205,4.93536,4.93541,-0.00979486,-0.0189448,-0.0321106,0,0,0
1780638726386977,60.9659,-0.00108017,-0.0220022,-0.0647888,0,0,-5,-0.00108017,-0.0220022,4.93521,4.93526,-0.00987668,-0.0184425,-0.0312037,0,0,0
1780638726410977,60.9899,-0.00149106,-0.022023,-0.0649719,0,0,-5,-0.00149106,-0.022023,4.93503,4.93508,-0.00927005,-0.0197625,-0.0302623,0,0,0
1780638726426977,61.0059,-0.00176574,-0.0220748,-0.0650635,0,0,-5,-0.00176574,-0.0220748,4.93494,4.93499,-0.0102211,-0.0189913,-0.0301093,0,0,0
1780638726450977,61.0299,-0.00219458,-0.0221862,-0.0652466,0,0,-5,-0.00219458,-0.0221862,4.93475,4.9348,-0.0111188,-0.0199778,-0.0306617,0,0,0
1780638726466977,61.0459,-0.00248224,-0.0223031,-0.0654297,0,0,-5,-0.00248224,-0.0223031,4.93457,4.93462,-0.0109348,-0.0206726,-0.0312011,0,0,0
1780638726490977,61.0699,-0.00290797,-0.022513,-0.0655823,0,0,-5,-0.00290797,-0.022513,4.93442,4.93447,-0.0115597,-0.0203115,-0.0299303,0,0,0
1780638726506977,61.0859,-0.00318756,-0.0226792,-0.0657349,0,0,-5,-0.00318756,-0.0226792,4.93427,4.93432,-0.0103036,-0.020818,-0.030675,0,0,0
1780638726530977,61.1099,-0.00356651,-0.0229545,-0.065979,0,0,-5,-0.00356651,-0.0229545,4.93402,4.93408,-0.00867656,-0.0201899,-0.030064,0,0,0
1780638726546977,61.1259,-0.00380582,-0.02315,-0.0661621,0,0,-5,-0.00380582,-0.02315,4.93384,4.93389,-0.00920384,-0.0204342,-0.0288393,0,0,0
1780638726570977,61.1499,-0.00419641,-0.0234893,-0.0664978,0,0,-5,-0.00419641,-0.0234893,4.9335,4.93356,-0.00911438,-0.0215462,-0.0284228,0,0,0
1780638726586977,61.1659,-0.00393628,-0.0233449,-0.0663452,0,0,-5,-0.00393628,-0.0233449,4.93365,4.93371,-0.0084024,-0.0216237,-0.0274094,0,0,0
1780638726610977,61.1899,-0.00360423,-0.0231917,-0.0662231,0,0,-5,-0.00360423,-0.0231917,4.93378,4.93383,-0.009818,-0.0220093,-0.0280661,0,0,0
1780638726626977,61.2059,-0.00340927,-0.0231341,-0.0661926,0,0,-5,-0.00340927,-0.0231341,4.93381,4.93386,-0.00884119,-0.0224061,-0.028351,0,0,0
1780638726650977,61.2299,-0.00313557,-0.0230992,-0.0661926,0,0,-5,-0.00313557,-0.0230992,4.93381,4.93386,-0.00786412,-0.0210258,-0.0284782,0,0,0
1780638726666977,61.2459,-0.00296852,-0.023089,-0.0662231,0,0,-5,-0.00296852,-0.023089,4.93378,4.93383,-0.00824398,-0.0213395,-0.0279149,0,0,0
1780638726690977,61.2699,-0.002725,-0.0231111,-0.0663452,0,0,-5,-0.002725,-0.0231111,4.93365,4.93371,-0.00616437,-0.0202305,-0.0284179,0,0,0
1780638726706977,61.2859,-0.0025788,-0.023143,-0.0664062,0,0,-5,-0.0025788,-0.023143,4.93359,4.93365,-0.0072991,-0.0201034,-0.0284304,0,0,0
1780638726730977,61.3099,-0.00239638,-0.0232375,-0.0665894,0,0,-5,-0.00239638,-0.0232375,4.93341,4.93347,-0.00848909,-0.0200275,-0.0270852,0,0,0
1780638726746977,61.3259,-0.00229425,-0.0233158,-0.0667114,0,0,-5,-0.00229425,-0.0233158,4.93329,4.93334,-0.00776705,-0.0193223,-0.0275071,0,0,0
1780638726770977,61.3499,-0.00213515,-0.0234431,-0.0668945,0,0,-5,-0.00213515,-0.0234431,4.93311,4.93316,-0.00700506,-0.0189925,-0.0275401,0,0,0
1780638726787111,61.3661,-0.00205063,-0.023561,-0.0670471,0,0,-5,-0.00205063,-0.023561,4.93295,4.93301,-0.00729084,-0.0192155,-0.028043,0,0,0
1780638726811111,61.3901,-0.00192224,-0.0237624,-0.0673523,0,0,-5,-0.00192224,-0.0237624,4.93265,4.93271,-0.00646749,-0.0193826,-0.0286505,0,0,0
1780638726827111,61.4061,-0.0018528,-0.0239185,-0.0675354,0,0,-5,-0.0018528,-0.0239185,4.93246,4.93252,-0.00717074,-0.0186868,-0.0294136,0,0,0
1780638726851111,61.4301,-0.00176547,-0.0241712,-0.0678711,0,0,-5,-0.00176547,-0.0241712,4.93213,4.93219,-0.00656405,-0.0188526,-0.0302697,0,0,0
1780638726867111,61.4461,-0.00172066,-0.0243535,-0.0680847,0,0,-5,-0.00172066,-0.0243535,4.93192,4.93198,-0.00612402,-0.0191118,-0.0305828,0,0,0
1780638726891111,61.4701,-0.00165759,-0.0246762,-0.0684814,0,0,-5,-0.00165759,-0.0246762,4.93152,4.93158,-0.00504027,-0.019927,-0.0289528,0,0,0
1780638726907111,61.4861,-0.00160465,-0.0249093,-0.0687256,0,0,-5,-0.00160465,-0.0249093,4.93127,4.93134,-0.00402043,-0.0201582,-0.0286283,0,0,0
1780638726923111,61.5021,-0.00155001,-0.0251529,-0.0689697,0,0,-5,-0.00155001,-0.0251529,4.93103,4.93109,-0.00329155,-0.0196452,-0.0285723,0,0,0
1780638726947111,61.5261,-0.00143458,-0.0255508,-0.0693665,0,0,-5,-0.00143458,-0.0255508,4.93063,4.9307,-0.00123256,-0.0210046,-0.0283489,0,0,0
1780638726971111,61.5501,-0.00130183,-0.0259999,-0.0697937,0,0,-5,-0.00130183,-0.0259999,4.93021,4.93028,-0.000277837,-0.0220563,-0.0280892,0,0,0
1780638726987111,61.5661,-0.00100467,-0.0255384,-0.0694275,0,0,-5,-0.00100467,-0.0255384,4.93057,4.93064,-0.000731159,-0.0208905,-0.0287757,0,0,0
1780638727011111,61.5901,-0.000568158,-0.0249085,-0.0689697,0,0,-5,-0.000568158,-0.0249085,4.93103,4.93109,0.000491992,-0.021369,-0.0285639,0,0,0
1780638727027111,61.6061,-0.000292275,-0.0245587,-0.0686951,0,0,-5,-0.000292275,-0.0245587,4.9313,4.93137,-0.000318619,-0.0211234,-0.028628,0,0,0
1780638727051111,61.6301,9.9915e-05,-0.0241021,-0.0683594,0,0,-5,9.9915e-05,-0.0241021,4.93164,4.9317,0.000698448,-0.0209106,-0.0286161,0,0,0
1780638727067111,61.6461,0.000349071,-0.0238447,-0.0681763,0,0,-5,0.000349071,-0.0238447,4.93182,4.93188,0.000622999,-0.0208804,-0.0279558,0,0,0
1780638727091111,61.6701,0.000718242,-0.0235102,-0.0679016,0,0,-5,0.000718242,-0.0235102,4.9321,4.93215,0.000713864,-0.0209461,-0.0265428,0,0,0
1780638727107111,61.6861,0.000937977,-0.0233288,-0.0677795,0,0,-5,0.000937977,-0.0233288,4.93222,4.93228,0.000191138,-0.0204872,-0.0263233,0,0,0
1780638727131111,61.7101,0.00124356,-0.0231155,-0.0675964,0,0,-5,0.00124356,-0.0231155,4.9324,4.93246,0.000537202,-0.0206019,-0.0265355,0,0,0
1780638727147111,61.7261,0.00145159,-0.0230094,-0.0675354,0,0,-5,0.00145159,-0.0230094,4.93246,4.93252,0.000905358,-0.0205618,-0.027542,0,0,0
1780638727171111,61.7501,0.0017598,-0.0229077,-0.0674744,0,0,-5,0.0017598,-0.0229077,4.93253,4.93258,0.000703129,-0.0212302,-0.0262768,0,0,0
1780638727187111,61.7661,0.00194716,-0.0228739,-0.0674744,0,0,-5,0.00194716,-0.0228739,4.93253,4.93258,0.000894656,-0.0212698,-0.026289,0,0,0
1780638727211111,61.7901,0.00223336,-0.0228624,-0.0675049,0,0,-5,0.00223336,-0.0228624,4.9325,4.93255,0.00180662,-0.0215144,-0.0270558,0,0,0
1780638727227111,61.8061,0.00241648,-0.0228966,-0.0675659,0,0,-5,0.00241648,-0.0228966,4.93243,4.93249,0.00181385,-0.0218111,-0.0277864,0,0,0
1780638727251111,61.8301,0.00266091,-0.0229838,-0.067749,0,0,-5,0.00266091,-0.0229838,4.93225,4.93231,0.000754686,-0.0220968,-0.0287833,0,0,0
1780638727267111,61.8461,0.00280485,-0.0230887,-0.0678711,0,0,-5,0.00280485,-0.0230887,4.93213,4.93218,0.00113639,-0.0234346,-0.027758,0,0,0
1780638727291111,61.8701,0.00301898,-0.0232835,-0.0681152,0,0,-5,0.00301898,-0.0232835,4.93188,4.93194,0.00110826,-0.0221756,-0.0278474,0,0,0
1780638727307111,61.8861,0.00316032,-0.0234225,-0.0682983,0,0,-5,0.00316032,-0.0234225,4.9317,4.93176,0.00285232,-0.0219759,-0.0290694,0,0,0
1780638727331111,61.9101,0.00339378,-0.0236638,-0.0686035,0,0,-5,0.00339378,-0.0236638,4.9314,4.93145,0.00394491,-0.0217537,-0.0288916,0,0,0
1780638727347111,61.9261,0.00354802,-0.0238441,-0.0688171,0,0,-5,0.00354802,-0.0238441,4.93118,4.93124,0.004088,-0.022071,-0.0287495,0,0,0
1780638727371111,61.9501,0.00378016,-0.0241301,-0.0691528,0,0,-5,0.00378016,-0.0241301,4.93085,4.93091,0.0045488,-0.0212268,-0.0269484,0,0,0
1780638727387111,61.9661,0.00395504,-0.0235349,-0.0688477,0,0,-5,0.00395504,-0.0235349,4.93115,4.93121,0.00370566,-0.0188617,-0.026235,0,0,0
1780638727403111,61.9821,0.00411594,-0.0229666,-0.068573,0,0,-5,0.00411594,-0.0229666,4.93143,4.93148,0.00356393,-0.0179262,-0.0247164,0,0,0
1780638727427111,62.0061,0.00437748,-0.0221787,-0.0681763,0,0,-5,0.00437748,-0.0221787,4.93182,4.93188,0.00621826,-0.0173123,-0.0252032,0,0,0
1780638727451111,62.0301,0.00466501,-0.0214916,-0.0679016,0,0,-5,0.00466501,-0.0214916,4.9321,4.93215,0.007179,-0.0169413,-0.0263432,0,0,0
1780638727467111,62.0461,0.00485191,-0.0210752,-0.0677795,0,0,-5,0.00485191,-0.0210752,4.93222,4.93227,0.00730542,-0.0171105,-0.026328,0,0,0
1780638727491111,62.0701,0.00512755,-0.0205202,-0.0676575,0,0,-5,0.00512755,-0.0205202,4.93234,4.93239,0.00750068,-0.016082,-0.0248735,0,0,0
1780638727507111,62.0861,0.00529657,-0.0201913,-0.0675659,0,0,-5,0.00529657,-0.0201913,4.93243,4.93248,0.0064451,-0.0161301,-0.0241857,0,0,0
1780638727531111,62.1101,0.00549671,-0.019742,-0.0675049,0,0,-5,0.00549671,-0.019742,4.9325,4.93254,0.0044522,-0.014316,-0.0251522,0,0,0
1780638727547111,62.1261,0.00560487,-0.0194614,-0.0675049,0,0,-5,0.00560487,-0.0194614,4.9325,4.93254,0.00456089,-0.0137607,-0.0248398,0,0,0
1780638727571111,62.1501,0.00576431,-0.0190621,-0.0675049,0,0,-5,0.00576431,-0.0190621,4.9325,4.93254,0.00353981,-0.0122612,-0.0251522,0,0,0
1780638727587111,62.1661,0.00584111,-0.0188164,-0.0675659,0,0,-5,0.00584111,-0.0188164,4.93243,4.93247,0.00398098,-0.0122684,-0.0253632,0,0,0
1780638727611111,62.1901,0.00596354,-0.0185141,-0.0676575,0,0,-5,0.00596354,-0.0185141,4.93234,4.93238,0.00431857,-0.0132359,-0.0260957,0,0,0
1780638727627111,62.2061,0.00604167,-0.0183401,-0.0677795,0,0,-5,0.00604167,-0.0183401,4.93222,4.93226,0.00358301,-0.0120398,-0.0277259,0,0,0
1780638727643111,62.2221,0.00611172,-0.0181776,-0.0679016,0,0,-5,0.00611172,-0.0181776,4.9321,4.93214,0.00411906,-0.0117128,-0.0275917,0,0,0
1780638727667111,62.2461,0.00622876,-0.0179731,-0.0681458,0,0,-5,0.00622876,-0.0179731,4.93185,4.93189,0.00422915,-0.01156,-0.026693,0,0,0
1780638727691111,62.2701,0.00630313,-0.0178069,-0.0683899,0,0,-5,0.00630313,-0.0178069,4.93161,4.93165,0.00310551,-0.0108263,-0.0268052,0,0,0
1780638727707111,62.2861,0.00635583,-0.0177097,-0.0685425,0,0,-5,0.00635583,-0.0177097,4.93146,4.93149,0.00308749,-0.0107203,-0.0268969,0,0,0
1780638727731111,62.3101,0.00643917,-0.0176136,-0.0688171,0,0,-5,0.00643917,-0.0176136,4.93118,4.93122,0.00429838,-0.0106655,-0.0267374,0,0,0
1780638727747111,62.3261,0.0065019,-0.0175678,-0.0690308,0,0,-5,0.0065019,-0.0175678,4.93097,4.931,0.00385236,-0.0101053,-0.0269641,0,0,0
1780638727771111,62.3501,0.00658454,-0.0175082,-0.0693359,0,0,-5,0.00658454,-0.0175082,4.93066,4.9307,0.00404533,-0.00836321,-0.0265914,0,0,0
1780638727787247,62.3662,0.00646414,-0.0170797,-0.0692749,0,0,-5,0.00646414,-0.0170797,4.93073,4.93076,0.0026571,-0.00695822,-0.0263012,0,0,0
1780638727811247,62.3902,0.00628478,-0.0164638,-0.0691833,0,0,-5,0.00628478,-0.0164638,4.93082,4.93085,0.00329623,-0.0061319,-0.0267449,0,0,0
1780638727827247,62.4062,0.00617167,-0.0160849,-0.0691833,0,0,-5,0.00617167,-0.0160849,4.93082,4.93085,0.00263191,-0.00559846,-0.0262429,0,0,0
1780638727851247,62.4302,0.00601388,-0.015563,-0.0691833,0,0,-5,0.00601388,-0.015563,4.93082,4.93084,0.00337193,-0.00551148,-0.025592,0,0,0
1780638727867247,62.4462,0.00592632,-0.0152466,-0.0692139,0,0,-5,0.00592632,-0.0152466,4.93079,4.93081,0.00257468,-0.00518042,-0.0261117,0,0,0
1780638727891247,62.4702,0.00580069,-0.0148147,-0.0693665,0,0,-5,0.00580069,-0.0148147,4.93063,4.93066,0.0027159,-0.00517046,-0.0281597,0,0,0
1780638727907247,62.4862,0.00572078,-0.0145647,-0.0694885,0,0,-5,0.00572078,-0.0145647,4.93051,4.93054,0.00188465,-0.00575878,-0.0272301,0,0,0
1780638727931247,62.5102,0.00557022,-0.0142317,-0.0697021,0,0,-5,0.00557022,-0.0142317,4.9303,4.93032,6.58177e-05,-0.00464171,-0.0270425,0,0,0
1780638727947247,62.5262,0.0054578,-0.0140269,-0.0698853,0,0,-5,0.0054578,-0.0140269,4.93011,4.93014,-0.000265178,-0.00489361,-0.0288849,0,0,0
1780638727971247,62.5502,0.00529181,-0.0137562,-0.0701904,0,0,-5,0.00529181,-0.0137562,4.92981,4.92983,3.29347e-05,-0.00549061,-0.0276738,0,0,0
1780638727987247,62.5662,0.00519326,-0.0136117,-0.0703735,0,0,-5,0.00519326,-0.0136117,4.92963,4.92965,0.000334661,-0.00541319,-0.0269507,0,0,0
1780638728011247,62.5902,0.00502956,-0.013399,-0.0706177,0,0,-5,0.00502956,-0.013399,4.92938,4.9294,-0.000519706,-0.00407446,-0.0237147,0,0,0
1780638728027247,62.6062,0.00490586,-0.0132673,-0.0708008,0,0,-5,0.00490586,-0.0132673,4.9292,4.92922,-0.000385425,-0.00326801,-0.023838,0,0,0
1780638728051247,62.6302,0.0047201,-0.0131007,-0.071106,0,0,-5,0.0047201,-0.0131007,4.92889,4.92891,-0.00126217,-0.00408928,-0.0245202,0,0,0
1780638728067247,62.6462,0.00459266,-0.0130253,-0.0713196,0,0,-5,0.00459266,-0.0130253,4.92868,4.9287,-0.00120995,-0.00559053,-0.0231617,0,0,0
1780638728091247,62.6702,0.0044088,-0.012944,-0.0716248,0,0,-5,0.0044088,-0.012944,4.92838,4.92839,-0.0026632,-0.0052459,-0.0220031,0,0,0
1780638728107247,62.6862,0.00427572,-0.012916,-0.0718384,0,0,-5,0.00427572,-0.012916,4.92816,4.92818,-0.00329857,-0.00587736,-0.0225839,0,0,0
1780638728131247,62.7102,0.00405173,-0.012914,-0.0721436,0,0,-5,0.00405173,-0.012914,4.92786,4.92788,-0.00447693,-0.0062189,-0.0211634,0,0,0
1780638728147247,62.7262,0.00390876,-0.0129272,-0.0723572,0,0,-5,0.00390876,-0.0129272,4.92764,4.92766,-0.0036693,-0.00671671,-0.0213865,0,0,0
1780638728171247,62.7502,0.00373559,-0.0129726,-0.0726929,0,0,-5,0.00373559,-0.0129726,4.92731,4.92733,-0.00369476,-0.00542456,-0.0206161,0,0,0
1780638728187247,62.7662,0.00364235,-0.0125945,-0.0725403,0,0,-5,0.00364235,-0.0125945,4.92746,4.92748,-0.00390053,-0.00533914,-0.0200603,0,0,0
1780638728203247,62.7822,0.00354541,-0.0122467,-0.0723877,0,0,-5,0.00354541,-0.0122467,4.92761,4.92763,-0.00418849,-0.00469483,-0.0196494,0,0,0
1780638728227247,62.8062,0.00339874,-0.0117436,-0.0722351,0,0,-5,0.00339874,-0.0117436,4.92776,4.92778,-0.00427567,-0.00319453,-0.0194327,0,0,0
1780638728251247,62.8302,0.00323656,-0.0112968,-0.072113,0,0,-5,0.00323656,-0.0112968,4.92789,4.9279,-0.00560293,-0.00446427,-0.019929,0,0,0
1780638728267247,62.8462,0.00311763,-0.0110323,-0.0720825,0,0,-5,0.00311763,-0.0110323,4.92792,4.92793,-0.00512677,-0.0031971,-0.0190061,0,0,0
1780638728283247,62.8622,0.00300704,-0.0107733,-0.072052,0,0,-5,0.00300704,-0.0107733,4.92795,4.92796,-0.00537283,-0.00262118,-0.0194752,0,0,0
1780638728307247,62.8862,0.00284995,-0.0104164,-0.072052,0,0,-5,0.00284995,-0.0104164,4.92795,4.92796,-0.00491027,-0.00235849,-0.0186572,0,0,0
1780638728331247,62.9102,0.00272766,-0.0100935,-0.072052,0,0,-5,0.00272766,-0.0100935,4.92795,4.92796,-0.0037213,-0.000743259,-0.0173882,0,0,0
1780638728347247,62.9262,0.00265959,-0.00987159,-0.0720825,0,0,-5,0.00265959,-0.00987159,4.92792,4.92793,-0.00320258,0.000502148,-0.0161183,0,0,0
1780638728371247,62.9502,0.00255465,-0.00954637,-0.0721436,0,0,-5,0.00255465,-0.00954637,4.92786,4.92787,-0.00421409,2.61344e-05,-0.0160297,0,0,0
1780638728387247,62.9662,0.00246441,-0.00936891,-0.0721741,0,0,-5,0.00246441,-0.00936891,4.92783,4.92784,-0.00521681,-0.000493798,-0.0159105,0,0,0
1780638728411247,62.9902,0.00231043,-0.0091147,-0.0722656,0,0,-5,0.00231043,-0.0091147,4.92773,4.92774,-0.00591704,0.000745762,-0.0149325,0,0,0
1780638728427247,63.0062,0.00218976,-0.00895156,-0.0723267,0,0,-5,0.00218976,-0.00895156,4.92767,4.92768,-0.00711866,0.000998063,-0.0153482,0,0,0
1780638728443247,63.0222,0.00206674,-0.00879009,-0.0723877,0,0,-5,0.00206674,-0.00879009,4.92761,4.92762,-0.00654121,0.00160598,-0.0160157,0,0,0
1780638728467247,63.0462,0.00187699,-0.00856478,-0.0725403,0,0,-5,0.00187699,-0.00856478,4.92746,4.92747,-0.00773825,0.00217863,-0.0166445,0,0,0
1780638728491247,63.0702,0.00165955,-0.0083413,-0.0726929,0,0,-5,0.00165955,-0.0083413,4.92731,4.92731,-0.00831743,0.00368089,-0.0184364,0,0,0
1780638728507247,63.0862,0.001503,-0.0081826,-0.0728149,0,0,-5,0.001503,-0.0081826,4.92719,4.92719,-0.00902445,0.00437076,-0.0185086,0,0,0
1780638728523247,63.1022,0.00135528,-0.00803503,-0.0729675,0,0,-5,0.00135528,-0.00803503,4.92703,4.92704,-0.00856189,0.00474373,-0.0188753,0,0,0
1780638728547247,63.1262,0.00114349,-0.0078212,-0.0731812,0,0,-5,0.00114349,-0.0078212,4.92682,4.92683,-0.00777091,0.00461751,-0.0185097,0,0,0
1780638728571247,63.1502,0.000954642,-0.00762541,-0.0733643,0,0,-5,0.000954642,-0.00762541,4.92664,4.92664,-0.00759168,0.00612958,-0.0183094,0,0,0
1780638728587247,63.1662,0.000785005,-0.00718353,-0.072937,0,0,-5,0.000785005,-0.00718353,4.92706,4.92707,-0.00794569,0.0066223,-0.0188608,0,0,0
1780638728611247,63.1902,0.000535452,-0.00655077,-0.0723877,0,0,-5,0.000535452,-0.00655077,4.92761,4.92762,-0.00812309,0.00729315,-0.0199389,0,0,0
1780638728627247,63.2062,0.000368509,-0.00615006,-0.0720825,0,0,-5,0.000368509,-0.00615006,4.92792,4.92792,-0.00891486,0.00774403,-0.0182418,0,0,0
1780638728651247,63.2302,0.000111054,-0.00559096,-0.0716248,0,0,-5,0.000111054,-0.00559096,4.92838,4.92838,-0.00916185,0.00673945,-0.0170748,0,0,0
1780638728667247,63.2462,-6.4366e-05,-0.00524821,-0.0713806,0,0,-5,-6.4366e-05,-0.00524821,4.92862,4.92862,-0.00852187,0.00732285,-0.0183813,0,0,0
1780638728691247,63.2702,-0.000318681,-0.00474187,-0.0710754,0,0,-5,-0.000318681,-0.00474187,4.92892,4.92893,-0.00809682,0.00811753,-0.0178308,0,0,0
1780638728707247,63.2862,-0.000473987,-0.00441343,-0.0708923,0,0,-5,-0.000473987,-0.00441343,4.92911,4.92911,-0.00765641,0.00878208,-0.017567,0,0,0
1780638728731247,63.3102,-0.000698758,-0.00394137,-0.0706482,0,0,-5,-0.000698758,-0.00394137,4.92935,4.92935,-0.00802301,0.00900892,-0.0165162,0,0,0
1780638728747247,63.3262,-0.000856875,-0.00364116,-0.0705261,0,0,-5,-0.000856875,-0.00364116,4.92947,4.92948,-0.00885695,0.00971598,-0.0176841,0,0,0
1780638728771247,63.3502,-0.00111003,-0.00320251,-0.0703735,0,0,-5,-0.00111003,-0.00320251,4.92963,4.92963,-0.00964226,0.00983728,-0.0181465,0,0,0
1780638728787389,63.3663,-0.00129329,-0.00292359,-0.0703125,0,0,-5,-0.00129329,-0.00292359,4.92969,4.92969,-0.0107791,0.0101027,-0.0180539,0,0,0
1780638728811389,63.3903,-0.00159111,-0.00253309,-0.0702515,0,0,-5,-0.00159111,-0.00253309,4.92975,4.92975,-0.0113036,0.0100093,-0.0171712,0,0,0
1780638728827389,63.4063,-0.0018021,-0.00228324,-0.0702515,0,0,-5,-0.0018021,-0.00228324,4.92975,4.92975,-0.0125312,0.0107084,-0.0171259,0,0,0
1780638728851389,63.4303,-0.00213471,-0.00189594,-0.0702209,0,0,-5,-0.00213471,-0.00189594,4.92978,4.92978,-0.0125507,0.0119385,-0.0165984,0,0,0
1780638728867389,63.4463,-0.00235681,-0.00165088,-0.0702515,0,0,-5,-0.00235681,-0.00165088,4.92975,4.92975,-0.0119603,0.0110753,-0.0168527,0,0,0
1780638728883389,63.4623,-0.00256438,-0.00141475,-0.0702515,0,0,-5,-0.00256438,-0.00141475,4.92975,4.92975,-0.0114472,0.0109511,-0.01659,0,0,0
1780638728907389,63.4863,-0.00286163,-0.00105963,-0.0703125,0,0,-5,-0.00286163,-0.00105963,4.92969,4.92969,-0.0109819,0.0124303,-0.0161959,0,0,0
1780638728931389,63.5103,-0.00314387,-0.000691764,-0.070343,0,0,-5,-0.00314387,-0.000691764,4.92966,4.92966,-0.0106442,0.0125892,-0.0168874,0,0,0
1780638728947389,63.5263,-0.00332951,-0.000455035,-0.0704041,0,0,-5,-0.00332951,-0.000455035,4.9296,4.9296,-0.0103564,0.0138924,-0.0163414,0,0,0
1780638728971389,63.5503,-0.00360654,-8.70108e-05,-0.0704956,0,0,-5,-0.00360654,-8.70108e-05,4.9295,4.92951,-0.00974899,0.014416,-0.0171345,0,0,0
1780638728987389,63.5663,-0.00352901,5.32884e-05,-0.0701904,0,0,-5,-0.00352901,5.32884e-05,4.92981,4.92981,-0.00942191,0.013838,-0.0178242,0,0,0
1780638729011389,63.5903,-0.00343097,0.000253939,-0.0697327,0,0,-5,-0.00343097,0.000253939,4.93027,4.93027,-0.00945507,0.0142068,-0.0175707,0,0,0
1780638729027389,63.6063,-0.00336551,0.000388944,-0.0694885,0,0,-5,-0.00336551,0.000388944,4.93051,4.93051,-0.00801104,0.0143796,-0.0180232,0,0,0
1780638729051389,63.6303,-0.00327666,0.000582177,-0.0691528,0,0,-5,-0.00327666,0.000582177,4.93085,4.93085,-0.00859689,0.0136525,-0.0173889,0,0,0
1780638729067389,63.6463,-0.00324104,0.000712712,-0.0689392,0,0,-5,-0.00324104,0.000712712,4.93106,4.93106,-0.00953779,0.0146159,-0.0177073,0,0,0
1780638729091389,63.6703,-0.00320761,0.000942735,-0.0686951,0,0,-5,-0.00320761,0.000942735,4.9313,4.93131,-0.0084567,0.0163589,-0.0185252,0,0,0
1780638729107389,63.6863,-0.00317291,0.00110234,-0.068573,0,0,-5,-0.00317291,0.00110234,4.93143,4.93143,-0.00738116,0.0166514,-0.0188167,0,0,0
1780638729131389,63.7103,-0.00311446,0.00137481,-0.0684204,0,0,-5,-0.00311446,0.00137481,4.93158,4.93158,-0.00619662,0.018113,-0.0186151,0,0,0
1780638729147389,63.7263,-0.00307717,0.00156952,-0.0683289,0,0,-5,-0.00307717,0.00156952,4.93167,4.93167,-0.00692014,0.0191519,-0.0185104,0,0,0
1780638729171389,63.7503,-0.00305801,0.0018748,-0.0682068,0,0,-5,-0.00305801,0.0018748,4.93179,4.93179,-0.00617485,0.0192738,-0.0181878,0,0,0
1780638729187389,63.7663,-0.00305343,0.00206751,-0.0681458,0,0,-5,-0.00305343,0.00206751,4.93185,4.93186,-0.00657394,0.0179651,-0.0179364,0,0,0
1780638729211389,63.7903,-0.003062,0.00234284,-0.0680847,0,0,-5,-0.003062,0.00234284,4.93192,4.93192,-0.00721907,0.0175804,-0.0181984,0,0,0
1780638729227389,63.8063,-0.0030826,0.00251672,-0.0680847,0,0,-5,-0.0030826,0.00251672,4.93192,4.93192,-0.0069965,0.0173344,-0.0174277,0,0,0
1780638729251389,63.8303,-0.00311536,0.00279182,-0.0680847,0,0,-5,-0.00311536,0.00279182,4.93192,4.93192,-0.00722032,0.0185921,-0.0179417,0,0,0
1780638729267389,63.8463,-0.00315408,0.00297825,-0.0681152,0,0,-5,-0.00315408,0.00297825,4.93188,4.93189,-0.00753744,0.0185782,-0.0181059,0,0,0
1780638729291389,63.8703,-0.00322219,0.003263,-0.0682373,0,0,-5,-0.00322219,0.003263,4.93176,4.93176,-0.0078925,0.0180687,-0.0186962,0,0,0
1780638729307389,63.8864,-0.0032892,0.00344525,-0.0683289,0,0,-5,-0.0032892,0.00344525,4.93167,4.93167,-0.00845134,0.0182524,-0.0177567,0,0,0
1780638729331389,63.9103,-0.00341211,0.00372454,-0.0684814,0,0,-5,-0.00341211,0.00372454,4.93152,4.93152,-0.00929625,0.0198752,-0.0186087,0,0,0
1780638729347389,63.9263,-0.00351787,0.00392061,-0.0686035,0,0,-5,-0.00351787,0.00392061,4.9314,4.9314,-0.00973243,0.0188674,-0.0198486,0,0,0
1780638729371389,63.9504,-0.0036482,0.00419263,-0.0687866,0,0,-5,-0.0036482,0.00419263,4.93121,4.93122,-0.00754633,0.0181599,-0.0202649,0,0,0
1780638729387389,63.9663,-0.003573,0.00433903,-0.0686035,0,0,-5,-0.003573,0.00433903,4.9314,4.9314,-0.00650474,0.0193182,-0.020812,0,0,0
1780638729411389,63.9903,-0.00346052,0.00458132,-0.0683899,0,0,-5,-0.00346052,0.00458132,4.93161,4.93161,-0.00545402,0.0193556,-0.0234707,0,0,0
1780638729427389,64.0063,-0.00338611,0.0047368,-0.0683289,0,0,-5,-0.00338611,0.0047368,4.93167,4.93167,-0.00527489,0.0186279,-0.0233567,0,0,0
1780638729451389,64.0303,-0.003282,0.00499455,-0.0682678,0,0,-5,-0.003282,0.00499455,4.93173,4.93174,-0.00539973,0.0207356,-0.0226492,0,0,0
1780638729467389,64.0464,-0.00319224,0.00519239,-0.0682678,0,0,-5,-0.00319224,0.00519239,4.93173,4.93174,-0.00513304,0.0208386,-0.0234922,0,0,0
1780638729491389,64.0703,-0.00305449,0.00547313,-0.0682983,0,0,-5,-0.00305449,0.00547313,4.9317,4.93171,-0.00436358,0.0196667,-0.0232168,0,0,0
1780638729507389,64.0863,-0.0029814,0.00566625,-0.0683899,0,0,-5,-0.0029814,0.00566625,4.93161,4.93161,-0.00531953,0.0212677,-0.0230951,0,0,0
1780638729531389,64.1103,-0.002914,0.00598708,-0.0685425,0,0,-5,-0.002914,0.00598708,4.93146,4.93146,-0.00618048,0.0228698,-0.0230958,0,0,0
1780638729547389,64.1264,-0.00288365,0.006218,-0.0686646,0,0,-5,-0.00288365,0.006218,4.93134,4.93134,-0.0063493,0.0228803,-0.0223718,0,0,0
1780638729571389,64.1504,-0.00286122,0.0065521,-0.0687561,0,0,-5,-0.00286122,0.0065521,4.93124,4.93125,-0.00608609,0.0224061,-0.0211772,0,0,0
1780638729587389,64.1663,-0.00284699,0.00678534,-0.0688477,0,0,-5,-0.00284699,0.00678534,4.93115,4.93116,-0.00633199,0.0231258,-0.0216103,0,0,0
1780638729611389,64.1903,-0.00288485,0.00716927,-0.0689697,0,0,-5,-0.00288485,0.00716927,4.93103,4.93104,-0.00803969,0.0229694,-0.0222905,0,0,0
1780638729627389,64.2064,-0.00293641,0.00741976,-0.0690918,0,0,-5,-0.00293641,0.00741976,4.93091,4.93091,-0.00846266,0.0228316,-0.0224333,0,0,0
1780638729651389,64.2304,-0.00302494,0.00779565,-0.0693054,0,0,-5,-0.00302494,0.00779565,4.93069,4.9307,-0.00819159,0.0223509,-0.0221603,0,0,0
1780638729667389,64.2463,-0.00307505,0.00804232,-0.069458,0,0,-5,-0.00307505,0.00804232,4.93054,4.93055,-0.00710455,0.0225689,-0.0215226,0,0,0
1780638729691389,64.2703,-0.00311903,0.00840683,-0.0697021,0,0,-5,-0.00311903,0.00840683,4.9303,4.93031,-0.00578813,0.0223506,-0.0220611,0,0,0
1780638729707389,64.2863,-0.00314621,0.00866077,-0.0699158,0,0,-5,-0.00314621,0.00866077,4.93008,4.93009,-0.00625428,0.0232317,-0.0227667,0,0,0
1780638729731389,64.3103,-0.0032078,0.00906006,-0.0702515,0,0,-5,-0.0032078,0.00906006,4.92975,4.92976,-0.00626155,0.0238658,-0.0247095,0,0,0
1780638729747389,64.3263,-0.0032132,0.00932625,-0.0705261,0,0,-5,-0.0032132,0.00932625,4.92947,4.92948,-0.00531472,0.0240057,-0.0248497,0,0,0
1780638729771389,64.3503,-0.00321191,0.00975049,-0.0709229,0,0,-5,-0.00321191,0.00975049,4.92908,4.92909,-0.00489584,0.0264654,-0.0236215,0,0,0
1780638729787528,64.3665,-0.00323966,0.00957518,-0.0706482,0,0,-5,-0.00323966,0.00957518,4.92935,4.92936,-0.00599634,0.0267803,-0.0250801,0,0,0
1780638729811528,64.3905,-0.00329871,0.00935529,-0.0703735,0,0,-5,-0.00329871,0.00935529,4.92963,4.92964,-0.00550311,0.0261678,-0.0262575,0,0,0
1780638729827528,64.4065,-0.00333734,0.00922185,-0.0702209,0,0,-5,-0.00333734,0.00922185,4.92978,4.92979,-0.00505825,0.0252949,-0.0263876,0,0,0
1780638729851528,64.4305,-0.0033918,0.00904395,-0.0700378,0,0,-5,-0.0033918,0.00904395,4.92996,4.92997,-0.00501569,0.0251954,-0.0254693,0,0,0
1780638729867528,64.4465,-0.00343471,0.00896409,-0.0699463,0,0,-5,-0.00343471,0.00896409,4.93005,4.93006,-0.00518161,0.0263804,-0.0251397,0,0,0
1780638729891528,64.4705,-0.00349373,0.00888884,-0.0698242,0,0,-5,-0.00349373,0.00888884,4.93018,4.93019,-0.00463554,0.0263195,-0.0247752,0,0,0
1780638729907528,64.4865,-0.00352095,0.00885848,-0.0697937,0,0,-5,-0.00352095,0.00885848,4.93021,4.93022,-0.0034464,0.0261979,-0.0248653,0,0,0
1780638729931528,64.5105,-0.0035291,0.00885324,-0.0697937,0,0,-5,-0.0035291,0.00885324,4.93021,4.93022,-0.00159753,0.0272004,-0.0257383,0,0,0
1780638729947528,64.5265,-0.00351194,0.00888117,-0.0698242,0,0,-5,-0.00351194,0.00888117,4.93018,4.93019,-0.000552106,0.0268298,-0.0264324,0,0,0
1780638729971528,64.5505,-0.00346851,0.00894157,-0.0699463,0,0,-5,-0.00346851,0.00894157,4.93005,4.93006,0.000689593,0.0272314,-0.0253611,0,0,0
1780638729987528,64.5665,-0.00342813,0.00900382,-0.0700378,0,0,-5,-0.00342813,0.00900382,4.92996,4.92997,0.00138068,0.027467,-0.0255011,0,0,0
1780638730011528,64.5905,-0.00337368,0.0091277,-0.0701904,0,0,-5,-0.00337368,0.0091277,4.92981,4.92982,0.00120924,0.0274082,-0.0264845,0,0,0
1780638730027528,64.6065,-0.00332277,0.00924123,-0.0703125,0,0,-5,-0.00332277,0.00924123,4.92969,4.9297,0.0015041,0.029085,-0.0261936,0,0,0
1780638730051528,64.6305,-0.0032103,0.00948471,-0.0705261,0,0,-5,-0.0032103,0.00948471,4.92947,4.92948,0.00284836,0.0304513,-0.0274001,0,0,0
1780638730067528,64.6465,-0.00313106,0.00967623,-0.0707092,0,0,-5,-0.00313106,0.00967623,4.92929,4.9293,0.00258452,0.0305879,-0.0274872,0,0,0
1780638730091528,64.6705,-0.00302266,0.00996553,-0.0709839,0,0,-5,-0.00302266,0.00996553,4.92902,4.92903,0.00292417,0.0303358,-0.0277782,0,0,0
1780638730107528,64.6865,-0.00295069,0.0101808,-0.0711975,0,0,-5,-0.00295069,0.0101808,4.9288,4.92881,0.00228209,0.0315254,-0.0283861,0,0,0
1780638730131528,64.7105,-0.00284765,0.0105603,-0.0715637,0,0,-5,-0.00284765,0.0105603,4.92844,4.92845,0.00267288,0.0334124,-0.0288581,0,0,0
1780638730147528,64.7265,-0.0027842,0.0108383,-0.0718079,0,0,-5,-0.0027842,0.0108383,4.92819,4.9282,0.00239637,0.033081,-0.028549,0,0,0
1780638730171528,64.7505,-0.00269267,0.0112817,-0.0721741,0,0,-5,-0.00269267,0.0112817,4.92783,4.92784,0.0015128,0.0342643,-0.0270492,0,0,0
1780638730187528,64.7665,-0.00237991,0.0111484,-0.0719299,0,0,-5,-0.00237991,0.0111484,4.92807,4.92808,0.00196151,0.0347984,-0.0261785,0,0,0
1780638730211528,64.7905,-0.00193147,0.010999,-0.0716248,0,0,-5,-0.00193147,0.010999,4.92838,4.92839,0.0014041,0.0336675,-0.0261758,0,0,0
1780638730227528,64.8065,-0.00165523,0.0109103,-0.0714417,0,0,-5,-0.00165523,0.0109103,4.92856,4.92857,0.0016664,0.0318756,-0.0249659,0,0,0
1780638730251528,64.8305,-0.00123328,0.0108093,-0.071228,0,0,-5,-0.00123328,0.0108093,4.92877,4.92878,0.00492662,0.0330513,-0.0258028,0,0,0
1780638730267528,64.8465,-0.000930775,0.0107965,-0.0711365,0,0,-5,-0.000930775,0.0107965,4.92886,4.92888,0.00495098,0.0341543,-0.025737,0,0,0
1780638730291528,64.8705,-0.000494914,0.0108371,-0.0710449,0,0,-5,-0.000494914,0.0108371,4.92896,4.92897,0.00565348,0.0341301,-0.0260292,0,0,0
1780638730307528,64.8865,-0.000203883,0.0108778,-0.0710449,0,0,-5,-0.000203883,0.0108778,4.92896,4.92897,0.00682074,0.0335781,-0.0263355,0,0,0
1780638730323528,64.9025,8.15303e-05,0.0109485,-0.0710449,0,0,-5,8.15303e-05,0.0109485,4.92896,4.92897,0.0058451,0.0345426,-0.0269171,0,0,0
1780638730347528,64.9265,0.000485521,0.0111022,-0.0711365,0,0,-5,0.000485521,0.0111022,4.92886,4.92888,0.0063257,0.0338813,-0.0272474,0,0,0
1780638730363528,64.9425,0.000744305,0.0112215,-0.0711975,0,0,-5,0.000744305,0.0112215,4.9288,4.92882,0.00634517,0.0334412,-0.0273952,0,0,0
1780638730387528,64.9665,0.00108654,0.0114275,-0.0713806,0,0,-5,0.00108654,0.0114275,4.92862,4.92863,0.00467174,0.0344521,-0.0295479,0,0,0
1780638730411528,64.9905,0.00143184,0.0117145,-0.0716553,0,0,-5,0.00143184,0.0117145,4.92834,4.92836,0.00601766,0.0362369,-0.0304389,0,0,0
1780638730427528,65.0065,0.00165884,0.0119428,-0.0718689,0,0,-5,0.00165884,0.0119428,4.92813,4.92815,0.00518811,0.0371724,-0.0302826,0,0,0
1780638730451528,65.0305,0.00197643,0.0123271,-0.0722351,0,0,-5,0.00197643,0.0123271,4.92776,4.92778,0.00596635,0.0374384,-0.030171,0,0,0
1780638730467528,65.0465,0.00221559,0.012596,-0.0725098,0,0,-5,0.00221559,0.012596,4.92749,4.92751,0.00642952,0.0373853,-0.0308549,0,0,0
1780638730491528,65.0705,0.00254443,0.0130129,-0.0729675,0,0,-5,0.00254443,0.0130129,4.92703,4.92705,0.00450641,0.0367847,-0.0315387,0,0,0
1780638730507528,65.0865,0.00272791,0.0133048,-0.0732727,0,0,-5,0.00272791,0.0133048,4.92673,4.92675,0.0038701,0.0367926,-0.031765,0,0,0
1780638730531528,65.1105,0.00297827,0.0137556,-0.0737915,0,0,-5,0.00297827,0.0137556,4.92621,4.92623,0.00294052,0.0363639,-0.0311062,0,0,0
1780638730547528,65.1265,0.00313798,0.0140765,-0.0741272,0,0,-5,0.00313798,0.0140765,4.92587,4.92589,0.00308043,0.0371292,-0.0310602,0,0,0
1780638730571528,65.1505,0.00335078,0.0145727,-0.0746765,0,0,-5,0.00335078,0.0145727,4.92532,4.92535,0.00160476,0.0365495,-0.0341618,0,0,0
1780638730587528,65.1665,0.00324653,0.0141008,-0.0745544,0,0,-5,0.00324653,0.0141008,4.92545,4.92547,0.001528,0.0360759,-0.0340422,0,0,0
1780638730611528,65.1905,0.00310127,0.0134842,-0.0744324,0,0,-5,0.00310127,0.0134842,4.92557,4.92559,0.00156576,0.0363884,-0.0318515,0,0,0
1780638730627528,65.2065,0.00300535,0.013127,-0.0743713,0,0,-5,0.00300535,0.013127,4.92563,4.92565,0.000789215,0.0352369,-0.0315774,0,0,0
1780638730651528,65.2305,0.00285184,0.012631,-0.0743103,0,0,-5,0.00285184,0.012631,4.92569,4.92571,-0.00011857,0.0336456,-0.0311655,0,0,0
1780638730667528,65.2465,0.0027412,0.0123424,-0.0743408,0,0,-5,0.0027412,0.0123424,4.92566,4.92568,-0.00068602,0.0340735,-0.0323379,0,0,0
1780638730691528,65.2705,0.00255275,0.0119819,-0.0744019,0,0,-5,0.00255275,0.0119819,4.9256,4.92561,-0.00211864,0.0347616,-0.0304197,0,0,0
1780638730707528,65.2865,0.00242021,0.0117918,-0.0744629,0,0,-5,0.00242021,0.0117918,4.92554,4.92555,-0.0024523,0.0346878,-0.0299699,0,0,0
1780638730731528,65.3105,0.00223038,0.0115742,-0.0745544,0,0,-5,0.00223038,0.0115742,4.92545,4.92546,-0.00138277,0.0353887,-0.0304425,0,0,0
1780638730747528,65.3265,0.0021122,0.011466,-0.0746765,0,0,-5,0.0021122,0.011466,4.92532,4.92534,-0.00102068,0.0353388,-0.0313104,0,0,0
1780638730771528,65.3505,0.0019316,0.011355,-0.0749207,0,0,-5,0.0019316,0.011355,4.92508,4.92509,-0.00212246,0.0359742,-0.0326913,0,0,0
1780638730787528,65.3665,0.00179787,0.011313,-0.0751038,0,0,-5,0.00179787,0.011313,4.9249,4.92491,-0.00281589,0.0350529,-0.0320893,0,0,0
1780638730811670,65.3906,0.00158601,0.0113017,-0.0753174,0,0,-5,0.00158601,0.0113017,4.92468,4.9247,-0.00353443,0.0361445,-0.0301318,0,0,0
1780638730827670,65.4066,0.00143402,0.0113224,-0.0755005,0,0,-5,0.00143402,0.0113224,4.9245,4.92451,-0.00408867,0.0357317,-0.0307706,0,0,0
1780638730851670,65.4306,0.00122873,0.0113977,-0.0758057,0,0,-5,0.00122873,0.0113977,4.92419,4.92421,-0.00250676,0.0359083,-0.0312049,0,0,0
1780638730867670,65.4466,0.00109534,0.011479,-0.0760193,0,0,-5,0.00109534,0.011479,4.92398,4.92399,-0.00388645,0.0356153,-0.031122,0,0,0
1780638730891670,65.4706,0.000901594,0.0116343,-0.0763855,0,0,-5,0.000901594,0.0116343,4.92361,4.92363,-0.00336179,0.0355671,-0.0301552,0,0,0
1780638730907670,65.4866,0.0007817,0.0117754,-0.0766296,0,0,-5,0.0007817,0.0117754,4.92337,4.92338,-0.00391706,0.0367533,-0.0300903,0,0,0
1780638730931670,65.5106,0.000588937,0.012083,-0.0770569,0,0,-5,0.000588937,0.012083,4.92294,4.92296,-0.00422632,0.0397698,-0.0312845,0,0,0
1780638730947670,65.5266,0.000461792,0.0123336,-0.0773621,0,0,-5,0.000461792,0.0123336,4.92264,4.92265,-0.00421993,0.0404109,-0.0318946,0,0,0
1780638730971670,65.5506,0.000263176,0.0127627,-0.0778809,0,0,-5,0.000263176,0.0127627,4.92212,4.92214,-0.00519589,0.040632,-0.032066,0,0,0
1780638730987670,65.5666,0.000304056,0.0126612,-0.0779419,0,0,-5,0.000304056,0.0126612,4.92206,4.92207,-0.00464434,0.0407161,-0.0327373,0,0,0
1780638731003670,65.5826,0.000338233,0.0125992,-0.0780334,0,0,-5,0.000338233,0.0125992,4.92197,4.92198,-0.00537362,0.0406567,-0.0322,0,0,0
1780638731027670,65.6066,0.000354175,0.0125567,-0.078186,0,0,-5,0.000354175,0.0125567,4.92181,4.92183,-0.00609619,0.0403652,-0.0304298,0,0,0
1780638731051670,65.6306,0.000331597,0.0125935,-0.0783997,0,0,-5,0.000331597,0.0125935,4.9216,4.92162,-0.00574814,0.0413272,-0.0307763,0,0,0
1780638731067670,65.6466,0.000302777,0.0126555,-0.0785828,0,0,-5,0.000302777,0.0126555,4.92142,4.92143,-0.00682605,0.0410577,-0.0313523,0,0,0
1780638731091670,65.6706,0.000242396,0.0128059,-0.0788574,0,0,-5,0.000242396,0.0128059,4.92114,4.92116,-0.00656158,0.0420715,-0.0307681,0,0,0
1780638731107670,65.6866,0.00019847,0.0129567,-0.0790405,0,0,-5,0.00019847,0.0129567,4.92096,4.92098,-0.00654797,0.0433334,-0.0309862,0,0,0
1780638731131670,65.7106,9.9532e-05,0.0132383,-0.0793762,0,0,-5,9.9532e-05,0.0132383,4.92062,4.92064,-0.00861443,0.0434838,-0.0306321,0,0,0
1780638731147670,65.7266,1.96597e-05,0.0134612,-0.0796509,0,0,-5,1.96597e-05,0.0134612,4.92035,4.92037,-0.0081857,0.043701,-0.0319075,0,0,0
1780638731171670,65.7506,-0.000105338,0.0138501,-0.0800781,0,0,-5,-0.000105338,0.0138501,4.91992,4.91994,-0.00842896,0.044994,-0.0321559,0,0,0
1780638731187670,65.7666,-0.000238127,0.0141481,-0.0803833,0,0,-5,-0.000238127,0.0141481,4.91962,4.91964,-0.00975611,0.0461194,-0.0319587,0,0,0
1780638731203670,65.7826,-0.000389099,0.0144836,-0.0806885,0,0,-5,-0.000389099,0.0144836,4.91931,4.91933,-0.0106934,0.0461681,-0.0313544,0,0,0
1780638731227670,65.8066,-0.000619795,0.0150287,-0.0811462,0,0,-5,-0.000619795,0.0150287,4.91885,4.91888,-0.00983899,0.0475603,-0.0293096,0,0,0
1780638731251670,65.8306,-0.000841342,0.0156396,-0.0815735,0,0,-5,-0.000841342,0.0156396,4.91843,4.91845,-0.0090775,0.0486406,-0.0286202,0,0,0
1780638731267670,65.8466,-0.000979402,0.016081,-0.0818787,0,0,-5,-0.000979402,0.016081,4.91812,4.91815,-0.00898338,0.0482493,-0.0289063,0,0,0
1780638731291670,65.8706,-0.00122362,0.0167661,-0.0823364,0,0,-5,-0.00122362,0.0167661,4.91766,4.91769,-0.01141,0.0486777,-0.0284564,0,0,0
1780638731307670,65.8866,-0.00139758,0.0172468,-0.0826416,0,0,-5,-0.00139758,0.0172468,4.91736,4.91739,-0.0109379,0.0490582,-0.0288733,0,0,0
1780638731331670,65.9106,-0.00165882,0.017996,-0.0831299,0,0,-5,-0.00165882,0.017996,4.91687,4.9169,-0.0104281,0.0486628,-0.0283402,0,0,0
1780638731347670,65.9266,-0.00182461,0.0184955,-0.0834656,0,0,-5,-0.00182461,0.0184955,4.91653,4.91657,-0.0101489,0.0484676,-0.028333,0,0,0
1780638731371670,65.9506,-0.00207291,0.0192927,-0.0839539,0,0,-5,-0.00207291,0.0192927,4.91605,4.91608,-0.0105867,0.0493838,-0.0284962,0,0,0
1780638731387670,65.9666,-0.00196963,0.0189646,-0.0837708,0,0,-5,-0.00196963,0.0189646,4.91623,4.91627,-0.0100425,0.0490978,-0.028567,0,0,0
1780638731411670,65.9906,-0.00183346,0.0185648,-0.0835876,0,0,-5,-0.00183346,0.0185648,4.91641,4.91645,-0.00892632,0.0491114,-0.0277746,0,0,0
1780638731427670,66.0066,-0.00174455,0.0183574,-0.0834656,0,0,-5,-0.00174455,0.0183574,4.91653,4.91657,-0.00881992,0.049008,-0.0272418,0,0,0
1780638731451670,66.0306,-0.00163937,0.0181352,-0.0833435,0,0,-5,-0.00163937,0.0181352,4.91666,4.91669,-0.0101799,0.0491505,-0.0267988,0,0,0
1780638731467670,66.0466,-0.00161694,0.0180449,-0.0832825,0,0,-5,-0.00161694,0.0180449,4.91672,4.91675,-0.0111998,0.0489783,-0.026019,0,0,0
1780638731491670,66.0706,-0.00160094,0.0179987,-0.083252,0,0,-5,-0.00160094,0.0179987,4.91675,4.91678,-0.00969008,0.0497317,-0.0256433,0,0,0
1780638731507670,66.0866,-0.0015954,0.0180181,-0.083252,0,0,-5,-0.0015954,0.0180181,4.91675,4.91678,-0.0100002,0.0490581,-0.0254335,0,0,0
1780638731523670,66.1026,-0.00160069,0.0180556,-0.083252,0,0,-5,-0.00160069,0.0180556,4.91675,4.91678,-0.0103251,0.0478718,-0.0246859,0,0,0
1780638731547670,66.1266,-0.00162166,0.0181552,-0.0832825,0,0,-5,-0.00162166,0.0181552,4.91672,4.91675,-0.0102566,0.0477035,-0.0248038,0,0,0
1780638731571670,66.1506,-0.00166059,0.0183322,-0.083374,0,0,-5,-0.00166059,0.0183322,4.91663,4.91666,-0.00972989,0.0480228,-0.0252738,0,0,0
1780638731587670,66.1666,-0.00168018,0.0184957,-0.0834656,0,0,-5,-0.00168018,0.0184957,4.91653,4.91657,-0.00842802,0.0488452,-0.0255175,0,0,0
1780638731611670,66.1906,-0.00169756,0.0187987,-0.0836182,0,0,-5,-0.00169756,0.0187987,4.91638,4.91642,-0.00777091,0.0491946,-0.0262981,0,0,0
1780638731627670,66.2066,-0.00172195,0.0190405,-0.0837402,0,0,-5,-0.00172195,0.0190405,4.91626,4.9163,-0.00847492,0.0485976,-0.0256978,0,0,0
1780638731643670,66.2226,-0.00176387,0.0193092,-0.0838623,0,0,-5,-0.00176387,0.0193092,4.91614,4.91618,-0.00861725,0.0497448,-0.0250834,0,0,0
1780638731667670,66.2466,-0.00184587,0.0197751,-0.0840759,0,0,-5,-0.00184587,0.0197751,4.91592,4.91596,-0.00916654,0.0500262,-0.0252859,0,0,0
1780638731691670,66.2706,-0.00191876,0.02029,-0.0842896,0,0,-5,-0.00191876,0.02029,4.91571,4.91575,-0.00728322,0.0498757,-0.0256131,0,0,0
1780638731707670,66.2866,-0.00194365,0.0206596,-0.0844727,0,0,-5,-0.00194365,0.0206596,4.91553,4.91557,-0.00645272,0.0503586,-0.0255685,0,0,0
1780638731731670,66.3106,-0.0019825,0.0212883,-0.0847168,0,0,-5,-0.0019825,0.0212883,4.91528,4.91533,-0.00576087,0.0528315,-0.0241689,0,0,0
1780638731747670,66.3266,-0.00200887,0.0217589,-0.0848694,0,0,-5,-0.00200887,0.0217589,4.91513,4.91518,-0.00596475,0.0532206,-0.0236405,0,0,0
1780638731771670,66.3506,-0.00205768,0.022541,-0.085083,0,0,-5,-0.00205768,0.022541,4.91492,4.91497,-0.00638046,0.0543508,-0.0226835,0,0,0
1780638731787670,66.3666,-0.00193876,0.0222338,-0.0846252,0,0,-5,-0.00193876,0.0222338,4.91537,4.91543,-0.00621294,0.0539448,-0.0216372,0,0,0
1780638731811670,66.3906,-0.00177704,0.0218745,-0.0840149,0,0,-5,-0.00177704,0.0218745,4.91599,4.91603,-0.00570042,0.0545866,-0.0217161,0,0,0
1780638731827817,66.4068,-0.00168607,0.021711,-0.0836792,0,0,-5,-0.00168607,0.021711,4.91632,4.91637,-0.00672518,0.05412,-0.0202921,0,0,0
1780638731851817,66.4308,-0.00159079,0.0215386,-0.083252,0,0,-5,-0.00159079,0.0215386,4.91675,4.9168,-0.00703856,0.0536701,-0.0205586,0,0,0
1780638731867817,66.4468,-0.00154515,0.0214894,-0.0829773,0,0,-5,-0.00154515,0.0214894,4.91702,4.91707,-0.0082353,0.0546895,-0.0206455,0,0,0
1780638731891817,66.4708,-0.0014934,0.0215029,-0.0826721,0,0,-5,-0.0014934,0.0215029,4.91733,4.91738,-0.00678519,0.0533395,-0.0190938,0,0,0
1780638731907817,66.4868,-0.00149052,0.021552,-0.0824585,0,0,-5,-0.00149052,0.021552,4.91754,4.91759,-0.0078876,0.053495,-0.0186821,0,0,0
1780638731931817,66.5108,-0.00150967,0.0216916,-0.0822449,0,0,-5,-0.00150967,0.0216916,4.91776,4.9178,-0.00825264,0.0538496,-0.0176547,0,0,0
1780638731947817,66.5268,-0.00154405,0.0218248,-0.0821228,0,0,-5,-0.00154405,0.0218248,4.91788,4.91793,-0.00896902,0.051744,-0.017945,0,0,0
1780638731971817,66.5508,-0.00158563,0.0220396,-0.0819397,0,0,-5,-0.00158563,0.0220396,4.91806,4.91811,-0.00699091,0.0514783,-0.0168873,0,0,0
1780638731987817,66.5668,-0.00161028,0.0222349,-0.0818176,0,0,-5,-0.00161028,0.0222349,4.91818,4.91823,-0.00760151,0.0519584,-0.0168759,0,0,0
1780638732011817,66.5908,-0.00167267,0.0225684,-0.0817261,0,0,-5,-0.00167267,0.0225684,4.91827,4.91833,-0.00783656,0.0513373,-0.0181005,0,0,0
1780638732027817,66.6068,-0.00172219,0.0228417,-0.0816956,0,0,-5,-0.00172219,0.0228417,4.9183,4.91836,-0.00742412,0.0523615,-0.0180153,0,0,0
1780638732051817,66.6308,-0.00180628,0.023303,-0.081604,0,0,-5,-0.00180628,0.023303,4.9184,4.91845,-0.0096419,0.0527249,-0.0170207,0,0,0
1780638732067817,66.6468,-0.00188749,0.0236575,-0.081543,0,0,-5,-0.00188749,0.0236575,4.91846,4.91851,-0.00930877,0.0529267,-0.0162984,0,0,0
1780638732091817,66.6708,-0.00201906,0.0242414,-0.0815125,0,0,-5,-0.00201906,0.0242414,4.91849,4.91855,-0.00999108,0.0535083,-0.0153096,0,0,0
1780638732107817,66.6868,-0.00211732,0.0246654,-0.0814514,0,0,-5,-0.00211732,0.0246654,4.91855,4.91861,-0.00957547,0.053111,-0.0140191,0,0,0
1780638732131817,66.7108,-0.00225681,0.0253155,-0.0813904,0,0,-5,-0.00225681,0.0253155,4.91861,4.91868,-0.00885711,0.0529881,-0.0146893,0,0,0
1780638732147817,66.7268,-0.00234158,0.0257796,-0.0813904,0,0,-5,-0.00234158,0.0257796,4.91861,4.91868,-0.00873881,0.0528429,-0.013652,0,0,0
1780638732171817,66.7508,-0.00247796,0.0265066,-0.0813599,0,0,-5,-0.00247796,0.0265066,4.91864,4.91871,-0.00812261,0.0524732,-0.0124354,0,0,0
1780638732187817,66.7668,-0.00207063,0.0260033,-0.0808105,0,0,-5,-0.00207063,0.0260033,4.91919,4.91926,-0.00833642,0.0524412,-0.0126875,0,0,0
1780638732211817,66.7908,-0.00151981,0.025368,-0.0800476,0,0,-5,-0.00151981,0.025368,4.91995,4.92002,-0.00851551,0.0520236,-0.0112689,0,0,0
1780638732227817,66.8068,-0.00118562,0.0250227,-0.0795898,0,0,-5,-0.00118562,0.0250227,4.92041,4.92047,-0.00875374,0.0518662,-0.0116691,0,0,0
1780638732251817,66.8308,-0.000707775,0.0246075,-0.0789795,0,0,-5,-0.000707775,0.0246075,4.92102,4.92108,-0.00707002,0.0518763,-0.0123301,0,0,0
1780638732267817,66.8468,-0.000421094,0.0243965,-0.0786133,0,0,-5,-0.000421094,0.0243965,4.92139,4.92145,-0.00882168,0.0521129,-0.0144722,0,0,0
1780638732291817,66.8708,-3.97908e-05,0.0241857,-0.0781555,0,0,-5,-3.97908e-05,0.0241857,4.92184,4.9219,-0.00732998,0.0529515,-0.0146542,0,0,0
1780638732307817,66.8868,0.000207765,0.0241106,-0.0778809,0,0,-5,0.000207765,0.0241106,4.92212,4.92218,-0.00704773,0.0523231,-0.0149985,0,0,0
1780638732331817,66.9108,0.000562539,0.0240568,-0.0775757,0,0,-5,0.000562539,0.0240568,4.92242,4.92248,-0.00722998,0.0517065,-0.0154925,0,0,0
1780638732347817,66.9268,0.000769465,0.0240524,-0.0773926,0,0,-5,0.000769465,0.0240524,4.92261,4.92267,-0.00747407,0.050772,-0.0159723,0,0,0
1780638732371817,66.9508,0.00104301,0.0241183,-0.077179,0,0,-5,0.00104301,0.0241183,4.92282,4.92288,-0.00894834,0.0516173,-0.015923,0,0,0
1780638732387817,66.9668,0.00118877,0.0242258,-0.0770874,0,0,-5,0.00118877,0.0242258,4.92291,4.92297,-0.0092638,0.0522504,-0.0157498,0,0,0
1780638732403817,66.9828,0.00131678,0.0243715,-0.0769958,0,0,-5,0.00131678,0.0243715,4.923,4.92306,-0.00941146,0.0522593,-0.0155281,0,0,0
1780638732427817,67.0068,0.00148041,0.0246269,-0.0768738,0,0,-5,0.00148041,0.0246269,4.92313,4.92319,-0.0100337,0.0501838,-0.0146094,0,0,0
1780638732451817,67.0308,0.00160457,0.0249448,-0.0768127,0,0,-5,0.00160457,0.0249448,4.92319,4.92325,-0.00953372,0.0521268,-0.0148719,0,0,0
1780638732467817,67.0468,0.00167672,0.0252218,-0.0767822,0,0,-5,0.00167672,0.0252218,4.92322,4.92328,-0.00936085,0.0527429,-0.0158182,0,0,0
1780638732491817,67.0708,0.00175501,0.0257049,-0.0768127,0,0,-5,0.00175501,0.0257049,4.92319,4.92325,-0.0102996,0.0537421,-0.0159803,0,0,0
1780638732507817,67.0868,0.00177435,0.0260761,-0.0768738,0,0,-5,0.00177435,0.0260761,4.92313,4.9232,-0.0110149,0.0540881,-0.0163877,0,0,0
1780638732531817,67.1108,0.00176461,0.0266795,-0.0769348,0,0,-5,0.00176461,0.0266795,4.92307,4.92314,-0.0114428,0.0546727,-0.0161288,0,0,0
1780638732547817,67.1268,0.00175076,0.0271296,-0.0769653,0,0,-5,0.00175076,0.0271296,4.92303,4.92311,-0.011385,0.055504,-0.0152899,0,0,0
1780638732571817,67.1508,0.00168436,0.0278723,-0.0770264,0,0,-5,0.00168436,0.0278723,4.92297,4.92305,-0.0131805,0.0571875,-0.0141402,0,0,0
1780638732587817,67.1668,0.00175559,0.0274371,-0.0766296,0,0,-5,0.00175559,0.0274371,4.92337,4.92345,-0.0132793,0.0577669,-0.0141275,0,0,0
1780638732611817,67.1908,0.00183294,0.0269275,-0.0761108,0,0,-5,0.00183294,0.0269275,4.92389,4.92396,-0.0130652,0.0580911,-0.0131958,0,0,0
1780638732627817,67.2068,0.00185455,0.0266452,-0.0758057,0,0,-5,0.00185455,0.0266452,4.92419,4.92427,-0.0129219,0.0577966,-0.0134604,0,0,0
1780638732651817,67.2308,0.00187261,0.0263149,-0.0753784,0,0,-5,0.00187261,0.0263149,4.92462,4.92469,-0.012431,0.056502,-0.0139414,0,0,0
1780638732667817,67.2468,0.00187836,0.0261514,-0.0751343,0,0,-5,0.00187836,0.0261514,4.92487,4.92494,-0.0120466,0.0557872,-0.0146453,0,0,0
1780638732691817,67.2708,0.00187401,0.0259904,-0.0748291,0,0,-5,0.00187401,0.0259904,4.92517,4.92524,-0.0120888,0.0557177,-0.0144322,0,0,0
1780638732707817,67.2868,0.00185923,0.0259405,-0.074646,0,0,-5,0.00185923,0.0259405,4.92535,4.92542,-0.0117114,0.0552054,-0.014832,0,0,0
1780638732731817,67.3108,0.00181949,0.0259366,-0.0744629,0,0,-5,0.00181949,0.0259366,4.92554,4.92561,-0.0124913,0.0556475,-0.0161531,0,0,0
1780638732747817,67.3268,0.00178465,0.0259923,-0.0743713,0,0,-5,0.00178465,0.0259923,4.92563,4.9257,-0.0106395,0.0543001,-0.0155585,0,0,0
1780638732771817,67.3508,0.00173478,0.0261331,-0.0742493,0,0,-5,0.00173478,0.0261331,4.92575,4.92582,-0.0117426,0.0550952,-0.0154799,0,0,0
1780638732787817,67.3668,0.00168489,0.0262807,-0.0741882,0,0,-5,0.00168489,0.0262807,4.92581,4.92588,-0.0111299,0.0548446,-0.0151282,0,0,0
1780638732811817,67.3908,0.00158449,0.0265742,-0.0741272,0,0,-5,0.00158449,0.0265742,4.92587,4.92594,-0.0125635,0.0552423,-0.0141496,0,0,0
1780638732827961,67.4069,0.00150538,0.0268409,-0.0740967,0,0,-5,0.00150538,0.0268409,4.9259,4.92598,-0.0117286,0.058015,-0.0135703,0,0,0
1780638732851961,67.4309,0.00137957,0.0273338,-0.0740356,0,0,-5,0.00137957,0.0273338,4.92596,4.92604,-0.0118378,0.0580955,-0.0129004,0,0,0
1780638732867961,67.4469,0.00129265,0.0276901,-0.0739746,0,0,-5,0.00129265,0.0276901,4.92603,4.9261,-0.0118907,0.0568198,-0.013762,0,0,0
1780638732891961,67.4709,0.00114479,0.0282719,-0.0738831,0,0,-5,0.00114479,0.0282719,4.92612,4.9262,-0.0119105,0.0570156,-0.0128758,0,0,0
1780638732907961,67.4869,0.00103723,0.0286881,-0.0738525,0,0,-5,0.00103723,0.0286881,4.92615,4.92623,-0.0122749,0.0569715,-0.0139486,0,0,0
1780638732931961,67.5109,0.000868889,0.0293572,-0.073822,0,0,-5,0.000868889,0.0293572,4.92618,4.92627,-0.0113372,0.0570961,-0.0137455,0,0,0
1780638732947961,67.5269,0.000765801,0.0298467,-0.0738525,0,0,-5,0.000765801,0.0298467,4.92615,4.92624,-0.0109184,0.058317,-0.0147761,0,0,0
1780638732963961,67.5429,0.000659348,0.0303823,-0.0738831,0,0,-5,0.000659348,0.0303823,4.92612,4.92621,-0.0107629,0.0595515,-0.0146352,0,0,0
1780638732987961,67.5669,0.00123495,0.0300893,-0.0734253,0,0,-5,0.00123495,0.0300893,4.92657,4.92667,-0.00922179,0.0595681,-0.0131489,0,0,0
1780638733011961,67.5909,0.00212976,0.029374,-0.0727844,0,0,-5,0.00212976,0.029374,4.92722,4.9273,-0.0090308,0.0600042,-0.0137284,0,0,0
1780638733027961,67.6069,0.00268353,0.0289957,-0.0723877,0,0,-5,0.00268353,0.0289957,4.92761,4.9277,-0.00868313,0.0602451,-0.0137417,0,0,0
1780638733051961,67.6309,0.00347451,0.0285498,-0.0718689,0,0,-5,0.00347451,0.0285498,4.92813,4.92822,-0.00776937,0.0595919,-0.0122295,0,0,0
1780638733067961,67.6469,0.00397898,0.0283363,-0.0715027,0,0,-5,0.00397898,0.0283363,4.9285,4.92858,-0.00719136,0.0594498,-0.0108826,0,0,0
1780638733091961,67.6709,0.0047002,0.028112,-0.0710144,0,0,-5,0.0047002,0.028112,4.92899,4.92907,-0.00713746,0.0591853,-0.010767,0,0,0
1780638733107961,67.6869,0.00513397,0.0280311,-0.0707092,0,0,-5,0.00513397,0.0280311,4.92929,4.92937,-0.00838524,0.0590051,-0.00965761,0,0,0
1780638733131961,67.7109,0.00570042,0.0279862,-0.0702515,0,0,-5,0.00570042,0.0279862,4.92975,4.92983,-0.00998177,0.0581745,-0.00779587,0,0,0
1780638733147961,67.7269,0.00602915,0.0280137,-0.0699463,0,0,-5,0.00602915,0.0280137,4.93005,4.93014,-0.0103766,0.0585483,-0.00849467,0,0,0
1780638733171961,67.7509,0.00649009,0.0281432,-0.0695496,0,0,-5,0.00649009,0.0281432,4.93045,4.93054,-0.0096225,0.0584028,-0.00789082,0,0,0
1780638733187961,67.7669,0.00678846,0.0282909,-0.0693054,0,0,-5,0.00678846,0.0282909,4.93069,4.93078,-0.00849015,0.0593511,-0.00803568,0,0,0
1780638733211961,67.7909,0.00720658,0.0286335,-0.0689392,0,0,-5,0.00720658,0.0286335,4.93106,4.93115,-0.00900858,0.0611728,-0.00721207,0,0,0
1780638733227961,67.8069,0.00745408,0.0289231,-0.0687256,0,0,-5,0.00745408,0.0289231,4.93127,4.93136,-0.00961411,0.061091,-0.00709873,0,0,0
1780638733251961,67.8309,0.00777484,0.0294283,-0.0683899,0,0,-5,0.00777484,0.0294283,4.93161,4.9317,-0.0100075,0.0620217,-0.00723498,0,0,0
1780638733267961,67.8469,0.00797405,0.0298155,-0.0682373,0,0,-5,0.00797405,0.0298155,4.93176,4.93186,-0.00934265,0.0619007,-0.00851668,0,0,0
1780638733291961,67.8709,0.00825343,0.0304475,-0.0680237,0,0,-5,0.00825343,0.0304475,4.93198,4.93208,-0.00894275,0.0612482,-0.00954914,0,0,0
1780638733307961,67.8869,0.00842174,0.0309028,-0.0679321,0,0,-5,0.00842174,0.0309028,4.93207,4.93217,-0.00912051,0.0616043,-0.0108801,0,0,0
1780638733331961,67.9109,0.00864675,0.0316437,-0.0678101,0,0,-5,0.00864675,0.0316437,4.93219,4.9323,-0.0091069,0.062039,-0.0103179,0,0,0
1780638733347961,67.9269,0.00880058,0.032189,-0.067749,0,0,-5,0.00880058,0.032189,4.93225,4.93236,-0.00763513,0.0638353,-0.0107028,0,0,0
1780638733371961,67.9509,0.00903209,0.0330728,-0.067688,0,0,-5,0.00903209,0.0330728,4.93231,4.93243,-0.0068911,0.0632234,-0.010542,0,0,0
1780638733387961,67.9669,0.00922328,0.032455,-0.0673218,0,0,-5,0.00922328,0.032455,4.93268,4.93279,-0.00799348,0.0623952,-0.0103998,0,0,0
1780638733411961,67.9909,0.00948023,0.0316587,-0.066864,0,0,-5,0.00948023,0.0316587,4.93314,4.93325,-0.00680951,0.061452,-0.0115861,0,0,0
1780638733427961,68.0069,0.0096447,0.0312158,-0.0665894,0,0,-5,0.0096447,0.0312158,4.93341,4.93352,-0.00718403,0.0615146,-0.0119559,0,0,0
1780638733451961,68.0309,0.00986458,0.0306986,-0.0662842,0,0,-5,0.00986458,0.0306986,4.93372,4.93382,-0.00637951,0.0613926,-0.0129883,0,0,0
1780638733467961,68.0469,0.00999449,0.0304317,-0.0661011,0,0,-5,0.00999449,0.0304317,4.9339,4.934,-0.00766533,0.0608961,-0.0132524,0,0,0
1780638733491961,68.0709,0.0101541,0.0301369,-0.0658875,0,0,-5,0.0101541,0.0301369,4.93411,4.93422,-0.00852052,0.0610471,-0.0138795,0,0,0
1780638733507961,68.0869,0.0102388,0.0300105,-0.0658264,0,0,-5,0.0102388,0.0300105,4.93417,4.93428,-0.00854188,0.0601414,-0.0143822,0,0,0
1780638733531961,68.1109,0.0103268,0.0299143,-0.0657654,0,0,-5,0.0103268,0.0299143,4.93423,4.93434,-0.00987307,0.0606555,-0.0152279,0,0,0
1780638733547961,68.1269,0.0103643,0.0299267,-0.0657654,0,0,-5,0.0103643,0.0299267,4.93423,4.93434,-0.00980737,0.0617437,-0.0160773,0,0,0
1780638733571961,68.1509,0.0104104,0.0300654,-0.0657959,0,0,-5,0.0104104,0.0300654,4.9342,4.93431,-0.00940934,0.0632684,-0.016297,0,0,0
1780638733587961,68.1669,0.0104326,0.0302266,-0.0658264,0,0,-5,0.0104326,0.0302266,4.93417,4.93428,-0.00999374,0.0629071,-0.0144227,0,0,0
1780638733611961,68.1909,0.0104466,0.0305518,-0.0658569,0,0,-5,0.0104466,0.0305518,4.93414,4.93425,-0.00915942,0.0637356,-0.0132624,0,0,0
1780638733627961,68.2069,0.0104686,0.0308267,-0.0658569,0,0,-5,0.0104686,0.0308267,4.93414,4.93425,-0.00800238,0.064136,-0.0129669,0,0,0
1780638733651961,68.2309,0.0104762,0.0313242,-0.0659485,0,0,-5,0.0104762,0.0313242,4.93405,4.93416,-0.0103113,0.0648818,-0.0127241,0,0,0
1780638733667961,68.2469,0.0104405,0.0317112,-0.0660095,0,0,-5,0.0104405,0.0317112,4.93399,4.9341,-0.0112615,0.0646956,-0.0128423,0,0,0
1780638733691961,68.2709,0.0103723,0.032365,-0.0661316,0,0,-5,0.0103723,0.032365,4.93387,4.93399,-0.0103154,0.0657287,-0.0130446,0,0,0
1780638733707961,68.2869,0.010315,0.0328566,-0.0662231,0,0,-5,0.010315,0.0328566,4.93378,4.9339,-0.0118929,0.0658233,-0.0122669,0,0,0
1780638733731961,68.3109,0.0101816,0.0336375,-0.0664368,0,0,-5,0.0101816,0.0336375,4.93356,4.93369,-0.0134323,0.0647245,-0.0123753,0,0,0
1780638733747961,68.3269,0.0100504,0.0341824,-0.0665588,0,0,-5,0.0100504,0.0341824,4.93344,4.93357,-0.0156025,0.0641449,-0.0133726,0,0,0
1780638733771961,68.3509,0.00980153,0.035054,-0.0668335,0,0,-5,0.00980153,0.035054,4.93317,4.9333,-0.0167395,0.0645286,-0.014858,0,0,0
1780638733787961,68.3669,0.00985857,0.0338239,-0.0666199,0,0,-5,0.00985857,0.0338239,4.93338,4.93351,-0.0177868,0.0629275,-0.0156168,0,0,0
1780638733811961,68.3909,0.00990022,0.0321622,-0.0662842,0,0,-5,0.00990022,0.0321622,4.93372,4.93383,-0.0176996,0.0622712,-0.0132019,0,0,0
1780638733828112,68.4071,0.00991284,0.031181,-0.0661011,0,0,-5,0.00991284,0.031181,4.9339,4.93401,-0.0176163,0.0616667,-0.0133291,0,0,0
1780638733852112,68.4311,0.00987662,0.0298567,-0.0658264,0,0,-5,0.00987662,0.0298567,4.93417,4.93427,-0.0191804,0.0597562,-0.0132345,0,0,0
1780638733868112,68.4471,0.00982767,0.0290615,-0.0657043,0,0,-5,0.00982767,0.0290615,4.9343,4.93439,-0.0198957,0.0575732,-0.0127361,0,0,0
1780638733892112,68.4711,0.0096994,0.0279923,-0.0655212,0,0,-5,0.0096994,0.0279923,4.93448,4.93457,-0.0205857,0.0575643,-0.0116283,0,0,0
1780638733908112,68.4871,0.0095981,0.0273815,-0.0654297,0,0,-5,0.0095981,0.0273815,4.93457,4.93466,-0.0202694,0.0564775,-0.011679,0,0,0
1780638733932112,68.5111,0.00941488,0.0265778,-0.0653076,0,0,-5,0.00941488,0.0265778,4.93469,4.93477,-0.0216428,0.0559409,-0.0108447,0,0,0
1780638733948112,68.5271,0.00926285,0.0261399,-0.0652466,0,0,-5,0.00926285,0.0261399,4.93475,4.93483,-0.0218065,0.0572467,-0.0114125,0,0,0
1780638733972112,68.5511,0.00902005,0.0256129,-0.0652466,0,0,-5,0.00902005,0.0256129,4.93475,4.93483,-0.0222944,0.0567944,-0.0127267,0,0,0
1780638733988112,68.5671,0.00882687,0.0253378,-0.0652466,0,0,-5,0.00882687,0.0253378,4.93475,4.93483,-0.0229472,0.0570675,-0.0126764,0,0,0
1780638734012112,68.5911,0.00853579,0.0250334,-0.0652466,0,0,-5,0.00853579,0.0250334,4.93475,4.93482,-0.0215004,0.0565561,-0.011058,0,0,0
1780638734028112,68.6071,0.00833832,0.0248903,-0.0652466,0,0,-5,0.00833832,0.0248903,4.93475,4.93482,-0.0214619,0.0555228,-0.00993105,0,0,0
1780638734052112,68.6311,0.0080331,0.0247751,-0.0652161,0,0,-5,0.0080331,0.0247751,4.93478,4.93485,-0.020043,0.0567242,-0.00828248,0,0,0
1780638734068112,68.6471,0.00782608,0.0247764,-0.0652161,0,0,-5,0.00782608,0.0247764,4.93478,4.93485,-0.0204851,0.0563013,-0.0099047,0,0,0
1780638734084112,68.6631,0.0076085,0.0248138,-0.0651855,0,0,-5,0.0076085,0.0248138,4.93481,4.93488,-0.0210611,0.0557016,-0.0101104,0,0,0
1780638734108112,68.6871,0.00722253,0.024957,-0.0651855,0,0,-5,0.00722253,0.024957,4.93481,4.93488,-0.0236163,0.0564683,-0.0105238,0,0,0
1780638734124112,68.7031,0.00693169,0.0251095,-0.0652161,0,0,-5,0.00693169,0.0251095,4.93478,4.93485,-0.0256342,0.0557669,-0.0113997,0,0,0
1780638734148112,68.7271,0.00642769,0.0253827,-0.0653076,0,0,-5,0.00642769,0.0253827,4.93469,4.93476,-0.0278454,0.0546009,-0.0120329,0,0,0
1780638734172112,68.7511,0.00590961,0.0257404,-0.0654297,0,0,-5,0.00590961,0.0257404,4.93457,4.93464,-0.027447,0.0546238,-0.0123714,0,0,0
1780638734188112,68.7671,0.00588306,0.0251419,-0.0651855,0,0,-5,0.00588306,0.0251419,4.93481,4.93488,-0.0273863,0.054399,-0.0127872,0,0,0
1780638734212112,68.7911,0.0057967,0.0243881,-0.0648193,0,0,-5,0.0057967,0.0243881,4.93518,4.93524,-0.0277157,0.0543018,-0.011359,0,0,0
1780638734228112,68.8071,0.0057137,0.023972,-0.0645447,0,0,-5,0.0057137,0.023972,4.93546,4.93552,-0.0276421,0.0539559,-0.0107036,0,0,0
1780638734252112,68.8311,0.00555075,0.0234821,-0.064209,0,0,-5,0.00555075,0.0234821,4.93579,4.93585,-0.027997,0.0546162,-0.0104722,0,0,0
1780638734268112,68.8471,0.00542535,0.0232311,-0.0639954,0,0,-5,0.00542535,0.0232311,4.936,4.93606,-0.028146,0.0540318,-0.0105714,0,0,0
1780638734292112,68.8711,0.00519833,0.022969,-0.0637512,0,0,-5,0.00519833,0.022969,4.93625,4.9363,-0.0284797,0.0543774,-0.0129745,0,0,0
1780638734308112,68.8871,0.00502026,0.0228587,-0.0636597,0,0,-5,0.00502026,0.0228587,4.93634,4.9364,-0.028657,0.0538495,-0.0118797,0,0,0
1780638734324112,68.9031,0.00482294,0.0228049,-0.0635681,0,0,-5,0.00482294,0.0228049,4.93643,4.93649,-0.0291193,0.0540887,-0.0115693,0,0,0
1780638734348112,68.9271,0.00450801,0.0227898,-0.063446,0,0,-5,0.00450801,0.0227898,4.93655,4.93661,-0.0283749,0.0528431,-0.011959,0,0,0
1780638734372112,68.9511,0.00417635,0.0228837,-0.063385,0,0,-5,0.00417635,0.0228837,4.93661,4.93667,-0.028386,0.0532189,-0.0117056,0,0,0
1780638734388112,68.9671,0.00393925,0.0229899,-0.0633545,0,0,-5,0.00393925,0.0229899,4.93665,4.9367,-0.0282746,0.0526223,-0.0114312,0,0,0
1780638734412112,68.9911,0.00356593,0.0232181,-0.0633545,0,0,-5,0.00356593,0.0232181,4.93665,4.9367,-0.0286444,0.0520833,-0.0117681,0,0,0
1780638734428112,69.0071,0.00328984,0.0234105,-0.0633545,0,0,-5,0.00328984,0.0234105,4.93665,4.9367,-0.0293189,0.0520137,-0.0117068,0,0,0
1780638734444112,69.0231,0.00298803,0.0236469,-0.0633545,0,0,-5,0.00298803,0.0236469,4.93665,4.9367,-0.0312,0.0529775,-0.0112449,0,0,0
1780638734468112,69.0471,0.00246462,0.0240722,-0.063385,0,0,-5,0.00246462,0.0240722,4.93661,4.93667,-0.0332513,0.0524326,-0.0112764,0,0,0
1780638734492112,69.0711,0.00189038,0.0245627,-0.0634155,0,0,-5,0.00189038,0.0245627,4.93658,4.93665,-0.0341198,0.0525665,-0.0109602,0,0,0
1780638734508112,69.0871,0.00149453,0.0249364,-0.063446,0,0,-5,0.00149453,0.0249364,4.93655,4.93662,-0.0334284,0.0529395,-0.00987478,0,0,0
1780638734532112,69.1111,0.000885217,0.0255489,-0.0634766,0,0,-5,0.000885217,0.0255489,4.93652,4.93659,-0.0342776,0.0528092,-0.0101167,0,0,0
1780638734548112,69.1271,0.000471687,0.0259797,-0.0635376,0,0,-5,0.000471687,0.0259797,4.93646,4.93653,-0.0339056,0.0525102,-0.00879229,0,0,0
1780638734564112,69.1431,5.5481e-05,0.026442,-0.0635376,0,0,-5,5.5481e-05,0.026442,4.93646,4.93653,-0.0336313,0.0529247,-0.00856256,0,0,0
1780638734588112,69.1671,0.000109188,0.0262623,-0.0632019,0,0,-5,0.000109188,0.0262623,4.9368,4.93687,-0.0319877,0.0517499,-0.00975125,0,0,0
1780638734612112,69.1911,0.000425444,0.0257373,-0.0627441,0,0,-5,0.000425444,0.0257373,4.93726,4.93732,-0.0333539,0.0507898,-0.0112412,0,0,0
1780638734628112,69.2071,0.000581402,0.0254537,-0.0624695,0,0,-5,0.000581402,0.0254537,4.93753,4.9376,-0.0334819,0.0499237,-0.0120844,0,0,0
1780638734652112,69.2311,0.000750449,0.0251246,-0.0621338,0,0,-5,0.000750449,0.0251246,4.93787,4.93793,-0.0338592,0.0494129,-0.0121347,0,0,0
1780638734668112,69.2471,0.000819891,0.0249732,-0.0619507,0,0,-5,0.000819891,0.0249732,4.93805,4.93811,-0.0332795,0.0494162,-0.0129569,0,0,0
1780638734692112,69.2711,0.000919391,0.0248553,-0.0617371,0,0,-5,0.000919391,0.0248553,4.93826,4.93833,-0.0323884,0.0506334,-0.0140607,0,0,0
1780638734708112,69.2871,0.000957766,0.0248488,-0.0615845,0,0,-5,0.000957766,0.0248488,4.93842,4.93848,-0.0321724,0.050908,-0.0145807,0,0,0
1780638734732112,69.3111,0.000965281,0.0249283,-0.0614319,0,0,-5,0.000965281,0.0249283,4.93857,4.93863,-0.0321819,0.0509057,-0.0145303,0,0,0
1780638734748112,69.3271,0.000932174,0.0250242,-0.0613403,0,0,-5,0.000932174,0.0250242,4.93866,4.93872,-0.0325459,0.0499596,-0.0139749,0,0,0
1780638734772112,69.3511,0.000840566,0.0252258,-0.0612183,0,0,-5,0.000840566,0.0252258,4.93878,4.93885,-0.0314667,0.049881,-0.0115071,0,0,0
1780638734788112,69.3671,0.000758553,0.0254023,-0.0611267,0,0,-5,0.000758553,0.0254023,4.93887,4.93894,-0.0311255,0.0491835,-0.0114116,0,0,0
1780638734812112,69.3911,0.00059983,0.0257168,-0.0610046,0,0,-5,0.00059983,0.0257168,4.939,4.93906,-0.0312488,0.0488915,-0.0120557,0,0,0
1780638734828264,69.4072,0.000482516,0.0259627,-0.0609741,0,0,-5,0.000482516,0.0259627,4.93903,4.93909,-0.030635,0.0482749,-0.0124241,0,0,0
1780638734852264,69.4312,0.000268822,0.0263703,-0.0609131,0,0,-5,0.000268822,0.0263703,4.93909,4.93916,-0.0308176,0.0479794,-0.0129743,0,0,0
1780638734868264,69.4472,9.42253e-05,0.0266789,-0.0609131,0,0,-5,9.42253e-05,0.0266789,4.93909,4.93916,-0.0317426,0.0477104,-0.0130969,0,0,0
1780638734892264,69.4712,-0.000189292,0.0271877,-0.0609131,0,0,-5,-0.000189292,0.0271877,4.93909,4.93916,-0.0302478,0.0477222,-0.0129597,0,0,0
1780638734908264,69.4872,-0.000373298,0.0275617,-0.0609436,0,0,-5,-0.000373298,0.0275617,4.93906,4.93913,-0.0301346,0.0478268,-0.0132701,0,0,0
1780638734932264,69.5112,-0.00067892,0.0281631,-0.0610046,0,0,-5,-0.00067892,0.0281631,4.939,4.93908,-0.0300187,0.0462386,-0.0133402,0,0,0
1780638734948264,69.5272,-0.000891843,0.0285825,-0.0610657,0,0,-5,-0.000891843,0.0285825,4.93893,4.93902,-0.0292721,0.0470013,-0.0136008,0,0,0
1780638734972264,69.5512,-0.00123265,0.0292489,-0.0611877,0,0,-5,-0.00123265,0.0292489,4.93881,4.9389,-0.0290533,0.0467145,-0.0122752,0,0,0
1780638734988264,69.5672,-0.000984921,0.0286512,-0.060791,0,0,-5,-0.000984921,0.0286512,4.93921,4.93929,-0.0295102,0.0462683,-0.0121335,0,0,0
1780638735012264,69.5912,-0.000704609,0.0278743,-0.0602417,0,0,-5,-0.000704609,0.0278743,4.93976,4.93984,-0.0300259,0.044687,-0.0104439,0,0,0
1780638735028264,69.6072,-0.00055659,0.0274245,-0.0599365,0,0,-5,-0.00055659,0.0274245,4.94006,4.94014,-0.0300272,0.0447071,-0.0106423,0,0,0
1780638735052264,69.6312,-0.00036731,0.0268728,-0.0594788,0,0,-5,-0.00036731,0.0268728,4.94052,4.94059,-0.0294433,0.044781,-0.0112809,0,0,0
1780638735068264,69.6472,-0.000275839,0.0265755,-0.0592346,0,0,-5,-0.000275839,0.0265755,4.94077,4.94084,-0.0301087,0.0439952,-0.010559,0,0,0
1780638735092264,69.6712,-0.00019069,0.0261932,-0.0589294,0,0,-5,-0.00019069,0.0261932,4.94107,4.94114,-0.029838,0.0432538,-0.012197,0,0,0
1780638735108264,69.6872,-0.000169296,0.0260065,-0.0587769,0,0,-5,-0.000169296,0.0260065,4.94122,4.94129,-0.0298379,0.0437206,-0.0115016,0,0,0
1780638735132264,69.7112,-0.000171105,0.0258174,-0.0585327,0,0,-5,-0.000171105,0.0258174,4.94147,4.94153,-0.0296039,0.0429842,-0.0102827,0,0,0
1780638735148264,69.7272,-0.000202242,0.0257346,-0.0584106,0,0,-5,-0.000202242,0.0257346,4.94159,4.94166,-0.029993,0.0430595,-0.00974176,0,0,0
1780638735172264,69.7512,-0.000299134,0.0257163,-0.0582886,0,0,-5,-0.000299134,0.0257163,4.94171,4.94178,-0.0301915,0.0438515,-0.0107186,0,0,0
1780638735188264,69.7672,-0.000409223,0.0257505,-0.058197,0,0,-5,-0.000409223,0.0257505,4.9418,4.94187,-0.0326399,0.0437979,-0.0100816,0,0,0
1780638735212264,69.7912,-0.000627518,0.0258696,-0.058136,0,0,-5,-0.000627518,0.0258696,4.94186,4.94193,-0.0314971,0.0432548,-0.00955476,0,0,0
1780638735228264,69.8072,-0.000792623,0.0259803,-0.0581055,0,0,-5,-0.000792623,0.0259803,4.94189,4.94196,-0.0322262,0.0426021,-0.0093276,0,0,0
1780638735252264,69.8312,-0.00107229,0.0262136,-0.0580444,0,0,-5,-0.00107229,0.0262136,4.94196,4.94203,-0.032285,0.0429411,-0.00720402,0,0,0
1780638735268264,69.8472,-0.00128065,0.0263963,-0.0579834,0,0,-5,-0.00128065,0.0263963,4.94202,4.94209,-0.0318282,0.041887,-0.00719399,0,0,0
1780638735292264,69.8712,-0.00160282,0.0267393,-0.0578918,0,0,-5,-0.00160282,0.0267393,4.94211,4.94218,-0.0318101,0.0426597,-0.00579226,0,0,0
1780638735308264,69.8872,-0.0018471,0.0269992,-0.0578308,0,0,-5,-0.0018471,0.0269992,4.94217,4.94224,-0.0322266,0.0421307,-0.00543219,0,0,0
1780638735332264,69.9112,-0.0022466,0.0274184,-0.0577393,0,0,-5,-0.0022466,0.0274184,4.94226,4.94234,-0.0328901,0.0421316,-0.00505145,0,0,0
1780638735348264,69.9272,-0.00255363,0.0277334,-0.0576782,0,0,-5,-0.00255363,0.0277334,4.94232,4.9424,-0.0341981,0.0413866,-0.00442745,0,0,0
1780638735372264,69.9512,-0.00306233,0.028234,-0.0576172,0,0,-5,-0.00306233,0.028234,4.94238,4.94246,-0.0346085,0.0403476,-0.00493052,0,0,0
1780638735388264,69.9672,-0.00296263,0.0276187,-0.0571594,0,0,-5,-0.00296263,0.0276187,4.94284,4.94292,-0.0336741,0.0392309,-0.00537469,0,0,0
1780638735412264,69.9912,-0.00287544,0.0267901,-0.0565796,0,0,-5,-0.00287544,0.0267901,4.94342,4.94349,-0.0350148,0.0380922,-0.00544662,0,0,0
1780638735428264,70.0072,-0.00288042,0.0263171,-0.0562134,0,0,-5,-0.00288042,0.0263171,4.94379,4.94386,-0.0354018,0.039193,-0.00535342,0,0,0
1780638735452264,70.0312,-0.00293583,0.0257272,-0.0557556,0,0,-5,-0.00293583,0.0257272,4.94424,4.94431,-0.0357044,0.0388494,-0.00618538,0,0,0
1780638735468264,70.0472,-0.00301753,0.0253996,-0.0554504,0,0,-5,-0.00301753,0.0253996,4.94455,4.94462,-0.0360352,0.0391188,-0.00461572,0,0,0
1780638735492264,70.0712,-0.00318385,0.0249973,-0.0549927,0,0,-5,-0.00318385,0.0249973,4.94501,4.94507,-0.0353978,0.0377145,-0.00355784,0,0,0
1780638735508264,70.0872,-0.0033405,0.0247718,-0.054718,0,0,-5,-0.0033405,0.0247718,4.94528,4.94535,-0.0375592,0.0373543,-0.0036731,0,0,0
1780638735532264,70.1112,-0.0036512,0.0245151,-0.0543518,0,0,-5,-0.0036512,0.0245151,4.94565,4.94571,-0.0382227,0.0372637,-0.00483499,0,0,0
1780638735548264,70.1272,-0.00389369,0.0243904,-0.0541077,0,0,-5,-0.00389369,0.0243904,4.94589,4.94595,-0.0385322,0.0372481,-0.0051937,0,0,0
1780638735572264,70.1512,-0.00430874,0.0242741,-0.0538025,0,0,-5,-0.00430874,0.0242741,4.9462,4.94626,-0.0400827,0.0365299,-0.00479562,0,0,0
1780638735588264,70.1672,-0.00463097,0.0242245,-0.0536194,0,0,-5,-0.00463097,0.0242245,4.94638,4.94644,-0.0404757,0.0353438,-0.00517842,0,0,0
1780638735612264,70.1912,-0.00515338,0.0242078,-0.0533752,0,0,-5,-0.00515338,0.0242078,4.94662,4.94669,-0.0411201,0.0352934,-0.00627486,0,0,0
1780638735628264,70.2072,-0.00552473,0.0242391,-0.0532227,0,0,-5,-0.00552473,0.0242391,4.94678,4.94684,-0.0417834,0.0347902,-0.00652396,0,0,0
1780638735652264,70.2312,-0.00611695,0.0243372,-0.053009,0,0,-5,-0.00611695,0.0243372,4.94699,4.94705,-0.0419872,0.0349703,-0.00646229,0,0,0
1780638735668264,70.2472,-0.00654585,0.0244401,-0.0529175,0,0,-5,-0.00654585,0.0244401,4.94708,4.94715,-0.0424423,0.0345102,-0.00630422,0,0,0
1780638735684264,70.2632,-0.00698461,0.0245675,-0.0527954,0,0,-5,-0.00698461,0.0245675,4.9472,4.94727,-0.0421056,0.0347184,-0.00606576,0,0,0
1780638735708264,70.2872,-0.00769072,0.0248234,-0.0526733,0,0,-5,-0.00769072,0.0248234,4.94733,4.94739,-0.0435959,0.0358545,-0.00632777,0,0,0
1780638735732264,70.3112,-0.00843642,0.0251408,-0.0525818,0,0,-5,-0.00843642,0.0251408,4.94742,4.94749,-0.0440976,0.0352477,-0.00564985,0,0,0
1780638735748264,70.3272,-0.00895414,0.0253825,-0.0525208,0,0,-5,-0.00895414,0.0253825,4.94748,4.94755,-0.0437342,0.0353839,-0.00598767,0,0,0
1780638735772264,70.3512,-0.00974249,0.0257833,-0.0524597,0,0,-5,-0.00974249,0.0257833,4.94754,4.94762,-0.0441472,0.0354439,-0.00551141,0,0,0
1780638735788264,70.3672,-0.0095277,0.0249202,-0.0520935,0,0,-5,-0.0095277,0.0249202,4.94791,4.94798,-0.0451116,0.0366411,-0.00686292,0,0,0
1780638735812264,70.3912,-0.00928911,0.0237932,-0.0516357,0,0,-5,-0.00928911,0.0237932,4.94836,4.94843,-0.0441389,0.0370728,-0.00677078,0,0,0
1780638735828264,70.4072,-0.00917173,0.0231274,-0.0513611,0,0,-5,-0.00917173,0.0231274,4.94864,4.9487,-0.0441219,0.0359941,-0.006161,0,0,0
1780638735852418,70.4314,-0.00905698,0.022233,-0.0509949,0,0,-5,-0.00905698,0.022233,4.94901,4.94906,-0.0437106,0.0356068,-0.00712233,0,0,0
1780638735868418,70.4474,-0.00903958,0.0217092,-0.0507812,0,0,-5,-0.00903958,0.0217092,4.94922,4.94927,-0.0447021,0.0347067,-0.00735435,0,0,0
1780638735892418,70.4714,-0.00906617,0.02099,-0.0505371,0,0,-5,-0.00906617,0.02099,4.94946,4.94952,-0.0426133,0.0330202,-0.00708933,0,0,0
1780638735908418,70.4874,-0.00910863,0.020573,-0.050415,0,0,-5,-0.00910863,0.020573,4.94958,4.94964,-0.0430059,0.033628,-0.00734789,0,0,0
1780638735924418,70.5034,-0.00918444,0.0202231,-0.050293,0,0,-5,-0.00918444,0.0202231,4.94971,4.94976,-0.0424696,0.0347554,-0.00666893,0,0,0
1780638735948418,70.5274,-0.00936261,0.0198062,-0.0501709,0,0,-5,-0.00936261,0.0198062,4.94983,4.94988,-0.0434645,0.0354489,-0.00659653,0,0,0
1780638735972418,70.5514,-0.00961177,0.0195145,-0.0500793,0,0,-5,-0.00961177,0.0195145,4.94992,4.94997,-0.0435402,0.0367493,-0.00822898,0,0,0
1780638735988418,70.5674,-0.00981397,0.0193887,-0.0500488,0,0,-5,-0.00981397,0.0193887,4.94995,4.95,-0.0443288,0.0369023,-0.00846026,0,0,0
1780638736012418,70.5914,-0.0101996,0.0192674,-0.0500488,0,0,-5,-0.0101996,0.0192674,4.94995,4.95,-0.0457246,0.0366077,-0.00958528,0,0,0
1780638736028418,70.6074,-0.0104994,0.0192244,-0.0500793,0,0,-5,-0.0104994,0.0192244,4.94992,4.94997,-0.0474854,0.0351368,-0.0091852,0,0,0
1780638736052418,70.6314,-0.0110462,0.0192317,-0.0501404,0,0,-5,-0.0110462,0.0192317,4.94986,4.94991,-0.0496794,0.0355153,-0.00889273,0,0,0
1780638736068418,70.6474,-0.0114467,0.0192708,-0.0501709,0,0,-5,-0.0114467,0.0192708,4.94983,4.94988,-0.0495429,0.0349239,-0.00825919,0,0,0
1780638736092418,70.6714,-0.012089,0.019383,-0.0502319,0,0,-5,-0.012089,0.019383,4.94977,4.94982,-0.0493308,0.0353802,-0.00901441,0,0,0
1780638736108418,70.6874,-0.0125411,0.0194881,-0.0502625,0,0,-5,-0.0125411,0.0194881,4.94974,4.94979,-0.0494694,0.0347509,-0.00823517,0,0,0
1780638736124418,70.7034,-0.0130189,0.0196187,-0.050293,0,0,-5,-0.0130189,0.0196187,4.94971,4.94976,-0.0502557,0.0352398,-0.00760016,0,0,0
1780638736148418,70.7274,-0.0137879,0.0198824,-0.050354,0,0,-5,-0.0137879,0.0198824,4.94965,4.94971,-0.0506515,0.0353131,-0.00809329,0,0,0
1780638736164418,70.7434,-0.0143175,0.0200841,-0.050415,0,0,-5,-0.0143175,0.0200841,4.94958,4.94965,-0.0500887,0.0344593,-0.00847871,0,0,0
1780638736188418,70.7674,-0.0146771,0.0200084,-0.050354,0,0,-5,-0.0146771,0.0200084,4.94965,4.94971,-0.0508714,0.0343967,-0.00807843,0,0,0
1780638736212418,70.7914,-0.0142434,0.0192351,-0.0500488,0,0,-5,-0.0142434,0.0192351,4.94995,4.95001,-0.0524433,0.0336268,-0.00827473,0,0,0
1780638736228418,70.8074,-0.0140524,0.0187806,-0.0498657,0,0,-5,-0.0140524,0.0187806,4.95013,4.95019,-0.0538168,0.0332944,-0.00825545,0,0,0
1780638736252418,70.8314,-0.0138884,0.0181913,-0.0496521,0,0,-5,-0.0138884,0.0181913,4.95035,4.9504,-0.0543497,0.0321161,-0.00878966,0,0,0
1780638736268418,70.8474,-0.0138466,0.0178433,-0.0494995,0,0,-5,-0.0138466,0.0178433,4.9505,4.95055,-0.0553936,0.0313182,-0.00843588,0,0,0
1780638736292418,70.8714,-0.0138894,0.0174179,-0.0493164,0,0,-5,-0.0138894,0.0174179,4.95068,4.95073,-0.0553637,0.032091,-0.0094986,0,0,0
1780638736308418,70.8874,-0.0139652,0.0172009,-0.0492554,0,0,-5,-0.0139652,0.0172009,4.95074,4.95079,-0.0544722,0.032636,-0.0105617,0,0,0
1780638736332418,70.9114,-0.0141512,0.0169726,-0.0491333,0,0,-5,-0.0141512,0.0169726,4.95087,4.95092,-0.0558047,0.0326825,-0.00820821,0,0,0
1780638736348418,70.9274,-0.0143327,0.0168558,-0.0490723,0,0,-5,-0.0143327,0.0168558,4.95093,4.95098,-0.0560346,0.0319221,-0.00805112,0,0,0
1780638736372418,70.9514,-0.0146672,0.0167353,-0.0489502,0,0,-5,-0.0146672,0.0167353,4.95105,4.9511,-0.0553414,0.0311886,-0.00721882,0,0,0
1780638736388418,70.9674,-0.0149194,0.0166997,-0.0488892,0,0,-5,-0.0149194,0.0166997,4.95111,4.95116,-0.0558655,0.0322681,-0.0072198,0,0,0
1780638736412418,70.9914,-0.0153486,0.0167256,-0.0488281,0,0,-5,-0.0153486,0.0167256,4.95117,4.95122,-0.0542889,0.0326188,-0.00684489,0,0,0
1780638736428418,71.0074,-0.0156471,0.0167758,-0.0487976,0,0,-5,-0.0156471,0.0167758,4.9512,4.95126,-0.0535832,0.0319308,-0.00600708,0,0,0
1780638736452418,71.0314,-0.0161432,0.0169149,-0.0487671,0,0,-5,-0.0161432,0.0169149,4.95123,4.95129,-0.0533912,0.0323309,-0.00657219,0,0,0
1780638736468418,71.0474,-0.0165162,0.0170393,-0.0487366,0,0,-5,-0.0165162,0.0170393,4.95126,4.95132,-0.0543833,0.0325489,-0.00588154,0,0,0
1780638736492418,71.0714,-0.017138,0.0172631,-0.0487366,0,0,-5,-0.017138,0.0172631,4.95126,4.95132,-0.0543765,0.0319579,-0.00708866,0,0,0
1780638736508418,71.0874,-0.017584,0.0174451,-0.0487366,0,0,-5,-0.017584,0.0174451,4.95126,4.95133,-0.0545537,0.0323097,-0.00680558,0,0,0
1780638736524418,71.1034,-0.0180542,0.0176535,-0.0487366,0,0,-5,-0.0180542,0.0176535,4.95126,4.95133,-0.0541341,0.0322402,-0.00540772,0,0,0
1780638736548418,71.1274,-0.0187718,0.0180193,-0.0487061,0,0,-5,-0.0187718,0.0180193,4.95129,4.95136,-0.052896,0.0326708,-0.00535755,0,0,0
1780638736572418,71.1514,-0.0195427,0.0184315,-0.0487061,0,0,-5,-0.0195427,0.0184315,4.95129,4.95137,-0.0530066,0.0324065,-0.00397957,0,0,0
1780638736588418,71.1674,-0.0190694,0.0181848,-0.0484314,0,0,-5,-0.0190694,0.0181848,4.95157,4.95164,-0.0525006,0.0339139,-0.00422664,0,0,0
1780638736612418,71.1914,-0.0184575,0.0179161,-0.0480347,0,0,-5,-0.0184575,0.0179161,4.95197,4.95203,-0.0514587,0.0332417,-0.00433246,0,0,0
1780638736628418,71.2074,-0.0181169,0.0177778,-0.0477905,0,0,-5,-0.0181169,0.0177778,4.95221,4.95227,-0.0511758,0.0325485,-0.00448741,0,0,0
1780638736652418,71.2314,-0.017714,0.0176428,-0.0474548,0,0,-5,-0.017714,0.0176428,4.95255,4.95261,-0.0512111,0.0324064,-0.00325673,0,0,0
1780638736668418,71.2474,-0.0175219,0.0175932,-0.0472412,0,0,-5,-0.0175219,0.0175932,4.95276,4.95282,-0.0517645,0.0321302,-0.00298497,0,0,0
1780638736692418,71.2714,-0.017323,0.0175641,-0.046936,0,0,-5,-0.017323,0.0175641,4.95306,4.95313,-0.0503631,0.0311757,-0.00427895,0,0,0
1780638736708418,71.2874,-0.0172342,0.0175757,-0.0467834,0,0,-5,-0.0172342,0.0175757,4.95322,4.95328,-0.0498371,0.0306973,-0.00435368,0,0,0
1780638736732418,71.3114,-0.0171707,0.0176382,-0.0465088,0,0,-5,-0.0171707,0.0176382,4.95349,4.95355,-0.0495334,0.0302727,-0.00306072,0,0,0
1780638736748418,71.3274,-0.0171691,0.0177171,-0.0463867,0,0,-5,-0.0171691,0.0177171,4.95361,4.95367,-0.0483923,0.0304944,-0.00431666,0,0,0
1780638736772418,71.3514,-0.0172235,0.0178839,-0.0462036,0,0,-5,-0.0172235,0.0178839,4.9538,4.95386,-0.04871,0.0304888,-0.00439077,0,0,0
1780638736788418,71.3674,-0.0173161,0.0180377,-0.0461121,0,0,-5,-0.0173161,0.0180377,4.95389,4.95395,-0.0486247,0.0321277,-0.00458177,0,0,0
1780638736804418,71.3834,-0.0174325,0.0182237,-0.046051,0,0,-5,-0.0174325,0.0182237,4.95395,4.95401,-0.0478105,0.0311625,-0.00521692,0,0,0
1780638736828418,71.4074,-0.0176432,0.0185266,-0.0459595,0,0,-5,-0.0176432,0.0185266,4.95404,4.95411,-0.0467581,0.0315782,-0.00442161,0,0,0
1780638736852418,71.4314,-0.0179088,0.0188967,-0.0458984,0,0,-5,-0.0179088,0.0188967,4.9541,4.95417,-0.0465879,0.0324785,-0.00389004,0,0,0
1780638736868579,71.4475,-0.0181192,0.0191776,-0.0458679,0,0,-5,-0.0181192,0.0191776,4.95413,4.9542,-0.0461796,0.0332505,-0.00500376,0,0,0
1780638736884579,71.4635,-0.0183516,0.0194823,-0.0458679,0,0,-5,-0.0183516,0.0194823,4.95413,4.9542,-0.0460227,0.0330396,-0.00611092,0,0,0
1780638736908579,71.4875,-0.0187631,0.0199366,-0.045929,0,0,-5,-0.0187631,0.0199366,4.95407,4.95415,-0.0471504,0.0320474,-0.00617859,0,0,0
1780638736924579,71.5035,-0.0190764,0.0202606,-0.04599,0,0,-5,-0.0190764,0.0202606,4.95401,4.95409,-0.0470592,0.0320865,-0.00678655,0,0,0
1780638736948579,71.5275,-0.0195741,0.0207767,-0.0461121,0,0,-5,-0.0195741,0.0207767,4.95389,4.95397,-0.0461314,0.0317146,-0.0066273,0,0,0
1780638736972579,71.5515,-0.0201208,0.0213216,-0.0462341,0,0,-5,-0.0201208,0.0213216,4.95377,4.95385,-0.0457023,0.032403,-0.00684749,0,0,0
1780638736988579,71.5675,-0.0194344,0.0207656,-0.0460205,0,0,-5,-0.0194344,0.0207656,4.95398,4.95406,-0.0461465,0.0310694,-0.00672868,0,0,0
1780638737012579,71.5915,-0.018546,0.01999,-0.0457458,0,0,-5,-0.018546,0.01999,4.95425,4.95433,-0.0447388,0.0288786,-0.00518974,0,0,0
1780638737028579,71.6075,-0.0180031,0.0195189,-0.0455627,0,0,-5,-0.0180031,0.0195189,4.95444,4.95451,-0.0426766,0.0281845,-0.00558154,0,0,0
1780638737052579,71.6315,-0.0172804,0.0188891,-0.0453491,0,0,-5,-0.0172804,0.0188891,4.95465,4.95472,-0.0416724,0.0274428,-0.00615681,0,0,0
1780638737068579,71.6475,-0.016862,0.018523,-0.0452271,0,0,-5,-0.016862,0.018523,4.95477,4.95484,-0.0408418,0.0267633,-0.00553706,0,0,0
1780638737092579,71.6715,-0.0163165,0.0180388,-0.0450439,0,0,-5,-0.0163165,0.0180388,4.95496,4.95502,-0.0407104,0.0263173,-0.00562177,0,0,0
1780638737108579,71.6875,-0.0160153,0.0177645,-0.0449524,0,0,-5,-0.0160153,0.0177645,4.95505,4.95511,-0.0398925,0.0250935,-0.0062692,0,0,0
1780638737132579,71.7115,-0.0156478,0.0173928,-0.0449219,0,0,-5,-0.0156478,0.0173928,4.95508,4.95513,-0.0394668,0.0231125,-0.00660888,0,0,0
1780638737148579,71.7275,-0.0154339,0.0171699,-0.0448914,0,0,-5,-0.0154339,0.0171699,4.95511,4.95516,-0.03761,0.0230478,-0.00683798,0,0,0
1780638737164579,71.7435,-0.0152511,0.0169798,-0.0448914,0,0,-5,-0.0152511,0.0169798,4.95511,4.95516,-0.03804,0.0225905,-0.00672596,0,0,0
1780638737188579,71.7675,-0.0150254,0.0167418,-0.0449219,0,0,-5,-0.0150254,0.0167418,4.95508,4.95513,-0.0352344,0.0227538,-0.0063634,0,0,0
1780638737212579,71.7915,-0.0148365,0.0165709,-0.0450134,0,0,-5,-0.0148365,0.0165709,4.95499,4.95504,-0.0338554,0.0221958,-0.00749794,0,0,0
1780638737228579,71.8075,-0.014735,0.0164882,-0.0450745,0,0,-5,-0.014735,0.0164882,4.95493,4.95497,-0.0326454,0.0218807,-0.00666044,0,0,0
1780638737244579,71.8235,-0.0146521,0.0164258,-0.0451355,0,0,-5,-0.0146521,0.0164258,4.95486,4.95491,-0.0325517,0.0216445,-0.00593456,0,0,0
1780638737268579,71.8475,-0.0145861,0.0163937,-0.0451965,0,0,-5,-0.0145861,0.0163937,4.9548,4.95485,-0.0321102,0.0228898,-0.00457361,0,0,0
1780638737284579,71.8635,-0.0145745,0.0164117,-0.0451965,0,0,-5,-0.0145745,0.0164117,4.9548,4.95485,-0.0318506,0.0222025,-0.00422117,0,0,0
1780638737308579,71.8875,-0.0146246,0.0164668,-0.0452271,0,0,-5,-0.0146246,0.0164668,4.95477,4.95482,-0.0332088,0.0218771,-0.00459602,0,0,0
1780638737332579,71.9115,-0.0147421,0.0165315,-0.0452881,0,0,-5,-0.0147421,0.0165315,4.95471,4.95476,-0.0327507,0.0201365,-0.00580231,0,0,0
1780638737348579,71.9275,-0.0148525,0.016594,-0.0453796,0,0,-5,-0.0148525,0.016594,4.95462,4.95467,-0.0328261,0.0205757,-0.00475304,0,0,0
1780638737372579,71.9515,-0.015071,0.0167242,-0.0454712,0,0,-5,-0.015071,0.0167242,4.95453,4.95458,-0.0335352,0.0197929,-0.00464316,0,0,0
1780638737388579,71.9675,-0.014346,0.0164544,-0.045105,0,0,-5,-0.014346,0.0164544,4.9549,4.95494,-0.0321267,0.0190796,-0.00425353,0,0,0
1780638737412579,71.9915,-0.0133523,0.0161177,-0.0446472,0,0,-5,-0.0133523,0.0161177,4.95535,4.9554,-0.0316322,0.0196775,-0.0042081,0,0,0
1780638737428579,72.0075,-0.0127761,0.0159386,-0.044342,0,0,-5,-0.0127761,0.0159386,4.95566,4.9557,-0.0323507,0.0195786,-0.00374251,0,0,0
1780638737452579,72.0315,-0.0120166,0.0157114,-0.0439453,0,0,-5,-0.0120166,0.0157114,4.95605,4.95609,-0.0317401,0.018757,-0.00316438,0,0,0
1780638737468579,72.0475,-0.0115658,0.0155936,-0.0436707,0,0,-5,-0.0115658,0.0155936,4.95633,4.95637,-0.0314225,0.0189761,-0.00363438,0,0,0
1780638737492579,72.0715,-0.0109755,0.0154842,-0.0433655,0,0,-5,-0.0109755,0.0154842,4.95663,4.95667,-0.0305023,0.0202599,-0.00340497,0,0,0
1780638737508579,72.0875,-0.0106224,0.015455,-0.0431519,0,0,-5,-0.0106224,0.015455,4.95685,4.95688,-0.0300452,0.0207753,-0.00368178,0,0,0
1780638737532579,72.1115,-0.0101748,0.0154523,-0.0429077,0,0,-5,-0.0101748,0.0154523,4.95709,4.95713,-0.0301952,0.0211784,-0.00417229,0,0,0
1780638737548579,72.1275,-0.00993421,0.0154924,-0.0427551,0,0,-5,-0.00993421,0.0154924,4.95724,4.95728,-0.0308351,0.0218183,-0.00524428,0,0,0
1780638737572579,72.1515,-0.009662,0.0155984,-0.0425415,0,0,-5,-0.009662,0.0155984,4.95746,4.95749,-0.0310723,0.021209,-0.00421949,0,0,0
1780638737588579,72.1675,-0.00952093,0.015689,-0.0424194,0,0,-5,-0.00952093,0.015689,4.95758,4.95761,-0.0308864,0.0218437,-0.00433785,0,0,0
1780638737612579,72.1915,-0.00937281,0.0159022,-0.0422363,0,0,-5,-0.00937281,0.0159022,4.95776,4.9578,-0.0300029,0.0229251,-0.0045603,0,0,0
1780638737628579,72.2075,-0.0093056,0.0160648,-0.0421448,0,0,-5,-0.0093056,0.0160648,4.95786,4.95789,-0.0301634,0.0226563,-0.00471378,0,0,0
1780638737652579,72.2315,-0.00927099,0.0163337,-0.0420532,0,0,-5,-0.00927099,0.0163337,4.95795,4.95798,-0.030314,0.0223183,-0.00406327,0,0,0
1780638737668579,72.2475,-0.00929129,0.0165375,-0.0419617,0,0,-5,-0.00929129,0.0165375,4.95804,4.95807,-0.0300811,0.0226278,-0.00429941,0,0,0
1780638737684579,72.2635,-0.00932316,0.0167652,-0.0419312,0,0,-5,-0.00932316,0.0167652,4.95807,4.95811,-0.0296537,0.02365,-0.00527101,0,0,0
1780638737708579,72.2875,-0.00944363,0.017144,-0.0419312,0,0,-5,-0.00944363,0.017144,4.95807,4.95811,-0.0307547,0.0232162,-0.00508728,0,0,0
1780638737732579,72.3115,-0.00965026,0.0175337,-0.0418701,0,0,-5,-0.00965026,0.0175337,4.95813,4.95817,-0.0316628,0.0231879,-0.00320708,0,0,0
1780638737748579,72.3275,-0.00981018,0.0178163,-0.0418396,0,0,-5,-0.00981018,0.0178163,4.95816,4.9582,-0.0308357,0.0241783,-0.00293518,0,0,0
1780638737772579,72.3515,-0.0100969,0.0182642,-0.0418091,0,0,-5,-0.0100969,0.0182642,4.95819,4.95823,-0.0318899,0.0228572,-0.00275496,0,0,0
1780638737788579,72.3675,-0.00989217,0.0177732,-0.0416565,0,0,-5,-0.00989217,0.0177732,4.95834,4.95839,-0.0308907,0.0219011,-0.00250173,0,0,0
1780638737812579,72.3915,-0.00963752,0.0171016,-0.0414429,0,0,-5,-0.00963752,0.0171016,4.95856,4.9586,-0.030323,0.0213965,-0.0021967,0,0,0
1780638737828579,72.4075,-0.00953242,0.0167118,-0.0413208,0,0,-5,-0.00953242,0.0167118,4.95868,4.95872,-0.0315116,0.0216534,-0.00334659,0,0,0
1780638737852579,72.4315,-0.009445,0.0162045,-0.0411682,0,0,-5,-0.009445,0.0162045,4.95883,4.95887,-0.0306762,0.0208643,-0.00308004,0,0,0
1780638737868739,72.4477,-0.00941597,0.0159141,-0.0410767,0,0,-5,-0.00941597,0.0159141,4.95892,4.95896,-0.0303968,0.0210158,-0.00267558,0,0,0
1780638737892739,72.4717,-0.00941975,0.0155024,-0.0409241,0,0,-5,-0.00941975,0.0155024,4.95908,4.95911,-0.0305175,0.0191236,-0.00187453,0,0,0
1780638737908739,72.4877,-0.00945709,0.0152557,-0.0408325,0,0,-5,-0.00945709,0.0152557,4.95917,4.9592,-0.0293071,0.0177419,-0.000917158,0,0,0
1780638737932739,72.5117,-0.00952804,0.0149311,-0.0407104,0,0,-5,-0.00952804,0.0149311,4.95929,4.95932,-0.0285379,0.0188921,-0.00198432,0,0,0
1780638737948739,72.5277,-0.0096197,0.0147594,-0.0406799,0,0,-5,-0.0096197,0.0147594,4.95932,4.95935,-0.0294406,0.0184726,-0.00172395,0,0,0
1780638737972739,72.5517,-0.00981949,0.0145467,-0.0406189,0,0,-5,-0.00981949,0.0145467,4.95938,4.95941,-0.0295109,0.0177234,-6.74611e-06,0,0,0
1780638737988739,72.5677,-0.00999799,0.014421,-0.0405579,0,0,-5,-0.00999799,0.014421,4.95944,4.95947,-0.0312806,0.017009,0.000815028,0,0,0
1780638738012739,72.5917,-0.0103191,0.0142735,-0.0404968,0,0,-5,-0.0103191,0.0142735,4.9595,4.95953,-0.0308445,0.017097,0.000296141,0,0,0
1780638738028739,72.6077,-0.0105523,0.0142063,-0.0404968,0,0,-5,-0.0105523,0.0142063,4.9595,4.95953,-0.0305101,0.0177767,-0.00129347,0,0,0
1780638738052739,72.6317,-0.0109358,0.0141539,-0.0405273,0,0,-5,-0.0109358,0.0141539,4.95947,4.9595,-0.0313308,0.0176372,-0.000780118,0,0,0
1780638738068739,72.6477,-0.0112306,0.0141464,-0.0405273,0,0,-5,-0.0112306,0.0141464,4.95947,4.95951,-0.0319344,0.0178579,-0.000838814,0,0,0
1780638738092739,72.6717,-0.011674,0.0141761,-0.0405579,0,0,-5,-0.011674,0.0141761,4.95944,4.95948,-0.0307884,0.0182864,-0.0013064,0,0,0
1780638738108739,72.6877,-0.0119811,0.0142194,-0.0405884,0,0,-5,-0.0119811,0.0142194,4.95941,4.95945,-0.0306155,0.0181741,-0.0012299,0,0,0
1780638738132739,72.7117,-0.0124773,0.0142967,-0.0405884,0,0,-5,-0.0124773,0.0142967,4.95941,4.95945,-0.0311749,0.016685,-0.00203056,0,0,0
1780638738148739,72.7277,-0.0128395,0.0143649,-0.0406189,0,0,-5,-0.0128395,0.0143649,4.95938,4.95942,-0.0329421,0.0170764,-0.00201722,0,0,0
1780638738172739,72.7517,-0.013444,0.0144906,-0.0406494,0,0,-5,-0.013444,0.0144906,4.95935,4.95939,-0.0339104,0.0177195,-0.00198008,0,0,0
1780638738188739,72.7677,-0.0132,0.0141463,-0.0404053,0,0,-5,-0.0132,0.0141463,4.95959,4.95963,-0.0341367,0.0176592,-0.00211011,0,0,0
1780638738212739,72.7917,-0.0129113,0.0136976,-0.0400696,0,0,-5,-0.0129113,0.0136976,4.95993,4.95997,-0.0330545,0.0170078,-0.00125444,0,0,0
1780638738228739,72.8077,-0.0127555,0.0134399,-0.0398254,0,0,-5,-0.0127555,0.0134399,4.96017,4.96021,-0.032345,0.0182549,-0.000490172,0,0,0
1780638738252739,72.8317,-0.0125645,0.0131348,-0.0395203,0,0,-5,-0.0125645,0.0131348,4.96048,4.96051,-0.0308304,0.0184157,-0.00131511,0,0,0
1780638738268739,72.8477,-0.0124717,0.0129672,-0.0393372,0,0,-5,-0.0124717,0.0129672,4.96066,4.9607,-0.0304852,0.0180725,-0.00106623,0,0,0
1780638738292739,72.8717,-0.0123906,0.0127568,-0.039093,0,0,-5,-0.0123906,0.0127568,4.96091,4.96094,-0.0313986,0.0178118,-0.00205848,0,0,0
1780638738308739,72.8877,-0.0123832,0.0126395,-0.0389404,0,0,-5,-0.0123832,0.0126395,4.96106,4.96109,-0.0310995,0.0168198,-0.000629998,0,0,0
1780638738332739,72.9117,-0.0124129,0.0124946,-0.0387268,0,0,-5,-0.0124129,0.0124946,4.96127,4.9613,-0.0308941,0.0166171,0.000847973,0,0,0
1780638738348739,72.9277,-0.0124604,0.0124242,-0.0386047,0,0,-5,-0.0124604,0.0124242,4.9614,4.96143,-0.0309396,0.016857,0.000313641,0,0,0
1780638738364739,72.9437,-0.0125497,0.0123823,-0.0385132,0,0,-5,-0.0125497,0.0123823,4.96149,4.96152,-0.0322726,0.0172528,-0.000569119,0,0,0
1780638738388739,72.9677,-0.0127275,0.0123679,-0.0383911,0,0,-5,-0.0127275,0.0123679,4.96161,4.96164,-0.0318454,0.0173514,-0.000494902,0,0,0
1780638738404739,72.9837,-0.0128772,0.0123863,-0.0382996,0,0,-5,-0.0128772,0.0123863,4.9617,4.96173,-0.0325902,0.0175713,-0.00132971,0,0,0
1780638738428739,73.0077,-0.0131503,0.0124659,-0.038208,0,0,-5,-0.0131503,0.0124659,4.96179,4.96183,-0.03246,0.0188832,-0.00189166,0,0,0
1780638738444739,73.0237,-0.013352,0.0125503,-0.038147,0,0,-5,-0.013352,0.0125503,4.96185,4.96189,-0.0315654,0.0185622,-0.00222248,0,0,0
1780638738468739,73.0477,-0.0136791,0.0127047,-0.0380859,0,0,-5,-0.0136791,0.0127047,4.96191,4.96195,-0.0313224,0.0190043,-0.00108778,0,0,0
1780638738492739,73.0717,-0.0140344,0.0129071,-0.0379944,0,0,-5,-0.0140344,0.0129071,4.96201,4.96204,-0.0307073,0.0199529,-0.000313718,0,0,0
1780638738508739,73.0877,-0.0142972,0.0130782,-0.0379333,0,0,-5,-0.0142972,0.0130782,4.96207,4.9621,-0.0315169,0.0213428,-0.00153264,0,0,0
1780638738524739,73.1037,-0.0145718,0.0132749,-0.0379333,0,0,-5,-0.0145718,0.0132749,4.96207,4.96211,-0.0328199,0.0207979,-0.00215084,0,0,0
1780638738548739,73.1277,-0.0150508,0.0135948,-0.0379028,0,0,-5,-0.0150508,0.0135948,4.9621,4.96214,-0.0335066,0.0214744,-0.00192893,0,0,0
1780638738572739,73.1517,-0.0155823,0.0139385,-0.0379028,0,0,-5,-0.0155823,0.0139385,4.9621,4.96214,-0.0348145,0.0201752,-0.00228879,0,0,0
1780638738588739,73.1677,-0.0152723,0.0135367,-0.0375977,0,0,-5,-0.0152723,0.0135367,4.9624,4.96244,-0.0339382,0.0187739,-0.00237529,0,0,0
1780638738604739,73.1837,-0.0149872,0.0131628,-0.0373535,0,0,-5,-0.0149872,0.0131628,4.96265,4.96269,-0.0328559,0.0187542,-0.00432538,0,0,0
1780638738628739,73.2077,-0.0146139,0.0126748,-0.0370178,0,0,-5,-0.0146139,0.0126748,4.96298,4.96302,-0.0325645,0.0183391,-0.00402381,0,0,0
1780638738652739,73.2317,-0.0143544,0.0122651,-0.0367126,0,0,-5,-0.0143544,0.0122651,4.96329,4.96332,-0.0325917,0.0189707,-0.00433264,0,0,0
1780638738668739,73.2477,-0.0142224,0.0120525,-0.0365295,0,0,-5,-0.0142224,0.0120525,4.96347,4.96351,-0.0329368,0.0206382,-0.00482751,0,0,0
1780638738692739,73.2717,-0.0140857,0.0118171,-0.0363159,0,0,-5,-0.0140857,0.0118171,4.96368,4.96372,-0.033386,0.0208019,-0.00512866,0,0,0
1780638738708739,73.2877,-0.0140484,0.0116971,-0.0361938,0,0,-5,-0.0140484,0.0116971,4.96381,4.96384,-0.0331047,0.0213794,-0.00507372,0,0,0
1780638738732739,73.3117,-0.0140499,0.0115813,-0.0359802,0,0,-5,-0.0140499,0.0115813,4.96402,4.96405,-0.0344478,0.0218254,-0.00320079,0,0,0
1780638738748739,73.3277,-0.0141098,0.0115461,-0.0358276,0,0,-5,-0.0141098,0.0115461,4.96417,4.96421,-0.0349062,0.0228273,-0.00329464,0,0,0
1780638738772739,73.3517,-0.0142681,0.0115381,-0.035675,0,0,-5,-0.0142681,0.0115381,4.96432,4.96436,-0.0355928,0.0217823,-0.00312612,0,0,0
1780638738788739,73.3677,-0.0144093,0.0115468,-0.035553,0,0,-5,-0.0144093,0.0115468,4.96445,4.96448,-0.0354434,0.021561,-0.00342096,0,0,0
1780638738812739,73.3917,-0.0146514,0.0116052,-0.0354614,0,0,-5,-0.0146514,0.0116052,4.96454,4.96457,-0.0347926,0.0224716,-0.00402953,0,0,0
1780638738828739,73.4077,-0.0148364,0.0116738,-0.0353699,0,0,-5,-0.0148364,0.0116738,4.96463,4.96467,-0.0343792,0.0227946,-0.00363003,0,0,0
1780638738852739,73.4317,-0.0151525,0.0118113,-0.0353088,0,0,-5,-0.0151525,0.0118113,4.96469,4.96473,-0.0354173,0.0219614,-0.00478763,0,0,0
1780638738868903,73.4479,-0.0154068,0.0119159,-0.0352783,0,0,-5,-0.0154068,0.0119159,4.96472,4.96476,-0.0356845,0.0219467,-0.00570741,0,0,0
1780638738892903,73.4719,-0.0158171,0.0121115,-0.0352783,0,0,-5,-0.0158171,0.0121115,4.96472,4.96476,-0.035863,0.023308,-0.00797157,0,0,0
1780638738908903,73.4879,-0.0161134,0.0122736,-0.0353088,0,0,-5,-0.0161134,0.0122736,4.96469,4.96473,-0.036026,0.0229988,-0.00896636,0,0,0
1780638738932903,73.5119,-0.0166121,0.0125304,-0.0354004,0,0,-5,-0.0166121,0.0125304,4.9646,4.96464,-0.0364212,0.0225917,-0.0102903,0,0,0
1780638738948903,73.5279,-0.0169595,0.0127174,-0.0354919,0,0,-5,-0.0169595,0.0127174,4.96451,4.96455,-0.0356301,0.022458,-0.0103406,0,0,0
1780638738972903,73.5519,-0.0174926,0.0130088,-0.035675,0,0,-5,-0.0174926,0.0130088,4.96432,4.96437,-0.0345886,0.0212271,-0.0116884,0,0,0
1780638738988903,73.5679,-0.0173091,0.0128543,-0.0355835,0,0,-5,-0.0173091,0.0128543,4.96442,4.96446,-0.0352296,0.0215742,-0.012064,0,0,0
1780638739012903,73.5919,-0.0171071,0.0127134,-0.0354919,0,0,-5,-0.0171071,0.0127134,4.96451,4.96455,-0.0341587,0.0230466,-0.0122498,0,0,0
1780638739028903,73.6079,-0.0170083,0.0126629,-0.0354919,0,0,-5,-0.0170083,0.0126629,4.96451,4.96455,-0.0337427,0.0234079,-0.0119947,0,0,0
1780638739052903,73.6319,-0.016906,0.0126343,-0.0354919,0,0,-5,-0.016906,0.0126343,4.96451,4.96455,-0.0325304,0.0228293,-0.0109872,0,0,0
1780638739068903,73.6479,-0.0168785,0.0126452,-0.0354919,0,0,-5,-0.0168785,0.0126452,4.96451,4.96455,-0.0330843,0.0234123,-0.0118723,0,0,0
1780638739092903,73.6719,-0.0168852,0.012714,-0.035553,0,0,-5,-0.0168852,0.012714,4.96445,4.96449,-0.0317315,0.023549,-0.0117516,0,0,0
1780638739108903,73.6879,-0.0169121,0.012794,-0.035614,0,0,-5,-0.0169121,0.012794,4.96439,4.96443,-0.0315647,0.0255496,-0.0120835,0,0,0
1780638739132903,73.7119,-0.0170041,0.012992,-0.0357056,0,0,-5,-0.0170041,0.012992,4.96429,4.96434,-0.0320811,0.0255235,-0.0123216,0,0,0
1780638739148903,73.7279,-0.0171101,0.0131315,-0.0358276,0,0,-5,-0.0171101,0.0131315,4.96417,4.96422,-0.0329794,0.0252153,-0.0122415,0,0,0
1780638739172903,73.7519,-0.0173493,0.0133811,-0.0360413,0,0,-5,-0.0173493,0.0133811,4.96396,4.96401,-0.033445,0.0261404,-0.0136924,0,0,0
1780638739188903,73.7679,-0.0175277,0.0135875,-0.0362244,0,0,-5,-0.0175277,0.0135875,4.96378,4.96383,-0.0323087,0.0274915,-0.0137951,0,0,0
1780638739212903,73.7919,-0.0178073,0.0139436,-0.036499,0,0,-5,-0.0178073,0.0139436,4.9635,4.96355,-0.0316651,0.0279515,-0.0124425,0,0,0
1780638739228903,73.8079,-0.0180214,0.0142106,-0.0367126,0,0,-5,-0.0180214,0.0142106,4.96329,4.96334,-0.0323744,0.029136,-0.0129609,0,0,0
1780638739252903,73.8319,-0.0183991,0.0146909,-0.0370789,0,0,-5,-0.0183991,0.0146909,4.96292,4.96298,-0.0334569,0.032231,-0.01352,0,0,0
1780638739268903,73.8479,-0.018693,0.0150541,-0.0372925,0,0,-5,-0.018693,0.0150541,4.96271,4.96277,-0.0343121,0.0326371,-0.0125091,0,0,0
1780638739292903,73.8719,-0.0191941,0.0156361,-0.0375977,0,0,-5,-0.0191941,0.0156361,4.9624,4.96246,-0.0354814,0.0335799,-0.010861,0,0,0
1780638739308903,73.8879,-0.0195509,0.0160512,-0.0378113,0,0,-5,-0.0195509,0.0160512,4.96219,4.96225,-0.0364528,0.0346834,-0.0102063,0,0,0
1780638739332903,73.9119,-0.020146,0.0167001,-0.0380554,0,0,-5,-0.020146,0.0167001,4.96194,4.96201,-0.0377404,0.0339638,-0.00852722,0,0,0
1780638739348903,73.9279,-0.0205606,0.0171383,-0.038208,0,0,-5,-0.0205606,0.0171383,4.96179,4.96186,-0.0361989,0.0335469,-0.00840071,0,0,0
1780638739372903,73.9519,-0.0211858,0.0178066,-0.0383911,0,0,-5,-0.0211858,0.0178066,4.96161,4.96169,-0.0367692,0.0333383,-0.00839347,0,0,0
1780638739388903,73.9679,-0.0207053,0.0176301,-0.0383301,0,0,-5,-0.0207053,0.0176301,4.96167,4.96174,-0.0361529,0.0333722,-0.00886145,0,0,0
1780638739412903,73.9919,-0.0201102,0.0174696,-0.038269,0,0,-5,-0.0201102,0.0174696,4.96173,4.9618,-0.0372046,0.0349817,-0.00838332,0,0,0
1780638739428903,74.0079,-0.0197768,0.0174126,-0.038208,0,0,-5,-0.0197768,0.0174126,4.96179,4.96186,-0.0365312,0.0345587,-0.00751804,0,0,0
1780638739452903,74.0319,-0.0193612,0.017392,-0.038147,0,0,-5,-0.0193612,0.017392,4.96185,4.96192,-0.0374491,0.035139,-0.00642503,0,0,0
1780638739468903,74.0479,-0.0191512,0.0174318,-0.0380859,0,0,-5,-0.0191512,0.0174318,4.96191,4.96198,-0.0376185,0.0356584,-0.00605298,0,0,0
1780638739492903,74.0719,-0.0189221,0.0175489,-0.0379944,0,0,-5,-0.0189221,0.0175489,4.96201,4.96207,-0.0375419,0.03543,-0.00466529,0,0,0
1780638739508903,74.0879,-0.0188034,0.0176607,-0.0379333,0,0,-5,-0.0188034,0.0176607,4.96207,4.96213,-0.0358206,0.0356897,-0.00273471,0,0,0
1780638739532903,74.1119,-0.0186698,0.0178819,-0.0378113,0,0,-5,-0.0186698,0.0178819,4.96219,4.96226,-0.0353142,0.0368653,-0.00236682,0,0,0
1780638739548903,74.1279,-0.0186095,0.0180778,-0.0376892,0,0,-5,-0.0186095,0.0180778,4.96231,4.96238,-0.0331686,0.0384473,-0.00160758,0,0,0
1780638739572903,74.1519,-0.0185633,0.0184811,-0.0375671,0,0,-5,-0.0185633,0.0184811,4.96243,4.9625,-0.033649,0.0401221,-0.0033813,0,0,0
1780638739588903,74.1679,-0.0185577,0.0187854,-0.0374756,0,0,-5,-0.0185577,0.0187854,4.96252,4.96259,-0.0336757,0.0409032,-0.00181527,0,0,0
1780638739612903,74.1919,-0.0185838,0.0192827,-0.037384,0,0,-5,-0.0185838,0.0192827,4.96262,4.96269,-0.03255,0.0401538,-0.0028199,0,0,0
1780638739628903,74.2079,-0.0186312,0.0196283,-0.037323,0,0,-5,-0.0186312,0.0196283,4.96268,4.96275,-0.0320012,0.0398781,-0.0037074,0,0,0
1780638739652903,74.2319,-0.0187416,0.0201665,-0.0372925,0,0,-5,-0.0187416,0.0201665,4.96271,4.96278,-0.0329635,0.0397924,-0.00303528,0,0,0
1780638739668903,74.2479,-0.0188536,0.0205573,-0.0372314,0,0,-5,-0.0188536,0.0205573,4.96277,4.96285,-0.0324242,0.0407197,-0.00188927,0,0,0
1780638739692903,74.2719,-0.0190578,0.0211956,-0.0372009,0,0,-5,-0.0190578,0.0211956,4.9628,4.96288,-0.0325746,0.0416592,-0.0027971,0,0,0
1780638739708903,74.2879,-0.0192316,0.0216461,-0.0371704,0,0,-5,-0.0192316,0.0216461,4.96283,4.96291,-0.0334125,0.0413017,-0.00243064,0,0,0
1780638739732903,74.3119,-0.019544,0.0223541,-0.0371704,0,0,-5,-0.019544,0.0223541,4.96283,4.96292,-0.0335067,0.0423772,-0.00152406,0,0,0
1780638739748903,74.3279,-0.01978,0.0228643,-0.0371399,0,0,-5,-0.01978,0.0228643,4.96286,4.96295,-0.0341577,0.043336,-0.00239441,0,0,0
1780638739772903,74.3519,-0.0201809,0.0236693,-0.0371704,0,0,-5,-0.0201809,0.0236693,4.96283,4.96293,-0.0350117,0.0435335,-0.00106386,0,0,0
1780638739788903,74.3679,-0.0199722,0.0231747,-0.0369568,0,0,-5,-0.0199722,0.0231747,4.96304,4.96314,-0.0346404,0.0443096,-0.00155545,0,0,0
1780638739812903,74.3919,-0.0197228,0.0225443,-0.0366821,0,0,-5,-0.0197228,0.0225443,4.96332,4.96341,-0.0334169,0.0446324,-0.002081,0,0,0
1780638739828903,74.4079,-0.0195875,0.0221982,-0.036499,0,0,-5,-0.0195875,0.0221982,4.9635,4.96359,-0.0327771,0.0436834,-0.00302038,0,0,0
1780638739852903,74.4319,-0.0194429,0.021749,-0.0362854,0,0,-5,-0.0194429,0.021749,4.96371,4.9638,-0.0316111,0.0423055,-0.00254442,0,0,0
1780638739869070,74.448,-0.0193738,0.0214964,-0.0361633,0,0,-5,-0.0193738,0.0214964,4.96384,4.96392,-0.0318344,0.0418312,-0.00255047,0,0,0
1780638739893070,74.472,-0.0193432,0.0211978,-0.0359497,0,0,-5,-0.0193432,0.0211978,4.96405,4.96413,-0.0313805,0.041856,-0.00144738,0,0,0
1780638739909070,74.488,-0.019347,0.0210541,-0.0358276,0,0,-5,-0.019347,0.0210541,4.96417,4.96425,-0.0313434,0.0417232,-0.00179919,0,0,0
1780638739933070,74.512,-0.0194137,0.0209035,-0.0356445,0,0,-5,-0.0194137,0.0209035,4.96436,4.96444,-0.0322439,0.0410401,-0.000612914,0,0,0
1780638739949070,74.528,-0.0194972,0.0208489,-0.0355225,0,0,-5,-0.0194972,0.0208489,4.96448,4.96456,-0.0327321,0.0419949,-0.000737876,0,0,0
1780638739965070,74.544,-0.0196238,0.0208413,-0.0354004,0,0,-5,-0.0196238,0.0208413,4.9646,4.96468,-0.0339815,0.0415192,-0.000412295,0,0,0
1780638739989070,74.568,-0.0198942,0.0208796,-0.0352783,0,0,-5,-0.0198942,0.0208796,4.96472,4.96481,-0.0346401,0.0408369,-0.00169348,0,0,0
1780638740013070,74.592,-0.020228,0.0209605,-0.0351868,0,0,-5,-0.020228,0.0209605,4.96481,4.9649,-0.0358862,0.0393864,-0.00181382,0,0,0
1780638740029070,74.608,-0.0204937,0.0210415,-0.0351257,0,0,-5,-0.0204937,0.0210415,4.96487,4.96496,-0.0363814,0.0388629,-0.00107855,0,0,0
1780638740053070,74.632,-0.0209433,0.0212388,-0.0350342,0,0,-5,-0.0209433,0.0212388,4.96497,4.96506,-0.0380402,0.0405833,-0.00164913,0,0,0
1780638740069070,74.648,-0.0212963,0.0214139,-0.0349731,0,0,-5,-0.0212963,0.0214139,4.96503,4.96512,-0.0392019,0.0396415,2.85554e-05,0,0,0
1780638740093070,74.672,-0.0218698,0.0216862,-0.0348816,0,0,-5,-0.0218698,0.0216862,4.96512,4.96521,-0.0395434,0.0380134,0.000252844,0,0,0
1780638740109070,74.688,-0.0222826,0.0218781,-0.0348511,0,0,-5,-0.0222826,0.0218781,4.96515,4.96525,-0.0406108,0.0374902,0.0004908,0,0,0
1780638740125070,74.704,-0.022735,0.0220922,-0.0348206,0,0,-5,-0.022735,0.0220922,4.96518,4.96528,-0.0416674,0.0369397,0.00153706,0,0,0
1780638740149070,74.728,-0.0234594,0.0224518,-0.034729,0,0,-5,-0.0234594,0.0224518,4.96527,4.96538,-0.042745,0.0373152,0.00141463,0,0,0
1780638740173070,74.752,-0.0242137,0.0228449,-0.034668,0,0,-5,-0.0242137,0.0228449,4.96533,4.96544,-0.0423788,0.0363465,0.0018027,0,0,0
1780638740189070,74.768,-0.0239266,0.022306,-0.0345764,0,0,-5,-0.0239266,0.022306,4.96542,4.96553,-0.0436999,0.0355645,0.000690957,0,0,0
1780638740213070,74.792,-0.0235869,0.021601,-0.0345154,0,0,-5,-0.0235869,0.021601,4.96548,4.96559,-0.0421388,0.0359063,0.00067284,0,0,0
1780638740229070,74.808,-0.0234072,0.0211983,-0.0344543,0,0,-5,-0.0234072,0.0211983,4.96555,4.96565,-0.0433488,0.0354699,0.00284913,0,0,0
1780638740253070,74.832,-0.0232462,0.0206805,-0.0343628,0,0,-5,-0.0232462,0.0206805,4.96564,4.96573,-0.0435508,0.035652,0.00357156,0,0,0
1780638740269070,74.848,-0.0231884,0.0204018,-0.0343018,0,0,-5,-0.0231884,0.0204018,4.9657,4.96579,-0.0428663,0.0356605,0.00497063,0,0,0
1780638740293070,74.872,-0.0231798,0.0200504,-0.0342102,0,0,-5,-0.0231798,0.0200504,4.96579,4.96588,-0.043807,0.0347643,0.00426764,0,0,0
1780638740309070,74.888,-0.0232374,0.019853,-0.0341492,0,0,-5,-0.0232374,0.019853,4.96585,4.96594,-0.0442901,0.0343397,0.00444804,0,0,0
1780638740333070,74.912,-0.0234159,0.0196429,-0.0341492,0,0,-5,-0.0234159,0.0196429,4.96585,4.96594,-0.0456496,0.0343162,0.00259031,0,0,0
1780638740349070,74.928,-0.023586,0.0195464,-0.0341797,0,0,-5,-0.023586,0.0195464,4.96582,4.96591,-0.0465886,0.0349376,0.00260736,0,0,0
1780638740373070,74.952,-0.0239237,0.0194668,-0.0342102,0,0,-5,-0.0239237,0.0194668,4.96579,4.96589,-0.0471957,0.0341412,0.00235169,0,0,0
1780638740389070,74.968,-0.0241925,0.0194353,-0.0342102,0,0,-5,-0.0241925,0.0194353,4.96579,4.96589,-0.0477468,0.0331322,0.00198797,0,0,0
1780638740413070,74.992,-0.0246589,0.0194366,-0.0342407,0,0,-5,-0.0246589,0.0194366,4.96576,4.96586,-0.0479112,0.0334789,0.00137844,0,0,0
1780638740429070,75.008,-0.0250128,0.0194763,-0.0342407,0,0,-5,-0.0250128,0.0194763,4.96576,4.96586,-0.0486941,0.032857,0.00103895,0,0,0
1780638740453070,75.032,-0.0255929,0.0195755,-0.0342712,0,0,-5,-0.0255929,0.0195755,4.96573,4.96583,-0.0490312,0.0324114,0.00151551,0,0,0
1780638740469070,75.048,-0.0260114,0.0196812,-0.0343018,0,0,-5,-0.0260114,0.0196812,4.9657,4.96581,-0.0480661,0.034141,0.0018885,0,0,0
1780638740493070,75.072,-0.0266529,0.0199119,-0.0343628,0,0,-5,-0.0266529,0.0199119,4.96564,4.96575,-0.0476546,0.0342574,0.000689006,0,0,0
1780638740509070,75.088,-0.0270903,0.020094,-0.0343933,0,0,-5,-0.0270903,0.020094,4.96561,4.96572,-0.0475606,0.034799,-0.000540776,0,0,0
1780638740533070,75.112,-0.0277896,0.0204087,-0.0345154,0,0,-5,-0.0277896,0.0204087,4.96548,4.9656,-0.0480544,0.0338085,-0.00103618,0,0,0
1780638740549070,75.128,-0.0282869,0.020629,-0.0345764,0,0,-5,-0.0282869,0.020629,4.96542,4.96555,-0.0476372,0.0325168,-0.000588396,0,0,0
1780638740573070,75.152,-0.0290523,0.0209719,-0.034668,0,0,-5,-0.0290523,0.0209719,4.96533,4.96546,-0.0483384,0.0316026,-0.000591522,0,0,0
1780638740589070,75.168,-0.0285325,0.0205339,-0.0345154,0,0,-5,-0.0285325,0.0205339,4.96548,4.96561,-0.0465264,0.0306171,-0.0004135,0,0,0
1780638740613070,75.192,-0.0278317,0.0199422,-0.0343628,0,0,-5,-0.0278317,0.0199422,4.96564,4.96576,-0.0439828,0.0298726,-0.00215182,0,0,0
1780638740629070,75.208,-0.0274272,0.0196022,-0.0342712,0,0,-5,-0.0274272,0.0196022,4.96573,4.96584,-0.0449181,0.0291274,-0.00118442,0,0,0
1780638740653070,75.232,-0.026952,0.0191501,-0.0341492,0,0,-5,-0.026952,0.0191501,4.96585,4.96596,-0.0461805,0.0294705,-0.00141843,0,0,0
1780638740669070,75.248,-0.0267118,0.0189051,-0.0340881,0,0,-5,-0.0267118,0.0189051,4.96591,4.96602,-0.0461808,0.0291294,-0.00143423,0,0,0
1780638740685070,75.264,-0.0265186,0.0186947,-0.0340271,0,0,-5,-0.0265186,0.0186947,4.96597,4.96608,-0.0458971,0.0290555,0.000133448,0,0,0
1780638740709070,75.288,-0.0263391,0.0184437,-0.033905,0,0,-5,-0.0263391,0.0184437,4.96609,4.9662,-0.0470468,0.0285995,0.000605129,0,0,0
1780638740733070,75.312,-0.0262643,0.0182638,-0.0338135,0,0,-5,-0.0262643,0.0182638,4.96619,4.96629,-0.0466477,0.0289428,0.00143735,0,0,0
1780638740749070,75.328,-0.0262598,0.0181975,-0.0337524,0,0,-5,-0.0262598,0.0181975,4.96625,4.96635,-0.0461302,0.0301312,0.00107111,0,0,0
1780638740773070,75.352,-0.026316,0.0181871,-0.0336914,0,0,-5,-0.026316,0.0181871,4.96631,4.96641,-0.0468094,0.0312981,0.00255061,0,0,0
1780638740789070,75.368,-0.026413,0.0182181,-0.0336304,0,0,-5,-0.026413,0.0182181,4.96637,4.96647,-0.0468442,0.0311736,0.0028905,0,0,0
1780638740813070,75.392,-0.0266199,0.0183356,-0.0335083,0,0,-5,-0.0266199,0.0183356,4.96649,4.9666,-0.0462417,0.0327131,0.00306281,0,0,0
1780638740829070,75.408,-0.0268056,0.0184729,-0.0334167,0,0,-5,-0.0268056,0.0184729,4.96658,4.96669,-0.0482414,0.0345621,0.00419899,0,0,0
1780638740853070,75.432,-0.0271974,0.0187484,-0.0332642,0,0,-5,-0.0271974,0.0187484,4.96674,4.96685,-0.0490991,0.0355023,0.00367239,0,0,0
1780638740869070,75.448,-0.0275029,0.0189764,-0.0331726,0,0,-5,-0.0275029,0.0189764,4.96683,4.96694,-0.0502967,0.0363673,0.00352142,0,0,0
1780638740893239,75.4722,-0.0280373,0.0193801,-0.03302,0,0,-5,-0.0280373,0.0193801,4.96698,4.9671,-0.0506525,0.0368338,0.00367663,0,0,0
1780638740909239,75.4882,-0.0284281,0.0196883,-0.0329285,0,0,-5,-0.0284281,0.0196883,4.96707,4.96719,-0.0514392,0.038245,0.00407544,0,0,0
1780638740925239,75.5042,-0.0288681,0.0200464,-0.0328369,0,0,-5,-0.0288681,0.0200464,4.96716,4.96729,-0.0525688,0.039784,0.00343242,0,0,0
1780638740949239,75.5282,-0.0295815,0.0206447,-0.0327454,0,0,-5,-0.0295815,0.0206447,4.96725,4.96739,-0.0531912,0.0405534,0.00344582,0,0,0
1780638740973239,75.5522,-0.0303904,0.0212982,-0.0326233,0,0,-5,-0.0303904,0.0212982,4.96738,4.96752,-0.055761,0.0402206,0.0044666,0,0,0
1780638740989239,75.5682,-0.0297757,0.020611,-0.0324707,0,0,-5,-0.0297757,0.020611,4.96753,4.96766,-0.0550868,0.0397401,0.0042353,0,0,0
1780638741005239,75.5842,-0.0292163,0.0200012,-0.0323181,0,0,-5,-0.0292163,0.0200012,4.96768,4.96781,-0.0534391,0.0405698,0.00437526,0,0,0
1780638741029239,75.6082,-0.0284918,0.0192254,-0.0321045,0,0,-5,-0.0284918,0.0192254,4.9679,4.96801,-0.0529137,0.0411645,0.00445721,0,0,0
1780638741053239,75.6322,-0.0279233,0.0186097,-0.0318909,0,0,-5,-0.0279233,0.0186097,4.96811,4.96822,-0.0537887,0.0430433,0.00435535,0,0,0
1780638741069239,75.6482,-0.02763,0.0182914,-0.0317688,0,0,-5,-0.02763,0.0182914,4.96823,4.96834,-0.0531356,0.0427844,0.00485797,0,0,0
1780638741093239,75.6722,-0.0272712,0.0178921,-0.0315552,0,0,-5,-0.0272712,0.0178921,4.96844,4.96855,-0.0530141,0.0412225,0.00479916,0,0,0
1780638741109239,75.6882,-0.0271,0.0176712,-0.0314026,0,0,-5,-0.0271,0.0176712,4.9686,4.9687,-0.0525772,0.0409071,0.0065575,0,0,0
1780638741133239,75.7122,-0.0269267,0.0174016,-0.031189,0,0,-5,-0.0269267,0.0174016,4.96881,4.96891,-0.0516851,0.0393024,0.00606215,0,0,0
1780638741149239,75.7282,-0.0268623,0.0172671,-0.0310364,0,0,-5,-0.0268623,0.0172671,4.96896,4.96907,-0.0512009,0.03928,0.00633124,0,0,0
1780638741173239,75.7522,-0.0268412,0.0171585,-0.0308228,0,0,-5,-0.0268412,0.0171585,4.96918,4.96928,-0.0512653,0.0402003,0.00704966,0,0,0
1780638741189239,75.7682,-0.0268829,0.017141,-0.0306702,0,0,-5,-0.0268829,0.017141,4.96933,4.96943,-0.0510176,0.040733,0.0081008,0,0,0
1780638741213239,75.7922,-0.0270186,0.0172046,-0.0304565,0,0,-5,-0.0270186,0.0172046,4.96954,4.96965,-0.0507645,0.0419794,0.00800808,0,0,0
1780638741229239,75.8082,-0.0271489,0.0173068,-0.030304,0,0,-5,-0.0271489,0.0173068,4.9697,4.9698,-0.0517986,0.0411765,0.00759126,0,0,0
1780638741253239,75.8322,-0.0274312,0.0175003,-0.0301208,0,0,-5,-0.0274312,0.0175003,4.96988,4.96999,-0.052418,0.0407153,0.00701593,0,0,0
1780638741269239,75.8482,-0.0276832,0.0176763,-0.0300293,0,0,-5,-0.0276832,0.0176763,4.96997,4.97008,-0.0534696,0.0417411,0.00594758,0,0,0
1780638741293239,75.8722,-0.0281388,0.0180097,-0.0298462,0,0,-5,-0.0281388,0.0180097,4.97015,4.97027,-0.0543685,0.0421929,0.00808715,0,0,0
1780638741309239,75.8882,-0.0284941,0.018279,-0.0297241,0,0,-5,-0.0284941,0.018279,4.97028,4.97039,-0.0551365,0.042834,0.00826246,0,0,0
1780638741333239,75.9122,-0.029089,0.0187401,-0.029541,0,0,-5,-0.029089,0.0187401,4.97046,4.97058,-0.0548451,0.0432876,0.0096765,0,0,0
1780638741349239,75.9282,-0.0295283,0.0190848,-0.0293884,0,0,-5,-0.0295283,0.0190848,4.97061,4.97074,-0.0564323,0.0438235,0.0103119,0,0,0
1780638741373239,75.9522,-0.0302957,0.0196381,-0.0291443,0,0,-5,-0.0302957,0.0196381,4.97086,4.97099,-0.0586278,0.0425122,0.0117163,0,0,0
1780638741389239,75.9682,-0.0294342,0.0189417,-0.0290527,0,0,-5,-0.0294342,0.0189417,4.97095,4.97107,-0.0585208,0.042646,0.0115348,0,0,0
1780638741413239,75.9922,-0.0283,0.0180645,-0.0289001,0,0,-5,-0.0283,0.0180645,4.9711,4.97121,-0.0572547,0.0436298,0.00998484,0,0,0
1780638741429239,76.0082,-0.0276513,0.0175588,-0.0288086,0,0,-5,-0.0276513,0.0175588,4.97119,4.9713,-0.0574904,0.0425434,0.0107808,0,0,0
1780638741453239,76.0322,-0.0268042,0.0168994,-0.028717,0,0,-5,-0.0268042,0.0168994,4.97128,4.97138,-0.0557895,0.0419577,0.0108223,0,0,0
1780638741469239,76.0482,-0.0263172,0.0165164,-0.028656,0,0,-5,-0.0263172,0.0165164,4.97134,4.97144,-0.0554294,0.0403294,0.00992353,0,0,0
1780638741493239,76.0722,-0.0257173,0.0160036,-0.0285339,0,0,-5,-0.0257173,0.0160036,4.97147,4.97156,-0.0554962,0.0390095,0.00938676,0,0,0
1780638741509239,76.0882,-0.0253849,0.0157198,-0.0285034,0,0,-5,-0.0253849,0.0157198,4.9715,4.97159,-0.0546557,0.0387123,0.00923219,0,0,0
1780638741533239,76.1122,-0.0249886,0.015386,-0.0283813,0,0,-5,-0.0249886,0.015386,4.97162,4.97171,-0.05466,0.0385568,0.0084217,0,0,0
1780638741549239,76.1282,-0.0247995,0.0152076,-0.0282898,0,0,-5,-0.0247995,0.0152076,4.97171,4.9718,-0.0546189,0.0379836,0.00989921,0,0,0
1780638741573239,76.1522,-0.0246003,0.0150149,-0.0281372,0,0,-5,-0.0246003,0.0150149,4.97186,4.97195,-0.0545817,0.0379661,0.00999042,0,0,0
1780638741589239,76.1682,-0.024528,0.0149383,-0.0280151,0,0,-5,-0.024528,0.0149383,4.97198,4.97207,-0.0547942,0.0375259,0.00937766,0,0,0
1780638741613239,76.1922,-0.0245111,0.0149,-0.027832,0,0,-5,-0.0245111,0.0149,4.97217,4.97225,-0.0542281,0.0385879,0.010139,0,0,0
1780638741629239,76.2082,-0.024558,0.0149252,-0.02771,0,0,-5,-0.024558,0.0149252,4.97229,4.97237,-0.0541936,0.0386297,0.0106464,0,0,0
1780638741653239,76.2322,-0.0246825,0.0150244,-0.0274963,0,0,-5,-0.0246825,0.0150244,4.9725,4.97259,-0.0536997,0.0385555,0.0108535,0,0,0
1780638741669239,76.2482,-0.0248138,0.0151347,-0.0273743,0,0,-5,-0.0248138,0.0151347,4.97263,4.97271,-0.0533222,0.0390733,0.0120776,0,0,0
1780638741693239,76.2722,-0.0250829,0.015369,-0.0271606,0,0,-5,-0.0250829,0.015369,4.97284,4.97293,-0.0539171,0.0393108,0.012329,0,0,0
1780638741709239,76.2882,-0.0253118,0.0155522,-0.0270081,0,0,-5,-0.0253118,0.0155522,4.97299,4.97308,-0.0535231,0.038207,0.0141208,0,0,0
1780638741733239,76.3122,-0.0257174,0.0158638,-0.0267334,0,0,-5,-0.0257174,0.0158638,4.97327,4.97336,-0.0541468,0.0387626,0.0146082,0,0,0
1780638741749239,76.3282,-0.0260365,0.0161037,-0.0265198,0,0,-5,-0.0260365,0.0161037,4.97348,4.97357,-0.0544399,0.0381294,0.0144328,0,0,0
1780638741765239,76.3442,-0.0263908,0.0163659,-0.0263367,0,0,-5,-0.0263908,0.0163659,4.97366,4.97376,-0.0543665,0.0389377,0.0137088,0,0,0
1780638741789239,76.3682,-0.0259171,0.0160414,-0.0258789,0,0,-5,-0.0259171,0.0160414,4.97412,4.97421,-0.054875,0.0396268,0.0132255,0,0,0
1780638741813239,76.3922,-0.0250724,0.0154466,-0.0253906,0,0,-5,-0.0250724,0.0154466,4.97461,4.9747,-0.0548562,0.0391836,0.0134071,0,0,0
1780638741829239,76.4082,-0.0245909,0.0151028,-0.0250854,0,0,-5,-0.0245909,0.0151028,4.97491,4.975,-0.054233,0.0381843,0.0116868,0,0,0
1780638741853239,76.4322,-0.0239897,0.014699,-0.0246582,0,0,-5,-0.0239897,0.014699,4.97534,4.97542,-0.0529074,0.0402518,0.0117632,0,0,0
1780638741869239,76.4482,-0.0236526,0.0145158,-0.0243835,0,0,-5,-0.0236526,0.0145158,4.97562,4.97569,-0.0524205,0.0415487,0.010865,0,0,0
1780638741893239,76.4722,-0.0232463,0.0143325,-0.0240173,0,0,-5,-0.0232463,0.0143325,4.97598,4.97606,-0.0511585,0.0402217,0.00993181,0,0,0
1780638741909414,76.4884,-0.0230336,0.0142511,-0.0237732,0,0,-5,-0.0230336,0.0142511,4.97623,4.9763,-0.0509321,0.0406425,0.0101937,0,0,0
1780638741925414,76.5044,-0.022868,0.0142126,-0.0235291,0,0,-5,-0.022868,0.0142126,4.97647,4.97654,-0.0504991,0.0405146,0.00982454,0,0,0
1780638741949414,76.5284,-0.0227299,0.0142099,-0.0231934,0,0,-5,-0.0227299,0.0142099,4.97681,4.97688,-0.0522547,0.03955,0.00977088,0,0,0
1780638741973414,76.5524,-0.0227462,0.0142824,-0.0229187,0,0,-5,-0.0227462,0.0142824,4.97708,4.97715,-0.0536506,0.0393113,0.00916576,0,0,0
1780638741989414,76.5684,-0.022826,0.0143663,-0.0227356,0,0,-5,-0.022826,0.0143663,4.97726,4.97734,-0.0543125,0.03944,0.00979338,0,0,0
1780638742013414,76.5924,-0.0230262,0.0145425,-0.0224609,0,0,-5,-0.0230262,0.0145425,4.97754,4.97761,-0.0538722,0.0389431,0.010098,0,0,0
1780638742029414,76.6084,-0.0232035,0.0147013,-0.0222168,0,0,-5,-0.0232035,0.0147013,4.97778,4.97786,-0.0541612,0.038944,0.00959255,0,0,0
1780638742053414,76.6324,-0.0235505,0.014964,-0.0219116,0,0,-5,-0.0235505,0.014964,4.97809,4.97817,-0.0543671,0.0375059,0.00868401,0,0,0
1780638742069414,76.6484,-0.0238297,0.0151489,-0.0217285,0,0,-5,-0.0238297,0.0151489,4.97827,4.97835,-0.0543377,0.0363373,0.00870781,0,0,0
1780638742093414,76.6724,-0.0243059,0.0154602,-0.0214233,0,0,-5,-0.0243059,0.0154602,4.97858,4.97866,-0.0549682,0.0348639,0.00811251,0,0,0
1780638742109414,76.6884,-0.0246844,0.0156765,-0.0212097,0,0,-5,-0.0246844,0.0156765,4.97879,4.97888,-0.0561888,0.0342552,0.00857893,0,0,0
1780638742133414,76.7124,-0.0253162,0.0160477,-0.0209045,0,0,-5,-0.0253162,0.0160477,4.9791,4.97919,-0.0561151,0.0350752,0.00868499,0,0,0
1780638742149414,76.7284,-0.0257869,0.0163275,-0.0206909,0,0,-5,-0.0257869,0.0163275,4.97931,4.9794,-0.0579674,0.034758,0.00866076,0,0,0
1780638742173414,76.7524,-0.026582,0.0167702,-0.0203857,0,0,-5,-0.026582,0.0167702,4.97961,4.97971,-0.0589366,0.0348839,0.00787353,0,0,0
1780638742189414,76.7684,-0.0261376,0.0159021,-0.0201111,0,0,-5,-0.0261376,0.0159021,4.97989,4.97998,-0.0579641,0.0330087,0.00709233,0,0,0
1780638742213414,76.7924,-0.0255848,0.0147022,-0.0197449,0,0,-5,-0.0255848,0.0147022,4.98026,4.98034,-0.0571069,0.031699,0.00767829,0,0,0
1780638742229414,76.8084,-0.0252944,0.0139698,-0.0195312,0,0,-5,-0.0252944,0.0139698,4.98047,4.98055,-0.0572883,0.0304541,0.00676887,0,0,0
1780638742253414,76.8324,-0.0250003,0.0129895,-0.0191956,0,0,-5,-0.0250003,0.0129895,4.9808,4.98088,-0.0573168,0.0314456,0.00569779,0,0,0
1780638742269414,76.8484,-0.0248625,0.0124155,-0.0190125,0,0,-5,-0.0248625,0.0124155,4.98099,4.98107,-0.0563214,0.0304645,0.00686939,0,0,0
1780638742293414,76.8724,-0.0247515,0.0116056,-0.0187073,0,0,-5,-0.0247515,0.0116056,4.98129,4.98137,-0.056181,0.0279197,0.00658551,0,0,0
1780638742309414,76.8884,-0.0247412,0.0111124,-0.0185242,0,0,-5,-0.0247412,0.0111124,4.98148,4.98155,-0.055848,0.0278799,0.00597,0,0,0
1780638742333414,76.9124,-0.0248093,0.0104571,-0.0182495,0,0,-5,-0.0248093,0.0104571,4.98175,4.98182,-0.0560784,0.0269414,0.00451112,0,0,0
1780638742349414,76.9284,-0.0249178,0.0100695,-0.0181274,0,0,-5,-0.0249178,0.0100695,4.98187,4.98195,-0.0560858,0.0272078,0.00583097,0,0,0
1780638742373414,76.9524,-0.0251443,0.00956041,-0.0178528,0,0,-5,-0.0251443,0.00956041,4.98215,4.98222,-0.0549318,0.0259455,0.00619956,0,0,0
1780638742389414,76.9684,-0.0253316,0.00924686,-0.0176697,0,0,-5,-0.0253316,0.00924686,4.98233,4.9824,-0.0547389,0.025048,0.00649846,0,0,0
1780638742413414,76.9924,-0.0257011,0.00883196,-0.017395,0,0,-5,-0.0257011,0.00883196,4.9826,4.98268,-0.0564534,0.0233286,0.00700681,0,0,0
1780638742429414,77.0084,-0.0260167,0.00857455,-0.0172119,0,0,-5,-0.0260167,0.00857455,4.98279,4.98286,-0.0569513,0.0227938,0.00645149,0,0,0
1780638742453414,77.0324,-0.0265525,0.00824979,-0.0169067,0,0,-5,-0.0265525,0.00824979,4.98309,4.98317,-0.0565644,0.0229639,0.00814232,0,0,0
1780638742469414,77.0484,-0.0269477,0.00807466,-0.0166931,0,0,-5,-0.0269477,0.00807466,4.98331,4.98339,-0.0566079,0.0222561,0.0088347,0,0,0
1780638742485414,77.0644,-0.0273837,0.00791219,-0.0164795,0,0,-5,-0.0273837,0.00791219,4.98352,4.9836,-0.0579377,0.0209201,0.0099395,0,0,0
1780638742509414,77.0884,-0.0281149,0.00768953,-0.0161438,0,0,-5,-0.0281149,0.00768953,4.98386,4.98394,-0.0582963,0.0201277,0.00957714,0,0,0
1780638742533414,77.1124,-0.0289044,0.00751436,-0.0157776,0,0,-5,-0.0289044,0.00751436,4.98422,4.98431,-0.0579006,0.0207487,0.00992704,0,0,0
1780638742549414,77.1284,-0.0294622,0.00743735,-0.0155029,0,0,-5,-0.0294622,0.00743735,4.9845,4.98459,-0.0582781,0.0204173,0.00893916,0,0,0
1780638742573414,77.1524,-0.0303672,0.00736351,-0.0151978,0,0,-5,-0.0303672,0.00736351,4.9848,4.9849,-0.0592087,0.0203963,0.00681014,0,0,0
1780638742589414,77.1684,-0.0297929,0.00688877,-0.0150146,0,0,-5,-0.0297929,0.00688877,4.98499,4.98508,-0.0592545,0.0203511,0.00558489,0,0,0
1780638742613414,77.1924,-0.0290851,0.00626587,-0.014801,0,0,-5,-0.0290851,0.00626587,4.9852,4.98529,-0.0595042,0.0203861,0.00636545,0,0,0
1780638742629414,77.2084,-0.0287082,0.00589202,-0.0146179,0,0,-5,-0.0287082,0.00589202,4.98538,4.98547,-0.0587818,0.0188454,0.00664585,0,0,0
1780638742653414,77.2324,-0.0282753,0.00534577,-0.0144043,0,0,-5,-0.0282753,0.00534577,4.9856,4.98568,-0.0594627,0.0166092,0.00616116,0,0,0
1780638742669414,77.2484,-0.0280726,0.00502015,-0.0142822,0,0,-5,-0.0280726,0.00502015,4.98572,4.9858,-0.0593292,0.0168218,0.00644448,0,0,0
1780638742693414,77.2724,-0.0278908,0.0045882,-0.0140686,0,0,-5,-0.0278908,0.0045882,4.98593,4.98601,-0.0604547,0.0158642,0.00735288,0,0,0
1780638742709414,77.2884,-0.0278555,0.00433349,-0.0139465,0,0,-5,-0.0278555,0.00433349,4.98605,4.98613,-0.0608163,0.0159888,0.00539338,0,0,0
1780638742733414,77.3124,-0.0278953,0.00400149,-0.0137939,0,0,-5,-0.0278953,0.00400149,4.98621,4.98629,-0.0603637,0.0159752,0.00419366,0,0,0
1780638742749414,77.3284,-0.0279846,0.00382484,-0.0137329,0,0,-5,-0.0279846,0.00382484,4.98627,4.98635,-0.0605991,0.0165044,0.00435329,0,0,0
1780638742773414,77.3524,-0.028226,0.00360937,-0.0136414,0,0,-5,-0.028226,0.00360937,4.98636,4.98644,-0.0611029,0.0159753,0.00350489,0,0,0
1780638742789414,77.3684,-0.0284355,0.00349268,-0.0136108,0,0,-5,-0.0284355,0.00349268,4.98639,4.98647,-0.0602186,0.016052,0.00284803,0,0,0
1780638742813414,77.3924,-0.0288229,0.00337321,-0.0135193,0,0,-5,-0.0288229,0.00337321,4.98648,4.98657,-0.0604513,0.0160375,0.00411648,0,0,0
1780638742829414,77.4084,-0.0291405,0.00330749,-0.0134888,0,0,-5,-0.0291405,0.00330749,4.98651,4.9866,-0.0610832,0.0147505,0.0032463,0,0,0
1780638742853414,77.4324,-0.0296981,0.00323115,-0.0133972,0,0,-5,-0.0296981,0.00323115,4.9866,4.98669,-0.0616286,0.0151534,0.00494414,0,0,0
1780638742869414,77.4484,-0.030122,0.00321781,-0.0133362,0,0,-5,-0.030122,0.00321781,4.98666,4.98676,-0.0624169,0.0152544,0.0054584,0,0,0
1780638742893414,77.4724,-0.0308075,0.0032139,-0.0132141,0,0,-5,-0.0308075,0.0032139,4.98679,4.98688,-0.0612546,0.0137602,0.00627233,0,0,0
1780638742909588,77.4885,-0.0312883,0.00321834,-0.0131226,0,0,-5,-0.0312883,0.00321834,4.98688,4.98698,-0.059912,0.0130791,0.00593469,0,0,0
1780638742933588,77.5125,-0.0320569,0.0032341,-0.01297,0,0,-5,-0.0320569,0.0032341,4.98703,4.98713,-0.0608137,0.0125473,0.00723191,0,0,0
1780638742949588,77.5285,-0.0326048,0.00327088,-0.0128479,0,0,-5,-0.0326048,0.00327088,4.98715,4.98726,-0.0606778,0.0138648,0.00660127,0,0,0
1780638742973588,77.5525,-0.0334938,0.00335599,-0.0127869,0,0,-5,-0.0334938,0.00335599,4.98721,4.98733,-0.0622294,0.0130621,0.00811042,0,0,0
1780638742989588,77.5685,-0.0330321,0.00290264,-0.0127563,0,0,-5,-0.0330321,0.00290264,4.98724,4.98735,-0.0625816,0.0141435,0.00754942,0,0,0
1780638743013588,77.5925,-0.0324858,0.00230938,-0.0127563,0,0,-5,-0.0324858,0.00230938,4.98724,4.98735,-0.0629367,0.0137648,0.00633559,0,0,0
1780638743029588,77.6085,-0.0322166,0.00194562,-0.0127258,0,0,-5,-0.0322166,0.00194562,4.98727,4.98738,-0.0633153,0.0118102,0.00593809,0,0,0
1780638743053588,77.6325,-0.0319391,0.00143077,-0.0127258,0,0,-5,-0.0319391,0.00143077,4.98727,4.98738,-0.0629972,0.0116679,0.00373183,0,0,0
1780638743069588,77.6485,-0.0318405,0.00112971,-0.0127563,0,0,-5,-0.0318405,0.00112971,4.98724,4.98735,-0.0635758,0.0119438,0.00378248,0,0,0
1780638743093588,77.6725,-0.0318286,0.000741885,-0.0127563,0,0,-5,-0.0318286,0.000741885,4.98724,4.98735,-0.0649717,0.0114593,0.00277566,0,0,0
1780638743109588,77.6885,-0.0319015,0.000499826,-0.0128174,0,0,-5,-0.0319015,0.000499826,4.98718,4.98728,-0.0647581,0.0107423,0.00168841,0,0,0
1780638743125588,77.7045,-0.0320269,0.000281622,-0.0128784,0,0,-5,-0.0320269,0.000281622,4.98712,4.98722,-0.0651195,0.0107113,0.00138409,0,0,0
1780638743149588,77.7285,-0.032305,-1.01244e-05,-0.0129395,0,0,-5,-0.032305,-1.01244e-05,4.98706,4.98717,-0.0652601,0.0104643,0.00152058,0,0,0
1780638743165588,77.7445,-0.0325464,-0.000170342,-0.0130005,0,0,-5,-0.0325464,-0.000170342,4.987,4.98711,-0.0651369,0.0111143,0.00123665,0,0,0
1780638743189588,77.7685,-0.0329812,-0.000355266,-0.0130615,0,0,-5,-0.0329812,-0.000355266,4.98694,4.98705,-0.0647783,0.0110757,0.000978654,0,0,0
1780638743205588,77.7845,-0.033329,-0.000448622,-0.0131226,0,0,-5,-0.033329,-0.000448622,4.98688,4.98699,-0.0653211,0.0115079,0.00146878,0,0,0
1780638743229588,77.8085,-0.0339138,-0.000574665,-0.0131531,0,0,-5,-0.0339138,-0.000574665,4.98685,4.98696,-0.0655621,0.00940595,0.00181365,0,0,0
1780638743253588,77.8325,-0.0345853,-0.000696896,-0.0132141,0,0,-5,-0.0345853,-0.000696896,4.98679,4.98691,-0.0663025,0.00814495,0.000897611,0,0,0
1780638743269588,77.8485,-0.0350741,-0.00077732,-0.0132751,0,0,-5,-0.0350741,-0.00077732,4.98672,4.98685,-0.0654189,0.00672373,0.000224312,0,0,0
1780638743293588,77.8725,-0.0358788,-0.000874182,-0.0133667,0,0,-5,-0.0358788,-0.000874182,4.98663,4.98676,-0.0662096,0.0075265,0.00115298,0,0,0
1780638743309588,77.8885,-0.0364676,-0.000911576,-0.0134277,0,0,-5,-0.0364676,-0.000911576,4.98657,4.98671,-0.067297,0.00753116,0.00141875,0,0,0
1780638743333588,77.9125,-0.0374277,-0.000937338,-0.0134888,0,0,-5,-0.0374277,-0.000937338,4.98651,4.98665,-0.0675739,0.00768088,0.00266808,0,0,0
1780638743349588,77.9285,-0.0380954,-0.000932605,-0.0135193,0,0,-5,-0.0380954,-0.000932605,4.98648,4.98663,-0.0668167,0.00855299,0.00249555,0,0,0
1780638743373588,77.9525,-0.0391406,-0.000878438,-0.0135498,0,0,-5,-0.0391406,-0.000878438,4.98645,4.9866,-0.0669344,0.00916815,0.00126213,0,0,0
1780638743389588,77.9685,-0.0389977,-0.00110803,-0.0137329,0,0,-5,-0.0389977,-0.00110803,4.98627,4.98642,-0.0666547,0.0102063,0.00118712,0,0,0
1780638743413588,77.9925,-0.0389097,-0.00140746,-0.0139771,0,0,-5,-0.0389097,-0.00140746,4.98602,4.98617,-0.0673107,0.0091166,0.00227645,0,0,0
1780638743429588,78.0085,-0.0389292,-0.00158612,-0.0141296,0,0,-5,-0.0389292,-0.00158612,4.98587,4.98602,-0.067803,0.00878212,0.00146102,0,0,0
1780638743453588,78.0325,-0.0390874,-0.00182314,-0.0143433,0,0,-5,-0.0390874,-0.00182314,4.98566,4.98581,-0.0692903,0.00935922,0.00208454,0,0,0
1780638743469588,78.0485,-0.0392776,-0.00194919,-0.0144958,0,0,-5,-0.0392776,-0.00194919,4.9855,4.98566,-0.0699687,0.00863502,0.00155957,0,0,0
1780638743493588,78.0725,-0.0396726,-0.00212278,-0.0147095,0,0,-5,-0.0396726,-0.00212278,4.98529,4.98545,-0.0695546,0.00840535,0.00325102,0,0,0
1780638743509588,78.0885,-0.039994,-0.00221266,-0.0148315,0,0,-5,-0.039994,-0.00221266,4.98517,4.98533,-0.0704415,0.00800599,0.00403645,0,0,0
1780638743533588,78.1125,-0.0405631,-0.00232576,-0.0149841,0,0,-5,-0.0405631,-0.00232576,4.98502,4.98518,-0.0698842,0.00773128,0.00198871,0,0,0
1780638743549588,78.1285,-0.0409982,-0.00238804,-0.0151062,0,0,-5,-0.0409982,-0.00238804,4.98489,4.98506,-0.0707572,0.00728251,0.00112224,0,0,0
1780638743573588,78.1525,-0.0417232,-0.00245522,-0.0153198,0,0,-5,-0.0417232,-0.00245522,4.98468,4.98486,-0.0704038,0.00788657,0.00137048,0,0,0
1780638743589588,78.1685,-0.0422557,-0.00246631,-0.0154419,0,0,-5,-0.0422557,-0.00246631,4.98456,4.98474,-0.0708594,0.00826824,0.00283045,0,0,0
1780638743613588,78.1925,-0.0431503,-0.00246429,-0.0155945,0,0,-5,-0.0431503,-0.00246429,4.98441,4.98459,-0.0723298,0.00767379,0.00351286,0,0,0
1780638743629588,78.2085,-0.0438043,-0.00245352,-0.015686,0,0,-5,-0.0438043,-0.00245352,4.98431,4.98451,-0.0734896,0.00765144,0.00301448,0,0,0
1780638743653588,78.2325,-0.0448633,-0.0024082,-0.0158386,0,0,-5,-0.0448633,-0.0024082,4.98416,4.98436,-0.0759364,0.00861626,0.00290878,0,0,0
1780638743669588,78.2485,-0.0456249,-0.00235218,-0.0159912,0,0,-5,-0.0456249,-0.00235218,4.98401,4.98422,-0.0766794,0.00932914,0.00344158,0,0,0
1780638743685588,78.2645,-0.0464347,-0.00227165,-0.0161133,0,0,-5,-0.0464347,-0.00227165,4.98389,4.9841,-0.07704,0.00991561,0.00335582,0,0,0
1780638743709588,78.2885,-0.0476934,-0.00213889,-0.0162964,0,0,-5,-0.0476934,-0.00213889,4.9837,4.98393,-0.0775261,0.00903614,0.002634,0,0,0
1780638743733588,78.3125,-0.0490046,-0.00200013,-0.01651,0,0,-5,-0.0490046,-0.00200013,4.98349,4.98373,-0.0781164,0.00903605,0.0011541,0,0,0
1780638743749588,78.3285,-0.0499054,-0.00189117,-0.0166321,0,0,-5,-0.0499054,-0.00189117,4.98337,4.98362,-0.0774551,0.00898966,0.000973268,0,0,0
1780638743773588,78.3525,-0.0513107,-0.00173276,-0.0168457,0,0,-5,-0.0513107,-0.00173276,4.98315,4.98342,-0.0784638,0.00836,0.000506498,0,0,0
1780638743789588,78.3685,-0.050396,-0.00183079,-0.0169067,0,0,-5,-0.050396,-0.00183079,4.98309,4.98335,-0.0783576,0.00886438,0.000240617,0,0,0
1780638743813588,78.3925,-0.049226,-0.00194378,-0.0169678,0,0,-5,-0.049226,-0.00194378,4.98303,4.98328,-0.0768951,0.00866542,0.00281456,0,0,0
1780638743829588,78.4085,-0.04856,-0.00200187,-0.0169678,0,0,-5,-0.04856,-0.00200187,4.98303,4.98327,-0.0766308,0.00865753,0.00213609,0,0,0
1780638743853588,78.4325,-0.0477374,-0.00206315,-0.0169983,0,0,-5,-0.0477374,-0.00206315,4.983,4.98323,-0.076633,0.00807142,0.00320466,0,0,0
1780638743869588,78.4485,-0.0472955,-0.00209301,-0.0170288,0,0,-5,-0.0472955,-0.00209301,4.98297,4.9832,-0.0762432,0.00769167,0.00273981,0,0,0
1780638743893588,78.4725,-0.0467985,-0.00210312,-0.0170593,0,0,-5,-0.0467985,-0.00210312,4.98294,4.98316,-0.075926,0.00868948,0.00338332,0,0,0
1780638743909766,78.4887,-0.0465577,-0.00208279,-0.0170898,0,0,-5,-0.0465577,-0.00208279,4.98291,4.98313,-0.075952,0.00954415,0.00196069,0,0,0
1780638743933766,78.5127,-0.0463199,-0.00203722,-0.0171204,0,0,-5,-0.0463199,-0.00203722,4.98288,4.9831,-0.0747227,0.00870715,0.00191232,0,0,0
1780638743949766,78.5287,-0.046226,-0.00199938,-0.0171509,0,0,-5,-0.046226,-0.00199938,4.98285,4.98306,-0.0738397,0.00825701,0.00343109,0,0,0
1780638743973766,78.5527,-0.0461828,-0.00192821,-0.0171814,0,0,-5,-0.0461828,-0.00192821,4.98282,4.98303,-0.0725975,0.0083551,0.00350032,0,0,0
1780638743989766,78.5687,-0.0462375,-0.0018646,-0.0171814,0,0,-5,-0.0462375,-0.0018646,4.98282,4.98303,-0.0737345,0.00867028,0.00428445,0,0,0
1780638744013766,78.5927,-0.0464416,-0.00174357,-0.0171509,0,0,-5,-0.0464416,-0.00174357,4.98285,4.98307,-0.0739059,0.0087466,0.00354147,0,0,0
1780638744029766,78.6087,-0.0466532,-0.0016469,-0.0171509,0,0,-5,-0.0466532,-0.0016469,4.98285,4.98307,-0.0740847,0.00899425,0.00282967,0,0,0
1780638744053766,78.6327,-0.0470804,-0.00149872,-0.0171509,0,0,-5,-0.0470804,-0.00149872,4.98285,4.98307,-0.0738816,0.00935238,0.00371836,0,0,0
1780638744069766,78.6487,-0.047407,-0.00138842,-0.0171509,0,0,-5,-0.047407,-0.00138842,4.98285,4.98307,-0.074141,0.00886189,0.00417559,0,0,0
1780638744093766,78.6727,-0.047984,-0.00120477,-0.0171204,0,0,-5,-0.047984,-0.00120477,4.98288,4.98311,-0.0744419,0.00930886,0.00474747,0,0,0
1780638744109766,78.6887,-0.0484227,-0.00108431,-0.0170898,0,0,-5,-0.0484227,-0.00108431,4.98291,4.98315,-0.072333,0.00821457,0.00388919,0,0,0
1780638744125766,78.7047,-0.048889,-0.00097492,-0.0170898,0,0,-5,-0.048889,-0.00097492,4.98291,4.98315,-0.0731484,0.00752128,0.00370346,0,0,0
1780638744149766,78.7287,-0.0496668,-0.000831146,-0.0170593,0,0,-5,-0.0496668,-0.000831146,4.98294,4.98319,-0.0733423,0.00536605,0.00381622,0,0,0
1780638744173766,78.7527,-0.0505029,-0.000693596,-0.0170593,0,0,-5,-0.0505029,-0.000693596,4.98294,4.9832,-0.0712255,0.00606192,0.00352236,0,0,0
1780638744189766,78.7687,-0.0496834,-0.000833508,-0.0169983,0,0,-5,-0.0496834,-0.000833508,4.983,4.98325,-0.069829,0.00545116,0.00434361,0,0,0
1780638744213766,78.7927,-0.0486298,-0.00101485,-0.0169373,0,0,-5,-0.0486298,-0.00101485,4.98306,4.9833,-0.0704443,0.00548394,0.00445506,0,0,0
1780638744229766,78.8087,-0.0480603,-0.00111868,-0.0168457,0,0,-5,-0.0480603,-0.00111868,4.98315,4.98339,-0.070916,0.00560325,0.00407922,0,0,0
1780638744245766,78.8247,-0.0475888,-0.00121573,-0.0167847,0,0,-5,-0.0475888,-0.00121573,4.98322,4.98344,-0.0712126,0.00437748,0.00385209,0,0,0
1780638744269766,78.8487,-0.0470378,-0.00135932,-0.0166321,0,0,-5,-0.0470378,-0.00135932,4.98337,4.98359,-0.0718043,0.00315624,0.00440921,0,0,0
1780638744293766,78.8727,-0.0466421,-0.00151378,-0.01651,0,0,-5,-0.0466421,-0.00151378,4.98349,4.98371,-0.0696493,0.00104239,0.00466061,0,0,0
1780638744309766,78.8887,-0.0464557,-0.00161001,-0.016449,0,0,-5,-0.0464557,-0.00161001,4.98355,4.98377,-0.069551,0.00268676,0.00497548,0,0,0
1780638744333766,78.9127,-0.0462889,-0.00169832,-0.0162964,0,0,-5,-0.0462889,-0.00169832,4.9837,4.98392,-0.069322,0.00352693,0.00685971,0,0,0
1780638744349766,78.9287,-0.0462493,-0.0017445,-0.0162048,0,0,-5,-0.0462493,-0.0017445,4.9838,4.98401,-0.0691418,0.00364626,0.00718153,0,0,0
1780638744373766,78.9527,-0.046284,-0.00178219,-0.0160522,0,0,-5,-0.046284,-0.00178219,4.98395,4.98416,-0.0678919,0.00434179,0.00690167,0,0,0
1780638744389766,78.9687,-0.0463667,-0.00178563,-0.0159912,0,0,-5,-0.0463667,-0.00178563,4.98401,4.98422,-0.0669052,0.00441128,0.00687157,0,0,0
1780638744413766,78.9927,-0.0465721,-0.00179283,-0.0158997,0,0,-5,-0.0465721,-0.00179283,4.9841,4.98432,-0.0665655,0.00347479,0.0065882,0,0,0
1780638744429766,79.0087,-0.0467461,-0.00179545,-0.0158081,0,0,-5,-0.0467461,-0.00179545,4.98419,4.98441,-0.0650889,0.00264399,0.0076321,0,0,0
1780638744453766,79.0327,-0.0470738,-0.00181566,-0.015686,0,0,-5,-0.0470738,-0.00181566,4.98431,4.98454,-0.0641465,0.00102112,0.00832621,0,0,0
1780638744469766,79.0487,-0.047349,-0.00184414,-0.0155945,0,0,-5,-0.047349,-0.00184414,4.98441,4.98463,-0.0648025,-0.000133012,0.00795609,0,0,0
1780638744493766,79.0727,-0.0478763,-0.00189182,-0.0154419,0,0,-5,-0.0478763,-0.00189182,4.98456,4.98479,-0.0669126,-0.000671773,0.00875441,0,0,0
1780638744509766,79.0887,-0.0483056,-0.00192497,-0.0153503,0,0,-5,-0.0483056,-0.00192497,4.98465,4.98488,-0.0674801,-0.00107434,0.00843432,0,0,0
1780638744533766,79.1127,-0.0490241,-0.00196412,-0.0151978,0,0,-5,-0.0490241,-0.00196412,4.9848,4.98504,-0.0676185,-0.00104155,0.00741054,0,0,0
1780638744549766,79.1287,-0.0495526,-0.00198874,-0.0151062,0,0,-5,-0.0495526,-0.00198874,4.98489,4.98514,-0.0676244,-0.00109485,0.00737255,0,0,0
1780638744573766,79.1527,-0.0504131,-0.00201548,-0.0149536,0,0,-5,-0.0504131,-0.00201548,4.98505,4.9853,-0.0680911,-0.000203697,0.00621419,0,0,0
1780638744589766,79.1687,-0.0497473,-0.00213493,-0.0147705,0,0,-5,-0.0497473,-0.00213493,4.98523,4.98548,-0.0667245,0.000198894,0.00621124,0,0,0
1780638744613766,79.1927,-0.0488677,-0.00227884,-0.0144653,0,0,-5,-0.0488677,-0.00227884,4.98553,4.98577,-0.0646063,0.000331339,0.00767347,0,0,0
1780638744629766,79.2087,-0.0483811,-0.0023687,-0.0142822,0,0,-5,-0.0483811,-0.0023687,4.98572,4.98595,-0.0648181,0.00061632,0.00738105,0,0,0
1780638744653766,79.2327,-0.0477949,-0.00247821,-0.0140686,0,0,-5,-0.0477949,-0.00247821,4.98593,4.98616,-0.0641809,0.00108664,0.00655736,0,0,0
1780638744669766,79.2487,-0.0474946,-0.00253484,-0.0139465,0,0,-5,-0.0474946,-0.00253484,4.98605,4.98628,-0.0637686,0.000305872,0.0075865,0,0,0
1780638744693766,79.2727,-0.0471711,-0.00261898,-0.0137024,0,0,-5,-0.0471711,-0.00261898,4.9863,4.98652,-0.0642794,0.000864614,0.00778847,0,0,0
1780638744709766,79.2887,-0.0470322,-0.00265662,-0.0135498,0,0,-5,-0.0470322,-0.00265662,4.98645,4.98667,-0.0639505,0.00144931,0.00618944,0,0,0
1780638744733766,79.3127,-0.0469376,-0.00270355,-0.0133362,0,0,-5,-0.0469376,-0.00270355,4.98666,4.98689,-0.0639108,0.00138242,0.00710966,0,0,0
1780638744749766,79.3287,-0.0469574,-0.0027247,-0.0131531,0,0,-5,-0.0469574,-0.0027247,4.98685,4.98707,-0.0642871,0.000334124,0.0065317,0,0,0
1780638744773766,79.3527,-0.0470895,-0.00273706,-0.0129395,0,0,-5,-0.0470895,-0.00273706,4.98706,4.98728,-0.0650733,0.00152917,0.00574881,0,0,0
1780638744789766,79.3687,-0.047262,-0.00272708,-0.0128174,0,0,-5,-0.047262,-0.00272708,4.98718,4.98741,-0.0658661,0.00188727,0.00481916,0,0,0
1780638744813766,79.3927,-0.0476093,-0.00268136,-0.0126343,0,0,-5,-0.0476093,-0.00268136,4.98737,4.98759,-0.0650489,0.00258975,0.00372432,0,0,0
1780638744829766,79.4087,-0.0478904,-0.00263862,-0.0125122,0,0,-5,-0.0478904,-0.00263862,4.98749,4.98772,-0.0646881,0.00332918,0.00412718,0,0,0
1780638744853766,79.4327,-0.0483868,-0.00257348,-0.0123291,0,0,-5,-0.0483868,-0.00257348,4.98767,4.98791,-0.0647611,0.00308224,0.00509646,0,0,0
1780638744869766,79.4487,-0.0487862,-0.00252752,-0.012207,0,0,-5,-0.0487862,-0.00252752,4.98779,4.98803,-0.0657002,0.00283337,0.00473631,0,0,0
1780638744893766,79.4727,-0.0494603,-0.00245973,-0.0120239,0,0,-5,-0.0494603,-0.00245973,4.98798,4.98822,-0.065484,0.00241516,0.00549913,0,0,0
1780638744909945,79.4889,-0.0499506,-0.00241236,-0.0119019,0,0,-5,-0.0499506,-0.00241236,4.9881,4.98835,-0.0649178,0.00237302,0.0056364,0,0,0
1780638744933945,79.5129,-0.0507347,-0.00232145,-0.0117493,0,0,-5,-0.0507347,-0.00232145,4.98825,4.98851,-0.0636461,0.00322519,0.00544898,0,0,0
1780638744949945,79.5289,-0.0512714,-0.00224757,-0.0116577,0,0,-5,-0.0512714,-0.00224757,4.98834,4.98861,-0.0625377,0.00363726,0.0050979,0,0,0
1780638744973945,79.5529,-0.0521441,-0.00211276,-0.0115051,0,0,-5,-0.0521441,-0.00211276,4.98849,4.98877,-0.0638118,0.00439016,0.00549433,0,0,0
1780638744989945,79.5689,-0.051271,-0.00213626,-0.0114441,0,0,-5,-0.051271,-0.00213626,4.98856,4.98882,-0.0629971,0.00452783,0.00552954,0,0,0
1780638745005945,79.5849,-0.0504804,-0.00213379,-0.0114136,0,0,-5,-0.0504804,-0.00213379,4.98859,4.98884,-0.061984,0.00581439,0.00683023,0,0,0
1780638745029945,79.6089,-0.0494365,-0.00209246,-0.0113525,0,0,-5,-0.0494365,-0.00209246,4.98865,4.98889,-0.0601227,0.00624265,0.00592172,0,0,0
1780638745053945,79.6329,-0.0485738,-0.00203281,-0.011322,0,0,-5,-0.0485738,-0.00203281,4.98868,4.98891,-0.060427,0.00604302,0.00707576,0,0,0
1780638745069945,79.6489,-0.0480922,-0.00200172,-0.011261,0,0,-5,-0.0480922,-0.00200172,4.98874,4.98897,-0.0600118,0.00496953,0.00738893,0,0,0
1780638745093945,79.6729,-0.0474972,-0.00194943,-0.0111694,0,0,-5,-0.0474972,-0.00194943,4.98883,4.98906,-0.0595865,0.00514915,0.00531997,0,0,0
1780638745109945,79.6889,-0.0471841,-0.00190746,-0.0111084,0,0,-5,-0.0471841,-0.00190746,4.98889,4.98912,-0.0587075,0.00474294,0.00580785,0,0,0
1780638745133945,79.7129,-0.046828,-0.00186888,-0.0110474,0,0,-5,-0.046828,-0.00186888,4.98895,4.98917,-0.0584928,0.00264832,0.00576284,0,0,0
1780638745149945,79.7289,-0.0466702,-0.00185609,-0.0109863,0,0,-5,-0.0466702,-0.00185609,4.98901,4.98923,-0.0588723,0.00223522,0.00585895,0,0,0
1780638745173945,79.7529,-0.046553,-0.00183551,-0.0109253,0,0,-5,-0.046553,-0.00183551,4.98907,4.98929,-0.0589169,0.00229359,0.00564654,0,0,0
1780638745189945,79.7689,-0.0465449,-0.00182201,-0.0108948,0,0,-5,-0.0465449,-0.00182201,4.98911,4.98932,-0.0592593,0.00174578,0.00390027,0,0,0
1780638745213945,79.7929,-0.0466471,-0.00178502,-0.0108337,0,0,-5,-0.0466471,-0.00178502,4.98917,4.98938,-0.0600681,0.00197781,0.00419151,0,0,0
1780638745229945,79.8089,-0.0467834,-0.00176547,-0.0107727,0,0,-5,-0.0467834,-0.00176547,4.98923,4.98945,-0.0597172,0.00091389,0.00328701,0,0,0
1780638745253945,79.8329,-0.0470753,-0.00174338,-0.0106812,0,0,-5,-0.0470753,-0.00174338,4.98932,4.98954,-0.0594377,0.000873368,0.00385832,0,0,0
1780638745269945,79.8489,-0.0473133,-0.00171886,-0.0106201,0,0,-5,-0.0473133,-0.00171886,4.98938,4.9896,-0.0586116,0.00146309,0.0042822,0,0,0
1780638745285945,79.8649,-0.0475953,-0.00169682,-0.0105286,0,0,-5,-0.0475953,-0.00169682,4.98947,4.9897,-0.0584993,0.000789044,0.00549314,0,0,0
1780638745309945,79.8889,-0.0480986,-0.00164298,-0.010376,0,0,-5,-0.0480986,-0.00164298,4.98962,4.98986,-0.0588018,0.00160253,0.00533928,0,0,0
1780638745333945,79.9129,-0.0487051,-0.00160155,-0.0102234,0,0,-5,-0.0487051,-0.00160155,4.98978,4.99001,-0.0595068,0.000222356,0.00424905,0,0,0
1780638745349945,79.9289,-0.0491405,-0.00157849,-0.0101624,0,0,-5,-0.0491405,-0.00157849,4.98984,4.99008,-0.0587329,0.000544817,0.00249567,0,0,0
1780638745373945,79.9529,-0.0498669,-0.00155068,-0.0101013,0,0,-5,-0.0498669,-0.00155068,4.9899,4.99015,-0.059945,-0.000596986,0.00206291,0,0,0
1780638745389945,79.9689,-0.0490069,-0.00178722,-0.0101013,0,0,-5,-0.0490069,-0.00178722,4.9899,4.99014,-0.0593616,-0.000982564,0.000947037,0,0,0
1780638745413945,79.9929,-0.0479215,-0.00212288,-0.0101013,0,0,-5,-0.0479215,-0.00212288,4.9899,4.99013,-0.0612194,-0.000566383,0.000858041,0,0,0
1780638745429945,80.0089,-0.0473226,-0.0023295,-0.0101013,0,0,-5,-0.0473226,-0.0023295,4.9899,4.99012,-0.0610622,-0.0015994,-7.01947e-05,0,0,0
1780638745453945,80.0329,-0.0465844,-0.00265694,-0.0101013,0,0,-5,-0.0465844,-0.00265694,4.9899,4.99012,-0.0615376,-0.0028118,-0.000510261,0,0,0
1780638745469945,80.0489,-0.0461884,-0.00286166,-0.0101318,0,0,-5,-0.0461884,-0.00286166,4.98987,4.99008,-0.0602179,-0.00233672,-0.000967326,0,0,0
1780638745493945,80.0729,-0.045699,-0.00313426,-0.0101929,0,0,-5,-0.045699,-0.00313426,4.98981,4.99002,-0.0593631,-0.00148182,-0.00155774,0,0,0
1780638745509945,80.0889,-0.0454619,-0.00330452,-0.0102234,0,0,-5,-0.0454619,-0.00330452,4.98978,4.98998,-0.060277,-0.00259533,-0.00124308,0,0,0
1780638745533945,80.1129,-0.0452499,-0.00356677,-0.0103149,0,0,-5,-0.0452499,-0.00356677,4.98969,4.98989,-0.0599322,-0.00344552,-0.000382108,0,0,0
1780638745549945,80.1289,-0.0451746,-0.00374714,-0.0103149,0,0,-5,-0.0451746,-0.00374714,4.98969,4.98989,-0.0596808,-0.00435866,0.000517058,0,0,0
1780638745573945,80.1529,-0.0451644,-0.00400309,-0.0103455,0,0,-5,-0.0451644,-0.00400309,4.98965,4.98986,-0.0581964,-0.00310692,0.000640067,0,0,0
1780638745589945,80.1689,-0.0451942,-0.00414041,-0.010376,0,0,-5,-0.0451942,-0.00414041,4.98962,4.98983,-0.0574043,-0.00245537,0.00030914,0,0,0
1780638745613945,80.1929,-0.0453354,-0.00432648,-0.0104065,0,0,-5,-0.0453354,-0.00432648,4.98959,4.9898,-0.0574216,-0.00180825,0.00107542,0,0,0
1780638745629945,80.2089,-0.0454886,-0.00443393,-0.0104065,0,0,-5,-0.0454886,-0.00443393,4.98959,4.9898,-0.0579277,-0.00214699,0.000428738,0,0,0
1780638745653945,80.2329,-0.0458005,-0.004576,-0.0104065,0,0,-5,-0.0458005,-0.004576,4.98959,4.98981,-0.0569999,-0.00138017,0.00148831,0,0,0
1780638745669945,80.2489,-0.0460647,-0.00466003,-0.0103455,0,0,-5,-0.0460647,-0.00466003,4.98965,4.98987,-0.0584096,-0.00214857,0.00265531,0,0,0
1780638745693945,80.2729,-0.0465672,-0.00479531,-0.0102844,0,0,-5,-0.0465672,-0.00479531,4.98972,4.98994,-0.0594202,-0.00190323,0.00163308,0,0,0
1780638745709945,80.2889,-0.0469434,-0.00487739,-0.0102539,0,0,-5,-0.0469434,-0.00487739,4.98975,4.98997,-0.059473,-0.00235166,0.00125723,0,0,0
1780638745733945,80.3129,-0.0475804,-0.00500445,-0.0101929,0,0,-5,-0.0475804,-0.00500445,4.98981,4.99004,-0.0595885,-0.00256845,0.00338327,0,0,0
1780638745749945,80.3289,-0.0480567,-0.0050917,-0.0101624,0,0,-5,-0.0480567,-0.0050917,4.98984,4.99007,-0.0598615,-0.00343627,0.00384892,0,0,0
1780638745773945,80.3529,-0.0488363,-0.00522996,-0.0101013,0,0,-5,-0.0488363,-0.00522996,4.9899,4.99014,-0.0602821,-0.00478109,0.00132998,0,0,0
1780638745789945,80.3689,-0.0480266,-0.00512655,-0.0101013,0,0,-5,-0.0480266,-0.00512655,4.9899,4.99013,-0.0585421,-0.00461034,0.00125972,0,0,0
1780638745813945,80.3929,-0.046971,-0.00496638,-0.0101318,0,0,-5,-0.046971,-0.00496638,4.98987,4.99009,-0.0581795,-0.00340778,0.000806635,0,0,0
1780638745829945,80.4089,-0.0463827,-0.00485075,-0.0101624,0,0,-5,-0.0463827,-0.00485075,4.98984,4.99006,-0.0586915,-0.00261565,0.00178773,0,0,0
1780638745853945,80.4329,-0.0456674,-0.00466974,-0.0101624,0,0,-5,-0.0456674,-0.00466974,4.98984,4.99005,-0.0589055,-0.00223904,0.00128586,0,0,0
1780638745869945,80.4489,-0.0452927,-0.00453193,-0.0101624,0,0,-5,-0.0452927,-0.00453193,4.98984,4.99005,-0.0588222,0.00026498,0.00140582,0,0,0
1780638745893945,80.4729,-0.0448625,-0.00430309,-0.0101318,0,0,-5,-0.0448625,-0.00430309,4.98987,4.99007,-0.0583295,0.000450044,0.00175458,0,0,0
1780638745909945,80.4889,-0.0446506,-0.00414772,-0.0101318,0,0,-5,-0.0446506,-0.00414772,4.98987,4.99007,-0.0570895,0.00125244,0.00277165,0,0,0
1780638745934122,80.5131,-0.0444102,-0.00392317,-0.0100708,0,0,-5,-0.0444102,-0.00392317,4.98993,4.99013,-0.0556354,0.000644259,0.00179514,0,0,0
1780638745950122,80.5291,-0.044301,-0.00377367,-0.0100403,0,0,-5,-0.044301,-0.00377367,4.98996,4.99016,-0.054544,0.00143546,0.00168995,0,0,0
1780638745974122,80.5531,-0.0442291,-0.00356049,-0.0100098,0,0,-5,-0.0442291,-0.00356049,4.98999,4.99019,-0.0543939,-0.000157733,0.000639109,0,0,0
1780638745990122,80.5691,-0.0442522,-0.00345662,-0.0100098,0,0,-5,-0.0442522,-0.00345662,4.98999,4.99019,-0.0549138,-0.00109019,-0.000299139,0,0,0
1780638746014122,80.5931,-0.0443564,-0.00329208,-0.0100098,0,0,-5,-0.0443564,-0.00329208,4.98999,4.99019,-0.0533304,-0.000260348,0.000761019,0,0,0
1780638746030122,80.6091,-0.0444742,-0.00318314,-0.00994873,0,0,-5,-0.0444742,-0.00318314,4.99005,4.99025,-0.0537061,-0.000427026,0.000873342,0,0,0
1780638746054122,80.6331,-0.0447573,-0.00303152,-0.00991821,0,0,-5,-0.0447573,-0.00303152,4.99008,4.99028,-0.054429,-0.000524512,0.000609221,0,0,0
1780638746070122,80.6491,-0.0449902,-0.00292764,-0.0098877,0,0,-5,-0.0449902,-0.00292764,4.99011,4.99032,-0.0537238,-7.97139e-05,-6.34511e-05,0,0,0
1780638746094122,80.6731,-0.0454363,-0.0027733,-0.0098877,0,0,-5,-0.0454363,-0.0027733,4.99011,4.99032,-0.0560955,-0.000133317,-0.000615458,0,0,0
1780638746110122,80.6891,-0.0458088,-0.00267406,-0.0098877,0,0,-5,-0.0458088,-0.00267406,4.99011,4.99032,-0.0576702,-0.000303995,0.000112969,0,0,0
1780638746134122,80.7131,-0.0464862,-0.00253825,-0.00985718,0,0,-5,-0.0464862,-0.00253825,4.99014,4.99036,-0.0596061,-0.000469854,-3.42924e-05,0,0,0
1780638746150122,80.7291,-0.047,-0.00245681,-0.0098877,0,0,-5,-0.047,-0.00245681,4.99011,4.99033,-0.0601496,-0.0014953,0.000663856,0,0,0
1780638746166122,80.7451,-0.0475544,-0.00238891,-0.00991821,0,0,-5,-0.0475544,-0.00238891,4.99008,4.99031,-0.0607837,-0.00191373,-0.000383582,0,0,0
1780638746190122,80.7691,-0.0468165,-0.00236932,-0.00997925,0,0,-5,-0.0468165,-0.00236932,4.99002,4.99024,-0.0613855,-0.00459623,-0.000902438,0,0,0
1780638746214122,80.7931,-0.0454743,-0.00244121,-0.0100098,0,0,-5,-0.0454743,-0.00244121,4.98999,4.9902,-0.0610129,-0.00566498,-0.000279787,0,0,0
1780638746230122,80.8091,-0.0446932,-0.00248748,-0.0100098,0,0,-5,-0.0446932,-0.00248748,4.98999,4.99019,-0.0595933,-0.00520397,0.000606184,0,0,0
1780638746254122,80.8331,-0.0436543,-0.00254981,-0.0100403,0,0,-5,-0.0436543,-0.00254981,4.98996,4.99015,-0.0577761,-0.00553865,0.000328745,0,0,0
1780638746270122,80.8491,-0.0430514,-0.00259227,-0.0100403,0,0,-5,-0.0430514,-0.00259227,4.98996,4.99015,-0.056653,-0.00557005,0.00103863,0,0,0
1780638746294122,80.8731,-0.0422895,-0.00263669,-0.0100708,0,0,-5,-0.0422895,-0.00263669,4.98993,4.99011,-0.0564535,-0.00457611,0.000643634,0,0,0
1780638746310122,80.8891,-0.0418915,-0.00265866,-0.0101013,0,0,-5,-0.0418915,-0.00265866,4.9899,4.99008,-0.0575464,-0.00440596,0.000807362,0,0,0
1780638746326122,80.9051,-0.0415751,-0.00268369,-0.0101013,0,0,-5,-0.0415751,-0.00268369,4.9899,4.99007,-0.0583899,-0.00508454,0.00203218,0,0,0
1780638746350122,80.9291,-0.0412199,-0.00272208,-0.0101013,0,0,-5,-0.0412199,-0.00272208,4.9899,4.99007,-0.0574645,-0.00472399,0.00161128,0,0,0
1780638746374122,80.9531,-0.0410126,-0.0027574,-0.0101318,0,0,-5,-0.0410126,-0.0027574,4.98987,4.99004,-0.0578622,-0.00487105,0.00140174,0,0,0
1780638746390122,80.9691,-0.0409499,-0.00278719,-0.0101318,0,0,-5,-0.0409499,-0.00278719,4.98987,4.99004,-0.0583624,-0.004549,0.00231763,0,0,0
1780638746406122,80.9851,-0.0409471,-0.0028029,-0.0101013,0,0,-5,-0.0409471,-0.0028029,4.9899,4.99007,-0.0580349,-0.00417093,0.00373372,0,0,0
1780638746430122,81.0091,-0.0410235,-0.00282988,-0.0100403,0,0,-5,-0.0410235,-0.00282988,4.98996,4.99013,-0.0584241,-0.00377207,0.00370888,0,0,0
1780638746446122,81.0251,-0.0411387,-0.00285219,-0.0100098,0,0,-5,-0.0411387,-0.00285219,4.98999,4.99016,-0.0575417,-0.00509752,0.00308056,0,0,0
1780638746470122,81.0491,-0.0413781,-0.00289794,-0.00997925,0,0,-5,-0.0413781,-0.00289794,4.99002,4.99019,-0.0565376,-0.00469617,0.00442992,0,0,0
1780638746486122,81.0651,-0.0415914,-0.00292189,-0.0098877,0,0,-5,-0.0415914,-0.00292189,4.99011,4.99029,-0.0568333,-0.00455364,0.00615993,0,0,0
1780638746510122,81.0891,-0.0419845,-0.002966,-0.00979614,0,0,-5,-0.0419845,-0.002966,4.9902,4.99038,-0.0562736,-0.00538958,0.00660502,0,0,0
1780638746534122,81.1131,-0.0424742,-0.00300285,-0.00964355,0,0,-5,-0.0424742,-0.00300285,4.99036,4.99054,-0.0570447,-0.00444979,0.0067134,0,0,0
1780638746550122,81.1291,-0.0428493,-0.00302843,-0.009552,0,0,-5,-0.0428493,-0.00302843,4.99045,4.99063,-0.0574753,-0.00491901,0.00677761,0,0,0
1780638746574122,81.1531,-0.0434823,-0.00308715,-0.00942993,0,0,-5,-0.0434823,-0.00308715,4.99057,4.99076,-0.0572224,-0.00564989,0.00617694,0,0,0
1780638746590122,81.1691,-0.0432371,-0.00292765,-0.00927734,0,0,-5,-0.0432371,-0.00292765,4.99072,4.99091,-0.0577352,-0.00539787,0.0063322,0,0,0
1780638746614122,81.1931,-0.0419885,-0.00240893,-0.0090332,0,0,-5,-0.0419885,-0.00240893,4.99097,4.99114,-0.0580993,-0.00575382,0.00738444,0,0,0
1780638746630122,81.2091,-0.0412734,-0.00209327,-0.0088501,0,0,-5,-0.0412734,-0.00209327,4.99115,4.99132,-0.0571959,-0.00584932,0.00768524,0,0,0
1780638746654122,81.2331,-0.0403563,-0.00167502,-0.00854492,0,0,-5,-0.0403563,-0.00167502,4.99146,4.99162,-0.056924,-0.00604603,0.00678578,0,0,0
1780638746670122,81.2491,-0.0398391,-0.00140128,-0.00836182,0,0,-5,-0.0398391,-0.00140128,4.99164,4.9918,-0.0562448,-0.00556906,0.00569741,0,0,0
1780638746694122,81.2731,-0.0392043,-0.00103865,-0.00811768,0,0,-5,-0.0392043,-0.00103865,4.99188,4.99204,-0.056527,-0.00749421,0.00445016,0,0,0
1780638746710122,81.2891,-0.0388691,-0.000838571,-0.00796509,0,0,-5,-0.0388691,-0.000838571,4.99203,4.99219,-0.0561536,-0.00831581,0.00411568,0,0,0
1780638746734122,81.3131,-0.0384794,-0.000561483,-0.00775146,0,0,-5,-0.0384794,-0.000561483,4.99225,4.9924,-0.0555716,-0.0067936,0.00519828,0,0,0
1780638746750122,81.3291,-0.0382846,-0.000373631,-0.00762939,0,0,-5,-0.0382846,-0.000373631,4.99237,4.99252,-0.0542797,-0.00731081,0.00446849,0,0,0
1780638746774122,81.3531,-0.0380857,-0.000146737,-0.00741577,0,0,-5,-0.0380857,-0.000146737,4.99258,4.99273,-0.0536259,-0.00854495,0.00421853,0,0,0
1780638746790122,81.3691,-0.0380272,-2.82059e-05,-0.00732422,0,0,-5,-0.0380272,-2.82059e-05,4.99268,4.99282,-0.0539951,-0.00966988,0.00307978,0,0,0
1780638746814122,81.3931,-0.0380173,0.000109775,-0.00717163,0,0,-5,-0.0380173,0.000109775,4.99283,4.99297,-0.0521946,-0.0104891,0.00372352,0,0,0
1780638746830122,81.4091,-0.0380617,0.000185604,-0.00708008,0,0,-5,-0.0380617,0.000185604,4.99292,4.99306,-0.052229,-0.0104024,0.00257272,0,0,0
1780638746854122,81.4331,-0.0382012,0.000302614,-0.00695801,0,0,-5,-0.0382012,0.000302614,4.99304,4.99319,-0.0500626,-0.00925861,0.00348754,0,0,0
1780638746870122,81.4491,-0.0383357,0.00038072,-0.00686646,0,0,-5,-0.0383357,0.00038072,4.99313,4.99328,-0.0500326,-0.00973215,0.00386348,0,0,0
1780638746894122,81.4731,-0.0386089,0.000445721,-0.00671387,0,0,-5,-0.0386089,0.000445721,4.99329,4.99344,-0.0490768,-0.0118317,0.00342597,0,0,0
1780638746910122,81.4891,-0.0388228,0.00044595,-0.00665283,0,0,-5,-0.0388228,0.00044595,4.99335,4.9935,-0.0477109,-0.0129347,0.00232263,0,0,0
1780638746934122,81.5131,-0.03919,0.000412295,-0.00653076,0,0,-5,-0.03919,0.000412295,4.99347,4.99362,-0.0471067,-0.0131323,0.00310148,0,0,0
1780638746950301,81.5293,-0.0394759,0.000384713,-0.00650024,0,0,-5,-0.0394759,0.000384713,4.9935,4.99366,-0.0474999,-0.0129354,0.00288902,0,0,0
1780638746974301,81.5533,-0.0399787,0.000320302,-0.00646973,0,0,-5,-0.0399787,0.000320302,4.99353,4.99369,-0.0478452,-0.0143589,0.00318723,0,0,0
1780638746990301,81.5693,-0.0391321,2.77962e-06,-0.00640869,0,0,-5,-0.0391321,2.77962e-06,4.99359,4.99374,-0.0479789,-0.0142584,0.00273584,0,0,0
1780638747014301,81.5933,-0.0380574,-0.000462065,-0.00628662,0,0,-5,-0.0380574,-0.000462065,4.99371,4.99386,-0.0498957,-0.0141448,0.00240362,0,0,0
1780638747030301,81.6093,-0.0374585,-0.000767096,-0.00622559,0,0,-5,-0.0374585,-0.000767096,4.99377,4.99391,-0.0494616,-0.0136303,0.00305895,0,0,0
1780638747046301,81.6253,-0.0369315,-0.00103956,-0.00616455,0,0,-5,-0.0369315,-0.00103956,4.99384,4.99397,-0.0490219,-0.0117785,0.00291891,0,0,0
1780638747070301,81.6493,-0.036254,-0.00140818,-0.00610352,0,0,-5,-0.036254,-0.00140818,4.9939,4.99403,-0.047528,-0.0122209,0.00160251,0,0,0
1780638747094301,81.6733,-0.0357126,-0.001805,-0.00613403,0,0,-5,-0.0357126,-0.001805,4.99387,4.99399,-0.0474345,-0.0126519,0.00124383,0,0,0
1780638747110301,81.6893,-0.0354388,-0.00206345,-0.00613403,0,0,-5,-0.0354388,-0.00206345,4.99387,4.99399,-0.0485612,-0.013502,0.00153895,0,0,0
1780638747134301,81.7133,-0.0351476,-0.00245799,-0.00613403,0,0,-5,-0.0351476,-0.00245799,4.99387,4.99399,-0.0475405,-0.0135527,0.00166105,0,0,0
1780638747150301,81.7293,-0.0350105,-0.00271824,-0.00610352,0,0,-5,-0.0350105,-0.00271824,4.9939,4.99402,-0.0470935,-0.0133314,0.00178385,0,0,0
1780638747174301,81.7533,-0.0349001,-0.00312531,-0.00610352,0,0,-5,-0.0349001,-0.00312531,4.9939,4.99402,-0.0462907,-0.0146719,0.00113928,0,0,0
1780638747190301,81.7693,-0.0348686,-0.003405,-0.00610352,0,0,-5,-0.0348686,-0.003405,4.9939,4.99402,-0.0453721,-0.0147071,0.00195044,0,0,0
1780638747214301,81.7933,-0.0348938,-0.00382293,-0.006073,0,0,-5,-0.0348938,-0.00382293,4.99393,4.99405,-0.0443612,-0.0165123,0.00316072,0,0,0
1780638747230301,81.8093,-0.0349565,-0.00412749,-0.00604248,0,0,-5,-0.0349565,-0.00412749,4.99396,4.99408,-0.0438746,-0.0169348,0.00466024,0,0,0
1780638747254301,81.8333,-0.035101,-0.00456918,-0.00598145,0,0,-5,-0.035101,-0.00456918,4.99402,4.99414,-0.0432004,-0.0165944,0.00460199,0,0,0
1780638747270301,81.8493,-0.0352464,-0.00485475,-0.00595093,0,0,-5,-0.0352464,-0.00485475,4.99405,4.99418,-0.0434257,-0.0158734,0.00412604,0,0,0
1780638747294301,81.8733,-0.0355596,-0.00527773,-0.00588989,0,0,-5,-0.0355596,-0.00527773,4.99411,4.99424,-0.0436798,-0.0156868,0.00348754,0,0,0
1780638747310301,81.8893,-0.0357897,-0.00554371,-0.00588989,0,0,-5,-0.0357897,-0.00554371,4.99411,4.99424,-0.0426518,-0.0150039,0.00282963,0,0,0
1780638747334301,81.9133,-0.036167,-0.00593672,-0.00585938,0,0,-5,-0.036167,-0.00593672,4.99414,4.99428,-0.0411654,-0.015667,0.00326058,0,0,0
1780638747350301,81.9293,-0.0364504,-0.00620291,-0.00588989,0,0,-5,-0.0364504,-0.00620291,4.99411,4.99425,-0.0413204,-0.0161188,0.00261626,0,0,0
1780638747374301,81.9533,-0.0369203,-0.00662482,-0.00592041,0,0,-5,-0.0369203,-0.00662482,4.99408,4.99422,-0.0416612,-0.0180944,0.00366803,0,0,0
1780638747390301,81.9693,-0.0363674,-0.00680228,-0.00592041,0,0,-5,-0.0363674,-0.00680228,4.99408,4.99422,-0.041556,-0.0188328,0.00237858,0,0,0
1780638747414301,81.9933,-0.0356741,-0.00706099,-0.00595093,0,0,-5,-0.0356741,-0.00706099,4.99405,4.99418,-0.0419085,-0.0186572,0.0020917,0,0,0
1780638747430301,82.0093,-0.0352976,-0.0072506,-0.00598145,0,0,-5,-0.0352976,-0.0072506,4.99402,4.99415,-0.0416356,-0.0193731,0.0023059,0,0,0
1780638747454301,82.0333,-0.0348118,-0.00754731,-0.00601196,0,0,-5,-0.0348118,-0.00754731,4.99399,4.99412,-0.0392943,-0.0189414,0.00179228,0,0,0
1780638747470301,82.0493,-0.034538,-0.00775137,-0.00601196,0,0,-5,-0.034538,-0.00775137,4.99399,4.99411,-0.0388609,-0.0197803,0.00116932,0,0,0
1780638747494301,82.0733,-0.0342147,-0.0080794,-0.00604248,0,0,-5,-0.0342147,-0.0080794,4.99396,4.99408,-0.0365983,-0.0206039,0.00248463,0,0,0
1780638747510301,82.0893,-0.0340396,-0.00831215,-0.006073,0,0,-5,-0.0340396,-0.00831215,4.99393,4.99405,-0.037049,-0.0210649,0.00252296,0,0,0
1780638747534301,82.1133,-0.0338705,-0.00867038,-0.006073,0,0,-5,-0.0338705,-0.00867038,4.99393,4.99405,-0.0361712,-0.020133,0.00286014,0,0,0
1780638747550301,82.1293,-0.0337954,-0.00889764,-0.006073,0,0,-5,-0.0337954,-0.00889764,4.99393,4.99405,-0.0358618,-0.0201465,0.00400874,0,0,0
1780638747574301,82.1533,-0.0337657,-0.00925317,-0.00604248,0,0,-5,-0.0337657,-0.00925317,4.99396,4.99408,-0.0360516,-0.0215863,0.00490709,0,0,0
1780638747590301,82.1693,-0.0337894,-0.00951638,-0.00604248,0,0,-5,-0.0337894,-0.00951638,4.99396,4.99408,-0.0354996,-0.0222783,0.00333294,0,0,0
1780638747614301,82.1933,-0.033863,-0.00993812,-0.00601196,0,0,-5,-0.033863,-0.00993812,4.99399,4.99411,-0.0332551,-0.0232365,0.0052408,0,0,0
1780638747630301,82.2093,-0.0339347,-0.0102266,-0.00598145,0,0,-5,-0.0339347,-0.0102266,4.99402,4.99414,-0.0320952,-0.0238152,0.00579284,0,0,0
1780638747654301,82.2333,-0.0340548,-0.0106758,-0.00595093,0,0,-5,-0.0340548,-0.0106758,4.99405,4.99418,-0.0294815,-0.0240875,0.0047197,0,0,0
1780638747670301,82.2493,-0.0341607,-0.0109813,-0.00595093,0,0,-5,-0.0341607,-0.0109813,4.99405,4.99418,-0.0305668,-0.0243369,0.00451019,0,0,0
1780638747694301,82.2733,-0.0343975,-0.0114456,-0.00592041,0,0,-5,-0.0343975,-0.0114456,4.99408,4.99421,-0.0303121,-0.0244943,0.0046328,0,0,0
1780638747710301,82.2893,-0.0345789,-0.0117553,-0.00588989,0,0,-5,-0.0345789,-0.0117553,4.99411,4.99424,-0.0295541,-0.0243706,0.00393261,0,0,0
1780638747734301,82.3133,-0.0348806,-0.0122088,-0.00582886,0,0,-5,-0.0348806,-0.0122088,4.99417,4.99431,-0.0281284,-0.0234235,0.0060296,0,0,0
1780638747750301,82.3293,-0.0350989,-0.0125108,-0.00579834,0,0,-5,-0.0350989,-0.0125108,4.9942,4.99434,-0.0284853,-0.0238961,0.00451875,0,0,0
1780638747774301,82.3533,-0.0354637,-0.0129834,-0.00576782,0,0,-5,-0.0354637,-0.0129834,4.99423,4.99437,-0.0275579,-0.0241652,0.0053104,0,0,0
1780638747790301,82.3693,-0.0352609,-0.0130711,-0.00561523,0,0,-5,-0.0352609,-0.0130711,4.99438,4.99453,-0.027176,-0.0241424,0.00632756,0,0,0
1780638747806301,82.3853,-0.0346509,-0.0129484,-0.00537109,0,0,-5,-0.0346509,-0.0129484,4.99463,4.99477,-0.026508,-0.0242143,0.00691957,0,0,0
1780638747830301,82.4093,-0.0338348,-0.0127972,-0.00497437,0,0,-5,-0.0338348,-0.0127972,4.99503,4.99516,-0.0260118,-0.0234966,0.00627673,0,0,0
1780638747854301,82.4333,-0.0331373,-0.0126942,-0.00463867,0,0,-5,-0.0331373,-0.0126942,4.99536,4.99549,-0.0250283,-0.0233723,0.00682986,0,0,0
1780638747870301,82.4493,-0.0327191,-0.0126394,-0.00442505,0,0,-5,-0.0327191,-0.0126394,4.99557,4.9957,-0.0233881,-0.0224072,0.00786032,0,0,0
1780638747894301,82.4733,-0.0321645,-0.0125869,-0.00405884,0,0,-5,-0.0321645,-0.0125869,4.99594,4.99606,-0.0228219,-0.0229647,0.00848499,0,0,0
1780638747910301,82.4893,-0.0318398,-0.0125799,-0.00387573,0,0,-5,-0.0318398,-0.0125799,4.99612,4.99624,-0.0225519,-0.0237251,0.00769288,0,0,0
1780638747934301,82.5133,-0.0313996,-0.0125964,-0.00363159,0,0,-5,-0.0313996,-0.0125964,4.99637,4.99648,-0.019888,-0.0233633,0.00703824,0,0,0
1780638747950481,82.5294,-0.031113,-0.0126371,-0.003479,0,0,-5,-0.031113,-0.0126371,4.99652,4.99663,-0.0174489,-0.0243274,0.00683926,0,0,0
1780638747974481,82.5534,-0.0306889,-0.0127349,-0.00326538,0,0,-5,-0.0306889,-0.0127349,4.99673,4.99685,-0.0158516,-0.0239721,0.00675814,0,0,0
1780638747990481,82.5694,-0.0304377,-0.0128033,-0.00311279,0,0,-5,-0.0304377,-0.0128033,4.99689,4.997,-0.0160681,-0.0234049,0.0080063,0,0,0
1780638748014481,82.5934,-0.0301088,-0.0129387,-0.00286865,0,0,-5,-0.0301088,-0.0129387,4.99713,4.99724,-0.0158391,-0.0240186,0.00831684,0,0,0
1780638748030481,82.6094,-0.0299233,-0.0130493,-0.00271606,0,0,-5,-0.0299233,-0.0130493,4.99728,4.99739,-0.0143225,-0.0243455,0.00919773,0,0,0
1780638748054481,82.6334,-0.0296988,-0.0132196,-0.00247192,0,0,-5,-0.0296988,-0.0132196,4.99753,4.99763,-0.0151751,-0.0230769,0.00861717,0,0,0
1780638748070481,82.6494,-0.0295961,-0.0133545,-0.00234985,0,0,-5,-0.0295961,-0.0133545,4.99765,4.99776,-0.0153445,-0.024678,0.00768727,0,0,0
1780638748094481,82.6734,-0.0294896,-0.0135882,-0.00213623,0,0,-5,-0.0294896,-0.0135882,4.99786,4.99797,-0.0152863,-0.024587,0.00835847,0,0,0
1780638748110481,82.6894,-0.0294333,-0.0137587,-0.00198364,0,0,-5,-0.0294333,-0.0137587,4.99802,4.99812,-0.0134727,-0.0243481,0.00759002,0,0,0
1780638748134481,82.7134,-0.0293812,-0.0140573,-0.00180054,0,0,-5,-0.0293812,-0.0140573,4.9982,4.99831,-0.0126977,-0.0262204,0.00689593,0,0,0
1780638748150481,82.7294,-0.0293536,-0.0142794,-0.00170898,0,0,-5,-0.0293536,-0.0142794,4.99829,4.9984,-0.0115943,-0.0266556,0.00547422,0,0,0
1780638748174481,82.7534,-0.0293541,-0.0146343,-0.00158691,0,0,-5,-0.0293541,-0.0146343,4.99841,4.99852,-0.0122964,-0.0262579,0.00370262,0,0,0
1780638748190481,82.7694,-0.0285718,-0.0146125,-0.00167847,0,0,-5,-0.0285718,-0.0146125,4.99832,4.99842,-0.0120447,-0.0264581,0.00293117,0,0,0
1780638748214481,82.7934,-0.0274934,-0.0146088,-0.00180054,0,0,-5,-0.0274934,-0.0146088,4.9982,4.9983,-0.0112969,-0.0260062,0.00178585,0,0,0
1780638748230481,82.8094,-0.0268435,-0.0146152,-0.00186157,0,0,-5,-0.0268435,-0.0146152,4.99814,4.99823,-0.0117931,-0.0244619,0.00197264,0,0,0
1780638748254481,82.8334,-0.0259546,-0.0146406,-0.00201416,0,0,-5,-0.0259546,-0.0146406,4.99799,4.99807,-0.0107357,-0.0247562,0.00208224,0,0,0
1780638748270481,82.8494,-0.0254141,-0.0146766,-0.00210571,0,0,-5,-0.0254141,-0.0146766,4.99789,4.99798,-0.00945065,-0.0251865,0.0024386,0,0,0
1780638748294481,82.8734,-0.0246572,-0.0147622,-0.00222778,0,0,-5,-0.0246572,-0.0147622,4.99777,4.99785,-0.00923492,-0.0248341,0.00341869,0,0,0
1780638748310481,82.8894,-0.0242036,-0.0148396,-0.00228882,0,0,-5,-0.0242036,-0.0148396,4.99771,4.99779,-0.00850799,-0.0252847,0.00363829,0,0,0
1780638748334481,82.9134,-0.0235556,-0.0150009,-0.00238037,0,0,-5,-0.0235556,-0.0150009,4.99762,4.9977,-0.00626144,-0.0272182,0.00305172,0,0,0
1780638748350481,82.9294,-0.0231389,-0.0151494,-0.00241089,0,0,-5,-0.0231389,-0.0151494,4.99759,4.99767,-0.00503295,-0.0272268,0.00369123,0,0,0
1780638748374481,82.9534,-0.0225637,-0.0153862,-0.00250244,0,0,-5,-0.0225637,-0.0153862,4.9975,4.99757,-0.00438415,-0.027303,0.00169521,0,0,0
1780638748390481,82.9694,-0.0222071,-0.0155668,-0.00259399,0,0,-5,-0.0222071,-0.0155668,4.99741,4.99748,-0.0036252,-0.0281223,0.00157761,0,0,0
1780638748414481,82.9934,-0.0217273,-0.0158899,-0.00274658,0,0,-5,-0.0217273,-0.0158899,4.99725,4.99733,-0.00231853,-0.0288975,0.000827656,0,0,0
1780638748430481,83.0094,-0.0214262,-0.0161251,-0.00283813,0,0,-5,-0.0214262,-0.0161251,4.99716,4.99723,-0.00210656,-0.0288651,0.000539933,0,0,0
1780638748454481,83.0334,-0.021008,-0.0164892,-0.00299072,0,0,-5,-0.021008,-0.0164892,4.99701,4.99708,-0.0017618,-0.0288146,0.000727794,0,0,0
1780638748470481,83.0494,-0.0207706,-0.0167481,-0.00308228,0,0,-5,-0.0207706,-0.0167481,4.99692,4.99699,-0.00258259,-0.0293424,0.000377329,0,0,0
1780638748494481,83.0734,-0.0204674,-0.0171519,-0.00320435,0,0,-5,-0.0204674,-0.0171519,4.9968,4.99687,-0.00244729,-0.0284928,0.000427097,0,0,0
1780638748510481,83.0894,-0.0202718,-0.0174223,-0.0032959,0,0,-5,-0.0202718,-0.0174223,4.9967,4.99678,-0.000391721,-0.0285839,0.000549173,0,0,0
1780638748534481,83.1134,-0.0199895,-0.0178508,-0.00341797,0,0,-5,-0.0199895,-0.0178508,4.99658,4.99665,-0.000313715,-0.0288494,0.00103431,0,0,0
1780638748550481,83.1294,-0.0198198,-0.0181558,-0.003479,0,0,-5,-0.0198198,-0.0181558,4.99652,4.99659,-0.000170748,-0.0295102,0.000961099,0,0,0
1780638748574481,83.1534,-0.0195983,-0.0186374,-0.00360107,0,0,-5,-0.0195983,-0.0186374,4.9964,4.99647,6.92585e-05,-0.0288112,-0.000110051,0,0,0
1780638748590481,83.1694,-0.0190932,-0.0183796,-0.00360107,0,0,-5,-0.0190932,-0.0183796,4.9964,4.99647,0.00103992,-0.0284537,-0.000749056,0,0,0
1780638748614481,83.1934,-0.018368,-0.0180309,-0.00357056,0,0,-5,-0.018368,-0.0180309,4.99643,4.9965,0.00247166,-0.0261223,-0.00138101,0,0,0
1780638748630481,83.2094,-0.0179217,-0.017802,-0.00357056,0,0,-5,-0.0179217,-0.017802,4.99643,4.99649,0.00224918,-0.0246505,-0.00124644,0,0,0
1780638748654481,83.2334,-0.0172858,-0.017502,-0.00360107,0,0,-5,-0.0172858,-0.017502,4.9964,4.99646,0.00291922,-0.0242145,-0.00251359,0,0,0
1780638748670481,83.2494,-0.0169058,-0.0173465,-0.00363159,0,0,-5,-0.0169058,-0.0173465,4.99637,4.99643,0.0029446,-0.0253808,-0.00232638,0,0,0
1780638748694481,83.2734,-0.016405,-0.0171677,-0.00366211,0,0,-5,-0.016405,-0.0171677,4.99634,4.99639,0.00167078,-0.0248098,-0.00286358,0,0,0
1780638748710481,83.2894,-0.0161134,-0.0170691,-0.00372314,0,0,-5,-0.0161134,-0.0170691,4.99628,4.99633,0.00124467,-0.0245281,-0.00127483,0,0,0
1780638748734481,83.3134,-0.0157116,-0.0169637,-0.00372314,0,0,-5,-0.0157116,-0.0169637,4.99628,4.99633,0.0019095,-0.0246994,-0.000112569,0,0,0
1780638748750481,83.3294,-0.0154609,-0.0169228,-0.00375366,0,0,-5,-0.0154609,-0.0169228,4.99625,4.9963,0.00246432,-0.0249234,-0.000793141,0,0,0
1780638748774481,83.3534,-0.0151035,-0.0169006,-0.0038147,0,0,-5,-0.0151035,-0.0169006,4.99619,4.99624,0.00294377,-0.0251064,-0.00137871,0,0,0
1780638748790481,83.3694,-0.0148789,-0.0169164,-0.00384521,0,0,-5,-0.0148789,-0.0169164,4.99615,4.99621,0.00335547,-0.0250652,-0.0023165,0,0,0
1780638748814481,83.3934,-0.0145695,-0.0169669,-0.00393677,0,0,-5,-0.0145695,-0.0169669,4.99606,4.99611,0.00356269,-0.02529,-0.00261484,0,0,0
1780638748830481,83.4094,-0.0143812,-0.0170188,-0.0039978,0,0,-5,-0.0143812,-0.0170188,4.996,4.99605,0.00476347,-0.024871,-0.00206781,0,0,0
1780638748854481,83.4334,-0.0140743,-0.0170937,-0.00408936,0,0,-5,-0.0140743,-0.0170937,4.99591,4.99596,0.00668944,-0.0232392,-0.0022984,0,0,0
1780638748870481,83.4494,-0.0138687,-0.0171495,-0.00415039,0,0,-5,-0.0138687,-0.0171495,4.99585,4.9959,0.00768291,-0.0224411,-0.00177321,0,0,0
1780638748894481,83.4734,-0.0135821,-0.0172377,-0.00421143,0,0,-5,-0.0135821,-0.0172377,4.99579,4.99584,0.00697163,-0.0219287,-0.000408382,0,0,0
1780638748910481,83.4894,-0.0134133,-0.0173205,-0.00424194,0,0,-5,-0.0134133,-0.0173205,4.99576,4.99581,0.00758474,-0.0217935,-0.000134279,0,0,0
1780638748934481,83.5134,-0.013172,-0.0174671,-0.00430298,0,0,-5,-0.013172,-0.0174671,4.9957,4.99574,0.00694974,-0.023062,-5.20417e-05,0,0,0
1780638748950669,83.5296,-0.0130365,-0.0176004,-0.0043335,0,0,-5,-0.0130365,-0.0176004,4.99567,4.99571,0.00633888,-0.0228492,0.000749602,0,0,0
1780638748974669,83.5536,-0.0128705,-0.0178075,-0.00436401,0,0,-5,-0.0128705,-0.0178075,4.99564,4.99568,0.00493326,-0.0224766,0.000160494,0,0,0
1780638748990669,83.5696,-0.0124504,-0.0176471,-0.00442505,0,0,-5,-0.0124504,-0.0176471,4.99557,4.99562,0.00521484,-0.0226587,0.00092662,0,0,0
1780638749014669,83.5936,-0.0119033,-0.017449,-0.00448608,0,0,-5,-0.0119033,-0.017449,4.99551,4.99556,0.00326223,-0.0214426,0.00102098,0,0,0
1780638749030669,83.6096,-0.0115617,-0.0173311,-0.00454712,0,0,-5,-0.0115617,-0.0173311,4.99545,4.9955,0.00447412,-0.021468,-2.02362e-05,0,0,0
1780638749054669,83.6336,-0.0110705,-0.0171915,-0.00463867,0,0,-5,-0.0110705,-0.0171915,4.99536,4.9954,0.00527215,-0.0205214,-0.000754702,0,0,0
1780638749070669,83.6496,-0.0107688,-0.0171136,-0.00473022,0,0,-5,-0.0107688,-0.0171136,4.99527,4.99531,0.0052099,-0.0197237,-0.00122788,0,0,0
1780638749094669,83.6736,-0.0103209,-0.0170365,-0.00482178,0,0,-5,-0.0103209,-0.0170365,4.99518,4.99522,0.00653767,-0.0209851,-0.00106326,0,0,0
1780638749110669,83.6896,-0.0100401,-0.0170227,-0.00488281,0,0,-5,-0.0100401,-0.0170227,4.99512,4.99516,0.00600015,-0.0216091,-0.00082932,0,0,0
1780638749134669,83.7136,-0.00964538,-0.0170223,-0.00500488,0,0,-5,-0.00964538,-0.0170223,4.995,4.99503,0.00628698,-0.0194142,-0.00165513,0,0,0
1780638749150669,83.7296,-0.00939994,-0.0170089,-0.00509644,0,0,-5,-0.00939994,-0.0170089,4.9949,4.99494,0.0062584,-0.0185694,-0.00212323,0,0,0
1780638749174669,83.7536,-0.00906198,-0.0170061,-0.00521851,0,0,-5,-0.00906198,-0.0170061,4.99478,4.99482,0.00609984,-0.0180722,-0.00176882,0,0,0
1780638749190669,83.7696,-0.00885404,-0.0170184,-0.00531006,0,0,-5,-0.00885404,-0.0170184,4.99469,4.99473,0.00577413,-0.0182611,-0.00161761,0,0,0
1780638749214669,83.7936,-0.00857152,-0.0170726,-0.00540161,0,0,-5,-0.00857152,-0.0170726,4.9946,4.99463,0.00560886,-0.0190508,-0.000467186,0,0,0
1780638749230669,83.8096,-0.00841573,-0.017144,-0.00546265,0,0,-5,-0.00841573,-0.017144,4.99454,4.99457,0.00423109,-0.0202439,-0.000516847,0,0,0
1780638749254669,83.8336,-0.00819636,-0.0173069,-0.00552368,0,0,-5,-0.00819636,-0.0173069,4.99448,4.99451,0.0050201,-0.0215805,0.000711294,0,0,0
1780638749270669,83.8496,-0.00804543,-0.0174446,-0.0055542,0,0,-5,-0.00804543,-0.0174446,4.99445,4.99448,0.00577964,-0.0218958,-0.000840631,0,0,0
1780638749294669,83.8736,-0.00784029,-0.0176667,-0.00564575,0,0,-5,-0.00784029,-0.0176667,4.99435,4.99439,0.00485561,-0.0218671,-8.20377e-05,0,0,0
1780638749310669,83.8896,-0.00772836,-0.0178382,-0.00567627,0,0,-5,-0.00772836,-0.0178382,4.99432,4.99436,0.00422978,-0.0230302,-0.00022481,0,0,0
1780638749334669,83.9136,-0.00759471,-0.0181571,-0.0057373,0,0,-5,-0.00759471,-0.0181571,4.99426,4.9943,0.00394622,-0.0252282,0.0022873,0,0,0
1780638749350669,83.9296,-0.00751467,-0.0183959,-0.00576782,0,0,-5,-0.00751467,-0.0183959,4.99423,4.99427,0.00412687,-0.025086,0.00217377,0,0,0
1780638749374669,83.9536,-0.0074149,-0.0187653,-0.00579834,0,0,-5,-0.0074149,-0.0187653,4.9942,4.99424,0.00448043,-0.0244381,0.00150917,0,0,0
1780638749390669,83.9696,-0.00723619,-0.0185145,-0.00558472,0,0,-5,-0.00723619,-0.0185145,4.99442,4.99445,0.00585017,-0.0241408,0.00141784,0,0,0
1780638749414669,83.9936,-0.00697872,-0.0181963,-0.00524902,0,0,-5,-0.00697872,-0.0181963,4.99475,4.99479,0.00645427,-0.0237452,0.00038242,0,0,0
1780638749430669,84.0096,-0.00681611,-0.0180046,-0.00509644,0,0,-5,-0.00681611,-0.0180046,4.9949,4.99494,0.00603025,-0.0221505,-0.000310375,0,0,0
1780638749454669,84.0336,-0.00660059,-0.017733,-0.00485229,0,0,-5,-0.00660059,-0.017733,4.99515,4.99518,0.00620215,-0.0210601,-0.000970544,0,0,0
1780638749470669,84.0496,-0.00646932,-0.0175764,-0.00473022,0,0,-5,-0.00646932,-0.0175764,4.99527,4.9953,0.00526987,-0.021206,-0.000936216,0,0,0
1780638749494669,84.0736,-0.00630977,-0.0173806,-0.0045166,0,0,-5,-0.00630977,-0.0173806,4.99548,4.99552,0.00456304,-0.0206513,0.000785592,0,0,0
1780638749510669,84.0896,-0.00623249,-0.0172767,-0.00439453,0,0,-5,-0.00623249,-0.0172767,4.99561,4.99564,0.00334591,-0.0207791,0.00114841,0,0,0
1780638749534669,84.1136,-0.00615214,-0.0171634,-0.00418091,0,0,-5,-0.00615214,-0.0171634,4.99582,4.99585,0.00333401,-0.0212758,0.00185324,0,0,0
1780638749550669,84.1296,-0.00609957,-0.0171202,-0.00405884,0,0,-5,-0.00609957,-0.0171202,4.99594,4.99597,0.00423137,-0.0213792,0.00174726,0,0,0
1780638749574669,84.1536,-0.00602586,-0.0170907,-0.00390625,0,0,-5,-0.00602586,-0.0170907,4.99609,4.99613,0.00447584,-0.0208905,0.00138996,0,0,0
1780638749590669,84.1696,-0.00597638,-0.0170764,-0.00378418,0,0,-5,-0.00597638,-0.0170764,4.99622,4.99625,0.00489197,-0.0196557,0.000850325,0,0,0
1780638749614669,84.1936,-0.00592662,-0.0170767,-0.00369263,0,0,-5,-0.00592662,-0.0170767,4.99631,4.99634,0.00384555,-0.0198351,0.00222279,0,0,0
1780638749630669,84.2096,-0.0059027,-0.0171016,-0.00360107,0,0,-5,-0.0059027,-0.0171016,4.9964,4.99643,0.00405876,-0.0200101,0.00213266,0,0,0
1780638749654669,84.2336,-0.00587866,-0.01715,-0.00350952,0,0,-5,-0.00587866,-0.01715,4.99649,4.99652,0.0036193,-0.0194882,0.00158455,0,0,0
1780638749670669,84.2496,-0.005874,-0.0172053,-0.00344849,0,0,-5,-0.005874,-0.0172053,4.99655,4.99658,0.00347387,-0.0200665,0.00114764,0,0,0
1780638749686669,84.2656,-0.00589311,-0.0172855,-0.00341797,0,0,-5,-0.00589311,-0.0172855,4.99658,4.99662,0.00256069,-0.0201177,6.36752e-05,0,0,0
1780638749710669,84.2896,-0.00596725,-0.0174325,-0.00338745,0,0,-5,-0.00596725,-0.0174325,4.99661,4.99665,0.000726724,-0.0211055,5.16551e-05,0,0,0
1780638749726669,84.3056,-0.00604183,-0.0175588,-0.00338745,0,0,-5,-0.00604183,-0.0175588,4.99661,4.99665,0.000339532,-0.0215282,-0.00084048,0,0,0
1780638749750669,84.3296,-0.00614744,-0.0177905,-0.00338745,0,0,-5,-0.00614744,-0.0177905,4.99661,4.99665,0.00123474,-0.0223377,0.000182505,0,0,0
1780638749774669,84.3536,-0.0062301,-0.0180381,-0.00341797,0,0,-5,-0.0062301,-0.0180381,4.99658,4.99662,0.00286336,-0.0218489,0.000408317,0,0,0
1780638749790669,84.3696,-0.00616164,-0.0175585,-0.00344849,0,0,-5,-0.00616164,-0.0175585,4.99655,4.99659,0.00307426,-0.0223558,8.8961e-05,0,0,0
1780638749814669,84.3936,-0.00608296,-0.0169135,-0.00350952,0,0,-5,-0.00608296,-0.0169135,4.99649,4.99652,0.00302754,-0.0219132,-0.000589282,0,0,0
1780638749830669,84.4096,-0.00601664,-0.0165407,-0.00357056,0,0,-5,-0.00601664,-0.0165407,4.99643,4.99646,0.00247044,-0.0227339,0.000586134,0,0,0
1780638749854669,84.4336,-0.00595182,-0.016054,-0.00360107,0,0,-5,-0.00595182,-0.016054,4.9964,4.99643,0.00223183,-0.0217634,0.000413067,0,0,0
1780638749870669,84.4496,-0.00591158,-0.0157684,-0.00366211,0,0,-5,-0.00591158,-0.0157684,4.99634,4.99637,0.00271075,-0.022903,-0.000245392,0,0,0
1780638749894669,84.4736,-0.00586585,-0.0154374,-0.00369263,0,0,-5,-0.00586585,-0.0154374,4.99631,4.99633,0.00191078,-0.0238646,0.00124873,0,0,0
1780638749910669,84.4896,-0.00586337,-0.0152549,-0.00366211,0,0,-5,-0.00586337,-0.0152549,4.99634,4.99636,0.000510354,-0.023754,0.00287098,0,0,0
1780638749926669,84.5056,-0.0058917,-0.015098,-0.00360107,0,0,-5,-0.0058917,-0.015098,4.9964,4.99643,-0.000580966,-0.0237848,0.00311706,0,0,0
1780638749950859,84.5298,-0.00594535,-0.0149349,-0.00354004,0,0,-5,-0.00594535,-0.0149349,4.99646,4.99649,-0.000734671,-0.0248305,0.00306143,0,0,0
1780638749974859,84.5538,-0.00602778,-0.0148308,-0.003479,0,0,-5,-0.00602778,-0.0148308,4.99652,4.99655,-9.83426e-05,-0.024371,0.00352878,0,0,0
1780638749990859,84.5698,-0.00608268,-0.0147883,-0.00341797,0,0,-5,-0.00608268,-0.0147883,4.99658,4.99661,0.000223193,-0.0242163,0.00297711,0,0,0
1780638750014859,84.5938,-0.00616026,-0.0147742,-0.00332642,0,0,-5,-0.00616026,-0.0147742,4.99667,4.9967,0.000812375,-0.0251538,0.00420525,0,0,0
1780638750030859,84.6098,-0.00621808,-0.014795,-0.00326538,0,0,-5,-0.00621808,-0.014795,4.99673,4.99676,-0.000159691,-0.0247449,0.00456957,0,0,0
1780638750054859,84.6338,-0.00630426,-0.0148601,-0.00317383,0,0,-5,-0.00630426,-0.0148601,4.99683,4.99685,9.51729e-05,-0.0247929,0.00634405,0,0,0
1780638750070859,84.6498,-0.00637371,-0.0149295,-0.00308228,0,0,-5,-0.00637371,-0.0149295,4.99692,4.99694,-0.000633734,-0.0258269,0.00679842,0,0,0
1780638750094859,84.6738,-0.00650002,-0.0150977,-0.00296021,0,0,-5,-0.00650002,-0.0150977,4.99704,4.99707,-0.00117688,-0.0272818,0.00645993,0,0,0
1780638750110859,84.6898,-0.00658612,-0.0152418,-0.00289917,0,0,-5,-0.00658612,-0.0152418,4.9971,4.99713,-0.00135767,-0.0273781,0.00683198,0,0,0
1780638750134859,84.7138,-0.00671846,-0.0154737,-0.00280762,0,0,-5,-0.00671846,-0.0154737,4.99719,4.99722,-0.00211154,-0.0256837,0.00652443,0,0,0
1780638750150859,84.7298,-0.00681968,-0.0156253,-0.00274658,0,0,-5,-0.00681968,-0.0156253,4.99725,4.99728,-0.00259694,-0.0254612,0.0073745,0,0,0
1780638750166859,84.7458,-0.00694262,-0.0157898,-0.00268555,0,0,-5,-0.00694262,-0.0157898,4.99731,4.99734,-0.00402814,-0.0256359,0.00822485,0,0,0
1780638750190859,84.7698,-0.00698903,-0.0155318,-0.00244141,0,0,-5,-0.00698903,-0.0155318,4.99756,4.99759,-0.00455181,-0.0264993,0.00763028,0,0,0
1780638750214859,84.7938,-0.00697018,-0.0150877,-0.00222778,0,0,-5,-0.00697018,-0.0150877,4.99777,4.9978,-0.00410814,-0.0257462,0.00628253,0,0,0
1780638750230859,84.8098,-0.0069691,-0.0148193,-0.0020752,0,0,-5,-0.0069691,-0.0148193,4.99792,4.99795,-0.00423765,-0.0254702,0.00627676,0,0,0
1780638750254859,84.8338,-0.00698334,-0.0144811,-0.00183105,0,0,-5,-0.00698334,-0.0144811,4.99817,4.99819,-0.00455779,-0.0251006,0.00699883,0,0,0
1780638750270859,84.8498,-0.00700034,-0.0142947,-0.00164795,0,0,-5,-0.00700034,-0.0142947,4.99835,4.99838,-0.00445195,-0.0257882,0.00688232,0,0,0
1780638750294859,84.8738,-0.00706503,-0.0140964,-0.00137329,0,0,-5,-0.00706503,-0.0140964,4.99863,4.99865,-0.00670654,-0.026392,0.00763244,0,0,0
1780638750310859,84.8898,-0.00713896,-0.0139903,-0.00119019,0,0,-5,-0.00713896,-0.0139903,4.99881,4.99883,-0.00628238,-0.0254959,0.00810149,0,0,0
1780638750334859,84.9138,-0.00724826,-0.0138643,-0.000976562,0,0,-5,-0.00724826,-0.0138643,4.99902,4.99905,-0.00667462,-0.0250543,0.00620154,0,0,0
1780638750350859,84.9298,-0.00734226,-0.0138122,-0.000823975,0,0,-5,-0.00734226,-0.0138122,4.99918,4.9992,-0.00797146,-0.0259386,0.00687798,0,0,0
1780638750374859,84.9538,-0.00753092,-0.0137872,-0.000610352,0,0,-5,-0.00753092,-0.0137872,4.99939,4.99941,-0.00852611,-0.0259221,0.00706171,0,0,0
1780638750390859,84.9698,-0.00766795,-0.0137986,-0.000488281,0,0,-5,-0.00766795,-0.0137986,4.99951,4.99954,-0.00923892,-0.0257565,0.00540709,0,0,0
1780638750406859,84.9858,-0.00779788,-0.013829,-0.000396729,0,0,-5,-0.00779788,-0.013829,4.9996,4.99963,-0.00948597,-0.0268485,0.00538846,0,0,0
1780638750430859,85.0098,-0.00800498,-0.0139181,-0.000274658,0,0,-5,-0.00800498,-0.0139181,4.99973,4.99975,-0.00951026,-0.025887,0.00529453,0,0,0
1780638750454859,85.0338,-0.00823475,-0.014043,-9.15527e-05,0,0,-5,-0.00823475,-0.014043,4.99991,4.99993,-0.0100371,-0.0269639,0.00740903,0,0,0
1780638750470859,85.0498,-0.00839686,-0.0141646,3.05176e-05,0,0,-5,-0.00839686,-0.0141646,5.00003,5.00006,-0.0100867,-0.0269323,0.00815718,0,0,0
1780638750494859,85.0738,-0.0086717,-0.014381,0.000183105,0,0,-5,-0.0086717,-0.014381,5.00018,5.00021,-0.0110981,-0.0267276,0.00771454,0,0,0
1780638750510859,85.0898,-0.00886519,-0.014546,0.000305176,0,0,-5,-0.00886519,-0.014546,5.00031,5.00033,-0.0116006,-0.0266478,0.00732277,0,0,0
1780638750534859,85.1138,-0.00916812,-0.0147984,0.000457764,0,0,-5,-0.00916812,-0.0147984,5.00046,5.00049,-0.0112429,-0.0262437,0.00837258,0,0,0
1780638750550859,85.1298,-0.00939448,-0.0149672,0.000640869,0,0,-5,-0.00939448,-0.0149672,5.00064,5.00067,-0.0117155,-0.0262121,0.00806745,0,0,0
1780638750574859,85.1538,-0.00974101,-0.0152632,0.000915527,0,0,-5,-0.00974101,-0.0152632,5.00092,5.00095,-0.0101584,-0.0274551,0.00969056,0,0,0
1780638750590859,85.1698,-0.00974233,-0.0151476,0.00119019,0,0,-5,-0.00974233,-0.0151476,5.00119,5.00122,-0.00928042,-0.027916,0.00940325,0,0,0
1780638750614859,85.1938,-0.00976079,-0.015047,0.00158691,0,0,-5,-0.00976079,-0.015047,5.00159,5.00162,-0.0105126,-0.0278515,0.0101617,0,0,0
1780638750630859,85.2098,-0.00980234,-0.0150037,0.00183105,0,0,-5,-0.00980234,-0.0150037,5.00183,5.00186,-0.0103629,-0.0275663,0.010301,0,0,0
1780638750654859,85.2338,-0.00988356,-0.0149877,0.00219727,0,0,-5,-0.00988356,-0.0149877,5.0022,5.00223,-0.00997263,-0.0277211,0.0115932,0,0,0
1780638750670859,85.2498,-0.00994143,-0.0150094,0.00247192,0,0,-5,-0.00994143,-0.0150094,5.00247,5.0025,-0.00960687,-0.0280919,0.0115552,0,0,0
1780638750694859,85.2738,-0.0100212,-0.0150943,0.00280762,0,0,-5,-0.0100212,-0.0150943,5.00281,5.00284,-0.0085651,-0.0287183,0.0107172,0,0,0
1780638750710859,85.2898,-0.0100632,-0.0151811,0.00302124,0,0,-5,-0.0100632,-0.0151811,5.00302,5.00305,-0.00782918,-0.028072,0.0110147,0,0,0
1780638750734859,85.3138,-0.0101396,-0.0153491,0.00332642,0,0,-5,-0.0101396,-0.0153491,5.00333,5.00336,-0.00866623,-0.0289259,0.0113911,0,0,0
1780638750750859,85.3298,-0.0102286,-0.0154964,0.00354004,0,0,-5,-0.0102286,-0.0154964,5.00354,5.00357,-0.0103319,-0.0294379,0.0115346,0,0,0
1780638750774859,85.3538,-0.0103619,-0.0157683,0.0038147,0,0,-5,-0.0103619,-0.0157683,5.00381,5.00385,-0.00873218,-0.0304992,0.0118419,0,0,0
1780638750790859,85.3698,-0.0104527,-0.0159754,0.00402832,0,0,-5,-0.0104527,-0.0159754,5.00403,5.00406,-0.0088971,-0.0300882,0.0122934,0,0,0
1780638750814859,85.3938,-0.0106234,-0.0163143,0.0043335,0,0,-5,-0.0106234,-0.0163143,5.00433,5.00437,-0.00995121,-0.0304886,0.0124345,0,0,0
1780638750830859,85.4098,-0.0107523,-0.0165613,0.0045166,0,0,-5,-0.0107523,-0.0165613,5.00452,5.00456,-0.00903588,-0.0306541,0.012582,0,0,0
1780638750854859,85.4338,-0.0110006,-0.0169428,0.00479126,0,0,-5,-0.0110006,-0.0169428,5.00479,5.00483,-0.0116239,-0.0297324,0.0109854,0,0,0
1780638750870859,85.4498,-0.0112015,-0.0171994,0.00497437,0,0,-5,-0.0112015,-0.0171994,5.00497,5.00502,-0.0128084,-0.0289768,0.01108,0,0,0
1780638750894859,85.4738,-0.0115392,-0.0176081,0.00521851,0,0,-5,-0.0115392,-0.0176081,5.00522,5.00526,-0.0133168,-0.0301599,0.0105968,0,0,0
1780638750910859,85.4898,-0.0117699,-0.0178994,0.00537109,0,0,-5,-0.0117699,-0.0178994,5.00537,5.00542,-0.0127516,-0.0300767,0.00893938,0,0,0
1780638750926859,85.5058,-0.012002,-0.0182101,0.00546265,0,0,-5,-0.012002,-0.0182101,5.00546,5.00551,-0.0130482,-0.0311676,0.00744392,0,0,0
1780638750950859,85.5298,-0.0123575,-0.0187202,0.00561523,0,0,-5,-0.0123575,-0.0187202,5.00562,5.00567,-0.0131284,-0.0316322,0.00666935,0,0,0
1780638750975047,85.554,-0.0127193,-0.0192643,0.0057373,0,0,-5,-0.0127193,-0.0192643,5.00574,5.00579,-0.0142594,-0.0319466,0.00714692,0,0,0
1780638750991047,85.57,-0.0126555,-0.018937,0.00595093,0,0,-5,-0.0126555,-0.018937,5.00595,5.006,-0.0146412,-0.0316535,0.00759382,0,0,0
1780638751015047,85.594,-0.012586,-0.0185057,0.00622559,0,0,-5,-0.012586,-0.0185057,5.00623,5.00628,-0.0135206,-0.0294177,0.00712682,0,0,0
1780638751031047,85.61,-0.0125522,-0.0182436,0.00640869,0,0,-5,-0.0125522,-0.0182436,5.00641,5.00646,-0.0138143,-0.029185,0.00764587,0,0,0
1780638751055047,85.634,-0.0125539,-0.0179358,0.00665283,0,0,-5,-0.0125539,-0.0179358,5.00665,5.0067,-0.014469,-0.0297603,0.0101546,0,0,0
1780638751071047,85.65,-0.0125753,-0.0177805,0.00683594,0,0,-5,-0.0125753,-0.0177805,5.00684,5.00688,-0.0140922,-0.0305118,0.0103667,0,0,0
1780638751095047,85.674,-0.0125956,-0.0176214,0.00708008,0,0,-5,-0.0125956,-0.0176214,5.00708,5.00713,-0.0111971,-0.0312599,0.0105543,0,0,0
1780638751111047,85.69,-0.012604,-0.0175636,0.00726318,0,0,-5,-0.012604,-0.0175636,5.00726,5.00731,-0.0114541,-0.031834,0.0100155,0,0,0
1780638751127047,85.706,-0.0126366,-0.0175478,0.00744629,0,0,-5,-0.0126366,-0.0175478,5.00745,5.00749,-0.0116814,-0.0320215,0.0105541,0,0,0
1780638751151047,85.73,-0.0127239,-0.0175797,0.00772095,0,0,-5,-0.0127239,-0.0175797,5.00772,5.00777,-0.0128916,-0.0315644,0.00976565,0,0,0
1780638751175047,85.754,-0.01286,-0.0176443,0.00796509,0,0,-5,-0.01286,-0.0176443,5.00797,5.00801,-0.013511,-0.0310364,0.0095191,0,0,0
1780638751191047,85.77,-0.0129607,-0.0177181,0.00811768,0,0,-5,-0.0129607,-0.0177181,5.00812,5.00817,-0.0136083,-0.0315998,0.00850025,0,0,0
1780638751215047,85.794,-0.0131422,-0.0178908,0.00827026,0,0,-5,-0.0131422,-0.0178908,5.00827,5.00832,-0.0147372,-0.0322532,0.00900704,0,0,0
1780638751231047,85.81,-0.0132918,-0.0180281,0.00839233,0,0,-5,-0.0132918,-0.0180281,5.00839,5.00844,-0.0154808,-0.0316291,0.0090516,0,0,0
1780638751255047,85.834,-0.0135272,-0.0182381,0.00860596,0,0,-5,-0.0135272,-0.0182381,5.00861,5.00866,-0.0144362,-0.0298252,0.0087496,0,0,0
1780638751271047,85.85,-0.0136668,-0.0183947,0.00875854,0,0,-5,-0.0136668,-0.0183947,5.00876,5.00881,-0.0148238,-0.0305825,0.00942486,0,0,0
1780638751295047,85.874,-0.0138901,-0.018685,0.00900269,0,0,-5,-0.0138901,-0.018685,5.009,5.00906,-0.0149256,-0.0312202,0.0102867,0,0,0
1780638751311047,85.89,-0.0140502,-0.0189107,0.00915527,0,0,-5,-0.0140502,-0.0189107,5.00916,5.00921,-0.0143801,-0.0319192,0.0109474,0,0,0
1780638751335047,85.914,-0.0142836,-0.0192897,0.00942993,0,0,-5,-0.0142836,-0.0192897,5.00943,5.00949,-0.0138086,-0.0319822,0.0117509,0,0,0
1780638751351047,85.93,-0.014443,-0.0195654,0.00958252,0,0,-5,-0.014443,-0.0195654,5.00958,5.00964,-0.0142546,-0.0327039,0.0107452,0,0,0
1780638751375047,85.954,-0.0147125,-0.020002,0.00982666,0,0,-5,-0.0147125,-0.020002,5.00983,5.00989,-0.0154155,-0.0316205,0.0114039,0,0,0
1780638751391047,85.97,-0.0145027,-0.0196449,0.00982666,0,0,-5,-0.0145027,-0.0196449,5.00983,5.00989,-0.0150272,-0.0327472,0.010298,0,0,0
1780638751415047,85.994,-0.0142459,-0.0192216,0.00985718,0,0,-5,-0.0142459,-0.0192216,5.00986,5.00991,-0.0161334,-0.034268,0.00960455,0,0,0
1780638751431047,86.01,-0.0141035,-0.019006,0.00985718,0,0,-5,-0.0141035,-0.019006,5.00986,5.00991,-0.0162713,-0.0342114,0.00899155,0,0,0
1780638751455047,86.034,-0.0139271,-0.0187629,0.00985718,0,0,-5,-0.0139271,-0.0187629,5.00986,5.00991,-0.0151022,-0.0351232,0.00902024,0,0,0
1780638751471047,86.05,-0.0138246,-0.0186663,0.0098877,0,0,-5,-0.0138246,-0.0186663,5.00989,5.00994,-0.0148845,-0.036336,0.00889404,0,0,0
1780638751487047,86.066,-0.0137284,-0.0186083,0.00991821,0,0,-5,-0.0137284,-0.0186083,5.00992,5.00997,-0.0142807,-0.0360927,0.00920399,0,0,0
1780638751511047,86.09,-0.0136034,-0.0185651,0.00997925,0,0,-5,-0.0136034,-0.0185651,5.00998,5.01003,-0.0133345,-0.0353026,0.0107768,0,0,0
1780638751535047,86.114,-0.0135065,-0.0185784,0.0100708,0,0,-5,-0.0135065,-0.0185784,5.01007,5.01012,-0.0136792,-0.0351728,0.0102137,0,0,0
1780638751551047,86.13,-0.0134796,-0.0186365,0.0101624,0,0,-5,-0.0134796,-0.0186365,5.01016,5.01022,-0.0141876,-0.0360891,0.00975942,0,0,0
1780638751575047,86.154,-0.0134639,-0.0187831,0.0102234,0,0,-5,-0.0134639,-0.0187831,5.01022,5.01028,-0.0139294,-0.0358386,0.00905493,0,0,0
1780638751591047,86.17,-0.013466,-0.0189079,0.0102844,0,0,-5,-0.013466,-0.0189079,5.01028,5.01034,-0.0138094,-0.0356246,0.0085539,0,0,0
1780638751615047,86.194,-0.0134896,-0.0191237,0.0103455,0,0,-5,-0.0134896,-0.0191237,5.01035,5.0104,-0.0135051,-0.0354414,0.00897333,0,0,0
1780638751631047,86.21,-0.0135197,-0.0193059,0.010376,0,0,-5,-0.0135197,-0.0193059,5.01038,5.01043,-0.0143439,-0.0369468,0.00953854,0,0,0
1780638751655047,86.234,-0.0135963,-0.0196605,0.0104675,0,0,-5,-0.0135963,-0.0196605,5.01047,5.01052,-0.0137369,-0.0382991,0.00951705,0,0,0
1780638751671047,86.25,-0.0136591,-0.0199324,0.0105286,0,0,-5,-0.0136591,-0.0199324,5.01053,5.01059,-0.0140697,-0.0382624,0.0102755,0,0,0
1780638751695047,86.274,-0.0137879,-0.0203535,0.0105896,0,0,-5,-0.0137879,-0.0203535,5.01059,5.01065,-0.0151262,-0.0386075,0.0103682,0,0,0
1780638751711047,86.29,-0.0138872,-0.0206729,0.0106506,0,0,-5,-0.0138872,-0.0206729,5.01065,5.01071,-0.0147108,-0.0397309,0.0095123,0,0,0
1780638751735047,86.314,-0.0140459,-0.0212207,0.0107117,0,0,-5,-0.0140459,-0.0212207,5.01071,5.01078,-0.0141649,-0.0408933,0.00833942,0,0,0
1780638751751047,86.33,-0.0141471,-0.0216018,0.0107117,0,0,-5,-0.0141471,-0.0216018,5.01071,5.01078,-0.0126205,-0.0404174,0.00783271,0,0,0
1780638751775047,86.354,-0.0142911,-0.0221864,0.0107422,0,0,-5,-0.0142911,-0.0221864,5.01074,5.01081,-0.0119192,-0.0393744,0.00828111,0,0,0
1780638751791047,86.37,-0.0140129,-0.0218189,0.0105286,0,0,-5,-0.0140129,-0.0218189,5.01053,5.0106,-0.0110373,-0.0387364,0.00774679,0,0,0
1780638751815047,86.394,-0.0136259,-0.0213466,0.0102234,0,0,-5,-0.0136259,-0.0213466,5.01022,5.01029,-0.0107806,-0.0380017,0.00831993,0,0,0
1780638751831047,86.41,-0.0133636,-0.0210744,0.0100403,0,0,-5,-0.0133636,-0.0210744,5.01004,5.0101,-0.00936388,-0.0374864,0.00860218,0,0,0
1780638751855047,86.434,-0.0129869,-0.0207415,0.00979614,0,0,-5,-0.0129869,-0.0207415,5.0098,5.00986,-0.00827819,-0.0370958,0.0098678,0,0,0
1780638751871047,86.45,-0.0127517,-0.0205735,0.00967407,0,0,-5,-0.0127517,-0.0205735,5.00967,5.00973,-0.00818146,-0.0372491,0.0100577,0,0,0
1780638751895047,86.474,-0.0124429,-0.0203695,0.00946045,0,0,-5,-0.0124429,-0.0203695,5.00946,5.00952,-0.00899015,-0.0357254,0.0111434,0,0,0
1780638751911047,86.49,-0.0122665,-0.0202681,0.00933838,0,0,-5,-0.0122665,-0.0202681,5.00934,5.00939,-0.00927897,-0.0348224,0.011486,0,0,0
1780638751935047,86.514,-0.0120345,-0.0201661,0.00918579,0,0,-5,-0.0120345,-0.0201661,5.00919,5.00924,-0.00841794,-0.0352004,0.0124004,0,0,0
1780638751951047,86.53,-0.0118856,-0.0201514,0.00912476,0,0,-5,-0.0118856,-0.0201514,5.00912,5.00918,-0.00878359,-0.0356578,0.0117382,0,0,0
1780638751975047,86.554,-0.0117308,-0.0201747,0.0090332,0,0,-5,-0.0117308,-0.0201747,5.00903,5.00909,-0.00866766,-0.0362202,0.0115439,0,0,0
1780638751991241,86.5702,-0.0116476,-0.0202278,0.00900269,0,0,-5,-0.0116476,-0.0202278,5.009,5.00906,-0.00887384,-0.0357214,0.010742,0,0,0
1780638752015241,86.5942,-0.0115383,-0.0203445,0.00891113,0,0,-5,-0.0115383,-0.0203445,5.00891,5.00897,-0.00715593,-0.0346854,0.010704,0,0,0
1780638752031241,86.6102,-0.0114561,-0.0204322,0.00888062,0,0,-5,-0.0114561,-0.0204322,5.00888,5.00894,-0.00640145,-0.033449,0.0107981,0,0,0
1780638752055241,86.6342,-0.0113636,-0.0205872,0.00888062,0,0,-5,-0.0113636,-0.0205872,5.00888,5.00894,-0.00692804,-0.0319335,0.0106035,0,0,0
1780638752071241,86.6502,-0.0113085,-0.0207073,0.0088501,0,0,-5,-0.0113085,-0.0207073,5.00885,5.00891,-0.00679093,-0.0328373,0.010347,0,0,0
1780638752095241,86.6742,-0.0112656,-0.0209425,0.00888062,0,0,-5,-0.0112656,-0.0209425,5.00888,5.00894,-0.00817532,-0.0319483,0.011012,0,0,0
1780638752111241,86.6902,-0.0112768,-0.0211164,0.00891113,0,0,-5,-0.0112768,-0.0211164,5.00891,5.00897,-0.00882701,-0.0320073,0.0119998,0,0,0
1780638752135241,86.7142,-0.0113237,-0.0214394,0.00897217,0,0,-5,-0.0113237,-0.0214394,5.00897,5.00903,-0.00842605,-0.0336668,0.0109093,0,0,0
1780638752151241,86.7302,-0.0113622,-0.0216923,0.0090332,0,0,-5,-0.0113622,-0.0216923,5.00903,5.00909,-0.00843009,-0.0338547,0.0117479,0,0,0
1780638752175241,86.7542,-0.0114321,-0.0221176,0.00915527,0,0,-5,-0.0114321,-0.0221176,5.00916,5.00922,-0.00908737,-0.0343026,0.0119163,0,0,0
1780638752191241,86.7702,-0.0112857,-0.0218791,0.00909424,0,0,-5,-0.0112857,-0.0218791,5.00909,5.00915,-0.0102091,-0.0333322,0.0135126,0,0,0
1780638752215241,86.7942,-0.0111078,-0.0215829,0.0090332,0,0,-5,-0.0111078,-0.0215829,5.00903,5.00909,-0.00979688,-0.0330919,0.0124338,0,0,0
1780638752231241,86.8102,-0.0110019,-0.0214416,0.00900269,0,0,-5,-0.0110019,-0.0214416,5.009,5.00906,-0.00916122,-0.0332597,0.0133892,0,0,0
1780638752255241,86.8342,-0.0108535,-0.0212826,0.00894165,0,0,-5,-0.0108535,-0.0212826,5.00894,5.009,-0.00809203,-0.0336437,0.0125536,0,0,0
1780638752271241,86.8502,-0.0107601,-0.0212335,0.00894165,0,0,-5,-0.0107601,-0.0212335,5.00894,5.009,-0.00796938,-0.0351635,0.0122524,0,0,0
1780638752295241,86.8742,-0.010608,-0.0212515,0.00891113,0,0,-5,-0.010608,-0.0212515,5.00891,5.00897,-0.00566215,-0.0363537,0.012387,0,0,0
1780638752311241,86.8902,-0.0105013,-0.0213108,0.00888062,0,0,-5,-0.0105013,-0.0213108,5.00888,5.00894,-0.0055057,-0.0362653,0.0125651,0,0,0
1780638752335241,86.9142,-0.010367,-0.0214683,0.00888062,0,0,-5,-0.010367,-0.0214683,5.00888,5.00894,-0.00516966,-0.0369076,0.0122758,0,0,0
1780638752351241,86.9302,-0.0102818,-0.0216218,0.00888062,0,0,-5,-0.0102818,-0.0216218,5.00888,5.00894,-0.00471443,-0.0379359,0.0125523,0,0,0
1780638752375241,86.9542,-0.0101576,-0.0219265,0.00894165,0,0,-5,-0.0101576,-0.0219265,5.00894,5.009,-0.00382144,-0.0396358,0.0128196,0,0,0
1780638752391241,86.9702,-0.0100841,-0.0221729,0.00897217,0,0,-5,-0.0100841,-0.0221729,5.00897,5.00903,-0.00414493,-0.0395628,0.012284,0,0,0
1780638752415241,86.9942,-0.00995581,-0.0225563,0.0090332,0,0,-5,-0.00995581,-0.0225563,5.00903,5.00909,-0.00364621,-0.0393904,0.0126605,0,0,0
1780638752431241,87.0102,-0.00988371,-0.0228373,0.00909424,0,0,-5,-0.00988371,-0.0228373,5.00909,5.00916,-0.00361095,-0.0393871,0.0129971,0,0,0
1780638752455241,87.0342,-0.00978375,-0.0233098,0.00924683,0,0,-5,-0.00978375,-0.0233098,5.00925,5.00931,-0.00345634,-0.0400468,0.0140723,0,0,0
1780638752471241,87.0502,-0.0097195,-0.023661,0.0093689,0,0,-5,-0.0097195,-0.023661,5.00937,5.00943,-0.00266304,-0.0407281,0.014697,0,0,0
1780638752495241,87.0742,-0.00964038,-0.0242385,0.00961304,0,0,-5,-0.00964038,-0.0242385,5.00961,5.00968,-0.00314583,-0.0412746,0.0156996,0,0,0
1780638752511241,87.0902,-0.00959393,-0.0246486,0.00979614,0,0,-5,-0.00959393,-0.0246486,5.0098,5.00987,-0.00211847,-0.0413898,0.0146124,0,0,0
1780638752535241,87.1142,-0.00952023,-0.0252992,0.0101013,0,0,-5,-0.00952023,-0.0252992,5.0101,5.01017,-0.00187249,-0.0416139,0.0145487,0,0,0
1780638752551241,87.1302,-0.00950676,-0.0257626,0.0102844,0,0,-5,-0.00950676,-0.0257626,5.01028,5.01036,-0.00265802,-0.0415005,0.0154571,0,0,0
1780638752575241,87.1542,-0.00951035,-0.0264855,0.0105286,0,0,-5,-0.00951035,-0.0264855,5.01053,5.01061,-0.00307291,-0.0424194,0.0156126,0,0,0
1780638752591241,87.1702,-0.00935171,-0.0263173,0.0107727,0,0,-5,-0.00935171,-0.0263173,5.01077,5.01085,-0.00298498,-0.0430862,0.0156361,0,0,0
1780638752615241,87.1942,-0.00912323,-0.0261517,0.0110779,0,0,-5,-0.00912323,-0.0261517,5.01108,5.01115,-0.00149444,-0.0425908,0.0153689,0,0,0
1780638752631241,87.2102,-0.00896522,-0.0260954,0.011322,0,0,-5,-0.00896522,-0.0260954,5.01132,5.0114,-0.000618021,-0.0434722,0.0151857,0,0,0
1780638752655241,87.2342,-0.00872781,-0.0260925,0.0116577,0,0,-5,-0.00872781,-0.0260925,5.01166,5.01173,0.000272306,-0.0433637,0.0155612,0,0,0
1780638752671241,87.2502,-0.0085715,-0.0261372,0.0119019,0,0,-5,-0.0085715,-0.0261372,5.0119,5.01198,0.00162675,-0.0433302,0.015498,0,0,0
1780638752695241,87.2742,-0.00832082,-0.0262929,0.0122681,0,0,-5,-0.00832082,-0.0262929,5.01227,5.01234,0.00233133,-0.0449595,0.0160978,0,0,0
1780638752711241,87.2902,-0.00816424,-0.0264453,0.0125427,0,0,-5,-0.00816424,-0.0264453,5.01254,5.01262,0.0024446,-0.0445034,0.016729,0,0,0
1780638752735241,87.3142,-0.00793222,-0.026738,0.01297,0,0,-5,-0.00793222,-0.026738,5.01297,5.01305,0.0035705,-0.045231,0.0177322,0,0,0
1780638752751241,87.3302,-0.00777064,-0.0269782,0.0132446,0,0,-5,-0.00777064,-0.0269782,5.01324,5.01332,0.00428908,-0.0462782,0.0169862,0,0,0
1780638752775241,87.3542,-0.00752701,-0.027396,0.0136719,0,0,-5,-0.00752701,-0.027396,5.01367,5.01375,0.00508134,-0.045995,0.0174706,0,0,0
1780638752791241,87.3702,-0.00736927,-0.0276956,0.0140076,0,0,-5,-0.00736927,-0.0276956,5.01401,5.01409,0.00411217,-0.0447866,0.0175777,0,0,0
1780638752815241,87.3942,-0.00715867,-0.0281751,0.0144653,0,0,-5,-0.00715867,-0.0281751,5.01447,5.01455,0.00527854,-0.0448794,0.0171931,0,0,0
1780638752831241,87.4102,-0.00701905,-0.0285225,0.0147705,0,0,-5,-0.00701905,-0.0285225,5.01477,5.01486,0.00369722,-0.0445795,0.016314,0,0,0
1780638752855241,87.4342,-0.00683068,-0.0290806,0.0151672,0,0,-5,-0.00683068,-0.0290806,5.01517,5.01526,0.00357165,-0.0438277,0.016909,0,0,0
1780638752871241,87.4502,-0.00671282,-0.0294756,0.0154724,0,0,-5,-0.00671282,-0.0294756,5.01547,5.01556,0.00402366,-0.0443388,0.0175465,0,0,0
1780638752895241,87.4742,-0.00654868,-0.0301009,0.0158691,0,0,-5,-0.00654868,-0.0301009,5.01587,5.01596,0.00372626,-0.0432738,0.0174497,0,0,0
1780638752911241,87.4902,-0.00644715,-0.0305181,0.0161743,0,0,-5,-0.00644715,-0.0305181,5.01617,5.01627,0.00301605,-0.0424767,0.0166011,0,0,0
1780638752935241,87.5142,-0.00632441,-0.031164,0.016571,0,0,-5,-0.00632441,-0.031164,5.01657,5.01667,0.002441,-0.0426435,0.0160574,0,0,0
1780638752951241,87.5302,-0.00625439,-0.0316406,0.0168762,0,0,-5,-0.00625439,-0.0316406,5.01688,5.01698,0.00213059,-0.0454411,0.0166603,0,0,0
1780638752975241,87.5542,-0.0061567,-0.0324411,0.0173035,0,0,-5,-0.0061567,-0.0324411,5.0173,5.01741,0.00196257,-0.0465824,0.0173164,0,0,0
1780638752991433,87.5704,-0.00606338,-0.0320582,0.0177307,0,0,-5,-0.00606338,-0.0320582,5.01773,5.01784,0.00214852,-0.0462193,0.0171177,0,0,0
1780638753015433,87.5944,-0.00595111,-0.031574,0.0183105,0,0,-5,-0.00595111,-0.031574,5.01831,5.01841,0.000943414,-0.0450982,0.0172356,0,0,0
1780638753031433,87.6104,-0.00588261,-0.031309,0.0187073,0,0,-5,-0.00588261,-0.031309,5.01871,5.01881,0.00167625,-0.0450448,0.0176224,0,0,0
1780638753055433,87.6344,-0.00577757,-0.0310083,0.0193481,0,0,-5,-0.00577757,-0.0310083,5.01935,5.01945,0.00181899,-0.0441188,0.0188724,0,0,0
1780638753071433,87.6504,-0.00572568,-0.0308475,0.0197449,0,0,-5,-0.00572568,-0.0308475,5.01974,5.01984,0.00112677,-0.0431558,0.0187362,0,0,0
1780638753095433,87.6744,-0.00562819,-0.0306929,0.0203247,0,0,-5,-0.00562819,-0.0306929,5.02032,5.02042,0.00347385,-0.0444127,0.019609,0,0,0
1780638753111433,87.6904,-0.00555842,-0.0306555,0.0207214,0,0,-5,-0.00555842,-0.0306555,5.02072,5.02082,0.00283388,-0.0445749,0.0193078,0,0,0
1780638753135433,87.7144,-0.00550178,-0.0306959,0.0213013,0,0,-5,-0.00550178,-0.0306959,5.0213,5.0214,0.00240754,-0.045239,0.0195835,0,0,0
1780638753151433,87.7304,-0.00547383,-0.0307789,0.0216675,0,0,-5,-0.00547383,-0.0307789,5.02167,5.02176,0.00203566,-0.0462238,0.0209304,0,0,0
1780638753175433,87.7544,-0.00544419,-0.0309715,0.0222168,0,0,-5,-0.00544419,-0.0309715,5.02222,5.02232,0.00125077,-0.0455099,0.0202507,0,0,0
1780638753191433,87.7704,-0.00544548,-0.0311337,0.022583,0,0,-5,-0.00544548,-0.0311337,5.02258,5.02268,0.000367265,-0.0455879,0.0204033,0,0,0
1780638753215433,87.7944,-0.0054648,-0.031428,0.0231323,0,0,-5,-0.0054648,-0.031428,5.02313,5.02323,0.00017866,-0.0460184,0.0197547,0,0,0
1780638753231433,87.8104,-0.0054777,-0.0316739,0.023468,0,0,-5,-0.0054777,-0.0316739,5.02347,5.02357,8.3501e-05,-0.046076,0.019624,0,0,0
1780638753255433,87.8344,-0.00550748,-0.0320804,0.0239868,0,0,-5,-0.00550748,-0.0320804,5.02399,5.02409,-0.000319439,-0.0459055,0.0191871,0,0,0
1780638753271433,87.8504,-0.00554944,-0.0323967,0.0243225,0,0,-5,-0.00554944,-0.0323967,5.02432,5.02443,-5.21014e-05,-0.0459465,0.0187456,0,0,0
1780638753295433,87.8744,-0.00563634,-0.0329224,0.0247803,0,0,-5,-0.00563634,-0.0329224,5.02478,5.02489,-0.00223314,-0.0458953,0.0179713,0,0,0
1780638753311433,87.8904,-0.00572263,-0.0333098,0.0250854,0,0,-5,-0.00572263,-0.0333098,5.02509,5.0252,-0.00330917,-0.0476316,0.0169544,0,0,0
1780638753335433,87.9144,-0.00586071,-0.0339827,0.0255127,0,0,-5,-0.00586071,-0.0339827,5.02551,5.02563,-0.00266722,-0.0497846,0.0160079,0,0,0
1780638753351433,87.9304,-0.00594133,-0.0344818,0.0257263,0,0,-5,-0.00594133,-0.0344818,5.02573,5.02585,-0.00294835,-0.0512725,0.0156696,0,0,0
1780638753375433,87.9544,-0.00606772,-0.0353162,0.026001,0,0,-5,-0.00606772,-0.0353162,5.026,5.02613,-0.0026069,-0.0533845,0.0141061,0,0,0
1780638753391433,87.9704,-0.00606392,-0.0343035,0.0258484,0,0,-5,-0.00606392,-0.0343035,5.02585,5.02597,-0.00357706,-0.0529906,0.014602,0,0,0
1780638753415433,87.9944,-0.0060955,-0.0329264,0.0256653,0,0,-5,-0.0060955,-0.0329264,5.02567,5.02578,-0.00369807,-0.0511643,0.0140495,0,0,0
1780638753431433,88.0104,-0.006122,-0.032105,0.0255127,0,0,-5,-0.006122,-0.032105,5.02551,5.02562,-0.00308359,-0.0518272,0.0127149,0,0,0
1780638753455433,88.0344,-0.00617605,-0.0310374,0.0253296,0,0,-5,-0.00617605,-0.0310374,5.02533,5.02543,-0.00419243,-0.0516226,0.0133705,0,0,0
1780638753471433,88.0504,-0.00622953,-0.0304131,0.025238,0,0,-5,-0.00622953,-0.0304131,5.02524,5.02533,-0.00382613,-0.0505655,0.0137591,0,0,0
1780638753495433,88.0744,-0.00627735,-0.0296125,0.0251465,0,0,-5,-0.00627735,-0.0296125,5.02515,5.02524,-0.00207303,-0.0507941,0.0134793,0,0,0
1780638753511433,88.0904,-0.00630758,-0.0291513,0.0250854,0,0,-5,-0.00630758,-0.0291513,5.02509,5.02517,-0.00246854,-0.0504758,0.0119041,0,0,0
1780638753535433,88.1144,-0.00635111,-0.0285721,0.0249939,0,0,-5,-0.00635111,-0.0285721,5.02499,5.02508,-0.00143634,-0.0495665,0.012788,0,0,0
1780638753551433,88.1304,-0.00636193,-0.0282456,0.0249634,0,0,-5,-0.00636193,-0.0282456,5.02496,5.02505,-0.000257553,-0.048377,0.0126016,0,0,0
1780638753575433,88.1544,-0.00637056,-0.0278716,0.0249329,0,0,-5,-0.00637056,-0.0278716,5.02493,5.02501,-0.00067162,-0.0492114,0.0126484,0,0,0
1780638753591433,88.1704,-0.00638547,-0.0276883,0.0249329,0,0,-5,-0.00638547,-0.0276883,5.02493,5.02501,-0.000421769,-0.0488127,0.0123522,0,0,0
1780638753615433,88.1944,-0.00640604,-0.0275085,0.0249329,0,0,-5,-0.00640604,-0.0275085,5.02493,5.02501,-0.00012666,-0.0481679,0.0131611,0,0,0
1780638753631433,88.2104,-0.00640448,-0.0274294,0.0248718,0,0,-5,-0.00640448,-0.0274294,5.02487,5.02495,0.000231409,-0.0481029,0.0127827,0,0,0
1780638753655433,88.2344,-0.00640348,-0.0273892,0.0248718,0,0,-5,-0.00640348,-0.0273892,5.02487,5.02495,0.000931349,-0.0473189,0.0149002,0,0,0
1780638753671433,88.2504,-0.00640201,-0.0274039,0.0248718,0,0,-5,-0.00640201,-0.0274039,5.02487,5.02495,0.000230126,-0.0468667,0.0149258,0,0,0
1780638753695433,88.2744,-0.00641125,-0.0275036,0.0249023,0,0,-5,-0.00641125,-0.0275036,5.0249,5.02498,0.000139099,-0.0482664,0.0151026,0,0,0
1780638753711433,88.2904,-0.00643157,-0.0276396,0.0249329,0,0,-5,-0.00643157,-0.0276396,5.02493,5.02501,-0.000865813,-0.0486088,0.0158596,0,0,0
1780638753735433,88.3144,-0.00649397,-0.0278896,0.0249939,0,0,-5,-0.00649397,-0.0278896,5.02499,5.02508,-0.000849282,-0.0469436,0.015763,0,0,0
1780638753751433,88.3304,-0.00652007,-0.0280796,0.0250549,0,0,-5,-0.00652007,-0.0280796,5.02505,5.02514,-0.000880412,-0.0471777,0.0152159,0,0,0
1780638753775433,88.3544,-0.00656191,-0.028425,0.025116,0,0,-5,-0.00656191,-0.028425,5.02512,5.0252,-0.000235195,-0.0465691,0.0155934,0,0,0
1780638753791433,88.3704,-0.00650135,-0.0277211,0.0248718,0,0,-5,-0.00650135,-0.0277211,5.02487,5.02495,0.000483941,-0.0456011,0.0159805,0,0,0
1780638753815433,88.3944,-0.00640646,-0.0267706,0.0245361,0,0,-5,-0.00640646,-0.0267706,5.02454,5.02461,0.00126594,-0.0444516,0.0147218,0,0,0
1780638753831433,88.4104,-0.00633634,-0.0262176,0.024292,0,0,-5,-0.00633634,-0.0262176,5.02429,5.02436,0.00151947,-0.0439202,0.0151283,0,0,0
1780638753855433,88.4344,-0.00626484,-0.0254935,0.0240173,0,0,-5,-0.00626484,-0.0254935,5.02402,5.02409,-0.000192767,-0.0441192,0.01558,0,0,0
1780638753871433,88.4504,-0.0062263,-0.0250903,0.0238342,0,0,-5,-0.0062263,-0.0250903,5.02383,5.0239,0.000190532,-0.0444795,0.015002,0,0,0
1780638753895433,88.4744,-0.0061719,-0.0246081,0.0235901,0,0,-5,-0.0061719,-0.0246081,5.02359,5.02365,0.00066794,-0.0446941,0.0140482,0,0,0
1780638753911433,88.4904,-0.00613424,-0.0243477,0.023468,0,0,-5,-0.00613424,-0.0243477,5.02347,5.02353,0.000310524,-0.0444812,0.0123936,0,0,0
1780638753935433,88.5144,-0.00608403,-0.0240651,0.0232849,0,0,-5,-0.00608403,-0.0240651,5.02328,5.02335,7.96192e-05,-0.0455095,0.0121603,0,0,0
1780638753951433,88.5304,-0.0060566,-0.0239383,0.0231628,0,0,-5,-0.0060566,-0.0239383,5.02316,5.02322,0.000690805,-0.0449033,0.0118032,0,0,0
1780638753975433,88.5544,-0.0060069,-0.0238162,0.0230103,0,0,-5,-0.0060069,-0.0238162,5.02301,5.02307,0.000765358,-0.0442523,0.0106069,0,0,0
1780638753991628,88.5706,-0.00597023,-0.0238037,0.0229492,0,0,-5,-0.00597023,-0.0238037,5.02295,5.02301,0.00102386,-0.0444783,0.00922604,0,0,0
1780638754007628,88.5866,-0.00594104,-0.0238255,0.0228577,0,0,-5,-0.00594104,-0.0238255,5.02286,5.02292,0.000729221,-0.0439058,0.00888452,0,0,0
1780638754031628,88.6106,-0.00589806,-0.023917,0.0227661,0,0,-5,-0.00589806,-0.023917,5.02277,5.02283,0.000817287,-0.0436723,0.00883173,0,0,0
1780638754047628,88.6266,-0.00586548,-0.0240143,0.0227051,0,0,-5,-0.00586548,-0.0240143,5.02271,5.02277,0.00208381,-0.0433297,0.00846269,0,0,0
1780638754071628,88.6506,-0.00580105,-0.0242181,0.022583,0,0,-5,-0.00580105,-0.0242181,5.02258,5.02264,0.00256005,-0.0429824,0.00801924,0,0,0
1780638754095628,88.6746,-0.00574295,-0.0244824,0.0224915,0,0,-5,-0.00574295,-0.0244824,5.02249,5.02255,0.00183124,-0.0424207,0.00929908,0,0,0
1780638754111628,88.6906,-0.00571141,-0.0246946,0.0224609,0,0,-5,-0.00571141,-0.0246946,5.02246,5.02252,0.0015165,-0.0434702,0.00923364,0,0,0
1780638754127628,88.7066,-0.0056892,-0.0249553,0.0224304,0,0,-5,-0.0056892,-0.0249553,5.02243,5.0225,0.00124741,-0.0444866,0.00856018,0,0,0
1780638754151628,88.7306,-0.00566511,-0.0254115,0.0223999,0,0,-5,-0.00566511,-0.0254115,5.0224,5.02247,0.000310744,-0.0457481,0.00964866,0,0,0
1780638754175628,88.7546,-0.00566684,-0.0259797,0.0223999,0,0,-5,-0.00566684,-0.0259797,5.0224,5.02247,0.000793713,-0.0472563,0.00886139,0,0,0
1780638754191628,88.7706,-0.00505843,-0.0253351,0.0221863,0,0,-5,-0.00505843,-0.0253351,5.02219,5.02225,0.0022404,-0.0463736,0.00852688,0,0,0
1780638754207628,88.7866,-0.00446928,-0.0247545,0.0220032,0,0,-5,-0.00446928,-0.0247545,5.022,5.02207,0.00303518,-0.0461404,0.00829687,0,0,0
1780638754231628,88.8106,-0.00362195,-0.0240235,0.021759,0,0,-5,-0.00362195,-0.0240235,5.02176,5.02182,0.00332793,-0.0468575,0.0089403,0,0,0
1780638754255628,88.8346,-0.00283801,-0.0234198,0.0215454,0,0,-5,-0.00283801,-0.0234198,5.02155,5.0216,0.00287439,-0.0442814,0.0089633,0,0,0
1780638754271628,88.8506,-0.00233072,-0.0230575,0.0214233,0,0,-5,-0.00233072,-0.0230575,5.02142,5.02148,0.00383887,-0.0436145,0.00848943,0,0,0
1780638754295628,88.8746,-0.00156591,-0.0226193,0.0212708,0,0,-5,-0.00156591,-0.0226193,5.02127,5.02132,0.00626772,-0.0450527,0.00781251,0,0,0
1780638754311628,88.8906,-0.00105332,-0.0224132,0.0211487,0,0,-5,-0.00105332,-0.0224132,5.02115,5.0212,0.00684685,-0.0454325,0.00856312,0,0,0
1780638754335628,88.9146,-0.000304583,-0.0221887,0.0210266,0,0,-5,-0.000304583,-0.0221887,5.02103,5.02108,0.00776513,-0.0452431,0.0077728,0,0,0
1780638754351628,88.9306,0.000180867,-0.0221065,0.0209656,0,0,-5,0.000180867,-0.0221065,5.02097,5.02101,0.00802173,-0.0464123,0.00734439,0,0,0
1780638754375628,88.9546,0.000907116,-0.0220567,0.0209045,0,0,-5,0.000907116,-0.0220567,5.0209,5.02095,0.00964475,-0.043732,0.00816955,0,0,0
1780638754391628,88.9706,0.00139134,-0.0220397,0.0208435,0,0,-5,0.00139134,-0.0220397,5.02084,5.02089,0.0112599,-0.0430616,0.00660044,0,0,0
1780638754407628,88.9866,0.00187198,-0.0220577,0.020813,0,0,-5,0.00187198,-0.0220577,5.02081,5.02086,0.0115158,-0.0428612,0.00692885,0,0,0
1780638754431628,89.0106,0.00258929,-0.0221029,0.0207825,0,0,-5,0.00258929,-0.0221029,5.02078,5.02083,0.0113486,-0.0413661,0.0069433,0,0,0
1780638754455628,89.0346,0.00325687,-0.0222172,0.0207825,0,0,-5,0.00325687,-0.0222172,5.02078,5.02083,0.0100695,-0.0414256,0.00620095,0,0,0
1780638754471628,89.0506,0.00367987,-0.0223311,0.020752,0,0,-5,0.00367987,-0.0223311,5.02075,5.0208,0.011141,-0.0415377,0.0048304,0,0,0
1780638754495628,89.0746,0.00430373,-0.022557,0.0207214,0,0,-5,0.00430373,-0.022557,5.02072,5.02077,0.0113833,-0.0405129,0.0052106,0,0,0
1780638754511628,89.0906,0.00469903,-0.0227384,0.0206909,0,0,-5,0.00469903,-0.0227384,5.02069,5.02074,0.0106205,-0.040815,0.00460799,0,0,0
1780638754535628,89.1146,0.0052718,-0.0230546,0.0206604,0,0,-5,0.0052718,-0.0230546,5.02066,5.02072,0.0112871,-0.0407347,0.00297511,0,0,0
1780638754551628,89.1306,0.00565853,-0.02331,0.0206299,0,0,-5,0.00565853,-0.02331,5.02063,5.02069,0.0132124,-0.0416452,0.00287684,0,0,0
1780638754575628,89.1546,0.00621901,-0.0237472,0.0205994,0,0,-5,0.00621901,-0.0237472,5.0206,5.02066,0.0117515,-0.0416508,0.00200395,0,0,0
1780638754591628,89.1706,0.00613374,-0.0230195,0.0203857,0,0,-5,0.00613374,-0.0230195,5.02039,5.02044,0.0112118,-0.0410216,0.00154358,0,0,0
1780638754615628,89.1946,0.0060163,-0.0220662,0.0201111,0,0,-5,0.0060163,-0.0220662,5.02011,5.02016,0.0106527,-0.0414013,0.00118202,0,0,0
1780638754631628,89.2106,0.00594871,-0.0215192,0.019989,0,0,-5,0.00594871,-0.0215192,5.01999,5.02004,0.0107891,-0.0413398,0.00121091,0,0,0
1780638754655628,89.2346,0.00588721,-0.0208214,0.0198059,0,0,-5,0.00588721,-0.0208214,5.01981,5.01985,0.0118568,-0.0410796,0.000837916,0,0,0
1780638754671628,89.2506,0.00586429,-0.0204265,0.0197144,0,0,-5,0.00586429,-0.0204265,5.01971,5.01976,0.0120946,-0.0416386,0.00114375,0,0,0
1780638754695628,89.2746,0.00588206,-0.0199542,0.0195312,0,0,-5,0.00588206,-0.0199542,5.01953,5.01957,0.0147595,-0.0411981,0.00130483,0,0,0
1780638754711628,89.2906,0.00591194,-0.0197014,0.0194397,0,0,-5,0.00591194,-0.0197014,5.01944,5.01948,0.0145425,-0.0401027,0.00127839,0,0,0
1780638754735628,89.3146,0.00596321,-0.019378,0.0192871,0,0,-5,0.00596321,-0.019378,5.01929,5.01933,0.0149895,-0.0382872,7.74548e-05,0,0,0
1780638754751628,89.3306,0.00600845,-0.0192176,0.019165,0,0,-5,0.00600845,-0.0192176,5.01917,5.01921,0.0141645,-0.0393409,-0.000329613,0,0,0
1780638754767628,89.3466,0.00605623,-0.0190979,0.019043,0,0,-5,0.00605623,-0.0190979,5.01904,5.01908,0.0147379,-0.0384306,-0.000297412,0,0,0
1780638754791628,89.3706,0.00614835,-0.0189726,0.0188904,0,0,-5,0.00614835,-0.0189726,5.01889,5.01893,0.0157143,-0.0387385,0.00119822,0,0,0
1780638754815628,89.3946,0.006282,-0.0189613,0.0187378,0,0,-5,0.006282,-0.0189613,5.01874,5.01878,0.0163991,-0.0395336,0.00178751,0,0,0
1780638754831628,89.4106,0.00639303,-0.0189891,0.0186462,0,0,-5,0.00639303,-0.0189891,5.01865,5.01869,0.0178823,-0.0380065,0.00124624,0,0,0
1780638754855628,89.4346,0.00657473,-0.0190796,0.0184937,0,0,-5,0.00657473,-0.0190796,5.01849,5.01853,0.0182422,-0.0387115,0.00166508,0,0,0
1780638754871628,89.4506,0.00671604,-0.019187,0.0184021,0,0,-5,0.00671604,-0.019187,5.0184,5.01844,0.019442,-0.039451,0.00233077,0,0,0
1780638754887628,89.4666,0.00686696,-0.0193459,0.0183716,0,0,-5,0.00686696,-0.0193459,5.01837,5.01841,0.0189132,-0.0404592,0.00363151,0,0,0
1780638754911628,89.4906,0.00707904,-0.0196706,0.0183105,0,0,-5,0.00707904,-0.0196706,5.01831,5.01835,0.0177045,-0.0411966,0.00184511,0,0,0
1780638754935628,89.5146,0.00728319,-0.0200487,0.0182495,0,0,-5,0.00728319,-0.0200487,5.01825,5.01829,0.018269,-0.0407626,0.00156395,0,0,0
1780638754951628,89.5306,0.00743512,-0.0203341,0.0181885,0,0,-5,0.00743512,-0.0203341,5.01819,5.01824,0.0187178,-0.0412128,0.00199462,0,0,0
1780638754975628,89.5546,0.00768063,-0.0208286,0.018158,0,0,-5,0.00768063,-0.0208286,5.01816,5.01821,0.0191713,-0.041873,0.00267303,0,0,0
1780638754991829,89.5708,0.00722827,-0.0203748,0.0180969,0,0,-5,0.00722827,-0.0203748,5.0181,5.01814,0.0196696,-0.0411647,0.00234692,0,0,0
1780638755015829,89.5948,0.00661383,-0.0197935,0.0180359,0,0,-5,0.00661383,-0.0197935,5.01804,5.01808,0.0191083,-0.0405418,0.00255794,0,0,0
1780638755031829,89.6108,0.00624867,-0.0194741,0.0180054,0,0,-5,0.00624867,-0.0194741,5.01801,5.01805,0.0201095,-0.0410614,0.00254473,0,0,0
1780638755055829,89.6348,0.00577705,-0.0190966,0.0179749,0,0,-5,0.00577705,-0.0190966,5.01797,5.01801,0.0207238,-0.0405028,0.00388067,0,0,0
1780638755071829,89.6508,0.00549724,-0.0189023,0.0179749,0,0,-5,0.00549724,-0.0189023,5.01797,5.01801,0.0199715,-0.0405493,0.00670844,0,0,0
1780638755095829,89.6748,0.0051369,-0.0186916,0.0180359,0,0,-5,0.0051369,-0.0186916,5.01804,5.01807,0.0214667,-0.0396091,0.00603354,0,0,0
1780638755111829,89.6908,0.00493427,-0.0185887,0.0180359,0,0,-5,0.00493427,-0.0185887,5.01804,5.01807,0.0208236,-0.0394002,0.00576836,0,0,0
1780638755135829,89.7148,0.00469858,-0.0185039,0.0180969,0,0,-5,0.00469858,-0.0185039,5.0181,5.01813,0.0227923,-0.038628,0.00691626,0,0,0
1780638755151829,89.7308,0.00460248,-0.0184645,0.0181274,0,0,-5,0.00460248,-0.0184645,5.01813,5.01816,0.0227265,-0.0380321,0.00730816,0,0,0
1780638755175829,89.7548,0.00449902,-0.018473,0.018219,0,0,-5,0.00449902,-0.018473,5.01822,5.01826,0.023257,-0.0379893,0.00771841,0,0,0
1780638755191829,89.7708,0.00445066,-0.0185299,0.0182495,0,0,-5,0.00445066,-0.0185299,5.01825,5.01829,0.0225105,-0.0387462,0.00851796,0,0,0
1780638755215829,89.7948,0.00440967,-0.0186675,0.0183716,0,0,-5,0.00440967,-0.0186675,5.01837,5.01841,0.0234456,-0.0376538,0.0094975,0,0,0
1780638755231829,89.8108,0.00441383,-0.0187924,0.0184631,0,0,-5,0.00441383,-0.0187924,5.01846,5.0185,0.0231308,-0.038656,0.0101877,0,0,0
1780638755255829,89.8348,0.00443604,-0.0190658,0.0186157,0,0,-5,0.00443604,-0.0190658,5.01862,5.01865,0.0232826,-0.0393544,0.0111455,0,0,0
1780638755271829,89.8508,0.00447646,-0.0192871,0.0187378,0,0,-5,0.00447646,-0.0192871,5.01874,5.01878,0.0233035,-0.0391776,0.0121137,0,0,0
1780638755295829,89.8748,0.00453026,-0.0196475,0.0189514,0,0,-5,0.00453026,-0.0196475,5.01895,5.01899,0.0250453,-0.0395259,0.0126594,0,0,0
1780638755311829,89.8908,0.00461,-0.0199233,0.019104,0,0,-5,0.00461,-0.0199233,5.0191,5.01915,0.0261449,-0.0395216,0.012004,0,0,0
1780638755335829,89.9148,0.00475225,-0.0203813,0.0192566,0,0,-5,0.00475225,-0.0203813,5.01926,5.0193,0.0251116,-0.0401505,0.0112866,0,0,0
1780638755351829,89.9308,0.00485476,-0.020725,0.0193787,0,0,-5,0.00485476,-0.020725,5.01938,5.01942,0.0248058,-0.0406083,0.0124431,0,0,0
1780638755375829,89.9548,0.00502115,-0.0212966,0.0195923,0,0,-5,0.00502115,-0.0212966,5.01959,5.01964,0.0244135,-0.0420581,0.0131391,0,0,0
1780638755391829,89.9708,0.00507442,-0.0208832,0.0195007,0,0,-5,0.00507442,-0.0208832,5.0195,5.01955,0.0247611,-0.042452,0.0130564,0,0,0
1780638755415829,89.9948,0.00518594,-0.0203474,0.0194092,0,0,-5,0.00518594,-0.0203474,5.01941,5.01945,0.0254093,-0.0402841,0.0130181,0,0,0
1780638755431829,90.0108,0.00527661,-0.0200326,0.0193787,0,0,-5,0.00527661,-0.0200326,5.01938,5.01942,0.0257955,-0.0396311,0.013043,0,0,0
1780638755455829,90.0348,0.00541821,-0.0196395,0.0193481,0,0,-5,0.00541821,-0.0196395,5.01935,5.01939,0.0242262,-0.0384229,0.0130789,0,0,0
1780638755471829,90.0508,0.00551124,-0.0194122,0.0193787,0,0,-5,0.00551124,-0.0194122,5.01938,5.01942,0.0228917,-0.0365643,0.0131294,0,0,0
1780638755495829,90.0748,0.00565481,-0.0191152,0.0194397,0,0,-5,0.00565481,-0.0191152,5.01944,5.01948,0.0231588,-0.0345906,0.0134066,0,0,0
1780638755511829,90.0908,0.00576756,-0.0189546,0.0195007,0,0,-5,0.00576756,-0.0189546,5.0195,5.01954,0.0235374,-0.0347918,0.0142577,0,0,0
1780638755535829,90.1148,0.00596236,-0.0187928,0.0196228,0,0,-5,0.00596236,-0.0187928,5.01962,5.01966,0.0239843,-0.0350112,0.0149817,0,0,0
1780638755551829,90.1308,0.00611288,-0.0187183,0.0196838,0,0,-5,0.00611288,-0.0187183,5.01968,5.01972,0.0241884,-0.0334352,0.0157087,0,0,0
1780638755575829,90.1548,0.00637228,-0.0186245,0.0198059,0,0,-5,0.00637228,-0.0186245,5.01981,5.01984,0.0245845,-0.0304309,0.0151844,0,0,0
1780638755591829,90.1708,0.00656572,-0.0185795,0.0198975,0,0,-5,0.00656572,-0.0185795,5.0199,5.01994,0.0242946,-0.0302142,0.0162518,0,0,0
1780638755615829,90.1948,0.00685142,-0.0185544,0.0200806,0,0,-5,0.00685142,-0.0185544,5.02008,5.02012,0.0237738,-0.0295694,0.0163571,0,0,0
1780638755631829,90.2108,0.00705281,-0.0185874,0.0201721,0,0,-5,0.00705281,-0.0185874,5.02017,5.02021,0.0240502,-0.0306517,0.0164844,0,0,0
1780638755655829,90.2348,0.00738746,-0.0186839,0.0203247,0,0,-5,0.00738746,-0.0186839,5.02032,5.02036,0.026289,-0.0302669,0.0144323,0,0,0
1780638755671829,90.2508,0.00762931,-0.0187678,0.0204163,0,0,-5,0.00762931,-0.0187678,5.02042,5.02046,0.0251609,-0.028902,0.0158065,0,0,0
1780638755695829,90.2748,0.00801818,-0.0189251,0.0205688,0,0,-5,0.00801818,-0.0189251,5.02057,5.02061,0.0262648,-0.0289113,0.0169932,0,0,0
1780638755711829,90.2908,0.0082912,-0.0190691,0.0207214,0,0,-5,0.0082912,-0.0190691,5.02072,5.02076,0.0262479,-0.0287368,0.0176988,0,0,0
1780638755735829,90.3148,0.00872203,-0.0193195,0.0209351,0,0,-5,0.00872203,-0.0193195,5.02094,5.02098,0.0268881,-0.0279426,0.0169652,0,0,0
1780638755751829,90.3308,0.00902129,-0.0195067,0.0210571,0,0,-5,0.00902129,-0.0195067,5.02106,5.0211,0.0277478,-0.0277846,0.0172173,0,0,0
1780638755775829,90.3548,0.00948507,-0.0198199,0.0212708,0,0,-5,0.00948507,-0.0198199,5.02127,5.02132,0.027411,-0.0278244,0.0173554,0,0,0
1780638755791829,90.3708,0.00920201,-0.0193439,0.0213318,0,0,-5,0.00920201,-0.0193439,5.02133,5.02138,0.0281214,-0.0286777,0.0172973,0,0,0
1780638755815829,90.3948,0.00886097,-0.0187267,0.0214233,0,0,-5,0.00886097,-0.0187267,5.02142,5.02147,0.0287305,-0.0275642,0.0163883,0,0,0
1780638755831829,90.4108,0.00868213,-0.018363,0.0215149,0,0,-5,0.00868213,-0.018363,5.02151,5.02156,0.0294579,-0.0277599,0.0166761,0,0,0
1780638755855829,90.4348,0.00848598,-0.0179036,0.0216064,0,0,-5,0.00848598,-0.0179036,5.02161,5.02165,0.0302413,-0.0274528,0.0161122,0,0,0
1780638755871829,90.4508,0.00838177,-0.0176489,0.021698,0,0,-5,0.00838177,-0.0176489,5.0217,5.02174,0.0298623,-0.027264,0.0160331,0,0,0
1780638755887829,90.4668,0.00829757,-0.017437,0.0218201,0,0,-5,0.00829757,-0.017437,5.02182,5.02186,0.0297346,-0.0272866,0.0170278,0,0,0
1780638755911829,90.4908,0.00824264,-0.0171825,0.0219116,0,0,-5,0.00824264,-0.0171825,5.02191,5.02195,0.0309852,-0.0260833,0.0156824,0,0,0
1780638755935829,90.5148,0.00823517,-0.0169797,0.0220337,0,0,-5,0.00823517,-0.0169797,5.02203,5.02207,0.0315906,-0.0259825,0.0162414,0,0,0
1780638755951829,90.5308,0.00827242,-0.0168842,0.0221252,0,0,-5,0.00827242,-0.0168842,5.02213,5.02216,0.0316618,-0.0257034,0.0155316,0,0,0
1780638755975829,90.5548,0.00835204,-0.0167862,0.0222473,0,0,-5,0.00835204,-0.0167862,5.02225,5.02228,0.0304417,-0.0243458,0.0166167,0,0,0
1780638755991829,90.5708,0.00841713,-0.0167359,0.0223694,0,0,-5,0.00841713,-0.0167359,5.02237,5.0224,0.0292851,-0.0233775,0.0163813,0,0,0
1780638756016033,90.595,0.00850374,-0.0167222,0.022522,0,0,-5,0.00850374,-0.0167222,5.02252,5.02256,0.0299892,-0.0243269,0.0154976,0,0,0
1780638756032033,90.611,0.0085907,-0.016761,0.022644,0,0,-5,0.0085907,-0.016761,5.02264,5.02268,0.0308853,-0.0243446,0.0159233,0,0,0
1780638756056033,90.635,0.0087788,-0.0168624,0.0228577,0,0,-5,0.0087788,-0.0168624,5.02286,5.02289,0.0307188,-0.0234974,0.0158557,0,0,0
1780638756072033,90.651,0.00892162,-0.0169427,0.0229797,0,0,-5,0.00892162,-0.0169427,5.02298,5.02302,0.0309344,-0.0229537,0.0149516,0,0,0
1780638756096033,90.675,0.00913966,-0.0170841,0.0231934,0,0,-5,0.00913966,-0.0170841,5.02319,5.02323,0.0291152,-0.0222693,0.0141804,0,0,0
1780638756112033,90.691,0.00928582,-0.0171939,0.0232849,0,0,-5,0.00928582,-0.0171939,5.02328,5.02332,0.0295058,-0.0225046,0.0137059,0,0,0
1780638756136033,90.715,0.00953165,-0.0173919,0.023468,0,0,-5,0.00953165,-0.0173919,5.02347,5.02351,0.0280504,-0.0218379,0.0131201,0,0,0
1780638756152033,90.731,0.00963975,-0.0175419,0.0235596,0,0,-5,0.00963975,-0.0175419,5.02356,5.0236,0.0276048,-0.0218752,0.0121449,0,0,0
1780638756168033,90.747,0.00976229,-0.0177132,0.0236511,0,0,-5,0.00976229,-0.0177132,5.02365,5.02369,0.0272495,-0.0223081,0.0120605,0,0,0
1780638756192033,90.771,0.00954833,-0.0173858,0.0236511,0,0,-5,0.00954833,-0.0173858,5.02365,5.02369,0.0279,-0.0224478,0.0137547,0,0,0
1780638756216033,90.795,0.00921491,-0.0168467,0.0235596,0,0,-5,0.00921491,-0.0168467,5.02356,5.0236,0.0282194,-0.0212197,0.0125047,0,0,0
1780638756232033,90.811,0.0090239,-0.0165333,0.0235291,0,0,-5,0.0090239,-0.0165333,5.02353,5.02356,0.0285244,-0.0220257,0.0128398,0,0,0
1780638756256033,90.835,0.00879591,-0.0161485,0.0234985,0,0,-5,0.00879591,-0.0161485,5.0235,5.02353,0.0281317,-0.021743,0.0123978,0,0,0
1780638756272033,90.851,0.00867947,-0.0159175,0.0235291,0,0,-5,0.00867947,-0.0159175,5.02353,5.02356,0.0286847,-0.0199445,0.0125132,0,0,0
1780638756296033,90.875,0.00855188,-0.0156118,0.0235596,0,0,-5,0.00855188,-0.0156118,5.02356,5.02359,0.0294578,-0.0196693,0.0126415,0,0,0
1780638756312033,90.891,0.00849269,-0.0154408,0.0236206,0,0,-5,0.00849269,-0.0154408,5.02362,5.02365,0.0292764,-0.0192457,0.0128935,0,0,0
1780638756336033,90.915,0.00844405,-0.0152319,0.0237122,0,0,-5,0.00844405,-0.0152319,5.02371,5.02374,0.0285246,-0.0189334,0.0138367,0,0,0
1780638756352033,90.931,0.00842664,-0.0151279,0.0237732,0,0,-5,0.00842664,-0.0151279,5.02377,5.0238,0.0282923,-0.0193684,0.0122835,0,0,0
1780638756376033,90.955,0.00845125,-0.0150175,0.0238342,0,0,-5,0.00845125,-0.0150175,5.02383,5.02386,0.0293182,-0.0191328,0.0126286,0,0,0
1780638756392033,90.971,0.00849288,-0.0149702,0.0239258,0,0,-5,0.00849288,-0.0149702,5.02393,5.02396,0.0283469,-0.018558,0.0129503,0,0,0
1780638756416033,90.995,0.00857702,-0.014923,0.0239868,0,0,-5,0.00857702,-0.014923,5.02399,5.02402,0.0270787,-0.017438,0.0124999,0,0,0
1780638756432033,91.011,0.00862598,-0.0149105,0.0240784,0,0,-5,0.00862598,-0.0149105,5.02408,5.02411,0.0255808,-0.0171804,0.0137127,0,0,0
1780638756456033,91.035,0.0087159,-0.0149258,0.024231,0,0,-5,0.0087159,-0.0149258,5.02423,5.02426,0.0257214,-0.0172186,0.0140411,0,0,0
1780638756472033,91.051,0.00881592,-0.0149671,0.0243225,0,0,-5,0.00881592,-0.0149671,5.02432,5.02435,0.0276269,-0.0177119,0.0138033,0,0,0
1780638756496033,91.075,0.00901197,-0.015059,0.0244751,0,0,-5,0.00901197,-0.015059,5.02448,5.02451,0.0268352,-0.0167536,0.0133874,0,0,0
1780638756512033,91.091,0.00914169,-0.0151194,0.0245972,0,0,-5,0.00914169,-0.0151194,5.0246,5.02463,0.0267032,-0.0155071,0.0128562,0,0,0
1780638756528033,91.107,0.00930015,-0.0151837,0.0246887,0,0,-5,0.00930015,-0.0151837,5.02469,5.02472,0.0280889,-0.0149001,0.0126403,0,0,0
1780638756552033,91.131,0.0095701,-0.0152959,0.0248413,0,0,-5,0.0095701,-0.0152959,5.02484,5.02487,0.0275758,-0.0145563,0.0123042,0,0,0
1780638756568033,91.147,0.00976915,-0.0153947,0.0249329,0,0,-5,0.00976915,-0.0153947,5.02493,5.02497,0.0281114,-0.0158844,0.0124353,0,0,0
1780638756592033,91.171,0.00947896,-0.0150881,0.0251465,0,0,-5,0.00947896,-0.0150881,5.02515,5.02518,0.0281478,-0.0152776,0.0120578,0,0,0
1780638756616033,91.195,0.00898027,-0.0146051,0.0253296,0,0,-5,0.00898027,-0.0146051,5.02533,5.02536,0.0294695,-0.0148874,0.0134622,0,0,0
1780638756632033,91.211,0.00870157,-0.01432,0.0255127,0,0,-5,0.00870157,-0.01432,5.02551,5.02554,0.0287612,-0.0146435,0.0143401,0,0,0
1780638756656033,91.235,0.00833494,-0.013941,0.0257874,0,0,-5,0.00833494,-0.013941,5.02579,5.02581,0.028891,-0.0133862,0.0140695,0,0,0
1780638756672033,91.251,0.00813506,-0.0137088,0.0259399,0,0,-5,0.00813506,-0.0137088,5.02594,5.02597,0.0290732,-0.0131525,0.0139459,0,0,0
1780638756696033,91.275,0.0079034,-0.0134053,0.0261841,0,0,-5,0.0079034,-0.0134053,5.02618,5.02621,0.0295865,-0.0133305,0.0143191,0,0,0
1780638756712033,91.291,0.00778696,-0.0132448,0.0263367,0,0,-5,0.00778696,-0.0132448,5.02634,5.02636,0.029116,-0.0142586,0.0150871,0,0,0
1780638756728033,91.307,0.00769386,-0.0131237,0.0265198,0,0,-5,0.00769386,-0.0131237,5.02652,5.02654,0.0291377,-0.0143497,0.0135402,0,0,0
1780638756752033,91.331,0.00762412,-0.0129746,0.0267334,0,0,-5,0.00762412,-0.0129746,5.02673,5.02676,0.0305611,-0.0143291,0.0141709,0,0,0
1780638756776033,91.355,0.00765155,-0.0128642,0.026947,0,0,-5,0.00765155,-0.0128642,5.02695,5.02697,0.0326162,-0.013451,0.0143312,0,0,0
1780638756792033,91.371,0.00771822,-0.0128015,0.0271301,0,0,-5,0.00771822,-0.0128015,5.02713,5.02715,0.0338251,-0.0126076,0.0140529,0,0,0
1780638756816033,91.395,0.00788666,-0.0127213,0.0273743,0,0,-5,0.00788666,-0.0127213,5.02737,5.0274,0.0351902,-0.0117966,0.0150041,0,0,0
1780638756832033,91.411,0.00804481,-0.0126841,0.0275574,0,0,-5,0.00804481,-0.0126841,5.02756,5.02758,0.0367239,-0.0112147,0.0168432,0,0,0
1780638756856033,91.435,0.00836106,-0.0126383,0.0278931,0,0,-5,0.00836106,-0.0126383,5.02789,5.02792,0.0385828,-0.0100734,0.015566,0,0,0
1780638756872033,91.451,0.0086126,-0.0126062,0.0281067,0,0,-5,0.0086126,-0.0126062,5.02811,5.02813,0.0394349,-0.00932423,0.016371,0,0,0
1780638756896033,91.475,0.00905385,-0.012562,0.0283508,0,0,-5,0.00905385,-0.012562,5.02835,5.02837,0.0405898,-0.0079178,0.0162264,0,0,0
1780638756912033,91.491,0.00938063,-0.0125414,0.0285034,0,0,-5,0.00938063,-0.0125414,5.0285,5.02853,0.041437,-0.00776922,0.016962,0,0,0
1780638756936033,91.515,0.00990707,-0.0125181,0.0287781,0,0,-5,0.00990707,-0.0125181,5.02878,5.0288,0.0416291,-0.00647064,0.0167995,0,0,0
1780638756952033,91.531,0.0102793,-0.0125051,0.0289612,0,0,-5,0.0102793,-0.0125051,5.02896,5.02899,0.0420457,-0.00573861,0.0162571,0,0,0
1780638756976033,91.555,0.0108896,-0.0124603,0.0292358,0,0,-5,0.0108896,-0.0124603,5.02924,5.02926,0.0432215,-0.0040967,0.0165714,0,0,0
1780638756992033,91.571,0.0110375,-0.0117135,0.0291443,0,0,-5,0.0110375,-0.0117135,5.02914,5.02917,0.0437401,-0.0025777,0.0169757,0,0,0
1780638757016033,91.595,0.0113026,-0.0106581,0.0290222,0,0,-5,0.0113026,-0.0106581,5.02902,5.02905,0.0431932,-0.00277042,0.016153,0,0,0
1780638757032232,91.6112,0.0115018,-0.0100197,0.0289917,0,0,-5,0.0115018,-0.0100197,5.02899,5.02901,0.0434144,-0.0033746,0.0152424,0,0,0
1780638757056232,91.6352,0.0118524,-0.00912887,0.0289307,0,0,-5,0.0118524,-0.00912887,5.02893,5.02895,0.0426899,-0.00269617,0.0152254,0,0,0
1780638757072232,91.6512,0.0121157,-0.00858903,0.0289307,0,0,-5,0.0121157,-0.00858903,5.02893,5.02895,0.0444567,-0.00377838,0.0150825,0,0,0
1780638757096232,91.6752,0.0125516,-0.00783288,0.0289307,0,0,-5,0.0125516,-0.00783288,5.02893,5.02895,0.0442039,-0.00150329,0.0145576,0,0,0
1780638757112232,91.6912,0.0128697,-0.00733884,0.0289307,0,0,-5,0.0128697,-0.00733884,5.02893,5.02895,0.0447352,-8.99965e-05,0.0138926,0,0,0
1780638757136232,91.7152,0.0134093,-0.00663657,0.0289307,0,0,-5,0.0134093,-0.00663657,5.02893,5.02895,0.0460714,-0.000763636,0.0121206,0,0,0
1780638757152232,91.7312,0.0137856,-0.00620716,0.0289307,0,0,-5,0.0137856,-0.00620716,5.02893,5.02895,0.0456633,0.000131126,0.0115842,0,0,0
1780638757176232,91.7552,0.0143715,-0.00559195,0.0289001,0,0,-5,0.0143715,-0.00559195,5.0289,5.02892,0.0461248,-0.000190659,0.0121436,0,0,0
1780638757192232,91.7712,0.014782,-0.00522538,0.0289001,0,0,-5,0.014782,-0.00522538,5.0289,5.02892,0.046098,-0.000806459,0.0109348,0,0,0
1780638757208232,91.7872,0.0152144,-0.00489137,0.0289001,0,0,-5,0.0152144,-0.00489137,5.0289,5.02893,0.04703,-0.00153306,0.0115738,0,0,0
1780638757232232,91.8112,0.0159272,-0.00443031,0.0289307,0,0,-5,0.0159272,-0.00443031,5.02893,5.02896,0.0497087,-0.000906716,0.0121213,0,0,0
1780638757248232,91.8272,0.016456,-0.00414092,0.0289307,0,0,-5,0.016456,-0.00414092,5.02893,5.02896,0.0504841,-0.000363796,0.0116803,0,0,0
1780638757272232,91.8512,0.0173007,-0.0037498,0.0289612,0,0,-5,0.0173007,-0.0037498,5.02896,5.02899,0.0523671,-0.00134813,0.0127874,0,0,0
1780638757296232,91.8752,0.0181745,-0.0034134,0.0290222,0,0,-5,0.0181745,-0.0034134,5.02902,5.02906,0.0529418,-0.000471179,0.012637,0,0,0
1780638757312232,91.8912,0.0187703,-0.00319861,0.0290833,0,0,-5,0.0187703,-0.00319861,5.02908,5.02912,0.0537299,-0.00065845,0.0132222,0,0,0
1780638757336232,91.9152,0.0197055,-0.00291087,0.0292053,0,0,-5,0.0197055,-0.00291087,5.02921,5.02924,0.0543493,-0.000373643,0.0150919,0,0,0
1780638757352232,91.9312,0.0203511,-0.00273238,0.0292969,0,0,-5,0.0203511,-0.00273238,5.0293,5.02934,0.0548187,-0.000464601,0.0149241,0,0,0
1780638757376232,91.9552,0.0213583,-0.00251166,0.02948,0,0,-5,0.0213583,-0.00251166,5.02948,5.02953,0.0562582,-0.00121596,0.0151664,0,0,0
1780638757392232,91.9712,0.0211775,-0.00223857,0.0291748,0,0,-5,0.0211775,-0.00223857,5.02917,5.02922,0.0556581,-0.000978904,0.0146386,0,0,0
1780638757416232,91.9952,0.0210021,-0.00185469,0.0288086,0,0,-5,0.0210021,-0.00185469,5.02881,5.02885,0.0556072,-0.000470415,0.0149678,0,0,0
1780638757432232,92.0112,0.0209565,-0.00162187,0.028595,0,0,-5,0.0209565,-0.00162187,5.02859,5.02864,0.0567742,-0.000450205,0.0157075,0,0,0
1780638757456232,92.0352,0.021002,-0.00131595,0.0283508,0,0,-5,0.021002,-0.00131595,5.02835,5.02839,0.0570372,-0.000521747,0.014702,0,0,0
1780638757472232,92.0512,0.0211016,-0.00113458,0.0281982,0,0,-5,0.0211016,-0.00113458,5.0282,5.02824,0.0586083,-0.000708955,0.0141619,0,0,0
1780638757496232,92.0752,0.0213715,-0.000901571,0.0280457,0,0,-5,0.0213715,-0.000901571,5.02805,5.02809,0.0602801,-0.001099,0.0154903,0,0,0
1780638757512232,92.0912,0.0216049,-0.000762797,0.0279846,0,0,-5,0.0216049,-0.000762797,5.02798,5.02803,0.0596825,-0.000635606,0.0159867,0,0,0
1780638757536232,92.1152,0.0220057,-0.000581587,0.0279236,0,0,-5,0.0220057,-0.000581587,5.02792,5.02797,0.0595165,-0.000997332,0.0176904,0,0,0
1780638757552232,92.1312,0.022327,-0.000475335,0.0279236,0,0,-5,0.022327,-0.000475335,5.02792,5.02797,0.0613795,-0.000758405,0.0184572,0,0,0
1780638757576232,92.1552,0.0228821,-0.000349408,0.0279541,0,0,-5,0.0228821,-0.000349408,5.02795,5.02801,0.0607212,-0.00226162,0.0182977,0,0,0
1780638757592232,92.1712,0.0232795,-0.00029842,0.0280151,0,0,-5,0.0232795,-0.00029842,5.02802,5.02807,0.0609345,-0.000995532,0.0185573,0,0,0
1780638757608232,92.1872,0.0237138,-0.000244261,0.0280457,0,0,-5,0.0237138,-0.000244261,5.02805,5.0281,0.0618038,-0.00102712,0.0177863,0,0,0
1780638757632232,92.2112,0.0244579,-0.000178122,0.0281067,0,0,-5,0.0244579,-0.000178122,5.02811,5.02817,0.0638224,-0.00125225,0.0161711,0,0,0
1780638757656232,92.2352,0.0252933,-0.000138772,0.0281677,0,0,-5,0.0252933,-0.000138772,5.02817,5.02823,0.0649653,-0.000809424,0.0147553,0,0,0
1780638757672232,92.2512,0.0258711,-0.00010703,0.0281982,0,0,-5,0.0258711,-0.00010703,5.0282,5.02826,0.0643032,-7.50901e-05,0.01415,0,0,0
1780638757696232,92.2752,0.0267788,-7.00657e-05,0.0283203,0,0,-5,0.0267788,-7.00657e-05,5.02832,5.02839,0.0645095,-0.00012905,0.0126347,0,0,0
1780638757712232,92.2912,0.027408,-4.67862e-05,0.0283813,0,0,-5,0.027408,-4.67862e-05,5.02838,5.02846,0.0636262,0.000591773,0.012681,0,0,0
1780638757736232,92.3152,0.0283827,2.46104e-05,0.0285034,0,0,-5,0.0283827,2.46104e-05,5.0285,5.02858,0.065754,0.00263173,0.0125144,0,0,0
1780638757752232,92.3312,0.0290805,8.50208e-05,0.028595,0,0,-5,0.0290805,8.50208e-05,5.02859,5.02868,0.0669326,0.00296548,0.0125131,0,0,0
1780638757776232,92.3552,0.0301686,0.000165775,0.0286865,0,0,-5,0.0301686,0.000165775,5.02869,5.02878,0.0664069,0.00310706,0.0110858,0,0,0
1780638757792232,92.3712,0.0298706,0.000155718,0.028656,0,0,-5,0.0298706,0.000155718,5.02866,5.02874,0.067143,0.00320046,0.0103347,0,0,0
1780638757816232,92.3952,0.0295717,0.000141654,0.0286255,0,0,-5,0.0295717,0.000141654,5.02863,5.02871,0.0677736,0.0033655,0.0102971,0,0,0
1780638757832232,92.4112,0.0294531,0.000119042,0.028595,0,0,-5,0.0294531,0.000119042,5.02859,5.02868,0.0677368,0.00253354,0.0107762,0,0,0
1780638757848232,92.4272,0.0293865,9.54385e-05,0.028595,0,0,-5,0.0293865,9.54385e-05,5.02859,5.02868,0.0675152,0.00318509,0.0111929,0,0,0
1780638757872232,92.4512,0.0293857,6.66823e-05,0.0286255,0,0,-5,0.0293857,6.66823e-05,5.02863,5.02871,0.0672433,0.00330839,0.0120385,0,0,0
1780638757896232,92.4752,0.0294773,1.56406e-05,0.0286865,0,0,-5,0.0294773,1.56406e-05,5.02869,5.02877,0.0683095,0.00222167,0.0117908,0,0,0
1780638757912232,92.4912,0.0296239,-2.05101e-05,0.028717,0,0,-5,0.0296239,-2.05101e-05,5.02872,5.0288,0.0687216,0.00258906,0.0114535,0,0,0
1780638757936232,92.5152,0.029961,-7.48087e-05,0.0287781,0,0,-5,0.029961,-7.48087e-05,5.02878,5.02887,0.0706222,0.00265574,0.0100044,0,0,0
1780638757952232,92.5312,0.0302419,-0.000123805,0.0288086,0,0,-5,0.0302419,-0.000123805,5.02881,5.0289,0.0709705,0.000790242,0.01085,0,0,0
1780638757976232,92.5552,0.0307528,-0.000216768,0.0289307,0,0,-5,0.0307528,-0.000216768,5.02893,5.02902,0.0710947,0.00133987,0.00996707,0,0,0
1780638757992232,92.5712,0.0311426,-0.000279121,0.0290222,0,0,-5,0.0311426,-0.000279121,5.02902,5.02912,0.0711448,0.00128568,0.0107328,0,0,0
1780638758016232,92.5952,0.0317938,-0.000339967,0.0291748,0,0,-5,0.0317938,-0.000339967,5.02917,5.02928,0.0714347,0.00301637,0.0114129,0,0,0
1780638758032437,92.6114,0.0322712,-0.000368115,0.0292664,0,0,-5,0.0322712,-0.000368115,5.02927,5.02937,0.0718117,0.00234053,0.0114597,0,0,0
1780638758056437,92.6354,0.0330742,-0.000419433,0.0293884,0,0,-5,0.0330742,-0.000419433,5.02939,5.0295,0.0733151,0.00212019,0.0114059,0,0,0
1780638758072437,92.6514,0.0336683,-0.0004636,0.02948,0,0,-5,0.0336683,-0.0004636,5.02948,5.02959,0.0744239,0.00181972,0.0121538,0,0,0
1780638758088437,92.6674,0.0343033,-0.000510528,0.0296021,0,0,-5,0.0343033,-0.000510528,5.0296,5.02972,0.0749143,0.00257423,0.0137168,0,0,0
1780638758112437,92.6914,0.0353199,-0.00055732,0.0298462,0,0,-5,0.0353199,-0.00055732,5.02985,5.02997,0.0758406,0.00241791,0.014935,0,0,0
1780638758136437,92.7154,0.0364141,-0.000609335,0.0300598,0,0,-5,0.0364141,-0.000609335,5.03006,5.03019,0.0756754,0.00316107,0.0134573,0,0,0
1780638758152437,92.7314,0.0371711,-0.00063979,0.0302124,0,0,-5,0.0371711,-0.00063979,5.03021,5.03035,0.0758466,0.00323681,0.0138958,0,0,0
1780638758176437,92.7554,0.0383453,-0.000657029,0.0304565,0,0,-5,0.0383453,-0.000657029,5.03046,5.0306,0.0760652,0.003485,0.014095,0,0,0
1780638758192437,92.7714,0.0377621,-0.000667506,0.0304871,0,0,-5,0.0377621,-0.000667506,5.03049,5.03063,0.0763037,0.00288447,0.0140247,0,0,0
1780638758216437,92.7954,0.0370386,-0.000696188,0.0306091,0,0,-5,0.0370386,-0.000696188,5.03061,5.03075,0.075601,0.00253363,0.0143763,0,0,0
1780638758232437,92.8114,0.0366563,-0.000717177,0.0307007,0,0,-5,0.0366563,-0.000717177,5.0307,5.03083,0.0756456,0.00249929,0.0155294,0,0,0
1780638758256437,92.8354,0.0362513,-0.000745734,0.0308228,0,0,-5,0.0362513,-0.000745734,5.03082,5.03095,0.0764544,0.00217991,0.0153465,0,0,0
1780638758272437,92.8514,0.0360728,-0.000769041,0.0309143,0,0,-5,0.0360728,-0.000769041,5.03091,5.03104,0.0762343,0.00263446,0.0168938,0,0,0
1780638758296437,92.8754,0.0359305,-0.000820578,0.0311279,0,0,-5,0.0359305,-0.000820578,5.03113,5.03126,0.0762384,0.000593702,0.0165425,0,0,0
1780638758312437,92.8914,0.035904,-0.000859448,0.03125,0,0,-5,0.035904,-0.000859448,5.03125,5.03138,0.0763709,0.00116877,0.0160579,0,0,0
1780638758336437,92.9154,0.0359735,-0.000940159,0.0314026,0,0,-5,0.0359735,-0.000940159,5.0314,5.03153,0.076337,-0.000884709,0.0162439,0,0,0
1780638758352437,92.9314,0.0361024,-0.00102023,0.0315247,0,0,-5,0.0361024,-0.00102023,5.03152,5.03165,0.0769613,-0.0016458,0.0158868,0,0,0
1780638758376437,92.9554,0.0364117,-0.001152,0.0317383,0,0,-5,0.0364117,-0.001152,5.03174,5.03187,0.0788729,-0.00259848,0.0164107,0,0,0
1780638758392437,92.9714,0.0366972,-0.00124536,0.0318604,0,0,-5,0.0366972,-0.00124536,5.03186,5.03199,0.079315,-0.00242492,0.0175366,0,0,0
1780638758416437,92.9954,0.0372159,-0.00139893,0.032074,0,0,-5,0.0372159,-0.00139893,5.03207,5.03221,0.0797795,-0.00340606,0.0195397,0,0,0
1780638758432437,93.0114,0.0376392,-0.00151183,0.0322571,0,0,-5,0.0376392,-0.00151183,5.03226,5.0324,0.0811194,-0.00412912,0.0199815,0,0,0
1780638758456437,93.0354,0.0383804,-0.00171678,0.0325317,0,0,-5,0.0383804,-0.00171678,5.03253,5.03268,0.081304,-0.00464144,0.0189863,0,0,0
1780638758472437,93.0514,0.0389199,-0.00185706,0.0327454,0,0,-5,0.0389199,-0.00185706,5.03275,5.0329,0.0816092,-0.00561211,0.0186364,0,0,0
1780638758496437,93.0754,0.0398081,-0.00211458,0.03302,0,0,-5,0.0398081,-0.00211458,5.03302,5.03318,0.0814395,-0.00728622,0.0178581,0,0,0
1780638758512437,93.0914,0.040454,-0.00229427,0.0332336,0,0,-5,0.040454,-0.00229427,5.03323,5.0334,0.0827418,-0.00694988,0.0173833,0,0,0
1780638758536437,93.1154,0.0415037,-0.0025454,0.0335083,0,0,-5,0.0415037,-0.0025454,5.03351,5.03368,0.0849621,-0.00766425,0.0182163,0,0,0
1780638758552437,93.1314,0.0422688,-0.00273199,0.0337524,0,0,-5,0.0422688,-0.00273199,5.03375,5.03393,0.0846205,-0.00859734,0.0188265,0,0,0
1780638758576437,93.1554,0.043477,-0.00303166,0.0341187,0,0,-5,0.043477,-0.00303166,5.03412,5.03431,0.0854666,-0.00858839,0.0196219,0,0,0
1780638758592437,93.1714,0.0428208,-0.00307145,0.033844,0,0,-5,0.0428208,-0.00307145,5.03384,5.03403,0.0843727,-0.0088078,0.0186828,0,0,0
1780638758616437,93.1954,0.0420328,-0.00315665,0.0335083,0,0,-5,0.0420328,-0.00315665,5.03351,5.03368,0.0841804,-0.00981627,0.0195064,0,0,0
1780638758632437,93.2114,0.0416095,-0.00324957,0.0332947,0,0,-5,0.0416095,-0.00324957,5.03329,5.03347,0.0829902,-0.0108204,0.0191469,0,0,0
1780638758656437,93.2354,0.0411205,-0.00343156,0.0330505,0,0,-5,0.0411205,-0.00343156,5.03305,5.03322,0.0819686,-0.0124874,0.0185949,0,0,0
1780638758672437,93.2514,0.0408775,-0.00357929,0.0328979,0,0,-5,0.0408775,-0.00357929,5.0329,5.03307,0.0816343,-0.0138595,0.0177337,0,0,0
1780638758696437,93.2754,0.0406262,-0.00382873,0.0326843,0,0,-5,0.0406262,-0.00382873,5.03268,5.03285,0.0804169,-0.0132114,0.0192023,0,0,0
1780638758712437,93.2914,0.0405435,-0.0040054,0.0325928,0,0,-5,0.0405435,-0.0040054,5.03259,5.03276,0.0801357,-0.0146166,0.0195591,0,0,0
1780638758736437,93.3154,0.0405542,-0.00430897,0.0325012,0,0,-5,0.0405542,-0.00430897,5.0325,5.03267,0.0817232,-0.0151098,0.0202751,0,0,0
1780638758752437,93.3314,0.0406423,-0.00451808,0.0324707,0,0,-5,0.0406423,-0.00451808,5.03247,5.03264,0.0824578,-0.0159086,0.0202204,0,0,0
1780638758776437,93.3554,0.0409091,-0.00488829,0.0325012,0,0,-5,0.0409091,-0.00488829,5.0325,5.03267,0.0835108,-0.0179768,0.0191434,0,0,0
1780638758792437,93.3714,0.0411666,-0.00514739,0.0325317,0,0,-5,0.0411666,-0.00514739,5.03253,5.0327,0.083983,-0.0173392,0.0187352,0,0,0
1780638758816437,93.3954,0.0416665,-0.00553159,0.0325928,0,0,-5,0.0416665,-0.00553159,5.03259,5.03277,0.0841336,-0.0181566,0.0179657,0,0,0
1780638758832437,93.4114,0.0420656,-0.00579953,0.0325928,0,0,-5,0.0420656,-0.00579953,5.03259,5.03277,0.0849158,-0.0176728,0.0181839,0,0,0
1780638758856437,93.4354,0.0427839,-0.00621135,0.0326233,0,0,-5,0.0427839,-0.00621135,5.03262,5.03281,0.0860467,-0.0180521,0.0185323,0,0,0
1780638758872437,93.4514,0.04333,-0.00648778,0.0326843,0,0,-5,0.04333,-0.00648778,5.03268,5.03288,0.0861724,-0.0178457,0.0186488,0,0,0
1780638758896437,93.4754,0.044231,-0.00690447,0.0328064,0,0,-5,0.044231,-0.00690447,5.03281,5.03301,0.0883989,-0.0183114,0.0197703,0,0,0
1780638758912437,93.4914,0.04491,-0.00719441,0.0328369,0,0,-5,0.04491,-0.00719441,5.03284,5.03304,0.0887742,-0.0183855,0.0190071,0,0,0
1780638758928437,93.5074,0.0456296,-0.00749086,0.0329285,0,0,-5,0.0456296,-0.00749086,5.03293,5.03314,0.088863,-0.0194049,0.0189645,0,0,0
1780638758952437,93.5314,0.0467855,-0.00796437,0.0330505,0,0,-5,0.0467855,-0.00796437,5.03305,5.03327,0.0901831,-0.0199919,0.0198648,0,0,0
1780638758976437,93.5554,0.0480494,-0.00845063,0.0332642,0,0,-5,0.0480494,-0.00845063,5.03326,5.0335,0.0920256,-0.0202859,0.0206493,0,0,0
1780638758992437,93.5714,0.0472657,-0.00835949,0.0332336,0,0,-5,0.0472657,-0.00835949,5.03323,5.03346,0.0905654,-0.0187099,0.020701,0,0,0
1780638759016437,93.5954,0.0462715,-0.00822664,0.0332031,0,0,-5,0.0462715,-0.00822664,5.0332,5.03342,0.0894165,-0.0173618,0.021308,0,0,0
1780638759032641,93.6116,0.0457388,-0.0081514,0.0332336,0,0,-5,0.0457388,-0.0081514,5.03323,5.03345,0.0887232,-0.0167579,0.0214623,0,0,0
1780638759056641,93.6356,0.0450988,-0.00808576,0.0333557,0,0,-5,0.0450988,-0.00808576,5.03336,5.03356,0.0882898,-0.0184563,0.0213501,0,0,0
1780638759072641,93.6516,0.0447895,-0.0080803,0.0334473,0,0,-5,0.0447895,-0.0080803,5.03345,5.03365,0.088365,-0.0181739,0.022133,0,0,0
1780638759096641,93.6756,0.0444905,-0.0081016,0.0336304,0,0,-5,0.0444905,-0.0081016,5.03363,5.03383,0.0894834,-0.0191751,0.0222328,0,0,0
1780638759112641,93.6916,0.0444051,-0.00814364,0.033783,0,0,-5,0.0444051,-0.00814364,5.03378,5.03399,0.0900688,-0.01956,0.0233437,0,0,0
1780638759136641,93.7156,0.0444264,-0.00824784,0.0340576,0,0,-5,0.0444264,-0.00824784,5.03406,5.03426,0.0898211,-0.0197411,0.0231025,0,0,0
1780638759152641,93.7316,0.0445297,-0.00832868,0.0342407,0,0,-5,0.0445297,-0.00832868,5.03424,5.03444,0.0907971,-0.0199911,0.0233197,0,0,0
1780638759176641,93.7556,0.0448416,-0.00850074,0.0345154,0,0,-5,0.0448416,-0.00850074,5.03452,5.03472,0.0920215,-0.0201659,0.0222391,0,0,0
1780638759192641,93.7716,0.0451332,-0.0086263,0.0346985,0,0,-5,0.0451332,-0.0086263,5.0347,5.03491,0.0916374,-0.0206804,0.0224327,0,0,0
1780638759208641,93.7876,0.0454808,-0.00877392,0.0348816,0,0,-5,0.0454808,-0.00877392,5.03488,5.03509,0.091609,-0.021124,0.0222989,0,0,0
1780638759232641,93.8116,0.0461105,-0.00901216,0.0351868,0,0,-5,0.0461105,-0.00901216,5.03519,5.03541,0.0923911,-0.0201311,0.0215992,0,0,0
1780638759256641,93.8356,0.0469061,-0.00927093,0.0354309,0,0,-5,0.0469061,-0.00927093,5.03543,5.03566,0.094939,-0.0209904,0.0220428,0,0,0
1780638759272641,93.8516,0.0475244,-0.00946668,0.035614,0,0,-5,0.0475244,-0.00946668,5.03561,5.03585,0.0957539,-0.0216845,0.0213441,0,0,0
1780638759296641,93.8756,0.0485678,-0.0097743,0.0358887,0,0,-5,0.0485678,-0.0097743,5.03589,5.03613,0.0974028,-0.021514,0.0224917,0,0,0
1780638759312641,93.8916,0.0493336,-0.00997251,0.0361023,0,0,-5,0.0493336,-0.00997251,5.0361,5.03635,0.097702,-0.0217417,0.0231704,0,0,0
1780638759336641,93.9156,0.0505766,-0.0103166,0.036438,0,0,-5,0.0505766,-0.0103166,5.03644,5.0367,0.0995166,-0.023425,0.0229604,0,0,0
1780638759352641,93.9316,0.0514965,-0.0105766,0.0366821,0,0,-5,0.0514965,-0.0105766,5.03668,5.03696,0.101108,-0.0242191,0.0235753,0,0,0
1780638759376641,93.9556,0.0529635,-0.0109705,0.0371094,0,0,-5,0.0529635,-0.0109705,5.03711,5.0374,0.101747,-0.0229637,0.0248017,0,0,0
1780638759392641,93.9716,0.0523099,-0.0105785,0.0370483,0,0,-5,0.0523099,-0.0105785,5.03705,5.03733,0.100628,-0.0233632,0.0254488,0,0,0
1780638759416641,93.9956,0.0515194,-0.0100484,0.0369873,0,0,-5,0.0515194,-0.0100484,5.03699,5.03726,0.099602,-0.0224303,0.0255558,0,0,0
1780638759432641,94.0116,0.0511211,-0.00974569,0.0369873,0,0,-5,0.0511211,-0.00974569,5.03699,5.03726,0.0994721,-0.0229664,0.0258725,0,0,0
1780638759456641,94.0356,0.0507079,-0.00937562,0.0370178,0,0,-5,0.0507079,-0.00937562,5.03702,5.03728,0.099516,-0.0235834,0.0247381,0,0,0
1780638759472641,94.0516,0.0505638,-0.00916665,0.0370483,0,0,-5,0.0505638,-0.00916665,5.03705,5.03731,0.0994616,-0.0236454,0.023908,0,0,0
1780638759496641,94.0756,0.0505081,-0.00891628,0.0371094,0,0,-5,0.0505081,-0.00891628,5.03711,5.03737,0.0987408,-0.0240909,0.023853,0,0,0
1780638759512641,94.0916,0.0505575,-0.00878511,0.0371704,0,0,-5,0.0505575,-0.00878511,5.03717,5.03743,0.0996743,-0.0241654,0.0236325,0,0,0
1780638759536641,94.1156,0.0507917,-0.00864984,0.037262,0,0,-5,0.0507917,-0.00864984,5.03726,5.03753,0.100346,-0.0249768,0.0246096,0,0,0
1780638759552641,94.1316,0.0510564,-0.00859582,0.037384,0,0,-5,0.0510564,-0.00859582,5.03738,5.03765,0.101036,-0.0246765,0.0250092,0,0,0
1780638759576641,94.1556,0.0516155,-0.0085671,0.0375671,0,0,-5,0.0516155,-0.0085671,5.03757,5.03784,0.103066,-0.0239172,0.0250786,0,0,0
1780638759592641,94.1716,0.0520834,-0.00857961,0.0377197,0,0,-5,0.0520834,-0.00857961,5.03772,5.038,0.102803,-0.0245844,0.0245389,0,0,0
1780638759616641,94.1956,0.052908,-0.00865713,0.0379028,0,0,-5,0.052908,-0.00865713,5.0379,5.03819,0.103674,-0.0245195,0.0246121,0,0,0
1780638759632641,94.2116,0.0535385,-0.00872273,0.0380554,0,0,-5,0.0535385,-0.00872273,5.03806,5.03835,0.103757,-0.024438,0.0255367,0,0,0
1780638759648641,94.2276,0.0542233,-0.00880818,0.0382385,0,0,-5,0.0542233,-0.00880818,5.03824,5.03854,0.103797,-0.0250677,0.0256975,0,0,0
1780638759672641,94.2516,0.0553635,-0.00897777,0.0385132,0,0,-5,0.0553635,-0.00897777,5.03851,5.03883,0.1051,-0.0252079,0.0261836,0,0,0
1780638759688641,94.2676,0.0561969,-0.00910563,0.0387268,0,0,-5,0.0561969,-0.00910563,5.03873,5.03905,0.105366,-0.0244835,0.0262266,0,0,0
1780638759712641,94.2916,0.0575304,-0.00931838,0.0390625,0,0,-5,0.0575304,-0.00931838,5.03906,5.0394,0.104705,-0.0247218,0.0269166,0,0,0
1780638759728641,94.3076,0.0584567,-0.00947805,0.0393066,0,0,-5,0.0584567,-0.00947805,5.03931,5.03965,0.105053,-0.0242729,0.0280006,0,0,0
1780638759752641,94.3316,0.0599465,-0.00975341,0.0397339,0,0,-5,0.0599465,-0.00975341,5.03973,5.0401,0.10692,-0.0251928,0.0287321,0,0,0
1780638759768641,94.3476,0.0610095,-0.00995496,0.0400391,0,0,-5,0.0610095,-0.00995496,5.04004,5.04042,0.107077,-0.0252494,0.0277473,0,0,0
1780638759792641,94.3716,0.0603761,-0.00978787,0.0402527,0,0,-5,0.0603761,-0.00978787,5.04025,5.04062,0.10605,-0.0239398,0.0261768,0,0,0
1780638759816641,94.3956,0.0588611,-0.00941293,0.0403748,0,0,-5,0.0588611,-0.00941293,5.04037,5.04073,0.106792,-0.0235971,0.0269505,0,0,0
1780638759832641,94.4116,0.0580272,-0.00919975,0.0404663,0,0,-5,0.0580272,-0.00919975,5.04047,5.04081,0.106895,-0.0227867,0.0271635,0,0,0
1780638759856641,94.4356,0.0570459,-0.00890905,0.0406799,0,0,-5,0.0570459,-0.00890905,5.04068,5.04101,0.108086,-0.0213861,0.0260142,0,0,0
1780638759872641,94.4516,0.0565288,-0.00874007,0.0408325,0,0,-5,0.0565288,-0.00874007,5.04083,5.04116,0.108862,-0.0212333,0.0271045,0,0,0
1780638759896641,94.4756,0.0560046,-0.00854836,0.0410767,0,0,-5,0.0560046,-0.00854836,5.04108,5.04139,0.109943,-0.0222888,0.0260314,0,0,0
1780638759912641,94.4916,0.0557888,-0.00847127,0.0412598,0,0,-5,0.0557888,-0.00847127,5.04126,5.04158,0.110083,-0.0235881,0.0264171,0,0,0
1780638759928641,94.5076,0.0556753,-0.00842673,0.0414429,0,0,-5,0.0556753,-0.00842673,5.04144,5.04176,0.110387,-0.0235574,0.0268407,0,0,0
1780638759952641,94.5316,0.0556989,-0.00840998,0.0417786,0,0,-5,0.0556989,-0.00840998,5.04178,5.04209,0.111838,-0.0249909,0.0269559,0,0,0
1780638759976641,94.5556,0.0559298,-0.00846667,0.0421448,0,0,-5,0.0559298,-0.00846667,5.04214,5.04246,0.112101,-0.0258258,0.0284946,0,0,0
1780638759992641,94.5716,0.0561868,-0.00854268,0.0424194,0,0,-5,0.0561868,-0.00854268,5.04242,5.04274,0.111566,-0.0258003,0.0281152,0,0,0
1780638760016641,94.5956,0.0567294,-0.00869901,0.0428467,0,0,-5,0.0567294,-0.00869901,5.04285,5.04317,0.113577,-0.0272518,0.0275128,0,0,0
1780638760032849,94.6118,0.0571953,-0.00883804,0.0431213,0,0,-5,0.0571953,-0.00883804,5.04312,5.04345,0.113778,-0.0274552,0.0287784,0,0,0
1780638760056849,94.6358,0.0580317,-0.00907897,0.0435791,0,0,-5,0.0580317,-0.00907897,5.04358,5.04392,0.114043,-0.0278078,0.0301109,0,0,0
1780638760072849,94.6518,0.0586872,-0.00927114,0.0439148,0,0,-5,0.0586872,-0.00927114,5.04391,5.04426,0.115123,-0.028084,0.0307382,0,0,0
1780638760088849,94.6678,0.059422,-0.00947454,0.044281,0,0,-5,0.059422,-0.00947454,5.04428,5.04464,0.116794,-0.0276405,0.0304791,0,0,0
1780638760112849,94.6918,0.0606596,-0.00978062,0.0447693,0,0,-5,0.0606596,-0.00978062,5.04477,5.04514,0.118049,-0.0261613,0.0300516,0,0,0
1780638760128849,94.7078,0.0615751,-0.00998001,0.045105,0,0,-5,0.0615751,-0.00998001,5.0451,5.04549,0.11737,-0.025208,0.0302776,0,0,0
1780638760152849,94.7318,0.0630477,-0.0102806,0.0456238,0,0,-5,0.0630477,-0.0102806,5.04562,5.04603,0.119412,-0.0242127,0.0297204,0,0,0
1780638760176849,94.7558,0.0646657,-0.0106104,0.0461426,0,0,-5,0.0646657,-0.0106104,5.04614,5.04657,0.120045,-0.0253456,0.0306704,0,0,0
1780638760192849,94.7718,0.0634239,-0.0104768,0.0461426,0,0,-5,0.0634239,-0.0104768,5.04614,5.04655,0.119579,-0.024323,0.0291613,0,0,0
1780638760208849,94.7878,0.0623402,-0.0103738,0.0461426,0,0,-5,0.0623402,-0.0103738,5.04614,5.04654,0.119361,-0.0256991,0.028544,0,0,0
1780638760232849,94.8118,0.0609912,-0.0102828,0.0462036,0,0,-5,0.0609912,-0.0102828,5.0462,5.04658,0.119271,-0.0260374,0.0274555,0,0,0
1780638760256849,94.8358,0.059957,-0.0102744,0.0462952,0,0,-5,0.059957,-0.0102744,5.0463,5.04666,0.119575,-0.0266703,0.0253172,0,0,0
1780638760272849,94.8518,0.0594431,-0.0102983,0.0463562,0,0,-5,0.0594431,-0.0102983,5.04636,5.04672,0.120535,-0.0272478,0.0254945,0,0,0
1780638760296849,94.8758,0.0589105,-0.0104099,0.0465088,0,0,-5,0.0589105,-0.0104099,5.04651,5.04686,0.12049,-0.0289096,0.0256802,0,0,0
1780638760312849,94.8918,0.0586915,-0.0105326,0.0466309,0,0,-5,0.0586915,-0.0105326,5.04663,5.04698,0.121557,-0.0305031,0.0251563,0,0,0
1780638760336849,94.9158,0.0586037,-0.0107662,0.0467834,0,0,-5,0.0586037,-0.0107662,5.04678,5.04714,0.123621,-0.0297938,0.0271021,0,0,0
1780638760352849,94.9318,0.0586931,-0.0109378,0.046936,0,0,-5,0.0586931,-0.0109378,5.04694,5.04729,0.124024,-0.029671,0.0276174,0,0,0
1780638760376849,94.9558,0.0589823,-0.0112303,0.0472412,0,0,-5,0.0589823,-0.0112303,5.04724,5.0476,0.123582,-0.0301666,0.0287741,0,0,0
1780638760392849,94.9718,0.0592884,-0.011449,0.0474243,0,0,-5,0.0592884,-0.011449,5.04742,5.04779,0.123555,-0.0300124,0.0287772,0,0,0
1780638760408849,94.9878,0.0596794,-0.0116827,0.0476685,0,0,-5,0.0596794,-0.0116827,5.04767,5.04803,0.124124,-0.0305948,0.0290823,0,0,0
1780638760432849,95.0118,0.0604472,-0.0120676,0.0480042,0,0,-5,0.0604472,-0.0120676,5.048,5.04838,0.125033,-0.0298725,0.0279878,0,0,0
1780638760456849,95.0358,0.0613718,-0.0124474,0.0483398,0,0,-5,0.0613718,-0.0124474,5.04834,5.04873,0.12602,-0.0313212,0.0272423,0,0,0
1780638760472849,95.0518,0.0620951,-0.0127398,0.0485535,0,0,-5,0.0620951,-0.0127398,5.04855,5.04895,0.12689,-0.0316201,0.0266412,0,0,0
1780638760496849,95.0758,0.063306,-0.0132004,0.0488892,0,0,-5,0.063306,-0.0132004,5.04889,5.0493,0.125929,-0.0311347,0.0256322,0,0,0
1780638760512849,95.0918,0.0641858,-0.0135155,0.0491028,0,0,-5,0.0641858,-0.0135155,5.0491,5.04953,0.125604,-0.0313342,0.0267389,0,0,0
1780638760536849,95.1158,0.0656116,-0.0140235,0.0494385,0,0,-5,0.0656116,-0.0140235,5.04944,5.04988,0.125495,-0.0321258,0.025697,0,0,0
1780638760552849,95.1318,0.0666398,-0.014385,0.0496826,0,0,-5,0.0666398,-0.014385,5.04968,5.05014,0.126391,-0.032544,0.0270673,0,0,0
1780638760576849,95.1558,0.0683349,-0.0149669,0.0500793,0,0,-5,0.0683349,-0.0149669,5.05008,5.05056,0.12842,-0.033587,0.0270187,0,0,0
1780638760592849,95.1718,0.0671098,-0.0147568,0.0501099,0,0,-5,0.0671098,-0.0147568,5.05011,5.05058,0.127393,-0.0343658,0.0267055,0,0,0
1780638760616849,95.1958,0.0655598,-0.0145383,0.0501709,0,0,-5,0.0655598,-0.0145383,5.05017,5.05062,0.126011,-0.0353411,0.0254848,0,0,0
1780638760632849,95.2118,0.0647022,-0.0144446,0.0502319,0,0,-5,0.0647022,-0.0144446,5.05023,5.05067,0.125306,-0.034874,0.0255089,0,0,0
1780638760656849,95.2358,0.0636699,-0.0143473,0.0503845,0,0,-5,0.0636699,-0.0143473,5.05038,5.05081,0.124029,-0.0348034,0.0266552,0,0,0
1780638760672849,95.2518,0.0631287,-0.0143255,0.0505371,0,0,-5,0.0631287,-0.0143255,5.05054,5.05095,0.123191,-0.0354676,0.026501,0,0,0
1780638760696849,95.2758,0.0625547,-0.0143639,0.0507507,0,0,-5,0.0625547,-0.0143639,5.05075,5.05116,0.124125,-0.0355438,0.0268777,0,0,0
1780638760712849,95.2918,0.0623428,-0.0144215,0.0509338,0,0,-5,0.0623428,-0.0144215,5.05093,5.05134,0.125549,-0.0353444,0.0262464,0,0,0
1780638760736849,95.3158,0.0622618,-0.0145383,0.0512085,0,0,-5,0.0622618,-0.0145383,5.05121,5.05161,0.126774,-0.034517,0.0258599,0,0,0
1780638760752849,95.3318,0.0623526,-0.01466,0.0513916,0,0,-5,0.0623526,-0.01466,5.05139,5.0518,0.127615,-0.0359314,0.0256948,0,0,0
1780638760776849,95.3558,0.0627148,-0.0149138,0.0517273,0,0,-5,0.0627148,-0.0149138,5.05173,5.05214,0.129407,-0.0372974,0.026143,0,0,0
1780638760792849,95.3718,0.0630885,-0.0151113,0.0519409,0,0,-5,0.0630885,-0.0151113,5.05194,5.05236,0.129992,-0.0361439,0.0275517,0,0,0
1780638760816849,95.3958,0.0638033,-0.015429,0.0523376,0,0,-5,0.0638033,-0.015429,5.05234,5.05276,0.130287,-0.0367756,0.0273563,0,0,0
1780638760832849,95.4118,0.0644009,-0.0156874,0.0525818,0,0,-5,0.0644009,-0.0156874,5.05258,5.05302,0.130795,-0.0378208,0.0278587,0,0,0
1780638760856849,95.4358,0.0654627,-0.016112,0.053009,0,0,-5,0.0654627,-0.016112,5.05301,5.05346,0.131356,-0.0370519,0.0273993,0,0,0
1780638760872849,95.4518,0.066266,-0.0164095,0.0532532,0,0,-5,0.066266,-0.0164095,5.05325,5.05371,0.13181,-0.0380318,0.0261083,0,0,0
1780638760896849,95.4758,0.0676344,-0.0169364,0.0536194,0,0,-5,0.0676344,-0.0169364,5.05362,5.0541,0.133025,-0.0403937,0.0262794,0,0,0
1780638760912849,95.4918,0.0686495,-0.0173125,0.053894,0,0,-5,0.0686495,-0.0173125,5.05389,5.05439,0.134064,-0.0391642,0.025815,0,0,0
1780638760936849,95.5158,0.0703051,-0.017903,0.0542603,0,0,-5,0.0703051,-0.017903,5.05426,5.05478,0.134484,-0.0400164,0.0245133,0,0,0
1780638760952849,95.5318,0.071505,-0.0183143,0.0545044,0,0,-5,0.071505,-0.0183143,5.0545,5.05504,0.136119,-0.0404126,0.0241457,0,0,0
1780638760976849,95.5558,0.0734271,-0.0189827,0.0548401,0,0,-5,0.0734271,-0.0189827,5.05484,5.05541,0.136701,-0.0417113,0.0235688,0,0,0
1780638760992849,95.5718,0.0721215,-0.0188523,0.0548096,0,0,-5,0.0721215,-0.0188523,5.05481,5.05536,0.136101,-0.0398238,0.021946,0,0,0
1780638761016849,95.5958,0.0704753,-0.0187044,0.0547791,0,0,-5,0.0704753,-0.0187044,5.05478,5.0553,0.134636,-0.0396121,0.022338,0,0,0
1780638761032849,95.6118,0.0695733,-0.0186471,0.0547791,0,0,-5,0.0695733,-0.0186471,5.05478,5.05529,0.134917,-0.0392133,0.0221127,0,0,0
1780638761057059,95.636,0.0685145,-0.018614,0.0548706,0,0,-5,0.0685145,-0.018614,5.05487,5.05537,0.133945,-0.0386039,0.024501,0,0,0
1780638761073059,95.652,0.0679835,-0.0186361,0.0549622,0,0,-5,0.0679835,-0.0186361,5.05496,5.05545,0.134554,-0.0395859,0.02496,0,0,0
1780638761097059,95.676,0.0674399,-0.0187269,0.0551453,0,0,-5,0.0674399,-0.0187269,5.05515,5.05563,0.133443,-0.0386908,0.026145,0,0,0
1780638761113059,95.692,0.0672362,-0.0188014,0.0553284,0,0,-5,0.0672362,-0.0188014,5.05533,5.05581,0.134659,-0.0369916,0.0257871,0,0,0
1780638761137059,95.716,0.0671619,-0.0189528,0.0555725,0,0,-5,0.0671619,-0.0189528,5.05557,5.05605,0.134363,-0.0372749,0.025596,0,0,0
1780638761153059,95.732,0.067256,-0.0190842,0.0557556,0,0,-5,0.067256,-0.0190842,5.05576,5.05624,0.134185,-0.037089,0.0245379,0,0,0
1780638761177059,95.756,0.0675926,-0.0193157,0.0559998,0,0,-5,0.0675926,-0.0193157,5.056,5.05649,0.135453,-0.0377288,0.0235088,0,0,0
1780638761193059,95.772,0.0679596,-0.019512,0.0561523,0,0,-5,0.0679596,-0.019512,5.05615,5.05665,0.135552,-0.0385718,0.0229676,0,0,0
1780638761217059,95.796,0.0686986,-0.0198475,0.056427,0,0,-5,0.0686986,-0.0198475,5.05643,5.05693,0.136385,-0.0383678,0.0221893,0,0,0
1780638761233059,95.812,0.0693119,-0.0200955,0.0566101,0,0,-5,0.0693119,-0.0200955,5.05661,5.05713,0.136551,-0.0382485,0.0222355,0,0,0
1780638761257059,95.836,0.0703748,-0.0205081,0.0569458,0,0,-5,0.0703748,-0.0205081,5.05695,5.05748,0.135904,-0.0389265,0.0221322,0,0,0
1780638761273059,95.852,0.0711836,-0.0208049,0.0571594,0,0,-5,0.0711836,-0.0208049,5.05716,5.0577,0.136367,-0.0378155,0.0226914,0,0,0
1780638761289059,95.868,0.0720798,-0.0211172,0.0574036,0,0,-5,0.0720798,-0.0211172,5.0574,5.05796,0.136688,-0.0386934,0.0228541,0,0,0
1780638761313059,95.892,0.0735623,-0.0216276,0.0577087,0,0,-5,0.0735623,-0.0216276,5.05771,5.05829,0.137754,-0.0381611,0.0221113,0,0,0
1780638761337059,95.916,0.0752364,-0.0221505,0.0580444,0,0,-5,0.0752364,-0.0221505,5.05804,5.05865,0.139186,-0.0373788,0.0218044,0,0,0
1780638761353059,95.932,0.0764537,-0.0225208,0.0582886,0,0,-5,0.0764537,-0.0225208,5.05829,5.05892,0.139907,-0.0383662,0.0226301,0,0,0
1780638761369059,95.948,0.077731,-0.02293,0.0585327,0,0,-5,0.077731,-0.02293,5.05853,5.05918,0.139413,-0.039831,0.0219419,0,0,0
1780638761393059,95.972,0.0769433,-0.0227762,0.0584717,0,0,-5,0.0769433,-0.0227762,5.05847,5.05911,0.13873,-0.0400841,0.0223645,0,0,0
1780638761417059,95.996,0.0751103,-0.022324,0.0583191,0,0,-5,0.0751103,-0.022324,5.05832,5.05893,0.137923,-0.0405448,0.0219479,0,0,0
1780638761433059,96.012,0.0741046,-0.0220869,0.0582275,0,0,-5,0.0741046,-0.0220869,5.05823,5.05882,0.137552,-0.0403831,0.020972,0,0,0
1780638761449059,96.028,0.0732472,-0.0218876,0.058136,0,0,-5,0.0732472,-0.0218876,5.05814,5.05871,0.136495,-0.0391752,0.0205639,0,0,0
1780638761473059,96.052,0.0722387,-0.021646,0.0580139,0,0,-5,0.0722387,-0.021646,5.05801,5.05858,0.135792,-0.0391837,0.018828,0,0,0
1780638761497059,96.076,0.0715586,-0.0214943,0.0578918,0,0,-5,0.0715586,-0.0214943,5.05789,5.05844,0.136267,-0.0385728,0.0192846,0,0,0
1780638761513059,96.092,0.071279,-0.0214394,0.0578308,0,0,-5,0.071279,-0.0214394,5.05783,5.05838,0.13645,-0.0386714,0.0182007,0,0,0
1780638761529059,96.108,0.071132,-0.0214185,0.0577698,0,0,-5,0.071132,-0.0214185,5.05777,5.05832,0.137898,-0.0393023,0.0191951,0,0,0
1780638761553059,96.132,0.0711674,-0.0214502,0.0577393,0,0,-5,0.0711674,-0.0214502,5.05774,5.05829,0.138561,-0.0392319,0.0181359,0,0,0
1780638761577059,96.156,0.0714623,-0.0215543,0.0576782,0,0,-5,0.0714623,-0.0215543,5.05768,5.05823,0.138663,-0.0391495,0.0165039,0,0,0
1780638761593059,96.172,0.0717864,-0.0216774,0.0576172,0,0,-5,0.0717864,-0.0216774,5.05762,5.05817,0.137953,-0.0409677,0.0159253,0,0,0
1780638761617059,96.196,0.0724477,-0.0219406,0.0575562,0,0,-5,0.0724477,-0.0219406,5.05756,5.05812,0.138319,-0.0398251,0.0136686,0,0,0
1780638761633059,96.212,0.0730193,-0.0221271,0.0574646,0,0,-5,0.0730193,-0.0221271,5.05746,5.05804,0.138953,-0.0392166,0.0122647,0,0,0
1780638761657059,96.236,0.0740406,-0.022436,0.0573425,0,0,-5,0.0740406,-0.022436,5.05734,5.05793,0.138987,-0.0394869,0.011525,0,0,0
1780638761673059,96.252,0.0748194,-0.0226773,0.0572815,0,0,-5,0.0748194,-0.0226773,5.05728,5.05789,0.139371,-0.0391118,0.0116081,0,0,0
1780638761697059,96.276,0.0761333,-0.0230892,0.057251,0,0,-5,0.0761333,-0.0230892,5.05725,5.05788,0.138809,-0.0402506,0.0120925,0,0,0
1780638761713059,96.292,0.0771141,-0.0234007,0.057251,0,0,-5,0.0771141,-0.0234007,5.05725,5.05789,0.139807,-0.0406487,0.0124932,0,0,0
1780638761737059,96.316,0.0787441,-0.0239267,0.057251,0,0,-5,0.0787441,-0.0239267,5.05725,5.05792,0.140692,-0.0420074,0.0108945,0,0,0
1780638761753059,96.332,0.0799264,-0.0243129,0.057251,0,0,-5,0.0799264,-0.0243129,5.05725,5.05794,0.140445,-0.0428471,0.0097355,0,0,0
1780638761777059,96.356,0.0818269,-0.0249597,0.057251,0,0,-5,0.0818269,-0.0249597,5.05725,5.05797,0.140589,-0.0439176,0.0110807,0,0,0
1780638761793059,96.372,0.0802874,-0.0247587,0.0569458,0,0,-5,0.0802874,-0.0247587,5.05695,5.05764,0.140735,-0.0430108,0.0103401,0,0,0
1780638761817059,96.396,0.0783366,-0.0245226,0.0565186,0,0,-5,0.0783366,-0.0245226,5.05652,5.05718,0.140002,-0.0428408,0.0112245,0,0,0
1780638761833059,96.412,0.0772531,-0.0244355,0.0562134,0,0,-5,0.0772531,-0.0244355,5.05621,5.05686,0.138154,-0.0437778,0.0107133,0,0,0
1780638761857059,96.436,0.0759002,-0.0243891,0.0558472,0,0,-5,0.0759002,-0.0243891,5.05585,5.05648,0.137137,-0.0442644,0.0102481,0,0,0
1780638761873059,96.452,0.0751959,-0.0244247,0.0556335,0,0,-5,0.0751959,-0.0244247,5.05563,5.05625,0.136093,-0.0452018,0.0103152,0,0,0
1780638761897059,96.476,0.074416,-0.0245552,0.0553894,0,0,-5,0.074416,-0.0245552,5.05539,5.056,0.135581,-0.0452247,0.0109927,0,0,0
1780638761913059,96.492,0.0740649,-0.0246926,0.0552368,0,0,-5,0.0740649,-0.0246926,5.05524,5.05584,0.135234,-0.0459372,0.0111271,0,0,0
1780638761937059,96.516,0.0737766,-0.0249565,0.0550842,0,0,-5,0.0737766,-0.0249565,5.05508,5.05568,0.135601,-0.0453582,0.0118688,0,0,0
1780638761953059,96.532,0.0737321,-0.0251585,0.0549927,0,0,-5,0.0737321,-0.0251585,5.05499,5.05559,0.135519,-0.045252,0.0107949,0,0,0
1780638761977059,96.556,0.0738715,-0.0255331,0.0549011,0,0,-5,0.0738715,-0.0255331,5.0549,5.05551,0.134999,-0.0462858,0.0119858,0,0,0
1780638761993059,96.572,0.0741171,-0.0258277,0.0548706,0,0,-5,0.0741171,-0.0258277,5.05487,5.05548,0.136728,-0.0468459,0.0124464,0,0,0
1780638762017059,96.596,0.0747206,-0.026339,0.0548706,0,0,-5,0.0747206,-0.026339,5.05487,5.05549,0.137661,-0.047589,0.0130693,0,0,0
1780638762033059,96.612,0.0752627,-0.0267228,0.0549316,0,0,-5,0.0752627,-0.0267228,5.05493,5.05556,0.138808,-0.0476071,0.0136396,0,0,0
1780638762057270,96.6362,0.0762741,-0.0273302,0.0550537,0,0,-5,0.0762741,-0.0273302,5.05505,5.0557,0.139321,-0.0466896,0.0150834,0,0,0
1780638762073270,96.6522,0.0770638,-0.0277515,0.0551147,0,0,-5,0.0770638,-0.0277515,5.05511,5.05578,0.139962,-0.0461159,0.0138957,0,0,0
1780638762097270,96.6762,0.0784186,-0.028414,0.0552368,0,0,-5,0.0784186,-0.028414,5.05524,5.05592,0.139069,-0.0463313,0.0136105,0,0,0
1780638762113270,96.6922,0.0794027,-0.0288815,0.0552979,0,0,-5,0.0794027,-0.0288815,5.0553,5.056,0.139083,-0.0465637,0.0130534,0,0,0
1780638762137270,96.7162,0.0810344,-0.0296282,0.0554199,0,0,-5,0.0810344,-0.0296282,5.05542,5.05616,0.139541,-0.0467676,0.0139292,0,0,0
1780638762153270,96.7322,0.0822223,-0.0301532,0.0555115,0,0,-5,0.0822223,-0.0301532,5.05551,5.05627,0.140755,-0.0476403,0.0138714,0,0,0
1780638762177270,96.7562,0.0841601,-0.0309989,0.0556335,0,0,-5,0.0841601,-0.0309989,5.05563,5.05643,0.141851,-0.0485157,0.0119844,0,0,0
1780638762193270,96.7722,0.0826035,-0.0305546,0.0553284,0,0,-5,0.0826035,-0.0305546,5.05533,5.0561,0.141021,-0.0493842,0.0115158,0,0,0
1780638762217270,96.7962,0.0806135,-0.030029,0.0549316,0,0,-5,0.0806135,-0.030029,5.05493,5.05566,0.138199,-0.0498282,0.0116635,0,0,0
1780638762233270,96.8122,0.0794735,-0.0297524,0.054657,0,0,-5,0.0794735,-0.0297524,5.05466,5.05537,0.136468,-0.0497859,0.0117001,0,0,0
1780638762257270,96.8362,0.078055,-0.0294303,0.0543213,0,0,-5,0.078055,-0.0294303,5.05432,5.05501,0.134316,-0.0487846,0.012534,0,0,0
1780638762273270,96.8522,0.0772822,-0.0292739,0.0541382,0,0,-5,0.0772822,-0.0292739,5.05414,5.05481,0.133119,-0.048874,0.0127782,0,0,0
1780638762297270,96.8762,0.0763885,-0.0291463,0.0538635,0,0,-5,0.0763885,-0.0291463,5.05386,5.05452,0.132509,-0.0504193,0.0137886,0,0,0
1780638762313270,96.8922,0.0759574,-0.0291255,0.0537109,0,0,-5,0.0759574,-0.0291255,5.05371,5.05437,0.131485,-0.0512252,0.0125132,0,0,0
1780638762337270,96.9162,0.0755319,-0.0291979,0.0534363,0,0,-5,0.0755319,-0.0291979,5.05344,5.05409,0.129644,-0.0522987,0.011727,0,0,0
1780638762353270,96.9322,0.0753871,-0.0293073,0.0533142,0,0,-5,0.0753871,-0.0293073,5.05331,5.05396,0.129857,-0.0524129,0.0115511,0,0,0
1780638762377270,96.9562,0.0753622,-0.029528,0.0531311,0,0,-5,0.0753622,-0.029528,5.05313,5.05378,0.128225,-0.0521302,0.0126351,0,0,0
1780638762393270,96.9722,0.0754842,-0.0297146,0.0530701,0,0,-5,0.0754842,-0.0297146,5.05307,5.05372,0.128787,-0.0515158,0.0128383,0,0,0
1780638762417270,96.9962,0.0758743,-0.0300612,0.0529785,0,0,-5,0.0758743,-0.0300612,5.05298,5.05364,0.128982,-0.0533531,0.0133822,0,0,0
1780638762433270,97.0122,0.0762473,-0.0303532,0.053009,0,0,-5,0.0762473,-0.0303532,5.05301,5.05368,0.127375,-0.0533295,0.0143853,0,0,0
1780638762457270,97.0362,0.0769837,-0.0308292,0.0530701,0,0,-5,0.0769837,-0.0308292,5.05307,5.05375,0.126405,-0.0521546,0.0150229,0,0,0
1780638762473270,97.0522,0.0775617,-0.0311792,0.0531616,0,0,-5,0.0775617,-0.0311792,5.05316,5.05385,0.125475,-0.0528412,0.0146999,0,0,0
1780638762489270,97.0682,0.0781997,-0.0315606,0.0532227,0,0,-5,0.0781997,-0.0315606,5.05322,5.05393,0.123839,-0.0522899,0.0136343,0,0,0
1780638762513270,97.0922,0.0792915,-0.032167,0.0532837,0,0,-5,0.0792915,-0.032167,5.05328,5.05401,0.122728,-0.0518791,0.0125208,0,0,0
1780638762537270,97.1162,0.080532,-0.0327813,0.0533752,0,0,-5,0.080532,-0.0327813,5.05338,5.05412,0.12306,-0.0485569,0.0130507,0,0,0
1780638762553270,97.1322,0.0814554,-0.0331943,0.0534668,0,0,-5,0.0814554,-0.0331943,5.05347,5.05423,0.123484,-0.048446,0.0139429,0,0,0
1780638762577270,97.1562,0.0829605,-0.0338529,0.0535889,0,0,-5,0.0829605,-0.0338529,5.05359,5.05438,0.1223,-0.0489805,0.0143763,0,0,0
1780638762593270,97.1722,0.0809254,-0.0330371,0.0532837,0,0,-5,0.0809254,-0.0330371,5.05328,5.05404,0.122235,-0.0498128,0.0140147,0,0,0
1780638762617270,97.1962,0.0782231,-0.0319431,0.052887,0,0,-5,0.0782231,-0.0319431,5.05289,5.05359,0.118973,-0.047616,0.0128921,0,0,0
1780638762633270,97.2122,0.076633,-0.0312839,0.0526428,0,0,-5,0.076633,-0.0312839,5.05264,5.05332,0.11791,-0.0465973,0.0116456,0,0,0
1780638762657270,97.2362,0.074571,-0.0304201,0.0523376,0,0,-5,0.074571,-0.0304201,5.05234,5.05298,0.1158,-0.0458569,0.0110818,0,0,0
1780638762673270,97.2522,0.0733833,-0.0299002,0.052124,0,0,-5,0.0733833,-0.0299002,5.05212,5.05275,0.114925,-0.0439863,0.010098,0,0,0
1780638762697270,97.2762,0.0718684,-0.029194,0.0518799,0,0,-5,0.0718684,-0.029194,5.05188,5.05248,0.111999,-0.0417977,0.0102273,0,0,0
1780638762713270,97.2922,0.0710056,-0.0287751,0.0517273,0,0,-5,0.0710056,-0.0287751,5.05173,5.05231,0.111055,-0.0410716,0.0104017,0,0,0
1780638762737270,97.3162,0.0699699,-0.028225,0.0515442,0,0,-5,0.0699699,-0.028225,5.05154,5.05211,0.110559,-0.0409206,0.010623,0,0,0
1780638762753270,97.3322,0.0694298,-0.0279052,0.0514526,0,0,-5,0.0694298,-0.0279052,5.05145,5.05201,0.110115,-0.0389911,0.0112365,0,0,0
1780638762777270,97.3562,0.0688277,-0.0274774,0.0513611,0,0,-5,0.0688277,-0.0274774,5.05136,5.0519,0.108845,-0.0376374,0.0133332,0,0,0
1780638762793270,97.3722,0.0685582,-0.0272294,0.0513611,0,0,-5,0.0685582,-0.0272294,5.05136,5.0519,0.10805,-0.0361716,0.0132011,0,0,0
1780638762817270,97.3962,0.068364,-0.0268951,0.0513306,0,0,-5,0.068364,-0.0268951,5.05133,5.05186,0.108685,-0.0347312,0.0126099,0,0,0
1780638762833270,97.4122,0.068361,-0.0267123,0.0513306,0,0,-5,0.068361,-0.0267123,5.05133,5.05186,0.107329,-0.0345175,0.0127123,0,0,0
1780638762857270,97.4362,0.0685239,-0.0264793,0.0513611,0,0,-5,0.0685239,-0.0264793,5.05136,5.0519,0.106935,-0.0330672,0.0140772,0,0,0
1780638762873270,97.4522,0.0687349,-0.0263686,0.0514221,0,0,-5,0.0687349,-0.0263686,5.05142,5.05196,0.105662,-0.0329127,0.0137417,0,0,0
1780638762897270,97.4762,0.069183,-0.0262803,0.0515442,0,0,-5,0.069183,-0.0262803,5.05154,5.05209,0.10475,-0.032598,0.01374,0,0,0
1780638762913270,97.4922,0.0695797,-0.0262624,0.0516052,0,0,-5,0.0695797,-0.0262624,5.05161,5.05215,0.10406,-0.0329892,0.0120432,0,0,0
1780638762929270,97.5082,0.0700394,-0.0262837,0.0516968,0,0,-5,0.0700394,-0.0262837,5.0517,5.05225,0.102795,-0.0342919,0.0112967,0,0,0
1780638762953270,97.5322,0.0708343,-0.0263911,0.0518188,0,0,-5,0.0708343,-0.0263911,5.05182,5.05238,0.101006,-0.0344716,0.0111628,0,0,0
1780638762977270,97.5562,0.0717631,-0.0265652,0.0519714,0,0,-5,0.0717631,-0.0265652,5.05197,5.05255,0.100589,-0.034367,0.0116539,0,0,0
1780638762993270,97.5722,0.0700897,-0.0261405,0.0516357,0,0,-5,0.0700897,-0.0261405,5.05164,5.05219,0.0990738,-0.0338592,0.0123447,0,0,0
1780638763017270,97.5962,0.0678891,-0.0255773,0.051178,0,0,-5,0.0678891,-0.0255773,5.05118,5.0517,0.0977008,-0.033051,0.0121923,0,0,0
1780638763033270,97.6122,0.0666169,-0.0252653,0.0509338,0,0,-5,0.0666169,-0.0252653,5.05093,5.05144,0.0962508,-0.0340076,0.0120533,0,0,0
1780638763057270,97.6362,0.06495,-0.0248746,0.0505981,0,0,-5,0.06495,-0.0248746,5.0506,5.05108,0.0943318,-0.0321439,0.0132315,0,0,0
1780638763073485,97.6524,0.0639978,-0.0246528,0.050415,0,0,-5,0.0639978,-0.0246528,5.05042,5.05088,0.0934515,-0.0322919,0.0128944,0,0,0
1780638763097485,97.6764,0.0628071,-0.0244205,0.0501709,0,0,-5,0.0628071,-0.0244205,5.05017,5.05062,0.0931068,-0.0340328,0.011423,0,0,0
1780638763113485,97.6924,0.0621739,-0.0243216,0.0500183,0,0,-5,0.0621739,-0.0243216,5.05002,5.05046,0.0932898,-0.0330593,0.0101103,0,0,0
1780638763137485,97.7164,0.0614056,-0.024218,0.0498047,0,0,-5,0.0614056,-0.024218,5.0498,5.05024,0.0907849,-0.0322368,0.0106445,0,0,0
1780638763153485,97.7324,0.0610113,-0.02418,0.0497437,0,0,-5,0.0610113,-0.02418,5.04974,5.05017,0.0907714,-0.0323478,0.0104559,0,0,0
1780638763177485,97.7564,0.0606276,-0.0241643,0.0496521,0,0,-5,0.0606276,-0.0241643,5.04965,5.05007,0.0914423,-0.0313178,0.00946801,0,0,0
1780638763193485,97.7724,0.060494,-0.0241818,0.0496216,0,0,-5,0.060494,-0.0241818,5.04962,5.05004,0.0910958,-0.0311382,0.0099453,0,0,0
1780638763217485,97.7964,0.0604484,-0.024261,0.0495911,0,0,-5,0.0604484,-0.024261,5.04959,5.05001,0.0900136,-0.030983,0.0107076,0,0,0
1780638763233485,97.8124,0.0605246,-0.0243379,0.0495911,0,0,-5,0.0605246,-0.0243379,5.04959,5.05001,0.090226,-0.0304033,0.0106743,0,0,0
1780638763257485,97.8364,0.0607879,-0.0244976,0.0495911,0,0,-5,0.0607879,-0.0244976,5.04959,5.05002,0.0893317,-0.0295697,0.00883796,0,0,0
1780638763273485,97.8524,0.061053,-0.0246269,0.0495911,0,0,-5,0.061053,-0.0246269,5.04959,5.05002,0.0889829,-0.0303701,0.00911509,0,0,0
1780638763297485,97.8764,0.061581,-0.0248784,0.0495605,0,0,-5,0.061581,-0.0248784,5.04956,5.05,0.0894436,-0.029498,0.00759349,0,0,0
1780638763313485,97.8924,0.0620427,-0.0250624,0.0495605,0,0,-5,0.0620427,-0.0250624,5.04956,5.05,0.0909174,-0.0292211,0.00734132,0,0,0
1780638763337485,97.9164,0.0628765,-0.0253847,0.0495605,0,0,-5,0.0628765,-0.0253847,5.04956,5.05002,0.0904434,-0.030401,0.00895874,0,0,0
1780638763353485,97.9324,0.0634971,-0.0256291,0.0495605,0,0,-5,0.0634971,-0.0256291,5.04956,5.05002,0.0900709,-0.0292487,0.00835779,0,0,0
1780638763377485,97.9564,0.0645051,-0.0260002,0.0496521,0,0,-5,0.0645051,-0.0260002,5.04965,5.05013,0.0876685,-0.0291406,0.00915348,0,0,0
1780638763393485,97.9724,0.0631349,-0.0257041,0.0495911,0,0,-5,0.0631349,-0.0257041,5.04959,5.05005,0.0872772,-0.0284018,0.00965072,0,0,0
1780638763417485,97.9964,0.0613299,-0.0253348,0.0495605,0,0,-5,0.0613299,-0.0253348,5.04956,5.05,0.0858962,-0.0288793,0.0105081,0,0,0
1780638763433485,98.0124,0.0603097,-0.0251432,0.04953,0,0,-5,0.0603097,-0.0251432,5.04953,5.04995,0.0858138,-0.0281338,0.0103015,0,0,0
1780638763457485,98.0364,0.0589914,-0.0249118,0.049469,0,0,-5,0.0589914,-0.0249118,5.04947,5.04988,0.0856851,-0.0275198,0.0101751,0,0,0
1780638763473485,98.0524,0.058262,-0.0247991,0.049469,0,0,-5,0.058262,-0.0247991,5.04947,5.04987,0.085045,-0.0273047,0.0109693,0,0,0
1780638763497485,98.0764,0.057388,-0.0246737,0.0494995,0,0,-5,0.057388,-0.0246737,5.0495,5.04989,0.0844398,-0.0261706,0.010865,0,0,0
1780638763513485,98.0924,0.0569278,-0.0246139,0.0494995,0,0,-5,0.0569278,-0.0246139,5.0495,5.04988,0.0836836,-0.0253736,0.0102139,0,0,0
1780638763537485,98.1164,0.0564013,-0.0245382,0.0494995,0,0,-5,0.0564013,-0.0245382,5.0495,5.04987,0.0819217,-0.0235012,0.00899707,0,0,0
1780638763553485,98.1324,0.0561449,-0.0245077,0.0494995,0,0,-5,0.0561449,-0.0245077,5.0495,5.04987,0.0805302,-0.023535,0.0093973,0,0,0
1780638763577485,98.1564,0.055899,-0.0245062,0.0494995,0,0,-5,0.055899,-0.0245062,5.0495,5.04987,0.0795619,-0.023031,0.00883464,0,0,0
1780638763593485,98.1724,0.0557902,-0.0245238,0.04953,0,0,-5,0.0557902,-0.0245238,5.04953,5.0499,0.0774125,-0.021573,0.009314,0,0,0
1780638763617485,98.1964,0.0557566,-0.0245383,0.0495605,0,0,-5,0.0557566,-0.0245383,5.04956,5.04993,0.0773295,-0.0191163,0.0100027,0,0,0
1780638763633485,98.2124,0.0558251,-0.0245609,0.0496216,0,0,-5,0.0558251,-0.0245609,5.04962,5.04999,0.0770992,-0.0196418,0.0101301,0,0,0
1780638763657485,98.2364,0.0560511,-0.0246402,0.0497437,0,0,-5,0.0560511,-0.0246402,5.04974,5.05011,0.0752836,-0.019697,0.0120992,0,0,0
1780638763673485,98.2524,0.0562556,-0.0247229,0.0498657,0,0,-5,0.0562556,-0.0247229,5.04987,5.05024,0.0746165,-0.0200187,0.0129068,0,0,0
1780638763697485,98.2764,0.0566667,-0.0248697,0.0500793,0,0,-5,0.0566667,-0.0248697,5.05008,5.05046,0.0731588,-0.0194955,0.0128843,0,0,0
1780638763713485,98.2924,0.0570058,-0.0249856,0.0502319,0,0,-5,0.0570058,-0.0249856,5.05023,5.05062,0.0730103,-0.0189093,0.0132747,0,0,0
1780638763737485,98.3164,0.0576156,-0.0251985,0.0504456,0,0,-5,0.0576156,-0.0251985,5.05045,5.05084,0.0724137,-0.0197594,0.0137369,0,0,0
1780638763753485,98.3324,0.0580917,-0.0253811,0.0505981,0,0,-5,0.0580917,-0.0253811,5.0506,5.051,0.0731455,-0.0192064,0.0143821,0,0,0
1780638763777485,98.3564,0.0588984,-0.0256594,0.0508728,0,0,-5,0.0588984,-0.0256594,5.05087,5.05128,0.0718975,-0.018935,0.0154124,0,0,0
1780638763793485,98.3724,0.0576202,-0.0251104,0.0508118,0,0,-5,0.0576202,-0.0251104,5.05081,5.0512,0.071307,-0.0198979,0.0150399,0,0,0
1780638763817485,98.3964,0.0559304,-0.0244004,0.0507202,0,0,-5,0.0559304,-0.0244004,5.05072,5.05109,0.069171,-0.0211183,0.0152838,0,0,0
1780638763833485,98.4124,0.0549435,-0.0239933,0.0506897,0,0,-5,0.0549435,-0.0239933,5.05069,5.05105,0.0688555,-0.020865,0.0150219,0,0,0
1780638763857485,98.4364,0.0536604,-0.0234575,0.0506592,0,0,-5,0.0536604,-0.0234575,5.05066,5.051,0.0665815,-0.0207076,0.0154501,0,0,0
1780638763873485,98.4524,0.0529026,-0.0231354,0.0506592,0,0,-5,0.0529026,-0.0231354,5.05066,5.05099,0.065081,-0.0199305,0.0159296,0,0,0
1780638763897485,98.4764,0.0519226,-0.0227427,0.0506592,0,0,-5,0.0519226,-0.0227427,5.05066,5.05098,0.0642632,-0.0216821,0.0162017,0,0,0
1780638763913485,98.4924,0.0513757,-0.0225273,0.0506897,0,0,-5,0.0513757,-0.0225273,5.05069,5.051,0.0625322,-0.0206224,0.0149321,0,0,0
1780638763937485,98.5164,0.0506801,-0.0222305,0.0507507,0,0,-5,0.0506801,-0.0222305,5.05075,5.05105,0.0610722,-0.0195582,0.0137744,0,0,0
1780638763953485,98.5324,0.0503044,-0.0220606,0.0508118,0,0,-5,0.0503044,-0.0220606,5.05081,5.05111,0.0601446,-0.0185272,0.015016,0,0,0
1780638763977485,98.5564,0.0498778,-0.0218301,0.0509033,0,0,-5,0.0498778,-0.0218301,5.0509,5.0512,0.0595676,-0.0170648,0.0129154,0,0,0
1780638763993485,98.5724,0.0496797,-0.0216785,0.0509949,0,0,-5,0.0496797,-0.0216785,5.05099,5.05129,0.0592142,-0.0156361,0.0128833,0,0,0
1780638764017485,98.5964,0.0495173,-0.0214807,0.0510559,0,0,-5,0.0495173,-0.0214807,5.05106,5.05134,0.0585254,-0.0156009,0.0117057,0,0,0
1780638764033485,98.6124,0.0494797,-0.021384,0.0510864,0,0,-5,0.0494797,-0.021384,5.05109,5.05137,0.0573126,-0.0160562,0.0109281,0,0,0
1780638764057485,98.6364,0.0495097,-0.0212571,0.0511475,0,0,-5,0.0495097,-0.0212571,5.05115,5.05143,0.0569203,-0.0146898,0.0106822,0,0,0
1780638764073705,98.6527,0.0496121,-0.0211853,0.0512085,0,0,-5,0.0496121,-0.0211853,5.05121,5.0515,0.0572837,-0.0142636,0.0101088,0,0,0
1780638764097705,98.6767,0.04986,-0.0210989,0.0513306,0,0,-5,0.04986,-0.0210989,5.05133,5.05162,0.0566845,-0.0130859,0.0103287,0,0,0
1780638764113705,98.6927,0.0500912,-0.0210477,0.0513916,0,0,-5,0.0500912,-0.0210477,5.05139,5.05168,0.0570435,-0.0125536,0.00956599,0,0,0
1780638764137705,98.7167,0.0505506,-0.0209832,0.0515137,0,0,-5,0.0505506,-0.0209832,5.05151,5.05181,0.0579742,-0.0116412,0.00925389,0,0,0
1780638764153705,98.7327,0.0509291,-0.020956,0.0515747,0,0,-5,0.0509291,-0.020956,5.05157,5.05187,0.0584668,-0.0110658,0.0104499,0,0,0
1780638764177705,98.7567,0.0516194,-0.0209602,0.0516968,0,0,-5,0.0516194,-0.0209602,5.0517,5.052,0.0593104,-0.0115716,0.00881538,0,0,0
1780638764193705,98.7727,0.0508731,-0.0205145,0.0513611,0,0,-5,0.0508731,-0.0205145,5.05136,5.05166,0.0587122,-0.0117345,0.00792772,0,0,0
1780638764217705,98.7967,0.0499248,-0.0199359,0.0508728,0,0,-5,0.0499248,-0.0199359,5.05087,5.05116,0.0571458,-0.0123942,0.00704959,0,0,0
1780638764233705,98.8127,0.0494025,-0.0195863,0.0505676,0,0,-5,0.0494025,-0.0195863,5.05057,5.05085,0.0579568,-0.0115366,0.00687141,0,0,0
1780638764257705,98.8367,0.0487991,-0.0190912,0.0501709,0,0,-5,0.0487991,-0.0190912,5.05017,5.05044,0.0570685,-0.00969728,0.00752671,0,0,0
1780638764273705,98.8527,0.0484853,-0.018784,0.0499268,0,0,-5,0.0484853,-0.018784,5.04993,5.05019,0.05747,-0.00981466,0.00780389,0,0,0
1780638764297705,98.8767,0.0481718,-0.0183761,0.0496216,0,0,-5,0.0481718,-0.0183761,5.04962,5.04988,0.057286,-0.00960686,0.00773106,0,0,0
1780638764313705,98.8927,0.0480404,-0.0181427,0.049408,0,0,-5,0.0480404,-0.0181427,5.04941,5.04967,0.0557958,-0.0105115,0.00884237,0,0,0
1780638764337705,98.9167,0.0479218,-0.0178541,0.0491943,0,0,-5,0.0479218,-0.0178541,5.04919,5.04945,0.0536549,-0.0110667,0.00982374,0,0,0
1780638764353705,98.9327,0.0478977,-0.0176933,0.0490723,0,0,-5,0.0478977,-0.0176933,5.04907,5.04933,0.0527428,-0.0106495,0.0106873,0,0,0
1780638764377705,98.9567,0.047947,-0.0174913,0.0489502,0,0,-5,0.047947,-0.0174913,5.04895,5.04921,0.0509731,-0.0102947,0.0117472,0,0,0
1780638764393705,98.9727,0.0480283,-0.017374,0.0488892,0,0,-5,0.0480283,-0.017374,5.04889,5.04915,0.0492616,-0.0104215,0.0133976,0,0,0
1780638764409705,98.9887,0.0481558,-0.0172803,0.0488892,0,0,-5,0.0481558,-0.0172803,5.04889,5.04915,0.0503881,-0.0105035,0.0129998,0,0,0
1780638764433705,99.0127,0.0484706,-0.0171738,0.0488586,0,0,-5,0.0484706,-0.0171738,5.04886,5.04912,0.0508533,-0.0108276,0.0123578,0,0,0
1780638764457705,99.0367,0.0488761,-0.0171008,0.0488586,0,0,-5,0.0488761,-0.0171008,5.04886,5.04912,0.0506323,-0.0100985,0.0113024,0,0,0
1780638764473705,99.0527,0.0491888,-0.0170549,0.0488586,0,0,-5,0.0491888,-0.0170549,5.04886,5.04913,0.0490901,-0.00862381,0.0116511,0,0,0
1780638764497705,99.0767,0.0497041,-0.0169791,0.0488586,0,0,-5,0.0497041,-0.0169791,5.04886,5.04913,0.0480285,-0.00735028,0.0105406,0,0,0
1780638764513705,99.0927,0.050091,-0.0169297,0.0488586,0,0,-5,0.050091,-0.0169297,5.04886,5.04914,0.0489286,-0.00617574,0.0108524,0,0,0
1780638764537705,99.1167,0.0507511,-0.0168466,0.0488586,0,0,-5,0.0507511,-0.0168466,5.04886,5.04914,0.0490329,-0.00554911,0.0105769,0,0,0
1780638764553705,99.1327,0.0512307,-0.0168141,0.0488586,0,0,-5,0.0512307,-0.0168141,5.04886,5.04915,0.049157,-0.00647361,0.00916531,0,0,0
1780638764569705,99.1487,0.0517527,-0.0168098,0.0488586,0,0,-5,0.0517527,-0.0168098,5.04886,5.04915,0.0497304,-0.00752404,0.0102154,0,0,0
1780638764593705,99.1727,0.0511265,-0.0162847,0.0485229,0,0,-5,0.0511265,-0.0162847,5.04852,5.04881,0.0481181,-0.00621005,0.0101648,0,0,0
1780638764617705,99.1967,0.0499268,-0.0155208,0.0480957,0,0,-5,0.0499268,-0.0155208,5.0481,5.04837,0.0468795,-0.00509473,0.0103095,0,0,0
1780638764633705,99.2127,0.0492374,-0.0150403,0.047821,0,0,-5,0.0492374,-0.0150403,5.04782,5.04808,0.0468586,-0.00386712,0.0102914,0,0,0
1780638764649705,99.2287,0.0486306,-0.0145787,0.0475769,0,0,-5,0.0486306,-0.0145787,5.04758,5.04783,0.0466311,-0.00358214,0.0100672,0,0,0
1780638764673705,99.2527,0.0478844,-0.0139515,0.0472717,0,0,-5,0.0478844,-0.0139515,5.04727,5.04752,0.0467358,-0.00379231,0.0101414,0,0,0
1780638764697705,99.2767,0.0472998,-0.0133755,0.0469666,0,0,-5,0.0472998,-0.0133755,5.04697,5.04721,0.0461829,-0.00291242,0.00929232,0,0,0
1780638764713705,99.2927,0.046994,-0.0130175,0.0467834,0,0,-5,0.046994,-0.0130175,5.04678,5.04702,0.0453663,-0.00336412,0.0104477,0,0,0
1780638764737705,99.3167,0.046675,-0.0125266,0.0465393,0,0,-5,0.046675,-0.0125266,5.04654,5.04677,0.0473439,-0.00390657,0.0113709,0,0,0
1780638764753705,99.3327,0.0465596,-0.0122367,0.0464172,0,0,-5,0.0465596,-0.0122367,5.04642,5.04665,0.0478149,-0.00447027,0.0102125,0,0,0
1780638764777705,99.3567,0.0464892,-0.0118557,0.0462036,0,0,-5,0.0464892,-0.0118557,5.0462,5.04643,0.0470191,-0.00482424,0.00912806,0,0,0
1780638764793705,99.3727,0.0464936,-0.0116277,0.0460815,0,0,-5,0.0464936,-0.0116277,5.04608,5.04631,0.0459618,-0.00486705,0.0103484,0,0,0
1780638764817705,99.3967,0.0465716,-0.0113203,0.045929,0,0,-5,0.0465716,-0.0113203,5.04593,5.04616,0.0449552,-0.00421158,0.0103225,0,0,0
1780638764833705,99.4127,0.0466786,-0.0111297,0.0458374,0,0,-5,0.0466786,-0.0111297,5.04584,5.04607,0.0456688,-0.00456644,0.00903769,0,0,0
1780638764849705,99.4287,0.0468436,-0.0109683,0.0457458,0,0,-5,0.0468436,-0.0109683,5.04575,5.04598,0.0459987,-0.0050828,0.0101471,0,0,0
1780638764873705,99.4527,0.0471975,-0.0107743,0.0456238,0,0,-5,0.0471975,-0.0107743,5.04562,5.04586,0.0463739,-0.0064702,0.0104561,0,0,0
1780638764897705,99.4767,0.0476364,-0.0106298,0.0455322,0,0,-5,0.0476364,-0.0106298,5.04553,5.04577,0.044553,-0.00634905,0.0100373,0,0,0
1780638764913705,99.4927,0.0479608,-0.0105377,0.0454712,0,0,-5,0.0479608,-0.0105377,5.04547,5.04571,0.0459927,-0.00527543,0.0108286,0,0,0
1780638764929705,99.5087,0.0483373,-0.0104515,0.0454102,0,0,-5,0.0483373,-0.0104515,5.04541,5.04565,0.0462084,-0.00497101,0.00999842,0,0,0
1780638764953705,99.5327,0.0489679,-0.0103312,0.0453491,0,0,-5,0.0489679,-0.0103312,5.04535,5.0456,0.0457033,-0.00463893,0.00870498,0,0,0
1780638764977705,99.5567,0.0496639,-0.0102395,0.0452881,0,0,-5,0.0496639,-0.0102395,5.04529,5.04554,0.0462791,-0.00503089,0.00894652,0,0,0
1780638764993705,99.5727,0.0488591,-0.0100032,0.0448608,0,0,-5,0.0488591,-0.0100032,5.04486,5.04511,0.0455908,-0.00576654,0.00785613,0,0,0
1780638765017705,99.5967,0.047781,-0.00972085,0.044281,0,0,-5,0.047781,-0.00972085,5.04428,5.04452,0.0450368,-0.00700484,0.0077732,0,0,0
1780638765033705,99.6127,0.0471755,-0.00956769,0.0439148,0,0,-5,0.0471755,-0.00956769,5.04391,5.04414,0.0455031,-0.00681822,0.00863558,0,0,0
1780638765049705,99.6287,0.0466364,-0.00941897,0.0435791,0,0,-5,0.0466364,-0.00941897,5.04358,5.0438,0.043988,-0.00577548,0.00836099,0,0,0
1780638765073923,99.6529,0.0459356,-0.0092206,0.0431519,0,0,-5,0.0459356,-0.0092206,5.04315,5.04337,0.0429724,-0.00646742,0.00772633,0,0,0
1780638765097923,99.6769,0.0454005,-0.00907602,0.0427246,0,0,-5,0.0454005,-0.00907602,5.04272,5.04294,0.0422283,-0.00642278,0.0066018,0,0,0
1780638765113923,99.6929,0.0451086,-0.00899997,0.04245,0,0,-5,0.0451086,-0.00899997,5.04245,5.04266,0.0416436,-0.00675523,0.00527952,0,0,0
1780638765129923,99.7089,0.0448683,-0.00894326,0.0421753,0,0,-5,0.0448683,-0.00894326,5.04218,5.04238,0.0410369,-0.00740319,0.00473785,0,0,0
1780638765153923,99.7329,0.0445887,-0.0089162,0.0418091,0,0,-5,0.0445887,-0.0089162,5.04181,5.04201,0.0396708,-0.00951664,0.00449811,0,0,0
1780638765177923,99.7569,0.0444265,-0.00894941,0.0414734,0,0,-5,0.0444265,-0.00894941,5.04147,5.04168,0.0406387,-0.0104086,0.00457957,0,0,0
1780638765193923,99.7729,0.0443984,-0.00899109,0.0412903,0,0,-5,0.0443984,-0.00899109,5.04129,5.04149,0.0414779,-0.0105298,0.00466617,0,0,0
1780638765217923,99.7969,0.0444655,-0.00906799,0.0409851,0,0,-5,0.0444655,-0.00906799,5.04099,5.04119,0.0417646,-0.0103057,0.00455397,0,0,0
1780638765233923,99.8129,0.044561,-0.00912704,0.040802,0,0,-5,0.044561,-0.00912704,5.0408,5.04101,0.0409291,-0.0100978,0.00541057,0,0,0
1780638765257923,99.8369,0.044756,-0.00922508,0.0405884,0,0,-5,0.044756,-0.00922508,5.04059,5.0408,0.0399813,-0.00953391,0.00592588,0,0,0
1780638765273923,99.8529,0.0449312,-0.00928665,0.0404663,0,0,-5,0.0449312,-0.00928665,5.04047,5.04068,0.0401419,-0.00830252,0.00531455,0,0,0
1780638765297923,99.8769,0.0452705,-0.00937557,0.0402832,0,0,-5,0.0452705,-0.00937557,5.04028,5.0405,0.0408953,-0.00839181,0.00490983,0,0,0
1780638765313923,99.8929,0.0455517,-0.00943811,0.0401917,0,0,-5,0.0455517,-0.00943811,5.04019,5.04041,0.040651,-0.00862079,0.00492004,0,0,0
1780638765329923,99.9089,0.0458592,-0.00951289,0.0401001,0,0,-5,0.0458592,-0.00951289,5.0401,5.04032,0.0408868,-0.00869174,0.00453916,0,0,0
1780638765353923,99.9329,0.0463963,-0.00965414,0.0399475,0,0,-5,0.0463963,-0.00965414,5.03995,5.04017,0.0413055,-0.00949048,0.00472073,0,0,0
1780638765377923,99.9569,0.0470054,-0.00981697,0.0398254,0,0,-5,0.0470054,-0.00981697,5.03983,5.04005,0.0411688,-0.0101796,0.00646546,0,0,0
1780638765393923,99.9729,0.0462322,-0.00964078,0.0396118,0,0,-5,0.0462322,-0.00964078,5.03961,5.03983,0.0399941,-0.0105386,0.00575299,0,0,0
1780638765417923,99.9969,0.045198,-0.00942182,0.0393372,0,0,-5,0.045198,-0.00942182,5.03934,5.03955,0.0384644,-0.0107994,0.00593936,0,0,0
1780638765433923,100.013,0.0445886,-0.00929418,0.0391235,0,0,-5,0.0445886,-0.00929418,5.03912,5.03933,0.0377945,-0.0102701,0.00510273,0,0,0
1780638765457923,100.037,0.0438027,-0.00913445,0.0388489,0,0,-5,0.0438027,-0.00913445,5.03885,5.03905,0.0369937,-0.0107836,0.00301131,0,0,0
1780638765473923,100.053,0.0433576,-0.00904577,0.0386658,0,0,-5,0.0433576,-0.00904577,5.03867,5.03886,0.0363859,-0.0110534,0.00229553,0,0,0
1780638765497923,100.077,0.0427917,-0.00897444,0.0383911,0,0,-5,0.0427917,-0.00897444,5.03839,5.03858,0.0354426,-0.012563,0.00276024,0,0,0
1780638765513923,100.093,0.0424808,-0.00896385,0.0382385,0,0,-5,0.0424808,-0.00896385,5.03824,5.03843,0.0352624,-0.0128444,0.0026807,0,0,0
1780638765529923,100.109,0.0422305,-0.00895553,0.0381165,0,0,-5,0.0422305,-0.00895553,5.03812,5.0383,0.0359151,-0.0118203,0.00362184,0,0,0
1780638765553923,100.133,0.0419522,-0.00895279,0.0379639,0,0,-5,0.0419522,-0.00895279,5.03796,5.03815,0.0349334,-0.0120095,0.00428422,0,0,0
1780638765577923,100.157,0.0417583,-0.00899754,0.0377808,0,0,-5,0.0417583,-0.00899754,5.03778,5.03796,0.0335548,-0.0129241,0.00355257,0,0,0
1780638765593923,100.173,0.0416699,-0.00905622,0.0376892,0,0,-5,0.0416699,-0.00905622,5.03769,5.03787,0.033433,-0.0142058,0.00431934,0,0,0
1780638765617923,100.197,0.0416252,-0.00917516,0.0375366,0,0,-5,0.0416252,-0.00917516,5.03754,5.03772,0.033799,-0.0140493,0.00251563,0,0,0
1780638765633923,100.213,0.0416532,-0.00927102,0.0374146,0,0,-5,0.0416532,-0.00927102,5.03741,5.0376,0.0339518,-0.0146762,0.00144735,0,0,0
1780638765657923,100.237,0.0417422,-0.00944514,0.0372314,0,0,-5,0.0417422,-0.00944514,5.03723,5.03741,0.0322182,-0.0143757,0.0012908,0,0,0
1780638765673923,100.253,0.04184,-0.00956391,0.0371399,0,0,-5,0.04184,-0.00956391,5.03714,5.03732,0.0327496,-0.0144874,0.00174735,0,0,0
1780638765697923,100.277,0.0420568,-0.00977317,0.0370178,0,0,-5,0.0420568,-0.00977317,5.03702,5.0372,0.0328663,-0.0153719,0.00244792,0,0,0
1780638765713923,100.293,0.0422545,-0.00993769,0.0369873,0,0,-5,0.0422545,-0.00993769,5.03699,5.03717,0.0340211,-0.0159968,0.00294017,0,0,0
1780638765737923,100.317,0.0426037,-0.0102083,0.0369263,0,0,-5,0.0426037,-0.0102083,5.03693,5.03712,0.0326961,-0.0159611,0.00372347,0,0,0
1780638765753923,100.333,0.0428536,-0.0104062,0.0368958,0,0,-5,0.0428536,-0.0104062,5.0369,5.03709,0.0319652,-0.0168568,0.0039649,0,0,0
1780638765777923,100.357,0.0432577,-0.0107424,0.0368958,0,0,-5,0.0432577,-0.0107424,5.0369,5.03709,0.0309852,-0.0180504,0.00502208,0,0,0
1780638765793923,100.373,0.0424847,-0.010963,0.0366821,0,0,-5,0.0424847,-0.010963,5.03668,5.03687,0.02884,-0.0181684,0.00547606,0,0,0
1780638765817923,100.397,0.0414517,-0.0113084,0.036377,0,0,-5,0.0414517,-0.0113084,5.03638,5.03656,0.0288993,-0.018331,0.00391942,0,0,0
1780638765833923,100.413,0.0408489,-0.011559,0.0361938,0,0,-5,0.0408489,-0.011559,5.03619,5.03637,0.0291161,-0.0194685,0.00501633,0,0,0
1780638765857923,100.437,0.0400633,-0.011955,0.0359497,0,0,-5,0.0400633,-0.011955,5.03595,5.03612,0.0280917,-0.0195463,0.00585466,0,0,0
1780638765873923,100.453,0.0395913,-0.0122395,0.0358276,0,0,-5,0.0395913,-0.0122395,5.03583,5.036,0.0271873,-0.0200507,0.00595409,0,0,0
1780638765889923,100.469,0.0391818,-0.0125408,0.0357056,0,0,-5,0.0391818,-0.0125408,5.03571,5.03587,0.0282387,-0.0201911,0.00582289,0,0,0
1780638765913923,100.493,0.0387049,-0.0130128,0.035553,0,0,-5,0.0387049,-0.0130128,5.03555,5.03572,0.0300732,-0.0215362,0.00643901,0,0,0
1780638765929923,100.509,0.0384681,-0.0133508,0.0354614,0,0,-5,0.0384681,-0.0133508,5.03546,5.03563,0.0306663,-0.0215794,0.00761768,0,0,0
1780638765953923,100.533,0.0381928,-0.0138369,0.0353699,0,0,-5,0.0381928,-0.0138369,5.03537,5.03553,0.0302267,-0.0199162,0.00816963,0,0,0
1780638765977923,100.557,0.0380341,-0.0143258,0.0353394,0,0,-5,0.0380341,-0.0143258,5.03534,5.0355,0.0303738,-0.0207771,0.00955168,0,0,0
1780638765993923,100.573,0.0379693,-0.0146599,0.0354004,0,0,-5,0.0379693,-0.0146599,5.0354,5.03556,0.0299415,-0.0203681,0.00900641,0,0,0
1780638766017923,100.597,0.0379718,-0.0151708,0.0354614,0,0,-5,0.0379718,-0.0151708,5.03546,5.03563,0.0314833,-0.0219353,0.0101602,0,0,0
1780638766033923,100.613,0.0380358,-0.0155135,0.035553,0,0,-5,0.0380358,-0.0155135,5.03555,5.03572,0.0318927,-0.0208415,0.0099316,0,0,0
1780638766049923,100.629,0.0381328,-0.0158567,0.035614,0,0,-5,0.0381328,-0.0158567,5.03561,5.03578,0.0317759,-0.0206827,0.00972343,0,0,0
1780638766073923,100.653,0.0383554,-0.0163867,0.0357361,0,0,-5,0.0383554,-0.0163867,5.03574,5.03591,0.0322118,-0.0217866,0.00880068,0,0,0
1780638766098140,100.677,0.038653,-0.0169337,0.0358276,0,0,-5,0.038653,-0.0169337,5.03583,5.036,0.033422,-0.022193,0.00748993,0,0,0
1780638766114140,100.693,0.0389057,-0.0173129,0.0358887,0,0,-5,0.0389057,-0.0173129,5.03589,5.03607,0.0339581,-0.022319,0.00804345,0,0,0
1780638766130140,100.709,0.0391866,-0.0176935,0.0359497,0,0,-5,0.0391866,-0.0176935,5.03595,5.03613,0.0342401,-0.0225418,0.00873728,0,0,0
1780638766154140,100.733,0.0396731,-0.0182672,0.0360718,0,0,-5,0.0396731,-0.0182672,5.03607,5.03626,0.0346136,-0.0215721,0.0103765,0,0,0
1780638766170140,100.749,0.0400306,-0.0186411,0.0361938,0,0,-5,0.0400306,-0.0186411,5.03619,5.03639,0.0346377,-0.0218775,0.00924961,0,0,0
1780638766194140,100.773,0.0394551,-0.0186541,0.0359802,0,0,-5,0.0394551,-0.0186541,5.03598,5.03617,0.0354706,-0.0213406,0.00886848,0,0,0
1780638766218140,100.797,0.0384827,-0.0184394,0.035614,0,0,-5,0.0384827,-0.0184394,5.03561,5.03579,0.0365821,-0.0211617,0.00890782,0,0,0
1780638766234140,100.813,0.0379272,-0.0183456,0.0354004,0,0,-5,0.0379272,-0.0183456,5.0354,5.03558,0.0364543,-0.0232912,0.00848315,0,0,0
1780638766258140,100.837,0.0372171,-0.0182851,0.0351562,0,0,-5,0.0372171,-0.0182851,5.03516,5.03533,0.0359722,-0.0224999,0.0084972,0,0,0
1780638766274140,100.853,0.0368185,-0.018267,0.0349731,0,0,-5,0.0368185,-0.018267,5.03497,5.03514,0.0356217,-0.0234986,0.00719287,0,0,0
1780638766298140,100.877,0.0363316,-0.01831,0.034729,0,0,-5,0.0363316,-0.01831,5.03473,5.03489,0.0358948,-0.0246673,0.00782637,0,0,0
1780638766314140,100.893,0.0360719,-0.0183761,0.0346069,0,0,-5,0.0360719,-0.0183761,5.03461,5.03477,0.0344783,-0.0264386,0.0088607,0,0,0
1780638766338140,100.917,0.0357616,-0.0185473,0.0343933,0,0,-5,0.0357616,-0.0185473,5.03439,5.03455,0.0349011,-0.0271747,0.0076156,0,0,0
1780638766354140,100.933,0.0356284,-0.0186954,0.0342712,0,0,-5,0.0356284,-0.0186954,5.03427,5.03443,0.0356807,-0.027904,0.00760299,0,0,0
1780638766378140,100.957,0.0355124,-0.0189584,0.0341187,0,0,-5,0.0355124,-0.0189584,5.03412,5.03428,0.0350835,-0.0281451,0.00812762,0,0,0
1780638766394140,100.973,0.0354823,-0.0191523,0.0339966,0,0,-5,0.0354823,-0.0191523,5.034,5.03416,0.0355555,-0.0276947,0.00770236,0,0,0
1780638766418140,100.997,0.0355081,-0.0194815,0.033844,0,0,-5,0.0355081,-0.0194815,5.03384,5.03401,0.0347135,-0.0285372,0.00788198,0,0,0
1780638766434140,101.013,0.035556,-0.0197195,0.033783,0,0,-5,0.035556,-0.0197195,5.03378,5.03395,0.0335361,-0.0292013,0.00795345,0,0,0
1780638766450140,101.029,0.0356265,-0.0199983,0.0337219,0,0,-5,0.0356265,-0.0199983,5.03372,5.03389,0.0335715,-0.0306601,0.00868502,0,0,0
1780638766474140,101.053,0.0358064,-0.0204727,0.0336609,0,0,-5,0.0358064,-0.0204727,5.03366,5.03383,0.0332894,-0.0312599,0.00772507,0,0,0
1780638766498140,101.077,0.0360347,-0.0209624,0.0336304,0,0,-5,0.0360347,-0.0209624,5.03363,5.0338,0.0325577,-0.0300808,0.00896091,0,0,0
1780638766514140,101.093,0.0362317,-0.0212936,0.0336304,0,0,-5,0.0362317,-0.0212936,5.03363,5.03381,0.0329598,-0.0307535,0.00847912,0,0,0
1780638766538140,101.117,0.0365788,-0.02182,0.0336914,0,0,-5,0.0365788,-0.02182,5.03369,5.03387,0.0321205,-0.0311899,0.0099283,0,0,0
1780638766554140,101.133,0.0368388,-0.0221802,0.033783,0,0,-5,0.0368388,-0.0221802,5.03378,5.03397,0.0320939,-0.030746,0.0109082,0,0,0
1780638766578140,101.157,0.0372719,-0.0227268,0.033905,0,0,-5,0.0372719,-0.0227268,5.03391,5.03409,0.0321292,-0.029491,0.0108032,0,0,0
1780638766594140,101.173,0.0366038,-0.0225909,0.0338135,0,0,-5,0.0366038,-0.0225909,5.03381,5.034,0.0308667,-0.0291242,0.00928671,0,0,0
1780638766618140,101.197,0.0357244,-0.0224373,0.0336914,0,0,-5,0.0357244,-0.0224373,5.03369,5.03387,0.0312028,-0.0280721,0.0100188,0,0,0
1780638766634140,101.213,0.0352303,-0.0223562,0.0335999,0,0,-5,0.0352303,-0.0223562,5.0336,5.03377,0.032244,-0.0279963,0.00958712,0,0,0
1780638766658140,101.237,0.0346033,-0.0223039,0.0335083,0,0,-5,0.0346033,-0.0223039,5.03351,5.03368,0.0311943,-0.0286652,0.00880041,0,0,0
1780638766674140,101.253,0.0342518,-0.0223073,0.0334473,0,0,-5,0.0342518,-0.0223073,5.03345,5.03361,0.0312175,-0.0280492,0.00740173,0,0,0
1780638766698140,101.277,0.0337979,-0.0223532,0.0333862,0,0,-5,0.0337979,-0.0223532,5.03339,5.03355,0.0291557,-0.0282708,0.00932471,0,0,0
1780638766714140,101.293,0.033542,-0.0224204,0.0333862,0,0,-5,0.033542,-0.0224204,5.03339,5.03355,0.0290942,-0.0293123,0.0091053,0,0,0
1780638766730140,101.309,0.0333156,-0.0225283,0.0334167,0,0,-5,0.0333156,-0.0225283,5.03342,5.03358,0.0275874,-0.0302157,0.0101321,0,0,0
1780638766754140,101.333,0.0330309,-0.0227378,0.0334778,0,0,-5,0.0330309,-0.0227378,5.03348,5.03364,0.0267631,-0.0308377,0.01109,0,0,0
1780638766778140,101.357,0.0328064,-0.0230296,0.0335693,0,0,-5,0.0328064,-0.0230296,5.03357,5.03373,0.0251954,-0.0324762,0.0113831,0,0,0
1780638766794140,101.373,0.032685,-0.0232475,0.0336304,0,0,-5,0.032685,-0.0232475,5.03363,5.03379,0.024747,-0.0320696,0.0108001,0,0,0
1780638766818140,101.397,0.0325688,-0.0235942,0.0337524,0,0,-5,0.0325688,-0.0235942,5.03375,5.03391,0.0253481,-0.031785,0.011813,0,0,0
1780638766834140,101.413,0.0325413,-0.0238511,0.0338745,0,0,-5,0.0325413,-0.0238511,5.03387,5.03404,0.025756,-0.0320859,0.0123976,0,0,0
1780638766858140,101.437,0.0325766,-0.0242567,0.0340881,0,0,-5,0.0325766,-0.0242567,5.03409,5.03425,0.0261654,-0.0328002,0.012686,0,0,0
1780638766874140,101.453,0.0326365,-0.0245652,0.0342407,0,0,-5,0.0326365,-0.0245652,5.03424,5.03441,0.0261072,-0.0337614,0.0126427,0,0,0
1780638766898140,101.477,0.0327604,-0.0250607,0.0344543,0,0,-5,0.0327604,-0.0250607,5.03445,5.03462,0.0248575,-0.0336415,0.0117681,0,0,0
1780638766914140,101.493,0.0328698,-0.0254043,0.0346069,0,0,-5,0.0328698,-0.0254043,5.03461,5.03478,0.0250606,-0.0326299,0.0123209,0,0,0
1780638766938140,101.517,0.033104,-0.0258984,0.0348816,0,0,-5,0.033104,-0.0258984,5.03488,5.03506,0.0255868,-0.0316898,0.0144937,0,0,0
1780638766954140,101.533,0.0332762,-0.0262455,0.0350952,0,0,-5,0.0332762,-0.0262455,5.0351,5.03527,0.023759,-0.0327999,0.0145055,0,0,0
1780638766978140,101.557,0.0335534,-0.0267758,0.0353699,0,0,-5,0.0335534,-0.0267758,5.03537,5.03555,0.0245123,-0.031381,0.0147893,0,0,0
1780638766994140,101.573,0.0331414,-0.0258682,0.0353394,0,0,-5,0.0331414,-0.0258682,5.03534,5.03551,0.0246071,-0.030991,0.0151436,0,0,0
1780638767018140,101.597,0.0326136,-0.024597,0.0353394,0,0,-5,0.0326136,-0.024597,5.03534,5.03551,0.0233241,-0.0300409,0.0141457,0,0,0
1780638767034140,101.613,0.0322977,-0.0238362,0.0353394,0,0,-5,0.0322977,-0.0238362,5.03534,5.0355,0.0216028,-0.0303877,0.0132916,0,0,0
1780638767058140,101.637,0.0319011,-0.0228422,0.0353394,0,0,-5,0.0319011,-0.0228422,5.03534,5.03549,0.0215924,-0.03157,0.0128733,0,0,0
1780638767074140,101.653,0.0316876,-0.0222429,0.0353699,0,0,-5,0.0316876,-0.0222429,5.03537,5.03552,0.0216468,-0.0297873,0.0121527,0,0,0
1780638767098140,101.677,0.0314291,-0.0214211,0.0354309,0,0,-5,0.0314291,-0.0214211,5.03543,5.03557,0.0208984,-0.0299746,0.011324,0,0,0
1780638767114361,101.693,0.0312833,-0.0209581,0.0354919,0,0,-5,0.0312833,-0.0209581,5.03549,5.03563,0.0191858,-0.0312957,0.0116046,0,0,0
1780638767138361,101.717,0.0311024,-0.0203573,0.035614,0,0,-5,0.0311024,-0.0203573,5.03561,5.03575,0.0196089,-0.0314518,0.0138143,0,0,0
1780638767154361,101.733,0.0310239,-0.0200148,0.0357361,0,0,-5,0.0310239,-0.0200148,5.03574,5.03587,0.018903,-0.0308519,0.0138602,0,0,0
1780638767178361,101.757,0.0309342,-0.0195483,0.0359192,0,0,-5,0.0309342,-0.0195483,5.03592,5.03605,0.0179741,-0.029795,0.014602,0,0,0
1780638767194361,101.773,0.0309037,-0.0192894,0.0360718,0,0,-5,0.0309037,-0.0192894,5.03607,5.0362,0.017956,-0.030643,0.0148122,0,0,0
1780638767218361,101.797,0.0309095,-0.0189806,0.0363159,0,0,-5,0.0309095,-0.0189806,5.03632,5.03645,0.0181769,-0.0301865,0.015892,0,0,0
1780638767234361,101.813,0.0309534,-0.0188151,0.0364685,0,0,-5,0.0309534,-0.0188151,5.03647,5.0366,0.0191979,-0.0300097,0.0165289,0,0,0
1780638767258361,101.837,0.0310694,-0.0186344,0.0367737,0,0,-5,0.0310694,-0.0186344,5.03677,5.0369,0.0189805,-0.030948,0.017375,0,0,0
1780638767274361,101.853,0.0311727,-0.0185655,0.0369873,0,0,-5,0.0311727,-0.0185655,5.03699,5.03712,0.0188949,-0.0314528,0.0193325,0,0,0
1780638767298361,101.877,0.0313664,-0.0185315,0.0373535,0,0,-5,0.0313664,-0.0185315,5.03735,5.03749,0.018716,-0.0321858,0.0199106,0,0,0
1780638767314361,101.893,0.0315257,-0.0185522,0.0376282,0,0,-5,0.0315257,-0.0185522,5.03763,5.03776,0.0194728,-0.0325611,0.0212348,0,0,0
1780638767338361,101.917,0.0318055,-0.0186387,0.0380859,0,0,-5,0.0318055,-0.0186387,5.03809,5.03822,0.0188097,-0.0321423,0.0218432,0,0,0
1780638767354361,101.933,0.0320003,-0.01873,0.0383911,0,0,-5,0.0320003,-0.01873,5.03839,5.03853,0.0187656,-0.0333407,0.0227996,0,0,0
1780638767378361,101.957,0.0323168,-0.0189128,0.0388794,0,0,-5,0.0323168,-0.0189128,5.03888,5.03902,0.0181482,-0.0337839,0.0236118,0,0,0
1780638767394361,101.973,0.0323596,-0.0186791,0.0390625,0,0,-5,0.0323596,-0.0186791,5.03906,5.0392,0.017476,-0.0334798,0.0224119,0,0,0
1780638767418361,101.997,0.0321889,-0.0178044,0.0390625,0,0,-5,0.0321889,-0.0178044,5.03906,5.0392,0.0162759,-0.0320096,0.0213922,0,0,0
1780638767434361,102.013,0.0321027,-0.0172897,0.0390625,0,0,-5,0.0321027,-0.0172897,5.03906,5.03919,0.0159156,-0.0329786,0.0202592,0,0,0
1780638767458361,102.037,0.0319999,-0.016635,0.039093,0,0,-5,0.0319999,-0.016635,5.03909,5.03922,0.0147437,-0.0331561,0.0186559,0,0,0
1780638767474361,102.053,0.0319582,-0.0162508,0.0391235,0,0,-5,0.0319582,-0.0162508,5.03912,5.03925,0.0145294,-0.0323195,0.0179078,0,0,0
1780638767498361,102.077,0.031913,-0.0157483,0.0391541,0,0,-5,0.031913,-0.0157483,5.03915,5.03928,0.0125506,-0.0312748,0.0169937,0,0,0
1780638767514361,102.093,0.0318948,-0.0154503,0.0391541,0,0,-5,0.0318948,-0.0154503,5.03915,5.03928,0.0117224,-0.030671,0.0172485,0,0,0
1780638767538361,102.117,0.0318827,-0.0150698,0.0391846,0,0,-5,0.0318827,-0.0150698,5.03918,5.03931,0.0109205,-0.0303416,0.0168427,0,0,0
1780638767554361,102.133,0.0319016,-0.0148566,0.0392151,0,0,-5,0.0319016,-0.0148566,5.03922,5.03934,0.011453,-0.0294446,0.0169172,0,0,0
1780638767578361,102.157,0.031966,-0.0145926,0.0392151,0,0,-5,0.031966,-0.0145926,5.03922,5.03934,0.0114401,-0.0301437,0.0156201,0,0,0
1780638767594361,102.173,0.0320345,-0.0144756,0.0392456,0,0,-5,0.0320345,-0.0144756,5.03925,5.03937,0.0112544,-0.0304281,0.0164619,0,0,0
1780638767618361,102.197,0.0321493,-0.0143307,0.0393372,0,0,-5,0.0321493,-0.0143307,5.03934,5.03946,0.0102707,-0.0287764,0.0160866,0,0,0
1780638767634361,102.213,0.0322411,-0.0142671,0.0394287,0,0,-5,0.0322411,-0.0142671,5.03943,5.03955,0.0106201,-0.0285908,0.0157594,0,0,0
1780638767658361,102.237,0.0324149,-0.0141966,0.0395508,0,0,-5,0.0324149,-0.0141966,5.03955,5.03968,0.0103411,-0.0273852,0.0153253,0,0,0
1780638767674361,102.253,0.0325489,-0.0141775,0.0396423,0,0,-5,0.0325489,-0.0141775,5.03964,5.03977,0.0110729,-0.0270639,0.0144567,0,0,0
1780638767698361,102.277,0.0328148,-0.0141755,0.0398865,0,0,-5,0.0328148,-0.0141755,5.03989,5.04001,0.0129429,-0.0260426,0.0141574,0,0,0
1780638767714361,102.293,0.0330164,-0.0141821,0.0400391,0,0,-5,0.0330164,-0.0141821,5.04004,5.04017,0.0125016,-0.0255516,0.0130434,0,0,0
1780638767738361,102.317,0.0333414,-0.014251,0.0402527,0,0,-5,0.0333414,-0.014251,5.04025,5.04038,0.0128301,-0.0267712,0.0129412,0,0,0
1780638767754361,102.333,0.0335679,-0.01434,0.0403748,0,0,-5,0.0335679,-0.01434,5.04037,5.04051,0.0128432,-0.0269085,0.0123828,0,0,0
1780638767778361,102.357,0.0339254,-0.0145207,0.0405579,0,0,-5,0.0339254,-0.0145207,5.04056,5.04069,0.0124874,-0.0276042,0.0114597,0,0,0
1780638767794361,102.373,0.0335774,-0.0142565,0.0403748,0,0,-5,0.0335774,-0.0142565,5.04037,5.04051,0.0122558,-0.0272714,0.0103033,0,0,0
1780638767818361,102.397,0.0331329,-0.01395,0.0402222,0,0,-5,0.0331329,-0.01395,5.04022,5.04035,0.0117554,-0.0278465,0.0122409,0,0,0
1780638767834361,102.413,0.0328651,-0.0137912,0.0401917,0,0,-5,0.0328651,-0.0137912,5.04019,5.04032,0.0118621,-0.0273831,0.0130787,0,0,0
1780638767850361,102.429,0.0326623,-0.0136667,0.0401611,0,0,-5,0.0326623,-0.0136667,5.04016,5.04029,0.0127072,-0.0284943,0.0128907,0,0,0
1780638767874361,102.453,0.0324135,-0.0135622,0.0401306,0,0,-5,0.0324135,-0.0135622,5.04013,5.04025,0.0122416,-0.0285442,0.0126772,0,0,0
1780638767898361,102.477,0.0322218,-0.0135003,0.0401306,0,0,-5,0.0322218,-0.0135003,5.04013,5.04025,0.0118618,-0.0274039,0.0144592,0,0,0
1780638767914361,102.493,0.0321227,-0.0134847,0.0401917,0,0,-5,0.0321227,-0.0134847,5.04019,5.04031,0.0121662,-0.0271108,0.0144735,0,0,0
1780638767930361,102.509,0.0320469,-0.0134976,0.0402222,0,0,-5,0.0320469,-0.0134976,5.04022,5.04034,0.0125257,-0.0269832,0.0138058,0,0,0
1780638767954361,102.533,0.0319727,-0.0135453,0.0403137,0,0,-5,0.0319727,-0.0135453,5.04031,5.04043,0.0120037,-0.0263962,0.0139844,0,0,0
1780638767970361,102.549,0.0319506,-0.013609,0.0404053,0,0,-5,0.0319506,-0.013609,5.04041,5.04052,0.0123262,-0.0271102,0.0139491,0,0,0
1780638767994361,102.573,0.0320187,-0.0137538,0.0404968,0,0,-5,0.0320187,-0.0137538,5.0405,5.04062,0.0138263,-0.0274372,0.0157553,0,0,0
1780638768010361,102.589,0.0320925,-0.0138787,0.0406189,0,0,-5,0.0320925,-0.0138787,5.04062,5.04074,0.0134126,-0.0270129,0.0170816,0,0,0
1780638768034361,102.613,0.0322265,-0.0141127,0.0408325,0,0,-5,0.0322265,-0.0141127,5.04083,5.04096,0.0132895,-0.0283425,0.0186418,0,0,0
1780638768058361,102.637,0.0323909,-0.0144235,0.0411072,0,0,-5,0.0323909,-0.0144235,5.04111,5.04123,0.0123174,-0.0294392,0.0183454,0,0,0
1780638768074361,102.653,0.0325027,-0.0146605,0.0412598,0,0,-5,0.0325027,-0.0146605,5.04126,5.04139,0.0113096,-0.0297064,0.0181856,0,0,0
1780638768098361,102.677,0.0326657,-0.0150349,0.0415344,0,0,-5,0.0326657,-0.0150349,5.04153,5.04166,0.00975964,-0.0291091,0.0187381,0,0,0
1780638768114585,102.694,0.0327856,-0.0153047,0.041748,0,0,-5,0.0327856,-0.0153047,5.04175,5.04188,0.0109218,-0.029418,0.019615,0,0,0
1780638768138585,102.718,0.0329773,-0.0157623,0.0420837,0,0,-5,0.0329773,-0.0157623,5.04208,5.04222,0.00902828,-0.029749,0.021565,0,0,0
1780638768154585,102.734,0.0330872,-0.0161007,0.0422974,0,0,-5,0.0330872,-0.0161007,5.0423,5.04243,0.00806503,-0.0307868,0.0212019,0,0,0
1780638768178585,102.758,0.0332732,-0.0166211,0.0426941,0,0,-5,0.0332732,-0.0166211,5.04269,5.04283,0.00870138,-0.0294575,0.0236608,0,0,0
1780638768194585,102.774,0.0331059,-0.0167274,0.0428162,0,0,-5,0.0331059,-0.0167274,5.04282,5.04295,0.00884673,-0.0295456,0.0244138,0,0,0
1780638768218585,102.798,0.0324447,-0.0165881,0.0427856,0,0,-5,0.0324447,-0.0165881,5.04279,5.04292,0.00735547,-0.0304046,0.024382,0,0,0
1780638768234585,102.814,0.0320274,-0.0165413,0.0428162,0,0,-5,0.0320274,-0.0165413,5.04282,5.04294,0.00545053,-0.0304899,0.0251407,0,0,0
1780638768258585,102.838,0.031429,-0.0165375,0.0428772,0,0,-5,0.031429,-0.0165375,5.04288,5.043,0.00497868,-0.0308709,0.0257258,0,0,0
1780638768274585,102.854,0.0310805,-0.0165689,0.0429382,0,0,-5,0.0310805,-0.0165689,5.04294,5.04306,0.00444692,-0.0302894,0.0233853,0,0,0
1780638768298585,102.878,0.0305978,-0.0166716,0.0430298,0,0,-5,0.0305978,-0.0166716,5.04303,5.04315,0.00362112,-0.032046,0.0242005,0,0,0
1780638768314585,102.894,0.0302898,-0.0167985,0.0431213,0,0,-5,0.0302898,-0.0167985,5.04312,5.04324,0.00191994,-0.0332755,0.0240814,0,0,0
1780638768330585,102.91,0.0299909,-0.0169697,0.0432434,0,0,-5,0.0299909,-0.0169697,5.04324,5.04336,0.00179845,-0.0348414,0.0236292,0,0,0
1780638768354585,102.934,0.0295801,-0.0172866,0.043396,0,0,-5,0.0295801,-0.0172866,5.0434,5.04351,0.00105237,-0.0347281,0.0230804,0,0,0
1780638768378585,102.958,0.0291946,-0.0176475,0.0435791,0,0,-5,0.0291946,-0.0176475,5.04358,5.04369,-0.000365387,-0.0344869,0.0223888,0,0,0
1780638768394585,102.974,0.0289505,-0.0178995,0.0437012,0,0,-5,0.0289505,-0.0178995,5.0437,5.04382,-0.000687809,-0.0333668,0.0213011,0,0,0
1780638768418585,102.998,0.0286201,-0.0182874,0.0438843,0,0,-5,0.0286201,-0.0182874,5.04388,5.044,0.000132274,-0.0333019,0.0211264,0,0,0
1780638768434585,103.014,0.0284313,-0.0185656,0.0440063,0,0,-5,0.0284313,-0.0185656,5.04401,5.04412,-4.72085e-06,-0.0326957,0.021168,0,0,0
1780638768450585,103.03,0.0282546,-0.0188576,0.0441589,0,0,-5,0.0282546,-0.0188576,5.04416,5.04427,-0.000120865,-0.033342,0.0202201,0,0,0
1780638768474585,103.054,0.0280157,-0.0193505,0.0443726,0,0,-5,0.0280157,-0.0193505,5.04437,5.04449,-0.000535084,-0.0345721,0.0195948,0,0,0
1780638768490585,103.07,0.0278753,-0.0197074,0.0445251,0,0,-5,0.0278753,-0.0197074,5.04453,5.04464,-0.00135028,-0.034469,0.0198703,0,0,0
1780638768514585,103.094,0.0276645,-0.0202843,0.0447998,0,0,-5,0.0276645,-0.0202843,5.0448,5.04492,-0.00282899,-0.0355055,0.0198588,0,0,0
1780638768538585,103.118,0.0274529,-0.0209097,0.0450745,0,0,-5,0.0274529,-0.0209097,5.04507,5.04519,-0.00359904,-0.0362257,0.0172869,0,0,0
1780638768554585,103.134,0.0273244,-0.0213547,0.0452576,0,0,-5,0.0273244,-0.0213547,5.04526,5.04538,-0.00378782,-0.0364424,0.0174544,0,0,0
1780638768578585,103.158,0.027178,-0.0220624,0.0455322,0,0,-5,0.027178,-0.0220624,5.04553,5.04565,-0.0018114,-0.0364465,0.0165851,0,0,0
1780638768594585,103.174,0.027221,-0.021439,0.0453796,0,0,-5,0.027221,-0.021439,5.04538,5.0455,-0.00296332,-0.0363367,0.0166463,0,0,0
1780638768618585,103.198,0.0272798,-0.0206285,0.0451965,0,0,-5,0.0272798,-0.0206285,5.0452,5.04531,-0.00257987,-0.0365644,0.0166344,0,0,0
1780638768634585,103.214,0.0273288,-0.0201555,0.045105,0,0,-5,0.0273288,-0.0201555,5.0451,5.04522,-0.00224389,-0.0361986,0.0166189,0,0,0
1780638768658585,103.238,0.0274142,-0.019535,0.0449829,0,0,-5,0.0274142,-0.019535,5.04498,5.0451,-0.00223893,-0.035116,0.0178718,0,0,0
1780638768674585,103.254,0.027491,-0.0191751,0.0449524,0,0,-5,0.027491,-0.0191751,5.04495,5.04506,-0.000409012,-0.0348762,0.0173013,0,0,0
1780638768698585,103.278,0.0276406,-0.0187339,0.0449219,0,0,-5,0.0276406,-0.0187339,5.04492,5.04503,-0.000151998,-0.0357102,0.0172076,0,0,0
1780638768714585,103.294,0.0277412,-0.0184983,0.0449219,0,0,-5,0.0277412,-0.0184983,5.04492,5.04503,-0.000804765,-0.0349285,0.016869,0,0,0
1780638768738585,103.318,0.0278984,-0.0182107,0.0449524,0,0,-5,0.0278984,-0.0182107,5.04495,5.04506,-0.000906811,-0.035395,0.016499,0,0,0
1780638768754585,103.334,0.0280041,-0.0180819,0.0449829,0,0,-5,0.0280041,-0.0180819,5.04498,5.04509,-0.000940003,-0.0364551,0.0166386,0,0,0
1780638768778585,103.358,0.0281623,-0.0179685,0.0450439,0,0,-5,0.0281623,-0.0179685,5.04504,5.04515,-0.00186333,-0.0360193,0.0162015,0,0,0
1780638768794585,103.374,0.0282574,-0.0179145,0.045105,0,0,-5,0.0282574,-0.0179145,5.0451,5.04522,-0.00289739,-0.0353909,0.0154704,0,0,0
1780638768818585,103.398,0.0283915,-0.01788,0.0451965,0,0,-5,0.0283915,-0.01788,5.0452,5.04531,-0.00303129,-0.0345739,0.0156106,0,0,0
1780638768834585,103.414,0.0284797,-0.0178866,0.0452881,0,0,-5,0.0284797,-0.0178866,5.04529,5.0454,-0.00314485,-0.0345422,0.0159543,0,0,0
1780638768858585,103.438,0.0286306,-0.0179958,0.0454102,0,0,-5,0.0286306,-0.0179958,5.04541,5.04552,-0.00230284,-0.0351399,0.015792,0,0,0
1780638768874585,103.454,0.0287595,-0.01811,0.0455322,0,0,-5,0.0287595,-0.01811,5.04553,5.04565,-0.000860844,-0.0348717,0.0164988,0,0,0
1780638768898585,103.478,0.028975,-0.0183357,0.0457458,0,0,-5,0.028975,-0.0183357,5.04575,5.04586,0.000240885,-0.0351866,0.0165055,0,0,0
1780638768914585,103.494,0.0291399,-0.018518,0.0458374,0,0,-5,0.0291399,-0.018518,5.04584,5.04596,0.00157102,-0.03563,0.0173931,0,0,0
1780638768930585,103.51,0.029328,-0.0187274,0.0459595,0,0,-5,0.029328,-0.0187274,5.04596,5.04608,0.00196391,-0.035836,0.01766,0,0,0
1780638768954585,103.534,0.0295737,-0.0190881,0.0462036,0,0,-5,0.0295737,-0.0190881,5.0462,5.04633,-0.000781352,-0.0356774,0.0179503,0,0,0
1780638768978585,103.558,0.0297673,-0.0195194,0.0464478,0,0,-5,0.0297673,-0.0195194,5.04645,5.04657,-0.00143759,-0.0375644,0.0178655,0,0,0
1780638768994585,103.574,0.0296674,-0.0191661,0.0462952,0,0,-5,0.0296674,-0.0191661,5.0463,5.04642,-0.00129891,-0.0376093,0.0178447,0,0,0
1780638769018585,103.598,0.0295291,-0.0187245,0.0460815,0,0,-5,0.0295291,-0.0187245,5.04608,5.0462,-0.00203667,-0.0369581,0.017419,0,0,0
1780638769034585,103.614,0.0294461,-0.0184726,0.04599,0,0,-5,0.0294461,-0.0184726,5.04599,5.04611,-0.00209978,-0.0351912,0.0182419,0,0,0
1780638769058585,103.638,0.0293436,-0.0181647,0.0458679,0,0,-5,0.0293436,-0.0181647,5.04587,5.04599,-0.00152414,-0.0360972,0.0174766,0,0,0
1780638769074585,103.654,0.0292928,-0.0180227,0.0458069,0,0,-5,0.0292928,-0.0180227,5.04581,5.04592,-0.00175091,-0.0360388,0.0167768,0,0,0
1780638769098585,103.678,0.029228,-0.0178849,0.0457458,0,0,-5,0.029228,-0.0178849,5.04575,5.04586,-0.00179386,-0.0363427,0.0178401,0,0,0
1780638769114810,103.694,0.0291904,-0.0178392,0.0457458,0,0,-5,0.0291904,-0.0178392,5.04575,5.04586,-0.00200371,-0.0362551,0.017312,0,0,0
1780638769130810,103.71,0.0291516,-0.0178145,0.0457458,0,0,-5,0.0291516,-0.0178145,5.04575,5.04586,-0.00203649,-0.0367732,0.0177106,0,0,0
1780638769154810,103.734,0.0290853,-0.0178156,0.0457458,0,0,-5,0.0290853,-0.0178156,5.04575,5.04586,-0.00350754,-0.0354551,0.016941,0,0,0
1780638769178810,103.758,0.0290044,-0.0178752,0.0458374,0,0,-5,0.0290044,-0.0178752,5.04584,5.04595,-0.00397523,-0.0355821,0.0172505,0,0,0
1780638769194810,103.774,0.0289578,-0.0179509,0.0458984,0,0,-5,0.0289578,-0.0179509,5.0459,5.04601,-0.00339759,-0.0353697,0.0170746,0,0,0
1780638769218810,103.798,0.0289319,-0.0180961,0.046051,0,0,-5,0.0289319,-0.0180961,5.04605,5.04617,-0.00253216,-0.0359035,0.0181128,0,0,0
1780638769234810,103.814,0.0289131,-0.0182521,0.0461731,0,0,-5,0.0289131,-0.0182521,5.04617,5.04629,-0.00350289,-0.0371582,0.0181892,0,0,0
1780638769258810,103.838,0.0288818,-0.0185313,0.0463562,0,0,-5,0.0288818,-0.0185313,5.04636,5.04647,-0.00328472,-0.0373966,0.0179487,0,0,0
1780638769274810,103.854,0.0288598,-0.0187613,0.0465088,0,0,-5,0.0288598,-0.0187613,5.04651,5.04663,-0.00424816,-0.0374572,0.0185558,0,0,0
1780638769298810,103.878,0.0288417,-0.0191685,0.0467529,0,0,-5,0.0288417,-0.0191685,5.04675,5.04687,-0.0024233,-0.0395797,0.0196463,0,0,0
1780638769314810,103.894,0.0288488,-0.0194947,0.046936,0,0,-5,0.0288488,-0.0194947,5.04694,5.04706,-0.00234558,-0.0405697,0.0195684,0,0,0
1780638769338810,103.918,0.0288884,-0.0200178,0.0472717,0,0,-5,0.0288884,-0.0200178,5.04727,5.04739,-0.00173711,-0.0402967,0.0218114,0,0,0
1780638769354810,103.934,0.0289083,-0.0203892,0.0475159,0,0,-5,0.0289083,-0.0203892,5.04752,5.04764,-0.00314983,-0.0400729,0.0216633,0,0,0
1780638769378810,103.958,0.0289247,-0.0209699,0.0479126,0,0,-5,0.0289247,-0.0209699,5.04791,5.04804,-0.00341375,-0.0406313,0.0230488,0,0,0
1780638769394810,103.974,0.0287533,-0.0206105,0.047699,0,0,-5,0.0287533,-0.0206105,5.0477,5.04782,-0.00472204,-0.0411355,0.0225526,0,0,0
1780638769418810,103.998,0.0284918,-0.0201675,0.0473938,0,0,-5,0.0284918,-0.0201675,5.04739,5.04751,-0.00501985,-0.0397314,0.0211249,0,0,0
1780638769434810,104.014,0.028329,-0.0199193,0.0472107,0,0,-5,0.028329,-0.0199193,5.04721,5.04733,-0.00496124,-0.0390712,0.0198342,0,0,0
1780638769458810,104.038,0.0281189,-0.0196529,0.0469971,0,0,-5,0.0281189,-0.0196529,5.047,5.04711,-0.00375669,-0.0403922,0.0199209,0,0,0
1780638769474810,104.054,0.0279894,-0.0195455,0.0469055,0,0,-5,0.0279894,-0.0195455,5.04691,5.04702,-0.00455787,-0.0411816,0.0194817,0,0,0
1780638769498810,104.078,0.027804,-0.0194664,0.0468445,0,0,-5,0.027804,-0.0194664,5.04684,5.04696,-0.00497413,-0.041906,0.0207126,0,0,0
1780638769514810,104.094,0.0277,-0.0194708,0.046814,0,0,-5,0.0277,-0.0194708,5.04681,5.04693,-0.00456228,-0.0420941,0.0202777,0,0,0
1780638769538810,104.118,0.0275417,-0.0195625,0.0467834,0,0,-5,0.0275417,-0.0195625,5.04678,5.0469,-0.00575397,-0.0431809,0.0186412,0,0,0
1780638769554810,104.134,0.0274286,-0.0196778,0.0467834,0,0,-5,0.0274286,-0.0196778,5.04678,5.0469,-0.00684171,-0.0433707,0.0197877,0,0,0
1780638769578810,104.158,0.027247,-0.0199309,0.046814,0,0,-5,0.027247,-0.0199309,5.04681,5.04693,-0.00814826,-0.0455662,0.0201036,0,0,0
1780638769594810,104.174,0.0271133,-0.0201576,0.046875,0,0,-5,0.0271133,-0.0201576,5.04688,5.04699,-0.00834733,-0.04528,0.0200457,0,0,0
1780638769618810,104.198,0.0269379,-0.0205414,0.0469666,0,0,-5,0.0269379,-0.0205414,5.04697,5.04708,-0.00758772,-0.0453757,0.0206336,0,0,0
1780638769634810,104.214,0.0268233,-0.0208368,0.0470276,0,0,-5,0.0268233,-0.0208368,5.04703,5.04714,-0.00826062,-0.0457344,0.0210429,0,0,0
1780638769658810,104.238,0.0266444,-0.0213262,0.0471802,0,0,-5,0.0266444,-0.0213262,5.04718,5.0473,-0.00871669,-0.0465417,0.0205308,0,0,0
1780638769674810,104.254,0.026518,-0.0216851,0.0473022,0,0,-5,0.026518,-0.0216851,5.0473,5.04742,-0.00975567,-0.0454685,0.0201232,0,0,0
1780638769698810,104.278,0.0263165,-0.0222327,0.0475464,0,0,-5,0.0263165,-0.0222327,5.04755,5.04766,-0.0100148,-0.0442903,0.0194359,0,0,0
1780638769714810,104.294,0.026173,-0.0226281,0.0477295,0,0,-5,0.026173,-0.0226281,5.04773,5.04785,-0.0102303,-0.0452398,0.0196231,0,0,0
1780638769738810,104.318,0.0259492,-0.0232774,0.0480042,0,0,-5,0.0259492,-0.0232774,5.048,5.04812,-0.011363,-0.0457119,0.0187616,0,0,0
1780638769754810,104.334,0.0257872,-0.0237394,0.0482178,0,0,-5,0.0257872,-0.0237394,5.04822,5.04834,-0.0123197,-0.0452502,0.0179109,0,0,0
1780638769778810,104.358,0.0255308,-0.0244652,0.0484924,0,0,-5,0.0255308,-0.0244652,5.04849,5.04862,-0.0131695,-0.045819,0.0172211,0,0,0
1780638769794810,104.374,0.0252249,-0.0240016,0.0484314,0,0,-5,0.0252249,-0.0240016,5.04843,5.04855,-0.0143601,-0.0447103,0.0170038,0,0,0
1780638769818810,104.398,0.0247848,-0.0233962,0.0483093,0,0,-5,0.0247848,-0.0233962,5.04831,5.04842,-0.0138523,-0.0445656,0.0164788,0,0,0
1780638769834810,104.414,0.0244968,-0.0230713,0.0482178,0,0,-5,0.0244968,-0.0230713,5.04822,5.04833,-0.0152578,-0.0442909,0.0167301,0,0,0
1780638769858810,104.438,0.0240471,-0.0226576,0.0481262,0,0,-5,0.0240471,-0.0226576,5.04813,5.04823,-0.0172828,-0.043391,0.0165915,0,0,0
1780638769874810,104.454,0.0237284,-0.0224331,0.0480957,0,0,-5,0.0237284,-0.0224331,5.0481,5.0482,-0.0185956,-0.0430103,0.0159629,0,0,0
1780638769898810,104.478,0.0232349,-0.0221827,0.0480652,0,0,-5,0.0232349,-0.0221827,5.04807,5.04817,-0.0190463,-0.0429688,0.0160669,0,0,0
1780638769914810,104.494,0.0229142,-0.0220703,0.0480957,0,0,-5,0.0229142,-0.0220703,5.0481,5.0482,-0.0186665,-0.0425305,0.0168196,0,0,0
1780638769930810,104.51,0.0226128,-0.0220051,0.0481262,0,0,-5,0.0226128,-0.0220051,5.04813,5.04822,-0.018396,-0.0429324,0.0163641,0,0,0
1780638769954810,104.534,0.022177,-0.0219693,0.0481873,0,0,-5,0.022177,-0.0219693,5.04819,5.04828,-0.0181084,-0.0412502,0.0170208,0,0,0
1780638769978810,104.558,0.021754,-0.0219712,0.0483093,0,0,-5,0.021754,-0.0219712,5.04831,5.0484,-0.0184824,-0.039993,0.0166148,0,0,0
1780638769994810,104.574,0.0214644,-0.0220145,0.0484009,0,0,-5,0.0214644,-0.0220145,5.0484,5.04849,-0.0199644,-0.040103,0.0172812,0,0,0
1780638770018810,104.598,0.021,-0.0221426,0.0485535,0,0,-5,0.021,-0.0221426,5.04855,5.04865,-0.0206491,-0.0404001,0.0174924,0,0,0
1780638770034810,104.614,0.0207056,-0.0222682,0.0486755,0,0,-5,0.0207056,-0.0222682,5.04868,5.04877,-0.0194336,-0.0404697,0.0169088,0,0,0
1780638770058810,104.638,0.0202793,-0.0225014,0.0487976,0,0,-5,0.0202793,-0.0225014,5.0488,5.04889,-0.019773,-0.039128,0.0157948,0,0,0
1780638770074810,104.654,0.0200025,-0.0226754,0.0488892,0,0,-5,0.0200025,-0.0226754,5.04889,5.04898,-0.0192391,-0.0389202,0.0161278,0,0,0
1780638770098810,104.678,0.0195912,-0.0229606,0.0490112,0,0,-5,0.0195912,-0.0229606,5.04901,5.0491,-0.0202818,-0.0374794,0.0160552,0,0,0
1780638770115043,104.694,0.019313,-0.023178,0.0491333,0,0,-5,0.019313,-0.023178,5.04913,5.04922,-0.0201654,-0.0382755,0.016494,0,0,0
1780638770139043,104.718,0.0188759,-0.0235664,0.0493164,0,0,-5,0.0188759,-0.0235664,5.04932,5.04941,-0.0221753,-0.0390301,0.0163243,0,0,0
1780638770155043,104.734,0.0185669,-0.0238597,0.049469,0,0,-5,0.0185669,-0.0238597,5.04947,5.04956,-0.0231746,-0.0396443,0.0171134,0,0,0
1780638770179043,104.758,0.0180747,-0.0243429,0.0497131,0,0,-5,0.0180747,-0.0243429,5.04971,5.0498,-0.0243736,-0.0384978,0.0174444,0,0,0
1780638770195043,104.774,0.0178614,-0.0238112,0.04953,0,0,-5,0.0178614,-0.0238112,5.04953,5.04962,-0.0238998,-0.0380197,0.0165548,0,0,0
1780638770219043,104.798,0.0175492,-0.0231075,0.0493469,0,0,-5,0.0175492,-0.0231075,5.04935,5.04943,-0.024136,-0.0382321,0.0180543,0,0,0
1780638770235043,104.814,0.0173314,-0.0227231,0.0492554,0,0,-5,0.0173314,-0.0227231,5.04926,5.04934,-0.0235937,-0.0391617,0.019048,0,0,0
1780638770259043,104.838,0.0170217,-0.0222387,0.0491638,0,0,-5,0.0170217,-0.0222387,5.04916,5.04924,-0.0224563,-0.0378256,0.0179299,0,0,0
1780638770275043,104.854,0.0168305,-0.021974,0.0491028,0,0,-5,0.0168305,-0.021974,5.0491,5.04918,-0.0214465,-0.0384226,0.0170485,0,0,0
1780638770299043,104.878,0.0165712,-0.0216683,0.0490417,0,0,-5,0.0165712,-0.0216683,5.04904,5.04912,-0.021269,-0.038023,0.0164713,0,0,0
1780638770315043,104.894,0.0164005,-0.0215178,0.0490112,0,0,-5,0.0164005,-0.0215178,5.04901,5.04908,-0.0206004,-0.0383139,0.0164261,0,0,0
1780638770339043,104.918,0.0161548,-0.0214034,0.0490723,0,0,-5,0.0161548,-0.0214034,5.04907,5.04914,-0.0200926,-0.0399681,0.016262,0,0,0
1780638770355043,104.934,0.0159941,-0.0213848,0.0491028,0,0,-5,0.0159941,-0.0213848,5.0491,5.04917,-0.0196762,-0.0400675,0.0147592,0,0,0
1780638770379043,104.958,0.0157765,-0.021427,0.0491638,0,0,-5,0.0157765,-0.021427,5.04916,5.04923,-0.0184811,-0.0403186,0.0140394,0,0,0
1780638770395043,104.974,0.0156315,-0.0214939,0.0491638,0,0,-5,0.0156315,-0.0214939,5.04916,5.04923,-0.0186291,-0.0400143,0.0143513,0,0,0
1780638770419043,104.998,0.0154011,-0.0216437,0.0491638,0,0,-5,0.0154011,-0.0216437,5.04916,5.04923,-0.0185186,-0.038867,0.0150223,0,0,0
1780638770435043,105.014,0.0152122,-0.0217638,0.0491943,0,0,-5,0.0152122,-0.0217638,5.04919,5.04926,-0.0205494,-0.036998,0.0137631,0,0,0
1780638770459043,105.038,0.0148916,-0.0219768,0.0492249,0,0,-5,0.0148916,-0.0219768,5.04922,5.04929,-0.0209883,-0.0371539,0.0122894,0,0,0
1780638770475043,105.054,0.0146702,-0.022165,0.0492249,0,0,-5,0.0146702,-0.022165,5.04922,5.04929,-0.0218301,-0.0380129,0.0115862,0,0,0
1780638770499043,105.078,0.0143019,-0.0224888,0.0492554,0,0,-5,0.0143019,-0.0224888,5.04926,5.04933,-0.0229364,-0.0369641,0.0109753,0,0,0
1780638770515043,105.094,0.0140598,-0.0227287,0.0492859,0,0,-5,0.0140598,-0.0227287,5.04929,5.04936,-0.0220075,-0.0372359,0.011242,0,0,0
1780638770539043,105.118,0.0136963,-0.0231409,0.0493469,0,0,-5,0.0136963,-0.0231409,5.04935,5.04942,-0.0222614,-0.0379528,0.010191,0,0,0
1780638770555043,105.134,0.0134486,-0.0234482,0.049408,0,0,-5,0.0134486,-0.0234482,5.04941,5.04948,-0.0223264,-0.0377722,0.0102775,0,0,0
1780638770579043,105.158,0.0130851,-0.0239588,0.0494995,0,0,-5,0.0130851,-0.0239588,5.0495,5.04957,-0.0227689,-0.0391914,0.011642,0,0,0
1780638770595043,105.174,0.0129912,-0.0235042,0.0491943,0,0,-5,0.0129912,-0.0235042,5.04919,5.04927,-0.0235049,-0.0379834,0.0121127,0,0,0
1780638770619043,105.198,0.0128456,-0.0229148,0.0487366,0,0,-5,0.0128456,-0.0229148,5.04874,5.0488,-0.0229027,-0.0379157,0.0115135,0,0,0
1780638770635043,105.214,0.0127333,-0.0225955,0.0484619,0,0,-5,0.0127333,-0.0225955,5.04846,5.04853,-0.0231628,-0.0386427,0.0111775,0,0,0
1780638770659043,105.238,0.012538,-0.0222147,0.0480652,0,0,-5,0.012538,-0.0222147,5.04807,5.04813,-0.0243044,-0.0379756,0.0106606,0,0,0
1780638770675043,105.254,0.0123732,-0.0220158,0.047821,0,0,-5,0.0123732,-0.0220158,5.04782,5.04788,-0.0255444,-0.0382495,0.00989937,0,0,0
1780638770699043,105.278,0.0121258,-0.0217854,0.0475159,0,0,-5,0.0121258,-0.0217854,5.04752,5.04758,-0.0240817,-0.0373801,0.0106655,0,0,0
1780638770715043,105.294,0.0119492,-0.0216893,0.0473328,0,0,-5,0.0119492,-0.0216893,5.04733,5.04739,-0.0243396,-0.0386228,0.0103491,0,0,0
1780638770739043,105.318,0.0116768,-0.0216177,0.0470581,0,0,-5,0.0116768,-0.0216177,5.04706,5.04712,-0.0229672,-0.0375486,0.00845152,0,0,0
1780638770755043,105.334,0.0115074,-0.0215818,0.046875,0,0,-5,0.0115074,-0.0215818,5.04688,5.04693,-0.0215419,-0.0344994,0.00861183,0,0,0
1780638770779043,105.358,0.0112659,-0.0215505,0.0466614,0,0,-5,0.0112659,-0.0215505,5.04666,5.04672,-0.0214227,-0.0346848,0.00947987,0,0,0
1780638770795043,105.374,0.0111123,-0.0215862,0.0465393,0,0,-5,0.0111123,-0.0215862,5.04654,5.0466,-0.0214231,-0.0354654,0.00915793,0,0,0
1780638770811043,105.39,0.0109355,-0.0216597,0.0464172,0,0,-5,0.0109355,-0.0216597,5.04642,5.04648,-0.0226219,-0.0354539,0.00845909,0,0,0
1780638770835043,105.414,0.0106437,-0.021814,0.0462646,0,0,-5,0.0106437,-0.021814,5.04626,5.04632,-0.0219507,-0.035047,0.00933812,0,0,0
1780638770859043,105.438,0.010346,-0.0219956,0.0461426,0,0,-5,0.010346,-0.0219956,5.04614,5.0462,-0.0236189,-0.0335388,0.00879512,0,0,0
1780638770875043,105.454,0.0101193,-0.0221415,0.046051,0,0,-5,0.0101193,-0.0221415,5.04605,5.04611,-0.0239932,-0.0333878,0.00854017,0,0,0
1780638770891043,105.47,0.00988676,-0.0223107,0.04599,0,0,-5,0.00988676,-0.0223107,5.04599,5.04605,-0.024233,-0.0332227,0.00824902,0,0,0
1780638770915043,105.494,0.00953404,-0.0226001,0.0458374,0,0,-5,0.00953404,-0.0226001,5.04584,5.0459,-0.0237472,-0.0325868,0.00837643,0,0,0
1780638770931043,105.51,0.00928913,-0.022808,0.0457458,0,0,-5,0.00928913,-0.022808,5.04575,5.04581,-0.0253175,-0.0319173,0.00709699,0,0,0
1780638770955043,105.534,0.00890417,-0.0231565,0.0455933,0,0,-5,0.00890417,-0.0231565,5.04559,5.04565,-0.0247257,-0.0331576,0.00618296,0,0,0
1780638770971043,105.55,0.00865722,-0.0234374,0.0454712,0,0,-5,0.00865722,-0.0234374,5.04547,5.04553,-0.0240414,-0.0344536,0.00568828,0,0,0
1780638770995043,105.574,0.0082287,-0.02277,0.0449829,0,0,-5,0.0082287,-0.02277,5.04498,5.04504,-0.0241139,-0.0350917,0.00574859,0,0,0
1780638771019043,105.598,0.00776815,-0.0216775,0.0443726,0,0,-5,0.00776815,-0.0216775,5.04437,5.04443,-0.0244174,-0.0351128,0.00611035,0,0,0
1780638771035043,105.614,0.00745298,-0.0210322,0.0439758,0,0,-5,0.00745298,-0.0210322,5.04398,5.04403,-0.0245948,-0.0348652,0.00580104,0,0,0
1780638771059043,105.638,0.00698665,-0.0201772,0.0434265,0,0,-5,0.00698665,-0.0201772,5.04343,5.04347,-0.0246152,-0.0340373,0.00610372,0,0,0
1780638771075043,105.654,0.00667055,-0.0196595,0.0430908,0,0,-5,0.00667055,-0.0196595,5.04309,5.04313,-0.0243455,-0.0329388,0.00512474,0,0,0
1780638771099043,105.678,0.0061899,-0.0189719,0.0426636,0,0,-5,0.0061899,-0.0189719,5.04266,5.0427,-0.0244517,-0.0332053,0.00614045,0,0,0
1780638771115043,105.694,0.00585664,-0.0185853,0.0423889,0,0,-5,0.00585664,-0.0185853,5.04239,5.04243,-0.0261463,-0.0340055,0.00862246,0,0,0
1780638771139275,105.718,0.0053125,-0.0180988,0.0420837,0,0,-5,0.0053125,-0.0180988,5.04208,5.04212,-0.0271066,-0.0333302,0.00867954,0,0,0
1780638771155275,105.734,0.00494462,-0.0178168,0.0419006,0,0,-5,0.00494462,-0.0178168,5.0419,5.04193,-0.0268376,-0.0335465,0.00929646,0,0,0
1780638771179275,105.758,0.00440161,-0.0174626,0.041687,0,0,-5,0.00440161,-0.0174626,5.04169,5.04172,-0.0261134,-0.0328168,0.00874323,0,0,0
1780638771195275,105.774,0.00404537,-0.0172719,0.0415344,0,0,-5,0.00404537,-0.0172719,5.04153,5.04157,-0.0260078,-0.0327331,0.00888996,0,0,0
1780638771219275,105.798,0.00351574,-0.0170511,0.0413208,0,0,-5,0.00351574,-0.0170511,5.04132,5.04135,-0.0254186,-0.0327852,0.00925556,0,0,0
1780638771235275,105.814,0.00317258,-0.0169544,0.0411987,0,0,-5,0.00317258,-0.0169544,5.0412,5.04123,-0.0256995,-0.0329656,0.00811918,0,0,0
1780638771251275,105.83,0.00281842,-0.0168905,0.0411072,0,0,-5,0.00281842,-0.0168905,5.04111,5.04114,-0.0259704,-0.0334136,0.00837403,0,0,0
1780638771275275,105.854,0.00229537,-0.0168533,0.0409851,0,0,-5,0.00229537,-0.0168533,5.04099,5.04101,-0.0254651,-0.032133,0.00741464,0,0,0
1780638771299275,105.878,0.00175461,-0.0168828,0.040863,0,0,-5,0.00175461,-0.0168828,5.04086,5.04089,-0.026054,-0.0316667,0.00820293,0,0,0
1780638771315275,105.894,0.00138898,-0.0169475,0.0408325,0,0,-5,0.00138898,-0.0169475,5.04083,5.04086,-0.0267881,-0.0329434,0.00861769,0,0,0
1780638771339275,105.918,0.000805263,-0.0170984,0.0407715,0,0,-5,0.000805263,-0.0170984,5.04077,5.0408,-0.0281417,-0.0316501,0.00783801,0,0,0
1780638771355275,105.934,0.000400314,-0.0172214,0.040741,0,0,-5,0.000400314,-0.0172214,5.04074,5.04077,-0.0284565,-0.0320053,0.00809337,0,0,0
1780638771379275,105.958,-0.000186084,-0.0174332,0.0406799,0,0,-5,-0.000186084,-0.0174332,5.04068,5.04071,-0.0283515,-0.031022,0.00758586,0,0,0
1780638771395275,105.974,-0.000211865,-0.0167217,0.0404358,0,0,-5,-0.000211865,-0.0167217,5.04044,5.04046,-0.0300752,-0.0297252,0.00790522,0,0,0
1780638771419275,105.998,-0.00030843,-0.0157445,0.0401001,0,0,-5,-0.00030843,-0.0157445,5.0401,5.04012,-0.0294392,-0.0284668,0.00704291,0,0,0
1780638771435275,106.014,-0.000389781,-0.0151549,0.0398865,0,0,-5,-0.000389781,-0.0151549,5.03989,5.03991,-0.029895,-0.0281751,0.00639536,0,0,0
1780638771459275,106.038,-0.000588008,-0.0143725,0.0396118,0,0,-5,-0.000588008,-0.0143725,5.03961,5.03963,-0.0324933,-0.0265778,0.00683071,0,0,0
1780638771475275,106.054,-0.000749848,-0.0138875,0.0394287,0,0,-5,-0.000749848,-0.0138875,5.03943,5.03945,-0.0316424,-0.0255701,0.00674625,0,0,0
1780638771499275,106.078,-0.00102025,-0.0132314,0.0391846,0,0,-5,-0.00102025,-0.0132314,5.03918,5.0392,-0.0324082,-0.0246517,0.00810376,0,0,0
1780638771515275,106.094,-0.00122639,-0.0128351,0.039093,0,0,-5,-0.00122639,-0.0128351,5.03909,5.03911,-0.0325658,-0.0238117,0.00853723,0,0,0
1780638771539275,106.118,-0.00154749,-0.012298,0.0389709,0,0,-5,-0.00154749,-0.012298,5.03897,5.03899,-0.032023,-0.023233,0.0102573,0,0,0
1780638771555275,106.134,-0.00177575,-0.0119874,0.0389709,0,0,-5,-0.00177575,-0.0119874,5.03897,5.03899,-0.0316309,-0.0231594,0.0108572,0,0,0
1780638771579275,106.158,-0.00211888,-0.0115896,0.0389709,0,0,-5,-0.00211888,-0.0115896,5.03897,5.03898,-0.0314631,-0.0229188,0.0096082,0,0,0
1780638771595275,106.174,-0.00235866,-0.0113473,0.0389709,0,0,-5,-0.00235866,-0.0113473,5.03897,5.03898,-0.0318527,-0.0210341,0.00946016,0,0,0
1780638771619275,106.198,-0.00275893,-0.0110151,0.039032,0,0,-5,-0.00275893,-0.0110151,5.03903,5.03904,-0.0327878,-0.0203249,0.0107785,0,0,0
1780638771635275,106.214,-0.00304724,-0.0108186,0.0391235,0,0,-5,-0.00304724,-0.0108186,5.03912,5.03914,-0.0333904,-0.0194652,0.0100578,0,0,0
1780638771659275,106.238,-0.00351415,-0.01058,0.0392151,0,0,-5,-0.00351415,-0.01058,5.03922,5.03923,-0.0327243,-0.0202361,0.00873164,0,0,0
1780638771675275,106.254,-0.00382941,-0.0104577,0.0392761,0,0,-5,-0.00382941,-0.0104577,5.03928,5.03929,-0.0329162,-0.0193317,0.00916613,0,0,0
1780638771691275,106.27,-0.00415947,-0.0103563,0.0393372,0,0,-5,-0.00415947,-0.0103563,5.03934,5.03935,-0.0336761,-0.0192295,0.00792436,0,0,0
1780638771715275,106.294,-0.00466681,-0.0102417,0.0393982,0,0,-5,-0.00466681,-0.0102417,5.0394,5.03941,-0.0329811,-0.0180767,0.00872024,0,0,0
1780638771739275,106.318,-0.00518242,-0.0101732,0.0395203,0,0,-5,-0.00518242,-0.0101732,5.03952,5.03953,-0.0322041,-0.0188555,0.00838796,0,0,0
1780638771755275,106.334,-0.00554212,-0.0101638,0.0395813,0,0,-5,-0.00554212,-0.0101638,5.03958,5.03959,-0.0337218,-0.0188195,0.0083155,0,0,0
1780638771779275,106.358,-0.00610082,-0.0101671,0.0396729,0,0,-5,-0.00610082,-0.0101671,5.03967,5.03969,-0.033436,-0.0167254,0.00792462,0,0,0
1780638771795275,106.374,-0.0059357,-0.00991314,0.0395203,0,0,-5,-0.0059357,-0.00991314,5.03952,5.03953,-0.0320097,-0.0165926,0.0071561,0,0,0
1780638771819275,106.398,-0.005739,-0.00960783,0.0393066,0,0,-5,-0.005739,-0.00960783,5.03931,5.03932,-0.0328921,-0.0185294,0.00645335,0,0,0
1780638771835275,106.414,-0.00566524,-0.00946656,0.0391846,0,0,-5,-0.00566524,-0.00946656,5.03918,5.0392,-0.0339886,-0.0191683,0.00610262,0,0,0
1780638771859275,106.438,-0.00560244,-0.00931998,0.039032,0,0,-5,-0.00560244,-0.00931998,5.03903,5.03904,-0.0334099,-0.0198298,0.00639309,0,0,0
1780638771875275,106.454,-0.00557359,-0.00926046,0.0389404,0,0,-5,-0.00557359,-0.00926046,5.03894,5.03895,-0.0326699,-0.0202168,0.00780674,0,0,0
1780638771891275,106.47,-0.00556546,-0.0092314,0.0389099,0,0,-5,-0.00556546,-0.0092314,5.03891,5.03892,-0.0329366,-0.0207835,0.00720519,0,0,0
1780638771915275,106.494,-0.00560635,-0.00921658,0.0387878,0,0,-5,-0.00560635,-0.00921658,5.03879,5.0388,-0.0329304,-0.0185442,0.00494126,0,0,0
1780638771939275,106.518,-0.00569346,-0.00920931,0.0386963,0,0,-5,-0.00569346,-0.00920931,5.0387,5.03871,-0.0332994,-0.0175735,0.00446386,0,0,0
1780638771955275,106.534,-0.00577954,-0.00922208,0.0386353,0,0,-5,-0.00577954,-0.00922208,5.03864,5.03865,-0.0337482,-0.0170303,0.00476877,0,0,0
1780638771979275,106.558,-0.00597121,-0.00923493,0.0385437,0,0,-5,-0.00597121,-0.00923493,5.03854,5.03856,-0.0353921,-0.0146763,0.00408577,0,0,0
1780638771995275,106.574,-0.00614152,-0.0092462,0.0384827,0,0,-5,-0.00614152,-0.0092462,5.03848,5.03849,-0.0360312,-0.0140766,0.0039217,0,0,0
1780638772019275,106.598,-0.00645426,-0.00928954,0.0383911,0,0,-5,-0.00645426,-0.00928954,5.03839,5.0384,-0.0370884,-0.0133213,0.00269861,0,0,0
1780638772035275,106.614,-0.00668172,-0.00932638,0.0382996,0,0,-5,-0.00668172,-0.00932638,5.0383,5.03831,-0.0371551,-0.013524,0.00139689,0,0,0
1780638772059275,106.638,-0.00708047,-0.009409,0.0381775,0,0,-5,-0.00708047,-0.009409,5.03818,5.03819,-0.0388357,-0.012315,0.00118468,0,0,0
1780638772075275,106.654,-0.00738743,-0.00947,0.0380554,0,0,-5,-0.00738743,-0.00947,5.03806,5.03807,-0.0396645,-0.0128018,8.03494e-05,0,0,0
1780638772091275,106.67,-0.00770192,-0.00953504,0.0379639,0,0,-5,-0.00770192,-0.00953504,5.03796,5.03798,-0.0387012,-0.0119278,4.33279e-05,0,0,0
1780638772115275,106.694,-0.00818951,-0.00964788,0.0377808,0,0,-5,-0.00818951,-0.00964788,5.03778,5.0378,-0.0390196,-0.0113923,-0.00174503,0,0,0
1780638772139275,106.718,-0.00872911,-0.00976704,0.0376282,0,0,-5,-0.00872911,-0.00976704,5.03763,5.03765,-0.0400758,-0.00937563,-0.000150221,0,0,0
1780638772155509,106.734,-0.00909798,-0.00982536,0.0375671,0,0,-5,-0.00909798,-0.00982536,5.03757,5.03758,-0.0403724,-0.00830254,-2.90088e-05,0,0,0
1780638772171509,106.75,-0.00946575,-0.00988576,0.0374756,0,0,-5,-0.00946575,-0.00988576,5.03748,5.03749,-0.0407289,-0.00717142,0.000257281,0,0,0
1780638772195509,106.774,-0.00979095,-0.00939637,0.0369873,0,0,-5,-0.00979095,-0.00939637,5.03699,5.03701,-0.0399819,-0.00633888,-0.00113723,0,0,0
1780638772219509,106.798,-0.0100395,-0.00865857,0.0364075,0,0,-5,-0.0100395,-0.00865857,5.03641,5.03642,-0.0403871,-0.00444837,0.000283765,0,0,0
1780638772235509,106.814,-0.0102376,-0.00819807,0.0360413,0,0,-5,-0.0102376,-0.00819807,5.03604,5.03606,-0.0408715,-0.00412482,-0.00121721,0,0,0
1780638772259509,106.838,-0.0105802,-0.00753089,0.0354919,0,0,-5,-0.0105802,-0.00753089,5.03549,5.03551,-0.0406619,-0.00242451,-0.00213595,0,0,0
1780638772275509,106.854,-0.0108188,-0.00711307,0.0351562,0,0,-5,-0.0108188,-0.00711307,5.03516,5.03517,-0.0394707,-0.00171558,-0.00122653,0,0,0
1780638772299509,106.878,-0.0111854,-0.00652095,0.0346985,0,0,-5,-0.0111854,-0.00652095,5.0347,5.03472,-0.039276,-0.000849187,-0.00147134,0,0,0
1780638772315509,106.894,-0.0114725,-0.00615054,0.0343933,0,0,-5,-0.0114725,-0.00615054,5.03439,5.03441,-0.0398176,1.29613e-05,-0.000558212,0,0,0
1780638772339509,106.918,-0.011932,-0.00562873,0.0340271,0,0,-5,-0.011932,-0.00562873,5.03403,5.03404,-0.0388472,-6.86889e-05,-0.000152354,0,0,0
1780638772355509,106.934,-0.012241,-0.00530363,0.033783,0,0,-5,-0.012241,-0.00530363,5.03378,5.0338,-0.0385772,0.00058736,0.000515443,0,0,0
1780638772379509,106.958,-0.0127118,-0.00483095,0.0334778,0,0,-5,-0.0127118,-0.00483095,5.03348,5.0335,-0.0373802,0.00214331,0.000600671,0,0,0
1780638772395509,106.974,-0.0130255,-0.00454085,0.0332642,0,0,-5,-0.0130255,-0.00454085,5.03326,5.03328,-0.0371441,0.000470123,0.000276127,0,0,0
1780638772419509,106.998,-0.0135158,-0.00417061,0.0329895,0,0,-5,-0.0135158,-0.00417061,5.03299,5.03301,-0.0368381,0.00131304,0.000528325,0,0,0
1780638772435509,107.014,-0.0138579,-0.00391449,0.0328064,0,0,-5,-0.0138579,-0.00391449,5.03281,5.03283,-0.0373325,0.00281836,0.000302689,0,0,0
1780638772459509,107.038,-0.014404,-0.00351814,0.0325623,0,0,-5,-0.014404,-0.00351814,5.03256,5.03258,-0.0367945,0.00350866,0.000144523,0,0,0
1780638772475509,107.054,-0.014778,-0.00325939,0.0324097,0,0,-5,-0.014778,-0.00325939,5.03241,5.03243,-0.0364365,0.00471534,0.001932,0,0,0
1780638772499509,107.078,-0.015338,-0.00287294,0.032196,0,0,-5,-0.015338,-0.00287294,5.0322,5.03222,-0.0360302,0.00567283,0.00173829,0,0,0
1780638772515509,107.094,-0.015719,-0.00261836,0.032074,0,0,-5,-0.015719,-0.00261836,5.03207,5.0321,-0.0356313,0.00680303,0.000672288,0,0,0
1780638772539509,107.118,-0.0163259,-0.00223845,0.0318604,0,0,-5,-0.0163259,-0.00223845,5.03186,5.03189,-0.0368413,0.00754083,-0.000208282,0,0,0
1780638772555509,107.134,-0.0167546,-0.00199228,0.0317383,0,0,-5,-0.0167546,-0.00199228,5.03174,5.03177,-0.0376058,0.0074419,-0.0010139,0,0,0
1780638772579509,107.158,-0.0174209,-0.00163816,0.0315247,0,0,-5,-0.0174209,-0.00163816,5.03152,5.03156,-0.037994,0.00854979,-0.00127655,0,0,0
1780638772595509,107.174,-0.0171723,-0.00136837,0.031189,0,0,-5,-0.0171723,-0.00136837,5.03119,5.03122,-0.0377954,0.00812138,-0.000790205,0,0,0
1780638772619509,107.198,-0.0168698,-0.000988348,0.0307007,0,0,-5,-0.0168698,-0.000988348,5.0307,5.03073,-0.0380899,0.00976156,-0.00125201,0,0,0
1780638772635509,107.214,-0.0167116,-0.000730269,0.0303955,0,0,-5,-0.0167116,-0.000730269,5.0304,5.03042,-0.0370301,0.00960878,-0.000929167,0,0,0
1780638772659509,107.238,-0.0165315,-0.000381339,0.0299988,0,0,-5,-0.0165315,-0.000381339,5.03,5.03003,-0.0376029,0.00922073,-0.000942733,0,0,0
1780638772675509,107.254,-0.0164543,-0.000161446,0.0297241,0,0,-5,-0.0164543,-0.000161446,5.02972,5.02975,-0.037558,0.00985014,-0.000632561,0,0,0
1780638772699509,107.278,-0.0164019,0.000173307,0.0293579,0,0,-5,-0.0164019,0.000173307,5.02936,5.02938,-0.0382018,0.0109277,-0.000398041,0,0,0
1780638772715509,107.294,-0.0164044,0.000393984,0.0291443,0,0,-5,-0.0164044,0.000393984,5.02914,5.02917,-0.0372067,0.0108426,-0.000539762,0,0,0
1780638772739509,107.318,-0.0164355,0.00070362,0.0288391,0,0,-5,-0.0164355,0.00070362,5.02884,5.02887,-0.0369913,0.0104849,-0.00123169,0,0,0
1780638772755509,107.334,-0.0164942,0.000894384,0.0286865,0,0,-5,-0.0164942,0.000894384,5.02869,5.02871,-0.0377855,0.0106144,-0.000704147,0,0,0
1780638772779509,107.358,-0.0166568,0.00119312,0.0284424,0,0,-5,-0.0166568,0.00119312,5.02844,5.02847,-0.0400566,0.0123473,0.00040066,0,0,0
