timestamp_us,t_s,actual_x,actual_y,actual_z,reference_x,reference_y,reference_z,error_x,error_y,error_z,error_norm,actual_vx,actual_vy,actual_vz,reference_vx,reference_vy,reference_vz
1781247043439894,0,0.0269054,-0.0133474,0.00756836,0,0,-0.0023273,0.0269054,-0.0133474,0.00989566,0.0316225,0.0257927,-0.0271467,-0.000801131,0,0,-0.0463194
1781247043463894,0.024,0.0273517,-0.0137748,0.00750732,0,0,-0.00334367,0.0273517,-0.0137748,0.010851,0.0324901,0.024927,-0.0273576,-0.00175896,0,0,-0.0554261
1781247043479894,0.04,0.0276715,-0.0140882,0.00747681,0,0,-0.0045427,0.0276715,-0.0140882,0.0120195,0.0332965,0.0260824,-0.0291103,-0.00311441,0,0,-0.0644944
1781247043503894,0.064,0.0281689,-0.0145802,0.00738525,0,0,-0.00592432,0.0281689,-0.0145802,0.0133096,0.0343979,0.0249452,-0.0296382,-0.00253506,0,0,-0.0735265
1781247043519894,0.08,0.0277834,-0.0141382,0.00732422,0,0,-0.00748382,0.0277834,-0.0141382,0.014808,0.0345121,0.0242355,-0.0309722,-0.00233642,0,0,-0.0824981
1781247043543894,0.104,0.027263,-0.0135708,0.00720215,0,0,-0.00921929,0.027263,-0.0135708,0.0164214,0.0345991,0.0227276,-0.030688,-0.00232472,0,0,-0.0914089
1781247043559894,0.12,0.0269452,-0.0132301,0.00714111,0,0,-0.0111384,0.0269452,-0.0132301,0.0182795,0.0351457,0.0219867,-0.0307459,-0.00192249,0,0,-0.100301
1781247043583894,0.144,0.0265528,-0.0127737,0.00701904,0,0,-0.013232,0.0265528,-0.0127737,0.0202511,0.0357537,0.0227046,-0.0293938,-0.00176223,0,0,-0.109133
1781247043599894,0.16,0.0263408,-0.0124956,0.00698853,0,0,-0.0155048,0.0263408,-0.0124956,0.0224934,0.0368229,0.0229964,-0.0295266,-0.000774267,0,0,-0.11793
1781247043623894,0.184,0.0260769,-0.012138,0.00689697,0,0,-0.0179474,0.0260769,-0.012138,0.0248443,0.0380076,0.0220946,-0.029767,-0.00117873,0,0,-0.12666
1781247043639894,0.2,0.0259317,-0.0119406,0.00686646,0,0,-0.0205683,0.0259317,-0.0119406,0.0274348,0.0395942,0.0218066,-0.0292559,-0.000761554,0,0,-0.135358
1781247043663894,0.224,0.0257629,-0.0116766,0.00680542,0,0,-0.0233594,0.0257629,-0.0116766,0.0301648,0.041352,0.0219996,-0.0284924,-0.00049826,0,0,-0.143998
1781247043679894,0.24,0.0256991,-0.0115253,0.00680542,0,0,-0.0263237,0.0256991,-0.0115253,0.0331292,0.0434835,0.0227584,-0.0288818,-0.000131938,0,0,-0.152595
1781247043703894,0.264,0.025627,-0.0113534,0.0067749,0,0,-0.0294617,0.025627,-0.0113534,0.0362366,0.0458119,0.0208416,-0.0291908,-5.58675e-05,0,0,-0.161151
1781247043719894,0.28,0.0255952,-0.0112675,0.0067749,0,0,-0.0327707,0.0255952,-0.0112675,0.0395456,0.0484347,0.0201352,-0.0288804,-0.000371492,0,0,-0.169661
1781247043743894,0.304,0.0255875,-0.0111788,0.00665283,0,0,-0.0362474,0.0255875,-0.0111788,0.0429002,0.0511871,0.0212077,-0.0290684,-0.00115938,0,0,-0.178119
1781247043759894,0.32,0.0256077,-0.0111424,0.00656128,0,0,-0.0398943,0.0256077,-0.0111424,0.0464556,0.0542036,0.0206627,-0.0288991,-0.00229641,0,0,-0.186534
1781247043775894,0.336,0.0256487,-0.0111273,0.00643921,0,0,-0.0437084,0.0256487,-0.0111273,0.0501476,0.0574148,0.0211778,-0.0295181,-0.00314279,0,0,-0.1949
1781247043799894,0.36,0.0257399,-0.0111585,0.00631714,0,0,-0.0476862,0.0257399,-0.0111585,0.0540034,0.0608557,0.0199412,-0.0293697,-0.00373644,0,0,-0.203213
1781247043815894,0.376,0.0258123,-0.0111821,0.00619507,0,0,-0.051835,0.0258123,-0.0111821,0.0580301,0.0644888,0.0199312,-0.0282884,-0.00448849,0,0,-0.21149
1781247043839894,0.4,0.0259423,-0.0112349,0.00604248,0,0,-0.0561379,0.0259423,-0.0112349,0.0621804,0.0683054,0.0187514,-0.0283957,-0.00363594,0,0,-0.2197
1781247043863894,0.424,0.0261068,-0.0113382,0.00592041,0,0,-0.0606182,0.0261068,-0.0113382,0.0665386,0.0723706,0.0196597,-0.0289877,-0.00366588,0,0,-0.227887
1781247043879894,0.44,0.0262435,-0.0114196,0.00582886,0,0,-0.0652601,0.0262435,-0.0114196,0.0710889,0.076634,0.019456,-0.027274,-0.0039611,0,0,-0.236025
1781247043903894,0.464,0.0264828,-0.0115345,0.00567627,0,0,-0.0700562,0.0264828,-0.0115345,0.0757325,0.0810542,0.0204419,-0.0268303,-0.00564405,0,0,-0.244102
1781247043919894,0.48,0.0255494,-0.0112112,0.00543213,0,0,-0.0750296,0.0255494,-0.0112112,0.0804617,0.0851619,0.020564,-0.0283368,-0.00616342,0,0,-0.252159
1781247043943894,0.504,0.024281,-0.0108164,0.0050354,0,0,-0.0801339,0.024281,-0.0108164,0.0851693,0.0892209,0.0196602,-0.0292855,-0.00637386,0,0,-0.260122
1781247043959894,0.52,0.0235021,-0.0105989,0.00479126,0,0,-0.0854346,0.0235021,-0.0105989,0.0902258,0.093837,0.0194871,-0.0294608,-0.00627228,0,0,-0.268095
1781247043983894,0.544,0.0224117,-0.0103403,0.00442505,0,0,-0.0908578,0.0224117,-0.0103403,0.0952828,0.0984277,0.0182189,-0.0296825,-0.00578528,0,0,-0.275968
1781247043999894,0.56,0.0217518,-0.0102005,0.00418091,0,0,-0.0964487,0.0217518,-0.0102005,0.10063,0.103458,0.0177161,-0.029781,-0.00637243,0,0,-0.28381
1781247044023894,0.584,0.0208455,-0.0100431,0.0038147,0,0,-0.102207,0.0208455,-0.0100431,0.106022,0.108517,0.0176961,-0.0294943,-0.00656786,0,0,-0.291621
1781247044039894,0.6,0.0202957,-0.00995702,0.00357056,0,0,-0.10811,0.0202957,-0.00995702,0.111681,0.113946,0.0176535,-0.0288342,-0.00682586,0,0,-0.29937
1781247044063894,0.624,0.0195548,-0.00985847,0.00323486,0,0,-0.114199,0.0195548,-0.00985847,0.117433,0.119458,0.0163188,-0.0284792,-0.00664245,0,0,-0.307111
1781247044079894,0.64,0.0190985,-0.00980247,0.00299072,0,0,-0.120428,0.0190985,-0.00980247,0.123419,0.125272,0.0168778,-0.0274119,-0.00757194,0,0,-0.314788
1781247044103894,0.664,0.0184937,-0.00977568,0.00259399,0,0,-0.126797,0.0184937,-0.00977568,0.129391,0.131071,0.0178348,-0.0294179,-0.00808389,0,0,-0.322401
1781247044119894,0.68,0.0181515,-0.00979768,0.00234985,0,0,-0.133282,0.0181515,-0.00979768,0.135632,0.137191,0.018132,-0.030803,-0.00859821,0,0,-0.329927
1781247044143894,0.704,0.0176917,-0.00991995,0.00192261,0,0,-0.139957,0.0176917,-0.00991995,0.14188,0.143322,0.0174537,-0.0323544,-0.00937269,0,0,-0.337453
1781247044159966,0.720072,0.0174345,-0.0100175,0.00167847,0,0,-0.146798,0.0174345,-0.0100175,0.148476,0.149832,0.0180316,-0.0318758,-0.0088192,0,0,-0.344947
1781247044183966,0.744072,0.0171087,-0.0101968,0.00131226,0,0,-0.153746,0.0171087,-0.0101968,0.155058,0.156332,0.017773,-0.0324364,-0.0107782,0,0,-0.35235
1781247044199966,0.760072,0.0169298,-0.0103471,0.00106812,0,0,-0.160867,0.0169298,-0.0103471,0.161935,0.163146,0.0178318,-0.0330225,-0.0109249,0,0,-0.359734
1781247044223966,0.784072,0.0167176,-0.0106115,0.000671387,0,0,-0.168133,0.0167176,-0.0106115,0.168805,0.169962,0.0187138,-0.033522,-0.0117641,0,0,-0.367069
1781247044239966,0.800072,0.0166292,-0.0108136,0.000457764,0,0,-0.175548,0.0166292,-0.0108136,0.176006,0.17712,0.0186629,-0.0341278,-0.01278,0,0,-0.374358
1781247044263966,0.824072,0.0165184,-0.011153,9.15527e-05,0,0,-0.183107,0.0165184,-0.011153,0.183199,0.18428,0.0179259,-0.0342586,-0.0146147,0,0,-0.381601
1781247044279966,0.840072,0.0164802,-0.0113962,-0.000152588,0,0,-0.190855,0.0164802,-0.0113962,0.190703,0.191752,0.017801,-0.0345339,-0.0154918,0,0,-0.388837
1781247044303966,0.864072,0.0164853,-0.0118147,-0.000549316,0,0,-0.198704,0.0164853,-0.0118147,0.198155,0.19919,0.0190443,-0.0346551,-0.0143629,0,0,-0.395986
1781247044319966,0.880072,0.0158984,-0.0115752,-0.000610352,0,0,-0.206684,0.0158984,-0.0115752,0.206073,0.20701,0.0182192,-0.034404,-0.0140059,0,0,-0.403078
1781247044343966,0.904072,0.0150908,-0.0112723,-0.000701904,0,0,-0.214764,0.0150908,-0.0112723,0.214062,0.21489,0.017866,-0.0341165,-0.0142984,0,0,-0.410088
1781247044359966,0.920072,0.014607,-0.0111237,-0.000793457,0,0,-0.223032,0.014607,-0.0111237,0.222239,0.222996,0.0177,-0.0346624,-0.0132603,0,0,-0.417093
1781247044383966,0.944072,0.0139597,-0.0109485,-0.000915527,0,0,-0.23145,0.0139597,-0.0109485,0.230535,0.231216,0.0176832,-0.0340547,-0.0134824,0,0,-0.42406
1781247044399966,0.960072,0.0135782,-0.010871,-0.0010376,0,0,-0.240004,0.0135782,-0.010871,0.238966,0.239599,0.0178664,-0.0346057,-0.0145765,0,0,-0.430977
1781247044423966,0.984072,0.0130879,-0.0108111,-0.0012207,0,0,-0.248685,0.0130879,-0.0108111,0.247464,0.248045,0.0181214,-0.0343899,-0.0153706,0,0,-0.437838
1781247044439966,1.00007,0.0127862,-0.0107463,-0.00137329,0,0,-0.257493,0.0127862,-0.0107463,0.256119,0.256664,0.0160078,-0.0273531,-0.0175663,0,0,-0.444646
1781247044463966,1.02407,0.012301,-0.010498,-0.00180054,0,0,-0.266453,0.012301,-0.010498,0.264652,0.265146,0.0105745,-0.0187809,-0.0267503,0,0,-0.45142
1781247044479966,1.04007,0.0119392,-0.010253,-0.00222778,0,0,-0.275546,0.0119392,-0.010253,0.273318,0.27377,0.00849853,-0.0145919,-0.0332307,0,0,-0.458145
1781247044495966,1.05607,0.0115651,-0.00996009,-0.00274658,0,0,-0.284784,0.0115651,-0.00996009,0.282037,0.28245,0.00507452,-0.0101022,-0.041183,0,0,-0.464831
1781247044519966,1.08007,0.0109706,-0.00944952,-0.00378418,0,0,-0.294147,0.0109706,-0.00944952,0.290363,0.290724,0.00224029,-0.00593581,-0.0511832,0,0,-0.471465
1781247044535966,1.09607,0.0105836,-0.00909003,-0.00460815,0,0,-0.303701,0.0105836,-0.00909003,0.299093,0.299418,0.00166062,-0.00369279,-0.0579531,0,0,-0.478092
1781247044559966,1.12007,0.0100411,-0.00851081,-0.006073,0,0,-0.313273,0.0100411,-0.00851081,0.3072,0.307482,0.00206404,8.22617e-05,-0.0677497,0,0,-0.484594
1781247044575966,1.13607,0.00973403,-0.00810782,-0.00717163,0,0,-0.323016,0.00973403,-0.00810782,0.315845,0.316099,0.00444283,0.000997022,-0.0755242,0,0,-0.491077
1781247044599966,1.16007,0.00939735,-0.00751655,-0.00909424,0,0,-0.332942,0.00939735,-0.00751655,0.323848,0.324071,0.00904696,0.00148924,-0.0866343,0,0,-0.497549
1781247044623966,1.18407,0.00922548,-0.0069717,-0.011261,0,0,-0.342912,0.00922548,-0.0069717,0.331651,0.331852,0.014449,0.0012991,-0.0995097,0,0,-0.503919
1781247044639966,1.20007,0.00922778,-0.00661267,-0.0128784,0,0,-0.353032,0.00922778,-0.00661267,0.340153,0.340343,0.020666,0.00264696,-0.107803,0,0,-0.510257
1781247044663966,1.22407,0.00944181,-0.0060566,-0.015564,0,0,-0.363333,0.00944181,-0.0060566,0.347769,0.347949,0.0279624,0.00445813,-0.122498,0,0,-0.516583
1781247044679966,1.24007,0.0097118,-0.00567711,-0.0175476,0,0,-0.373739,0.0097118,-0.00567711,0.356192,0.356369,0.0340792,0.00518104,-0.132012,0,0,-0.522848
1781247044703966,1.26407,0.0103306,-0.0051245,-0.0207825,0,0,-0.3842,0.0103306,-0.0051245,0.363417,0.3636,0.0438531,0.00598116,-0.145822,0,0,-0.529025
1781247044719966,1.28007,0.0107746,-0.00475186,-0.0229187,0,0,-0.394877,0.0107746,-0.00475186,0.371958,0.372144,0.0509444,0.00579311,-0.154994,0,0,-0.53521
1781247044743966,1.30407,0.0116819,-0.00422085,-0.0264587,0,0,-0.405663,0.0116819,-0.00422085,0.379204,0.379408,0.0601013,0.00630683,-0.17097,0,0,-0.54134
1781247044759966,1.32007,0.0124424,-0.00386666,-0.0290833,0,0,-0.416469,0.0124424,-0.00386666,0.387386,0.387605,0.0675923,0.00713867,-0.186181,0,0,-0.547366
1781247044783966,1.34407,0.0138378,-0.00332323,-0.0335999,0,0,-0.427502,0.0138378,-0.00332323,0.393902,0.394159,0.0791828,0.00953828,-0.221414,0,0,-0.553403
1781247044799966,1.36007,0.0149361,-0.00291958,-0.0372314,0,0,-0.438724,0.0149361,-0.00291958,0.401493,0.401781,0.0860328,0.01169,-0.257648,0,0,-0.559431
1781247044815966,1.37607,0.0161667,-0.00250503,-0.0415344,0,0,-0.449921,0.0161667,-0.00250503,0.408386,0.408714,0.0938296,0.0126471,-0.304609,0,0,-0.565334
1781247044839966,1.40007,0.018291,-0.00188868,-0.0494995,0,0,-0.461292,0.018291,-0.00188868,0.411793,0.412203,0.106581,0.012224,-0.380491,0,0,-0.571221
1781247044855966,1.41607,0.0198869,-0.0015,-0.0558472,0,0,-0.472742,0.0198869,-0.0015,0.416895,0.417372,0.114136,0.0122091,-0.43156,0,0,-0.57704
1781247044879966,1.44007,0.0224791,-0.000927027,-0.066864,0,0,-0.484357,0.0224791,-0.000927027,0.417493,0.418098,0.122899,0.0115322,-0.505437,0,0,-0.582838
1781247044903966,1.46407,0.0253092,-0.000367774,-0.0796509,0,0,-0.496083,0.0253092,-0.000367774,0.416432,0.417201,0.13174,0.0118468,-0.577066,0,0,-0.588587
1781247044919966,1.48007,0.0273156,-4.75762e-06,-0.0891113,0,0,-0.507843,0.0273156,-4.75762e-06,0.418732,0.419622,0.136271,0.0128266,-0.622889,0,0,-0.59425
1781247044943966,1.50407,0.0304691,0.000600298,-0.104645,0,0,-0.519784,0.0304691,0.000600298,0.415139,0.416256,0.141584,0.0164956,-0.688172,0,0,-0.599899
1781247044959966,1.52007,0.0326417,0.00106911,-0.115845,0,0,-0.531814,0.0326417,0.00106911,0.41597,0.41725,0.144386,0.0214179,-0.728679,0,0,-0.60549
1781247044975966,1.53607,0.0348624,0.00160215,-0.127686,0,0,-0.543998,0.0348624,0.00160215,0.416312,0.417772,0.146299,0.0256931,-0.765132,0,0,-0.611054
1781247044999966,1.56007,0.0382608,0.0025218,-0.146393,0,0,-0.556262,0.0382608,0.0025218,0.409869,0.411659,0.148068,0.0332385,-0.807694,0,0,-0.616557
1781247045023966,1.58407,0.0416538,0.00363591,-0.166016,0,0,-0.56863,0.0416538,0.00363591,0.402615,0.40478,0.147673,0.0407672,-0.840418,0,0,-0.622011
1781247045039966,1.60007,0.0439051,0.00448985,-0.179504,0,0,-0.581144,0.0439051,0.00448985,0.40164,0.404057,0.144946,0.0477581,-0.855636,0,0,-0.627435
1781247045063966,1.62407,0.0472378,0.00596778,-0.200134,0,0,-0.593726,0.0472378,0.00596778,0.393592,0.396461,0.143637,0.0590595,-0.876789,0,0,-0.632794
1781247045079966,1.64007,0.0494463,0.0071078,-0.214172,0,0,-0.606438,0.0494463,0.0071078,0.392266,0.395434,0.141746,0.0678179,-0.888567,0,0,-0.638117
1781247045103966,1.66407,0.0527156,0.00905641,-0.235596,0,0,-0.619327,0.0527156,0.00905641,0.383732,0.387441,0.139411,0.0805211,-0.904896,0,0,-0.643421
1781247045119966,1.68007,0.0535102,0.0111381,-0.248535,0,0,-0.632159,0.0535102,0.0111381,0.383624,0.387498,0.138877,0.0897387,-0.915632,0,0,-0.648613
1781247045143966,1.70407,0.0547766,0.0144484,-0.268494,0,0,-0.645205,0.0547766,0.0144484,0.376711,0.380947,0.133597,0.102593,-0.934666,0,0,-0.653802
1781247045160045,1.72015,0.0556225,0.0168189,-0.282166,0,0,-0.658408,0.0556225,0.0168189,0.376243,0.380704,0.130678,0.113484,-0.95186,0,0,-0.658965
1781247045184045,1.74415,0.0569428,0.020638,-0.303406,0,0,-0.67162,0.0569428,0.020638,0.368214,0.373163,0.127735,0.128848,-0.981173,0,0,-0.664045
1781247045200045,1.76015,0.0578544,0.0233391,-0.318054,0,0,-0.684931,0.0578544,0.0233391,0.366877,0.372143,0.124551,0.138929,-1.00299,0,0,-0.669077
1781247045224045,1.78415,0.0592168,0.0276472,-0.34079,0,0,-0.698357,0.0592168,0.0276472,0.357567,0.363491,0.119168,0.154669,-1.03347,0,0,-0.674068
1781247045240045,1.80015,0.0601122,0.0306844,-0.356415,0,0,-0.711872,0.0601122,0.0306844,0.355457,0.361808,0.114966,0.164297,-1.05072,0,0,-0.679008
1781247045264045,1.82415,0.0614276,0.0354853,-0.380463,0,0,-0.725424,0.0614276,0.0354853,0.344961,0.35218,0.109226,0.178268,-1.07405,0,0,-0.68388
1781247045280045,1.84015,0.0622831,0.0388254,-0.396851,0,0,-0.739144,0.0622831,0.0388254,0.342293,0.350073,0.104371,0.186437,-1.08614,0,0,-0.688731
1781247045304045,1.86415,0.0635113,0.0440128,-0.421814,0,0,-0.752998,0.0635113,0.0440128,0.331184,0.340079,0.0976227,0.196572,-1.09991,0,0,-0.693547
1781247045320045,1.88015,0.0643137,0.0475816,-0.438721,0,0,-0.766974,0.0643137,0.0475816,0.328253,0.337861,0.0943097,0.203677,-1.10737,0,0,-0.698326
1781247045344045,1.90415,0.065489,0.0530696,-0.464294,0,0,-0.781026,0.065489,0.0530696,0.316731,0.327756,0.0890183,0.210995,-1.11645,0,0,-0.70305
1781247045360045,1.92015,0.0662443,0.0568009,-0.481506,0,0,-0.795121,0.0662443,0.0568009,0.313614,0.325528,0.0848473,0.215485,-1.12074,0,0,-0.707711
1781247045384045,1.94415,0.0673118,0.0624638,-0.507507,0,0,-0.809295,0.0673118,0.0624638,0.301788,0.31545,0.0786495,0.220006,-1.12667,0,0,-0.712321
1781247045400045,1.96015,0.0680008,0.0662801,-0.524963,0,0,-0.823557,0.0680008,0.0662801,0.298594,0.313329,0.0754851,0.222152,-1.12949,0,0,-0.716882
1781247045424045,1.98415,0.0689732,0.0720155,-0.551239,0,0,-0.837923,0.0689732,0.0720155,0.286684,0.303531,0.0686619,0.223443,-1.13146,0,0,-0.721401
1781247045440045,2.00015,0.0695778,0.0758384,-0.568817,0,0,-0.852408,0.0695778,0.0758384,0.283591,0.301689,0.0647906,0.224275,-1.13354,0,0,-0.725883
1781247045464045,2.02415,0.0704451,0.0815295,-0.595276,0,0,-0.866961,0.0704451,0.0815295,0.271685,0.292271,0.0608647,0.222346,-1.1341,0,0,-0.73031
1781247045480045,2.04015,0.0710081,0.085289,-0.612946,0,0,-0.881635,0.0710081,0.085289,0.268689,0.290707,0.0581302,0.221952,-1.1344,0,0,-0.734701
1781247045496045,2.05615,0.0715442,0.0890184,-0.630646,0,0,-0.896341,0.0715442,0.0890184,0.265695,0.2892,0.0540818,0.219053,-1.13474,0,0,-0.739029
1781247045520045,2.08015,0.072455,0.094356,-0.656494,0,0,-0.911127,0.072455,0.094356,0.254633,0.281053,0.0487864,0.214169,-1.13269,0,0,-0.743308
1781247045544045,2.10415,0.0733802,0.0994646,-0.682098,0,0,-0.92607,0.0733802,0.0994646,0.243971,0.273496,0.0441541,0.206471,-1.13193,0,0,-0.747561
1781247045560045,2.12015,0.0739503,0.102762,-0.699249,0,0,-0.941048,0.0739503,0.102762,0.241799,0.272939,0.0412627,0.201373,-1.13051,0,0,-0.751754
1781247045576045,2.13615,0.0744895,0.105965,-0.7164,0,0,-0.956059,0.0744895,0.105965,0.239658,0.272421,0.038139,0.195164,-1.12951,0,0,-0.755885
1781247045600045,2.16015,0.0752104,0.110565,-0.742188,0,0,-0.971272,0.0752104,0.110565,0.229085,0.265257,0.032472,0.185122,-1.12646,0,0,-0.760003
1781247045616045,2.17615,0.0756481,0.113486,-0.75943,0,0,-0.986448,0.0756481,0.113486,0.227018,0.264837,0.0310996,0.176736,-1.12476,0,0,-0.764041
1781247045640045,2.20015,0.0762727,0.117602,-0.785278,0,0,-1.00182,0.0762727,0.117602,0.216537,0.257946,0.0277232,0.163291,-1.1216,0,0,-0.768062
1781247045664045,2.22415,0.0768503,0.121404,-0.811127,0,0,-1.01722,0.0768503,0.121404,0.206088,0.251231,0.0243563,0.151165,-1.11734,0,0,-0.772024
1781247045680045,2.24015,0.0771943,0.123779,-0.828369,0,0,-1.03264,0.0771943,0.123779,0.204272,0.251013,0.0218353,0.142657,-1.11484,0,0,-0.775926
1781247045704045,2.26415,0.0776675,0.127093,-0.854187,0,0,-1.04825,0.0776675,0.127093,0.194058,0.24463,0.0195824,0.131127,-1.11113,0,0,-0.779806
1781247045720045,2.28015,0.0779606,0.129145,-0.871399,0,0,-1.06382,0.0779606,0.129145,0.19242,0.244503,0.0170485,0.121973,-1.10709,0,0,-0.783613
1781247045744045,2.30415,0.0783077,0.131937,-0.897125,0,0,-1.07955,0.0783077,0.131937,0.182425,0.238366,0.011704,0.108349,-1.1008,0,0,-0.787393
1781247045760045,2.32015,0.0784936,0.133619,-0.914276,0,0,-1.09538,0.0784936,0.133619,0.181102,0.238356,0.00937746,0.0999913,-1.09736,0,0,-0.791131
1781247045784045,2.34415,0.0787209,0.135907,-0.939911,0,0,-1.11115,0.0787209,0.135907,0.171239,0.232359,0.00682194,0.0884329,-1.09104,0,0,-0.794792
1781247045800045,2.36015,0.0788336,0.13727,-0.95694,0,0,-1.12715,0.0788336,0.13727,0.170209,0.232442,0.00351541,0.0795989,-1.08611,0,0,-0.798441
1781247045816045,2.37615,0.0789093,0.138495,-0.973938,0,0,-1.14309,0.0789093,0.138495,0.16915,0.232421,0.00150963,0.0713787,-1.08245,0,0,-0.802014
1781247045840045,2.40015,0.078984,0.140083,-0.999329,0,0,-1.15922,0.078984,0.140083,0.159888,0.226773,-0.000588989,0.0583115,-1.07468,0,0,-0.805566
1781247045864045,2.42415,0.0789998,0.141366,-1.0246,0,0,-1.17539,0.0789998,0.141366,0.150797,0.22128,-0.00294693,0.0465308,-1.06982,0,0,-0.809066
1781247045880045,2.44015,0.0789981,0.142062,-1.04141,0,0,-1.19151,0.0789981,0.142062,0.150101,0.221252,-0.00405064,0.0391256,-1.06554,0,0,-0.812492
1781247045896045,2.45615,0.0789826,0.142648,-1.05817,0,0,-1.20785,0.0789826,0.142648,0.149683,0.221341,-0.00541,0.0322525,-1.06095,0,0,-0.815903
1781247045920045,2.48015,0.0783593,0.145103,-1.08267,0,0,-1.22413,0.0783593,0.145103,0.141462,0.217271,-0.00841608,0.0221654,-1.05481,0,0,-0.819242
1781247045944045,2.50415,0.0774434,0.148058,-1.10681,0,0,-1.24051,0.0774434,0.148058,0.133703,0.213998,-0.0108174,0.01301,-1.04803,0,0,-0.822541
1781247045960045,2.52015,0.0768387,0.14982,-1.12286,0,0,-1.25701,0.0768387,0.14982,0.134143,0.215278,-0.0123901,0.00785985,-1.04394,0,0,-0.825802
1781247045984045,2.54415,0.0759298,0.152155,-1.14685,0,0,-1.27361,0.0759298,0.152155,0.126759,0.212095,-0.0142943,-0.000731981,-1.03651,0,0,-0.829025
1781247046000045,2.56015,0.0753382,0.153526,-1.16278,0,0,-1.29024,0.0753382,0.153526,0.127458,0.213288,-0.0151522,-0.00472492,-1.03082,0,0,-0.832194
1781247046016045,2.57615,0.074741,0.154782,-1.17868,0,0,-1.30684,0.074741,0.154782,0.128158,0.214402,-0.0173453,-0.00740559,-1.0265,0,0,-0.835298
1781247046040045,2.60015,0.0738125,0.156456,-1.20245,0,0,-1.32355,0.0738125,0.156456,0.121095,0.211166,-0.0211642,-0.013625,-1.01995,0,0,-0.838365
1781247046064045,2.62415,0.0728555,0.157841,-1.2261,0,0,-1.34035,0.0728555,0.157841,0.114246,0.208023,-0.0232652,-0.0197087,-1.01357,0,0,-0.841391
1781247046080045,2.64015,0.0722053,0.158633,-1.24182,0,0,-1.35731,0.0722053,0.158633,0.115487,0.209082,-0.0250656,-0.0235417,-1.00983,0,0,-0.844387
1781247046104045,2.66415,0.0712276,0.159604,-1.26535,0,0,-1.37424,0.0712276,0.159604,0.108893,0.205923,-0.026633,-0.0288936,-1.00397,0,0,-0.847321
1781247046120045,2.68015,0.0705788,0.160135,-1.28098,0,0,-1.39108,0.0705788,0.160135,0.110107,0.206756,-0.0268804,-0.0314689,-0.999756,0,0,-0.850182
1781247046144045,2.70415,0.069609,0.160758,-1.30432,0,0,-1.4081,0.069609,0.160758,0.103775,0.203612,-0.0284053,-0.0362211,-0.992701,0,0,-0.853017
1781247046160045,2.72015,0.0689685,0.161055,-1.31979,0,0,-1.4252,0.0689685,0.161055,0.105404,0.204464,-0.0292563,-0.0391654,-0.988059,0,0,-0.85581
1781247046176127,2.73623,0.0683186,0.161272,-1.33524,0,0,-1.44234,0.0683186,0.161272,0.107104,0.205298,-0.0303701,-0.0418146,-0.98449,0,0,-0.858554
1781247046200127,2.76023,0.0673463,0.161455,-1.35831,0,0,-1.45953,0.0673463,0.161455,0.101226,0.202114,-0.0302269,-0.0442737,-0.979186,0,0,-0.86125
1781247046216127,2.77623,0.0667244,0.161493,-1.37363,0,0,-1.47678,0.0667244,0.161493,0.10315,0.20291,-0.0302033,-0.0467748,-0.975794,0,0,-0.863899
1781247046240127,2.80023,0.0658349,0.161439,-1.39661,0,0,-1.49406,0.0658349,0.161439,0.0974491,0.199733,-0.0285776,-0.0479839,-0.972276,0,0,-0.866499
1781247046264127,2.82423,0.0649644,0.161248,-1.41953,0,0,-1.5115,0.0649644,0.161248,0.0919726,0.196673,-0.02984,-0.0519159,-0.968667,0,0,-0.869068
1781247046280127,2.84023,0.0643713,0.161032,-1.43478,0,0,-1.52891,0.0643713,0.161032,0.094123,0.197317,-0.0316957,-0.0545113,-0.966527,0,0,-0.871578
1781247046304127,2.86423,0.0634689,0.160567,-1.45761,0,0,-1.54636,0.0634689,0.160567,0.0887533,0.194132,-0.0325109,-0.0584118,-0.962878,0,0,-0.874041
1781247046320127,2.88023,0.0620903,0.160925,-1.47269,0,0,-1.56386,0.0620903,0.160925,0.0911716,0.195101,-0.0342592,-0.0611703,-0.960646,0,0,-0.876455
1781247046344127,2.90423,0.060067,0.161278,-1.49527,0,0,-1.5813,0.060067,0.161278,0.0860307,0.192406,-0.0356105,-0.0652178,-0.95735,0,0,-0.878809
1781247046360127,2.92023,0.0587508,0.161373,-1.51028,0,0,-1.59892,0.0587508,0.161373,0.0886344,0.193259,-0.036886,-0.0677054,-0.954438,0,0,-0.881133
1781247046384127,2.94423,0.0568143,0.161366,-1.53281,0,0,-1.61657,0.0568143,0.161366,0.0837597,0.190479,-0.0385979,-0.0696,-0.952127,0,0,-0.883409
1781247046400127,2.96023,0.05554,0.161275,-1.54779,0,0,-1.63425,0.05554,0.161275,0.0864594,0.191232,-0.0403516,-0.0705852,-0.949526,0,0,-0.885637
1781247046424127,2.98423,0.0536686,0.161,-1.57019,0,0,-1.65197,0.0536686,0.161,0.0817827,0.188387,-0.0417155,-0.0727413,-0.945927,0,0,-0.887817
1781247046440127,3.00023,0.05242,0.160735,-1.58511,0,0,-1.66972,0.05242,0.160735,0.0846106,0.189057,-0.0443573,-0.0747927,-0.944524,0,0,-0.889948
1781247046456127,3.01623,0.0511689,0.160388,-1.60001,0,0,-1.68755,0.0511689,0.160388,0.0875411,0.189753,-0.0456321,-0.0772165,-0.941511,0,0,-0.892037
1781247046480127,3.04023,0.0493271,0.159708,-1.62234,0,0,-1.70542,0.0493271,0.159708,0.0830708,0.186656,-0.0456195,-0.0814171,-0.938657,0,0,-0.894079
1781247046504127,3.06423,0.0475216,0.158875,-1.64465,0,0,-1.72331,0.0475216,0.158875,0.0786605,0.18354,-0.0476013,-0.0837981,-0.935233,0,0,-0.896072
1781247046520127,3.08023,0.0463352,0.158223,-1.65948,0,0,-1.74125,0.0463352,0.158223,0.0817624,0.184029,-0.0474777,-0.0864911,-0.93442,0,0,-0.898019
1781247046544127,3.10423,0.0446011,0.157114,-1.68176,0,0,-1.75922,0.0446011,0.157114,0.0774571,0.180759,-0.0476182,-0.0900211,-0.93147,0,0,-0.899919
1781247046560127,3.12023,0.0434743,0.15628,-1.69662,0,0,-1.77724,0.0434743,0.15628,0.0806156,0.181142,-0.047095,-0.0929094,-0.929357,0,0,-0.901773
1781247046584127,3.14423,0.0418359,0.154896,-1.71884,0,0,-1.7953,0.0418359,0.154896,0.0764589,0.177733,-0.0465894,-0.0965531,-0.927628,0,0,-0.90358
1781247046600127,3.16023,0.0407649,0.153882,-1.73364,0,0,-1.81338,0.0407649,0.153882,0.0797336,0.178042,-0.0474732,-0.0993544,-0.926641,0,0,-0.905339
1781247046624127,3.18423,0.0392047,0.152261,-1.75583,0,0,-1.83149,0.0392047,0.152261,0.0756658,0.174487,-0.0461227,-0.100931,-0.92413,0,0,-0.907051
1781247046640127,3.20023,0.0381891,0.151111,-1.7706,0,0,-1.84966,0.0381891,0.151111,0.0790572,0.174765,-0.0463186,-0.103161,-0.922606,0,0,-0.908717
1781247046664127,3.22423,0.0366993,0.149292,-1.79269,0,0,-1.86783,0.0366993,0.149292,0.0751407,0.171117,-0.0456369,-0.104894,-0.9207,0,0,-0.910336
1781247046680127,3.24023,0.03574,0.148032,-1.80737,0,0,-1.88605,0.03574,0.148032,0.0786756,0.171408,-0.0456108,-0.106056,-0.917967,0,0,-0.911907
1781247046704127,3.26423,0.0343552,0.146056,-1.82938,0,0,-1.90429,0.0343552,0.146056,0.0749093,0.167702,-0.0435571,-0.10821,-0.91458,0,0,-0.913431
1781247046720127,3.28023,0.0326311,0.145602,-1.8436,0,0,-1.92258,0.0326311,0.145602,0.0789779,0.168826,-0.0449925,-0.109285,-0.912684,0,0,-0.914911
1781247046744127,3.30423,0.0301113,0.14479,-1.86496,0,0,-1.94089,0.0301113,0.14479,0.0759307,0.166242,-0.0456688,-0.109339,-0.91002,0,0,-0.916343
1781247046760127,3.32023,0.0284905,0.14417,-1.87918,0,0,-1.95921,0.0284905,0.14417,0.0800264,0.167335,-0.0459441,-0.109838,-0.907837,0,0,-0.917726
1781247046784127,3.34423,0.0261504,0.143119,-1.90048,0,0,-1.97757,0.0261504,0.143119,0.0770916,0.164652,-0.045942,-0.110102,-0.906077,0,0,-0.919064
1781247046800127,3.36023,0.0246325,0.142349,-1.9147,0,0,-1.99603,0.0246325,0.142349,0.0813265,0.165783,-0.0467322,-0.111302,-0.906056,0,0,-0.920359
1781247046816127,3.37623,0.0231617,0.141519,-1.92892,0,0,-2.01441,0.0231617,0.141519,0.0854831,0.166947,-0.0454751,-0.110534,-0.905107,0,0,-0.921601
1781247046840127,3.40023,0.0210476,0.140207,-1.95035,0,0,-2.03285,0.0210476,0.140207,0.0825033,0.164036,-0.0444882,-0.111221,-0.903927,0,0,-0.922798
1781247046864127,3.42423,0.0190265,0.138776,-1.97177,0,0,-2.05129,0.0190265,0.138776,0.0795207,0.161072,-0.0444414,-0.112181,-0.903536,0,0,-0.923947
1781247046880127,3.44023,0.0177149,0.137753,-1.98605,0,0,-2.06978,0.0177149,0.137753,0.0837235,0.162171,-0.0448641,-0.112829,-0.903929,0,0,-0.925051
1781247046896127,3.45623,0.0164378,0.136694,-2.00037,0,0,-2.08828,0.0164378,0.136694,0.0879097,0.163351,-0.0436457,-0.112535,-0.903585,0,0,-0.926107
1781247046920127,3.48023,0.0146279,0.135027,-2.02179,0,0,-2.10681,0.0146279,0.135027,0.0850201,0.160233,-0.0413782,-0.113825,-0.903146,0,0,-0.927117
1781247046944127,3.50423,0.012924,0.133261,-2.04321,0,0,-2.12541,0.012924,0.133261,0.0821929,0.157102,-0.0398547,-0.113907,-0.902406,0,0,-0.928082
1781247046960127,3.52023,0.0118422,0.132043,-2.05753,0,0,-2.14401,0.0118422,0.132043,0.0864849,0.158289,-0.038999,-0.113715,-0.9028,0,0,-0.929
1781247046984127,3.54423,0.0102922,0.130178,-2.0791,0,0,-2.16257,0.0102922,0.130178,0.0834701,0.154982,-0.0372699,-0.112704,-0.902689,0,0,-0.929868
1781247047000127,3.56023,0.0093127,0.128908,-2.09351,0,0,-2.18118,0.0093127,0.128908,0.087676,0.156177,-0.0361516,-0.112462,-0.90281,0,0,-0.930691
1781247047024127,3.58423,0.007903,0.126963,-2.11508,0,0,-2.19978,0.007903,0.126963,0.0847025,0.152829,-0.0358073,-0.112565,-0.901317,0,0,-0.931466
1781247047040127,3.60023,0.00699561,0.125616,-2.12946,0,0,-2.2184,0.00699561,0.125616,0.0889492,0.154079,-0.0350044,-0.11328,-0.901692,0,0,-0.932194
1781247047064127,3.62423,0.00570511,0.123538,-2.15109,0,0,-2.23697,0.00570511,0.123538,0.0858812,0.150565,-0.0329225,-0.113621,-0.902238,0,0,-0.932873
1781247047080127,3.64023,0.00489136,0.122115,-2.16553,0,0,-2.25565,0.00489136,0.122115,0.090126,0.151851,-0.0330014,-0.114458,-0.902204,0,0,-0.933508
1781247047104127,3.66423,0.0037085,0.11994,-2.18716,0,0,-2.27432,0.0037085,0.11994,0.0871592,0.148311,-0.0326001,-0.11406,-0.903308,0,0,-0.934096
1781247047120127,3.68023,0.00170115,0.11898,-2.20123,0,0,-2.29307,0.00170115,0.11898,0.0918374,0.150311,-0.0330535,-0.111858,-0.902941,0,0,-0.93464
1781247047144127,3.70423,-0.00118689,0.11752,-2.22235,0,0,-2.31178,-0.00118689,0.11752,0.0894279,0.147681,-0.0339017,-0.109252,-0.902612,0,0,-0.935134
1781247047160127,3.72023,-0.00303832,0.116524,-2.23648,0,0,-2.33045,-0.00303832,0.116524,0.0939705,0.149725,-0.03431,-0.108132,-0.902836,0,0,-0.935581
1781247047184211,3.74432,-0.00566916,0.114975,-2.25772,0,0,-2.34911,-0.00566916,0.114975,0.0913882,0.14698,-0.0328705,-0.107385,-0.902688,0,0,-0.93598
1781247047200211,3.76032,-0.00734775,0.113909,-2.27194,0,0,-2.36783,-0.00734775,0.113909,0.0958848,0.149074,-0.0337058,-0.107129,-0.902981,0,0,-0.936334
1781247047224211,3.78432,-0.00976459,0.112269,-2.29333,0,0,-2.38657,-0.00976459,0.112269,0.0932381,0.146264,-0.0337451,-0.105301,-0.904388,0,0,-0.936642
1781247047240211,3.80032,-0.0113131,0.111155,-2.30759,0,0,-2.40531,-0.0113131,0.111155,0.0977244,0.148437,-0.0326882,-0.105171,-0.904152,0,0,-0.936902
1781247047264211,3.82432,-0.0135055,0.109433,-2.32901,0,0,-2.42403,-0.0135055,0.109433,0.0950246,0.14556,-0.031173,-0.104559,-0.904413,0,0,-0.937115
1781247047280211,3.84032,-0.0148895,0.10827,-2.34332,0,0,-2.44275,-0.0148895,0.10827,0.0994265,0.147749,-0.02968,-0.103383,-0.904517,0,0,-0.937281
1781247047304211,3.86432,-0.0168427,0.106489,-2.36481,0,0,-2.46149,-0.0168427,0.106489,0.0966809,0.144813,-0.0284159,-0.10285,-0.904432,0,0,-0.937401
1781247047320211,3.88032,-0.0180866,0.105283,-2.37915,0,0,-2.48025,-0.0180866,0.105283,0.101101,0.147082,-0.0282879,-0.102256,-0.904006,0,0,-0.937474
1781247047344211,3.90432,-0.019858,0.103433,-2.40063,0,0,-2.49895,-0.019858,0.103433,0.0983129,0.144077,-0.0271658,-0.102844,-0.90403,0,0,-0.9375
1781247047360211,3.92032,-0.0209822,0.102169,-2.41501,0,0,-2.51779,-0.0209822,0.102169,0.102783,0.146435,-0.0269821,-0.101913,-0.905433,0,0,-0.937479
1781247047384211,3.94432,-0.0225799,0.10026,-2.43655,0,0,-2.53651,-0.0225799,0.10026,0.0999575,0.143365,-0.0253894,-0.101009,-0.904441,0,0,-0.937411
1781247047400211,3.96032,-0.0235895,0.0989645,-2.45093,0,0,-2.5552,-0.0235895,0.0989645,0.104277,0.145685,-0.0245314,-0.10093,-0.905432,0,0,-0.937297
1781247047424211,3.98432,-0.0250007,0.0969948,-2.47256,0,0,-2.57393,-0.0250007,0.0969948,0.101365,0.142506,-0.0222837,-0.100384,-0.904967,0,0,-0.937136
1781247047440211,4.00032,-0.0258817,0.0956736,-2.48697,0,0,-2.59265,-0.0258817,0.0956736,0.105682,0.144886,-0.0215666,-0.100151,-0.904225,0,0,-0.936927
1781247047464211,4.02432,-0.0271211,0.0936424,-2.50858,0,0,-2.6114,-0.0271211,0.0936424,0.102829,0.141698,-0.0198869,-0.0996766,-0.904886,0,0,-0.936672
1781247047480211,4.04032,-0.0278828,0.0922924,-2.52307,0,0,-2.63012,-0.0278828,0.0922924,0.107049,0.144065,-0.0185071,-0.0984307,-0.90503,0,0,-0.93637
1781247047504211,4.06432,-0.0289493,0.09027,-2.5448,0,0,-2.64884,-0.0289493,0.09027,0.104041,0.140753,-0.0171781,-0.0969123,-0.905514,0,0,-0.936022
1781247047520211,4.08032,-0.0308638,0.0892137,-2.55899,0,0,-2.66758,-0.0308638,0.0892137,0.108588,0.143885,-0.0172717,-0.0963782,-0.906633,0,0,-0.935625
1781247047544211,4.10432,-0.0335668,0.0875959,-2.58032,0,0,-2.68629,-0.0335668,0.0875959,0.105967,0.141523,-0.0164465,-0.0957399,-0.905161,0,0,-0.935183
1781247047560211,4.12032,-0.0352595,0.0864798,-2.59454,0,0,-2.70498,-0.0352595,0.0864798,0.110434,0.144629,-0.0146619,-0.0962423,-0.904694,0,0,-0.934693
1781247047584211,4.14432,-0.0376335,0.084783,-2.61591,0,0,-2.72368,-0.0376335,0.084783,0.107773,0.142195,-0.0138386,-0.0947526,-0.904099,0,0,-0.934157
1781247047600211,4.16032,-0.0391142,0.0836427,-2.63016,0,0,-2.74232,-0.0391142,0.0836427,0.112166,0.145283,-0.0128159,-0.093469,-0.903992,0,0,-0.933574
1781247047624211,4.18432,-0.0412099,0.0819239,-2.65161,0,0,-2.76099,-0.0412099,0.0819239,0.109381,0.142737,-0.0128874,-0.092657,-0.904046,0,0,-0.932944
1781247047640211,4.20032,-0.042532,0.0807626,-2.66592,0,0,-2.77961,-0.042532,0.0807626,0.113682,0.145791,-0.0123537,-0.0912197,-0.90382,0,0,-0.932269
1781247047664211,4.22432,-0.0443878,0.0790377,-2.68741,0,0,-2.79827,-0.0443878,0.0790377,0.110858,0.143202,-0.0110367,-0.0893197,-0.90235,0,0,-0.931544
1781247047680211,4.24032,-0.0455547,0.0778807,-2.70172,0,0,-2.81689,-0.0455547,0.0778807,0.115165,0.146299,-0.010866,-0.0886856,-0.902211,0,0,-0.930773
1781247047696211,4.25632,-0.046665,0.0767248,-2.71603,0,0,-2.83547,-0.046665,0.0767248,0.119441,0.149434,-0.0104967,-0.087482,-0.90155,0,0,-0.929957
1781247047720211,4.28032,-0.0482169,0.0749991,-2.73752,0,0,-2.85406,-0.0482169,0.0749991,0.116544,0.146738,-0.00871611,-0.0857092,-0.901215,0,0,-0.929092
1781247047744211,4.30432,-0.0496403,0.0732672,-2.759,0,0,-2.87262,-0.0496403,0.0732672,0.113613,0.144015,-0.00735581,-0.0852472,-0.900385,0,0,-0.928182
1781247047760211,4.32032,-0.0505142,0.0721039,-2.77335,0,0,-2.89137,-0.0505142,0.0721039,0.118019,0.147239,-0.00604876,-0.0846842,-0.899272,0,0,-0.927214
1781247047784211,4.34432,-0.0516781,0.0703258,-2.79483,0,0,-2.90982,-0.0516781,0.0703258,0.114986,0.144354,-0.00241176,-0.0854442,-0.89815,0,0,-0.926213
1781247047800211,4.36032,-0.0523838,0.0691228,-2.80917,0,0,-2.92824,-0.0523838,0.0691228,0.119065,0.147304,-0.00266555,-0.0845834,-0.897607,0,0,-0.925166
1781247047824211,4.38432,-0.0533527,0.0673445,-2.83066,0,0,-2.94682,-0.0533527,0.0673445,0.116161,0.144483,-0.000926409,-0.0829885,-0.897376,0,0,-0.924062
1781247047840211,4.40032,-0.053935,0.0661605,-2.845,0,0,-2.96525,-0.053935,0.0661605,0.120245,0.147462,0.000315686,-0.0813242,-0.898122,0,0,-0.922919
1781247047864211,4.42432,-0.0546992,0.0643941,-2.86652,0,0,-2.98364,-0.0546992,0.0643941,0.117122,0.144417,0.00231588,-0.0811213,-0.897575,0,0,-0.92173
1781247047880211,4.44032,-0.0551608,0.0632092,-2.88086,0,0,-3.0021,-0.0551608,0.0632092,0.121237,0.147433,0.0021757,-0.0802658,-0.896882,0,0,-0.920488
1781247047904211,4.46432,-0.0558015,0.0614356,-2.90231,0,0,-3.02045,-0.0558015,0.0614356,0.118141,0.14438,0.00303485,-0.0796205,-0.896695,0,0,-0.919205
1781247047920211,4.48032,-0.0572866,0.0599675,-2.91641,0,0,-3.03884,-0.0572866,0.0599675,0.122432,0.147877,0.00302869,-0.0788697,-0.89562,0,0,-0.91787
1781247047944211,4.50432,-0.0593716,0.057822,-2.93756,0,0,-3.05717,-0.0593716,0.057822,0.119608,0.145514,0.00346034,-0.0764965,-0.892694,0,0,-0.916492
1781247047960211,4.52032,-0.0606531,0.0564165,-2.95163,0,0,-3.0754,-0.0606531,0.0564165,0.123774,0.148935,0.00421382,-0.0762974,-0.892333,0,0,-0.915071
1781247047984211,4.54432,-0.0624354,0.0543132,-2.97278,0,0,-3.09369,-0.0624354,0.0543132,0.120911,0.146518,0.00450457,-0.076016,-0.893005,0,0,-0.913598
1781247048000211,4.56032,-0.0635477,0.0529276,-2.98688,0,0,-3.11193,-0.0635477,0.0529276,0.125053,0.149926,0.00367261,-0.0752332,-0.892841,0,0,-0.912079
1781247048024211,4.58432,-0.0651211,0.0508881,-3.00809,0,0,-3.13013,-0.0651211,0.0508881,0.122038,0.147389,0.00299323,-0.0734521,-0.892401,0,0,-0.910514
1781247048040211,4.60032,-0.0661063,0.049558,-3.02222,0,0,-3.14832,-0.0661063,0.049558,0.126103,0.150758,0.00335407,-0.0717861,-0.890147,0,0,-0.9089
1781247048064211,4.62432,-0.0674629,0.0475955,-3.04337,0,0,-3.16648,-0.0674629,0.0475955,0.123116,0.148237,0.0040645,-0.0707995,-0.88848,0,0,-0.907239
1781247048080211,4.64032,-0.0683076,0.0463073,-3.05746,0,0,-3.18473,-0.0683076,0.0463073,0.127266,0.15168,0.00411906,-0.06966,-0.887299,0,0,-0.90552
1781247048104211,4.66432,-0.0694794,0.0444213,-3.07864,0,0,-3.20279,-0.0694794,0.0444213,0.124141,0.149036,0.00477744,-0.0677249,-0.885121,0,0,-0.903769
1781247048120211,4.68032,-0.0701887,0.0431942,-3.09271,0,0,-3.22083,-0.0701887,0.0431942,0.128116,0.152335,0.00618596,-0.0659431,-0.883512,0,0,-0.901968
1781247048144211,4.70432,-0.0711294,0.0414008,-3.11383,0,0,-3.23885,-0.0711294,0.0414008,0.125019,0.149677,0.00764929,-0.0643535,-0.882345,0,0,-0.90012
1781247048160211,4.72032,-0.0716989,0.0402197,-3.1279,0,0,-3.25679,-0.0716989,0.0402197,0.128888,0.152874,0.00800593,-0.0642278,-0.882153,0,0,-0.898229
1781247048184211,4.74432,-0.072445,0.038482,-3.14902,0,0,-3.27472,-0.072445,0.038482,0.125698,0.150097,0.010819,-0.0623965,-0.878723,0,0,-0.896289
1781247048200299,4.7604,-0.0728605,0.0373398,-3.16302,0,0,-3.29262,-0.0728605,0.0373398,0.129591,0.153286,0.0119441,-0.0622751,-0.876649,0,0,-0.8943
1781247048224299,4.7844,-0.0733915,0.0356228,-3.18402,0,0,-3.31055,-0.0733915,0.0356228,0.126528,0.150547,0.0137919,-0.06236,-0.874818,0,0,-0.892257
1781247048240299,4.8004,-0.0736838,0.0344951,-3.198,0,0,-3.32839,-0.0736838,0.0344951,0.130394,0.153694,0.0143904,-0.0611113,-0.875129,0,0,-0.890172
1781247048264299,4.8244,-0.0740127,0.0328304,-3.21896,0,0,-3.34623,-0.0740127,0.0328304,0.127266,0.150839,0.0177223,-0.0599667,-0.872298,0,0,-0.888035
1781247048280299,4.8404,-0.0741626,0.0317449,-3.23291,0,0,-3.36384,-0.0741626,0.0317449,0.130933,0.15379,0.018352,-0.0586443,-0.870369,0,0,-0.885874
1781247048304299,4.8644,-0.0743183,0.0301626,-3.25378,0,0,-3.38157,-0.0743183,0.0301626,0.127781,0.150867,0.0204022,-0.0569519,-0.867185,0,0,-0.883647
1781247048320299,4.8804,-0.0757974,0.0291086,-3.26758,0,0,-3.39915,-0.0757974,0.0291086,0.131575,0.154611,0.0210291,-0.0562365,-0.865631,0,0,-0.881385
1781247048344299,4.9044,-0.0778141,0.027577,-3.28824,0,0,-3.41672,-0.0778141,0.027577,0.12848,0.152717,0.0213787,-0.052965,-0.86427,0,0,-0.879073
1781247048360299,4.9204,-0.0790547,0.0265975,-3.302,0,0,-3.43428,-0.0790547,0.0265975,0.132277,0.156379,0.0217465,-0.0519958,-0.863262,0,0,-0.876709
1781247048384299,4.9444,-0.080756,0.0251842,-3.32263,0,0,-3.45183,-0.080756,0.0251842,0.129194,0.154425,0.0227186,-0.0491622,-0.861675,0,0,-0.874293
1781247048400299,4.9604,-0.0817864,0.0242691,-3.3364,0,0,-3.46924,-0.0817864,0.0242691,0.132846,0.15788,0.0219221,-0.0482092,-0.859192,0,0,-0.871842
1781247048424299,4.9844,-0.0832222,0.0229486,-3.3569,0,0,-3.48681,-0.0832222,0.0229486,0.129911,0.155979,0.0222523,-0.0461893,-0.854546,0,0,-0.869314
1781247048440299,5.0004,-0.0840724,0.0220802,-3.37054,0,0,-3.5041,-0.0840724,0.0220802,0.133556,0.159351,0.0239108,-0.0456924,-0.85241,0,0,-0.866773
1781247048464299,5.0244,-0.0851942,0.0208165,-3.39096,0,0,-3.52131,-0.0851942,0.0208165,0.130353,0.157109,0.025054,-0.0442967,-0.850546,0,0,-0.864189
1781247048480299,5.0404,-0.0858631,0.0199928,-3.40451,0,0,-3.5386,-0.0858631,0.0199928,0.134085,0.160471,0.0259,-0.043557,-0.847903,0,0,-0.86154
1781247048504299,5.0644,-0.0867354,0.0187812,-3.42484,0,0,-3.55578,-0.0867354,0.0187812,0.130946,0.158185,0.0273473,-0.0429144,-0.845817,0,0,-0.858851
1781247048520299,5.0804,-0.0872235,0.0179855,-3.43835,0,0,-3.57291,-0.0872235,0.0179855,0.134559,0.161361,0.0296378,-0.0420154,-0.843345,0,0,-0.856115
1781247048536299,5.0964,-0.0876268,0.0172114,-3.45184,0,0,-3.59,-0.0876268,0.0172114,0.138162,0.164509,0.0315378,-0.0401188,-0.840554,0,0,-0.85333
1781247048560299,5.1204,-0.0881175,0.0161155,-3.47198,0,0,-3.60722,-0.0881175,0.0161155,0.135235,0.162213,0.0316936,-0.0376467,-0.835959,0,0,-0.850468
1781247048584299,5.1444,-0.0884951,0.0150811,-3.492,0,0,-3.62403,-0.0884951,0.0150811,0.132028,0.159657,0.0325131,-0.0354191,-0.831654,0,0,-0.847617
1781247048600299,5.1604,-0.0886893,0.0144067,-3.50534,0,0,-3.64104,-0.0886893,0.0144067,0.135704,0.162754,0.0326947,-0.0358461,-0.830254,0,0,-0.844675
1781247048624299,5.1844,-0.088886,0.0133898,-3.52524,0,0,-3.65791,-0.088886,0.0133898,0.13267,0.160254,0.0338078,-0.0352772,-0.82736,0,0,-0.841702
1781247048640299,5.2004,-0.0889563,0.012732,-3.53848,0,0,-3.67469,-0.0889563,0.012732,0.136212,0.163184,0.0348931,-0.0344093,-0.825212,0,0,-0.838684
1781247048664299,5.2244,-0.0889583,0.0117607,-3.55823,0,0,-3.69148,-0.0889583,0.0117607,0.133249,0.160646,0.0358861,-0.0336415,-0.821614,0,0,-0.83561
1781247048680299,5.2404,-0.0888986,0.011128,-3.57135,0,0,-3.70816,-0.0888986,0.011128,0.136814,0.163538,0.0375618,-0.0329207,-0.818681,0,0,-0.832495
1781247048704299,5.26441,-0.0887087,0.0102042,-3.59097,0,0,-3.72475,-0.0887087,0.0102042,0.133775,0.160839,0.0394121,-0.031835,-0.815113,0,0,-0.82934
1781247048720299,5.28041,-0.0893181,0.0093928,-3.60379,0,0,-3.74119,-0.0893181,0.0093928,0.137398,0.164146,0.0403547,-0.0313188,-0.813992,0,0,-0.826155
1781247048744299,5.30441,-0.0900983,0.00820056,-3.62292,0,0,-3.75777,-0.0900983,0.00820056,0.134843,0.162381,0.0405025,-0.0310446,-0.809369,0,0,-0.822883
1781247048760299,5.32041,-0.0905258,0.00742765,-3.63565,0,0,-3.77415,-0.0905258,0.00742765,0.138501,0.165628,0.0416462,-0.0305634,-0.806869,0,0,-0.81959
1781247048784299,5.34441,-0.0910386,0.00629812,-3.65469,0,0,-3.79052,-0.0910386,0.00629812,0.135823,0.163632,0.0427677,-0.029463,-0.802422,0,0,-0.81624
1781247048800299,5.36041,-0.0913037,0.00558507,-3.66739,0,0,-3.80678,-0.0913037,0.00558507,0.139394,0.166728,0.0425766,-0.0278098,-0.800943,0,0,-0.812851
1781247048824299,5.38441,-0.0915746,0.00459845,-3.68637,0,0,-3.82298,-0.0915746,0.00459845,0.136612,0.164529,0.0440569,-0.0235707,-0.798009,0,0,-0.809413
1781247048840299,5.40041,-0.0916867,0.00399634,-3.69901,0,0,-3.83914,-0.0916867,0.00399634,0.140131,0.167508,0.0447389,-0.0223627,-0.795101,0,0,-0.805925
1781247048864299,5.42441,-0.0917595,0.0031296,-3.71793,0,0,-3.85525,-0.0917595,0.0031296,0.137323,0.165189,0.0449752,-0.0220636,-0.792087,0,0,-0.802383
1781247048880299,5.44041,-0.0917437,0.00255364,-3.7305,0,0,-3.87128,-0.0917437,0.00255364,0.140783,0.168057,0.0461751,-0.0225985,-0.789186,0,0,-0.798795
1781247048904299,5.46441,-0.0915974,0.00171643,-3.7493,0,0,-3.88722,-0.0915974,0.00171643,0.137919,0.165574,0.0487766,-0.021025,-0.786724,0,0,-0.795167
1781247048920299,5.48041,-0.0914165,0.00117405,-3.76181,0,0,-3.90307,-0.0914165,0.00117405,0.141256,0.16826,0.0503045,-0.0218905,-0.783413,0,0,-0.791495
1781247048944299,5.5044,-0.0910487,0.000376192,-3.78046,0,0,-3.91877,-0.0910487,0.000376192,0.138313,0.165591,0.0517349,-0.0208157,-0.778386,0,0,-0.787793
1781247048960299,5.5204,-0.0907504,-0.00013075,-3.79285,0,0,-3.93447,-0.0907504,-0.00013075,0.141623,0.168204,0.0513515,-0.0197946,-0.775318,0,0,-0.784027
1781247048984299,5.5444,-0.0901947,-0.000857523,-3.81137,0,0,-3.9502,-0.0901947,-0.000857523,0.138828,0.165557,0.0553727,-0.0187905,-0.770478,0,0,-0.780189
1781247049000299,5.5604,-0.0897538,-0.00130883,-3.82367,0,0,-3.96567,-0.0897538,-0.00130883,0.141998,0.16799,0.0562908,-0.016279,-0.767544,0,0,-0.77635
1781247049024299,5.5844,-0.0890194,-0.00193192,-3.84201,0,0,-3.98116,-0.0890194,-0.00193192,0.13915,0.1652,0.0571439,-0.0154459,-0.762774,0,0,-0.772438
1781247049040299,5.6004,-0.0884814,-0.00232578,-3.85422,0,0,-3.99665,-0.0884814,-0.00232578,0.142432,0.167694,0.0584303,-0.0135056,-0.760553,0,0,-0.76846
1781247049064299,5.6244,-0.0875791,-0.00284997,-3.87247,0,0,-4.0119,-0.0875791,-0.00284997,0.139431,0.16468,0.0605201,-0.0115722,-0.756023,0,0,-0.764477
1781247049080299,5.6404,-0.0869252,-0.00317793,-3.88458,0,0,-4.02723,-0.0869252,-0.00317793,0.142646,0.167075,0.0608814,-0.0113184,-0.752446,0,0,-0.760405
1781247049104299,5.6644,-0.0858835,-0.00363344,-3.90268,0,0,-4.04237,-0.0858835,-0.00363344,0.139692,0.164022,0.0619577,-0.00991282,-0.748723,0,0,-0.756313
1781247049120299,5.6804,-0.0861381,-0.00466948,-3.91449,0,0,-4.05747,-0.0861381,-0.00466948,0.142977,0.166985,0.0608102,-0.00963026,-0.745085,0,0,-0.752165
1781247049144299,5.7044,-0.0864206,-0.00612549,-3.93213,0,0,-4.07254,-0.0864206,-0.00612549,0.140411,0.164989,0.0598504,-0.00892561,-0.740418,0,0,-0.747953
1781247049160299,5.7204,-0.0865398,-0.00705749,-3.94382,0,0,-4.08736,-0.0865398,-0.00705749,0.143541,0.167759,0.0597738,-0.00905494,-0.737202,0,0,-0.743743
1781247049184299,5.7444,-0.0866195,-0.00838672,-3.96133,0,0,-4.10216,-0.0866195,-0.00838672,0.14083,0.165548,0.0596124,-0.00904845,-0.73376,0,0,-0.739465
1781247049200386,5.76049,-0.0865983,-0.00923628,-3.97296,0,0,-4.11686,-0.0865983,-0.00923628,0.143899,0.168201,0.0600806,-0.00907653,-0.731084,0,0,-0.735147
1781247049224386,5.78449,-0.0864775,-0.0104621,-3.99036,0,0,-4.13159,-0.0864775,-0.0104621,0.141232,0.165935,0.0591466,-0.00951596,-0.72573,0,0,-0.730748
1781247049240386,5.80049,-0.0863462,-0.0112532,-4.00186,0,0,-4.14618,-0.0863462,-0.0112532,0.144314,0.168549,0.0590718,-0.00963546,-0.722456,0,0,-0.726317
1781247049264386,5.82449,-0.0860838,-0.0123646,-4.01913,0,0,-4.16066,-0.0860838,-0.0123646,0.141527,0.166112,0.0584128,-0.00775303,-0.719094,0,0,-0.721842
1781247049280386,5.84049,-0.085863,-0.0130594,-4.03058,0,0,-4.175,-0.085863,-0.0130594,0.144422,0.168525,0.0582761,-0.00705316,-0.715323,0,0,-0.717339
1781247049304386,5.86449,-0.0854598,-0.0140381,-4.04767,0,0,-4.18924,-0.0854598,-0.0140381,0.141576,0.165964,0.0576998,-0.00659899,-0.711643,0,0,-0.712791
1781247049320386,5.88049,-0.0851558,-0.0146556,-4.05899,0,0,-4.20346,-0.0851558,-0.0146556,0.144467,0.168336,0.0573968,-0.00533196,-0.707823,0,0,-0.708177
1781247049344386,5.90449,-0.0846334,-0.0155028,-4.07587,0,0,-4.21761,-0.0846334,-0.0155028,0.141748,0.165818,0.0573059,-0.00346071,-0.702497,0,0,-0.703503
1781247049360386,5.92049,-0.0842442,-0.0160187,-4.08704,0,0,-4.23165,-0.0842442,-0.0160187,0.144618,0.168131,0.0573329,-0.00282562,-0.699567,0,0,-0.698791
1781247049384386,5.94449,-0.0835869,-0.0167294,-4.10373,0,0,-4.24558,-0.0835869,-0.0167294,0.141854,0.165497,0.0584181,-0.00186491,-0.694879,0,0,-0.694036
1781247049400386,5.96049,-0.0831112,-0.017178,-4.11478,0,0,-4.25942,-0.0831112,-0.017178,0.144646,0.167705,0.0582728,-0.00142745,-0.69075,0,0,-0.689233
1781247049424386,5.98449,-0.0823232,-0.0177941,-4.13123,0,0,-4.27313,-0.0823232,-0.0177941,0.141909,0.165021,0.0593477,0.000332163,-0.684773,0,0,-0.684394
1781247049440386,6.00049,-0.0817493,-0.0181552,-4.14209,0,0,-4.28668,-0.0817493,-0.0181552,0.144592,0.167091,0.0602794,0.00229648,-0.679942,0,0,-0.679532
1781247049464386,6.02449,-0.0808549,-0.0186196,-4.15826,0,0,-4.30024,-0.0808549,-0.0186196,0.141973,0.16444,0.0587871,0.0046747,-0.673638,0,0,-0.674586
1781247049480386,6.04049,-0.0802334,-0.0188822,-4.16895,0,0,-4.31368,-0.0802334,-0.0188822,0.144732,0.166557,0.0590831,0.00568552,-0.669041,0,0,-0.669598
1781247049504386,6.06449,-0.0792658,-0.0192007,-4.18488,0,0,-4.32701,-0.0792658,-0.0192007,0.142132,0.163869,0.0592423,0.00822385,-0.6637,0,0,-0.664568
1781247049520386,6.08049,-0.0788698,-0.0199838,-4.19534,0,0,-4.34024,-0.0788698,-0.0199838,0.144899,0.166179,0.0586497,0.00979074,-0.659935,0,0,-0.659488
1781247049536386,6.09649,-0.078454,-0.0207098,-4.20578,0,0,-4.35338,-0.078454,-0.0207098,0.1476,0.168433,0.0572445,0.00993268,-0.656097,0,0,-0.65436
1781247049560386,6.12049,-0.0777889,-0.0217249,-4.22131,0,0,-4.36641,-0.0777889,-0.0217249,0.145098,0.166062,0.0571506,0.00984946,-0.648704,0,0,-0.649186
1781247049584386,6.14449,-0.0770431,-0.0226348,-4.23669,0,0,-4.37935,-0.0770431,-0.0226348,0.142654,0.163701,0.0582518,0.0122477,-0.643223,0,0,-0.643961
1781247049600386,6.16049,-0.0765088,-0.0231755,-4.24689,0,0,-4.39217,-0.0765088,-0.0231755,0.145283,0.165825,0.057819,0.0126359,-0.638762,0,0,-0.638694
1781247049616386,6.17649,-0.0759544,-0.0236786,-4.25702,0,0,-4.40488,-0.0759544,-0.0236786,0.147858,0.167904,0.0573973,0.0128948,-0.635155,0,0,-0.633384
1781247049640386,6.20049,-0.0750919,-0.0243615,-4.27209,0,0,-4.41752,-0.0750919,-0.0243615,0.145426,0.165472,0.0560722,0.0140675,-0.627775,0,0,-0.628008
1781247049664386,6.22449,-0.0741878,-0.0249649,-4.28705,0,0,-4.43003,-0.0741878,-0.0249649,0.142978,0.163002,0.0559245,0.0141603,-0.622579,0,0,-0.622598
1781247049680386,6.24049,-0.0735659,-0.0253327,-4.29694,0,0,-4.44242,-0.0735659,-0.0253327,0.145483,0.164982,0.0555962,0.0145047,-0.617729,0,0,-0.617143
1781247049704386,6.26449,-0.0726113,-0.0258237,-4.31161,0,0,-4.4547,-0.0726113,-0.0258237,0.143086,0.162521,0.0543837,0.0162593,-0.611265,0,0,-0.611642
1781247049720386,6.28049,-0.0719653,-0.026092,-4.32138,0,0,-4.46692,-0.0719653,-0.026092,0.145539,0.164443,0.0545384,0.0164112,-0.609857,0,0,-0.606073
1781247049744386,6.30449,-0.0709621,-0.0264545,-4.33591,0,0,-4.47891,-0.0709621,-0.0264545,0.143003,0.161818,0.0539073,0.0168678,-0.604191,0,0,-0.600511
1781247049760386,6.32049,-0.0702782,-0.0266586,-4.34555,0,0,-4.49088,-0.0702782,-0.0266586,0.14533,0.163617,0.0539717,0.0175561,-0.600205,0,0,-0.594858
1781247049784386,6.34449,-0.0691945,-0.0269016,-4.35986,0,0,-4.50271,-0.0691945,-0.0269016,0.142848,0.160988,0.055682,0.0186111,-0.593274,0,0,-0.589172
1781247049800386,6.36049,-0.0684477,-0.027028,-4.36932,0,0,-4.51444,-0.0684477,-0.027028,0.145117,0.16271,0.0548556,0.0190508,-0.58863,0,0,-0.583432
1781247049824386,6.38449,-0.067317,-0.0271594,-4.38342,0,0,-4.52605,-0.067317,-0.0271594,0.142626,0.160035,0.0551536,0.0204082,-0.583239,0,0,-0.577649
1781247049840386,6.40049,-0.0665305,-0.027215,-4.39276,0,0,-4.53753,-0.0665305,-0.027215,0.144767,0.161631,0.0554744,0.0200082,-0.57923,0,0,-0.571825
1781247049864386,6.42449,-0.065333,-0.0272683,-4.40668,0,0,-4.54891,-0.065333,-0.0272683,0.142233,0.158878,0.0548598,0.0212906,-0.571828,0,0,-0.565944
1781247049880386,6.44049,-0.0645272,-0.0272712,-4.41583,0,0,-4.56017,-0.0645272,-0.0272712,0.14434,0.160442,0.0548374,0.0211618,-0.567147,0,0,-0.560017
1781247049904386,6.46449,-0.0633069,-0.0272407,-4.42947,0,0,-4.57131,-0.0633069,-0.0272407,0.141832,0.15769,0.0539762,0.0214846,-0.559888,0,0,-0.554049
1781247049920386,6.48049,-0.0629913,-0.0278772,-4.43857,0,0,-4.58232,-0.0629913,-0.0278772,0.143755,0.159407,0.0553015,0.0220384,-0.555191,0,0,-0.548032
1781247049944386,6.50449,-0.0624179,-0.0287261,-4.45206,0,0,-4.59325,-0.0624179,-0.0287261,0.141191,0.157023,0.0565718,0.0225735,-0.547498,0,0,-0.541952
1781247049960386,6.52049,-0.0619876,-0.0292433,-4.46097,0,0,-4.604,-0.0619876,-0.0292433,0.143028,0.158602,0.0560267,0.0213757,-0.541707,0,0,-0.535856
1781247049984386,6.54449,-0.061307,-0.029938,-4.47409,0,0,-4.61465,-0.061307,-0.029938,0.140558,0.156241,0.0552626,0.0235945,-0.533667,0,0,-0.529698
1781247050000386,6.56049,-0.0608164,-0.0303387,-4.48273,0,0,-4.62518,-0.0608164,-0.0303387,0.142451,0.157833,0.056381,0.0234292,-0.529388,0,0,-0.523493
1781247050024386,6.58449,-0.0600154,-0.030869,-4.49557,0,0,-4.6356,-0.0600154,-0.030869,0.140028,0.155443,0.056174,0.0238876,-0.524581,0,0,-0.517229
1781247050040386,6.60049,-0.0594542,-0.0311878,-4.50406,0,0,-4.6459,-0.0594542,-0.0311878,0.141845,0.156932,0.0562657,0.0222907,-0.520094,0,0,-0.510917
1781247050064386,6.62449,-0.0585605,-0.0316379,-4.51663,0,0,-4.656,-0.0585605,-0.0316379,0.139369,0.154448,0.0560201,0.0224071,-0.513965,0,0,-0.504606
1781247050080386,6.64049,-0.0579503,-0.0318942,-4.52493,0,0,-4.66604,-0.0579503,-0.0318942,0.141107,0.155842,0.0556764,0.0228018,-0.509081,0,0,-0.498205
1781247050104386,6.66449,-0.0570257,-0.0322031,-4.53723,0,0,-4.67594,-0.0570257,-0.0322031,0.138709,0.153392,0.0535272,0.0238554,-0.501323,0,0,-0.491764
1781247050120386,6.68049,-0.0564046,-0.0323745,-4.54532,0,0,-4.68571,-0.0564046,-0.0323745,0.140394,0.154726,0.0535277,0.0236817,-0.496978,0,0,-0.485275
1781247050144386,6.70449,-0.0554367,-0.032571,-4.55734,0,0,-4.69532,-0.0554367,-0.032571,0.13798,0.152225,0.0533478,0.024787,-0.490859,0,0,-0.478761
1781247050160386,6.72049,-0.0547682,-0.0326637,-4.56525,0,0,-4.70485,-0.0547682,-0.0326637,0.139599,0.153475,0.0542233,0.0246819,-0.48572,0,0,-0.47217
1781247050184386,6.74449,-0.0537259,-0.0327712,-4.57693,0,0,-4.71423,-0.0537259,-0.0327712,0.137298,0.151034,0.0531213,0.0244986,-0.477316,0,0,-0.465534
1781247050200477,6.76058,-0.0530328,-0.0328113,-4.58459,0,0,-4.72347,-0.0530328,-0.0328113,0.138877,0.152237,0.0525451,0.0252318,-0.471646,0,0,-0.458863
1781247050224477,6.78458,-0.0519716,-0.0328134,-4.59595,0,0,-4.73257,-0.0519716,-0.0328134,0.136627,0.149816,0.0524046,0.0259109,-0.463759,0,0,-0.452146
1781247050240477,6.80058,-0.0512544,-0.0327776,-4.60339,0,0,-4.74154,-0.0512544,-0.0327776,0.138145,0.150948,0.0519875,0.026968,-0.458812,0,0,-0.445386
1781247050264477,6.82458,-0.0501477,-0.0326435,-4.61438,0,0,-4.75042,-0.0501477,-0.0326435,0.136038,0.148616,0.0530184,0.0295856,-0.449887,0,0,-0.438539
1781247050280477,6.84058,-0.0493833,-0.0325138,-4.62158,0,0,-4.75909,-0.0493833,-0.0325138,0.137505,0.149678,0.053132,0.0294954,-0.444742,0,0,-0.431703
1781247050304477,6.86458,-0.0482335,-0.0322859,-4.63223,0,0,-4.76765,-0.0482335,-0.0322859,0.135416,0.14733,0.052973,0.0291402,-0.437297,0,0,-0.424796
1781247050320477,6.88058,-0.0475132,-0.0325835,-4.63922,0,0,-4.77607,-0.0475132,-0.0325835,0.136851,0.148483,0.0530974,0.0286255,-0.432025,0,0,-0.417842
1781247050344477,6.90458,-0.0464259,-0.0329686,-4.64951,0,0,-4.78433,-0.0464259,-0.0329686,0.134829,0.14636,0.050865,0.0293213,-0.422984,0,0,-0.41086
1781247050360477,6.92058,-0.0457157,-0.0331707,-4.65625,0,0,-4.7925,-0.0457157,-0.0331707,0.136251,0.147495,0.0501079,0.0294305,-0.416663,0,0,-0.403792
1781247050384477,6.94458,-0.0446184,-0.0333965,-4.66617,0,0,-4.80054,-0.0446184,-0.0333965,0.134373,0.145473,0.0510953,0.0301121,-0.408304,0,0,-0.396664
1781247050400477,6.96058,-0.0438607,-0.0335143,-4.6727,0,0,-4.80835,-0.0438607,-0.0335143,0.135651,0.146452,0.0515777,0.0295759,-0.404024,0,0,-0.389569
1781247050424477,6.98458,-0.0427194,-0.0336205,-4.68234,0,0,-4.81607,-0.0427194,-0.0336205,0.133727,0.144354,0.050134,0.0311573,-0.395483,0,0,-0.382378
1781247050440477,7.00058,-0.0419666,-0.0336473,-4.68866,0,0,-4.82363,-0.0419666,-0.0336473,0.134974,0.145297,0.0493626,0.0312582,-0.389539,0,0,-0.375152
1781247050464477,7.02458,-0.0408381,-0.0336392,-4.69794,0,0,-4.83107,-0.0408381,-0.0336392,0.133135,0.143263,0.0483857,0.0318293,-0.381665,0,0,-0.367859
1781247050480477,7.04058,-0.0400761,-0.0335814,-4.70404,0,0,-4.83836,-0.0400761,-0.0335814,0.134318,0.144136,0.0493902,0.0337976,-0.374588,0,0,-0.360525
1781247050504477,7.06458,-0.0389068,-0.0334198,-4.71301,0,0,-4.8455,-0.0389068,-0.0334198,0.132485,0.142066,0.0490795,0.0346641,-0.365105,0,0,-0.353145
1781247050520477,7.08058,-0.03812,-0.0332764,-4.71884,0,0,-4.85248,-0.03812,-0.0332764,0.133634,0.142893,0.0495814,0.0353763,-0.359229,0,0,-0.345732
1781247050544477,7.10458,-0.0369235,-0.0329874,-4.72742,0,0,-4.85934,-0.0369235,-0.0329874,0.131927,0.140912,0.0492208,0.0370084,-0.349218,0,0,-0.338229
1781247050560477,7.12058,-0.036125,-0.0327495,-4.733,0,0,-4.86601,-0.036125,-0.0327495,0.133006,0.141662,0.0485742,0.0378728,-0.344388,0,0,-0.330738
1781247050576477,7.13658,-0.0353256,-0.0324899,-4.73853,0,0,-4.87255,-0.0353256,-0.0324899,0.134021,0.142356,0.0485506,0.0378744,-0.339054,0,0,-0.323173
1781247050600477,7.16058,-0.0341082,-0.0320522,-4.74664,0,0,-4.87893,-0.0341082,-0.0320522,0.132283,0.140319,0.0494336,0.038509,-0.331707,0,0,-0.31557
1781247050624477,7.18458,-0.0328425,-0.0315984,-4.75461,0,0,-4.88516,-0.0328425,-0.0315984,0.130549,0.138276,0.0513441,0.036839,-0.323209,0,0,-0.307915
1781247050640477,7.20058,-0.0319803,-0.0312913,-4.75983,0,0,-4.89124,-0.0319803,-0.0312913,0.131411,0.138819,0.0503921,0.036206,-0.317731,0,0,-0.300211
1781247050664477,7.22458,-0.030709,-0.0308177,-4.76743,0,0,-4.89717,-0.030709,-0.0308177,0.129745,0.136845,0.0493467,0.0362029,-0.307594,0,0,-0.292449
1781247050680477,7.24058,-0.0298651,-0.0304751,-4.77234,0,0,-4.90294,-0.0298651,-0.0304751,0.130601,0.137395,0.0491685,0.0374273,-0.301491,0,0,-0.284652
1781247050704477,7.26458,-0.0285922,-0.0299137,-4.77954,0,0,-4.90855,-0.0285922,-0.0299137,0.129012,0.135486,0.0492078,0.0376871,-0.290557,0,0,-0.276808
1781247050720477,7.28058,-0.0280857,-0.030329,-4.78424,0,0,-4.914,-0.0280857,-0.030329,0.129763,0.136188,0.0496239,0.0383814,-0.284232,0,0,-0.268923
1781247050744477,7.30458,-0.027289,-0.0308485,-4.79114,0,0,-4.91929,-0.027289,-0.0308485,0.128154,0.13461,0.0497725,0.0390379,-0.274811,0,0,-0.261
1781247050760477,7.32058,-0.0267291,-0.0311212,-4.79559,0,0,-4.92444,-0.0267291,-0.0311212,0.12885,0.135224,0.0496127,0.0394874,-0.266989,0,0,-0.252994
1781247050784477,7.34458,-0.0258552,-0.0314558,-4.80206,0,0,-4.92942,-0.0258552,-0.0314558,0.127359,0.13371,0.0499347,0.0387696,-0.258259,0,0,-0.244961
1781247050800477,7.36058,-0.0252497,-0.0316226,-4.80627,0,0,-4.93423,-0.0252497,-0.0316226,0.12796,0.134206,0.0502637,0.0396337,-0.251474,0,0,-0.236891
1781247050816477,7.37658,-0.0246147,-0.0317488,-4.81033,0,0,-4.93889,-0.0246147,-0.0317488,0.128557,0.134688,0.0505917,0.0388614,-0.24453,0,0,-0.228765
1781247050840477,7.40058,-0.0236463,-0.0318782,-4.81622,0,0,-4.94337,-0.0236463,-0.0318782,0.127147,0.133198,0.0497327,0.0391513,-0.232694,0,0,-0.220617
1781247050864477,7.42458,-0.0226704,-0.0319347,-4.82184,0,0,-4.94771,-0.0226704,-0.0319347,0.125875,0.131827,0.0487145,0.0389439,-0.222845,0,0,-0.212368
1781247050880477,7.44058,-0.0220195,-0.0319303,-4.82547,0,0,-4.95187,-0.0220195,-0.0319303,0.126403,0.13222,0.0482333,0.0395211,-0.216399,0,0,-0.204112
1781247050904477,7.46458,-0.021034,-0.0318237,-4.83066,0,0,-4.95587,-0.021034,-0.0318237,0.125216,0.130897,0.0477192,0.0419088,-0.205997,0,0,-0.195793
1781247050920477,7.48058,-0.0203654,-0.0316985,-4.83401,0,0,-4.9597,-0.0203654,-0.0316985,0.125689,0.131214,0.0474769,0.0420129,-0.200308,0,0,-0.187436
1781247050944477,7.50458,-0.0193673,-0.0314727,-4.83881,0,0,-4.96339,-0.0193673,-0.0314727,0.124582,0.129948,0.0455775,0.0420469,-0.190542,0,0,-0.178979
1781247050960477,7.52058,-0.0187269,-0.0312844,-4.84189,0,0,-4.96687,-0.0187269,-0.0312844,0.124984,0.130194,0.0432271,0.0416776,-0.183819,0,0,-0.170551
1781247050984477,7.54458,-0.0177972,-0.0309641,-4.84631,0,0,-4.9702,-0.0177972,-0.0309641,0.123884,0.128929,0.0417857,0.0414769,-0.174258,0,0,-0.162051
1781247051000477,7.56058,-0.0171808,-0.0307183,-4.84915,0,0,-4.97335,-0.0171808,-0.0307183,0.124194,0.129085,0.0411741,0.0426106,-0.167331,0,0,-0.153521
1781247051024477,7.58458,-0.0162521,-0.0302924,-4.85318,0,0,-4.97633,-0.0162521,-0.0302924,0.123147,0.127855,0.0416132,0.0419383,-0.157791,0,0,-0.144934
1781247051040477,7.60058,-0.0156125,-0.0300035,-4.85571,0,0,-4.97914,-0.0156125,-0.0300035,0.123424,0.127974,0.0415313,0.0409432,-0.149861,0,0,-0.136299
1781247051056477,7.61658,-0.0149866,-0.0297015,-4.85812,0,0,-4.98178,-0.0149866,-0.0297015,0.123656,0.128053,0.0398418,0.041476,-0.143876,0,0,-0.127595
1781247051080477,7.64058,-0.0140652,-0.0291885,-4.86154,0,0,-4.98424,-0.0140652,-0.0291885,0.122698,0.126904,0.0382793,0.0419501,-0.133353,0,0,-0.118876
1781247051104477,7.66458,-0.0131695,-0.0286333,-4.86475,0,0,-4.98653,-0.0131695,-0.0286333,0.121782,0.125794,0.0369367,0.0425495,-0.12412,0,0,-0.110098
1781247051120477,7.68058,-0.0134002,-0.0293446,-4.86661,0,0,-4.98864,-0.0134002,-0.0293446,0.122035,0.126227,0.0356433,0.0430807,-0.117122,0,0,-0.101263
1781247051144477,7.70458,-0.013715,-0.0303048,-4.86917,0,0,-4.99058,-0.013715,-0.0303048,0.121404,0.125879,0.0331844,0.0416716,-0.106275,0,0,-0.0924037
1781247051160477,7.72058,-0.0138899,-0.0308644,-4.87076,0,0,-4.99233,-0.0138899,-0.0308644,0.121575,0.126199,0.0332369,0.0419784,-0.0992398,0,0,-0.0834829
1781247051184477,7.74458,-0.0141094,-0.031597,-4.87296,0,0,-4.99392,-0.0141094,-0.031597,0.12096,0.125812,0.0307914,0.0419261,-0.0898833,0,0,-0.0745035
1781247051200477,7.76058,-0.0142387,-0.0320155,-4.87433,0,0,-4.99531,-0.0142387,-0.0320155,0.120985,0.125957,0.0294112,0.0416391,-0.0837254,0,0,-0.0654933
1781247051224567,7.78467,-0.0143816,-0.0325277,-4.87616,0,0,-4.99653,-0.0143816,-0.0325277,0.120373,0.125517,0.0297379,0.0421712,-0.07447,0,0,-0.0564299
1781247051240567,7.80067,-0.0144281,-0.0328024,-4.87726,0,0,-4.99757,-0.0144281,-0.0328024,0.120314,0.125537,0.0302292,0.0431359,-0.0680367,0,0,-0.0472999
1781247051264567,7.82467,-0.0144667,-0.0331239,-4.87872,0,0,-4.99843,-0.0144667,-0.0331239,0.119703,0.125041,0.0289418,0.0428019,-0.0582447,0,0,-0.0381486
1781247051280567,7.84067,-0.0144738,-0.0332877,-4.87955,0,0,-4.9991,-0.0144738,-0.0332877,0.11955,0.124939,0.0277456,0.042878,-0.0503444,0,0,-0.0289391
1781247051304567,7.86467,-0.0145038,-0.0334478,-4.88055,0,0,-4.99958,-0.0145038,-0.0334478,0.11903,0.124488,0.0243224,0.0431141,-0.0386932,0,0,-0.0196874
1781247051320567,7.88067,-0.0145134,-0.0335057,-4.88107,0,0,-4.99988,-0.0145134,-0.0335057,0.118811,0.124295,0.0238755,0.0432183,-0.0307139,0,0,-0.0104037
1781247051336567,7.89667,-0.0145155,-0.0335281,-4.88147,0,0,-5,-0.0145155,-0.0335281,0.118529,0.124032,0.0229398,0.0429073,-0.0231269,0,0,-0.00105489
1781247051360567,7.92067,-0.0145022,-0.0334943,-4.88187,0.0222184,0.0222182,-5,-0.0367206,-0.0557125,0.118134,0.135675,0.0227988,0.0431106,-0.0115419,1.24999,1.24995,0
1781247051384567,7.94467,-0.0144168,-0.0334033,-4.88196,0.0472016,0.0471995,-5,-0.0616184,-0.0806028,0.118042,0.155652,0.0237474,0.0426145,-0.000814939,1.24994,1.24978,0
1781247051400567,7.96067,-0.0143145,-0.0332833,-4.88202,0.0722203,0.0722128,-5,-0.0865349,-0.105496,0.117981,0.180381,0.0260614,0.0447904,-0.00685585,1.24987,1.24948,0
1781247051424567,7.98467,-0.0140474,-0.0329796,-4.88239,0.0972287,0.0972104,-5,-0.111276,-0.13019,0.117615,0.207762,0.0294584,0.0481394,-0.0257111,1.24976,1.24905,0
1781247051440567,8.00067,-0.0138012,-0.0326794,-4.8829,0.12223,0.122194,-5,-0.136032,-0.154873,0.117096,0.237069,0.0325363,0.0523272,-0.0391912,1.24963,1.24851,0
1781247051464567,8.02467,-0.0132858,-0.0320306,-4.88406,0.147221,0.147157,-5,-0.160507,-0.179188,0.115936,0.267043,0.0385043,0.0600258,-0.0587691,1.24946,1.24783,0
1781247051480567,8.04067,-0.0128404,-0.0314722,-4.8851,0.172226,0.172124,-5,-0.185066,-0.203596,0.114899,0.298165,0.0436874,0.0656854,-0.072551,1.24926,1.24703,0
1781247051504567,8.06467,-0.0119642,-0.0303944,-4.88702,0.197207,0.197054,-5,-0.209171,-0.227448,0.112976,0.329012,0.0534117,0.0753973,-0.0898064,1.24903,1.24611,0
1781247051520567,8.08067,-0.0116353,-0.0308408,-4.88876,0.222177,0.221957,-5,-0.233812,-0.252798,0.111237,0.361868,0.06203,0.0842995,-0.100356,1.24877,1.24506,0
1781247051544567,8.10467,-0.0108238,-0.0310781,-4.8916,0.247213,0.246911,-5,-0.258037,-0.277989,0.108398,0.394476,0.0753719,0.0985532,-0.114871,1.24847,1.24389,0
1781247051560567,8.12067,-0.010038,-0.0309303,-4.89368,0.272123,0.271719,-5,-0.282161,-0.30265,0.106323,0.427219,0.0869931,0.109231,-0.124145,1.24815,1.24259,0
1781247051584567,8.14467,-0.00843859,-0.0302068,-4.89703,0.29706,0.296536,-5,-0.305499,-0.326742,0.102966,0.459012,0.107225,0.129257,-0.13582,1.24779,1.24118,0
1781247051600567,8.16067,-0.00705915,-0.0293594,-4.89941,0.322047,0.321378,-5,-0.329106,-0.350738,0.100586,0.491371,0.120637,0.144467,-0.143567,1.2474,1.23963,0
1781247051616567,8.17667,-0.00543182,-0.0281928,-4.90192,0.346948,0.346111,-5,-0.352379,-0.374304,0.0980835,0.52335,0.13586,0.160171,-0.151148,1.24699,1.23796,0
1781247051640567,8.20067,-0.00247633,-0.0258505,-4.90585,0.371867,0.370837,-5,-0.374343,-0.396687,0.0941467,0.553495,0.160077,0.185269,-0.159929,1.24654,1.23617,0
1781247051664567,8.22467,0.00112591,-0.0227422,-4.91,0.396645,0.395395,-5,-0.395519,-0.418137,0.0899963,0.582557,0.185562,0.212208,-0.169492,1.24606,1.23427,0
1781247051680567,8.24067,0.00389616,-0.0202578,-4.91278,0.421643,0.420141,-5,-0.417747,-0.440399,0.0872192,0.613246,0.2034,0.230366,-0.173482,1.24555,1.23222,0
1781247051704567,8.26467,0.00865989,-0.0158415,-4.91705,0.446444,0.444661,-5,-0.437785,-0.460503,0.0829468,0.640779,0.233611,0.261247,-0.177226,1.24501,1.23007,0
1781247051720567,8.28067,0.0122659,-0.0124353,-4.91995,0.471434,0.469334,-5,-0.459169,-0.48177,0.0800476,0.670332,0.254141,0.280857,-0.178906,1.24443,1.22777,0
1781247051744567,8.30467,0.0183255,-0.00662322,-4.92432,0.496287,0.493836,-5,-0.477962,-0.50046,0.0756836,0.696157,0.285765,0.313386,-0.181925,1.24383,1.22537,0
1781247051760567,8.32067,0.0227973,-0.00227337,-4.92725,0.521199,0.51836,-5,-0.498402,-0.520633,0.0727539,0.724401,0.305896,0.333893,-0.182408,1.24319,1.22284,0
1781247051784567,8.34467,0.0301779,0.00494407,-4.93167,0.546076,0.542809,-5,-0.515898,-0.537865,0.0683289,0.748411,0.33975,0.36481,-0.183841,1.24252,1.22018,0
1781247051800567,8.36067,0.0355617,0.0102286,-4.93466,0.570946,0.567212,-5,-0.535385,-0.556983,0.0653381,0.77533,0.361878,0.387199,-0.183637,1.24182,1.2174,0
1781247051824567,8.38467,0.044336,0.0188573,-4.93909,0.595819,0.591574,-5,-0.551483,-0.572716,0.0609131,0.797401,0.396864,0.41761,-0.182044,1.24109,1.2145,0
1781247051840567,8.40067,0.0506607,0.0250683,-4.94202,0.620392,0.615598,-5,-0.569732,-0.59053,0.0579834,0.822607,0.419415,0.440085,-0.180398,1.24034,1.21151,0
1781247051856567,8.41667,0.0573531,0.0316691,-4.94492,0.645346,0.639948,-5,-0.587993,-0.608279,0.0550842,0.847805,0.441779,0.462528,-0.178093,1.23954,1.20835,0
1781247051880567,8.44067,0.0680987,0.0422907,-4.94919,0.670079,0.664034,-5,-0.601981,-0.621744,0.0508118,0.866907,0.477049,0.495619,-0.174408,1.23872,1.2051,0
1781247051904567,8.46467,0.0797155,0.0537686,-4.95337,0.694815,0.688074,-5,-0.6151,-0.634305,0.0466309,0.884797,0.511235,0.528058,-0.169586,1.23787,1.20172,0
1781247051920567,8.48067,0.085452,0.0575328,-4.95566,0.719522,0.712033,-5,-0.63407,-0.6545,0.044342,0.91235,0.532246,0.547112,-0.167333,1.23699,1.19823,0
1781247051944567,8.50467,0.0949233,0.0642155,-4.95911,0.744215,0.735925,-5,-0.649292,-0.67171,0.0408936,0.935118,0.564225,0.577166,-0.1636,1.23608,1.19461,0
1781247051960567,8.52067,0.101809,0.0693234,-4.96136,0.768973,0.759824,-5,-0.667164,-0.690501,0.0386353,0.960933,0.585126,0.595725,-0.16117,1.23513,1.19087,0
1781247051984567,8.54467,0.112984,0.0779221,-4.96466,0.793719,0.783655,-5,-0.680735,-0.705733,0.0353394,0.981177,0.617939,0.623374,-0.15407,1.23415,1.187,0
1781247052000567,8.56067,0.120989,0.0842582,-4.9668,0.818323,0.807288,-5,-0.697334,-0.72303,0.0332031,1.00506,0.638451,0.641265,-0.151198,1.23315,1.18303,0
1781247052024567,8.58467,0.133777,0.094629,-4.96997,0.843067,0.830997,-5,-0.709291,-0.736368,0.0300293,1.02285,0.669074,0.669216,-0.146382,1.2321,1.17892,0
1781247052040567,8.60067,0.142827,0.102135,-4.97205,0.867505,0.854348,-5,-0.724678,-0.752212,0.0279541,1.04487,0.689924,0.688803,-0.142901,1.23104,1.17474,0
1781247052064567,8.62467,0.157174,0.114219,-4.97507,0.892215,0.877895,-5,-0.73504,-0.763676,0.0249329,1.06024,0.72084,0.715338,-0.137428,1.22994,1.1704,0
1781247052080567,8.64067,0.167244,0.122818,-4.97705,0.916862,0.901315,-5,-0.749618,-0.778497,0.0229492,1.08098,0.740983,0.733377,-0.134122,1.2288,1.16594,0
1781247052104567,8.66467,0.183091,0.136523,-4.97992,0.941417,0.92458,-5,-0.758326,-0.788057,0.0200806,1.09384,0.770818,0.761349,-0.127812,1.22764,1.16137,0
1781247052120567,8.68067,0.194141,0.146176,-4.98175,0.965953,0.947756,-5,-0.771812,-0.80158,0.0182495,1.1129,0.791661,0.778058,-0.124654,1.22645,1.15669,0
1781247052144567,8.70467,0.211439,0.161395,-4.98444,0.990304,0.970686,-5,-0.778865,-0.809291,0.015564,1.12331,0.819799,0.803914,-0.11909,1.22524,1.15193,0
1781247052160567,8.72067,0.223414,0.172028,-4.98618,1.01499,0.993857,-5,-0.791576,-0.821828,0.0138245,1.14113,0.838073,0.820458,-0.115118,1.22397,1.14698,0
1781247052184567,8.74467,0.242023,0.188665,-4.98865,1.03943,1.01672,-5,-0.797402,-0.828053,0.0113525,1.14963,0.865737,0.843459,-0.108299,1.22269,1.14196,0
1781247052200567,8.76067,0.254875,0.20019,-4.99023,1.06383,1.03947,-5,-0.808952,-0.839279,0.00976562,1.16571,0.883413,0.859424,-0.104048,1.22138,1.13683,0
1781247052224567,8.78467,0.274775,0.218168,-4.99249,1.08822,1.06214,-5,-0.813448,-0.843969,0.00750732,1.17219,0.910109,0.884047,-0.0982454,1.22004,1.13158,0
1781247052240661,8.80077,0.288475,0.230576,-4.99393,1.11253,1.08464,-5,-0.824056,-0.854066,0.006073,1.18682,0.928701,0.898839,-0.0954934,1.21866,1.12623,0
1781247052264661,8.82477,0.309647,0.249817,-4.99597,1.13678,1.10701,-5,-0.827134,-0.857194,0.00402832,1.1912,0.95497,0.921513,-0.0879728,1.21726,1.12077,0
1781247052280661,8.84077,0.324176,0.263038,-4.99725,1.16123,1.12947,-5,-0.837049,-0.866436,0.00274658,1.20473,0.974044,0.935273,-0.0838651,1.21582,1.11516,0
1781247052304661,8.86477,0.346606,0.28343,-4.99911,1.18549,1.15169,-5,-0.838887,-0.86826,0.00088501,1.20731,1.00038,0.955913,-0.0783915,1.21436,1.10946,0
1781247052320661,8.88077,0.360131,0.293672,-5.00043,1.20977,1.17383,-5,-0.849639,-0.880154,-0.000427246,1.22334,1.01728,0.967629,-0.075686,1.21286,1.10365,0
1781247052344661,8.90477,0.381129,0.309849,-5.00232,1.23397,1.1958,-5,-0.852845,-0.885955,-0.00231934,1.22974,1.04011,0.984896,-0.071924,1.21133,1.09773,0
1781247052360661,8.92077,0.395584,0.321152,-5.00354,1.25821,1.21772,-5,-0.862626,-0.896569,-0.00354004,1.24417,1.05494,0.99566,-0.067531,1.20978,1.09169,0
1781247052376661,8.93677,0.410378,0.332855,-5.00467,1.28238,1.23948,-5,-0.872002,-0.90663,-0.00466919,1.25793,1.06843,1.00706,-0.0655242,1.20819,1.08555,0
1781247052400661,8.96077,0.433176,0.351127,-5.00632,1.30651,1.26112,-5,-0.873332,-0.90999,-0.00631714,1.26128,1.08997,1.02352,-0.0618322,1.20657,1.0793,0
1781247052424661,8.98477,0.4567,0.370223,-5.00787,1.33063,1.28264,-5,-0.873928,-0.912421,-0.00787354,1.26346,1.10954,1.03923,-0.0574539,1.20492,1.07294,0
1781247052440661,9.00077,0.472748,0.383384,-5.00885,1.35474,1.30407,-5,-0.881993,-0.920682,-0.0088501,1.27501,1.12177,1.04935,-0.0549649,1.20324,1.06647,0
1781247052464661,9.02477,0.497357,0.40375,-5.01025,1.37864,1.3252,-5,-0.881283,-0.921448,-0.0102539,1.27508,1.1408,1.06466,-0.0515343,1.20154,1.05994,0
1781247052480661,9.04077,0.514117,0.417708,-5.01111,1.40266,1.34633,-5,-0.88854,-0.928625,-0.0111084,1.28529,1.15388,1.07329,-0.0470887,1.19981,1.05326,0
1781247052504661,9.06477,0.539778,0.439194,-5.0123,1.42661,1.36731,-5,-0.886832,-0.928114,-0.0122986,1.28375,1.17255,1.08726,-0.0422823,1.19804,1.04648,0
1781247052520661,9.08077,0.557222,0.453878,-5.01303,1.45055,1.38817,-5,-0.893328,-0.934289,-0.013031,1.29271,1.18382,1.09517,-0.0399548,1.19624,1.03959,0
1781247052544661,9.10477,0.583853,0.476387,-5.01407,1.47445,1.40889,-5,-0.890599,-0.932499,-0.0140686,1.28954,1.20111,1.10734,-0.0374878,1.19441,1.0326,0
1781247052560661,9.12077,0.601926,0.491719,-5.01471,1.49845,1.42958,-5,-0.896525,-0.937858,-0.0147095,1.29752,1.21333,1.11539,-0.0334278,1.19255,1.02546,0
1781247052584661,9.14477,0.629485,0.515176,-5.01553,1.52229,1.45002,-5,-0.892809,-0.934848,-0.0155334,1.29278,1.22915,1.1265,-0.0271899,1.19066,1.01826,0
1781247052600661,9.16077,0.648136,0.531103,-5.01599,1.54608,1.47031,-5,-0.897945,-0.939208,-0.0159912,1.29949,1.23892,1.13452,-0.0259948,1.18874,1.01096,0
1781247052624661,9.18477,0.676509,0.555421,-5.01669,1.56986,1.49048,-5,-0.893354,-0.935058,-0.0166931,1.29333,1.25385,1.14488,-0.0236724,1.18679,1.00355,0
1781247052640661,9.20077,0.695681,0.5719,-5.01706,1.59344,1.51036,-5,-0.897763,-0.938461,-0.0170593,1.29884,1.26277,1.15195,-0.0215888,1.18482,0.996094,0
1781247052664661,9.22477,0.72481,0.597,-5.01752,1.61721,1.53028,-5,-0.892403,-0.933284,-0.0175171,1.2914,1.27676,1.16075,-0.0177795,1.18281,0.988462,0
1781247052680661,9.24077,0.744472,0.613954,-5.01779,1.6407,1.54986,-5,-0.896233,-0.935903,-0.0177917,1.29594,1.28588,1.16588,-0.0156627,1.18079,0.980809,0
1781247052704661,9.26477,0.774317,0.639706,-5.01813,1.66428,1.56938,-5,-0.889967,-0.929676,-0.0181274,1.28712,1.29963,1.17426,-0.0121952,1.17872,0.973016,0
1781247052720661,9.28077,0.793803,0.655424,-5.01813,1.68784,1.58877,-5,-0.894038,-0.933343,-0.0181274,1.29258,1.30916,1.17782,-0.0109034,1.17663,0.965119,0
1781247052736661,9.29677,0.813505,0.671366,-5.01813,1.71135,1.60799,-5,-0.897843,-0.936619,-0.0181274,1.29758,1.31809,1.18212,-0.00963948,1.1745,0.957129,0
1781247052760661,9.32077,0.843456,0.695661,-5.0181,1.73489,1.62711,-5,-0.891436,-0.931448,-0.0180969,1.28941,1.33111,1.18688,-0.00635743,1.17234,0.949015,0
1781247052784661,9.34477,0.873851,0.720392,-5.01797,1.7582,1.64591,-5,-0.88435,-0.925521,-0.0179749,1.28023,1.34338,1.19121,-0.0022954,1.17017,0.940873,0
1781247052800661,9.36077,0.894337,0.737098,-5.01788,1.78157,1.66464,-5,-0.887236,-0.927544,-0.0178833,1.28368,1.35047,1.19432,-0.000156384,1.16796,0.9326,0
1781247052824661,9.38477,0.925394,0.762485,-5.0177,1.80491,1.68321,-5,-0.879514,-0.920723,-0.0177002,1.27342,1.36076,1.19931,0.002636,1.16572,0.924231,0
1781247052840661,9.40077,0.946298,0.779615,-5.01752,1.82818,1.70159,-5,-0.881877,-0.921974,-0.0175171,1.27595,1.36766,1.20232,0.00441303,1.16345,0.915778,0
1781247052856661,9.41677,0.96736,0.796888,-5.01736,1.85141,1.71981,-5,-0.884051,-0.922924,-0.0173645,1.27814,1.37509,1.20449,0.00510246,1.16115,0.907228,0
1781247052880661,9.44077,0.999248,0.823052,-5.01709,1.87477,1.73799,-5,-0.87552,-0.91494,-0.0170898,1.26647,1.38419,1.20683,0.00782106,1.1588,0.898524,0
1781247052904661,9.46477,1.03142,0.849486,-5.01675,1.89778,1.75577,-5,-0.866354,-0.90628,-0.0167542,1.25387,1.39184,1.20965,0.010279,1.15646,0.889844,0
1781247052920661,9.48077,1.05303,0.867243,-5.01651,1.92088,1.77347,-5,-0.867848,-0.906226,-0.01651,1.25486,1.39735,1.20962,0.0111985,1.15408,0.881023,0
1781247052944661,9.50477,1.08566,0.894081,-5.01605,1.94392,1.79099,-5,-0.858258,-0.896909,-0.0160522,1.2415,1.40441,1.21235,0.013715,1.15166,0.872117,0
1781247052960661,9.52077,1.10756,0.912086,-5.01575,1.96691,1.80833,-5,-0.859356,-0.896243,-0.0157471,1.24177,1.40845,1.21227,0.0138743,1.14922,0.863126,0
1781247052984661,9.54477,1.14059,0.939252,-5.01526,1.98979,1.82544,-5,-0.849201,-0.886186,-0.0152588,1.22748,1.41493,1.21372,0.0164593,1.14675,0.854075,0
1781247053000661,9.56077,1.16272,0.957472,-5.01492,2.01281,1.84251,-5,-0.850088,-0.885041,-0.0149231,1.22726,1.41888,1.21451,0.0160564,1.14424,0.844859,0
1781247053024661,9.58477,1.19611,0.984932,-5.0144,2.03563,1.85929,-5,-0.839524,-0.874356,-0.0144043,1.21223,1.4239,1.21424,0.0156619,1.14171,0.83562,0
1781247053040661,9.60077,1.21846,1.00331,-5.0141,2.05842,1.87589,-5,-0.839964,-0.872578,-0.0140991,1.21125,1.4269,1.21361,0.0151486,1.13916,0.826291,0
1781247053064661,9.62477,1.2521,1.03099,-5.01358,2.08115,1.89231,-5,-0.829053,-0.861321,-0.0135803,1.19557,1.4298,1.21282,0.0153696,1.13657,0.81688,0
1781247053080661,9.64077,1.2746,1.0495,-5.01324,2.10387,1.90856,-5,-0.829268,-0.859062,-0.0132446,1.19409,1.4321,1.21233,0.0157076,1.13396,0.807373,0
1781247053096661,9.65677,1.29717,1.06805,-5.01291,2.12651,1.9246,-5,-0.829347,-0.856556,-0.0129089,1.19234,1.43456,1.21168,0.0170321,1.13131,0.797794,0
1781247053120661,9.68077,1.3317,1.09474,-5.0123,2.14911,1.94046,-5,-0.817404,-0.845717,-0.0122986,1.17624,1.43866,1.20785,0.0172778,1.12864,0.788134,0
1781247053144661,9.70477,1.3666,1.12095,-5.01163,2.17164,1.95612,-5,-0.805041,-0.835163,-0.0116272,1.16005,1.44054,1.20348,0.0186406,1.12594,0.778396,0
1781247053160661,9.72077,1.3899,1.1385,-5.0112,2.19414,1.97159,-5,-0.804243,-0.833095,-0.0112,1.15801,1.44327,1.20058,0.0189249,1.12321,0.768574,0
1781247053176661,9.73677,1.41323,1.15607,-5.01074,2.21656,1.98685,-5,-0.803337,-0.830786,-0.0107422,1.15571,1.44552,1.19616,0.0198991,1.12046,0.758684,0
1781247053200661,9.76077,1.44825,1.18249,-5.01007,2.23894,2.00192,-5,-0.790692,-0.819438,-0.0100708,1.13876,1.44598,1.19089,0.0211477,1.11768,0.748716,0
1781247053216661,9.77677,1.47159,1.20013,-5.00961,2.26127,2.0168,-5,-0.789681,-0.816674,-0.00961304,1.13607,1.44576,1.18788,0.0211794,1.11486,0.738667,0
1781247053240755,9.80086,1.5066,1.22663,-5.00894,2.28352,2.03146,-5,-0.776921,-0.804833,-0.00894165,1.11868,1.4468,1.18207,0.0194547,1.11202,0.728552,0
1781247053264755,9.82486,1.54163,1.25316,-5.0083,2.30573,2.04593,-5,-0.764098,-0.792767,-0.00830078,1.10109,1.44722,1.17706,0.0199684,1.10916,0.71836,0
1781247053280755,9.84086,1.56499,1.27087,-5.00787,2.3279,2.0602,-5,-0.762907,-0.789337,-0.00787354,1.09779,1.44785,1.17317,0.02011,1.10626,0.708089,0
1781247053304755,9.86486,1.60002,1.2974,-5.00723,2.34996,2.07424,-5,-0.749942,-0.776845,-0.00723267,1.07979,1.44741,1.16562,0.0194332,1.10334,0.697768,0
1781247053320755,9.88086,1.62338,1.31506,-5.00681,2.372,2.08809,-5,-0.748616,-0.773035,-0.00680542,1.07613,1.44882,1.16037,0.0184441,1.10039,0.687363,0
1781247053344755,9.90486,1.65843,1.34149,-5.00626,2.39396,2.10173,-5,-0.735539,-0.760237,-0.0062561,1.05784,1.44808,1.15295,0.0181876,1.09741,0.676893,0
1781247053360755,9.92086,1.68178,1.35907,-5.00589,2.41589,2.11517,-5,-0.734111,-0.756095,-0.00588989,1.05387,1.44819,1.14572,0.0177215,1.0944,0.666346,0
1781247053384755,9.94486,1.7168,1.38533,-5.00537,2.43777,2.1284,-5,-0.720967,-0.743072,-0.00537109,1.03536,1.44738,1.13677,0.0163905,1.09137,0.655728,0
1781247053400755,9.96086,1.74012,1.40277,-5.00507,2.45957,2.14141,-5,-0.719445,-0.738643,-0.00506592,1.03113,1.44586,1.13038,0.0160218,1.0883,0.645052,0
1781247053424755,9.98486,1.77506,1.42881,-5.00458,2.48128,2.15419,-5,-0.70622,-0.725377,-0.00457764,1.01239,1.44427,1.11923,0.0154331,1.08522,0.634324,0
1781247053440755,10.0009,1.79832,1.44608,-5.00424,2.50292,2.16675,-5,-0.704603,-0.720673,-0.00424194,1.0079,1.44201,1.11211,0.0167029,1.08211,0.623537,0
1781247053464755,10.0249,1.83312,1.47184,-5.00375,2.52455,2.17912,-5,-0.691436,-0.707279,-0.00375366,0.989111,1.43732,1.10241,0.0167177,1.07896,0.612663,0
1781247053480755,10.0409,1.85625,1.48894,-5.00339,2.54612,2.19128,-5,-0.689864,-0.702341,-0.00338745,0.984483,1.4346,1.09546,0.0182705,1.07579,0.601728,0
1781247053504755,10.0649,1.89086,1.51442,-5.00287,2.56758,2.20319,-5,-0.676718,-0.688768,-0.00286865,0.965586,1.42983,1.08388,0.01793,1.0726,0.590756,0
1781247053520755,10.0809,1.91447,1.53117,-5.00256,2.58898,2.21488,-5,-0.674511,-0.683711,-0.00256348,0.960434,1.42759,1.07715,0.0181941,1.06938,0.579719,0
1781247053544755,10.1049,1.94975,1.55616,-5.00214,2.61034,2.22637,-5,-0.660591,-0.670207,-0.00213623,0.941043,1.42388,1.06547,0.0156029,1.06613,0.568614,0
1781247053560755,10.1209,1.97318,1.5727,-5.00189,2.63164,2.23763,-5,-0.658462,-0.664937,-0.00189209,0.935797,1.42097,1.05738,0.0146953,1.06285,0.557448,0
1781247053584755,10.1449,2.00819,1.59732,-5.00153,2.65282,2.24865,-5,-0.644635,-0.651335,-0.00152588,0.916402,1.41635,1.04372,0.0120965,1.05956,0.546254,0
1781247053600755,10.1609,2.03143,1.61358,-5.00134,2.67399,2.25947,-5,-0.642564,-0.645886,-0.00134277,0.911075,1.41361,1.03461,0.0109229,1.05622,0.534977,0
1781247053616755,10.1769,2.05461,1.62973,-5.00116,2.69508,2.27005,-5,-0.640463,-0.640316,-0.00115967,0.905648,1.41103,1.02602,0.0111491,1.05287,0.523657,0
1781247053640755,10.2009,2.08925,1.65379,-5.00089,2.71607,2.2804,-5,-0.626824,-0.626606,-0.00088501,0.88631,1.40597,1.01501,0.0108639,1.04949,0.512296,0
1781247053664755,10.2249,2.12372,1.6776,-5.00064,2.73702,2.29053,-5,-0.613301,-0.612931,-0.000640869,0.867077,1.4014,1.00076,0.00997588,1.04609,0.50087,0
1781247053680755,10.2409,2.14662,1.6933,-5.00046,2.75794,2.30044,-5,-0.61132,-0.607147,-0.000457764,0.861591,1.3983,0.989738,0.0102393,1.04265,0.489378,0
1781247053704755,10.2649,2.18081,1.71658,-5.00021,2.77872,2.3101,-5,-0.597903,-0.593517,-0.000213623,0.842467,1.39251,0.975157,0.00949934,1.03919,0.477874,0
1781247053720755,10.2809,2.20352,1.73194,-5.00006,2.79946,2.31953,-5,-0.595939,-0.587592,-6.10352e-05,0.836904,1.38884,0.966653,0.00835831,1.03571,0.466305,0
1781247053744755,10.3049,2.23742,1.75477,-4.99982,2.82013,2.32874,-5,-0.582702,-0.57397,0.000183105,0.817914,1.38266,0.953601,0.00908057,1.0322,0.454688,0
1781247053760755,10.3209,2.25992,1.76982,-4.99966,2.84072,2.33771,-5,-0.580795,-0.567894,0.000335693,0.812297,1.3784,0.942489,0.00835051,1.02866,0.443031,0
1781247053776755,10.3369,2.28234,1.78472,-4.99945,2.86127,2.34646,-5,-0.578928,-0.561743,0.000549316,0.806668,1.37437,0.932073,0.00808642,1.0251,0.431313,0
1781247053800755,10.3609,2.3158,1.80676,-4.99918,2.88173,2.35497,-5,-0.565933,-0.548207,0.000823975,0.787916,1.36627,0.915418,0.0084027,1.02151,0.419563,0
1781247053824755,10.3849,2.34904,1.82847,-4.9989,2.90203,2.3632,-5,-0.552989,-0.534729,0.00109863,0.769242,1.36004,0.900686,0.00701955,1.01791,0.407821,0
1781247053840755,10.4009,2.3711,1.84278,-4.99878,2.9224,2.37126,-5,-0.551298,-0.528479,0.0012207,0.76369,1.35462,0.891802,0.00656398,1.01426,0.395961,0
1781247053864755,10.4249,2.404,1.86395,-4.9986,2.94267,2.37907,-5,-0.538669,-0.515121,0.00140381,0.745329,1.34695,0.875101,0.00570963,1.01059,0.384072,0
1781247053880755,10.4409,2.42581,1.87785,-4.9985,2.96285,2.38663,-5,-0.537031,-0.50878,0.00149536,0.739772,1.34261,0.863614,0.00543992,1.0069,0.372155,0
1781247053896755,10.4569,2.44754,1.89159,-4.99841,2.9829,2.39394,-5,-0.535357,-0.502351,0.00158691,0.734143,1.33667,0.85273,0.00297667,1.00319,0.360229,0
1781247053920755,10.4809,2.48103,1.91201,-4.99799,3.00292,2.40102,-5,-0.521892,-0.48901,0.00201416,0.715197,1.32773,0.837162,0.00224723,0.999452,0.348246,0
1781247053944755,10.5049,2.51474,1.93213,-4.99747,3.02289,2.40787,-5,-0.508148,-0.475742,0.00253296,0.696097,1.31985,0.820531,0.00156305,0.995682,0.336213,0
1781247053960755,10.5209,2.53703,1.94533,-4.9971,3.04274,2.41447,-5,-0.505714,-0.46914,0.00289917,0.689817,1.31267,0.809393,0.00284173,0.991896,0.324173,0
1781247053984755,10.5449,2.57016,1.96479,-4.99655,3.06254,2.42083,-5,-0.492381,-0.456042,0.00344849,0.671137,1.30334,0.7923,0.00317918,0.988081,0.312087,0
1781247054000755,10.5609,2.59204,1.97754,-4.99622,3.08225,2.42695,-5,-0.490207,-0.449403,0.00378418,0.665041,1.29647,0.780673,0.00331193,0.984242,0.299973,0
1781247054024755,10.5849,2.62459,1.9963,-4.9957,3.10189,2.43282,-5,-0.477302,-0.436524,0.00430298,0.64683,1.28703,0.761437,0.00318494,0.980378,0.287827,0
1781247054040755,10.6009,2.6461,2.00857,-4.99539,3.12147,2.43846,-5,-0.475366,-0.42989,0.00460815,0.640936,1.28016,0.750506,0.00238981,0.976488,0.275645,0
1781247054064755,10.6249,2.67809,2.02664,-4.99487,3.14095,2.44385,-5,-0.46286,-0.417211,0.00512695,0.623162,1.27097,0.732364,0.00212763,0.972575,0.263443,0
1781247054080755,10.6409,2.69925,2.03845,-4.99457,3.16035,2.44899,-5,-0.461106,-0.410542,0.00543213,0.617408,1.2646,0.721145,0.00186671,0.968639,0.251218,0
1781247054104755,10.6649,2.73071,2.05581,-4.99411,3.17969,2.45389,-5,-0.448978,-0.398083,0.00588989,0.600072,1.25406,0.70297,0.00201031,0.964675,0.238956,0
1781247054120755,10.6809,2.75151,2.06715,-4.99384,3.19894,2.45855,-5,-0.447435,-0.391398,0.00616455,0.594499,1.24785,0.690903,0.00190421,0.960688,0.226676,0
1781247054144755,10.7049,2.78245,2.08379,-4.99341,3.21811,2.46296,-5,-0.435664,-0.379167,0.0065918,0.577593,1.23834,0.671935,0.000132663,0.95668,0.214377,0
1781247054160755,10.7209,2.80291,2.09464,-4.99316,3.23713,2.46711,-5,-0.434227,-0.372474,0.00683594,0.572133,1.23192,0.658948,-0.000644779,0.95266,0.202097,0
1781247054184755,10.7449,2.83335,2.11051,-4.99286,3.25621,2.47104,-5,-0.422857,-0.360525,0.00714111,0.555731,1.22204,0.640285,-0.00148148,0.948589,0.189713,0
1781247054200755,10.7609,2.85347,2.12085,-4.99268,3.27513,2.47471,-5,-0.421665,-0.353863,0.00732422,0.550522,1.21506,0.626205,-0.00189887,0.944508,0.177352,0
1781247054224755,10.7849,2.88338,2.13594,-4.99243,3.29395,2.47813,-5,-0.410569,-0.342186,0.00756836,0.534524,1.20424,0.606494,-0.000700933,0.94041,0.164992,0
1781247054240852,10.801,2.90314,2.14574,-4.99228,3.31273,2.48131,-5,-0.409586,-0.335566,0.00772095,0.529552,1.19746,0.593574,-0.000695813,0.936276,0.152582,0
1781247054264852,10.825,2.93252,2.16005,-4.99207,3.33142,2.48423,-5,-0.398905,-0.324188,0.00793457,0.514088,1.18533,0.572857,-0.00136614,0.932122,0.140162,0
1781247054280852,10.841,2.95192,2.16932,-4.99194,3.35005,2.48692,-5,-0.398139,-0.317602,0.00805664,0.509363,1.17802,0.560455,-0.00117687,0.927939,0.127713,0
1781247054304852,10.865,2.98076,2.18284,-4.99179,3.36853,2.48934,-5,-0.387772,-0.306499,0.00820923,0.494344,1.16727,0.541281,-0.000775135,0.92375,0.115302,0
1781247054320852,10.881,3.00054,2.19163,-4.99146,3.38699,2.49153,-5,-0.386448,-0.2999,0.00854492,0.489239,1.15964,0.528085,-0.00118214,0.91952,0.102828,0
1781247054344852,10.905,3.02992,2.20441,-4.99103,3.40527,2.49345,-5,-0.375354,-0.289039,0.00897217,0.47383,1.1502,0.50872,-0.00193991,0.915291,0.0904129,0
1781247054360852,10.921,3.04931,2.21267,-4.99075,3.42354,2.49514,-5,-0.374229,-0.282469,0.00924683,0.468958,1.14341,0.494709,-0.000792507,0.911023,0.0779395,0
1781247054384852,10.945,3.07809,2.22464,-4.99036,3.44173,2.49657,-5,-0.363643,-0.27193,0.00964355,0.454176,1.13224,0.475021,-0.000991555,0.906728,0.0654496,0
1781247054400852,10.961,3.09706,2.23237,-4.99014,3.45993,2.49776,-5,-0.362867,-0.265395,0.00985718,0.449671,1.12457,0.462613,-0.00275533,0.902389,0.0528897,0
1781247054424852,10.985,3.12524,2.24357,-4.98987,3.47779,2.49869,-5,-0.352549,-0.255113,0.0101318,0.435289,1.11572,0.443447,-0.00325383,0.898087,0.0404951,0
1781247054440852,11.001,3.14386,2.25078,-4.98972,3.4957,2.49937,-5,-0.351843,-0.248591,0.0102844,0.430925,1.10904,0.429771,-0.0041411,0.893731,0.0280072,0
1781247054464852,11.025,3.17151,2.26122,-4.98953,3.51353,2.49981,-5,-0.342018,-0.238588,0.0104675,0.417145,1.09893,0.412145,-0.00542655,0.889351,0.0155119,0
1781247054480852,11.041,3.18976,2.26793,-4.98944,3.53127,2.49999,-5,-0.341504,-0.232062,0.0105591,0.413025,1.09254,0.399279,-0.0060596,0.884949,0.00301496,0
1781247054504852,11.065,3.21688,2.27762,-4.98932,3.54892,2.49993,-5,-0.332034,-0.222308,0.0106812,0.399727,1.08264,0.380555,-0.00729948,0.880525,-0.00948002,0
1781247054520852,11.081,3.23479,2.28381,-4.98923,3.56651,2.49961,-5,-0.331724,-0.2158,0.0107727,0.395887,1.07541,0.365789,-0.00712498,0.87607,-0.022001,0
1781247054544852,11.105,3.26138,2.29268,-4.98917,3.58397,2.49905,-5,-0.322592,-0.206373,0.0108337,0.38311,1.06525,0.345306,-0.00727253,0.871606,-0.0344843,0
1781247054560852,11.121,3.27894,2.29831,-4.98914,3.60135,2.49823,-5,-0.322417,-0.199929,0.0108643,0.379529,1.05835,0.331034,-0.009259,0.867116,-0.0469747,0
1781247054584852,11.145,3.30502,2.30632,-4.98914,3.61866,2.49717,-5,-0.313635,-0.190847,0.0108643,0.367298,1.0493,0.310627,-0.0100995,0.862602,-0.0594696,0
1781247054600852,11.161,3.32227,2.3114,-4.98917,3.63586,2.49586,-5,-0.313591,-0.184452,0.0108337,0.363977,1.04252,0.29736,-0.00974636,0.85807,-0.0719449,0
1781247054624852,11.185,3.34787,2.31861,-4.9892,3.65296,2.49429,-5,-0.305081,-0.175685,0.0108032,0.352217,1.0324,0.277038,-0.00900942,0.853519,-0.0844087,0
1781247054640852,11.201,3.36478,2.32315,-4.98923,3.66996,2.49248,-5,-0.305179,-0.169333,0.0107727,0.349176,1.02569,0.26447,-0.00918826,0.848947,-0.0968615,0
1781247054664852,11.225,3.38992,2.32957,-4.98929,3.68692,2.49042,-5,-0.297005,-0.160844,0.0107117,0.337931,1.01632,0.244701,-0.0111573,0.844342,-0.109339,0
1781247054680852,11.241,3.40651,2.33359,-4.98938,3.70376,2.48811,-5,-0.297253,-0.154516,0.0106201,0.335183,1.00876,0.231103,-0.0118687,0.839723,-0.121785,0
1781247054704852,11.265,3.43115,2.3392,-4.98947,3.72048,2.48555,-5,-0.289332,-0.146355,0.0105286,0.324413,0.998557,0.210366,-0.0102373,0.83509,-0.134201,0
1781247054720852,11.281,3.44866,2.3427,-4.98929,3.73714,2.48274,-5,-0.288474,-0.140046,0.0107117,0.32085,0.991988,0.196269,-0.0107286,0.83043,-0.146619,0
1781247054736852,11.297,3.46598,2.34598,-4.98911,3.75368,2.47969,-5,-0.287699,-0.13371,0.0108948,0.317439,0.984688,0.184412,-0.00986033,0.825754,-0.159009,0
1781247054760852,11.321,3.49161,2.35053,-4.98883,3.77011,2.47639,-5,-0.2785,-0.125869,0.0111694,0.305826,0.974418,0.163887,-0.00993899,0.821062,-0.171372,0
1781247054784852,11.345,3.51686,2.35455,-4.98862,3.78656,2.47282,-5,-0.269704,-0.118279,0.0113831,0.294719,0.965475,0.141917,-0.0112834,0.816316,-0.183806,0
1781247054800852,11.361,3.53348,2.35694,-4.98849,3.80282,2.46903,-5,-0.269337,-0.112093,0.0115051,0.291958,0.957955,0.128531,-0.0107011,0.81158,-0.196141,0
1781247054824852,11.385,3.55808,2.36014,-4.98831,3.81902,2.46498,-5,-0.260941,-0.104838,0.0116882,0.281456,0.947648,0.109674,-0.00939944,0.806811,-0.208489,0
1781247054840852,11.401,3.57428,2.36201,-4.98819,3.83505,2.4607,-5,-0.260768,-0.09869,0.0118103,0.279068,0.941036,0.0956624,-0.00868608,0.802045,-0.220758,0
1781247054864852,11.425,3.59828,2.36438,-4.98801,3.85106,2.45616,-5,-0.25278,-0.0917761,0.0119934,0.269192,0.93038,0.0745493,-0.0084495,0.797236,-0.233063,0
1781247054880852,11.441,3.61407,2.36569,-4.98792,3.867,2.45136,-5,-0.25293,-0.0856729,0.012085,0.267319,0.92366,0.0615234,-0.00927567,0.792399,-0.245366,0
1781247054904852,11.465,3.63747,2.36726,-4.98779,3.88271,2.44636,-5,-0.245238,-0.079098,0.012207,0.257967,0.913825,0.0426277,-0.00982446,0.787582,-0.257544,0
1781247054920852,11.481,3.65288,2.36806,-4.9877,3.89841,2.44109,-5,-0.245533,-0.0730309,0.0122986,0.256459,0.906156,0.0299277,-0.0109178,0.782719,-0.269761,0
1781247054936852,11.497,3.66814,2.36864,-4.98761,3.91402,2.43557,-5,-0.24588,-0.0669303,0.0123901,0.255128,0.899458,0.01683,-0.011267,0.777837,-0.281952,0
1781247054960852,11.521,3.69075,2.36914,-4.98755,3.92956,2.4298,-5,-0.238807,-0.0606549,0.0124512,0.246704,0.88955,-0.00166643,-0.0107417,0.772924,-0.294141,0
1781247054976852,11.537,3.70564,2.36923,-4.98749,3.94493,2.42381,-5,-0.239289,-0.05458,0.0125122,0.245753,0.882717,-0.0136312,-0.0118417,0.768015,-0.306245,0
1781247055000852,11.561,3.72772,2.36899,-4.98743,3.96025,2.41756,-5,-0.232524,-0.0485678,0.0125732,0.237874,0.873478,-0.0318737,-0.012826,0.763071,-0.318356,0
1781247055024852,11.585,3.74949,2.36831,-4.98743,3.97545,2.41108,-5,-0.225952,-0.0427649,0.0125732,0.230307,0.86267,-0.0500094,-0.0111492,0.758115,-0.330418,0
1781247055040852,11.601,3.76382,2.3676,-4.98743,3.99056,2.40435,-5,-0.226735,-0.0367534,0.0125732,0.230038,0.855512,-0.0641311,-0.0105445,0.753137,-0.342454,0
1781247055064852,11.625,3.78505,2.36613,-4.98749,4.00555,2.39739,-5,-0.220501,-0.0312631,0.0125122,0.223057,0.844984,-0.0832459,-0.011807,0.748147,-0.354442,0
1781247055080852,11.641,3.79902,2.36489,-4.98755,4.02045,2.39019,-5,-0.221422,-0.0252962,0.0124512,0.22321,0.837915,-0.0951298,-0.0127628,0.743136,-0.366398,0
1781247055104852,11.665,3.81972,2.36269,-4.98767,4.03532,2.38271,-5,-0.215596,-0.0200214,0.0123291,0.216874,0.82658,-0.112116,-0.0144662,0.73808,-0.378381,0
1781247055120852,11.681,3.83385,2.36092,-4.98737,4.05011,2.37498,-5,-0.216269,-0.0140617,0.0126343,0.217093,0.820605,-0.123266,-0.0148184,0.732998,-0.390343,0
1781247055144852,11.705,3.85477,2.35791,-4.98697,4.06466,2.36709,-5,-0.209882,-0.00918126,0.013031,0.210486,0.812635,-0.142053,-0.0136225,0.727949,-0.402143,0
1781247055160852,11.721,3.86854,2.35566,-4.98672,4.07914,2.35894,-5,-0.210608,-0.00328803,0.0132751,0.211051,0.804115,-0.153302,-0.0136444,0.722867,-0.413941,0
1781247055184852,11.745,3.88885,2.35194,-4.98639,4.09355,2.35055,-5,-0.204698,0.00139594,0.0136108,0.205154,0.79247,-0.170943,-0.0137325,0.717759,-0.425716,0
1781247055200852,11.761,3.90221,2.34922,-4.98621,4.10784,2.34192,-5,-0.205631,0.00729227,0.0137939,0.206222,0.786217,-0.184634,-0.0146833,0.712639,-0.437433,0
1781247055216852,11.777,3.91542,2.34628,-4.98605,4.1362,2.32392,-5,-0.220783,0.0223632,0.0139465,0.222351,0.780134,-0.197144,-0.0139612,0.702309,-0.460819,0
1781247055240852,11.801,3.935,2.34153,-4.98584,4.1362,2.32392,-5,-0.201207,0.0176094,0.0141602,0.202472,0.770705,-0.214654,-0.0147834,0.702309,-0.460819,0
1781247055264949,11.8251,3.95426,2.33636,-4.98572,4.164,2.30508,-5,-0.209736,0.0312779,0.0142822,0.212535,0.760041,-0.230727,-0.0145768,0.691968,-0.483889,0
1781247055280949,11.8411,3.96692,2.3327,-4.98566,4.164,2.30508,-5,-0.197076,0.027617,0.0143433,0.199518,0.75291,-0.242351,-0.015474,0.691968,-0.483889,0
1781247055304949,11.8651,3.98566,2.32688,-4.98557,4.17787,2.29523,-5,-0.192208,0.0316467,0.0144348,0.19533,0.743113,-0.258058,-0.0161398,0.686724,-0.495457,0
1781247055320949,11.8811,3.99798,2.32279,-4.98557,4.20504,2.27502,-5,-0.207063,0.0477693,0.0144348,0.212991,0.736662,-0.269205,-0.0172046,0.676277,-0.518239,0
1781247055336949,11.8971,4.01018,2.31851,-4.98553,4.20504,2.27502,-5,-0.194867,0.043493,0.0144653,0.200185,0.730354,-0.280976,-0.017019,0.676277,-0.518239,0
1781247055360949,11.9211,4.02825,2.31175,-4.98553,4.21851,2.26455,-5,-0.190255,0.0472047,0.0144653,0.196557,0.722293,-0.297374,-0.0182712,0.671016,-0.529579,0
1781247055384949,11.9451,4.04607,2.30461,-4.98557,4.23188,2.25384,-5,-0.18581,0.0507748,0.0144348,0.193163,0.714068,-0.314237,-0.0184938,0.665732,-0.540881,0
1781247055400949,11.9611,4.05782,2.29963,-4.98563,4.24513,2.24292,-5,-0.187308,0.0567064,0.0143738,0.196231,0.70874,-0.325256,-0.0178088,0.66044,-0.552111,0
1781247055424949,11.9851,4.07525,2.29181,-4.98572,4.27132,2.2204,-5,-0.196068,0.0714121,0.0142822,0.209156,0.701255,-0.342086,-0.0182887,0.6498,-0.574416,0
1781247055440949,12.0011,4.08675,2.28639,-4.98578,4.27132,2.2204,-5,-0.184572,0.0659902,0.0142212,0.19653,0.69551,-0.352549,-0.0184701,0.6498,-0.574416,0
1781247055464949,12.0251,4.10378,2.27794,-4.98596,4.28424,2.20882,-5,-0.180458,0.0691156,0.0140381,0.19375,0.686706,-0.368352,-0.0197887,0.644463,-0.585469,0
1781247055480949,12.0411,4.11499,2.2721,-4.98605,4.29711,2.19697,-5,-0.182121,0.0751312,0.0139465,0.197502,0.679975,-0.378797,-0.0203387,0.639082,-0.596518,0
1781247055504949,12.0651,4.1316,2.263,-4.98627,4.3098,2.18496,-5,-0.1782,0.078038,0.0137329,0.195022,0.672719,-0.39468,-0.020608,0.633719,-0.60744,0
1781247055520949,12.0811,4.14284,2.25607,-4.98624,4.32254,2.17259,-5,-0.179701,0.0834801,0.0137634,0.198623,0.667401,-0.405258,-0.0196156,0.628275,-0.618432,0
1781247055544949,12.1051,4.15946,2.24542,-4.98621,4.33504,2.16013,-5,-0.175579,0.08529,0.0137939,0.195685,0.659171,-0.421358,-0.0179146,0.622868,-0.629257,0
1781247055560949,12.1211,4.17041,2.23813,-4.98618,4.34739,2.14749,-5,-0.17698,0.0906427,0.0138245,0.199322,0.654219,-0.432232,-0.0174822,0.617466,-0.639977,0
1781247055584949,12.1451,4.18663,2.22692,-4.98621,4.37182,2.12152,-5,-0.185183,0.105402,0.0137939,0.213524,0.64703,-0.449793,-0.0189861,0.606589,-0.661279,0
1781247055600949,12.1611,4.19733,2.21925,-4.98627,4.37182,2.12152,-5,-0.174492,0.0977342,0.0137329,0.20047,0.642059,-0.460194,-0.0204488,0.606589,-0.661279,0
1781247055616949,12.1771,4.20791,2.21144,-4.98636,4.38398,2.10809,-5,-0.17607,0.103353,0.0136414,0.204618,0.636554,-0.470768,-0.0203592,0.601078,-0.671929,0
1781247055640949,12.2011,4.22358,2.19946,-4.98645,4.39592,2.09458,-5,-0.172341,0.104879,0.0135498,0.202199,0.62737,-0.486722,-0.0188435,0.595603,-0.682412,0
1781247055664949,12.2251,4.23897,2.18713,-4.9866,4.41946,2.06694,-5,-0.180493,0.120194,0.0133972,0.217265,0.618146,-0.502485,-0.0196866,0.584612,-0.703166,0
1781247055680949,12.2411,4.2491,2.17873,-4.98676,4.41946,2.06694,-5,-0.170365,0.111795,0.0132446,0.204201,0.613024,-0.512727,-0.0202658,0.584612,-0.703166,0
1781247055704949,12.2651,4.26412,2.16587,-4.987,4.43109,2.05278,-5,-0.166971,0.113092,0.0130005,0.202085,0.606993,-0.526969,-0.0203793,0.579083,-0.71346,0
1781247055720949,12.2811,4.27403,2.15712,-4.98718,4.44263,2.0384,-5,-0.168601,0.118721,0.0128174,0.206604,0.601082,-0.53733,-0.0190959,0.573534,-0.723694,0
1781247055744949,12.3051,4.28868,2.14372,-4.98743,4.45404,2.02383,-5,-0.165355,0.119884,0.0125732,0.204628,0.592836,-0.552687,-0.0196913,0.567977,-0.733844,0
1781247055760949,12.3211,4.29833,2.1346,-4.98767,4.46535,2.00905,-5,-0.167017,0.125552,0.0123291,0.209309,0.587424,-0.562218,-0.0206462,0.562399,-0.743931,0
1781247055784949,12.3451,4.31262,2.12067,-4.98801,4.47652,1.9941,-5,-0.163892,0.126575,0.0119934,0.207426,0.581058,-0.576729,-0.0196311,0.556821,-0.75392,0
1781247055800949,12.3611,4.32205,2.11121,-4.98822,4.4876,1.97891,-5,-0.165546,0.132295,0.0117798,0.212241,0.576066,-0.585739,-0.019198,0.551217,-0.763856,0
1781247055816949,12.3771,4.33139,2.10161,-4.98843,4.49853,1.96359,-5,-0.167138,0.138018,0.0115662,0.217067,0.570854,-0.595305,-0.0188721,0.545619,-0.773679,0
1781247055840949,12.4011,4.34521,2.08694,-4.98871,4.50939,1.94802,-5,-0.164177,0.138914,0.0112915,0.215357,0.562312,-0.610456,-0.0187363,0.539991,-0.783456,0
1781247055856949,12.4171,4.3543,2.07697,-4.98889,4.52013,1.93226,-5,-0.165831,0.144708,0.0111084,0.220372,0.55684,-0.619745,-0.0193377,0.534349,-0.793155,0
1781247055880949,12.4411,4.36777,2.06179,-4.98917,4.53075,1.91631,-5,-0.162981,0.145476,0.0108337,0.218731,0.549896,-0.632069,-0.0190443,0.528696,-0.802769,0
1781247055904949,12.4651,4.38106,2.04635,-4.9895,4.5413,1.9001,-5,-0.160244,0.146245,0.010498,0.2172,0.543388,-0.643148,-0.0188981,0.523006,-0.812343,0
1781247055920949,12.4811,4.38949,2.03471,-4.98965,4.55171,1.88376,-5,-0.162215,0.15095,0.0103455,0.221826,0.53728,-0.652742,-0.0184689,0.517322,-0.821805,0
1781247055944949,12.5051,4.40197,2.01709,-4.9899,4.56197,1.86727,-5,-0.159996,0.149819,0.0101013,0.219423,0.528457,-0.666247,-0.0179271,0.511642,-0.831157,0
1781247055960949,12.5211,4.41019,2.00526,-4.99005,4.58226,1.83356,-5,-0.172067,0.1717,0.00994873,0.243283,0.52415,-0.674169,-0.0169871,0.50018,-0.849712,0
1781247055984949,12.5451,4.4224,1.98739,-4.9903,4.58226,1.83356,-5,-0.159861,0.153831,0.00970459,0.222067,0.516717,-0.686186,-0.0169719,0.50018,-0.849712,0
1781247056000949,12.5611,4.43044,1.97538,-4.99048,4.60204,1.79921,-5,-0.171601,0.176174,0.00952148,0.24612,0.511298,-0.695113,-0.0180941,0.488698,-0.86788,0
1781247056024949,12.5851,4.44235,1.95719,-4.99075,4.61171,1.78185,-5,-0.169358,0.17534,0.00924683,0.243951,0.503446,-0.707568,-0.0156431,0.482968,-0.876787,0
1781247056040949,12.6011,4.45018,1.94496,-4.99091,4.6213,1.76424,-5,-0.17112,0.180717,0.00909424,0.249045,0.497307,-0.716223,-0.0143777,0.477204,-0.885643,0
1781247056064949,12.6251,4.46178,1.92643,-4.99112,4.63079,1.74644,-5,-0.169004,0.179994,0.00888062,0.247061,0.490748,-0.728986,-0.01435,0.471421,-0.89442,0
1781247056080949,12.6411,4.46943,1.91397,-4.99127,4.64019,1.7284,-5,-0.170757,0.185567,0.00872803,0.252328,0.485896,-0.73677,-0.0144122,0.465607,-0.903137,0
1781247056096949,12.6571,4.47701,1.90143,-4.99146,4.64019,1.7284,-5,-0.163186,0.17303,0.00854492,0.237996,0.480777,-0.743534,-0.0152911,0.465607,-0.903137,0
1781247056120949,12.6811,4.48822,1.88248,-4.99173,4.65854,1.69202,-5,-0.170315,0.190456,0.00827026,0.255635,0.473514,-0.754689,-0.0147386,0.454011,-0.920199,0
1781247056136949,12.6971,4.49561,1.86974,-4.99188,4.66757,1.67351,-5,-0.171964,0.196228,0.00811768,0.261042,0.469198,-0.762056,-0.0140631,0.448175,-0.928622,0
1781247056160949,12.7211,4.50655,1.85048,-4.99213,4.67649,1.65483,-5,-0.169939,0.195651,0.00787354,0.25927,0.462207,-0.772699,-0.0125828,0.442326,-0.936957,0
1781247056176949,12.7371,4.51377,1.83753,-4.99228,4.68524,1.6361,-5,-0.171471,0.201437,0.00772095,0.264648,0.457725,-0.779943,-0.0117571,0.436503,-0.945144,0
1781247056200949,12.7611,4.52444,1.81793,-4.9924,4.69394,1.61704,-5,-0.169503,0.200893,0.00759888,0.262958,0.448816,-0.792828,-0.0122767,0.43062,-0.953307,0
1781247056224949,12.7851,4.53491,1.79809,-4.99255,4.70251,1.59785,-5,-0.167606,0.200239,0.00744629,0.261234,0.440548,-0.805575,-0.0117532,0.424733,-0.961363,0
1781247056240949,12.8011,4.54178,1.78473,-4.99268,4.7109,1.57865,-5,-0.169123,0.206079,0.00732422,0.266692,0.435016,-0.813311,-0.0124957,0.418882,-0.969261,0
1781247056264949,12.8251,4.55195,1.76452,-4.99286,4.71921,1.5592,-5,-0.167269,0.205317,0.00714111,0.264925,0.428541,-0.823348,-0.0134398,0.412993,-0.977099,0
1781247056281048,12.8412,4.55865,1.75094,-4.99301,4.72742,1.53956,-5,-0.168774,0.211382,0.00698853,0.270584,0.424341,-0.830422,-0.0145701,0.407082,-0.984854,0
1781247056305048,12.8652,4.56856,1.73041,-4.99323,4.73553,1.51974,-5,-0.166963,0.210669,0.0067749,0.268893,0.416597,-0.840481,-0.0135249,0.401154,-0.992521,0
1781247056321048,12.8812,4.57452,1.71451,-4.99319,4.7435,1.49978,-5,-0.16898,0.214727,0.00680542,0.273328,0.411635,-0.848049,-0.0139523,0.395219,-1.00008,0
1781247056345048,12.9052,4.58338,1.69065,-4.99313,4.75134,1.47973,-5,-0.16796,0.210923,0.00686646,0.269715,0.404563,-0.858731,-0.0134414,0.389292,-1.00752,0
1781247056361048,12.9212,4.58922,1.67476,-4.9931,4.75907,1.4595,-5,-0.169841,0.215252,0.00689697,0.274275,0.400389,-0.865392,-0.0120351,0.383348,-1.01487,0
1781247056385048,12.9452,4.59791,1.6509,-4.99307,4.76664,1.43923,-5,-0.16873,0.211676,0.00692749,0.270785,0.3939,-0.876271,-0.0100807,0.377422,-1.02208,0
1781247056401048,12.9612,4.60365,1.63498,-4.99301,4.77412,1.41872,-5,-0.170471,0.21626,0.00698853,0.275459,0.390914,-0.883538,-0.00916234,0.371461,-1.02923,0
1781247056425048,12.9852,4.6122,1.61107,-4.99292,4.7815,1.39806,-5,-0.169302,0.213009,0.00708008,0.272188,0.384717,-0.892305,-0.00698213,0.365487,-1.03627,0
1781247056441048,13.0012,4.61784,1.59511,-4.99283,4.78873,1.3773,-5,-0.170895,0.217811,0.00717163,0.276945,0.38074,-0.899217,-0.00569945,0.359517,-1.0432,0
1781247056465048,13.0252,4.62621,1.57114,-4.99268,4.79587,1.35636,-5,-0.169662,0.214786,0.00732422,0.27381,0.37399,-0.90878,-0.00486289,0.353522,-1.05004,0
1781247056481048,13.0412,4.63172,1.55512,-4.99261,4.80287,1.33531,-5,-0.171149,0.219808,0.00738525,0.278679,0.368907,-0.915451,-0.00477884,0.34753,-1.05676,0
1781247056505048,13.0652,4.63988,1.53103,-4.99252,4.80976,1.31412,-5,-0.169882,0.216911,0.00747681,0.275619,0.362884,-0.923829,-0.00353475,0.341524,-1.06338,0
1781247056521048,13.0812,4.64525,1.51496,-4.99246,4.81652,1.2928,-5,-0.171274,0.222158,0.00753784,0.280617,0.357806,-0.928511,-0.0037474,0.335513,-1.06989,0
1781247056545048,13.1052,4.65321,1.49083,-4.99237,4.82318,1.27133,-5,-0.169967,0.219498,0.00762939,0.277716,0.352393,-0.9361,-0.00440508,0.329485,-1.0763,0
1781247056561048,13.1212,4.65845,1.47472,-4.99231,4.8297,1.24977,-5,-0.171244,0.224948,0.00769043,0.282816,0.348487,-0.94062,-0.00463837,0.32346,-1.0826,0
1781247056585048,13.1452,4.66623,1.45052,-4.99222,4.83611,1.22805,-5,-0.169882,0.222471,0.00778198,0.280024,0.342077,-0.947969,-0.00434138,0.317418,-1.08879,0
1781247056601048,13.1612,4.67134,1.43436,-4.99216,4.84239,1.20622,-5,-0.171053,0.228139,0.00784302,0.285251,0.337765,-0.953119,-0.00469189,0.311371,-1.09488,0
1781247056625048,13.1852,4.67892,1.41007,-4.9921,4.84857,1.18425,-5,-0.169645,0.225819,0.00790405,0.282553,0.332632,-0.961048,-0.00591864,0.305309,-1.10086,0
1781247056641048,13.2012,4.68391,1.39382,-4.99203,4.8546,1.16221,-5,-0.170688,0.231619,0.00796509,0.287829,0.328937,-0.96643,-0.0045514,0.299253,-1.10672,0
1781247056665048,13.2252,4.69131,1.3694,-4.99197,4.86055,1.13994,-5,-0.169236,0.229463,0.00802612,0.285234,0.322795,-0.972825,-0.00460452,0.293161,-1.11249,0
1781247056681048,13.2412,4.69618,1.35308,-4.99194,4.86633,1.11771,-5,-0.17015,0.235374,0.00805664,0.290546,0.319569,-0.978577,-0.00594906,0.287102,-1.11812,0
1781247056705048,13.2652,4.7034,1.32853,-4.99191,4.87202,1.09527,-5,-0.168613,0.233262,0.00808716,0.287936,0.314105,-0.985655,-0.00574086,0.281009,-1.12365,0
1781247056721048,13.2812,4.70766,1.31017,-4.99155,4.87757,1.07277,-5,-0.16991,0.237409,0.00845337,0.292068,0.31019,-0.99067,-0.00601198,0.274923,-1.12907,0
1781247056745048,13.3052,4.714,1.28273,-4.99103,4.88301,1.05013,-5,-0.169009,0.232602,0.00897217,0.28766,0.305069,-0.999671,-0.0073879,0.268823,-1.13437,0
1781247056761048,13.3212,4.71818,1.26447,-4.99072,4.88834,1.0273,-5,-0.170157,0.237173,0.00927734,0.292046,0.300992,-1.00465,-0.0079771,0.262691,-1.13959,0
1781247056785048,13.3452,4.72439,1.23714,-4.99033,4.89352,1.00451,-5,-0.169131,0.232623,0.00967407,0.287771,0.293836,-1.01372,-0.00826683,0.256592,-1.14466,0
1781247056801048,13.3612,4.72847,1.21893,-4.99008,4.8986,0.981557,-5,-0.170128,0.23737,0.00991821,0.29221,0.288854,-1.01856,-0.00754643,0.250469,-1.14962,0
1781247056825048,13.3852,4.7345,1.19166,-4.98972,4.90361,0.958187,-5,-0.169119,0.233475,0.0102844,0.288475,0.283337,-1.02558,-0.00700826,0.244255,-1.15454,0
1781247056841048,13.4012,4.73847,1.17353,-4.9895,4.90836,0.935426,-5,-0.16989,0.238099,0.010498,0.292684,0.279104,-1.02877,-0.00746044,0.238223,-1.1592,0
1781247056857048,13.4172,4.7424,1.15541,-4.98929,4.91305,0.91226,-5,-0.170655,0.243145,0.0107117,0.29725,0.274387,-1.03368,-0.0073553,0.232101,-1.16381,0
1781247056881048,13.4412,4.74818,1.12824,-4.98901,4.91763,0.888927,-5,-0.169448,0.239313,0.0109863,0.293435,0.267495,-1.04001,-0.00780638,0.225954,-1.16831,0
1781247056905048,13.4652,4.75386,1.10113,-4.98877,4.92209,0.865522,-5,-0.168231,0.23561,0.0112305,0.289724,0.261944,-1.04403,-0.00695256,0.219805,-1.1727,0
1781247056921048,13.4812,4.7576,1.0831,-4.98862,4.92642,0.842036,-5,-0.168822,0.241061,0.0113831,0.294518,0.259071,-1.04708,-0.00658151,0.213653,-1.17696,0
1781247056937048,13.4972,4.76131,1.06508,-4.98846,4.93063,0.818456,-5,-0.169325,0.246623,0.0115356,0.299378,0.255767,-1.05055,-0.00655908,0.207493,-1.18111,0
1781247056961048,13.5212,4.7668,1.03807,-4.98828,4.93472,0.794779,-5,-0.167924,0.243293,0.0117188,0.295851,0.250495,-1.05572,-0.00635985,0.201323,-1.18515,0
1781247056985048,13.5452,4.7722,1.01108,-4.98813,4.93868,0.771066,-5,-0.166487,0.24001,0.0118713,0.292341,0.244786,-1.06136,-0.00607482,0.19516,-1.18906,0
1781247057001048,13.5612,4.77574,0.993085,-4.98804,4.94253,0.747209,-5,-0.166793,0.245876,0.0119629,0.297352,0.240913,-1.06285,-0.00736987,0.188974,-1.19286,0
1781247057017048,13.5772,4.77924,0.975134,-4.98795,4.94624,0.723345,-5,-0.167006,0.251789,0.0120544,0.302381,0.238007,-1.0642,-0.00783503,0.182802,-1.19653,0
1781247057041048,13.6012,4.78442,0.94823,-4.98788,4.94984,0.699366,-5,-0.165416,0.248864,0.0121155,0.299069,0.233017,-1.06893,-0.0073027,0.176613,-1.20009,0
1781247057065048,13.6252,4.78951,0.921368,-4.98782,4.9533,0.675399,-5,-0.163791,0.245969,0.0121765,0.295764,0.227184,-1.0699,-0.0088549,0.170442,-1.20352,0
1781247057081048,13.6412,4.79286,0.903491,-4.98776,4.95665,0.651285,-5,-0.163794,0.252206,0.0122375,0.300975,0.224782,-1.07259,-0.00854458,0.164245,-1.20684,0
1781247057105048,13.6652,4.79779,0.876682,-4.98767,4.95989,0.627019,-5,-0.16209,0.249663,0.0123291,0.297921,0.218168,-1.07575,-0.00811335,0.158023,-1.21005,0
1781247057121048,13.6812,4.80048,0.856447,-4.98737,4.96297,0.602907,-5,-0.162491,0.253539,0.0126343,0.301405,0.213848,-1.08001,-0.00794282,0.151851,-1.21311,0
1781247057145048,13.7052,4.80447,0.826261,-4.98697,4.96594,0.578633,-5,-0.161473,0.247628,0.013031,0.295911,0.20932,-1.08565,-0.00703953,0.14565,-1.21606,0
1781247057161048,13.7212,4.8071,0.806254,-4.98672,4.96879,0.554275,-5,-0.161694,0.251979,0.0132751,0.299691,0.205593,-1.08874,-0.00796031,0.139439,-1.21889,0
1781247057177048,13.7372,4.8097,0.786339,-4.98651,4.97152,0.529868,-5,-0.161818,0.256471,0.0134888,0.303553,0.201826,-1.09088,-0.00848799,0.133226,-1.2216,0
1781247057201048,13.7612,4.81352,0.756653,-4.98624,4.97412,0.505446,-5,-0.1606,0.251207,0.0137634,0.298474,0.194052,-1.094,-0.00818353,0.127019,-1.22419,0
1781247057225048,13.7852,4.81725,0.727153,-4.98602,4.9766,0.480934,-5,-0.159346,0.246219,0.0139771,0.293616,0.188704,-1.09656,-0.00863268,0.120799,-1.22665,0
1781247057241048,13.8012,4.81969,0.7076,-4.9859,4.97895,0.456402,-5,-0.159257,0.251198,0.0140991,0.297761,0.185051,-1.09739,-0.0090304,0.114583,-1.22899,0
1781247057257048,13.8172,4.8221,0.688127,-4.98578,4.98118,0.431791,-5,-0.159077,0.256336,0.0142212,0.30202,0.181171,-1.09988,-0.00901663,0.108356,-1.23121,0
1781247057281151,13.8413,4.82561,0.659025,-4.98566,4.98328,0.407176,-5,-0.157667,0.251849,0.0143433,0.297476,0.173966,-1.10255,-0.00927015,0.102136,-1.23331,0
1781247057305151,13.8653,4.82904,0.630068,-4.98553,4.98526,0.382464,-5,-0.156222,0.247604,0.0144653,0.293125,0.168498,-1.10455,-0.0102852,0.0958988,-1.23529,0
1781247057321151,13.8813,4.83126,0.610844,-4.98547,4.98712,0.357786,-5,-0.155852,0.253059,0.0145264,0.297556,0.164269,-1.10664,-0.0104681,0.0896775,-1.23713,0
1781247057345151,13.9053,4.83454,0.582115,-4.98538,4.98885,0.333031,-5,-0.154307,0.249083,0.0146179,0.293372,0.160538,-1.10856,-0.0102866,0.0834439,-1.23886,0
1781247057361151,13.9213,4.83669,0.563023,-4.98535,4.99045,0.308223,-5,-0.153764,0.2548,0.0146484,0.297961,0.157414,-1.11101,-0.0100852,0.0772031,-1.24046,0
1781247057377151,13.9373,4.8388,0.543968,-4.98532,4.99194,0.283407,-5,-0.153131,0.260561,0.014679,0.302584,0.152988,-1.11288,-0.0100742,0.0709662,-1.24194,0
1781247057401151,13.9613,4.84189,0.515486,-4.98532,4.99329,0.258529,-5,-0.151401,0.256957,0.014679,0.298604,0.148416,-1.11322,-0.0111104,0.064719,-1.2433,0
1781247057417151,13.9773,4.84391,0.496579,-4.98532,4.99452,0.233721,-5,-0.150612,0.262858,0.014679,0.303305,0.144807,-1.11346,-0.0112864,0.0584944,-1.24453,0
1781247057441151,14.0013,4.84686,0.46833,-4.98538,4.99563,0.208787,-5,-0.148769,0.259542,0.0146179,0.299513,0.13975,-1.11387,-0.00983052,0.0522425,-1.24563,0
1781247057457151,14.0173,4.84877,0.449574,-4.98541,4.99661,0.183877,-5,-0.147845,0.265696,0.0145874,0.30441,0.134735,-1.11343,-0.00900814,0.0460004,-1.24661,0
1781247057481151,14.0413,4.85153,0.421548,-4.98547,4.99747,0.158945,-5,-0.145943,0.262603,0.0145264,0.300783,0.12906,-1.11311,-0.00980888,0.0397565,-1.24747,0
1781247057505151,14.0653,4.85416,0.393622,-4.98557,4.9982,0.133949,-5,-0.144046,0.259673,0.0144348,0.297301,0.123321,-1.11445,-0.0088181,0.0334992,-1.2482,0
1781247057521151,14.0813,4.85493,0.372574,-4.98541,4.99881,0.109038,-5,-0.143885,0.263536,0.0145874,0.300611,0.118655,-1.11437,-0.00968731,0.0272659,-1.24881,0
1781247057537151,14.0973,4.85567,0.35169,-4.98529,4.99929,0.0840058,-5,-0.143622,0.267684,0.0147095,0.304136,0.114195,-1.11552,-0.00981004,0.0210044,-1.24929,0
1781247057561151,14.1213,4.85675,0.320621,-4.98511,4.99965,0.0590422,-5,-0.142897,0.261578,0.0148926,0.298437,0.106832,-1.11799,-0.0102496,0.0147616,-1.24965,0
1781247057585151,14.1453,4.85779,0.289826,-4.98495,4.99988,0.0340858,-5,-0.142091,0.25574,0.0150452,0.29295,0.102131,-1.12037,-0.0109946,0.00852165,-1.24988,0
1781247057601151,14.1613,4.85848,0.269438,-4.98486,4.99999,0.00904976,-5,-0.141511,0.260388,0.0151367,0.296743,0.0982295,-1.1211,-0.0105452,0.00226244,-1.24999,0
1781247057617151,14.1773,4.85914,0.249178,-4.9848,4.99997,-0.0158732,-5,-0.140833,0.265051,0.0151978,0.300528,0.094317,-1.1206,-0.0108685,-0.00396832,-1.24997,0
1781247057641151,14.2013,4.86009,0.219028,-4.98471,4.99983,-0.0410077,-5,-0.139744,0.260035,0.0152893,0.295602,0.0876299,-1.12005,-0.0103101,-0.0102523,-1.24983,0
1781247057657151,14.2173,4.86068,0.199072,-4.98465,4.99957,-0.0658536,-5,-0.138887,0.264926,0.0153503,0.299518,0.0835847,-1.12036,-0.010893,-0.0164648,-1.24957,0
1781247057681151,14.2413,4.86152,0.169325,-4.98465,4.99917,-0.0908297,-5,-0.137655,0.260155,0.0153503,0.294729,0.0788614,-1.12067,-0.0109443,-0.0227112,-1.24917,0
1781247057705151,14.2653,4.86231,0.13979,-4.98462,4.99866,-0.115836,-5,-0.136344,0.255625,0.0153809,0.290122,0.0732457,-1.12075,-0.0114024,-0.0289667,-1.24866,0
1781247057721151,14.2813,4.86281,0.12023,-4.98462,4.99802,-0.140744,-5,-0.135212,0.260974,0.0153809,0.294324,0.0695979,-1.12005,-0.0124533,-0.0352001,-1.24802,0
1781247057745151,14.3053,4.86348,0.0910522,-4.98471,4.99725,-0.165695,-5,-0.133768,0.256747,0.0152893,0.289908,0.0637045,-1.12051,-0.0132334,-0.0414465,-1.24725,0
1781247057761151,14.3213,4.8639,0.0717084,-4.98474,4.99636,-0.190631,-5,-0.132462,0.26234,0.0152588,0.29428,0.0600081,-1.11942,-0.0127095,-0.0476925,-1.24636,0
1781247057785151,14.3453,4.86445,0.0428894,-4.98474,4.99534,-0.215546,-5,-0.130898,0.258436,0.0152588,0.290097,0.0535978,-1.11698,-0.012945,-0.0539368,-1.24535,0
1781247057801151,14.3613,4.86475,0.0237811,-4.9848,4.9942,-0.240443,-5,-0.12945,0.264224,0.0151978,0.294623,0.0485873,-1.11822,-0.0139271,-0.0601806,-1.24421,0
1781247057825151,14.3853,4.86513,-0.00476644,-4.98489,4.99294,-0.26529,-5,-0.127807,0.260523,0.0151062,0.290577,0.0426791,-1.1181,-0.0141763,-0.0664162,-1.24294,0
1781247057841151,14.4013,4.86533,-0.0237201,-4.98495,4.99155,-0.290136,-5,-0.126216,0.266416,0.0150452,0.295185,0.0391018,-1.1176,-0.014212,-0.0726569,-1.24155,0
1781247057865151,14.4253,4.86556,-0.0520218,-4.98505,4.99003,-0.314954,-5,-0.124473,0.262932,0.0149536,0.291291,0.0332621,-1.11729,-0.0172604,-0.0788959,-1.24004,0
1781247057881151,14.4413,4.86566,-0.0707954,-4.9852,4.98839,-0.339719,-5,-0.122729,0.268924,0.014801,0.295976,0.0298419,-1.11508,-0.0184033,-0.0851275,-1.23841,0
1781247057905151,14.4653,4.86578,-0.0987862,-4.98538,4.98663,-0.364481,-5,-0.120845,0.265695,0.0146179,0.292252,0.027033,-1.11261,-0.01819,-0.0913647,-1.23664,0
1781247057921151,14.4813,4.86493,-0.120153,-4.98526,4.98474,-0.389159,-5,-0.119814,0.269005,0.01474,0.29485,0.0234857,-1.11212,-0.0183476,-0.0975875,-1.23476,0
1781247057945151,14.5053,4.86364,-0.151843,-4.98508,4.98273,-0.413832,-5,-0.119087,0.261989,0.0149231,0.288171,0.0162039,-1.11104,-0.0167715,-0.103817,-1.23276,0
1781247057961151,14.5213,4.86275,-0.172725,-4.98495,4.98059,-0.438465,-5,-0.117841,0.26574,0.0150452,0.291085,0.010764,-1.1096,-0.0165293,-0.110043,-1.23062,0
1781247057985151,14.5453,4.86135,-0.203708,-4.98483,4.97832,-0.463104,-5,-0.116972,0.259395,0.0151672,0.284954,0.00313218,-1.10804,-0.0164512,-0.11628,-1.22837,0
1781247058001151,14.5613,4.86038,-0.224153,-4.9848,4.97593,-0.487677,-5,-0.115543,0.263524,0.0151978,0.288143,-0.000381453,-1.10724,-0.0165969,-0.122509,-1.22599,0
1781247058025151,14.5853,4.85891,-0.254514,-4.98477,4.97342,-0.512148,-5,-0.114512,0.257634,0.0152283,0.282348,-0.00648279,-1.1053,-0.0157527,-0.128721,-1.22349,0
1781247058041151,14.6013,4.85791,-0.274575,-4.98474,4.97079,-0.536553,-5,-0.112875,0.261978,0.0152588,0.285668,-0.00879285,-1.10491,-0.015229,-0.134927,-1.22087,0
1781247058065151,14.6253,4.85639,-0.304423,-4.98471,4.96802,-0.560977,-5,-0.11163,0.256554,0.0152893,0.280205,-0.0155824,-1.10447,-0.0139492,-0.141147,-1.21812,0
1781247058081151,14.6413,4.85534,-0.324167,-4.98471,4.96514,-0.585289,-5,-0.1098,0.261122,0.0152893,0.28368,-0.019763,-1.10342,-0.014248,-0.14735,-1.21526,0
1781247058105151,14.6653,4.8537,-0.353521,-4.98471,4.96213,-0.609544,-5,-0.108429,0.256023,0.0152893,0.278457,-0.025614,-1.10005,-0.0154652,-0.153549,-1.21228,0
1781247058121151,14.6813,4.85258,-0.372919,-4.98474,4.95901,-0.633696,-5,-0.106431,0.260777,0.0152588,0.282073,-0.0296341,-1.09863,-0.015446,-0.159733,-1.20918,0
1781247058145151,14.7053,4.85081,-0.40179,-4.98483,4.95575,-0.657864,-5,-0.104937,0.256074,0.0151672,0.277156,-0.036516,-1.09576,-0.0146996,-0.165934,-1.20595,0
1781247058161151,14.7213,4.84959,-0.420879,-4.98486,4.95237,-0.68196,-5,-0.102777,0.261082,0.0151367,0.280991,-0.0402447,-1.09361,-0.0142826,-0.17213,-1.20259,0
1781247058177151,14.7373,4.84834,-0.439847,-4.98492,4.94887,-0.70596,-5,-0.100525,0.266112,0.0150757,0.284866,-0.0438013,-1.09183,-0.0146255,-0.178314,-1.19913,0
1781247058201151,14.7613,4.84638,-0.46808,-4.98502,4.94524,-0.729918,-5,-0.0988598,0.261838,0.0149841,0.28028,-0.0523867,-1.08858,-0.0139515,-0.1845,-1.19554,0
1781247058225151,14.7853,4.84428,-0.496045,-4.98502,4.94149,-0.753778,-5,-0.0972061,0.257733,0.0149841,0.275862,-0.0601585,-1.08416,-0.0118647,-0.190676,-1.19183,0
1781247058241151,14.8013,4.84282,-0.514528,-4.98502,4.93761,-0.7776,-5,-0.0947876,0.263072,0.0149841,0.280028,-0.0648223,-1.08025,-0.010968,-0.196856,-1.188,0
1781247058265151,14.8253,4.84054,-0.542015,-4.98502,4.93361,-0.80129,-5,-0.0930762,0.259274,0.0149841,0.275882,-0.069498,-1.0757,-0.0100706,-0.203018,-1.18405,0
1781247058281257,14.8414,4.83899,-0.560198,-4.98502,4.92949,-0.824921,-5,-0.0905037,0.264724,0.0149841,0.280168,-0.0730501,-1.07256,-0.00994436,-0.20918,-1.17999,0
1781247058297257,14.8574,4.8374,-0.578258,-4.98505,4.92525,-0.848481,-5,-0.0878491,0.270222,0.0149536,0.284537,-0.0775646,-1.06874,-0.0100167,-0.21534,-1.17581,0
1781247058321257,14.8814,4.83412,-0.608371,-4.9848,4.92088,-0.871938,-5,-0.0867591,0.263567,0.0151978,0.277895,-0.084834,-1.06531,-0.0110492,-0.221489,-1.17151,0
1781247058345257,14.9054,4.83041,-0.639594,-4.98441,4.9164,-0.895274,-5,-0.0859895,0.255681,0.0155945,0.270204,-0.0898324,-1.06224,-0.0102694,-0.227624,-1.1671,0
1781247058361257,14.9214,4.82794,-0.660108,-4.98413,4.91179,-0.918574,-5,-0.0838494,0.258466,0.0158691,0.27219,-0.0938359,-1.05916,-0.0114034,-0.233768,-1.16256,0
1781247058385257,14.9454,4.82418,-0.690423,-4.98383,4.90705,-0.941781,-5,-0.0828662,0.251358,0.0161743,0.265159,-0.100771,-1.05378,-0.0131688,-0.239905,-1.15791,0
1781247058401257,14.9614,4.82166,-0.710365,-4.98367,4.90219,-0.9649,-5,-0.0805273,0.254535,0.0163269,0.267468,-0.103768,-1.05152,-0.0133335,-0.246038,-1.15314,0
1781247058425257,14.9854,4.81785,-0.739916,-4.98343,4.89718,-0.988013,-5,-0.0793366,0.248096,0.016571,0.260999,-0.110196,-1.04955,-0.0133703,-0.252189,-1.14824,0
1781247058441257,15.0014,4.81527,-0.759404,-4.98328,4.89208,-1.01094,-5,-0.0768051,0.251533,0.0167236,0.263529,-0.114011,-1.04757,-0.0134262,-0.25831,-1.14324,0
1781247058465257,15.0254,4.81137,-0.788286,-4.98309,4.88687,-1.03365,-5,-0.0755024,0.245362,0.0169067,0.257272,-0.119922,-1.04319,-0.0140834,-0.264394,-1.13815,0
1781247058481257,15.0414,4.80873,-0.807311,-4.98297,4.88152,-1.05637,-5,-0.0727959,0.249055,0.0170288,0.260034,-0.125156,-1.03839,-0.0140272,-0.270501,-1.13293,0
1781247058505257,15.0654,4.80468,-0.83548,-4.98285,4.87605,-1.07896,-5,-0.0713787,0.243484,0.0171509,0.25431,-0.132452,-1.03208,-0.0143213,-0.276598,-1.12759,0
1781247058521257,15.0814,4.80191,-0.854029,-4.98276,4.87047,-1.10144,-5,-0.0685558,0.24741,0.0172424,0.257311,-0.137298,-1.02837,-0.0144378,-0.282683,-1.12214,0
1781247058545257,15.1054,4.79771,-0.881549,-4.98273,4.86475,-1.12384,-5,-0.0670404,0.242296,0.0172729,0.251992,-0.143622,-1.02459,-0.0153845,-0.288773,-1.11658,0
1781247058561257,15.1214,4.79487,-0.89971,-4.98273,4.85892,-1.1461,-5,-0.0640502,0.246388,0.0172729,0.255163,-0.145666,-1.02085,-0.0164454,-0.294844,-1.11091,0
1781247058585257,15.1454,4.79056,-0.92664,-4.98276,4.85296,-1.16827,-5,-0.0624003,0.241625,0.0172424,0.250148,-0.152263,-1.01411,-0.0167803,-0.300916,-1.10512,0
1781247058601257,15.1614,4.78762,-0.944381,-4.98282,4.84688,-1.19029,-5,-0.0592642,0.24591,0.0171814,0.253533,-0.157337,-1.00993,-0.0166414,-0.306973,-1.09923,0
1781247058625257,15.1854,4.78315,-0.970699,-4.98291,4.84069,-1.21218,-5,-0.0575433,0.241481,0.0170898,0.24883,-0.162562,-1.00197,-0.0160607,-0.313018,-1.09323,0
1781247058641257,15.2014,4.78012,-0.988029,-4.983,4.83437,-1.234,-5,-0.0542531,0.245969,0.0169983,0.252454,-0.16788,-0.997357,-0.0154762,-0.319069,-1.08711,0
1781247058665257,15.2254,4.77546,-1.01376,-4.98309,4.82793,-1.25568,-5,-0.0524683,0.241927,0.0169067,0.248127,-0.174904,-0.991387,-0.0148496,-0.32511,-1.08089,0
1781247058681257,15.2414,4.77228,-1.03072,-4.98318,4.82133,-1.27733,-5,-0.0490532,0.246612,0.0168152,0.252005,-0.179188,-0.985966,-0.0158034,-0.331166,-1.07453,0
1781247058705257,15.2654,4.76741,-1.05588,-4.98334,4.81464,-1.29879,-5,-0.0472288,0.24291,0.0166626,0.248019,-0.18595,-0.979275,-0.0170064,-0.337198,-1.06808,0
1781247058721257,15.2814,4.76301,-1.07537,-4.98297,4.80789,-1.31993,-5,-0.0448828,0.244554,0.0170288,0.249221,-0.190775,-0.976905,-0.0168729,-0.343167,-1.06158,0
1781247058745257,15.3054,4.75639,-1.10415,-4.98245,4.80097,-1.34109,-5,-0.0445776,0.23694,0.0175476,0.241735,-0.197867,-0.972404,-0.0166255,-0.349171,-1.05493,0
1781247058761257,15.3214,4.75197,-1.12302,-4.98212,4.79393,-1.36211,-5,-0.0419555,0.23909,0.0178833,0.243402,-0.201795,-0.967837,-0.016405,-0.355165,-1.04817,0
1781247058785257,15.3454,4.74532,-1.15088,-4.98169,4.78677,-1.38299,-5,-0.0414495,0.232115,0.0183105,0.236497,-0.208604,-0.962629,-0.0163764,-0.36115,-1.04131,0
1781247058801257,15.3614,4.74088,-1.16916,-4.98145,4.77948,-1.40375,-5,-0.0386071,0.23459,0.0185547,0.238468,-0.212127,-0.957992,-0.0157787,-0.367129,-1.03435,0
1781247058825257,15.3854,4.73416,-1.19617,-4.98111,4.77208,-1.42436,-5,-0.0379176,0.228196,0.0188904,0.232095,-0.220903,-0.951479,-0.0155979,-0.373098,-1.02728,0
1781247058841257,15.4014,4.72965,-1.21391,-4.98093,4.76456,-1.44483,-5,-0.0349145,0.230929,0.0190735,0.234331,-0.22459,-0.947498,-0.0167679,-0.379058,-1.0201,0
1781247058857257,15.4174,4.72512,-1.23144,-4.98077,4.75693,-1.46515,-5,-0.0318055,0.233708,0.0192261,0.236645,-0.228181,-0.942392,-0.0171155,-0.385003,-1.01284,0
1781247058881257,15.4414,4.71828,-1.25733,-4.98062,4.74917,-1.48533,-5,-0.0308852,0.228,0.0193787,0.230897,-0.235643,-0.933977,-0.0180459,-0.390944,-1.00546,0
1781247058905257,15.4654,4.71137,-1.28278,-4.98053,4.74129,-1.50535,-5,-0.0299263,0.222572,0.0194702,0.225417,-0.242794,-0.928798,-0.0187596,-0.396873,-0.997986,0
1781247058921257,15.4814,4.7067,-1.29953,-4.9805,4.7333,-1.52524,-5,-0.026598,0.225702,0.0195007,0.228099,-0.247804,-0.924412,-0.0194913,-0.402794,-0.990411,0
1781247058945257,15.5054,4.6996,-1.32431,-4.98053,4.72519,-1.54495,-5,-0.025589,0.220635,0.0194702,0.222966,-0.257017,-0.916127,-0.0198292,-0.408701,-0.982742,0
1781247058961257,15.5214,4.69481,-1.3406,-4.98059,4.71695,-1.56454,-5,-0.0221472,0.223937,0.0194092,0.225865,-0.261248,-0.911465,-0.0216793,-0.414605,-0.974965,0
1781247058985257,15.5454,4.68753,-1.3647,-4.98068,4.70854,-1.5841,-5,-0.021009,0.219401,0.0193176,0.22125,-0.269207,-0.903148,-0.0207509,-0.420538,-0.967036,0
1781247059001257,15.5614,4.68263,-1.38054,-4.98074,4.70014,-1.60321,-5,-0.017509,0.222668,0.0192566,0.224184,-0.273319,-0.898662,-0.021354,-0.426374,-0.959128,0
1781247059025257,15.5854,4.67522,-1.40401,-4.9809,4.69155,-1.62232,-5,-0.0163298,0.218311,0.019104,0.219753,-0.278784,-0.88989,-0.0221858,-0.432245,-0.951063,0
1781247059041257,15.6014,4.67021,-1.41943,-4.98102,4.68286,-1.64122,-5,-0.0126519,0.221787,0.0189819,0.222957,-0.284962,-0.884397,-0.0233047,-0.438091,-0.942921,0
1781247059065257,15.6254,4.6626,-1.44223,-4.98123,4.67404,-1.66001,-5,-0.0114398,0.217777,0.0187683,0.218883,-0.291845,-0.87444,-0.0238067,-0.443945,-0.93466,0
1781247059081257,15.6414,4.65745,-1.45722,-4.98141,4.6651,-1.67862,-5,-0.00764513,0.221401,0.0185852,0.222311,-0.297078,-0.868559,-0.0247149,-0.449782,-0.926313,0
1781247059105257,15.6654,4.64963,-1.4794,-4.98172,4.65605,-1.69705,-5,-0.00641775,0.217654,0.01828,0.218514,-0.304256,-0.858665,-0.0255278,-0.455603,-0.917881,0
1781247059121257,15.6814,4.64338,-1.49692,-4.9816,4.64688,-1.71531,-5,-0.00350475,0.218391,0.0184021,0.219193,-0.309332,-0.854297,-0.0252859,-0.461415,-0.909354,0
1781247059145257,15.7054,4.63397,-1.5227,-4.98141,4.63761,-1.7334,-5,-0.0036335,0.2107,0.0185852,0.21155,-0.316947,-0.847669,-0.0255871,-0.467212,-0.900741,0
1781247059161257,15.7214,4.62768,-1.53955,-4.98138,4.62815,-1.75143,-5,-0.000465393,0.211889,0.0186157,0.212705,-0.322411,-0.841996,-0.0264052,-0.473039,-0.891975,0
1781247059185257,15.7454,4.61819,-1.5643,-4.98135,4.61864,-1.76916,-5,-0.000457764,0.204859,0.0186462,0.205706,-0.330133,-0.832015,-0.0263195,-0.478809,-0.883187,0
1781247059201257,15.7614,4.61183,-1.58048,-4.98135,4.60902,-1.78672,-5,0.00281572,0.20624,0.0186462,0.2071,-0.334809,-0.827482,-0.0250783,-0.484572,-0.874304,0
1781247059225257,15.7854,4.60228,-1.60429,-4.98138,4.59928,-1.8041,-5,0.00300217,0.199816,0.0186157,0.200704,-0.341328,-0.818057,-0.0259456,-0.490323,-0.865334,0
1781247059241257,15.8014,4.59588,-1.61986,-4.98148,4.58939,-1.82136,-5,0.00648737,0.201499,0.0185242,0.202453,-0.34586,-0.812937,-0.0258875,-0.496079,-0.856249,0
1781247059265257,15.8254,4.58621,-1.64278,-4.98154,4.57947,-1.83829,-5,0.00673485,0.19551,0.0184631,0.196495,-0.353237,-0.802273,-0.0227835,-0.501774,-0.847156,0
1781247059281257,15.8414,4.57974,-1.65778,-4.9816,4.56937,-1.85515,-5,0.0103645,0.197372,0.0184021,0.198499,-0.356378,-0.797447,-0.0220549,-0.507496,-0.837917,0
1781247059305362,15.8655,4.56998,-1.67988,-4.98166,4.55917,-1.87181,-5,0.0108137,0.191926,0.0183411,0.193104,-0.363228,-0.788146,-0.0211229,-0.513199,-0.828603,0
1781247059321362,15.8815,4.56343,-1.69435,-4.98172,4.54885,-1.88828,-5,0.0145793,0.193933,0.01828,0.195337,-0.368327,-0.781091,-0.0210253,-0.518889,-0.819206,0
1781247059345362,15.9055,4.55352,-1.71562,-4.98187,4.53842,-1.90457,-5,0.0151005,0.188951,0.0181274,0.190418,-0.375486,-0.769842,-0.0218084,-0.524568,-0.809725,0
1781247059361362,15.9215,4.54687,-1.72951,-4.98196,4.52787,-1.92067,-5,0.0190024,0.191159,0.0180359,0.192946,-0.379343,-0.760999,-0.021605,-0.530235,-0.800161,0
1781247059385362,15.9455,4.53682,-1.74995,-4.98218,4.51721,-1.93657,-5,0.0196123,0.186623,0.0178223,0.188496,-0.386221,-0.75036,-0.0218599,-0.535887,-0.790521,0
1781247059401362,15.9615,4.53008,-1.7633,-4.98233,4.50637,-1.95238,-5,0.0237036,0.189079,0.0176697,0.191376,-0.390434,-0.741443,-0.0213946,-0.54156,-0.780741,0
1781247059425362,15.9855,4.51988,-1.78294,-4.9826,4.49556,-1.96779,-5,0.024322,0.184851,0.017395,0.187254,-0.39657,-0.72965,-0.0227103,-0.547147,-0.771008,0
1781247059441362,16.0015,4.51305,-1.79575,-4.98279,4.48456,-1.98311,-5,0.0284858,0.18736,0.0172119,0.190293,-0.399926,-0.720939,-0.0233321,-0.552761,-0.761129,0
1781247059465362,16.0255,4.50273,-1.8146,-4.98312,4.47345,-1.99823,-5,0.0292797,0.183626,0.0168762,0.18671,-0.406166,-0.710496,-0.0225415,-0.558358,-0.751179,0
1781247059481362,16.0415,4.49581,-1.82695,-4.98337,4.46223,-2.01315,-5,0.0335751,0.186201,0.0166321,0.189933,-0.409716,-0.703574,-0.0235262,-0.563943,-0.74115,0
1781247059505362,16.0655,4.48534,-1.84512,-4.98376,4.4509,-2.02787,-5,0.0344419,0.182749,0.0162354,0.186674,-0.41553,-0.691473,-0.0227009,-0.56951,-0.731053,0
1781247059521362,16.0815,4.47808,-1.85821,-4.98383,4.43949,-2.04235,-5,0.0385876,0.184137,0.0161743,0.18883,-0.420193,-0.684739,-0.0223661,-0.575051,-0.720906,0
1781247059545362,16.1055,4.46672,-1.8792,-4.98367,4.42791,-2.0567,-5,0.0388174,0.177496,0.0163269,0.182423,-0.426867,-0.67539,-0.0209837,-0.580606,-0.710634,0
1781247059561362,16.1215,4.45913,-1.89284,-4.98355,4.41624,-2.0708,-5,0.0428877,0.177965,0.016449,0.183797,-0.430872,-0.667922,-0.0208735,-0.586133,-0.700316,0
1781247059585362,16.1455,4.44769,-1.91278,-4.98346,4.40446,-2.08471,-5,0.0432239,0.171922,0.0165405,0.178043,-0.437178,-0.657821,-0.0212531,-0.591646,-0.689928,0
1781247059601362,16.1615,4.44002,-1.92576,-4.98346,4.39259,-2.09838,-5,0.0474281,0.172615,0.0165405,0.179774,-0.441654,-0.651032,-0.0222341,-0.597136,-0.679486,0
1781247059625362,16.1855,4.42844,-1.94477,-4.98343,4.38062,-2.11184,-5,0.0478182,0.167069,0.016571,0.174566,-0.448923,-0.641056,-0.0222955,-0.602609,-0.668981,0
1781247059641362,16.2015,4.42066,-1.95714,-4.98343,4.36851,-2.12511,-5,0.0521455,0.167966,0.016571,0.176653,-0.45313,-0.633659,-0.0228428,-0.608075,-0.658392,0
1781247059665362,16.2255,4.40893,-1.97523,-4.98349,4.35627,-2.1382,-5,0.05266,0.162963,0.01651,0.172054,-0.458648,-0.621019,-0.022752,-0.61354,-0.647711,0
1781247059681362,16.2415,4.40109,-1.98699,-4.98355,4.34399,-2.151,-5,0.0571017,0.164015,0.016449,0.174448,-0.461664,-0.612887,-0.0223294,-0.618959,-0.637024,0
1781247059705362,16.2655,4.38926,-2.00416,-4.98367,4.33145,-2.16374,-5,0.0578094,0.159579,0.0163269,0.170511,-0.46748,-0.60126,-0.021424,-0.624426,-0.626146,0
1781247059721362,16.2815,4.38134,-2.01533,-4.98373,4.31897,-2.17609,-5,0.0623631,0.160763,0.0162659,0.1732,-0.471191,-0.593086,-0.0211595,-0.629805,-0.615353,0
1781247059745362,16.3055,4.36938,-2.03167,-4.98389,4.30628,-2.18832,-5,0.063098,0.156655,0.0161133,0.169652,-0.477212,-0.580947,-0.0222579,-0.635213,-0.604408,0
1781247059761362,16.3215,4.36135,-2.04229,-4.98401,4.29356,-2.20027,-5,0.0677876,0.157974,0.0159912,0.172646,-0.482174,-0.573646,-0.0232791,-0.640572,-0.593468,0
1781247059785362,16.3455,4.34921,-2.05783,-4.98422,4.28066,-2.21206,-5,0.0685506,0.154234,0.0157776,0.169517,-0.488349,-0.561358,-0.0231884,-0.645945,-0.582408,0
1781247059801362,16.3615,4.34106,-2.06794,-4.98441,4.26775,-2.22354,-5,0.0733085,0.155606,0.0155945,0.172715,-0.492765,-0.554892,-0.0227968,-0.651263,-0.571371,0
1781247059825362,16.3855,4.32873,-2.08273,-4.98465,4.25469,-2.23484,-5,0.0740409,0.152117,0.0153503,0.169874,-0.499807,-0.541885,-0.0227891,-0.656583,-0.560238,0
1781247059841362,16.4015,4.32043,-2.09232,-4.98486,4.2415,-2.24594,-5,0.0789356,0.15362,0.0151367,0.173375,-0.504783,-0.533551,-0.0227409,-0.661896,-0.549029,0
1781247059865362,16.4255,4.30789,-2.10635,-4.9852,4.22819,-2.25682,-5,0.0796928,0.150476,0.014801,0.170918,-0.510768,-0.521065,-0.022076,-0.667194,-0.537763,0
1781247059881362,16.4415,4.29947,-2.11545,-4.98541,4.2148,-2.26746,-5,0.0846615,0.152004,0.0145874,0.174601,-0.514924,-0.51286,-0.0209829,-0.672468,-0.526458,0
1781247059905362,16.4655,4.28674,-2.12874,-4.98572,4.20122,-2.27794,-5,0.0855198,0.149193,0.0142822,0.172557,-0.521407,-0.49928,-0.0201029,-0.67776,-0.515026,0
1781247059921362,16.4815,4.27722,-2.13919,-4.98553,4.18765,-2.28809,-5,0.0895686,0.148901,0.0144653,0.174366,-0.527592,-0.491282,-0.0195859,-0.682988,-0.503645,0
1781247059945362,16.5055,4.26291,-2.15436,-4.98532,4.17392,-2.29806,-5,0.0889807,0.143702,0.014679,0.169656,-0.533633,-0.479713,-0.0192811,-0.68822,-0.492164,0
1781247059961362,16.5215,4.25335,-2.16414,-4.9852,4.1601,-2.3078,-5,0.0932508,0.143652,0.014801,0.171903,-0.538755,-0.470823,-0.0196734,-0.693432,-0.480643,0
1781247059985362,16.5455,4.23896,-2.17831,-4.98508,4.14619,-2.31729,-5,0.0927715,0.138981,0.0149231,0.167765,-0.546279,-0.457392,-0.0188338,-0.69862,-0.469088,0
1781247060001362,16.5615,4.22933,-2.18743,-4.98502,4.13227,-2.32649,-5,0.0970621,0.139061,0.0149841,0.170246,-0.550331,-0.448768,-0.0187157,-0.703756,-0.457563,0
1781247060025362,16.5855,4.21485,-2.20067,-4.98495,4.11817,-2.33551,-5,0.0966868,0.134835,0.0150452,0.166598,-0.556313,-0.437724,-0.0173601,-0.708903,-0.445931,0
1781247060041362,16.6015,4.20518,-2.20921,-4.98492,4.10391,-2.34433,-5,0.101268,0.135118,0.0150757,0.169527,-0.561342,-0.428106,-0.0162627,-0.714053,-0.434206,0
1781247060065362,16.6255,4.19059,-2.22156,-4.98483,4.08957,-2.35289,-5,0.101015,0.131338,0.0151672,0.166384,-0.566978,-0.414118,-0.0158897,-0.719175,-0.42246,0
1781247060081362,16.6415,4.18082,-2.22949,-4.9848,4.0751,-2.36125,-5,0.105721,0.13176,0.0151978,0.169613,-0.57185,-0.404851,-0.0160398,-0.724291,-0.410643,0
1781247060105362,16.6655,4.16612,-2.24097,-4.9848,4.06063,-2.36931,-5,0.10549,0.12834,0.0151978,0.166824,-0.578506,-0.391566,-0.0159145,-0.729354,-0.398869,0
1781247060121362,16.6815,4.15625,-2.24834,-4.9848,4.04601,-2.37716,-5,0.110247,0.128817,0.0151978,0.170233,-0.583404,-0.382559,-0.0164103,-0.734414,-0.387017,0
1781247060145362,16.7055,4.14141,-2.259,-4.98486,4.03125,-2.38479,-5,0.110152,0.125788,0.0151367,0.167884,-0.588373,-0.370596,-0.0179442,-0.739468,-0.3751,0
1781247060161362,16.7215,4.13148,-2.26584,-4.98495,4.01641,-2.39217,-5,0.115066,0.126323,0.0150452,0.171535,-0.591667,-0.361768,-0.0180425,-0.744498,-0.363157,0
1781247060185362,16.7455,4.11653,-2.27576,-4.98511,4.00148,-2.39931,-5,0.115055,0.123546,0.0148926,0.169478,-0.597862,-0.350801,-0.0186943,-0.749507,-0.351182,0
1781247060201362,16.7615,4.10653,-2.28214,-4.9852,3.98644,-2.40621,-5,0.120081,0.124074,0.014801,0.1733,-0.60077,-0.341902,-0.0179006,-0.754497,-0.339174,0
1781247060225362,16.7855,4.09146,-2.29132,-4.98538,3.9713,-2.41287,-5,0.120162,0.121556,0.0146179,0.171547,-0.607416,-0.32969,-0.0185866,-0.759472,-0.327123,0
1781247060241362,16.8015,4.08136,-2.29721,-4.98553,3.95609,-2.41928,-5,0.12527,0.122075,0.0144653,0.175511,-0.611099,-0.320828,-0.0187545,-0.764417,-0.315066,0
1781247060257362,16.8175,4.07122,-2.3029,-4.98569,3.94075,-2.42547,-5,0.13047,0.122565,0.0143127,0.179581,-0.615955,-0.311886,-0.019357,-0.769356,-0.302947,0
1781247060281362,16.8415,4.05589,-2.31112,-4.98593,3.92534,-2.43139,-5,0.130557,0.120276,0.0140686,0.178071,-0.622879,-0.301196,-0.0202235,-0.774263,-0.290826,0
1781247060305362,16.8655,4.04046,-2.31894,-4.98618,3.9098,-2.43709,-5,0.13066,0.118146,0.0138245,0.176697,-0.629752,-0.288209,-0.0196775,-0.779161,-0.278653,0
1781247060321471,16.8816,4.02915,-2.32568,-4.98602,3.89412,-2.44256,-5,0.135032,0.116876,0.0139771,0.179134,-0.633641,-0.279122,-0.0194765,-0.784054,-0.266415,0
1781247060345471,16.9056,4.01218,-2.3353,-4.98581,3.87842,-2.44775,-5,0.133762,0.112459,0.0141907,0.17533,-0.639659,-0.267828,-0.0192176,-0.788903,-0.254212,0
1781247060361471,16.9216,4.00086,-2.34139,-4.98569,3.86262,-2.45271,-5,0.138242,0.111315,0.0143127,0.178064,-0.644166,-0.259014,-0.01869,-0.793733,-0.241982,0
1781247060385471,16.9456,3.98384,-2.35008,-4.98557,3.84666,-2.45743,-5,0.137183,0.107356,0.0144348,0.174794,-0.651125,-0.246605,-0.0193377,-0.798561,-0.229681,0
1781247060401471,16.9616,3.97249,-2.35557,-4.9855,3.83058,-2.46192,-5,0.141907,0.106349,0.0144958,0.177926,-0.654256,-0.238159,-0.0188859,-0.803377,-0.217337,0
1781247060425471,16.9856,3.95542,-2.36338,-4.9855,3.81456,-2.46612,-5,0.140858,0.102743,0.0144958,0.17495,-0.661624,-0.224123,-0.0199307,-0.808128,-0.205087,0
1781247060441471,17.0016,3.944,-2.36828,-4.9855,3.79837,-2.47009,-5,0.145627,0.10181,0.0144958,0.178277,-0.666223,-0.215772,-0.0202542,-0.812879,-0.192764,0
1781247060465471,17.0256,3.92682,-2.37523,-4.98557,3.78203,-2.47383,-5,0.144784,0.0986083,0.0144348,0.175768,-0.673379,-0.201747,-0.0202136,-0.817627,-0.180377,0
1781247060481471,17.0416,3.91532,-2.37957,-4.98563,3.76564,-2.47732,-5,0.149681,0.0977521,0.0143738,0.17935,-0.677455,-0.192581,-0.0203541,-0.822343,-0.168002,0
1781247060505471,17.0656,3.89803,-2.38567,-4.98572,3.74917,-2.48055,-5,0.148863,0.0948813,0.0142822,0.177106,-0.682907,-0.178705,-0.0192065,-0.827034,-0.155625,0
1781247060521471,17.0816,3.88647,-2.38947,-4.98578,3.7326,-2.48353,-5,0.153876,0.094063,0.0142212,0.180908,-0.687184,-0.17015,-0.0198516,-0.831704,-0.143228,0
1781247060545471,17.1056,3.86906,-2.39477,-4.9859,3.7159,-2.48628,-5,0.153163,0.0915041,0.0140991,0.178971,-0.693934,-0.156732,-0.0186021,-0.836365,-0.130789,0
1781247060561471,17.1216,3.85741,-2.39807,-4.98596,3.69912,-2.48877,-5,0.158286,0.0907035,0.0140381,0.182972,-0.697047,-0.148501,-0.0182012,-0.840999,-0.118352,0
1781247060585471,17.1456,3.8399,-2.40263,-4.98608,3.68226,-2.49101,-5,0.157644,0.0883851,0.013916,0.181266,-0.701624,-0.135468,-0.0177477,-0.845612,-0.105904,0
1781247060601471,17.1616,3.8282,-2.40543,-4.98615,3.66531,-2.493,-5,0.162885,0.0875738,0.013855,0.185453,-0.705965,-0.126809,-0.0169768,-0.850201,-0.0934533,0
1781247060625471,17.1856,3.81056,-2.40929,-4.98624,3.64829,-2.49475,-5,0.162271,0.0854595,0.0137634,0.183915,-0.713181,-0.113916,-0.0163783,-0.854765,-0.0810029,0
1781247060641471,17.2016,3.79874,-2.41162,-4.9863,3.63115,-2.49624,-5,0.167592,0.0846159,0.0137024,0.188241,-0.716945,-0.105679,-0.0164213,-0.859315,-0.0685243,0
1781247060665471,17.2256,3.78094,-2.41478,-4.98642,3.61392,-2.49749,-5,0.167023,0.0827088,0.0135803,0.186874,-0.723228,-0.0910037,-0.0171732,-0.863843,-0.056041,0
1781247060681471,17.2416,3.76901,-2.41664,-4.98654,3.59658,-2.49848,-5,0.172432,0.0818443,0.0134583,0.191343,-0.728482,-0.0824816,-0.0179014,-0.868354,-0.043539,0
1781247060705471,17.2656,3.75098,-2.41906,-4.98669,3.57912,-2.49923,-5,0.171865,0.0801699,0.0133057,0.19011,-0.736184,-0.0675103,-0.0183272,-0.872851,-0.0310086,0
1781247060721471,17.2816,3.73801,-2.42206,-4.98663,3.56171,-2.49972,-5,0.176302,0.0776618,0.0133667,0.193112,-0.740633,-0.0590644,-0.0186866,-0.877291,-0.0185772,0
1781247060745471,17.3056,3.71853,-2.4261,-4.98654,3.5441,-2.49997,-5,0.17443,0.073873,0.0134583,0.189906,-0.747341,-0.0457825,-0.0194655,-0.881736,-0.00606762,0
1781247060761471,17.3216,3.70554,-2.42847,-4.98651,3.52642,-2.49997,-5,0.179122,0.0714989,0.0134888,0.193336,-0.751287,-0.0372032,-0.0194143,-0.886157,0.00643908,0
1781247060785471,17.3456,3.68599,-2.4316,-4.98654,3.50866,-2.49971,-5,0.177333,0.0681112,0.0134583,0.19044,-0.759355,-0.0257033,-0.0201868,-0.890551,0.0189292,0
1781247060801471,17.3616,3.67293,-2.43343,-4.98654,3.49072,-2.49921,-5,0.182209,0.0657802,0.0134583,0.194186,-0.76384,-0.0182386,-0.0191291,-0.894946,0.0314863,0
1781247060825471,17.3856,3.6533,-2.43572,-4.9866,3.47283,-2.49845,-5,0.180474,0.0627327,0.0133972,0.191535,-0.76917,-0.0035549,-0.0179127,-0.899287,0.043946,0
1781247060841471,17.4016,3.64022,-2.43697,-4.98663,3.45478,-2.49745,-5,0.18544,0.0604789,0.0133667,0.195511,-0.771403,0.00417493,-0.0179024,-0.903622,0.0564516,0
1781247060865471,17.4256,3.62057,-2.43846,-4.98666,3.43666,-2.4962,-5,0.183911,0.0577362,0.0133362,0.193222,-0.777261,0.0160856,-0.0179975,-0.90793,0.0689388,0
1781247060881471,17.4416,3.60744,-2.4392,-4.98672,3.41846,-2.49469,-5,0.188978,0.0554893,0.0132751,0.197403,-0.781575,0.0241349,-0.0176541,-0.912214,0.0814141,0
1781247060905471,17.4656,3.58769,-2.43994,-4.98682,3.40021,-2.49294,-5,0.187486,0.0530002,0.0131836,0.195279,-0.786865,0.0375463,-0.0188967,-0.916467,0.0938593,0
1781247060921471,17.4816,3.5745,-2.44017,-4.98688,3.38185,-2.49094,-5,0.192648,0.0507717,0.0131226,0.199657,-0.790477,0.0469331,-0.0188516,-0.920703,0.10631,0
1781247060945471,17.5056,3.55465,-2.44011,-4.98697,3.36347,-2.4887,-5,0.191187,0.048595,0.013031,0.197696,-0.795866,0.0604438,-0.0179251,-0.924902,0.11871,0
1781247060961471,17.5216,3.5414,-2.43983,-4.98706,3.34482,-2.48619,-5,0.196587,0.0463519,0.0129395,0.202391,-0.799574,0.0684354,-0.0178194,-0.92912,0.131221,0
1781247060985471,17.5456,3.52143,-2.43906,-4.98718,3.32618,-2.48344,-5,0.195246,0.0443718,0.0128174,0.200634,-0.80659,0.0806655,-0.0178129,-0.93329,0.14365,0
1781247061001471,17.5616,3.50807,-2.43834,-4.98734,3.30752,-2.48045,-5,0.200556,0.0421093,0.0126648,0.20532,-0.810622,0.0880476,-0.0191438,-0.937428,0.156034,0
1781247061017471,17.5776,3.49467,-2.43744,-4.98749,3.28875,-2.47721,-5,0.205913,0.0397642,0.0125122,0.21009,-0.815593,0.0951741,-0.0189947,-0.941544,0.168409,0
1781247061041471,17.6016,3.47449,-2.43578,-4.98776,3.26985,-2.47371,-5,0.204639,0.0379238,0.0122375,0.208483,-0.820563,0.108334,-0.0184295,-0.94565,0.180808,0
1781247061065471,17.6256,3.45426,-2.43372,-4.98801,3.25087,-2.46996,-5,0.203384,0.0362422,0.0119934,0.206936,-0.824133,0.12087,-0.0193192,-0.949731,0.193184,0
1781247061081471,17.6416,3.44074,-2.43213,-4.98816,3.23188,-2.46599,-5,0.208859,0.0338547,0.0118408,0.211916,-0.828287,0.129451,-0.0199437,-0.953774,0.205495,0
1781247061105471,17.6656,3.42041,-2.4294,-4.98843,3.21278,-2.46176,-5,0.207627,0.0323579,0.0115662,0.210451,-0.833052,0.144751,-0.019776,-0.957799,0.217805,0
1781247061121471,17.6816,3.40529,-2.42925,-4.98837,3.19361,-2.45728,-5,0.211686,0.0280316,0.0116272,0.21385,-0.836958,0.152421,-0.0196632,-0.961797,0.230086,0
1781247061145471,17.7056,3.38267,-2.42855,-4.98822,3.17432,-2.45256,-5,0.208351,0.0240042,0.0117798,0.210059,-0.843724,0.164602,-0.0201998,-0.96578,0.24237,0
1781247061161471,17.7216,3.36761,-2.42778,-4.98816,3.15496,-2.44758,-5,0.21265,0.0198002,0.0118408,0.213898,-0.847405,0.172115,-0.0194356,-0.969737,0.254623,0
1781247061185471,17.7456,3.34505,-2.4262,-4.98807,3.13566,-2.44241,-5,0.209397,0.0162096,0.0119324,0.210362,-0.853253,0.184322,-0.0186209,-0.973642,0.266766,0
1781247061201471,17.7616,3.33004,-2.42484,-4.98804,3.11615,-2.43695,-5,0.213885,0.0121143,0.0119629,0.214561,-0.856611,0.192182,-0.0185996,-0.977547,0.278958,0
1781247061225471,17.7856,3.30754,-2.42239,-4.98804,3.0966,-2.43126,-5,0.210935,0.00887513,0.0119629,0.21146,-0.862381,0.204784,-0.018576,-0.981423,0.291105,0
1781247061241471,17.8016,3.29254,-2.42046,-4.98807,3.0769,-2.42531,-5,0.21564,0.00484467,0.0119324,0.216024,-0.865626,0.213932,-0.0186946,-0.985287,0.303266,0
1781247061265471,17.8256,3.27008,-2.41717,-4.98813,3.05716,-2.41912,-5,0.212917,0.00195169,0.0118713,0.213256,-0.870131,0.226362,-0.0173247,-0.989121,0.315378,0
1781247061281471,17.8416,3.25511,-2.41471,-4.98813,3.03734,-2.41269,-5,0.21777,-0.00201678,0.0118713,0.218102,-0.872516,0.234351,-0.0172084,-0.99293,0.327456,0
1781247061305471,17.8656,3.23267,-2.41066,-4.98816,3.01746,-2.40603,-5,0.215208,-0.00463247,0.0118408,0.215583,-0.878017,0.245694,-0.0162857,-0.996712,0.339494,0
1781247061321576,17.8817,3.21771,-2.40772,-4.98819,2.99753,-2.39913,-5,0.220178,-0.00858474,0.0118103,0.220661,-0.88041,0.253534,-0.0162928,-1.00046,0.351483,0
1781247061345576,17.9057,3.19528,-2.40295,-4.98822,2.97746,-2.39198,-5,0.21782,-0.0109787,0.0117798,0.218415,-0.884295,0.265697,-0.0155106,-1.0042,0.363474,0
1781247061361576,17.9217,3.18032,-2.39953,-4.98825,2.95732,-2.38458,-5,0.223001,-0.0149517,0.0117493,0.22381,-0.888401,0.274269,-0.0144885,-1.00791,0.375424,0
1781247061385576,17.9457,3.15789,-2.39404,-4.98828,2.93714,-2.37696,-5,0.220755,-0.0170856,0.0117188,0.221725,-0.89092,0.286576,-0.0145181,-1.0116,0.387321,0
1781247061401576,17.9617,3.14295,-2.39015,-4.98831,2.91689,-2.3691,-5,0.22606,-0.0210519,0.0116882,0.227339,-0.894039,0.294696,-0.0138243,-1.01525,0.399175,0
1781247061425576,17.9857,3.12049,-2.38394,-4.98837,2.89657,-2.36101,-5,0.223911,-0.0229328,0.0116272,0.225382,-0.899453,0.308161,-0.0132779,-1.01888,0.410985,0
1781247061441576,18.0017,3.10549,-2.37958,-4.9884,2.87614,-2.35266,-5,0.229353,-0.0269127,0.0115967,0.231218,-0.903632,0.316498,-0.0141883,-1.02249,0.422782,0
1781247061465576,18.0257,3.08296,-2.37272,-4.98853,2.85564,-2.34409,-5,0.227314,-0.0286319,0.0114746,0.229397,-0.908041,0.326737,-0.0140332,-1.02608,0.434529,0
1781247061481576,18.0417,3.06791,-2.36794,-4.98859,2.83509,-2.33528,-5,0.232819,-0.0326624,0.0114136,0.235376,-0.910677,0.334312,-0.0137336,-1.02963,0.446224,0
1781247061505576,18.0657,3.04531,-2.36046,-4.98868,2.8145,-2.32625,-5,0.230813,-0.0342064,0.011322,0.233608,-0.915561,0.347897,-0.0127263,-1.03316,0.45786,0
1781247061521576,18.0817,3.02943,-2.35578,-4.98859,2.79382,-2.31699,-5,0.235605,-0.0387914,0.0114136,0.23905,-0.918727,0.358599,-0.0129403,-1.03666,0.469457,0
1781247061545576,18.1057,3.00446,-2.34916,-4.98819,2.77305,-2.30749,-5,0.231402,-0.0416739,0.0118103,0.235421,-0.924118,0.370923,-0.0138147,-1.04014,0.481018,0
1781247061561576,18.1217,2.98787,-2.34448,-4.98798,2.7522,-2.29774,-5,0.23567,-0.0467372,0.0120239,0.240561,-0.927776,0.379197,-0.0148246,-1.04359,0.492542,0
1781247061585576,18.1457,2.96304,-2.33705,-4.9877,2.73129,-2.28777,-5,0.231749,-0.0492816,0.0122986,0.23725,-0.933642,0.391395,-0.0155998,-1.04702,0.504007,0
1781247061601576,18.1617,2.94651,-2.33185,-4.98755,2.71032,-2.27758,-5,0.236191,-0.0542622,0.0124512,0.242663,-0.937755,0.399992,-0.0155256,-1.05042,0.515415,0
1781247061625576,18.1857,2.92177,-2.32365,-4.98737,2.68932,-2.26718,-5,0.232444,-0.0564678,0.0126343,0.239538,-0.943208,0.412077,-0.0166121,-1.05379,0.526754,0
1781247061641576,18.2017,2.90529,-2.31794,-4.9873,2.66822,-2.25654,-5,0.237066,-0.0614014,0.0126953,0.245217,-0.946942,0.420723,-0.0166779,-1.05714,0.538059,0
1781247061665576,18.2257,2.88064,-2.30898,-4.98724,2.64701,-2.24565,-5,0.233632,-0.0633371,0.0127563,0.242401,-0.948921,0.434268,-0.0182442,-1.06046,0.549335,0
1781247061681576,18.2417,2.86425,-2.30277,-4.98724,2.6258,-2.23456,-5,0.238454,-0.0682123,0.0127563,0.248347,-0.95178,0.442231,-0.0179913,-1.06376,0.56052,0
1781247061705576,18.2657,2.83969,-2.29312,-4.9873,2.60451,-2.22325,-5,0.235181,-0.0698655,0.0126953,0.245667,-0.95618,0.455184,-0.0190447,-1.06702,0.571651,0
1781247061721576,18.2817,2.82335,-2.28645,-4.98734,2.58316,-2.21172,-5,0.240186,-0.0747278,0.0126648,0.251861,-0.958449,0.463651,-0.0195372,-1.07026,0.582727,0
1781247061745576,18.3057,2.79885,-2.27612,-4.98746,2.5617,-2.19995,-5,0.237147,-0.0761759,0.0125427,0.249396,-0.962669,0.474714,-0.0186232,-1.07348,0.593767,0
1781247061761576,18.3217,2.78253,-2.26902,-4.98755,2.5402,-2.18796,-5,0.242335,-0.0810623,0.0124512,0.255837,-0.964737,0.4839,-0.0189753,-1.07667,0.604741,0
1781247061785576,18.3457,2.75808,-2.25803,-4.98767,2.51862,-2.17575,-5,0.239453,-0.0822861,0.0123291,0.253497,-0.967604,0.495791,-0.0179301,-1.07983,0.615654,0
1781247061801576,18.3617,2.74179,-2.2505,-4.98776,2.4969,-2.16327,-5,0.244886,-0.087225,0.0122375,0.260244,-0.970815,0.504571,-0.0182346,-1.08298,0.626549,0
1781247061825576,18.3857,2.71736,-2.23886,-4.98795,2.47531,-2.15069,-5,0.242049,-0.0881729,0.0120544,0.257891,-0.974287,0.516618,-0.019085,-1.08607,0.637285,0
1781247061841576,18.4017,2.70107,-2.2309,-4.9881,2.45353,-2.13782,-5,0.247539,-0.0930781,0.0119019,0.264727,-0.977451,0.524941,-0.0192301,-1.08916,0.648019,0
1781247061865576,18.4257,2.67662,-2.21866,-4.98834,2.43174,-2.12477,-5,0.244882,-0.0938909,0.0116577,0.262524,-0.981008,0.535864,-0.0187213,-1.09221,0.658663,0
1781247061881576,18.4417,2.66032,-2.21032,-4.98853,2.40984,-2.11148,-5,0.250477,-0.0988438,0.0114746,0.269519,-0.984391,0.543695,-0.0192094,-1.09524,0.669265,0
1781247061905576,18.4657,2.63588,-2.19752,-4.9888,2.38794,-2.09801,-5,0.247934,-0.0995107,0.0112,0.267393,-0.987035,0.555317,-0.0190029,-1.09823,0.679773,0
1781247061921576,18.4817,2.61911,-2.18903,-4.98865,2.36595,-2.08431,-5,0.253159,-0.104717,0.0113525,0.274197,-0.989,0.563091,-0.0183743,-1.1012,0.690227,0
1781247061937576,18.4977,2.60191,-2.18059,-4.98816,2.3439,-2.0704,-5,0.25801,-0.11019,0.0118408,0.280804,-0.991541,0.571792,-0.0177577,-1.10414,0.700615,0
1781247061961576,18.5217,2.57618,-2.16758,-4.98752,2.32177,-2.05628,-5,0.254401,-0.111303,0.0124817,0.277964,-0.994422,0.585083,-0.0180117,-1.10706,0.710936,0
1781247061985576,18.5457,2.55053,-2.15417,-4.98694,2.2996,-2.04195,-5,0.250932,-0.112215,0.0130615,0.275191,-0.997272,0.597014,-0.016756,-1.10995,0.721183,0
1781247062001576,18.5617,2.53348,-2.14502,-4.98654,2.27737,-2.02742,-5,0.256114,-0.117593,0.0134583,0.282141,-0.999093,0.605372,-0.0168895,-1.11281,0.731361,0
1781247062025576,18.5857,2.50797,-2.13096,-4.98605,2.25512,-2.01272,-5,0.252849,-0.118236,0.0139465,0.279476,-1.00149,0.618632,-0.0160242,-1.11564,0.741444,0
1781247062041576,18.6017,2.49099,-2.12138,-4.98575,2.23277,-1.99779,-5,0.258217,-0.123591,0.0142517,0.286625,-1.0043,0.625496,-0.0160064,-1.11845,0.751474,0
1781247062065576,18.6257,2.46553,-2.10672,-4.98532,2.21036,-1.98265,-5,0.255175,-0.124071,0.014679,0.284119,-1.00713,0.637612,-0.0156065,-1.12122,0.761432,0
1781247062081576,18.6417,2.44859,-2.09675,-4.98508,2.18787,-1.96729,-5,0.260722,-0.129454,0.0149231,0.291474,-1.00907,0.645792,-0.016452,-1.12398,0.771323,0
1781247062105576,18.6657,2.4232,-2.08152,-4.98474,2.1655,-1.95187,-5,0.257693,-0.129651,0.0152588,0.288873,-1.01259,0.656231,-0.0168572,-1.12668,0.781059,0
1781247062121576,18.6817,2.40629,-2.07118,-4.98453,2.14295,-1.93615,-5,0.263334,-0.13503,0.0154724,0.29634,-1.01381,0.66338,-0.016312,-1.12937,0.790776,0
1781247062145576,18.7057,2.38097,-2.05541,-4.98425,2.12036,-1.92026,-5,0.26061,-0.135151,0.0157471,0.293992,-1.01563,0.67605,-0.0174355,-1.13204,0.800409,0
1781247062161576,18.7217,2.3641,-2.04469,-4.9841,2.09767,-1.90413,-5,0.266437,-0.140559,0.0158997,0.301659,-1.01762,0.683366,-0.0173866,-1.13468,0.80998,0
1781247062185576,18.7457,2.33883,-2.02837,-4.98392,2.075,-1.88788,-5,0.263836,-0.140488,0.0160828,0.299341,-1.0188,0.695406,-0.0173848,-1.13728,0.819438,0
1781247062201576,18.7617,2.32201,-2.0173,-4.9838,2.05222,-1.87139,-5,0.269787,-0.145903,0.0162048,0.307141,-1.02056,0.702394,-0.0172632,-1.13986,0.828837,0
1781247062225576,18.7857,2.29679,-2.00042,-4.98367,2.02941,-1.85473,-5,0.267382,-0.145688,0.0163269,0.304934,-1.02251,0.714913,-0.0174992,-1.14241,0.838149,0
1781247062241576,18.8017,2.28,-1.98899,-4.98361,2.00655,-1.83788,-5,0.273451,-0.151106,0.0163879,0.312853,-1.02347,0.722775,-0.0178546,-1.14493,0.847377,0
1781247062265576,18.8257,2.25482,-1.97156,-4.98352,1.98363,-1.82085,-5,0.271189,-0.150709,0.0164795,0.31069,-1.02662,0.735356,-0.0188652,-1.14742,0.85652,0
1781247062281576,18.8417,2.23804,-1.95976,-4.98349,1.96064,-1.80361,-5,0.277398,-0.156143,0.01651,0.318752,-1.02706,0.743047,-0.0199237,-1.14989,0.865589,0
1781247062305576,18.8657,2.2129,-1.94181,-4.98349,1.93763,-1.78622,-5,0.27527,-0.155585,0.01651,0.316628,-1.02882,0.75364,-0.0213428,-1.15232,0.874559,0
1781247062321684,18.8818,2.19555,-1.93004,-4.98334,1.91448,-1.76858,-5,0.28107,-0.161467,0.0166626,0.324576,-1.03124,0.759613,-0.0204789,-1.15474,0.883478,0
1781247062345684,18.9058,2.16869,-1.91264,-4.98282,1.89135,-1.75081,-5,0.277339,-0.161832,0.0171814,0.321561,-1.03503,0.771162,-0.0206959,-1.15712,0.892281,0
1781247062361684,18.9218,2.15084,-1.90084,-4.98254,1.86827,-1.73295,-5,0.282564,-0.167889,0.0174561,0.329141,-1.03607,0.777737,-0.0199335,-1.15946,0.900955,0
1781247062385684,18.9458,2.12415,-1.88283,-4.98212,1.84508,-1.71486,-5,0.279072,-0.167974,0.0178833,0.326215,-1.03948,0.789399,-0.0189566,-1.16178,0.90957,0
1781247062401684,18.9618,2.1064,-1.87062,-4.98187,1.82164,-1.69644,-5,0.284757,-0.174181,0.0181274,0.334297,-1.03994,0.796914,-0.019024,-1.16409,0.918162,0
1781247062425684,18.9858,2.07984,-1.85203,-4.98151,1.79838,-1.67803,-5,0.281456,-0.174003,0.0184937,0.331416,-1.04399,0.807311,-0.0186259,-1.16635,0.926581,0
1781247062441684,19.0018,2.06216,-1.83946,-4.98132,1.77513,-1.65949,-5,0.287033,-0.179965,0.0186768,0.339299,-1.04526,0.814252,-0.0187064,-1.16857,0.934891,0
1781247062465684,19.0258,2.0357,-1.82033,-4.98108,1.75179,-1.64076,-5,0.28391,-0.179577,0.0189209,0.336468,-1.04772,0.824861,-0.0190772,-1.17077,0.943123,0
1781247062481684,19.0418,2.01808,-1.80741,-4.98096,1.72817,-1.62167,-5,0.289909,-0.18575,0.019043,0.344837,-1.04962,0.830521,-0.0188574,-1.17296,0.951342,0
1781247062505684,19.0658,1.99168,-1.78781,-4.9808,1.70474,-1.6026,-5,0.286939,-0.185214,0.0191956,0.342062,-1.05265,0.839547,-0.0191561,-1.1751,0.959385,0
1781247062521684,19.0818,1.9741,-1.7746,-4.98074,1.68124,-1.58335,-5,0.292858,-0.191254,0.0192566,0.350307,-1.05539,0.844523,-0.0193174,-1.17722,0.967343,0
1781247062545684,19.1058,1.94772,-1.75456,-4.98065,1.6577,-1.56394,-5,0.29002,-0.190614,0.0193481,0.347592,-1.0583,0.855168,-0.0187727,-1.1793,0.975204,0
1781247062561684,19.1218,1.93015,-1.74103,-4.98059,1.63409,-1.54435,-5,0.296065,-0.196677,0.0194092,0.355968,-1.05968,0.860619,-0.0191993,-1.18136,0.982977,0
1781247062585684,19.1458,1.90382,-1.72053,-4.98059,1.61045,-1.52462,-5,0.293375,-0.195909,0.0194092,0.353307,-1.06241,0.869347,-0.0180126,-1.18339,0.990647,0
1781247062601684,19.1618,1.88628,-1.70672,-4.98056,1.5868,-1.50477,-5,0.299483,-0.201947,0.0194397,0.361733,-1.06407,0.876362,-0.0175555,-1.18538,0.998207,0
1781247062625684,19.1858,1.85998,-1.68578,-4.98056,1.56311,-1.48477,-5,0.29687,-0.201016,0.0194397,0.35905,-1.06623,0.884339,-0.0194907,-1.18735,1.00567,0
1781247062641684,19.2018,1.84248,-1.6717,-4.98059,1.53923,-1.46448,-5,0.303245,-0.207222,0.0194092,0.367798,-1.06694,0.889015,-0.019229,-1.1893,1.01308,0
1781247062665684,19.2258,1.8162,-1.6504,-4.98065,1.5156,-1.4443,-5,0.300603,-0.206106,0.0193481,0.364988,-1.07193,0.897528,-0.0199529,-1.19119,1.0203,0
1781247062681684,19.2418,1.79867,-1.63606,-4.98071,1.49166,-1.42373,-5,0.307013,-0.212332,0.0192871,0.373783,-1.07341,0.902882,-0.0201465,-1.19308,1.0275,0
1781247062705684,19.2658,1.77238,-1.61434,-4.98087,1.4678,-1.40313,-5,0.304579,-0.21121,0.0191345,0.371139,-1.07528,0.912573,-0.0211814,-1.19493,1.03456,0
1781247062721684,19.2818,1.75378,-1.60019,-4.98053,1.44394,-1.38242,-5,0.309842,-0.217771,0.0194702,0.379217,-1.07701,0.917415,-0.0210677,-1.19674,1.0415,0
1781247062745684,19.3058,1.72597,-1.57873,-4.98013,1.41994,-1.36148,-5,0.306022,-0.217248,0.0198669,0.37582,-1.0811,0.926071,-0.0208062,-1.19853,1.04838,0
1781247062761684,19.3218,1.70746,-1.56428,-4.97989,1.39596,-1.34045,-5,0.311499,-0.223829,0.0201111,0.384104,-1.08284,0.930836,-0.0214209,-1.20029,1.05513,0
1781247062785684,19.3458,1.67979,-1.54238,-4.97964,1.37192,-1.31926,-5,0.307874,-0.223114,0.0203552,0.380763,-1.08397,0.939736,-0.024317,-1.20203,1.06178,0
1781247062801684,19.3618,1.66141,-1.52763,-4.97955,1.34799,-1.29808,-5,0.313415,-0.229549,0.0204468,0.389024,-1.08595,0.945379,-0.0245527,-1.20372,1.06829,0
1781247062825684,19.3858,1.63389,-1.50531,-4.97946,1.32391,-1.27666,-5,0.309977,-0.228655,0.0205383,0.385734,-1.08709,0.952287,-0.0241671,-1.20539,1.07473,0
1781247062841684,19.4018,1.61559,-1.49029,-4.97943,1.29983,-1.25514,-5,0.315763,-0.235157,0.0205688,0.394244,-1.08834,0.95804,-0.0238285,-1.20702,1.08104,0
1781247062865684,19.4258,1.58821,-1.46757,-4.97943,1.27562,-1.23341,-5,0.31259,-0.234166,0.0205688,0.391113,-1.09022,0.965061,-0.0246038,-1.20864,1.08728,0
1781247062881684,19.4418,1.56999,-1.45231,-4.97946,1.25146,-1.21162,-5,0.318536,-0.240687,0.0205383,0.399772,-1.09201,0.969765,-0.0229767,-1.21021,1.09339,0
1781247062905684,19.4658,1.54269,-1.42922,-4.97958,1.22716,-1.18963,-5,0.315529,-0.239593,0.0204163,0.396712,-1.0944,0.977591,-0.024503,-1.21177,1.09941,0
1781247062921684,19.4818,1.52451,-1.41371,-4.97968,1.20291,-1.16758,-5,0.321596,-0.246125,0.0203247,0.40548,-1.0961,0.981775,-0.0249857,-1.21329,1.1053,0
1781247062945684,19.5058,1.49727,-1.39029,-4.97992,1.17861,-1.1454,-5,0.31866,-0.244888,0.0200806,0.402389,-1.09877,0.988356,-0.0258406,-1.21478,1.11109,0
1781247062961684,19.5218,1.47912,-1.37457,-4.97998,1.1543,-1.12312,-5,0.324823,-0.25145,0.0200195,0.411264,-1.10084,0.99184,-0.0263111,-1.21623,1.11676,0
1781247062985684,19.5458,1.45191,-1.35085,-4.98013,1.12993,-1.1007,-5,0.321978,-0.250143,0.0198669,0.408211,-1.10264,0.997523,-0.0253712,-1.21766,1.12232,0
1781247063001684,19.5618,1.43379,-1.33493,-4.98026,1.10564,-1.07827,-5,0.328146,-0.256666,0.0197449,0.41707,-1.10447,1.00158,-0.0243942,-1.21906,1.12776,0
1781247063025684,19.5858,1.40663,-1.31091,-4.98041,1.08128,-1.05569,-5,0.32535,-0.255218,0.0195923,0.413972,-1.10499,1.00925,-0.0226465,-1.22042,1.13308,0
1781247063041684,19.6018,1.38856,-1.29477,-4.9805,1.05684,-1.03297,-5,0.331712,-0.261804,0.0195007,0.42303,-1.10559,1.01489,-0.0209825,-1.22176,1.13831,0
1781247063065684,19.6258,1.36148,-1.27037,-4.98068,1.03235,-1.0101,-5,0.329133,-0.26027,0.0193176,0.42005,-1.10734,1.02196,-0.0220976,-1.22307,1.14343,0
1781247063081684,19.6418,1.34344,-1.25401,-4.98083,1.00791,-0.987218,-5,0.335535,-0.266794,0.019165,0.429104,-1.10828,1.0263,-0.0222252,-1.22434,1.14841,0
1781247063105684,19.6658,1.31642,-1.22931,-4.98105,0.983447,-0.964236,-5,0.332976,-0.265077,0.0189514,0.426026,-1.10813,1.03258,-0.0218563,-1.22558,1.15328,0
1781247063121684,19.6818,1.29688,-1.21287,-4.98077,0.958926,-0.941125,-5,0.337952,-0.27175,0.0192261,0.434084,-1.10985,1.03727,-0.0212083,-1.2268,1.15805,0
1781247063145684,19.7058,1.26769,-1.18807,-4.98044,0.934402,-0.917941,-5,0.333293,-0.270134,0.0195618,0.429463,-1.11253,1.04293,-0.0225495,-1.22798,1.16269,0
1781247063161684,19.7218,1.24833,-1.17143,-4.98026,0.909904,-0.894711,-5,0.338421,-0.276722,0.0197449,0.4376,-1.11394,1.04752,-0.0223935,-1.22913,1.16721,0
1781247063185684,19.7458,1.21938,-1.14633,-4.98001,0.885306,-0.871318,-5,0.334078,-0.27501,0.019989,0.433172,-1.1161,1.05284,-0.0214291,-1.23025,1.17162,0
1781247063201684,19.7618,1.20016,-1.12949,-4.97989,0.860704,-0.847855,-5,0.339455,-0.281632,0.0201111,0.441533,-1.11697,1.05723,-0.0204558,-1.23134,1.17592,0
1781247063225684,19.7858,1.17142,-1.10411,-4.97971,0.836108,-0.824335,-5,0.335309,-0.279779,0.0202942,0.437173,-1.12011,1.06252,-0.0198051,-1.2324,1.18009,0
1781247063241684,19.8018,1.15231,-1.0871,-4.97961,0.811423,-0.800667,-5,0.340886,-0.28643,0.0203857,0.445714,-1.122,1.0671,-0.0195198,-1.23343,1.18416,0
1781247063265684,19.8258,1.12372,-1.06142,-4.97952,0.786756,-0.776955,-5,0.336966,-0.284467,0.0204773,0.44146,-1.12328,1.07208,-0.0195313,-1.23443,1.1881,0
1781247063281684,19.8418,1.10472,-1.04424,-4.97952,0.762066,-0.753163,-5,0.34265,-0.291073,0.0204773,0.450057,-1.12502,1.07528,-0.0193085,-1.2354,1.19193,0
1781247063305684,19.8658,1.07629,-1.01836,-4.97949,0.73737,-0.729307,-5,0.338925,-0.289051,0.0205078,0.445916,-1.12501,1.07959,-0.018462,-1.23633,1.19563,0
1781247063321684,19.8818,1.0574,-1.00103,-4.97949,0.712577,-0.705303,-5,0.344826,-0.295728,0.0205078,0.454732,-1.12649,1.08306,-0.0185474,-1.23724,1.19922,0
1781247063345801,19.9059,1.02913,-0.974917,-4.97952,0.687791,-0.681253,-5,0.341334,-0.293664,0.0204773,0.450741,-1.12808,1.08835,-0.0192118,-1.23812,1.20269,0
1781247063361801,19.9219,1.01032,-0.957443,-4.97955,0.663016,-0.657161,-5,0.347302,-0.300282,0.0204468,0.459571,-1.12926,1.09037,-0.0192862,-1.23896,1.20604,0
1781247063385801,19.9459,0.982157,-0.93114,-4.97958,0.638136,-0.632918,-5,0.34402,-0.298222,0.0204163,0.455745,-1.13086,1.09573,-0.018615,-1.23978,1.20928,0
1781247063401801,19.9619,0.963404,-0.913531,-4.97964,0.613537,-0.6089,-5,0.349867,-0.304631,0.0203552,0.46435,-1.13244,1.09708,-0.0184184,-1.24055,1.21236,0
1781247063425801,19.9859,0.935312,-0.887053,-4.97974,0.588645,-0.584551,-5,0.346667,-0.302501,0.0202637,0.460538,-1.13443,1.10096,-0.0185463,-1.24131,1.21535,0
1781247063441801,20.0019,0.916622,-0.869325,-4.97983,0.563739,-0.560145,-5,0.352883,-0.30918,0.0201721,0.469602,-1.13476,1.10571,-0.0184291,-1.24203,1.21822,0
1781247063465801,20.0259,0.888625,-0.842602,-4.98001,0.538972,-0.535832,-5,0.349653,-0.306771,0.019989,0.46558,-1.13589,1.11081,-0.0192322,-1.24272,1.22095,0
1781247063481801,20.0419,0.869981,-0.824726,-4.98016,0.514098,-0.511373,-5,0.355883,-0.313353,0.0198364,0.474591,-1.13813,1.11375,-0.0194683,-1.24338,1.22357,0
1781247063505801,20.0659,0.842037,-0.797817,-4.98041,0.48927,-0.486922,-5,0.352767,-0.310895,0.0195923,0.470621,-1.13848,1.11773,-0.0207654,-1.244,1.22606,0
1781247063521801,20.0819,0.821472,-0.77895,-4.97998,0.464463,-0.462455,-5,0.357009,-0.316495,0.0200195,0.47752,-1.13897,1.12128,-0.0208398,-1.2446,1.22843,0
1781247063545801,20.1059,0.790826,-0.750613,-4.9794,0.439576,-0.437874,-5,0.35125,-0.312739,0.0205994,0.470751,-1.14117,1.12704,-0.0205256,-1.24516,1.23068,0
1781247063561801,20.1219,0.770519,-0.731681,-4.97906,0.414651,-0.413223,-5,0.355868,-0.318458,0.0209351,0.478013,-1.14166,1.131,-0.0215097,-1.24569,1.23281,0
1781247063585801,20.1459,0.740241,-0.703245,-4.97864,0.389673,-0.388488,-5,0.350568,-0.314757,0.0213623,0.471621,-1.14284,1.13564,-0.0224774,-1.2462,1.23482,0
1781247063601801,20.1619,0.720167,-0.684261,-4.97839,0.364764,-0.363792,-5,0.355403,-0.320469,0.0216064,0.479039,-1.14375,1.1392,-0.0228051,-1.24667,1.23669,0
1781247063625801,20.1859,0.690207,-0.65579,-4.97809,0.339926,-0.339139,-5,0.350281,-0.316651,0.0219116,0.472699,-1.14543,1.14036,-0.0232238,-1.24711,1.23845,0
1781247063641801,20.2019,0.670311,-0.636813,-4.97791,0.31497,-0.314344,-5,0.355341,-0.322469,0.0220947,0.480356,-1.14748,1.14297,-0.0213846,-1.24752,1.24008,0
1781247063665801,20.2259,0.640584,-0.608304,-4.97769,0.29,-0.289511,-5,0.350585,-0.318792,0.0223083,0.474379,-1.14955,1.14689,-0.0209089,-1.2479,1.24159,0
1781247063681801,20.2419,0.620814,-0.589279,-4.97757,0.265054,-0.264681,-5,0.35576,-0.324598,0.0224304,0.482112,-1.15107,1.1487,-0.0209575,-1.24824,1.24297,0
1781247063705801,20.2659,0.591275,-0.560734,-4.97742,0.240101,-0.239824,-5,0.351175,-0.320911,0.022583,0.476254,-1.15205,1.15173,-0.0191416,-1.24856,1.24424,0
1781247063721801,20.2819,0.571647,-0.541684,-4.97729,0.215163,-0.214963,-5,0.356485,-0.32672,0.0227051,0.48409,-1.1534,1.15441,-0.0198309,-1.24884,1.24537,0
1781247063745801,20.3059,0.542301,-0.513079,-4.97717,0.19014,-0.190002,-5,0.352161,-0.323077,0.0228271,0.478453,-1.15524,1.15693,-0.018554,-1.2491,1.24638,0
1781247063761801,20.3219,0.522787,-0.494005,-4.97711,0.165167,-0.165077,-5,0.35762,-0.328928,0.0228882,0.486425,-1.15624,1.15813,-0.0179444,-1.24932,1.24727,0
1781247063785801,20.3459,0.493605,-0.465383,-4.97702,0.140181,-0.140126,-5,0.353425,-0.325257,0.0229797,0.480863,-1.15716,1.1609,-0.0189057,-1.24951,1.24803,0
1781247063801801,20.3619,0.474199,-0.446293,-4.97705,0.115196,-0.115165,-5,0.359004,-0.331127,0.0229492,0.488933,-1.15845,1.16189,-0.019504,-1.24967,1.24867,0
1781247063825801,20.3859,0.445178,-0.417645,-4.97711,0.0902326,-0.0902179,-5,0.354945,-0.327428,0.0228882,0.483445,-1.15823,1.16475,-0.0208074,-1.2498,1.24919,0
1781247063841801,20.4019,0.425889,-0.398526,-4.97717,0.0652207,-0.0652152,-5,0.360668,-0.333311,0.0228271,0.491629,-1.1582,1.16717,-0.0204409,-1.24989,1.24957,0
1781247063865801,20.4259,0.397037,-0.36983,-4.97733,0.0402403,-0.040239,-5,0.356796,-0.329591,0.0226746,0.486259,-1.15876,1.1688,-0.020698,-1.24996,1.24984,0
1781247063881801,20.4419,0.37786,-0.350708,-4.97748,0.015149,-0.0151489,-5,0.362711,-0.335559,0.022522,0.494637,-1.1589,1.1687,-0.0203328,-1.24999,1.24998,0
1781247063905801,20.4659,0.349172,-0.322043,-4.97772,-0.00973604,0.00973603,-5,0.358908,-0.331779,0.0222778,0.489273,-1.15939,1.16959,-0.0209073,-1.25,1.24999,0
1781247063921801,20.4819,0.327555,-0.302615,-4.97745,-0.0346951,0.0346943,-5,0.362251,-0.337309,0.0225525,0.495491,-1.16023,1.17069,-0.0216199,-1.24997,1.24988,0
1781247063945801,20.5059,0.295422,-0.273486,-4.97711,-0.0596901,0.0596858,-5,0.355112,-0.333172,0.0228882,0.487475,-1.16144,1.17323,-0.020347,-1.24991,1.24964,0
1781247063961801,20.5219,0.274151,-0.254073,-4.97687,-0.0847137,0.0847015,-5,0.358865,-0.338774,0.0231323,0.494052,-1.16278,1.17328,-0.0199078,-1.24982,1.24928,0
1781247063985801,20.5459,0.242486,-0.224982,-4.97656,-0.109658,0.109632,-5,0.352144,-0.334614,0.0234375,0.486334,-1.16418,1.17482,-0.0189239,-1.2497,1.2488,0
1781247064001801,20.5619,0.221525,-0.205611,-4.97638,-0.134639,0.134591,-5,0.356165,-0.340202,0.0236206,0.493101,-1.1639,1.17428,-0.0178709,-1.24955,1.24819,0
1781247064025801,20.5859,0.190319,-0.176585,-4.9762,-0.159622,0.159541,-5,0.349941,-0.336126,0.0238037,0.485805,-1.16412,1.17545,-0.0185954,-1.24936,1.24745,0
1781247064041801,20.6019,0.16964,-0.157262,-4.9761,-0.184602,0.184476,-5,0.354242,-0.341738,0.0238953,0.492791,-1.16499,1.17514,-0.0193026,-1.24915,1.24659,0
1781247064065801,20.6259,0.138818,-0.128293,-4.97601,-0.209573,0.209388,-5,0.34839,-0.337681,0.0239868,0.485777,-1.1648,1.17687,-0.0198519,-1.2489,1.24561,0
1781247064081801,20.6419,0.1184,-0.108978,-4.97598,-0.234543,0.234285,-5,0.352943,-0.343263,0.0240173,0.492925,-1.16479,1.17768,-0.0199988,-1.24862,1.2445,0
1781247064105801,20.6659,0.0879163,-0.0800395,-4.97598,-0.259508,0.259158,-5,0.347424,-0.339197,0.0240173,0.486143,-1.16704,1.17739,-0.0206732,-1.24832,1.24327,0
1781247064121801,20.6819,0.0676922,-0.0607732,-4.97601,-0.284454,0.283994,-5,0.352147,-0.344767,0.0239868,0.493403,-1.16655,1.17783,-0.0209098,-1.24798,1.24191,0
1781247064145801,20.7059,0.0375379,-0.031886,-4.9761,-0.309406,0.308813,-5,0.346944,-0.340699,0.0238953,0.486844,-1.16484,1.1787,-0.021876,-1.2476,1.24043,0
1781247064161801,20.7219,0.0175429,-0.0126427,-4.97623,-0.334349,0.3336,-5,0.351892,-0.346243,0.0237732,0.494244,-1.16545,1.17827,-0.0219265,-1.2472,1.23882,0
1781247064185801,20.7459,-0.01232,0.0161934,-4.97641,-0.359288,0.35836,-5,0.346968,-0.342166,0.0235901,0.487874,-1.1668,1.17875,-0.0222803,-1.24677,1.23709,0
1781247064201801,20.7619,-0.032151,0.0354115,-4.97656,-0.384204,0.383068,-5,0.352053,-0.347656,0.0234375,0.495334,-1.16647,1.17921,-0.0225814,-1.2463,1.23524,0
1781247064225801,20.7859,-0.0617672,0.0641867,-4.97678,-0.409129,0.407757,-5,0.347361,-0.34357,0.0232239,0.489121,-1.16624,1.17749,-0.021739,-1.24581,1.23326,0
1781247064241801,20.8019,-0.0814287,0.0833399,-4.9769,-0.434005,0.432367,-5,0.352576,-0.349027,0.0231018,0.496652,-1.16666,1.17653,-0.0216244,-1.24528,1.23116,0
1781247064265801,20.8259,-0.110823,0.112024,-4.97708,-0.458921,0.456984,-5,0.348098,-0.34496,0.0229187,0.490606,-1.16701,1.17512,-0.0213662,-1.24472,1.22894,0
1781247064281801,20.8419,-0.130355,0.131128,-4.9772,-0.483801,0.481531,-5,0.353446,-0.350403,0.0227966,0.498222,-1.16708,1.17562,-0.021337,-1.24413,1.22659,0
1781247064305801,20.8659,-0.159548,0.159749,-4.97745,-0.508667,0.506028,-5,0.349119,-0.346278,0.0225525,0.492241,-1.16669,1.17405,-0.022498,-1.24351,1.22413,0
1781247064321801,20.8819,-0.181468,0.179117,-4.97742,-0.533526,0.53048,-5,0.352059,-0.351363,0.022583,0.497907,-1.16709,1.17249,-0.0221833,-1.24286,1.22153,0
1781247064345801,20.9059,-0.214045,0.208086,-4.97736,-0.558377,0.554884,-5,0.344331,-0.346798,0.022644,0.48923,-1.16859,1.17166,-0.0202534,-1.24218,1.21882,0
1781247064361922,20.922,-0.235584,0.227365,-4.97736,-0.5832,0.579219,-5,0.347616,-0.351854,0.022644,0.495127,-1.17015,1.1714,-0.0199764,-1.24147,1.21599,0
1781247064385922,20.946,-0.26764,0.256232,-4.97729,-0.608017,0.603505,-5,0.340377,-0.347273,0.0227051,0.486796,-1.17025,1.17091,-0.0194709,-1.24072,1.21303,0
1781247064401922,20.962,-0.288833,0.275445,-4.97733,-0.632816,0.627727,-5,0.343982,-0.352282,0.0226746,0.49289,-1.16995,1.17036,-0.0201506,-1.23995,1.20995,0
1781247064425922,20.986,-0.320377,0.304183,-4.97736,-0.657584,0.651873,-5,0.337208,-0.34769,0.022644,0.484881,-1.17045,1.16809,-0.0198557,-1.23914,1.20676,0
1781247064441922,21.002,-0.341264,0.323311,-4.97742,-0.682369,0.675984,-5,0.341105,-0.352673,0.022583,0.491163,-1.17109,1.16824,-0.0204882,-1.2383,1.20344,0
1781247064465922,21.026,-0.37239,0.351937,-4.97754,-0.707128,0.700021,-5,0.334738,-0.348084,0.0224609,0.483443,-1.17008,1.16581,-0.0212139,-1.23744,1.2,0
1781247064481922,21.042,-0.392989,0.370984,-4.97766,-0.731872,0.72399,-5,0.338883,-0.353006,0.0223389,0.489851,-1.16962,1.16536,-0.0232149,-1.23654,1.19644,0
1781247064505922,21.066,-0.423687,0.39948,-4.97791,-0.756566,0.747855,-5,0.332879,-0.348375,0.0220947,0.482351,-1.16869,1.16208,-0.024092,-1.23561,1.19276,0
1781247064521922,21.082,-0.444019,0.418426,-4.97809,-0.781246,0.771651,-5,0.337227,-0.353225,0.0219116,0.488845,-1.16756,1.16151,-0.0245976,-1.23465,1.18897,0
1781247064545922,21.106,-0.474328,0.446775,-4.97845,-0.80597,0.79543,-5,0.331641,-0.348655,0.0215454,0.481675,-1.16706,1.15839,-0.0253733,-1.23365,1.18504,0
1781247064561922,21.122,-0.494424,0.465623,-4.97867,-0.830663,0.81912,-5,0.336239,-0.353497,0.0213318,0.488335,-1.1672,1.15876,-0.0248724,-1.23263,1.181,0
1781247064585922,21.146,-0.524422,0.493861,-4.97903,-0.855308,0.842701,-5,0.330886,-0.34884,0.0209656,0.481263,-1.16727,1.15564,-0.0239479,-1.23158,1.17684,0
1781247064601922,21.162,-0.544308,0.512612,-4.97925,-0.879879,0.866148,-5,0.33557,-0.353536,0.020752,0.487879,-1.16587,1.15261,-0.023825,-1.23049,1.17258,0
1781247064625922,21.186,-0.573975,0.54065,-4.97955,-0.904478,0.889556,-5,0.330503,-0.348906,0.0204468,0.481026,-1.16426,1.14966,-0.0232221,-1.22938,1.16819,0
1781247064641922,21.202,-0.593652,0.55929,-4.97977,-0.929018,0.912841,-5,0.335366,-0.353551,0.0202332,0.487728,-1.16369,1.14813,-0.0224844,-1.22823,1.16369,0
1781247064665922,21.226,-0.623003,0.58719,-4.9801,-0.953625,0.93612,-5,0.330622,-0.34893,0.0198975,0.481102,-1.16153,1.14547,-0.0216914,-1.22705,1.15906,0
1781247064681922,21.242,-0.642472,0.605734,-4.98032,-0.978163,0.959263,-5,0.335692,-0.353529,0.0196838,0.487913,-1.16041,1.14407,-0.0215502,-1.22585,1.15432,0
1781247064705922,21.266,-0.671509,0.633483,-4.98065,-1.00265,0.982284,-5,0.331142,-0.348801,0.0193481,0.481343,-1.1574,1.14082,-0.0210853,-1.22461,1.14947,0
1781247064721922,21.282,-0.692855,0.652852,-4.98044,-1.02709,1.00519,-5,0.334234,-0.352333,0.0195618,0.486039,-1.15685,1.13836,-0.0199491,-1.22334,1.14451,0
1781247064737922,21.298,-0.71404,0.672117,-4.98032,-1.05152,1.028,-5,0.337481,-0.355887,0.0196838,0.490853,-1.15644,1.13456,-0.0207176,-1.22205,1.13943,0
1781247064761922,21.322,-0.745541,0.700801,-4.98016,-1.07599,1.05078,-5,0.330447,-0.349977,0.0198364,0.481739,-1.15629,1.12948,-0.0217408,-1.22071,1.13422,0
1781247064785922,21.346,-0.77673,0.729262,-4.98007,-1.10038,1.0734,-5,0.323646,-0.344136,0.019928,0.472836,-1.15583,1.1249,-0.0210024,-1.21935,1.12892,0
1781247064801922,21.362,-0.797354,0.748131,-4.98004,-1.12474,1.09592,-5,0.327389,-0.347786,0.0199585,0.478056,-1.15458,1.1222,-0.0203981,-1.21796,1.1235,0
1781247064825922,21.386,-0.828028,0.776263,-4.97998,-1.14905,1.11829,-5,0.32102,-0.342032,0.0200195,0.46951,-1.152,1.11742,-0.0193137,-1.21654,1.11797,0
1781247064841922,21.402,-0.848317,0.794921,-4.97995,-1.17334,1.14058,-5,0.325028,-0.345658,0.02005,0.474894,-1.15175,1.11434,-0.0191589,-1.21509,1.11233,0
1781247064865922,21.426,-0.878524,0.822717,-4.97995,-1.19763,1.16277,-5,0.319111,-0.340054,0.02005,0.466766,-1.14854,1.10843,-0.018497,-1.21361,1.10657,0
1781247064881922,21.442,-0.8985,0.841147,-4.97995,-1.22189,1.18485,-5,0.323394,-0.343699,0.02005,0.47235,-1.14757,1.10618,-0.0185538,-1.2121,1.1007,0
1781247064905922,21.466,-0.928267,0.868657,-4.97995,-1.24612,1.2068,-5,0.317854,-0.338143,0.02005,0.464515,-1.14474,1.1023,-0.0167693,-1.21056,1.09472,0
1781247064921922,21.482,-0.947961,0.886895,-4.97998,-1.27028,1.2286,-5,0.32232,-0.341707,0.0200195,0.470165,-1.14269,1.0984,-0.0163559,-1.20899,1.08864,0
1781247064945922,21.506,-0.977303,0.914099,-4.97998,-1.29443,1.2503,-5,0.317132,-0.336205,0.0200195,0.462609,-1.14027,1.09422,-0.0168118,-1.20738,1.08244,0
1781247064961922,21.522,-0.996733,0.932145,-4.97998,-1.31858,1.2719,-5,0.321849,-0.33976,0.0200195,0.468427,-1.13794,1.09074,-0.0169287,-1.20575,1.07613,0
1781247064985922,21.546,-1.02566,0.959062,-4.98004,-1.34268,1.29337,-5,0.317026,-0.334303,0.0199585,0.461154,-1.13407,1.0852,-0.0191641,-1.20409,1.06972,0
1781247065001922,21.562,-1.04481,0.976896,-4.98013,-1.36674,1.31469,-5,0.321928,-0.337789,0.0198669,0.467048,-1.13217,1.08116,-0.0196703,-1.20239,1.0632,0
1781247065017922,21.578,-1.06387,0.994646,-4.98026,-1.39074,1.33586,-5,0.326867,-0.341212,0.0197449,0.472924,-1.13085,1.07789,-0.0197632,-1.20067,1.05658,0
1781247065041922,21.602,-1.09232,1.02113,-4.9805,-1.41484,1.35702,-5,0.322524,-0.33589,0.0195007,0.466073,-1.12821,1.07204,-0.0197569,-1.19891,1.04982,0
1781247065065922,21.626,-1.12054,1.04741,-4.98077,-1.43873,1.37788,-5,0.31819,-0.330472,0.0192261,0.459159,-1.12343,1.0657,-0.0199907,-1.19713,1.04301,0
1781247065081922,21.642,-1.13924,1.06482,-4.98096,-1.46262,1.39864,-5,0.323382,-0.333821,0.019043,0.465161,-1.1227,1.06148,-0.0189062,-1.19532,1.03607,0
1781247065105922,21.666,-1.16716,1.09079,-4.98123,-1.48664,1.41941,-5,0.319479,-0.328616,0.0187683,0.458702,-1.119,1.05538,-0.0178205,-1.19347,1.02899,0
1781247065121922,21.682,-1.18768,1.10832,-4.98117,-1.51042,1.43986,-5,0.322742,-0.33154,0.0188293,0.463072,-1.11891,1.05014,-0.0174424,-1.1916,1.02186,0
1781247065145922,21.706,-1.21817,1.1344,-4.98117,-1.53417,1.46017,-5,0.315999,-0.325769,0.0188293,0.454242,-1.11665,1.04296,-0.0174091,-1.1897,1.01463,0
1781247065161922,21.722,-1.2383,1.15163,-4.98117,-1.55803,1.48046,-5,0.319733,-0.328831,0.0188293,0.459036,-1.11553,1.03652,-0.0171006,-1.18776,1.00725,0
1781247065185922,21.746,-1.26821,1.17727,-4.98123,-1.58178,1.50054,-5,0.313568,-0.32327,0.0187683,0.450756,-1.11295,1.02961,-0.0165202,-1.1858,0.999796,0
1781247065201922,21.762,-1.28797,1.19424,-4.98129,-1.60534,1.52034,-5,0.317364,-0.326105,0.0187073,0.455428,-1.11081,1.02451,-0.0168318,-1.18382,0.99229,0
1781247065225922,21.786,-1.31735,1.21947,-4.98138,-1.62916,1.54025,-5,0.311815,-0.320778,0.0186157,0.447743,-1.10839,1.01672,-0.0156069,-1.18178,0.984584,0
1781247065241922,21.802,-1.33677,1.23618,-4.98148,-1.6526,1.55972,-5,0.315831,-0.323542,0.0185242,0.452517,-1.10654,1.01251,-0.0160748,-1.17975,0.976892,0
1781247065265922,21.826,-1.36568,1.26107,-4.98166,-1.67617,1.57918,-5,0.310494,-0.318111,0.0183411,0.444902,-1.10422,1.00559,-0.0163509,-1.17767,0.969045,0
1781247065281922,21.842,-1.38481,1.27754,-4.98178,-1.69969,1.59847,-5,0.314879,-0.32093,0.018219,0.449974,-1.1042,1.00101,-0.0185188,-1.17556,0.961105,0
1781247065305922,21.866,-1.41332,1.30207,-4.98206,-1.72316,1.6176,-5,0.309838,-0.315527,0.0179443,0.442582,-1.1008,0.994139,-0.0181307,-1.17342,0.953072,0
1781247065321922,21.882,-1.43219,1.31831,-4.98227,-1.7466,1.63657,-5,0.314419,-0.318261,0.0177307,0.447732,-1.0992,0.98987,-0.0177885,-1.17125,0.944937,0
1781247065345922,21.906,-1.46029,1.34251,-4.98257,-1.76996,1.65535,-5,0.309674,-0.312841,0.0174255,0.440535,-1.09612,0.982654,-0.0168713,-1.16906,0.936723,0
1781247065362047,21.9222,-1.47889,1.35852,-4.98279,-1.79337,1.67405,-5,0.314478,-0.315527,0.0172119,0.445814,-1.094,0.976914,-0.0162366,-1.16683,0.928382,0
1781247065386047,21.9462,-1.50661,1.38234,-4.98303,-1.81678,1.6926,-5,0.310165,-0.310258,0.0169678,0.439034,-1.09109,0.969039,-0.0163475,-1.16456,0.919931,0
1781247065402047,21.9622,-1.52498,1.39809,-4.98322,-1.83993,1.71082,-5,0.314943,-0.312735,0.0167847,0.444155,-1.08903,0.96259,-0.0171452,-1.16229,0.911467,0
1781247065426047,21.9862,-1.55235,1.42151,-4.98349,-1.86313,1.72895,-5,0.310781,-0.307441,0.01651,0.437467,-1.08475,0.954594,-0.0163184,-1.15998,0.902874,0
1781247065442047,22.0022,-1.57047,1.437,-4.98367,-1.88627,1.74689,-5,0.315801,-0.309897,0.0163269,0.442756,-1.08247,0.94982,-0.0158339,-1.15764,0.894198,0
1781247065466047,22.0262,-1.5975,1.46003,-4.98401,-1.90944,1.76472,-5,0.311939,-0.304685,0.0159912,0.436342,-1.07956,0.939334,-0.0156928,-1.15526,0.885406,0
1781247065482047,22.0422,-1.6154,1.47523,-4.98422,-1.93251,1.78233,-5,0.317108,-0.307105,0.0157776,0.441724,-1.07656,0.932349,-0.0151986,-1.15286,0.87654,0
1781247065506047,22.0662,-1.64211,1.49782,-4.98453,-1.95552,1.79975,-5,0.313408,-0.301937,0.0154724,0.435465,-1.07403,0.923873,-0.0160523,-1.15043,0.867595,0
1781247065522047,22.0822,-1.66179,1.51264,-4.98447,-1.97848,1.817,-5,0.316699,-0.304362,0.0155334,0.439518,-1.07205,0.916202,-0.0170469,-1.14798,0.85856,0
1781247065546047,22.1062,-1.69098,1.53463,-4.98444,-2.00141,1.83407,-5,0.310422,-0.299444,0.015564,0.431591,-1.06903,0.904951,-0.0177871,-1.14549,0.849437,0
1781247065562047,22.1222,-1.71024,1.54916,-4.98444,-2.02431,1.85098,-5,0.314067,-0.301826,0.015564,0.435866,-1.06674,0.899032,-0.0186058,-1.14297,0.840218,0
1781247065586047,22.1462,-1.73885,1.57072,-4.9845,-2.04715,1.8677,-5,0.308298,-0.296977,0.0155029,0.42835,-1.06469,0.887253,-0.0191368,-1.14043,0.830919,0
1781247065602047,22.1622,-1.75774,1.58494,-4.98453,-2.07003,1.8843,-5,0.312288,-0.299355,0.0154724,0.43287,-1.06231,0.880738,-0.0191258,-1.13784,0.821497,0
1781247065626047,22.1862,-1.78584,1.60607,-4.98462,-2.09272,1.9006,-5,0.306884,-0.294534,0.0153809,0.425634,-1.06009,0.87089,-0.0188904,-1.13525,0.812051,0
1781247065642047,22.2022,-1.80443,1.62001,-4.98468,-2.11542,1.91676,-5,0.310989,-0.296752,0.0153198,0.430129,-1.05877,0.863256,-0.0178058,-1.13261,0.8025,0
1781247065666047,22.2262,-1.83206,1.64069,-4.9848,-2.13793,1.93263,-5,0.305864,-0.291943,0.0151978,0.423101,-1.05458,0.853565,-0.0178749,-1.12997,0.792927,0
1781247065682047,22.2422,-1.85033,1.65434,-4.98489,-2.16074,1.94856,-5,0.310416,-0.29422,0.0151062,0.427962,-1.05268,0.8463,-0.0178711,-1.12725,0.783119,0
1781247065706047,22.2662,-1.87752,1.67462,-4.98502,-2.18314,1.96404,-5,0.305621,-0.289425,0.0149841,0.421184,-1.0501,0.836604,-0.0172625,-1.12455,0.773391,0
1781247065722047,22.2822,-1.89552,1.68799,-4.98514,-2.20558,1.9794,-5,0.310053,-0.29141,0.0148621,0.425763,-1.04889,0.829313,-0.0173491,-1.12181,0.763543,0
1781247065746047,22.3062,-1.92234,1.70782,-4.98535,-2.22791,1.99452,-5,0.305572,-0.286696,0.0146484,0.419265,-1.04685,0.818675,-0.0174195,-1.11905,0.753642,0
1781247065762047,22.3222,-1.94011,1.7209,-4.98547,-2.25023,2.00947,-5,0.310121,-0.288564,0.0145264,0.423858,-1.04446,0.812845,-0.0164495,-1.11626,0.743646,0
1781247065786047,22.3462,-1.96654,1.74034,-4.98569,-2.2725,2.02422,-5,0.305959,-0.283885,0.0143127,0.41762,-1.03979,0.802809,-0.018186,-1.11343,0.733574,0
1781247065802047,22.3622,-1.98405,1.75314,-4.98587,-2.29473,2.03878,-5,0.310678,-0.285641,0.0141296,0.422269,-1.0392,0.794532,-0.0180516,-1.11058,0.723423,0
1781247065826047,22.3862,-2.01017,1.7721,-4.98618,-2.31689,2.05314,-5,0.306723,-0.281034,0.0138245,0.416233,-1.03604,0.783557,-0.0171645,-1.1077,0.713202,0
1781247065842047,22.4022,-2.02748,1.78459,-4.98639,-2.33905,2.06732,-5,0.311568,-0.282736,0.0136108,0.420951,-1.03523,0.774817,-0.0173883,-1.10479,0.702883,0
1781247065866047,22.4262,-2.05331,1.80305,-4.98672,-2.36108,2.08125,-5,0.307769,-0.278196,0.0132751,0.41508,-1.03163,0.764019,-0.017415,-1.10185,0.692532,0
1781247065882047,22.4422,-2.07041,1.81523,-4.98694,-2.38308,2.09499,-5,0.312672,-0.279768,0.0130615,0.419767,-1.02915,0.756349,-0.016472,-1.09889,0.682093,0
1781247065906047,22.4662,-2.09591,1.83326,-4.98721,-2.40503,2.10853,-5,0.309125,-0.275277,0.0127869,0.414125,-1.02461,0.745015,-0.017685,-1.0959,0.671583,0
1781247065922047,22.4822,-2.1155,1.8453,-4.98724,-2.42691,2.12185,-5,0.311402,-0.276548,0.0127563,0.416669,-1.0223,0.738232,-0.0172575,-1.09288,0.661013,0
1781247065946047,22.5062,-2.14451,1.86312,-4.98734,-2.44873,2.13496,-5,0.304216,-0.271839,0.0126648,0.408172,-1.02037,0.726231,-0.0163571,-1.08983,0.650373,0
1781247065962047,22.5222,-2.16363,1.87485,-4.98734,-2.47048,2.14785,-5,0.306845,-0.273003,0.0126648,0.410908,-1.01957,0.719344,-0.0146456,-1.08676,0.639674,0
1781247065986047,22.5462,-2.19202,1.8922,-4.98734,-2.49218,2.16054,-5,0.300168,-0.268344,0.0126648,0.402827,-1.01783,0.708232,-0.012795,-1.08366,0.628902,0
1781247066002047,22.5622,-2.21072,1.9036,-4.98734,-2.51382,2.17301,-5,0.303101,-0.269411,0.0126648,0.405725,-1.01498,0.700056,-0.0117154,-1.08053,0.61807,0
1781247066026047,22.5862,-2.23845,1.92044,-4.9873,-2.53539,2.18526,-5,0.296946,-0.264815,0.0126953,0.398077,-1.01087,0.68768,-0.00978178,-1.07737,0.607178,0
1781247066042047,22.6022,-2.25672,1.9315,-4.98727,-2.5569,2.19728,-5,0.300175,-0.265785,0.0127258,0.401135,-1.00805,0.679475,-0.0101135,-1.07419,0.596226,0
1781247066066047,22.6262,-2.28386,1.94782,-4.98727,-2.57836,2.2091,-5,0.294502,-0.261281,0.0127258,0.393905,-1.00477,0.666537,-0.0101735,-1.07098,0.585206,0
1781247066082047,22.6422,-2.30176,1.95853,-4.98727,-2.59973,2.22069,-5,0.297969,-0.262155,0.0127258,0.39708,-1.00317,0.65976,-0.0107233,-1.06775,0.574139,0
1781247066106047,22.6662,-2.32838,1.97436,-4.98737,-2.62105,2.23205,-5,0.292665,-0.25769,0.0126343,0.39015,-1.00017,0.64719,-0.0107631,-1.06449,0.563012,0
1781247066122047,22.6822,-2.34597,1.98474,-4.98743,-2.64231,2.24321,-5,0.296335,-0.258462,0.0125732,0.393415,-0.998717,0.638709,-0.0104527,-1.0612,0.551822,0
1781247066146047,22.7062,-2.37216,2.00005,-4.98752,-2.6635,2.25413,-5,0.291343,-0.254075,0.0124817,0.386769,-0.997108,0.626793,-0.0113061,-1.05788,0.540578,0
1781247066162047,22.7222,-2.38947,2.01009,-4.98761,-2.68463,2.26484,-5,0.295164,-0.254743,0.0123901,0.390089,-0.994586,0.618845,-0.0117143,-1.05454,0.529274,0
1781247066186047,22.7462,-2.41522,2.02492,-4.98779,-2.70582,2.27537,-5,0.290596,-0.250448,0.012207,0.383822,-0.990662,0.607766,-0.0106602,-1.05115,0.517854,0
1781247066202047,22.7622,-2.43225,2.03466,-4.98795,-2.72681,2.28561,-5,0.294557,-0.250955,0.0120544,0.387153,-0.989067,0.600771,-0.0102442,-1.04775,0.506452,0
1781247066218047,22.7782,-2.44918,2.04427,-4.98804,-2.7477,2.29561,-5,0.298515,-0.251338,0.0119629,0.390417,-0.986498,0.593255,-0.010117,-1.04433,0.495017,0
1781247066242047,22.8022,-2.47433,2.05845,-4.98822,-2.7685,2.30538,-5,0.294169,-0.246925,0.0117798,0.384248,-0.980746,0.580435,-0.0104035,-1.04089,0.483539,0
1781247066266047,22.8262,-2.49925,2.07232,-4.98837,-2.78921,2.3149,-5,0.289959,-0.242577,0.0116272,0.378226,-0.977334,0.569381,-0.0107184,-1.03743,0.47203,0
1781247066282047,22.8422,-2.51573,2.08141,-4.98849,-2.80991,2.32422,-5,0.294175,-0.242802,0.0115051,0.381607,-0.974559,0.561168,-0.0111778,-1.03394,0.460441,0
1781247066306047,22.8662,-2.54028,2.0948,-4.98868,-2.83056,2.33331,-5,0.290284,-0.238506,0.011322,0.37587,-0.971262,0.549652,-0.0092384,-1.03041,0.448794,0
1781247066322047,22.8822,-2.5591,2.10342,-4.98871,-2.85113,2.34217,-5,0.292036,-0.238749,0.0112915,0.377377,-0.969095,0.540459,-0.00864272,-1.02686,0.437105,0
1781247066346047,22.9062,-2.58693,2.11612,-4.98874,-2.87168,2.35081,-5,0.284745,-0.234692,0.011261,0.369171,-0.966454,0.529573,-0.0101125,-1.02327,0.425345,0
1781247066362172,22.9223,-2.60524,2.12444,-4.98877,-2.89206,2.35918,-5,0.286819,-0.234738,0.0112305,0.3708,-0.963199,0.522584,-0.0100436,-1.01968,0.4136,0
1781247066386172,22.9463,-2.63232,2.13671,-4.98886,-2.9124,2.36733,-5,0.280084,-0.230618,0.0111389,0.362982,-0.959456,0.511488,-0.00918611,-1.01606,0.401791,0
1781247066402172,22.9623,-2.65013,2.14475,-4.98892,-2.93269,2.37525,-5,0.282556,-0.230499,0.0110779,0.364816,-0.955943,0.503819,-0.00992659,-1.0124,0.389934,0
1781247066426172,22.9863,-2.6765,2.15657,-4.98904,-2.95289,2.38292,-5,0.27639,-0.22635,0.0109558,0.357416,-0.95101,0.492384,-0.0112643,-1.00873,0.378044,0
1781247066442172,23.0023,-2.69386,2.16431,-4.98914,-2.97301,2.39036,-5,0.27915,-0.226054,0.0108643,0.359364,-0.9489,0.484132,-0.0101986,-1.00503,0.366122,0
1781247066466172,23.0263,-2.71962,2.17566,-4.98929,-2.99308,2.39756,-5,0.273457,-0.221906,0.0107117,0.352329,-0.946114,0.471858,-0.00997672,-1.0013,0.354148,0
1781247066482172,23.0423,-2.73662,2.18307,-4.98938,-3.01306,2.40453,-5,0.276442,-0.221456,0.0106201,0.354366,-0.943607,0.464209,-0.00930159,-0.997542,0.342145,0
1781247066506172,23.0663,-2.76181,2.19394,-4.98953,-3.03303,2.41127,-5,0.271214,-0.217323,0.0104675,0.347701,-0.937086,0.451738,-0.00995851,-0.993753,0.330073,0
1781247066522172,23.0823,-2.77842,2.20104,-4.98962,-3.05279,2.41772,-5,0.274376,-0.216687,0.010376,0.349776,-0.935327,0.443263,-0.00953037,-0.989964,0.318046,0
1781247066546172,23.1063,-2.80313,2.2114,-4.98975,-3.07253,2.42396,-5,0.269406,-0.212553,0.0102539,0.343313,-0.933515,0.429879,-0.00777486,-0.98614,0.305955,0
1781247066562172,23.1223,-2.81945,2.21815,-4.98984,-3.09225,2.42997,-5,0.272803,-0.211811,0.0101624,0.345526,-0.930745,0.422615,-0.00713958,-0.98228,0.293797,0
1781247066578172,23.1383,-2.83565,2.22479,-4.9899,-3.11206,2.43578,-5,0.276411,-0.210992,0.0101013,0.347883,-0.928082,0.415048,-0.00589236,-0.978362,0.281508,0
1781247066602172,23.1623,-2.85972,2.23448,-4.98999,-3.13133,2.44122,-5,0.271613,-0.206734,0.0100098,0.341486,-0.92444,0.401827,-0.00423684,-0.974512,0.269476,0
1781247066618172,23.1783,-2.87561,2.24078,-4.99002,-3.15086,2.4465,-5,0.275248,-0.20572,0.00997925,0.343776,-0.921217,0.393599,-0.00416008,-0.970569,0.257207,0
1781247066642172,23.2023,-2.89923,2.24997,-4.99011,-3.17022,2.45152,-5,0.270995,-0.20155,0.0098877,0.337873,-0.916157,0.379998,-0.00447657,-0.966621,0.244969,0
1781247066666172,23.2263,-2.92257,2.25886,-4.99023,-3.18953,2.4563,-5,0.266967,-0.197448,0.00976562,0.332193,-0.911632,0.367597,-0.00461445,-0.962642,0.232687,0
1781247066682172,23.2423,-2.93802,2.26462,-4.99033,-3.20874,2.46083,-5,0.270718,-0.196216,0.00967407,0.334488,-0.910465,0.359712,-0.0036362,-0.958644,0.220398,0
1781247066706172,23.2663,-2.96103,2.27299,-4.99042,-3.22779,2.4651,-5,0.266759,-0.19211,0.00958252,0.328875,-0.906002,0.345656,-0.00420872,-0.954639,0.208136,0
1781247066722172,23.2823,-2.97921,2.27846,-4.9902,-3.2469,2.46915,-5,0.267691,-0.190691,0.00979614,0.328812,-0.904928,0.337749,-0.00443186,-0.950579,0.195762,0
1781247066746172,23.3063,-3.00606,2.28641,-4.98996,-3.2659,2.47295,-5,0.25984,-0.186536,0.0100403,0.32002,-0.901045,0.324242,-0.0042833,-0.946504,0.183393,0
1781247066762172,23.3223,-3.02367,2.29152,-4.98981,-3.28476,2.47649,-5,0.261088,-0.184972,0.0101929,0.320133,-0.899496,0.313601,-0.00484617,-0.942415,0.171034,0
1781247066786172,23.3463,-3.04972,2.29889,-4.98959,-3.30356,2.47978,-5,0.253848,-0.180892,0.0104065,0.31188,-0.895466,0.300436,-0.0050004,-0.938299,0.158647,0
1781247066802172,23.3623,-3.06682,2.30363,-4.98947,-3.32219,2.48282,-5,0.255363,-0.179191,0.0105286,0.312139,-0.893634,0.291462,-0.00583249,-0.93418,0.146308,0
1781247066826172,23.3863,-3.09217,2.31046,-4.98938,-3.34082,2.48562,-5,0.24865,-0.175156,0.0106201,0.304334,-0.891627,0.278705,-0.00655481,-0.930018,0.133893,0
1781247066842172,23.4023,-3.10886,2.31485,-4.98932,-3.35935,2.48817,-5,0.2505,-0.173318,0.0106812,0.304801,-0.889427,0.270846,-0.00616765,-0.925835,0.121473,0
1781247066866172,23.4263,-3.13355,2.32117,-4.98926,-3.37784,2.49047,-5,0.244291,-0.169308,0.0107422,0.29742,-0.884422,0.256234,-0.00641089,-0.921622,0.109019,0
1781247066882172,23.4423,-3.1498,2.32519,-4.9892,-3.39623,2.49253,-5,0.246426,-0.167339,0.0108032,0.298069,-0.882179,0.247765,-0.0061492,-0.917389,0.0965643,0
1781247066906172,23.4663,-3.17388,2.33095,-4.98917,-3.41453,2.49434,-5,0.24065,-0.163383,0.0108337,0.291073,-0.877562,0.233234,-0.00577027,-0.913133,0.0840994,0
1781247066922172,23.4823,-3.18973,2.33461,-4.98914,-3.43283,2.4959,-5,0.243099,-0.161293,0.0108643,0.291943,-0.873256,0.223871,-0.00400108,-0.908835,0.0715685,0
1781247066946172,23.5063,-3.21321,2.33981,-4.98907,-3.45103,2.49721,-5,0.237821,-0.157403,0.0109253,0.285401,-0.869135,0.210768,-0.00360075,-0.904516,0.0590374,0
1781247066962172,23.5223,-3.22868,2.3431,-4.98907,-3.46901,2.49826,-5,0.24033,-0.155158,0.0109253,0.286273,-0.865193,0.20129,-0.00378157,-0.900207,0.0465962,0
1781247066986172,23.5463,-3.2516,2.34776,-4.98904,-3.48697,2.49907,-5,0.235368,-0.151311,0.0109558,0.280024,-0.860185,0.187567,-0.00410809,-0.89586,0.0341038,0
1781247067002172,23.5623,-3.26671,2.35069,-4.98907,-3.50477,2.49962,-5,0.238055,-0.148937,0.0109253,0.281019,-0.857099,0.178761,-0.00516366,-0.891509,0.021662,0
1781247067026172,23.5863,-3.28914,2.35481,-4.98914,-3.52264,2.49993,-5,0.233501,-0.145127,0.0108643,0.275141,-0.853331,0.164826,-0.00629347,-0.887095,0.00909885,0
1781247067042172,23.6023,-3.30395,2.35737,-4.98923,-3.54027,2.49999,-5,0.236315,-0.142618,0.0107727,0.276226,-0.849558,0.155965,-0.00742989,-0.882699,-0.00334812,0
1781247067066172,23.6263,-3.32593,2.36096,-4.98938,-3.55783,2.4998,-5,0.2319,-0.138839,0.0106201,0.270493,-0.844976,0.142914,-0.00826291,-0.878275,-0.0158131,0
1781247067082172,23.6423,-3.34042,2.36318,-4.98947,-3.57535,2.49936,-5,0.234934,-0.136183,0.0105286,0.271755,-0.841194,0.134229,-0.00776957,-0.873815,-0.0283144,0
1781247067106172,23.6663,-3.36191,2.36625,-4.98962,-3.59277,2.49867,-5,0.230857,-0.132419,0.010376,0.266341,-0.835502,0.122135,-0.00758701,-0.869339,-0.0407984,0
1781247067122172,23.6823,-3.37851,2.36752,-4.98959,-3.61013,2.49773,-5,0.231617,-0.130204,0.0104065,0.265909,-0.833426,0.112277,-0.0077593,-0.864834,-0.0533004,0
1781247067146172,23.7063,-3.40301,2.3692,-4.98956,-3.62745,2.49653,-5,0.224442,-0.127326,0.010437,0.258253,-0.828892,0.0991878,-0.007213,-0.860291,-0.0658385,0
1781247067162172,23.7223,-3.41906,2.37019,-4.9895,-3.64451,2.4951,-5,0.225444,-0.124908,0.010498,0.257949,-0.825498,0.0901428,-0.0063094,-0.855773,-0.078243,0
1781247067178172,23.7383,-3.43492,2.37106,-4.98947,-3.66156,2.49341,-5,0.226644,-0.122354,0.0105286,0.257777,-0.823365,0.0816661,-0.00648327,-0.851211,-0.0907039,0
1781247067202172,23.7623,-3.45833,2.37213,-4.98941,-3.67855,2.49147,-5,0.220215,-0.119344,0.0105896,0.250699,-0.817477,0.0668753,-0.004997,-0.846622,-0.10317,0
1781247067226172,23.7863,-3.48131,2.37291,-4.98932,-3.69543,2.48928,-5,0.214121,-0.116374,0.0106812,0.243936,-0.812749,0.0542687,-0.00418953,-0.842014,-0.115618,0
1781247067242172,23.8023,-3.49641,2.37329,-4.98926,-3.71221,2.48685,-5,0.215807,-0.113562,0.0107422,0.244099,-0.808816,0.0453027,-0.0038799,-0.837387,-0.128053,0
1781247067266172,23.8263,-3.51871,2.37362,-4.9892,-3.72891,2.48416,-5,0.210202,-0.110547,0.0108032,0.237744,-0.802332,0.0326977,-0.00521794,-0.832737,-0.14048,0
1781247067282172,23.8423,-3.53336,2.37368,-4.98917,-3.74552,2.48123,-5,0.212159,-0.107545,0.0108337,0.238107,-0.798108,0.0227498,-0.00573343,-0.828067,-0.152889,0
1781247067306172,23.8663,-3.555,2.37353,-4.9892,-3.76203,2.47805,-5,0.207026,-0.10452,0.0108032,0.232166,-0.79158,0.00931414,-0.00608293,-0.823375,-0.165285,0
1781247067322172,23.8823,-3.56922,2.37326,-4.9892,-3.77844,2.47462,-5,0.209225,-0.101359,0.0108032,0.232735,-0.786824,-0.000487525,-0.00596293,-0.818665,-0.177661,0
1781247067346172,23.9063,-3.59024,2.3726,-4.98926,-3.79476,2.47094,-5,0.204528,-0.0983479,0.0107422,0.227199,-0.781278,-0.0161832,-0.00594902,-0.813932,-0.190023,0
1781247067362172,23.9223,-3.60407,2.37195,-4.98935,-3.81099,2.46702,-5,0.206918,-0.0950665,0.0106506,0.227961,-0.778409,-0.0257905,-0.00646815,-0.80918,-0.202365,0
1781247067386293,23.9464,-3.62458,2.37076,-4.98944,-3.82712,2.46285,-5,0.202547,-0.0920966,0.0105591,0.222752,-0.771909,-0.039281,-0.00675402,-0.804407,-0.214686,0
1781247067402293,23.9624,-3.63806,2.36979,-4.98953,-3.84316,2.45844,-5,0.2051,-0.0886497,0.0104675,0.223683,-0.767671,-0.0485819,-0.00649707,-0.799614,-0.226988,0
1781247067418293,23.9784,-3.6514,2.36868,-4.98962,-3.8591,2.45378,-5,0.207696,-0.085098,0.010376,0.224693,-0.762971,-0.0581156,-0.00743624,-0.794803,-0.239262,0
1781247067442293,24.0024,-3.67114,2.36677,-4.98981,-3.87494,2.44887,-5,0.203799,-0.0820985,0.0101929,0.21995,-0.756456,-0.0702135,-0.00675771,-0.789971,-0.251514,0
1781247067466293,24.0264,-3.69058,2.36459,-4.98999,-3.89069,2.44372,-5,0.20011,-0.0791297,0.0100098,0.21542,-0.751014,-0.0842511,-0.00838502,-0.785118,-0.263744,0
1781247067482293,24.0424,-3.70339,2.36295,-4.99011,-3.90633,2.43832,-5,0.202948,-0.0753679,0.0098877,0.216716,-0.747481,-0.0937279,-0.00693988,-0.780246,-0.275945,0
1781247067506293,24.0664,-3.72236,2.36026,-4.99045,-3.92191,2.43267,-5,0.199553,-0.0724096,0.009552,0.212499,-0.74043,-0.106246,-0.0080764,-0.775347,-0.28814,0
1781247067522293,24.0824,-3.73794,2.35784,-4.99039,-3.93736,2.42679,-5,0.199425,-0.0689542,0.00961304,0.211228,-0.736458,-0.114736,-0.00897917,-0.770437,-0.300284,0
1781247067546293,24.1064,-3.76084,2.35397,-4.99033,-3.95269,2.42068,-5,0.191859,-0.0667036,0.00967407,0.203354,-0.732358,-0.129771,-0.00801573,-0.765515,-0.31238,0
1781247067562293,24.1224,-3.7758,2.35124,-4.99033,-3.96799,2.41429,-5,0.192191,-0.0630577,0.00967407,0.202503,-0.728331,-0.139762,-0.00790398,-0.760554,-0.324492,0
1781247067586293,24.1464,-3.79779,2.34689,-4.99033,-3.98314,2.40769,-5,0.185354,-0.0607915,0.00967407,0.195308,-0.723092,-0.153932,-0.00958794,-0.755586,-0.336544,0
1781247067602293,24.1624,-3.81217,2.34384,-4.99033,-3.99818,2.40085,-5,0.186007,-0.0570064,0.00967407,0.194787,-0.719116,-0.164024,-0.00932467,-0.750607,-0.348542,0
1781247067626293,24.1864,-3.83334,2.33902,-4.99039,-4.01316,2.39375,-5,0.179826,-0.0547254,0.00961304,0.188215,-0.713399,-0.176478,-0.00907528,-0.745592,-0.360547,0
1781247067642293,24.2024,-3.84719,2.33568,-4.99039,-4.02801,2.38642,-5,0.180819,-0.0507457,0.00961304,0.18805,-0.709757,-0.185521,-0.0089027,-0.740571,-0.372486,0
1781247067666293,24.2264,-3.86762,2.33043,-4.99045,-4.04277,2.37886,-5,0.175148,-0.0484264,0.009552,0.18197,-0.704191,-0.198503,-0.00939783,-0.735529,-0.384395,0
1781247067682293,24.2424,-3.88101,2.32678,-4.99048,-4.05743,2.37105,-5,0.176422,-0.0442634,0.00952148,0.182139,-0.700712,-0.207167,-0.0102436,-0.730465,-0.396274,0
1781247067706293,24.2664,-3.90077,2.32106,-4.99057,-4.07198,2.36301,-5,0.171208,-0.041954,0.00942993,0.176526,-0.69518,-0.222353,-0.00827361,-0.725388,-0.408099,0
1781247067722293,24.2824,-3.91372,2.31706,-4.9906,-4.08642,2.35474,-5,0.172697,-0.0376759,0.00939941,0.177009,-0.691409,-0.231983,-0.00861855,-0.720294,-0.419882,0
1781247067746293,24.3064,-3.93285,2.31084,-4.99066,-4.10075,2.34624,-5,0.167903,-0.0353951,0.00933838,0.171848,-0.685085,-0.24463,-0.00848101,-0.715184,-0.431618,0
1781247067762293,24.3224,-3.94538,2.30653,-4.99072,-4.11503,2.33747,-5,0.169651,-0.0309401,0.00927734,0.172698,-0.680245,-0.254664,-0.00991426,-0.71004,-0.44335,0
1781247067786293,24.3464,-3.96386,2.29983,-4.99084,-4.12919,2.32848,-5,0.165333,-0.0286465,0.00915527,0.168046,-0.672389,-0.266804,-0.00998312,-0.704884,-0.455021,0
1781247067802293,24.3624,-3.97597,2.29521,-4.99091,-4.14323,2.31927,-5,0.167259,-0.0240557,0.00909424,0.169225,-0.668404,-0.275958,-0.00879877,-0.699717,-0.466633,0
1781247067826293,24.3864,-3.99386,2.28809,-4.99103,-4.15714,2.30984,-5,0.163282,-0.0217535,0.00897217,0.164969,-0.662756,-0.286984,-0.0089011,-0.694539,-0.478185,0
1781247067842293,24.4024,-4.00561,2.28319,-4.99112,-4.17105,2.30011,-5,0.165441,-0.0169184,0.00888062,0.16654,-0.658094,-0.295373,-0.00886591,-0.689307,-0.489769,0
1781247067866293,24.4264,-4.02297,2.27562,-4.99124,-4.18473,2.29024,-5,0.161767,-0.0146232,0.00875854,0.162662,-0.651324,-0.309236,-0.00870735,-0.684106,-0.501199,0
1781247067882293,24.4424,-4.03436,2.27039,-4.99136,-4.19835,2.28011,-5,0.163991,-0.00972509,0.00863647,0.164506,-0.64667,-0.318754,-0.00786085,-0.678873,-0.512611,0
1781247067898293,24.4584,-4.04561,2.26504,-4.99146,-4.21186,2.26976,-5,0.166255,-0.0047195,0.00854492,0.166541,-0.64147,-0.327076,-0.00845943,-0.67362,-0.523977,0
1781247067922293,24.4824,-4.06472,2.25622,-4.99139,-4.22527,2.25917,-5,0.16055,-0.00295067,0.00860596,0.160807,-0.634877,-0.341771,-0.00936664,-0.668352,-0.535289,0
1781247067946293,24.5064,-4.08457,2.24688,-4.99124,-4.23856,2.24837,-5,0.153995,-0.00149179,0.00875854,0.154251,-0.628667,-0.354969,-0.00990592,-0.66307,-0.54654,0
1781247067962293,24.5224,-4.09751,2.24053,-4.99118,-4.25178,2.23732,-5,0.154267,0.00320244,0.00881958,0.154552,-0.625255,-0.363058,-0.00974297,-0.657761,-0.557761,0
1781247067986293,24.5464,-4.11654,2.23079,-4.99112,-4.26488,2.22606,-5,0.14834,0.00473571,0.00888062,0.148681,-0.62055,-0.376418,-0.0117645,-0.652439,-0.568918,0
1781247068002293,24.5624,-4.12897,2.22416,-4.99106,-4.27787,2.21457,-5,0.148899,0.0095942,0.00894165,0.149476,-0.617549,-0.38529,-0.012397,-0.647101,-0.580017,0
1781247068026293,24.5864,-4.14726,2.21402,-4.99103,-4.29075,2.20287,-5,0.143489,0.0111487,0.00897217,0.144201,-0.612626,-0.398218,-0.0119065,-0.64175,-0.591052,0
1781247068042293,24.6024,-4.15921,2.20712,-4.991,-4.30355,2.19091,-5,0.144346,0.0162027,0.00900269,0.145531,-0.607988,-0.406335,-0.0125008,-0.636368,-0.602057,0
1781247068066293,24.6264,-4.17681,2.19657,-4.99103,-4.31623,2.17876,-5,0.139421,0.0178039,0.00897217,0.140839,-0.604137,-0.418596,-0.0127045,-0.63098,-0.612982,0
1781247068082293,24.6424,-4.18834,2.1894,-4.99106,-4.32878,2.16641,-5,0.140445,0.0229909,0.00894165,0.142595,-0.600211,-0.425919,-0.0123914,-0.625582,-0.623837,0
1781247068098293,24.6584,-4.1997,2.18213,-4.99112,-4.34124,2.15382,-5,0.141544,0.0283101,0.00888062,0.14462,-0.595988,-0.434266,-0.0133594,-0.620163,-0.634637,0
1781247068122293,24.6824,-4.21642,2.17102,-4.99121,-4.35356,2.14105,-5,0.137138,0.0299704,0.00878906,0.14065,-0.589929,-0.446326,-0.0140241,-0.614742,-0.645348,0
1781247068146293,24.7064,-4.23277,2.15967,-4.99133,-4.3658,2.12803,-5,0.133031,0.0316346,0.00866699,0.137015,-0.583087,-0.457528,-0.0134087,-0.609291,-0.656024,0
1781247068162293,24.7224,-4.24346,2.15197,-4.99142,-4.37796,2.11478,-5,0.134497,0.0371883,0.00857544,0.139807,-0.578061,-0.465567,-0.0127156,-0.603816,-0.666651,0
1781247068186293,24.7464,-4.25919,2.14024,-4.99155,-4.38997,2.10135,-5,0.130783,0.0388858,0.00845337,0.136703,-0.57186,-0.476776,-0.0115776,-0.598338,-0.677186,0
1781247068202293,24.7624,-4.2695,2.13226,-4.99164,-4.40192,2.08766,-5,0.132422,0.0445948,0.00836182,0.139979,-0.567238,-0.48636,-0.0113462,-0.592828,-0.687688,0
1781247068226293,24.7864,-4.28465,2.12008,-4.99176,-4.41375,2.07378,-5,0.129096,0.0463004,0.00823975,0.137395,-0.558495,-0.497542,-0.011486,-0.587306,-0.698115,0
1781247068242293,24.8024,-4.29455,2.11182,-4.99185,-4.42535,2.05981,-5,0.130805,0.0520079,0.00814819,0.141001,-0.553621,-0.50588,-0.0111456,-0.581822,-0.708374,0
1781247068266293,24.8264,-4.30914,2.09922,-4.99194,-4.43696,2.04551,-5,0.127823,0.0537133,0.00805664,0.138884,-0.54708,-0.517839,-0.00851188,-0.576268,-0.718663,0
1781247068282293,24.8424,-4.3187,2.09067,-4.992,-4.44842,2.03104,-5,0.129726,0.0596328,0.00799561,0.143,-0.542067,-0.526166,-0.00821435,-0.570719,-0.728848,0
1781247068306293,24.8664,-4.33276,2.07763,-4.9921,-4.45978,2.01636,-5,0.127025,0.0612671,0.00790405,0.141249,-0.533903,-0.538818,-0.0061272,-0.565152,-0.738966,0
1781247068322293,24.8824,-4.34478,2.06817,-4.99191,-4.47107,2.00143,-5,0.126292,0.0667369,0.00808716,0.14307,-0.530692,-0.547843,-0.00501208,-0.55955,-0.749046,0
1781247068346293,24.9064,-4.36233,2.05381,-4.99164,-4.48216,1.9864,-5,0.119833,0.0674031,0.00836182,0.137743,-0.524207,-0.559093,-0.00472854,-0.553974,-0.75898,0
1781247068362293,24.9224,-4.37373,2.04412,-4.99142,-4.49318,1.97113,-5,0.119452,0.0729922,0.00857544,0.14025,-0.520803,-0.566949,-0.0037071,-0.548368,-0.768869,0
1781247068386418,24.9465,-4.3904,2.02945,-4.99112,-4.50409,1.95566,-5,0.113684,0.0737885,0.00888062,0.135822,-0.514641,-0.577064,-0.00259716,-0.542747,-0.778681,0
1781247068402418,24.9625,-4.40124,2.01957,-4.99094,-4.51487,1.94002,-5,0.113632,0.0795546,0.00906372,0.139008,-0.510475,-0.58502,-0.00226223,-0.537118,-0.788406,0
1781247068426418,24.9865,-4.41708,2.00458,-4.99063,-4.52555,1.92416,-5,0.108469,0.0804167,0.0093689,0.135352,-0.504059,-0.595963,-0.00146642,-0.531471,-0.798061,0
1781247068442418,25.0025,-4.4274,1.99447,-4.99045,-4.5361,1.90814,-5,0.108705,0.0863291,0.009552,0.139143,-0.499864,-0.603603,-0.00231394,-0.525821,-0.80762,0
1781247068466418,25.0265,-4.4425,1.97915,-4.99023,-4.54656,1.89189,-5,0.10406,0.087258,0.00976562,0.136154,-0.493552,-0.613945,-0.00241859,-0.520142,-0.817123,0
1781247068482418,25.0425,-4.45235,1.96882,-4.99011,-4.55693,1.87541,-5,0.10458,0.0934049,0.0098877,0.140567,-0.49022,-0.621279,-0.00411893,-0.514439,-0.826563,0
1781247068506418,25.0665,-4.46679,1.95317,-4.98999,-4.56714,1.85883,-5,0.100345,0.0943383,0.0100098,0.138091,-0.483044,-0.630662,-0.00505554,-0.508753,-0.835873,0
1781247068522418,25.0825,-4.47619,1.94264,-4.98996,-4.57726,1.84201,-5,0.101065,0.100621,0.0100403,0.142967,-0.478229,-0.638214,-0.00459811,-0.503034,-0.845131,0
1781247068546418,25.1065,-4.48997,1.92665,-4.98987,-4.58727,1.82501,-5,0.0972996,0.10164,0.0101318,0.141069,-0.472058,-0.649357,-0.00368395,-0.497304,-0.854301,0
1781247068562418,25.1225,-4.49895,1.91587,-4.98984,-4.59715,1.80785,-5,0.0981994,0.108019,0.0101624,0.146337,-0.467375,-0.656958,-0.0047428,-0.491569,-0.863376,0
1781247068586418,25.1465,-4.51211,1.89952,-4.98981,-4.60691,1.79051,-5,0.0948014,0.109013,0.0101929,0.144827,-0.459671,-0.667228,-0.00574381,-0.48582,-0.872366,0
1781247068602418,25.1625,-4.52068,1.88849,-4.98984,-4.61657,1.77297,-5,0.0958924,0.115518,0.0101624,0.150476,-0.455405,-0.675699,-0.00586416,-0.480057,-0.881272,0
1781247068626418,25.1865,-4.53326,1.87176,-4.98984,-4.62612,1.75525,-5,0.0928535,0.116505,0.0101624,0.149326,-0.449571,-0.686294,-0.0048788,-0.474278,-0.890097,0
1781247068642418,25.2025,-4.54149,1.86048,-4.98987,-4.63553,1.73739,-5,0.0940404,0.12309,0.0101318,0.155233,-0.446757,-0.692431,-0.00409885,-0.468499,-0.898814,0
1781247068666418,25.2265,-4.55359,1.84341,-4.98996,-4.64487,1.71928,-5,0.0912762,0.124123,0.0100403,0.154397,-0.440168,-0.702615,-0.00453373,-0.462684,-0.907478,0
1781247068682418,25.2425,-4.56148,1.83191,-4.99005,-4.65406,1.70105,-5,0.0925789,0.130861,0.00994873,0.160606,-0.43591,-0.709483,-0.0058789,-0.456873,-0.916028,0
1781247068706418,25.2665,-4.57308,1.81449,-4.99017,-4.66314,1.68265,-5,0.0900617,0.131838,0.00982666,0.159966,-0.428681,-0.72001,-0.00607539,-0.45105,-0.924486,0
1781247068722418,25.2825,-4.58226,1.80174,-4.99011,-4.67208,1.66411,-5,0.089829,0.137636,0.0098877,0.164653,-0.424297,-0.727194,-0.00726919,-0.445226,-0.932838,0
1781247068746418,25.3065,-4.59562,1.78252,-4.99002,-4.68095,1.64534,-5,0.0853267,0.13718,0.00997925,0.16186,-0.416876,-0.73926,-0.00709513,-0.439371,-0.941125,0
1781247068762418,25.3225,-4.60427,1.76962,-4.98999,-4.68967,1.62645,-5,0.0853987,0.143168,0.0100098,0.167004,-0.411668,-0.745797,-0.00643401,-0.43352,-0.949297,0
1781247068778418,25.3385,-4.61272,1.75667,-4.98993,-4.69833,1.60727,-5,0.0856118,0.149405,0.0100708,0.17249,-0.40738,-0.752963,-0.00695674,-0.427617,-0.95743,0
1781247068802418,25.3625,-4.62504,1.73715,-4.98996,-4.70677,1.58816,-5,0.0817242,0.148986,0.0100403,0.170225,-0.400218,-0.761592,-0.00728022,-0.421777,-0.965367,0
1781247068826418,25.3865,-4.63698,1.71752,-4.98999,-4.71513,1.56881,-5,0.0781484,0.148708,0.0100098,0.16829,-0.393605,-0.770233,-0.00621043,-0.415898,-0.973246,0
1781247068842418,25.4025,-4.64472,1.70438,-4.98999,-4.7234,1.54925,-5,0.0786757,0.155131,0.0100098,0.174229,-0.388304,-0.776626,-0.00644919,-0.409992,-0.98105,0
1781247068866418,25.4265,-4.65604,1.68453,-4.99005,-4.73154,1.52955,-5,0.075501,0.154974,0.00994873,0.172674,-0.381849,-0.786176,-0.00865597,-0.404085,-0.988745,0
1781247068882418,25.4425,-4.66338,1.67122,-4.99011,-4.73956,1.50971,-5,0.076179,0.16151,0.0098877,0.178848,-0.377775,-0.793168,-0.0085221,-0.398167,-0.996341,0
1781247068906418,25.4665,-4.6741,1.6511,-4.9902,-4.74745,1.48972,-5,0.07335,0.161379,0.00979614,0.177537,-0.370861,-0.803046,-0.00911353,-0.392243,-1.00383,0
1781247068922418,25.4825,-4.68106,1.63762,-4.9903,-4.75523,1.46961,-5,0.0741639,0.168009,0.00970459,0.183906,-0.36648,-0.808706,-0.0093176,-0.386313,-1.01122,0
1781247068946418,25.5065,-4.69126,1.61727,-4.99045,-4.76291,1.44927,-5,0.0716524,0.168,0.009552,0.182892,-0.35999,-0.818345,-0.00932579,-0.380352,-1.01853,0
1781247068962418,25.5225,-4.69788,1.60361,-4.99057,-4.77046,1.4288,-5,0.0725884,0.174803,0.00942993,0.18951,-0.355782,-0.824653,-0.00997051,-0.374388,-1.02573,0
1781247068986418,25.5465,-4.70755,1.58299,-4.99078,-4.77788,1.40827,-5,0.0703273,0.174722,0.00921631,0.18857,-0.348818,-0.83283,-0.0102742,-0.368434,-1.03281,0
1781247069002418,25.5625,-4.71384,1.56918,-4.99094,-4.78517,1.3876,-5,0.0713258,0.181582,0.00906372,0.195299,-0.344859,-0.837528,-0.0106836,-0.362473,-1.03978,0
1781247069026418,25.5865,-4.72301,1.54833,-4.99118,-4.79235,1.36674,-5,0.0693402,0.181591,0.00881958,0.194579,-0.336117,-0.84773,-0.00998561,-0.356489,-1.04667,0
1781247069042418,25.6025,-4.72894,1.53434,-4.99133,-4.79943,1.3457,-5,0.0704894,0.18864,0.00866699,0.201566,-0.33089,-0.85293,-0.00942695,-0.350485,-1.05346,0
1781247069066418,25.6265,-4.73761,1.51326,-4.99158,-4.80642,1.32447,-5,0.0688066,0.188789,0.00842285,0.201113,-0.324025,-0.860136,-0.00975133,-0.344453,-1.06016,0
1781247069082418,25.6425,-4.74322,1.49914,-4.99176,-4.81324,1.30321,-5,0.0700192,0.195932,0.00823975,0.20823,-0.318139,-0.864314,-0.00964721,-0.338443,-1.06673,0
1781247069106418,25.6665,-4.75141,1.47787,-4.99203,-4.81993,1.28188,-5,0.0685201,0.19599,0.00796509,0.207775,-0.310991,-0.870865,-0.0105643,-0.332443,-1.07317,0
1781247069122418,25.6825,-4.75833,1.46229,-4.99203,-4.82651,1.26037,-5,0.0681787,0.201923,0.00796509,0.213271,-0.307,-0.877427,-0.0103913,-0.326418,-1.07952,0
1781247069146418,25.7065,-4.76838,1.43888,-4.99207,-4.83299,1.2387,-5,0.0646081,0.200187,0.00793457,0.210504,-0.300096,-0.886844,-0.00969074,-0.320375,-1.08578,0
1781247069162418,25.7225,-4.77485,1.42324,-4.99207,-4.83932,1.21695,-5,0.0644717,0.206289,0.00793457,0.216274,-0.296436,-0.894184,-0.00823955,-0.31434,-1.0919,0
1781247069186418,25.7465,-4.78423,1.39971,-4.99203,-4.84556,1.19501,-5,0.061337,0.20471,0.00796509,0.21385,-0.290585,-0.904013,-0.00592674,-0.308273,-1.09795,0
1781247069202418,25.7625,-4.79029,1.384,-4.992,-4.85166,1.17301,-5,0.0613766,0.210993,0.00799561,0.219884,-0.286767,-0.908389,-0.00629191,-0.302218,-1.10386,0
1781247069226418,25.7865,-4.7991,1.3604,-4.99203,-4.85763,1.15093,-5,0.0585275,0.209477,0.00796509,0.217646,-0.2813,-0.916112,-0.00786232,-0.296165,-1.10966,0
1781247069242418,25.8025,-4.80479,1.34463,-4.99203,-4.86351,1.12861,-5,0.0587177,0.216024,0.00796509,0.224004,-0.277697,-0.922288,-0.00780998,-0.290071,-1.11537,0
1781247069266418,25.8265,-4.81306,1.32088,-4.9921,-4.86924,1.10628,-5,0.0561848,0.214607,0.00790405,0.22198,-0.270948,-0.931435,-0.00652059,-0.283996,-1.12095,0
1781247069282418,25.8425,-4.81837,1.30501,-4.99213,-4.87486,1.08381,-5,0.0564899,0.221199,0.00787354,0.228434,-0.265275,-0.936462,-0.00696447,-0.277907,-1.12643,0
1781247069306418,25.8665,-4.82607,1.28114,-4.99222,-4.88036,1.06122,-5,0.0542932,0.219916,0.00778198,0.226653,-0.258321,-0.943891,-0.00771419,-0.271809,-1.13179,0
1781247069322418,25.8825,-4.83101,1.26519,-4.99231,-4.88573,1.03856,-5,0.0547166,0.226629,0.00769043,0.233267,-0.253649,-0.947772,-0.00832947,-0.265712,-1.13704,0
1781247069346418,25.9065,-4.83819,1.24121,-4.99243,-4.89101,1.01565,-5,0.052814,0.225556,0.00756836,0.23178,-0.247811,-0.9545,-0.00873413,-0.259571,-1.1422,0
1781247069362418,25.9225,-4.84283,1.22521,-4.99255,-4.89611,0.992869,-5,0.0532837,0.232338,0.00744629,0.238486,-0.243987,-0.957154,-0.00780674,-0.253484,-1.14719,0
1781247069386549,25.9467,-4.84956,1.20115,-4.99268,-4.90113,0.969818,-5,0.0515785,0.231335,0.00732422,0.237129,-0.237207,-0.964174,-0.00581913,-0.247345,-1.15211,0
1781247069402549,25.9627,-4.85389,1.18508,-4.99274,-4.90601,0.946797,-5,0.0521135,0.238283,0.00726318,0.244024,-0.232766,-0.968326,-0.00423275,-0.241234,-1.15689,0
1781247069426549,25.9867,-4.86016,1.1609,-4.99283,-4.91075,0.923716,-5,0.0505896,0.237185,0.00717163,0.242627,-0.225874,-0.975463,-0.00497344,-0.235126,-1.16155,0
1781247069442549,26.0027,-4.8642,1.14473,-4.99289,-4.91545,0.900145,-5,0.0512481,0.244586,0.0071106,0.249998,-0.221484,-0.979306,-0.00608143,-0.228907,-1.16616,0
1781247069466549,26.0267,-4.87003,1.12042,-4.99301,-4.91995,0.876848,-5,0.0499196,0.243573,0.00698853,0.248734,-0.213678,-0.985457,-0.00510844,-0.222779,-1.17059,0
1781247069482549,26.0427,-4.87378,1.10418,-4.9931,-4.92432,0.853522,-5,0.0505438,0.250656,0.00689697,0.255794,-0.210091,-0.988688,-0.00491483,-0.21666,-1.17489,0
1781247069506549,26.0667,-4.87919,1.07976,-4.99323,-4.9286,0.829918,-5,0.0494094,0.249841,0.0067749,0.254769,-0.203526,-0.993403,-0.004401,-0.210485,-1.17911,0
1781247069522549,26.0827,-4.88412,1.06102,-4.99326,-4.93273,0.80641,-5,0.0486097,0.254607,0.00674438,0.259294,-0.200431,-0.99922,-0.00427382,-0.204352,-1.18318,0
1781247069546549,26.1067,-4.89121,1.03301,-4.99329,-4.93676,0.782699,-5,0.045548,0.250314,0.00671387,0.254513,-0.194232,-1.00697,-0.00364383,-0.198181,-1.18716,0
1781247069562549,26.1227,-4.89573,1.01441,-4.99332,-4.94066,0.758938,-5,0.0449281,0.25547,0.00668335,0.259476,-0.190209,-1.01197,-0.00252172,-0.192014,-1.19101,0
1781247069586549,26.1467,-4.90224,0.986586,-4.99332,-4.94444,0.735062,-5,0.0421991,0.251524,0.00668335,0.255127,-0.185085,-1.01948,-0.00185774,-0.18583,-1.19475,0
1781247069602549,26.1627,-4.90639,0.96809,-4.99335,-4.94808,0.711243,-5,0.041688,0.256847,0.00665283,0.260293,-0.180265,-1.02374,-0.00186741,-0.179677,-1.19835,0
1781247069626549,26.1867,-4.91234,0.94039,-4.99335,-4.95163,0.687093,-5,0.0392909,0.253298,0.00665283,0.256413,-0.174888,-1.03215,-0.00225828,-0.173451,-1.20186,0
1781247069642549,26.2027,-4.91614,0.921946,-4.99341,-4.95502,0.663109,-5,0.0388861,0.258837,0.0065918,0.261825,-0.170228,-1.03657,-0.00236104,-0.167282,-1.20523,0
1781247069666549,26.2267,-4.92157,0.894337,-4.99347,-4.95831,0.638952,-5,0.0367422,0.255385,0.00653076,0.258097,-0.163955,-1.04202,-0.00341978,-0.161081,-1.20848,0
1781247069682549,26.2427,-4.92503,0.875971,-4.9935,-4.96148,0.6147,-5,0.0364485,0.261271,0.00650024,0.263882,-0.159685,-1.04516,-0.00301671,-0.154868,-1.21163,0
1781247069706549,26.2667,-4.92997,0.848507,-4.99362,-4.96451,0.590468,-5,0.0345387,0.25804,0.00637817,0.260419,-0.152427,-1.04925,-0.00312277,-0.148672,-1.21463,0
1781247069722549,26.2827,-4.9331,0.830228,-4.99374,-4.96742,0.566173,-5,0.0343146,0.264056,0.0062561,0.266349,-0.148118,-1.05192,-0.00342143,-0.142472,-1.21752,0
1781247069746549,26.3067,-4.93757,0.802872,-4.9939,-4.9702,0.541824,-5,0.0326304,0.261048,0.00610352,0.263151,-0.142597,-1.05648,-0.00351304,-0.136268,-1.22029,0
1781247069762549,26.3227,-4.94041,0.784655,-4.99399,-4.97287,0.517366,-5,0.0324531,0.267289,0.00601196,0.269319,-0.1394,-1.05978,-0.00316876,-0.130047,-1.22294,0
1781247069786549,26.3467,-4.94448,0.757364,-4.99411,-4.97539,0.492993,-5,0.0309186,0.264371,0.00588989,0.266238,-0.133245,-1.06455,-0.00391514,-0.123858,-1.22545,0
1781247069802549,26.3627,-4.94704,0.739182,-4.9942,-4.97782,0.468347,-5,0.0307751,0.270835,0.00579834,0.272639,-0.128748,-1.06802,-0.00495158,-0.117609,-1.22787,0
1781247069826549,26.3867,-4.95071,0.711935,-4.99435,-4.98011,0.443806,-5,0.0294013,0.268129,0.00564575,0.269795,-0.123539,-1.07293,-0.00434895,-0.111395,-1.23015,0
1781247069842549,26.4027,-4.95302,0.693773,-4.99445,-4.98226,0.419336,-5,0.029243,0.274437,0.0055542,0.276046,-0.117925,-1.07597,-0.00339356,-0.105207,-1.23229,0
1781247069866549,26.4267,-4.95626,0.666537,-4.9946,-4.98431,0.394535,-5,0.0280561,0.272002,0.00540161,0.273499,-0.111636,-1.08083,-0.00345069,-0.0989441,-1.23434,0
1781247069882549,26.4427,-4.9583,0.648391,-4.99469,-4.98623,0.369804,-5,0.0279346,0.278587,0.00531006,0.280035,-0.107507,-1.08311,-0.00391277,-0.0927063,-1.23625,0
1781247069906549,26.4667,-4.96118,0.621186,-4.99484,-4.98802,0.345091,-5,0.0268378,0.276095,0.00515747,0.277444,-0.102504,-1.08632,-0.00388635,-0.0864799,-1.23803,0
1781247069922549,26.4827,-4.96428,0.600763,-4.9949,-4.98969,0.320337,-5,0.0254073,0.280427,0.00509644,0.281622,-0.098254,-1.09025,-0.00329502,-0.0802497,-1.2397,0
1781247069946549,26.5067,-4.96863,0.570308,-4.99503,-4.99123,0.295523,-5,0.0225949,0.274785,0.00497437,0.275757,-0.0920835,-1.09477,-0.00212293,-0.0740106,-1.24124,0
1781247069962549,26.5227,-4.97133,0.550135,-4.99506,-4.99265,0.2707,-5,0.0213146,0.279435,0.00494385,0.28029,-0.0865788,-1.09708,-0.00188762,-0.0677747,-1.24265,0
1781247069986549,26.5467,-4.9751,0.520052,-4.99515,-4.99394,0.245819,-5,0.0188427,0.274233,0.00485229,0.274922,-0.0805346,-1.10099,-0.00280731,-0.0615294,-1.24394,0
1781247070002549,26.5627,-4.97743,0.500101,-4.99521,-4.99511,0.220866,-5,0.0176806,0.279235,0.00479126,0.279835,-0.075922,-1.10437,-0.00192156,-0.0552706,-1.24511,0
1781247070026549,26.5867,-4.98067,0.470304,-4.9953,-4.99615,0.196057,-5,0.0154767,0.274247,0.00469971,0.274723,-0.0698935,-1.10812,-0.00138693,-0.0490521,-1.24615,0
1781247070042549,26.6027,-4.98265,0.450531,-4.99536,-4.99707,0.171083,-5,0.0144148,0.279448,0.00463867,0.279858,-0.0645199,-1.11065,-0.00105291,-0.0427958,-1.24707,0
1781247070066549,26.6267,-4.98537,0.421,-4.99536,-4.99786,0.146127,-5,0.0124879,0.274873,0.00463867,0.275196,-0.0583642,-1.11306,0.00110082,-0.0365473,-1.24786,0
1781247070082549,26.6427,-4.98705,0.401409,-4.99539,-4.99853,0.121182,-5,0.0114841,0.280227,0.00460815,0.2805,-0.0547104,-1.11435,-2.82548e-05,-0.0303044,-1.24853,0
1781247070106549,26.6667,-4.98933,0.372152,-4.99539,-4.99907,0.0963386,-5,0.00973892,0.275814,0.00460815,0.276024,-0.0482892,-1.11603,0.00104127,-0.0240891,-1.24907,0
1781247070122549,26.6827,-4.99072,0.352738,-4.99539,-4.99949,0.0712838,-5,0.00877619,0.281454,0.00460815,0.281628,-0.0447452,-1.11713,0.00227432,-0.0178228,-1.24949,0
1781247070146549,26.7067,-4.99257,0.323723,-4.99536,-4.99979,0.0461303,-5,0.00721788,0.277592,0.00463867,0.277725,-0.0386194,-1.11946,0.00276623,-0.0115331,-1.24979,0
1781247070162549,26.7227,-4.99368,0.304451,-4.99536,-4.99995,0.0212407,-5,0.00627804,0.283211,0.00463867,0.283318,-0.0346963,-1.11997,0.00290153,-0.00531023,-1.24995,0
1781247070186549,26.7467,-4.99514,0.275635,-4.9953,-5,-0.00374818,-5,0.00486231,0.279383,0.00469971,0.279465,-0.0287719,-1.12275,0.00418652,0.000937045,-1.25,0
1781247070202549,26.7627,-4.99599,0.256506,-4.99527,-4.99992,-0.0285872,-5,0.00392818,0.285094,0.00473022,0.28516,-0.0252145,-1.12149,0.00469075,0.00714693,-1.24992,0
1781247070218549,26.7787,-4.99674,0.237451,-4.99524,-4.99971,-0.0536939,-5,0.00296879,0.291145,0.00476074,0.291199,-0.0213539,-1.12245,0.00486911,0.0134243,-1.24971,0
1781247070242549,26.8027,-4.9977,0.208956,-4.99515,-4.99938,-0.0786805,-5,0.00168419,0.287636,0.00485229,0.287682,-0.0159589,-1.12291,0.00685701,0.0196726,-1.24938,0
1781247070266549,26.8267,-4.99843,0.180596,-4.995,-4.99892,-0.103769,-5,0.000492096,0.284365,0.00500488,0.28441,-0.0088232,-1.12315,0.00836336,0.0259478,-1.24892,0
1781247070282549,26.8427,-4.99877,0.161748,-4.9949,-4.99834,-0.128611,-5,-0.000425816,0.290359,0.00509644,0.290404,-0.0025225,-1.1237,0.00776983,0.0321635,-1.24834,0
1781247070306549,26.8667,-4.99908,0.133566,-4.99478,-4.99764,-0.153457,-5,-0.00143528,0.287023,0.00521851,0.287075,0.00333796,-1.12307,0.00649273,0.0383824,-1.24764,0
1781247070322549,26.8827,-5.00003,0.112437,-4.99448,-4.99681,-0.178496,-5,-0.0032258,0.290934,0.00552368,0.291004,0.00853242,-1.12381,0.0061489,0.0446526,-1.24681,0
1781247070346549,26.9067,-5.0012,0.0810393,-4.99405,-4.99584,-0.203741,-5,-0.00535536,0.28478,0.00595093,0.284893,0.0153771,-1.12444,0.00596314,0.0509776,-1.24584,0
1781247070362549,26.9227,-5.0018,0.0602732,-4.99377,-4.99477,-0.228348,-5,-0.00703049,0.288621,0.00622559,0.288774,0.0192025,-1.12628,0.00518272,0.0571468,-1.24477,0
1781247070386549,26.9467,-5.00248,0.0293496,-4.99344,-4.99357,-0.253227,-5,-0.00891447,0.282576,0.00656128,0.282793,0.0255005,-1.12774,0.00601625,0.0633882,-1.24357,0
1781247070402678,26.9628,-5.00278,0.00890335,-4.99323,-4.99224,-0.278077,-5,-0.0105476,0.28698,0.0067749,0.287254,0.0292619,-1.12678,0.00531807,0.0696273,-1.24224,0
1781247070426678,26.9868,-5.00302,-0.0215006,-4.99292,-4.99078,-0.30287,-5,-0.0122395,0.28137,0.00708008,0.281725,0.0347757,-1.12555,0.00460221,0.0758573,-1.24079,0
1781247070442678,27.0028,-5.00306,-0.0416145,-4.99274,-4.98921,-0.327547,-5,-0.0138488,0.285933,0.00726318,0.28636,0.0373569,-1.12538,0.00410287,0.0820639,-1.23922,0
1781247070466678,27.0268,-5.00297,-0.0715757,-4.99252,-4.98751,-0.352309,-5,-0.0154634,0.280733,0.00747681,0.281258,0.0406399,-1.12385,0.00416618,0.0882978,-1.23753,0
1781247070482678,27.0428,-5.0028,-0.0914006,-4.99237,-4.98568,-0.377026,-5,-0.0171156,0.285625,0.00762939,0.286239,0.0449871,-1.12367,0.00406291,0.0945271,-1.2357,0
1781247070506678,27.0668,-5.00233,-0.120935,-4.99216,-4.98373,-0.401767,-5,-0.0186052,0.280832,0.00784302,0.281557,0.050673,-1.12181,0.00380081,0.10077,-1.23375,0
1781247070522678,27.0828,-5.0019,-0.140495,-4.99203,-4.98165,-0.426431,-5,-0.0202546,0.285936,0.00796509,0.286763,0.0545882,-1.12095,0.00335674,0.107,-1.23168,0
1781247070546678,27.1068,-5.00106,-0.169613,-4.99185,-4.97944,-0.45112,-5,-0.0216265,0.281507,0.00814819,0.282454,0.0608302,-1.11816,0.00428605,0.113246,-1.22948,0
1781247070562678,27.1228,-5.00039,-0.188902,-4.99176,-4.97711,-0.475709,-5,-0.0232821,0.286807,0.00823975,0.287868,0.0645528,-1.11848,0.00530421,0.119474,-1.22716,0
1781247070586678,27.1468,-4.99921,-0.217695,-4.99167,-4.97467,-0.500125,-5,-0.0245428,0.28243,0.0083313,0.283616,0.070118,-1.11734,0.00445147,0.125668,-1.22473,0
1781247070602678,27.1628,-4.9983,-0.236764,-4.99161,-4.9721,-0.524531,-5,-0.0261998,0.287767,0.00839233,0.289079,0.0751239,-1.11475,0.00461174,0.131869,-1.22218,0
1781247070618678,27.1788,-4.99728,-0.255719,-4.99158,-4.96938,-0.549092,-5,-0.0278993,0.293373,0.00842285,0.294817,0.0791399,-1.11281,0.0041908,0.138119,-1.21948,0
1781247070642678,27.2028,-4.99557,-0.28397,-4.99152,-4.96657,-0.573361,-5,-0.0290027,0.289391,0.00848389,0.290964,0.0869594,-1.11019,0.00333388,0.144305,-1.21668,0
1781247070666678,27.2268,-4.99364,-0.312046,-4.99152,-4.96361,-0.59776,-5,-0.0300341,0.285714,0.00848389,0.287413,0.0916,-1.10929,0.0035608,0.150536,-1.21374,0
1781247070682678,27.2428,-4.99226,-0.330676,-4.99149,-4.96053,-0.622046,-5,-0.0317245,0.29137,0.0085144,0.293216,0.0968539,-1.10785,0.00394244,0.156749,-1.21069,0
1781247070706678,27.2668,-4.98998,-0.358465,-4.99146,-4.95734,-0.646214,-5,-0.0326452,0.287749,0.00854492,0.289721,0.103112,-1.10444,0.00245008,0.162944,-1.20752,0
1781247070722678,27.2828,-4.98779,-0.378068,-4.99139,-4.95403,-0.670267,-5,-0.0337601,0.292198,0.00860596,0.294268,0.108124,-1.1028,0.00286833,0.169122,-1.20424,0
1781247070746678,27.3068,-4.98436,-0.40721,-4.99127,-4.9506,-0.694185,-5,-0.0337582,0.286975,0.00872803,0.289086,0.114794,-1.09887,0.00293621,0.175278,-1.20084,0
1781247070762678,27.3228,-4.98199,-0.426467,-4.99121,-4.947,-0.718403,-5,-0.0349956,0.291936,0.00878906,0.294158,0.119374,-1.09806,0.0024128,0.181525,-1.19728,0
1781247070786678,27.3468,-4.97831,-0.455155,-4.99112,-4.94334,-0.742107,-5,-0.0349712,0.286952,0.00888062,0.289211,0.127513,-1.09588,0.00156399,0.187653,-1.19366,0
1781247070802678,27.3628,-4.97576,-0.474128,-4.99106,-4.93952,-0.765935,-5,-0.0362334,0.291807,0.00894165,0.294184,0.132334,-1.09322,0.00128349,0.193828,-1.18989,0
1781247070826678,27.3868,-4.97179,-0.502363,-4.991,-4.93557,-0.789765,-5,-0.036212,0.287402,0.00900269,0.289815,0.139961,-1.09016,0.000260466,0.200019,-1.18599,0
1781247070842678,27.4028,-4.96904,-0.52105,-4.99097,-4.93153,-0.813345,-5,-0.0375104,0.292295,0.0090332,0.29483,0.145182,-1.08832,-0.000932916,0.206159,-1.182,0
1781247070866678,27.4268,-4.96479,-0.548882,-4.99103,-4.92731,-0.837154,-5,-0.0374813,0.288272,0.00897217,0.290837,0.152167,-1.08359,-0.00131963,0.212376,-1.17783,0
1781247070882678,27.4428,-4.96186,-0.567276,-4.99103,-4.92304,-0.860461,-5,-0.0388255,0.293185,0.00897217,0.295881,0.157955,-1.08013,-0.000495686,0.218478,-1.17363,0
1781247070898678,27.4588,-4.95884,-0.585561,-4.99106,-4.91858,-0.884008,-5,-0.0402579,0.298447,0.00894165,0.301282,0.163416,-1.07758,-0.00043714,0.22466,-1.16924,0
1781247070922678,27.4828,-4.95418,-0.612801,-4.99109,-4.91404,-0.907295,-5,-0.0401378,0.294494,0.00891113,0.29735,0.170763,-1.07432,-0.000507297,0.230792,-1.16478,0
1781247070946678,27.5068,-4.94938,-0.63981,-4.99112,-4.90938,-0.93047,-5,-0.0400023,0.29066,0.00888062,0.293534,0.175812,-1.06893,-0.000449982,0.236911,-1.1602,0
1781247070962678,27.5228,-4.9461,-0.657675,-4.99118,-4.90458,-0.953622,-5,-0.0415211,0.295947,0.00881958,0.298976,0.180958,-1.06542,-0.00107393,0.243044,-1.15549,0
1781247070986678,27.5468,-4.94105,-0.684273,-4.99121,-4.89964,-0.976765,-5,-0.0414119,0.292492,0.00878906,0.29554,0.187281,-1.06016,8.03783e-05,0.249193,-1.15064,0
1781247071002678,27.5628,-4.9376,-0.701876,-4.99124,-4.89459,-0.999735,-5,-0.043014,0.297859,0.00875854,0.301076,0.191755,-1.05657,-0.00078663,0.255316,-1.1457,0
1781247071026678,27.5868,-4.93231,-0.728106,-4.99127,-4.88943,-1.02255,-5,-0.0428782,0.294446,0.00872803,0.29768,0.199268,-1.05263,0.000853959,0.261419,-1.14066,0
1781247071042678,27.6028,-4.92868,-0.745467,-4.9913,-4.88414,-1.04534,-5,-0.0445457,0.299873,0.00869751,0.303288,0.204865,-1.0483,-0.000760712,0.267534,-1.13548,0
1781247071066678,27.6268,-4.92309,-0.771321,-4.99127,-4.87873,-1.06798,-5,-0.044364,0.296664,0.00872803,0.300089,0.212012,-1.04218,-0.000487135,0.273633,-1.1302,0
1781247071082678,27.6428,-4.91928,-0.78842,-4.99127,-4.8732,-1.09053,-5,-0.0460858,0.302112,0.00872803,0.305731,0.216361,-1.03743,-0.000164203,0.279727,-1.1248,0
1781247071106678,27.6668,-4.91347,-0.813893,-4.99127,-4.86758,-1.11283,-5,-0.0458965,0.298941,0.00872803,0.30257,0.221386,-1.03342,-0.00234834,0.285777,-1.11933,0
1781247071122678,27.6828,-4.9093,-0.833182,-4.99127,-4.86181,-1.13512,-5,-0.0474877,0.301941,0.00872803,0.305777,0.225872,-1.03117,-0.00290267,0.291847,-1.11372,0
1781247071146678,27.7068,-4.90292,-0.861758,-4.99127,-4.85592,-1.15732,-5,-0.0470018,0.295566,0.00872803,0.299407,0.23311,-1.02669,-0.00331721,0.297916,-1.10799,0
1781247071162678,27.7228,-4.89859,-0.880572,-4.99127,-4.8499,-1.17942,-5,-0.0486889,0.298849,0.00872803,0.302915,0.238619,-1.02354,-0.00295431,0.303981,-1.10215,0
1781247071186678,27.7468,-4.89196,-0.908468,-4.99127,-4.84376,-1.2014,-5,-0.0481954,0.292931,0.00872803,0.296998,0.24557,-1.01967,-0.0023158,0.310038,-1.0962,0
1781247071202678,27.7628,-4.88747,-0.926856,-4.99127,-4.8375,-1.22326,-5,-0.0499725,0.296404,0.00872803,0.300714,0.249146,-1.01661,-0.00261918,0.316088,-1.09014,0
1781247071226678,27.7868,-4.88063,-0.954163,-4.99127,-4.83112,-1.24499,-5,-0.04951,0.29083,0.00872803,0.295143,0.256915,-1.01412,-0.00200269,0.322128,-1.08397,0
1781247071242678,27.8028,-4.87598,-0.972192,-4.99124,-4.82462,-1.2666,-5,-0.0513606,0.294409,0.00875854,0.298984,0.261396,-1.0112,-0.00263333,0.328161,-1.0777,0
1781247071266678,27.8268,-4.8689,-0.998941,-4.99127,-4.818,-1.28809,-5,-0.0508981,0.289148,0.00872803,0.293724,0.267987,-1.00535,-0.00313085,0.334187,-1.07131,0
1781247071282678,27.8428,-4.8641,-1.01659,-4.9913,-4.81126,-1.30944,-5,-0.0528436,0.292852,0.00869751,0.297708,0.271958,-1.00276,-0.00388687,0.340203,-1.06482,0
1781247071306678,27.8668,-4.85679,-1.04281,-4.99139,-4.80439,-1.33067,-5,-0.0524001,0.287857,0.00860596,0.292714,0.278804,-0.996168,-0.00612542,0.346212,-1.05822,0
1781247071322678,27.8828,-4.85184,-1.0601,-4.99149,-4.79741,-1.35176,-5,-0.0544262,0.291659,0.0085144,0.296815,0.283339,-0.992586,-0.00715569,0.352211,-1.05152,0
1781247071346678,27.9068,-4.84432,-1.08578,-4.99161,-4.79031,-1.37271,-5,-0.0540056,0.286939,0.00839233,0.292097,0.288165,-0.986978,-0.00776523,0.358201,-1.04471,0
1781247071362678,27.9228,-4.83925,-1.10273,-4.99173,-4.78309,-1.39353,-5,-0.0561562,0.290798,0.00827026,0.296286,0.29084,-0.982747,-0.00755335,0.364181,-1.0378,0
1781247071386678,27.9468,-4.83157,-1.1279,-4.99185,-4.77575,-1.41422,-5,-0.0558209,0.286321,0.00814819,0.291825,0.295107,-0.97651,-0.00629027,0.370156,-1.03077,0
1781247071402813,27.9629,-4.82641,-1.14449,-4.99194,-4.76828,-1.43476,-5,-0.058125,0.290264,0.00805664,0.296136,0.297968,-0.970427,-0.00446695,0.37612,-1.02365,0
1781247071426813,27.9869,-4.81859,-1.16911,-4.99207,-4.76071,-1.45515,-5,-0.0578809,0.286038,0.00793457,0.291944,0.303351,-0.96266,-0.00243103,0.382072,-1.01643,0
1781247071442813,28.0029,-4.8133,-1.18535,-4.99213,-4.75301,-1.4754,-5,-0.0602903,0.290053,0.00787354,0.296358,0.308493,-0.958361,-0.00179132,0.388018,-1.00911,0
1781247071466813,28.0269,-4.80526,-1.20946,-4.99219,-4.74519,-1.4955,-5,-0.0600667,0.286045,0.0078125,0.292388,0.313065,-0.951333,-0.00119332,0.393953,-1.00168,0
1781247071482813,28.0429,-4.79983,-1.22538,-4.99219,-4.73725,-1.51546,-5,-0.0625782,0.290083,0.0078125,0.296859,0.316427,-0.946298,-0.00099555,0.399879,-0.994155,0
1781247071506813,28.0669,-4.79162,-1.24901,-4.99216,-4.7292,-1.53526,-5,-0.0624199,0.286254,0.00784302,0.293086,0.321186,-0.938131,-0.000610163,0.405793,-0.986531,0
1781247071522813,28.0829,-4.78516,-1.26626,-4.99197,-4.72103,-1.55491,-5,-0.0641317,0.288651,0.00802612,0.295799,0.325567,-0.93498,-0.000194939,0.411698,-0.978808,0
1781247071546813,28.1069,-4.77543,-1.29177,-4.99167,-4.71273,-1.5744,-5,-0.0626931,0.282627,0.0083313,0.289617,0.332084,-0.928217,-0.00046633,0.417592,-0.970987,0
1781247071562813,28.1229,-4.76892,-1.30855,-4.99149,-4.70433,-1.59373,-5,-0.0645905,0.285184,0.0085144,0.292531,0.336226,-0.923628,-0.000527293,0.423476,-0.963069,0
1781247071586813,28.1469,-4.75911,-1.33339,-4.99121,-4.69579,-1.61293,-5,-0.063324,0.279549,0.00878906,0.286766,0.342109,-0.917721,-0.000386927,0.429357,-0.955045,0
1781247071602813,28.1629,-4.75255,-1.34972,-4.99103,-4.68716,-1.63193,-5,-0.0653911,0.282204,0.00897217,0.28982,0.346877,-0.912071,-0.000863556,0.435212,-0.946944,0
1781247071626813,28.1869,-4.74264,-1.37392,-4.99084,-4.67837,-1.65083,-5,-0.0642695,0.27691,0.00915527,0.284418,0.353893,-0.905619,-0.000549362,0.441079,-0.938719,0
1781247071642813,28.2029,-4.73599,-1.38983,-4.99072,-4.6695,-1.66951,-5,-0.0664883,0.279687,0.00927734,0.287631,0.359432,-0.899355,-0.00086789,0.44692,-0.93042,0
1781247071666813,28.2269,-4.72593,-1.41337,-4.99054,-4.66049,-1.68805,-5,-0.0654373,0.274688,0.00946045,0.282533,0.36482,-0.891104,0.00135294,0.452756,-0.922019,0
1781247071682813,28.2429,-4.7192,-1.42885,-4.99042,-4.65138,-1.70641,-5,-0.0678177,0.277555,0.00958252,0.285881,0.367989,-0.886059,6.35672e-05,0.458576,-0.913532,0
1781247071706813,28.2669,-4.70904,-1.45177,-4.9903,-4.64218,-1.72454,-5,-0.0668616,0.27277,0.00970459,0.281012,0.374641,-0.877257,0.000486708,0.464368,-0.904979,0
1781247071722813,28.2829,-4.70222,-1.46687,-4.9902,-4.63282,-1.74258,-5,-0.0694041,0.275709,0.00979614,0.284479,0.378495,-0.87292,-0.000640741,0.470173,-0.896299,0
1781247071746813,28.3069,-4.69194,-1.48922,-4.99014,-4.62337,-1.7604,-5,-0.0685759,0.271174,0.00985718,0.279884,0.383283,-0.863454,-0.00148119,0.475951,-0.887552,0
1781247071762813,28.3229,-4.68506,-1.50392,-4.99011,-4.61378,-1.77808,-5,-0.0712819,0.274165,0.0098877,0.283452,0.387254,-0.85684,-0.00231698,0.481732,-0.878695,0
1781247071786813,28.3469,-4.67468,-1.52565,-4.99011,-4.60408,-1.79557,-5,-0.0705962,0.269921,0.0098877,0.279176,0.392835,-0.846861,-0.00177372,0.487494,-0.869759,0
1781247071802813,28.3629,-4.66771,-1.53995,-4.99011,-4.59428,-1.81288,-5,-0.0734367,0.272923,0.0098877,0.282803,0.39634,-0.841962,-0.00103851,0.493243,-0.860739,0
1781247071826813,28.3869,-4.65719,-1.56113,-4.99011,-4.58439,-1.82993,-5,-0.0727997,0.268802,0.0098877,0.278661,0.402372,-0.831907,-0.00271939,0.498957,-0.851667,0
1781247071842813,28.4029,-4.65012,-1.57507,-4.99014,-4.57426,-1.84703,-5,-0.0758615,0.271969,0.00985718,0.282523,0.407094,-0.826108,-0.00226797,0.504736,-0.842387,0
1781247071866813,28.4269,-4.63944,-1.59569,-4.9902,-4.56419,-1.86367,-5,-0.0752544,0.267979,0.00979614,0.278517,0.41286,-0.816007,-0.0039548,0.510405,-0.833179,0
1781247071882813,28.4429,-4.63225,-1.60925,-4.99023,-4.55392,-1.88024,-5,-0.0783277,0.270984,0.00976562,0.282247,0.417984,-0.810147,-0.00395201,0.516104,-0.823818,0
1781247071906813,28.4669,-4.62136,-1.62935,-4.99036,-4.54354,-1.89662,-5,-0.0778213,0.267272,0.00964355,0.278538,0.423266,-0.800971,-0.00444292,0.52179,-0.814377,0
1781247071922813,28.4829,-4.61354,-1.64362,-4.99045,-4.53308,-1.91276,-5,-0.0804615,0.269138,0.009552,0.28107,0.428065,-0.794855,-0.00503768,0.527444,-0.804885,0
1781247071946813,28.5069,-4.601,-1.66619,-4.9906,-4.52222,-1.92914,-5,-0.0787749,0.26295,0.00939941,0.274657,0.43476,-0.78558,-0.00525962,0.53324,-0.795048,0
1781247071962813,28.5229,-4.59263,-1.68096,-4.99069,-4.51176,-1.94457,-5,-0.0808706,0.263607,0.00930786,0.27589,0.438506,-0.779617,-0.00623881,0.538749,-0.785598,0
1781247071986813,28.5469,-4.58007,-1.70268,-4.99088,-4.50091,-1.96021,-5,-0.0791602,0.25753,0.00912476,0.269576,0.445334,-0.769925,-0.00570434,0.544394,-0.775817,0
1781247072002813,28.5629,-4.57168,-1.7169,-4.99103,-4.48996,-1.97563,-5,-0.0817165,0.25873,0.00897217,0.271476,0.449281,-0.764043,-0.00725663,0.550013,-0.765977,0
1781247072026813,28.5869,-4.55908,-1.73787,-4.99127,-4.47892,-1.99083,-5,-0.0801563,0.252958,0.00872803,0.265498,0.454506,-0.756502,-0.00815318,0.55561,-0.756076,0
1781247072042813,28.6029,-4.55067,-1.75161,-4.99142,-4.46777,-2.00583,-5,-0.0828996,0.254226,0.00857544,0.267538,0.458635,-0.749668,-0.00804591,0.561196,-0.746095,0
1781247072066813,28.6269,-4.53802,-1.77184,-4.99164,-4.45647,-2.02067,-5,-0.0815458,0.24883,0.00836182,0.261985,0.463939,-0.740025,-0.00654601,0.56678,-0.736017,0
1781247072082813,28.6429,-4.52957,-1.78509,-4.99176,-4.44508,-2.0353,-5,-0.0844922,0.250208,0.00823975,0.264218,0.467937,-0.733296,-0.00760345,0.572347,-0.725871,0
1781247072106813,28.6669,-4.51686,-1.80462,-4.99197,-4.43359,-2.0497,-5,-0.0832696,0.245084,0.00802612,0.258968,0.472818,-0.723899,-0.00706477,0.57789,-0.715668,0
1781247072122813,28.6829,-4.50836,-1.81741,-4.9921,-4.42198,-2.0639,-5,-0.08638,0.246492,0.00790405,0.261309,0.476579,-0.717347,-0.00651737,0.583421,-0.705392,0
1781247072146813,28.7069,-4.49559,-1.83624,-4.99228,-4.41027,-2.07789,-5,-0.08532,0.241647,0.00772095,0.256383,0.480414,-0.70533,-0.00594295,0.588935,-0.695048,0
1781247072162813,28.7229,-4.48707,-1.84856,-4.9924,-4.39842,-2.09171,-5,-0.0886531,0.243149,0.00759888,0.258918,0.483574,-0.697304,-0.00640373,0.594448,-0.68461,0
1781247072186813,28.7469,-4.47425,-1.86666,-4.99258,-4.38648,-2.10529,-5,-0.087769,0.238631,0.00741577,0.254368,0.48893,-0.686124,-0.00673728,0.599938,-0.674118,0
1781247072202813,28.7629,-4.46566,-1.87851,-4.99271,-4.37443,-2.11866,-5,-0.0912352,0.240155,0.0072937,0.257005,0.49302,-0.679551,-0.00677477,0.605411,-0.663563,0
1781247072226813,28.7869,-4.45272,-1.89595,-4.99292,-4.36228,-2.13181,-5,-0.0904412,0.235861,0.00708008,0.252705,0.498589,-0.667091,-0.00627956,0.610866,-0.652949,0
1781247072242813,28.8029,-4.44406,-1.90735,-4.99304,-4.34987,-2.14491,-5,-0.0941925,0.237559,0.00695801,0.255646,0.50167,-0.659047,-0.00745762,0.616372,-0.642137,0
1781247072266813,28.8269,-4.43101,-1.9241,-4.99329,-4.33763,-2.1575,-5,-0.0933766,0.2334,0.00671387,0.251475,0.507917,-0.647389,-0.00803366,0.621741,-0.631502,0
1781247072282813,28.8429,-4.42225,-1.93507,-4.99344,-4.32514,-2.17002,-5,-0.0971074,0.234957,0.00656128,0.254318,0.512806,-0.63989,-0.00885372,0.627154,-0.620684,0
1781247072306813,28.8669,-4.40901,-1.95119,-4.99374,-4.31254,-2.18233,-5,-0.096468,0.231134,0.0062561,0.250535,0.518192,-0.629049,-0.0103761,0.632552,-0.609804,0
1781247072322813,28.8829,-4.39858,-1.96373,-4.99405,-4.29986,-2.1944,-5,-0.0987186,0.230668,0.00595093,0.250975,0.520862,-0.621483,-0.0113662,0.637927,-0.598879,0
1781247072346813,28.9069,-4.38299,-1.98206,-4.99457,-4.28703,-2.20628,-5,-0.095963,0.224221,0.00543213,0.243954,0.527424,-0.611379,-0.0127036,0.643301,-0.587863,0
1781247072362813,28.9229,-4.37263,-1.99398,-4.99493,-4.27414,-2.2179,-5,-0.0984936,0.223924,0.00506592,0.244681,0.532321,-0.604429,-0.0127935,0.64864,-0.576826,0
1781247072386813,28.9469,-4.35713,-2.01144,-4.99542,-4.26111,-2.22933,-5,-0.0960193,0.217891,0.00457764,0.238153,0.537163,-0.594311,-0.0121238,0.653975,-0.565706,0
1781247072402813,28.9629,-4.34682,-2.0228,-4.99576,-4.24797,-2.24054,-5,-0.0988555,0.217744,0.00424194,0.239171,0.541111,-0.586784,-0.0119223,0.659297,-0.554524,0
1781247072426947,28.9871,-4.33137,-2.03941,-4.99628,-4.23474,-2.25151,-5,-0.0966315,0.212096,0.00372314,0.233102,0.547068,-0.575717,-0.0116569,0.664593,-0.543305,0
1781247072442947,29.0031,-4.32108,-2.05021,-4.99658,-4.22143,-2.26224,-5,-0.0996547,0.212028,0.00341797,0.234305,0.551787,-0.567246,-0.0101833,0.669867,-0.532045,0
1781247072466947,29.0271,-4.30563,-2.066,-4.99704,-4.20794,-2.27279,-5,-0.0976882,0.20679,0.00296021,0.228722,0.558375,-0.555265,-0.010751,0.67515,-0.520677,0
1781247072482947,29.0431,-4.29532,-2.07624,-4.99734,-4.19439,-2.28309,-5,-0.100929,0.206843,0.00265503,0.230169,0.561345,-0.546516,-0.010067,0.680399,-0.509293,0
1781247072498947,29.0591,-4.28502,-2.08627,-4.99765,-4.18077,-2.29313,-5,-0.10425,0.206863,0.00234985,0.231659,0.56512,-0.537994,-0.00922917,0.685619,-0.497883,0
1781247072522947,29.0831,-4.26957,-2.10091,-4.99805,-4.167,-2.30298,-5,-0.102567,0.202063,0.00195312,0.226613,0.570018,-0.525042,-0.00791524,0.690837,-0.48639,0
1781247072546947,29.1071,-4.25411,-2.11508,-4.99844,-4.15314,-2.31259,-5,-0.100977,0.197504,0.0015564,0.221826,0.574882,-0.512614,-0.00765145,0.696036,-0.474854,0
1781247072562947,29.1231,-4.24381,-2.12428,-4.99866,-4.13916,-2.32197,-5,-0.104645,0.197688,0.00134277,0.22368,0.578122,-0.504956,-0.00745834,0.701219,-0.463268,0
1781247072586947,29.1471,-4.22836,-2.13773,-4.99896,-4.12504,-2.33115,-5,-0.103325,0.193419,0.0010376,0.21929,0.582051,-0.49303,-0.0064852,0.706402,-0.451594,0
1781247072602947,29.1631,-4.21806,-2.14644,-4.99915,-4.11091,-2.34003,-5,-0.107145,0.193589,0.000854492,0.221263,0.585858,-0.483266,-0.00668905,0.71153,-0.439961,0
1781247072626947,29.1871,-4.20259,-2.15911,-4.99945,-4.09666,-2.3487,-5,-0.105928,0.189583,0.000549316,0.217169,0.589455,-0.469105,-0.00690689,0.71665,-0.42826,0
1781247072642947,29.2031,-4.19227,-2.16731,-4.99966,-4.08227,-2.35715,-5,-0.110009,0.189836,0.000335693,0.219407,0.592491,-0.460222,-0.00646373,0.721765,-0.416489,0
1781247072666947,29.2271,-4.1768,-2.17926,-4.99997,-4.06777,-2.36537,-5,-0.109035,0.186104,3.05176e-05,0.215692,0.596761,-0.447923,-0.00437314,0.726863,-0.404671,0
1781247072682947,29.2431,-4.16646,-2.187,-5.00012,-4.05317,-2.37335,-5,-0.113294,0.186348,-0.00012207,0.218085,0.599636,-0.438969,-0.00317924,0.731941,-0.39282,0
1781247072706947,29.2671,-4.15095,-2.19825,-5.00034,-4.03847,-2.38109,-5,-0.112472,0.182839,-0.000335693,0.214663,0.604535,-0.426437,-0.000803334,0.737001,-0.380927,0
1781247072722947,29.2831,-4.13897,-2.20725,-5.00024,-4.02371,-2.38857,-5,-0.115257,0.181327,-0.000244141,0.214858,0.609379,-0.419144,-0.000407416,0.74203,-0.369026,0
1781247072746947,29.3071,-4.12107,-2.22027,-5.00006,-4.00881,-2.39584,-5,-0.11226,0.175568,-6.10352e-05,0.20839,0.61621,-0.406137,-0.000596856,0.747055,-0.357054,0
1781247072762947,29.3231,-4.10918,-2.22864,-4.99997,-3.99379,-2.40287,-5,-0.115388,0.174229,3.05176e-05,0.208974,0.619123,-0.397932,0.000850569,0.752064,-0.34504,0
1781247072786947,29.3471,-4.09145,-2.24076,-4.99979,-3.97872,-2.40964,-5,-0.112721,0.168882,0.000213623,0.203045,0.623558,-0.386051,0.000959781,0.75704,-0.333025,0
1781247072802947,29.3631,-4.07967,-2.24854,-4.99966,-3.96349,-2.4162,-5,-0.116178,0.167661,0.000335693,0.203979,0.626693,-0.377009,0.00185537,0.762017,-0.320927,0
1781247072826947,29.3871,-4.06205,-2.25978,-4.99948,-3.94826,-2.42248,-5,-0.11379,0.162701,0.000518799,0.198544,0.631878,-0.364643,0.00168695,0.766945,-0.308873,0
1781247072842947,29.4031,-4.05033,-2.26698,-4.99936,-3.93283,-2.42855,-5,-0.117503,0.161568,0.000640869,0.199779,0.635134,-0.35571,0.00227179,0.771884,-0.296713,0
1781247072866947,29.4271,-4.0328,-2.27738,-4.99918,-3.91733,-2.43436,-5,-0.115463,0.156987,0.000823975,0.194878,0.639943,-0.342542,0.00326014,0.776793,-0.284549,0
1781247072882947,29.4431,-4.02112,-2.28403,-4.99905,-3.9018,-2.43991,-5,-0.119321,0.155885,0.000946045,0.196312,0.644088,-0.333703,0.00419464,0.781663,-0.272404,0
1781247072906947,29.4671,-4.00362,-2.29362,-4.99887,-3.88615,-2.44523,-5,-0.11747,0.151605,0.00112915,0.191793,0.648235,-0.321128,0.00478417,0.78652,-0.260217,0
1781247072922947,29.4831,-3.99197,-2.29976,-4.99878,-3.87038,-2.45031,-5,-0.121584,0.150553,0.0012207,0.193521,0.650913,-0.311573,0.00515112,0.791365,-0.247986,0
1781247072946947,29.5071,-3.97451,-2.30858,-4.99866,-3.85449,-2.45515,-5,-0.12002,0.146569,0.00134277,0.189444,0.656431,-0.299512,0.00284032,0.796199,-0.235707,0
1781247072962947,29.5231,-3.96286,-2.31422,-4.9986,-3.83852,-2.45974,-5,-0.124348,0.14552,0.00140381,0.191417,0.659236,-0.290668,0.00124664,0.801007,-0.22342,0
1781247072986947,29.5471,-3.94538,-2.32229,-4.99857,-3.82246,-2.46408,-5,-0.122922,0.141794,0.00143433,0.187663,0.665462,-0.27637,0.00069219,0.805791,-0.211122,0
1781247073002947,29.5631,-3.93372,-2.32742,-4.9985,-3.80629,-2.46818,-5,-0.12743,0.140768,0.00149536,0.189885,0.668173,-0.267501,0.000246435,0.810561,-0.198786,0
1781247073026947,29.5871,-3.91623,-2.33473,-4.99847,-3.78999,-2.47205,-5,-0.126238,0.137312,0.00152588,0.186529,0.672655,-0.253222,-0.00055832,0.815321,-0.186402,0
1781247073042947,29.6031,-3.90454,-2.33936,-4.99844,-3.7733,-2.47572,-5,-0.131238,0.13636,0.0015564,0.189261,0.676566,-0.244737,-0.000269474,0.820145,-0.17378,0
1781247073066947,29.6271,-3.88698,-2.34596,-4.99841,-3.75718,-2.47901,-5,-0.129793,0.133045,0.00158691,0.185875,0.681445,-0.231394,0.00116793,0.824757,-0.161643,0
1781247073082947,29.6431,-3.87526,-2.35015,-4.99835,-3.74063,-2.48212,-5,-0.134636,0.131975,0.00164795,0.188539,0.683998,-0.223726,0.00239513,0.829446,-0.14923,0
1781247073106947,29.6671,-3.85769,-2.35609,-4.99829,-3.724,-2.48498,-5,-0.133695,0.128888,0.00170898,0.185713,0.687291,-0.210713,-0.000395669,0.834111,-0.136815,0
1781247073122947,29.6831,-3.84378,-2.36103,-4.99823,-3.70729,-2.48759,-5,-0.136495,0.126563,0.00177002,0.186151,0.692381,-0.201597,-0.00224317,0.838749,-0.124399,0
1781247073146947,29.7071,-3.82305,-2.36796,-4.99823,-3.69023,-2.48998,-5,-0.132819,0.12202,0.00177002,0.180369,0.698231,-0.187245,-0.00262514,0.843438,-0.11178,0
1781247073162947,29.7231,-3.80932,-2.37229,-4.9982,-3.67358,-2.49206,-5,-0.13574,0.119771,0.00180054,0.181035,0.701273,-0.178189,-0.000627937,0.847968,-0.0995205,0
1781247073186947,29.7471,-3.78883,-2.37836,-4.99817,-3.65661,-2.49393,-5,-0.132222,0.115569,0.00183105,0.17562,0.708043,-0.1648,-0.000766635,0.85254,-0.0870813,0
1781247073202947,29.7631,-3.77523,-2.38213,-4.99814,-3.63951,-2.49554,-5,-0.13572,0.113411,0.00186157,0.176876,0.711581,-0.156376,-0.000556059,0.8571,-0.0746067,0
1781247073226947,29.7871,-3.75492,-2.38741,-4.99814,-3.62228,-2.49691,-5,-0.13264,0.109503,0.00186157,0.17201,0.717175,-0.143907,-0.0010705,0.861652,-0.0620896,0
1781247073242947,29.8031,-3.74144,-2.39068,-4.99811,-3.60506,-2.49803,-5,-0.136385,0.10735,0.00189209,0.173575,0.719599,-0.135673,4.17602e-05,0.866154,-0.0496428,0
1781247073266947,29.8271,-3.7213,-2.39519,-4.99808,-3.58762,-2.4989,-5,-0.133677,0.10371,0.00192261,0.169201,0.724661,-0.122472,-0.000207037,0.870666,-0.0371049,0
1781247073282947,29.8431,-3.70792,-2.39795,-4.99805,-3.57032,-2.49951,-5,-0.137594,0.10156,0.00195312,0.171027,0.728244,-0.113912,9.5872e-05,0.8751,-0.0247208,0
1781247073306947,29.8671,-3.6879,-2.40174,-4.99805,-3.55268,-2.49988,-5,-0.135222,0.0981457,0.00195312,0.167097,0.732041,-0.10077,-0.00094065,0.879576,-0.0121531,0
1781247073322947,29.8831,-3.6746,-2.40402,-4.99805,-3.53505,-2.5,-5,-0.139555,0.0959768,0.00195312,0.169384,0.735085,-0.0931015,-0.000202527,0.884005,0.000343086,0
1781247073346947,29.9071,-3.65468,-2.40713,-4.99805,-3.51734,-2.49987,-5,-0.137344,0.0927424,0.00195312,0.165736,0.739624,-0.080305,0.000771747,0.888409,0.0128325,0
1781247073362947,29.9231,-3.64143,-2.40895,-4.99808,-3.49953,-2.49949,-5,-0.141902,0.090534,0.00192261,0.168334,0.743312,-0.0710147,0.000859035,0.892794,0.0253291,0
1781247073386947,29.9471,-3.62158,-2.41134,-4.99805,-3.48163,-2.49886,-5,-0.139954,0.0875111,0.00195312,0.165073,0.748024,-0.0565451,0.00213917,0.897157,0.0378252,0
1781247073402947,29.9631,-3.60835,-2.4127,-4.99805,-3.46364,-2.49797,-5,-0.144709,0.0852754,0.00195312,0.167977,0.751846,-0.0486398,0.0025663,0.901497,0.0503164,0
1781247073426947,29.9871,-3.58852,-2.41441,-4.99796,-3.44559,-2.49684,-5,-0.14293,0.0824375,0.00204468,0.165012,0.757599,-0.0354308,0.003738,0.905812,0.0627935,0
1781247073443085,30.0032,-3.5753,-2.41532,-4.99792,-3.42745,-2.49547,-5,-0.147845,0.0801439,0.0020752,0.168183,0.759672,-0.0264596,0.00276547,0.910102,0.0752565,0
1781247073467085,30.0272,-3.55551,-2.41635,-4.99786,-3.40918,-2.49383,-5,-0.146328,0.0774834,0.00213623,0.16559,0.763243,-0.0124033,0.00318625,0.914381,0.0877479,0
1781247073483085,30.0432,-3.54233,-2.4168,-4.9978,-3.39096,-2.49196,-5,-0.15137,0.0751679,0.00219727,0.16902,0.765635,-0.00169315,0.00255997,0.918606,0.10014,0
1781247073507085,30.0672,-3.52258,-2.41712,-4.99774,-3.37238,-2.48982,-5,-0.1502,0.0726976,0.0022583,0.166884,0.769265,0.0126441,0.00304439,0.922871,0.112704,0
1781247073523085,30.0832,-3.50723,-2.41838,-4.9978,-3.35406,-2.48746,-5,-0.153169,0.0690789,0.00219727,0.16804,0.772948,0.0210421,0.00204256,0.927034,0.125026,0
1781247073547085,30.1072,-3.48439,-2.41985,-4.99792,-3.33483,-2.48474,-5,-0.149557,0.0648947,0.0020752,0.163042,0.777749,0.0353704,0.00200518,0.93136,0.137891,0
1781247073563085,30.1232,-3.46926,-2.42052,-4.99799,-3.31681,-2.48196,-5,-0.152454,0.0614417,0.00201416,0.164382,0.781129,0.0447818,0.00300794,0.935374,0.149878,0
1781247073587085,30.1472,-3.44672,-2.42113,-4.99805,-3.29807,-2.47884,-5,-0.148652,0.0577161,0.00195312,0.159476,0.785979,0.0579254,0.00516603,0.939506,0.162275,0
1781247073603085,30.1632,-3.43178,-2.42126,-4.99808,-3.27925,-2.47548,-5,-0.152535,0.054215,0.00192261,0.161895,0.789096,0.0670937,0.00620717,0.943615,0.174655,0
1781247073619085,30.1792,-3.41691,-2.42118,-4.99805,-3.26033,-2.47186,-5,-0.156575,0.0506756,0.00195312,0.164583,0.79174,0.0756586,0.00637948,0.947702,0.187023,0
1781247073643085,30.2032,-3.39471,-2.42071,-4.99805,-3.24137,-2.468,-5,-0.153338,0.0472953,0.00195312,0.160478,0.797203,0.0880043,0.00696343,0.951758,0.19935,0
1781247073659085,30.2192,-3.37996,-2.42015,-4.99802,-3.22222,-2.46387,-5,-0.157748,0.0437248,0.00198364,0.163708,0.801103,0.0957516,0.0069378,0.955815,0.211733,0
1781247073683085,30.2432,-3.35792,-2.41896,-4.99799,-3.20315,-2.45954,-5,-0.154763,0.0405824,0.00201416,0.160008,0.80548,0.109431,0.00706736,0.959812,0.223981,0
1781247073707085,30.2672,-3.33594,-2.41729,-4.99792,-3.18388,-2.45493,-5,-0.152058,0.0376356,0.0020752,0.15666,0.810275,0.123868,0.00784826,0.963811,0.236289,0
1781247073723085,30.2832,-3.32133,-2.41594,-4.99786,-3.16458,-2.45008,-5,-0.156757,0.0341418,0.00213623,0.160447,0.814009,0.132846,0.00801988,0.967776,0.248545,0
1781247073747085,30.3072,-3.29947,-2.41356,-4.9978,-3.14518,-2.44499,-5,-0.154286,0.0314255,0.00219727,0.157469,0.818868,0.146072,0.00628873,0.971719,0.260781,0
1781247073763085,30.3232,-3.28492,-2.41173,-4.99777,-3.12578,-2.43967,-5,-0.159144,0.0279391,0.00222778,0.161593,0.822421,0.155344,0.00683106,0.975625,0.27295,0
1781247073787085,30.3472,-3.26316,-2.40863,-4.99771,-3.10618,-2.43407,-5,-0.156986,0.0254447,0.00228882,0.159051,0.825099,0.169087,0.00691217,0.97953,0.285166,0
1781247073803085,30.3632,-3.24869,-2.40634,-4.99765,-3.06683,-2.42218,-5,-0.181867,0.0158346,0.00234985,0.18257,0.828519,0.177154,0.00827757,0.987249,0.309457,0
1781247073827085,30.3872,-3.22699,-2.40259,-4.99753,-3.06683,-2.42218,-5,-0.160162,0.0195873,0.00247192,0.161374,0.83411,0.190685,0.00787289,0.987249,0.309457,0
1781247073843085,30.4032,-3.21254,-2.39985,-4.99744,-3.04691,-2.41583,-5,-0.165622,0.0159764,0.00256348,0.166411,0.837351,0.200369,0.00748145,0.991095,0.321631,0
1781247073867085,30.4272,-3.19088,-2.39539,-4.99734,-3.02711,-2.40929,-5,-0.16376,0.0139041,0.00265503,0.164371,0.840842,0.214538,0.00783336,0.99488,0.333658,0
1781247073883085,30.4432,-3.17647,-2.3922,-4.99725,-3.00716,-2.40249,-5,-0.169308,0.0102952,0.00274658,0.169643,0.842427,0.224094,0.0071295,0.998655,0.345699,0
1781247073907085,30.4672,-3.15489,-2.38706,-4.99719,-2.96707,-2.38819,-5,-0.187821,0.00113034,0.00280762,0.187845,0.84555,0.238562,0.00564212,1.00612,0.369648,0
1781247073923085,30.4832,-3.13826,-2.38443,-4.99707,-2.94695,-2.38069,-5,-0.191315,-0.00374484,0.00292969,0.191374,0.849036,0.246599,0.00541339,1.00981,0.381551,0
1781247073947085,30.5072,-3.11349,-2.3801,-4.99692,-2.9267,-2.37293,-5,-0.186791,-0.0071702,0.00308228,0.186954,0.855111,0.259509,0.00646888,1.01348,0.393441,0
1781247073963085,30.5232,-3.09708,-2.37696,-4.9968,-2.9065,-2.36499,-5,-0.190587,-0.0119677,0.00320435,0.190989,0.859105,0.268413,0.00585758,1.01711,0.405227,0
1781247073987085,30.5472,-3.07262,-2.37183,-4.99667,-2.88613,-2.35677,-5,-0.186488,-0.0150566,0.00332642,0.187125,0.863076,0.282592,0.00529237,1.02073,0.417023,0
1781247074003085,30.5632,-3.05642,-2.36814,-4.99661,-2.88613,-2.35677,-5,-0.17029,-0.0113738,0.00338745,0.170703,0.865553,0.291568,0.00520992,1.02073,0.417023,0
1781247074027085,30.5872,-3.03226,-2.36227,-4.99658,-2.84519,-2.33963,-5,-0.187061,-0.0226338,0.00341797,0.188456,0.8703,0.304007,0.00416926,1.02789,0.440487,0
1781247074043085,30.6032,-3.01622,-2.35811,-4.99655,-2.84519,-2.33963,-5,-0.17103,-0.0184767,0.00344849,0.17206,0.87309,0.312533,0.00392159,1.02789,0.440487,0
1781247074067085,30.6272,-2.99228,-2.35152,-4.99652,-2.8038,-2.32148,-5,-0.188483,-0.0300353,0.003479,0.190893,0.878184,0.32571,0.00273943,1.03497,0.463872,0
1781247074083085,30.6432,-2.97636,-2.3469,-4.99655,-2.78308,-2.3121,-5,-0.193281,-0.0348005,0.00344849,0.196419,0.882195,0.334081,0.00286082,1.03846,0.475447,0
1781247074107085,30.6672,-2.95256,-2.33964,-4.99658,-2.78308,-2.3121,-5,-0.169482,-0.0275443,0.00341797,0.171739,0.885934,0.345792,0.00173714,1.03846,0.475447,0
1781247074123085,30.6832,-2.93675,-2.33458,-4.99658,-2.76231,-2.30249,-5,-0.174441,-0.0320904,0.00341797,0.177401,0.889418,0.355425,0.00256425,1.04192,0.486966,0
1781247074147085,30.7072,-2.91307,-2.32664,-4.99667,-2.7206,-2.2826,-5,-0.192475,-0.044039,0.00332642,0.197477,0.894524,0.368137,0.00287663,1.04876,0.509836,0
1781247074163085,30.7232,-2.89733,-2.32113,-4.9967,-2.69948,-2.27224,-5,-0.197842,-0.048893,0.0032959,0.203821,0.89709,0.376897,0.00288206,1.05216,0.521278,0
1781247074187085,30.7472,-2.87375,-2.31253,-4.9968,-2.67851,-2.26175,-5,-0.195239,-0.0507829,0.00320435,0.201761,0.901557,0.390104,0.00140645,1.05551,0.532559,0
1781247074203085,30.7632,-2.85807,-2.3066,-4.99686,-2.67851,-2.26175,-5,-0.179562,-0.0448496,0.00314331,0.185105,0.903041,0.398153,0.00121599,1.05551,0.532559,0
1781247074227085,30.7872,-2.83462,-2.29736,-4.99695,-2.63622,-2.24003,-5,-0.198405,-0.0573311,0.00305176,0.206545,0.905997,0.412629,0.00101687,1.06214,0.555035,0
1781247074243085,30.8032,-2.81903,-2.291,-4.99698,-2.61491,-2.2288,-5,-0.204119,-0.0621972,0.00302124,0.213407,0.908009,0.420137,0.000382683,1.06543,0.566223,0
1781247074267085,30.8272,-2.7957,-2.28115,-4.99707,-2.59358,-2.21737,-5,-0.202121,-0.0637798,0.00292969,0.211965,0.91104,0.434344,0.000708412,1.06868,0.577333,0
1781247074283085,30.8432,-2.78017,-2.27437,-4.99716,-2.57217,-2.20571,-5,-0.208001,-0.0686598,0.00283813,0.219059,0.913798,0.442043,-0.000185097,1.07191,0.588393,0
1781247074307085,30.8672,-2.7569,-2.26393,-4.99728,-2.55062,-2.19379,-5,-0.206284,-0.0701432,0.00271606,0.2179,0.916342,0.45373,0.00088046,1.07513,0.599434,0
1781247074323085,30.8832,-2.73955,-2.25783,-4.99734,-2.55062,-2.19379,-5,-0.188926,-0.0640383,0.00265503,0.199502,0.918834,0.462277,0.00109479,1.07513,0.599434,0
1781247074347085,30.9072,-2.71367,-2.24829,-4.99744,-2.50757,-2.16942,-5,-0.206102,-0.0788691,0.00256348,0.220692,0.923231,0.474582,0.000493139,1.08144,0.621208,0
1781247074363085,30.9232,-2.69653,-2.24168,-4.9975,-2.4858,-2.15683,-5,-0.210721,-0.0848496,0.00250244,0.227177,0.927667,0.482923,9.5173e-05,1.08457,0.632078,0
1781247074387085,30.9472,-2.67094,-2.2314,-4.99759,-2.4641,-2.14409,-5,-0.206836,-0.0873115,0.00241089,0.224522,0.931022,0.494581,0.000657847,1.08766,0.64282,0
1781247074403085,30.9632,-2.65396,-2.22432,-4.99765,-2.44242,-2.13119,-5,-0.21154,-0.0931296,0.00234985,0.231145,0.934182,0.503274,0.00151342,1.09072,0.653458,0
1781247074427085,30.9872,-2.62863,-2.21334,-4.99771,-2.44242,-2.13119,-5,-0.18621,-0.0821521,0.00228882,0.20354,0.935924,0.515253,-0.000261488,1.09072,0.653458,0
1781247074443225,31.0033,-2.61183,-2.2058,-4.9978,-2.42069,-2.11808,-5,-0.191144,-0.0877197,0.00219727,0.210322,0.938459,0.523192,-0.000207871,1.09374,0.664026,0
1781247074467225,31.0273,-2.58674,-2.19418,-4.99789,-2.37674,-2.09105,-5,-0.209998,-0.103129,0.00210571,0.233964,0.941954,0.533825,0.00060466,1.09975,0.685109,0
1781247074483225,31.0433,-2.57007,-2.18623,-4.99792,-2.37674,-2.09105,-5,-0.193325,-0.0951772,0.0020752,0.215494,0.944462,0.541444,0.00126547,1.09975,0.685109,0
1781247074507225,31.0673,-2.54514,-2.17398,-4.99799,-2.33261,-2.06322,-5,-0.212533,-0.110761,0.00201416,0.239671,0.948114,0.554426,0.00231483,1.10564,0.705893,0
1781247074523225,31.0833,-2.52858,-2.16559,-4.99802,-2.33261,-2.06322,-5,-0.19597,-0.102375,0.00198364,0.221108,0.95003,0.56257,0.00183492,1.10564,0.705893,0
1781247074547225,31.1073,-2.50383,-2.15271,-4.99802,-2.28833,-2.03461,-5,-0.2155,-0.118103,0.00198364,0.245748,0.951956,0.573484,0.00298322,1.11141,0.726356,0
1781247074563225,31.1233,-2.48738,-2.14393,-4.99802,-2.26608,-2.01998,-5,-0.221303,-0.123949,0.00198364,0.253658,0.953462,0.580758,0.00364397,1.11425,0.73649,0
1781247074587225,31.1473,-2.46278,-2.13049,-4.99799,-2.24377,-2.00515,-5,-0.219018,-0.125332,0.00201416,0.252351,0.956657,0.591502,0.00262366,1.11707,0.746552,0
1781247074603225,31.1633,-2.44642,-2.12134,-4.99796,-2.2214,-1.99012,-5,-0.225025,-0.131218,0.00204468,0.260497,0.958439,0.599519,0.00273244,1.11986,0.75654,0
1781247074619225,31.1793,-2.43009,-2.11204,-4.99792,-2.199,-1.97491,-5,-0.231092,-0.137122,0.0020752,0.26872,0.959513,0.607227,0.00326396,1.12262,0.766439,0
1781247074643225,31.2033,-2.40564,-2.0978,-4.99786,-2.17647,-1.95945,-5,-0.229171,-0.138344,0.00213623,0.267699,0.963132,0.61939,0.00471758,1.12536,0.776297,0
1781247074667225,31.2273,-2.38125,-2.0832,-4.9978,-2.17647,-1.95945,-5,-0.204779,-0.123749,0.00219727,0.239276,0.965357,0.631069,0.00478906,1.12536,0.776297,0
1781247074683225,31.2433,-2.36502,-2.07329,-4.99774,-2.15394,-1.94383,-5,-0.211081,-0.129463,0.0022583,0.247631,0.9671,0.638414,0.00483023,1.12807,0.786056,0
1781247074707225,31.2673,-2.34071,-2.05817,-4.99765,-2.10873,-1.91201,-5,-0.231983,-0.146157,0.00234985,0.274196,0.969448,0.64892,0.00450304,1.13339,0.805326,0
1781247074723225,31.2833,-2.32206,-2.04803,-4.99756,-2.08609,-1.89585,-5,-0.23597,-0.152172,0.00244141,0.280792,0.971876,0.655444,0.00321886,1.13601,0.814822,0
1781247074747225,31.3073,-2.29431,-2.03254,-4.9975,-2.06321,-1.87937,-5,-0.231097,-0.153171,0.00250244,0.277261,0.975816,0.668128,0.000834285,1.13862,0.824315,0
1781247074763225,31.3233,-2.27595,-2.022,-4.99747,-2.04038,-1.86276,-5,-0.235576,-0.159245,0.00253296,0.284361,0.977856,0.67707,0.00234983,1.14119,0.833686,0
1781247074787225,31.3473,-2.24863,-2.00592,-4.99738,-2.01754,-1.846,-5,-0.231089,-0.159922,0.00262451,0.281041,0.980418,0.688488,0.00190154,1.14372,0.842954,0
1781247074803225,31.3633,-2.23055,-1.99502,-4.99734,-1.99463,-1.82904,-5,-0.235921,-0.165984,0.00265503,0.288473,0.982188,0.695545,0.0026272,1.14623,0.852147,0
1781247074819225,31.3793,-2.21256,-1.98399,-4.99731,-1.97174,-1.81195,-5,-0.240813,-0.172033,0.00268555,0.295961,0.984679,0.703314,0.00303175,1.1487,0.861223,0
1781247074843225,31.4033,-2.18571,-1.96717,-4.99728,-1.94881,-1.79469,-5,-0.236904,-0.172481,0.00271606,0.293054,0.987914,0.714191,0.00271542,1.15114,0.870214,0
1781247074867225,31.4273,-2.15904,-1.95004,-4.99722,-1.92578,-1.77721,-5,-0.233256,-0.172835,0.0027771,0.290324,0.992157,0.726115,0.0029262,1.15356,0.879138,0
1781247074883225,31.4433,-2.14132,-1.93846,-4.99722,-1.90273,-1.75957,-5,-0.238591,-0.178896,0.0027771,0.298223,0.995526,0.732198,0.00276691,1.15595,0.887964,0
1781247074907225,31.4673,-2.11483,-1.92086,-4.99719,-1.87952,-1.74167,-5,-0.235315,-0.17919,0.00280762,0.295787,0.997568,0.742977,0.00244365,1.15832,0.896741,0
1781247074923225,31.4833,-2.09726,-1.90897,-4.99713,-1.85642,-1.72372,-5,-0.240849,-0.185247,0.00286865,0.303864,0.999719,0.750451,0.00111415,1.16065,0.905372,0
1781247074947225,31.5073,-2.07101,-1.89089,-4.9971,-1.83313,-1.70549,-5,-0.237882,-0.185402,0.00289917,0.301612,1.00181,0.760103,0.001485,1.16296,0.913964,0
1781247074963225,31.5233,-2.05358,-1.87868,-4.99707,-1.80987,-1.68714,-5,-0.243715,-0.191546,0.00292969,0.309993,1.00413,0.76749,0.00133938,1.16524,0.922438,0
1781247074987225,31.5473,-2.02751,-1.86011,-4.99704,-1.78655,-1.66861,-5,-0.240958,-0.191498,0.00296021,0.3078,1.0073,0.77932,0.0010127,1.16748,0.930823,0
1781247075003225,31.5633,-2.01018,-1.84758,-4.99704,-1.7632,-1.64993,-5,-0.246981,-0.197647,0.00296021,0.316343,1.00938,0.785698,0.000766893,1.1697,0.939113,0
1781247075019225,31.5793,-1.99289,-1.83494,-4.99704,-1.73984,-1.63111,-5,-0.253052,-0.203831,0.00296021,0.324948,1.01166,0.791585,0.00189598,1.17188,0.947297,0
1781247075043225,31.6033,-1.96699,-1.81575,-4.99698,-1.71634,-1.61205,-5,-0.250659,-0.2037,0.00302124,0.323006,1.0148,0.803222,0.00203454,1.17405,0.955419,0
1781247075067225,31.6273,-1.94118,-1.79629,-4.99692,-1.69269,-1.59274,-5,-0.248482,-0.203549,0.00308228,0.321224,1.01753,0.812152,0.00262982,1.17619,0.963479,0
1781247075083225,31.6433,-1.924,-1.78318,-4.99686,-1.66915,-1.5734,-5,-0.254849,-0.209786,0.00314331,0.330103,1.01888,0.819634,0.00217523,1.17829,0.971393,0
1781247075099225,31.6593,-1.90686,-1.76996,-4.9968,-1.64563,-1.55395,-5,-0.261228,-0.216009,0.00320435,0.338984,1.02061,0.825877,0.00362706,1.18036,0.979189,0
1781247075123225,31.6833,-1.87843,-1.7499,-4.99686,-1.622,-1.53428,-5,-0.256431,-0.215617,0.00314331,0.335048,1.0228,0.834466,0.00458194,1.1824,0.986912,0
1781247075147225,31.7073,-1.8489,-1.72962,-4.99701,-1.59832,-1.51446,-5,-0.250578,-0.215167,0.00299072,0.330295,1.02707,0.843935,0.00291109,1.18441,0.994538,0
1781247075163225,31.7233,-1.82938,-1.71596,-4.9971,-1.57456,-1.49445,-5,-0.254814,-0.221514,0.00289917,0.337649,1.0284,0.850188,0.0029614,1.1864,1.00208,0
1781247075187225,31.7473,-1.80034,-1.69528,-4.99725,-1.55087,-1.47438,-5,-0.249473,-0.220901,0.00274658,0.333229,1.03168,0.859764,0.0011964,1.18835,1.00948,0
1781247075203225,31.7633,-1.78113,-1.68136,-4.99734,-1.52719,-1.4542,-5,-0.253947,-0.227159,0.00265503,0.340731,1.03326,0.865775,0.0012005,1.19027,1.01677,0
1781247075227225,31.7873,-1.75254,-1.6603,-4.99747,-1.50338,-1.43381,-5,-0.249165,-0.226486,0.00253296,0.336728,1.03613,0.874838,0.000670809,1.19216,1.02399,0
1781247075243225,31.8033,-1.7336,-1.64613,-4.99756,-1.47953,-1.41327,-5,-0.254071,-0.232854,0.00244141,0.344643,1.03828,0.88175,0.000979365,1.19402,1.0311,0
1781247075267225,31.8273,-1.70537,-1.62466,-4.99771,-1.45561,-1.39257,-5,-0.249754,-0.232096,0.00228882,0.340956,1.03853,0.890293,0.001104,1.19586,1.03812,0
1781247075283225,31.8433,-1.6867,-1.61023,-4.9978,-1.4317,-1.37175,-5,-0.254998,-0.23848,0.00219727,0.349144,1.03887,0.896267,0.0010315,1.19766,1.04502,0
1781247075307225,31.8673,-1.65882,-1.58842,-4.99796,-1.40773,-1.35078,-5,-0.251095,-0.237638,0.00204468,0.345724,1.04294,0.904809,0.00200061,1.19943,1.05183,0
1781247075323225,31.8833,-1.64033,-1.57376,-4.99805,-1.38378,-1.32973,-5,-0.256551,-0.244029,0.00195312,0.35408,1.04402,0.91066,0.00136935,1.20118,1.05852,0
1781247075347225,31.9073,-1.61273,-1.55159,-4.99814,-1.35974,-1.30849,-5,-0.252994,-0.243098,0.00186157,0.350865,1.04663,0.919384,0.00203443,1.20289,1.06511,0
1781247075363225,31.9233,-1.59442,-1.53669,-4.9982,-1.33566,-1.28712,-5,-0.258759,-0.249568,0.00180054,0.359505,1.04775,0.925633,0.00197687,1.20458,1.0716,0
1781247075387225,31.9473,-1.56705,-1.51418,-4.99832,-1.31155,-1.26563,-5,-0.255502,-0.24855,0.00167847,0.356456,1.05031,0.932837,0.000222808,1.20623,1.07798,0
1781247075403225,31.9633,-1.54889,-1.49907,-4.99838,-1.2874,-1.24399,-5,-0.261494,-0.255075,0.00161743,0.365301,1.05032,0.938145,0.000437959,1.20785,1.08426,0
1781247075427225,31.9873,-1.52177,-1.47624,-4.9985,-1.26322,-1.22224,-5,-0.258546,-0.253999,0.00149536,0.362441,1.05228,0.947299,-0.000692932,1.20945,1.09043,0
1781247075443369,32.0035,-1.50376,-1.4609,-4.99857,-1.23906,-1.20041,-5,-0.264704,-0.260485,0.00143433,0.371379,1.0529,0.95364,-2.26122e-05,1.21101,1.09647,0
1781247075467369,32.0275,-1.47685,-1.4377,-4.99866,-1.21482,-1.17842,-5,-0.262027,-0.259274,0.00134277,0.368623,1.05437,0.961911,0.00110103,1.21254,1.10242,0
1781247075483369,32.0435,-1.45898,-1.42213,-4.99869,-1.19061,-1.15637,-5,-0.268361,-0.265765,0.00131226,0.377691,1.0553,0.966445,0.00200787,1.21404,1.10824,0
1781247075507369,32.0675,-1.43226,-1.39862,-4.99872,-1.16628,-1.13411,-5,-0.265984,-0.264514,0.00128174,0.375123,1.05509,0.975151,0.00214419,1.21552,1.11398,0
1781247075523369,32.0835,-1.41176,-1.38223,-4.99899,-1.14195,-1.11177,-5,-0.269809,-0.27046,0.00100708,0.38203,1.05591,0.981376,0.00269001,1.21696,1.11959,0
1781247075547369,32.1075,-1.38133,-1.35752,-4.99936,-1.11762,-1.08935,-5,-0.263708,-0.268177,0.000640869,0.376113,1.05809,0.989775,0.00360399,1.21837,1.12509,0
1781247075563369,32.1235,-1.36123,-1.34099,-4.99957,-1.09324,-1.06679,-5,-0.267992,-0.274203,0.000427246,0.383415,1.06024,0.994324,0.00282839,1.21975,1.13048,0
1781247075587369,32.1475,-1.33134,-1.31609,-4.99988,-1.06884,-1.04413,-5,-0.262497,-0.27196,0.00012207,0.377977,1.0626,1.00061,0.00273549,1.22111,1.13576,0
1781247075603369,32.1635,-1.31156,-1.29945,-5.00009,-1.0444,-1.02137,-5,-0.267159,-0.27808,-9.15527e-05,0.38562,1.06517,1.0047,0.00310912,1.22243,1.14092,0
1781247075627369,32.1875,-1.28209,-1.27439,-5.00037,-1.01999,-0.998541,-5,-0.262095,-0.275847,-0.000366211,0.380507,1.06961,1.0112,0.00237182,1.22371,1.14596,0
1781247075643369,32.2035,-1.26256,-1.25762,-5.00052,-0.995479,-0.975549,-5,-0.267077,-0.282067,-0.000518799,0.388448,1.07107,1.01528,0.00328551,1.22498,1.1509,0
1781247075667369,32.2275,-1.23345,-1.23237,-5.00073,-0.970969,-0.952484,-5,-0.262485,-0.27989,-0.000732422,0.383715,1.07347,1.02129,0.00522035,1.2262,1.15572,0
1781247075683369,32.2435,-1.21417,-1.21549,-5.00082,-0.946472,-0.92936,-5,-0.267694,-0.286131,-0.000823975,0.391831,1.07555,1.02483,0.00503604,1.2274,1.16042,0
1781247075707369,32.2675,-1.18541,-1.19006,-5.00098,-0.921912,-0.906106,-5,-0.263499,-0.283957,-0.000976562,0.387382,1.0766,1.03243,0.00704742,1.22857,1.16501,0
1781247075723369,32.2835,-1.16635,-1.17303,-5.00107,-0.897368,-0.882797,-5,-0.268982,-0.290233,-0.00106812,0.395712,1.07846,1.03699,0.00714589,1.2297,1.16947,0
1781247075747369,32.3075,-1.13793,-1.14741,-5.00116,-0.872719,-0.859322,-5,-0.265209,-0.288087,-0.00115967,0.391575,1.07893,1.04234,0.00644405,1.23081,1.17384,0
1781247075763369,32.3235,-1.11908,-1.13026,-5.00122,-0.848102,-0.835812,-5,-0.270976,-0.294447,-0.0012207,0.400161,1.0802,1.04657,0.00703352,1.23189,1.17807,0
1781247075787369,32.3475,-1.09092,-1.10445,-5.00131,-0.823453,-0.812209,-5,-0.267466,-0.292244,-0.00131226,0.396165,1.08316,1.05188,0.00703812,1.23293,1.18219,0
1781247075803369,32.3635,-1.07223,-1.0872,-5.00137,-0.798806,-0.788545,-5,-0.273423,-0.298653,-0.00137329,0.404914,1.08374,1.05535,0.00701494,1.23394,1.18619,0
1781247075827369,32.3875,-1.04433,-1.06122,-5.00143,-0.774139,-0.764804,-5,-0.270192,-0.296413,-0.00143433,0.401082,1.08405,1.06219,0.00550581,1.23493,1.19007,0
1781247075843369,32.4035,-1.02581,-1.04383,-5.0015,-0.749432,-0.740966,-5,-0.276375,-0.302861,-0.00149536,0.410013,1.08593,1.06583,0.00521478,1.23588,1.19384,0
1781247075867369,32.4275,-0.998121,-1.01767,-5.00156,-0.724738,-0.717084,-5,-0.273383,-0.300587,-0.0015564,0.406317,1.08727,1.07043,0.00529267,1.2368,1.19748,0
1781247075883369,32.4435,-0.979733,-1.00019,-5.00159,-0.700002,-0.693108,-5,-0.279731,-0.307081,-0.00158691,0.415392,1.08786,1.07348,0.0041272,1.23769,1.201,0
1781247075907369,32.4675,-0.952269,-0.973881,-5.00168,-0.675234,-0.669049,-5,-0.277034,-0.304832,-0.00167847,0.411914,1.08722,1.07972,0.00450564,1.23855,1.20441,0
1781247075923369,32.4835,-0.93248,-0.955622,-5.00168,-0.650367,-0.644842,-5,-0.282113,-0.31078,-0.00167847,0.419731,1.08718,1.08389,0.00428166,1.23938,1.2077,0
1781247075939369,32.4995,-0.911284,-0.936702,-5.00168,-0.62567,-0.620753,-5,-0.285613,-0.31595,-0.00167847,0.425913,1.08957,1.08744,0.00480883,1.24017,1.21085,0
1781247075963369,32.5235,-0.879808,-0.908379,-5.00168,-0.600831,-0.596477,-5,-0.278977,-0.311902,-0.00167847,0.418466,1.09092,1.09122,0.00510359,1.24094,1.2139,0
1781247075987369,32.5475,-0.848745,-0.880081,-5.00165,-0.576014,-0.572179,-5,-0.272731,-0.307902,-0.00164795,0.411325,1.09193,1.097,0.00424944,1.24168,1.21682,0
1781247076003369,32.5635,-0.828238,-0.861225,-5.00165,-0.551165,-0.547806,-5,-0.277073,-0.313419,-0.00164795,0.418334,1.09219,1.09913,0.00377795,1.24238,1.21962,0
1781247076027369,32.5875,-0.797756,-0.832957,-5.00165,-0.525983,-0.523065,-5,-0.271773,-0.309892,-0.00164795,0.412185,1.09451,1.10525,0.00491428,1.24306,1.22233,0
1781247076043369,32.6035,-0.777582,-0.814089,-5.00162,-0.501489,-0.49896,-5,-0.276093,-0.315129,-0.00161743,0.41897,1.09701,1.10875,0.00672212,1.2437,1.22485,0
1781247076067369,32.6275,-0.747528,-0.785797,-5.0015,-0.476598,-0.474428,-5,-0.270931,-0.311369,-0.00149536,0.412743,1.09838,1.11357,0.00764175,1.24431,1.22729,0
1781247076083369,32.6435,-0.727647,-0.766917,-5.0014,-0.451703,-0.449856,-5,-0.275944,-0.317061,-0.00140381,0.420327,1.09842,1.11662,0.00787088,1.24489,1.2296,0
1781247076107369,32.6675,-0.698035,-0.73861,-5.00122,-0.426789,-0.425232,-5,-0.271246,-0.313378,-0.0012207,0.414465,1.10002,1.11952,0.00953805,1.24544,1.23179,0
1781247076123369,32.6835,-0.678415,-0.719753,-5.0011,-0.401392,-0.400097,-5,-0.277023,-0.319656,-0.00109863,0.422993,1.10138,1.12206,0.00953753,1.24597,1.23389,0
1781247076147369,32.7075,-0.649169,-0.691434,-5.00085,-0.377018,-0.375945,-5,-0.272151,-0.315489,-0.000854492,0.416654,1.10255,1.12774,0.00993164,1.24644,1.23579,0
1781247076163369,32.7235,-0.629778,-0.672542,-5.00067,-0.352093,-0.351219,-5,-0.277685,-0.321323,-0.000671387,0.424686,1.10369,1.12975,0.0105083,1.2469,1.2376,0
1781247076187369,32.7475,-0.600883,-0.644194,-5.0004,-0.32711,-0.326409,-5,-0.273773,-0.317785,-0.000396729,0.419451,1.1029,1.1338,0.0101777,1.24732,1.2393,0
1781247076203369,32.7635,-0.581733,-0.62528,-5.00021,-0.302164,-0.301611,-5,-0.27957,-0.323669,-0.000213623,0.427692,1.10321,1.13635,0.0101631,1.24772,1.24087,0
1781247076227369,32.7875,-0.553163,-0.596894,-4.99994,-0.277252,-0.276826,-5,-0.27591,-0.320068,6.10352e-05,0.422575,1.10423,1.13968,0.0095243,1.24808,1.24231,0
1781247076243369,32.8035,-0.534205,-0.57797,-4.99976,-0.252288,-0.251967,-5,-0.281917,-0.326003,0.000244141,0.430994,1.10449,1.14176,0.00972202,1.24841,1.24364,0
1781247076267369,32.8275,-0.505912,-0.549577,-4.99948,-0.227301,-0.227066,-5,-0.278612,-0.322512,0.000518799,0.426191,1.10396,1.14403,0.00981017,1.24871,1.24483,0
1781247076283369,32.8435,-0.487144,-0.530655,-4.9993,-0.202328,-0.202162,-5,-0.284817,-0.328493,0.000701904,0.434774,1.10394,1.14465,0.0102436,1.24898,1.24591,0
1781247076299369,32.8595,-0.468441,-0.511752,-4.99911,-0.177352,-0.17724,-5,-0.291089,-0.334512,0.00088501,0.443432,1.10493,1.14549,0.00934666,1.24921,1.24685,0
1781247076323369,32.8835,-0.437568,-0.482036,-4.99893,-0.152412,-0.152341,-5,-0.285157,-0.329695,0.00106812,0.435907,1.10876,1.14735,0.00710766,1.24942,1.24768,0
1781247076339369,32.8995,-0.416202,-0.461828,-4.99884,-0.127379,-0.127338,-5,-0.288823,-0.334491,0.00115967,0.441932,1.11035,1.14917,0.00743202,1.24959,1.24838,0
1781247076363369,32.9235,-0.384465,-0.431634,-4.99875,-0.102428,-0.102407,-5,-0.282037,-0.329227,0.00125122,0.433516,1.11226,1.15103,0.00565952,1.24974,1.24895,0
1781247076387369,32.9475,-0.353102,-0.40159,-4.99866,-0.0774276,-0.0774184,-5,-0.275674,-0.324171,0.00134277,0.425541,1.11416,1.15173,0.00515152,1.24985,1.2494,0
1781247076403369,32.9635,-0.332372,-0.381641,-4.9986,-0.0524265,-0.0524236,-5,-0.279946,-0.329217,0.00140381,0.432152,1.1152,1.15235,0.00556468,1.24993,1.24973,0
1781247076427369,32.9875,-0.301541,-0.351816,-4.99854,-0.0274683,-0.0274679,-5,-0.274073,-0.324348,0.00146484,0.42464,1.11563,1.15446,0.00469514,1.24998,1.24992,0
1781247076443369,33.0035,-0.281153,-0.331979,-4.99847,-0.00247835,-0.00247835,-5,-0.278675,-0.329501,0.00152588,0.431547,1.1169,1.15545,0.00335525,1.25,1.25,0
1781247076467513,33.0276,-0.250812,-0.302325,-4.99844,0.0225045,0.0225042,-5,-0.273317,-0.324829,0.0015564,0.424521,1.11779,1.1564,0.00351934,1.24999,1.24995,0
1781247076483513,33.0436,-0.230724,-0.282619,-4.99838,0.047501,0.0474988,-5,-0.278225,-0.330117,0.00161743,0.431729,1.11851,1.15657,0.00357277,1.24994,1.24977,0
1781247076507513,33.0676,-0.200813,-0.253158,-4.99832,0.0725059,0.0724982,-5,-0.273319,-0.325656,0.00167847,0.425156,1.11844,1.15585,0.00504815,1.24987,1.24947,0
1781247076523513,33.0836,-0.181016,-0.233587,-4.99823,0.0976041,0.0975855,-5,-0.27862,-0.331172,0.00177002,0.43279,1.11836,1.15678,0.004768,1.24976,1.24905,0
1781247076547513,33.1076,-0.151507,-0.2043,-4.99814,0.122495,0.122459,-5,-0.274002,-0.326758,0.00186157,0.426441,1.11909,1.15685,0.00495426,1.24962,1.2485,0
1781247076563513,33.1236,-0.131965,-0.18483,-4.99805,0.147504,0.14744,-5,-0.279469,-0.33227,0.00195312,0.434178,1.11794,1.15694,0.00576739,1.24946,1.24782,0
1781247076587513,33.1476,-0.102843,-0.15572,-4.99792,0.172566,0.172463,-5,-0.275409,-0.328183,0.0020752,0.428438,1.11867,1.15616,0.00631873,1.24926,1.24702,0
1781247076603513,33.1636,-0.0835309,-0.136367,-4.9978,0.197459,0.197305,-5,-0.28099,-0.333672,0.00219727,0.43623,1.11895,1.15609,0.00622348,1.24902,1.2461,0
1781247076627513,33.1876,-0.0547139,-0.107425,-4.99768,0.222446,0.222226,-5,-0.27716,-0.329651,0.00231934,0.430689,1.11855,1.15564,0.00429878,1.24876,1.24505,0
1781247076643513,33.2036,-0.035625,-0.0881806,-4.99759,0.247461,0.247158,-5,-0.283086,-0.335339,0.00241089,0.438857,1.11709,1.15529,0.00431329,1.24847,1.24388,0
1781247076667513,33.2276,-0.00717334,-0.0593935,-4.9975,0.272321,0.271917,-5,-0.279494,-0.33131,0.00250244,0.433462,1.11504,1.15434,0.00545664,1.24814,1.24258,0
1781247076683513,33.2436,0.0116748,-0.0402628,-4.99741,0.297498,0.296971,-5,-0.285823,-0.337234,0.00259399,0.442073,1.11441,1.1535,0.00508595,1.24779,1.24115,0
1781247076707513,33.2676,0.0398425,-0.0116383,-4.99728,0.322326,0.321656,-5,-0.282484,-0.333294,0.00271606,0.436909,1.11374,1.15271,0.00514676,1.2474,1.23961,0
1781247076723513,33.2836,0.0618455,0.00995386,-4.99722,0.347201,0.346363,-5,-0.285356,-0.336409,0.0027771,0.441143,1.11492,1.15371,0.00554192,1.24698,1.23795,0
1781247076747513,33.3076,0.0944655,0.0420862,-4.99713,0.372176,0.371144,-5,-0.27771,-0.329057,0.00286865,0.430593,1.1163,1.15412,0.00662074,1.24653,1.23615,0
1781247076763513,33.3236,0.115961,0.0633259,-4.99704,0.397083,0.395828,-5,-0.281121,-0.332503,0.00296021,0.435426,1.11641,1.15406,0.00582826,1.24605,1.23423,0
1781247076787513,33.3476,0.147851,0.0949193,-4.99689,0.422073,0.420567,-5,-0.274222,-0.325648,0.00311279,0.425739,1.11717,1.15274,0.00706343,1.24554,1.23219,0
1781247076803513,33.3636,0.168886,0.115804,-4.9968,0.446967,0.445177,-5,-0.278081,-0.329374,0.00320435,0.431076,1.11678,1.1515,0.00726649,1.245,1.23002,0
1781247076827513,33.3876,0.200121,0.146903,-4.99661,0.471861,0.469755,-5,-0.27174,-0.322852,0.00338745,0.422004,1.11738,1.15175,0.00700803,1.24442,1.22773,0
1781247076843513,33.4036,0.220758,0.167498,-4.99652,0.496865,0.494405,-5,-0.276106,-0.326907,0.003479,0.42792,1.11729,1.15146,0.0068203,1.24381,1.22531,0
1781247076867513,33.4276,0.251415,0.198193,-4.99637,0.52159,0.518744,-5,-0.270175,-0.320551,0.00363159,0.419238,1.11688,1.15099,0.00615369,1.24318,1.22279,0
1781247076883513,33.4436,0.271679,0.218535,-4.99625,0.546502,0.543228,-5,-0.274823,-0.324693,0.00375366,0.425403,1.11613,1.15112,0.00540681,1.24251,1.22013,0
1781247076907513,33.4676,0.301801,0.24888,-4.99615,0.571288,0.567547,-5,-0.269487,-0.318667,0.00384521,0.417356,1.11457,1.15069,0.00525279,1.24181,1.21736,0
1781247076923513,33.4836,0.321708,0.268996,-4.99609,0.596224,0.59197,-5,-0.274516,-0.322974,0.00390625,0.423894,1.11367,1.15037,0.00482278,1.24108,1.21445,0
1781247076947513,33.5076,0.351311,0.298987,-4.99603,0.620938,0.616132,-5,-0.269627,-0.317144,0.00396729,0.416287,1.11151,1.14812,0.00299635,1.24032,1.21144,0
1781247076963513,33.5236,0.370886,0.318848,-4.99597,0.645757,0.640349,-5,-0.274872,-0.321501,0.00402832,0.423005,1.11118,1.14599,0.00466795,1.23953,1.2083,0
1781247076987513,33.5476,0.400039,0.348461,-4.99588,0.670517,0.664461,-5,-0.270478,-0.316,0.00411987,0.415971,1.10969,1.1435,0.00422253,1.23871,1.20504,0
1781247077003513,33.5636,0.419334,0.36808,-4.99585,0.695386,0.688628,-5,-0.276052,-0.320548,0.00415039,0.423052,1.10936,1.14147,0.00436797,1.23785,1.20164,0
1781247077027513,33.5876,0.448109,0.397321,-4.99579,0.719941,0.712439,-5,-0.271833,-0.315118,0.00421143,0.416185,1.10972,1.13831,0.00381032,1.23697,1.19817,0
1781247077043513,33.6036,0.467176,0.416701,-4.99573,0.744711,0.736404,-5,-0.277535,-0.319703,0.00427246,0.423384,1.10877,1.1365,0.0039529,1.23606,1.19454,0
1781247077067513,33.6276,0.495578,0.445589,-4.99561,0.769395,0.760231,-5,-0.273817,-0.314642,0.00439453,0.417127,1.10649,1.13231,0.00328034,1.23511,1.1908,0
1781247077083513,33.6436,0.514385,0.464728,-4.99557,0.794089,0.78401,-5,-0.279704,-0.319282,0.00442505,0.424494,1.10495,1.1305,0.00259759,1.23413,1.18694,0
1781247077107513,33.6676,0.542432,0.493277,-4.99551,0.818781,0.807728,-5,-0.276348,-0.31445,0.00448608,0.41865,1.10477,1.12612,0.00205362,1.23313,1.18296,0
1781247077123513,33.6836,0.56463,0.514703,-4.99548,0.843376,0.831292,-5,-0.278746,-0.316589,0.0045166,0.42184,1.10469,1.12343,0.00209412,1.23209,1.17887,0
1781247077147513,33.7076,0.597472,0.546481,-4.99545,0.868052,0.85487,-5,-0.27058,-0.308389,0.00454712,0.41029,1.10464,1.1218,0.00231864,1.23102,1.17465,0
1781247077163513,33.7236,0.619079,0.567433,-4.99542,0.89263,0.87829,-5,-0.273551,-0.310858,0.00457764,0.414106,1.105,1.1199,0.00230522,1.22992,1.17032,0
1781247077187513,33.7476,0.65111,0.598548,-4.99533,0.91708,0.901523,-5,-0.265971,-0.302975,0.00466919,0.403182,1.10538,1.11806,0.00397472,1.22879,1.1659,0
1781247077203513,33.7636,0.672232,0.619095,-4.99527,0.941628,0.924779,-5,-0.269396,-0.305684,0.00473022,0.407479,1.10576,1.1164,0.00409846,1.22763,1.16133,0
1781247077227513,33.7876,0.703536,0.649613,-4.99518,0.966256,0.948041,-5,-0.262719,-0.298428,0.00482178,0.397623,1.10325,1.11344,0.00430908,1.22644,1.15664,0
1781247077243513,33.8036,0.724168,0.669766,-4.99509,0.990793,0.971145,-5,-0.266624,-0.301379,0.00491333,0.40242,1.10279,1.111,0.00488095,1.22521,1.15183,0
1781247077267513,33.8276,0.754812,0.699709,-4.99496,1.01533,0.994172,-5,-0.260514,-0.294463,0.0050354,0.393193,1.10201,1.1071,0.00656103,1.22396,1.14691,0
1781247077283513,33.8436,0.775037,0.719487,-4.99484,1.03975,1.01702,-5,-0.264718,-0.297538,0.00515747,0.398285,1.10159,1.10481,0.00727217,1.22267,1.14189,0
1781247077307513,33.8676,0.805094,0.748871,-4.99466,1.06409,1.03971,-5,-0.258996,-0.290843,0.00534058,0.389483,1.10054,1.09895,0.00888654,1.22136,1.13677,0
1781247077323513,33.8836,0.824952,0.768277,-4.99451,1.08845,1.06235,-5,-0.263499,-0.29407,0.00549316,0.394892,1.10034,1.0966,0.00923925,1.22002,1.13153,0
1781247077347513,33.9076,0.854505,0.797121,-4.99417,1.11287,1.08496,-5,-0.258365,-0.287834,0.00582886,0.386827,1.10003,1.0907,0.00976128,1.21864,1.12615,0
1781247077363513,33.9236,0.874046,0.816169,-4.99396,1.13722,1.10742,-5,-0.263177,-0.291249,0.00604248,0.392586,1.09947,1.08724,0.0100697,1.21724,1.12067,0
1781247077387513,33.9476,0.903132,0.844484,-4.99362,1.16166,1.12987,-5,-0.258525,-0.285386,0.00637817,0.385125,1.0993,1.08165,0.0102998,1.2158,1.11506,0
1781247077403513,33.9636,0.922394,0.863174,-4.99344,1.18596,1.15211,-5,-0.263562,-0.288938,0.00656128,0.391143,1.09935,1.07605,0.00982895,1.21433,1.10935,0
1781247077427513,33.9876,0.95108,0.890939,-4.99316,1.21017,1.17418,-5,-0.259085,-0.283245,0.00683594,0.383927,1.09769,1.07025,0.00947661,1.21284,1.10355,0
1781247077443513,34.0036,0.970054,0.909283,-4.99295,1.23443,1.19621,-5,-0.264371,-0.286931,0.00704956,0.39022,1.09534,1.06598,0.0102527,1.21131,1.09762,0
1781247077467513,34.0276,0.998297,0.936568,-4.99261,1.25862,1.21809,-5,-0.260326,-0.281526,0.00738525,0.383512,1.09401,1.06088,0.00981009,1.20975,1.09159,0
1781247077483660,34.0438,1.01698,0.954601,-4.99243,1.28273,1.2398,-5,-0.265752,-0.285202,0.00756836,0.389899,1.09115,1.05616,0.00910744,1.20816,1.08546,0
1781247077507660,34.0678,1.0448,0.981401,-4.9921,1.30693,1.2615,-5,-0.262134,-0.280095,0.00790405,0.383706,1.08939,1.04902,0.00950091,1.20654,1.07919,0
1781247077523660,34.0838,1.06604,1.00165,-4.99197,1.33101,1.28298,-5,-0.264973,-0.281329,0.00802612,0.38655,1.08829,1.04574,0.00870489,1.2049,1.07284,0
1781247077547660,34.1078,1.09748,1.03159,-4.99182,1.35519,1.30447,-5,-0.257711,-0.272876,0.00817871,0.375424,1.08724,1.03881,0.00888055,1.20321,1.06634,0
1781247077563660,34.1238,1.11819,1.05124,-4.9917,1.37924,1.32573,-5,-0.261049,-0.274482,0.00830078,0.378888,1.08688,1.03347,0.0081074,1.2015,1.05977,0
1781247077587660,34.1478,1.14888,1.08029,-4.99155,1.40315,1.34677,-5,-0.254275,-0.266477,0.00845337,0.368425,1.0849,1.02736,0.00770332,1.19977,1.05312,0
1781247077603660,34.1638,1.1691,1.0994,-4.99142,1.42717,1.36779,-5,-0.258069,-0.268399,0.00857544,0.37244,1.0838,1.02297,0.00790727,1.198,1.04632,0
1781247077627660,34.1878,1.19911,1.12769,-4.99124,1.45109,1.38864,-5,-0.251985,-0.260952,0.00875854,0.362862,1.08208,1.01751,0.00772438,1.1962,1.03943,0
1781247077643660,34.2038,1.2189,1.14632,-4.99112,1.47498,1.40934,-5,-0.256085,-0.263025,0.00888062,0.367206,1.08055,1.01371,0.00693994,1.19437,1.03244,0
1781247077667660,34.2278,1.24829,1.17389,-4.99094,1.49884,1.42991,-5,-0.250551,-0.256023,0.00906372,0.358338,1.07907,1.00521,0.00655312,1.19252,1.02535,0
1781247077683660,34.2438,1.2677,1.19205,-4.99081,1.52267,1.45035,-5,-0.254971,-0.258294,0.00918579,0.363057,1.07853,1.00168,0.00638696,1.19063,1.01815,0
1781247077707660,34.2678,1.29656,1.21898,-4.9906,1.54647,1.47064,-5,-0.24991,-0.251659,0.00939941,0.354789,1.07601,0.99549,0.00587136,1.18871,1.01084,0
1781247077723660,34.2838,1.31561,1.23671,-4.99048,1.57039,1.49093,-5,-0.25478,-0.254217,0.00952148,0.360042,1.07403,0.989318,0.00646966,1.18675,1.00339,0
1781247077747660,34.3078,1.34393,1.26295,-4.9903,1.59391,1.51075,-5,-0.249978,-0.247805,0.00970459,0.352123,1.07071,0.979977,0.00760425,1.18479,0.995945,0
1781247077763660,34.3238,1.36265,1.28021,-4.99014,1.61759,1.5306,-5,-0.254947,-0.250392,0.00985718,0.357479,1.06946,0.973864,0.00739857,1.18278,0.988339,0
1781247077787660,34.3478,1.39048,1.30575,-4.98996,1.64122,1.55028,-5,-0.250734,-0.244535,0.0100403,0.350379,1.06593,0.964277,0.00611217,1.18074,0.980641,0
1781247077803660,34.3638,1.40888,1.32254,-4.98984,1.66482,1.56982,-5,-0.255941,-0.247287,0.0101624,0.356033,1.06478,0.956672,0.00511254,1.17867,0.972838,0
1781247077827660,34.3878,1.43627,1.34738,-4.98972,1.68833,1.58917,-5,-0.25206,-0.241788,0.0102844,0.34943,1.06319,0.947171,0.00506942,1.17658,0.964955,0
1781247077843660,34.4038,1.45439,1.36372,-4.98959,1.71186,1.6084,-5,-0.257463,-0.244676,0.0104065,0.355334,1.06177,0.941107,0.00559875,1.17446,0.956954,0
1781247077867660,34.4278,1.48141,1.38794,-4.98947,1.73532,1.62746,-5,-0.253914,-0.239519,0.0105286,0.349217,1.05954,0.931321,0.00387391,1.1723,0.948866,0
1781247077883660,34.4438,1.49928,1.40388,-4.98941,1.75874,1.64635,-5,-0.259466,-0.242469,0.0105896,0.355283,1.05664,0.926185,0.00358779,1.17012,0.940682,0
1781247077907660,34.4678,1.52589,1.42749,-4.98932,1.78214,1.66509,-5,-0.256251,-0.237601,0.0106812,0.349618,1.05383,0.915146,0.00297706,1.1679,0.932398,0
1781247077923660,34.4838,1.54582,1.44531,-4.98914,1.8054,1.6836,-5,-0.259583,-0.238295,0.0108643,0.352542,1.05271,0.910126,0.0024689,1.16567,0.924052,0
1781247077947660,34.5078,1.57535,1.47155,-4.98889,1.82875,1.70204,-5,-0.253402,-0.230494,0.0111084,0.342729,1.05017,0.900977,0.00161578,1.16339,0.915567,0
1781247077963660,34.5238,1.59479,1.48873,-4.98877,1.85198,1.72026,-5,-0.257196,-0.231531,0.0112305,0.346241,1.0484,0.894603,0.00116446,1.16109,0.907016,0
1781247077987660,34.5478,1.62363,1.51403,-4.98859,1.87509,1.73824,-5,-0.251458,-0.224205,0.0114136,0.337089,1.04751,0.885557,0.000629027,1.15877,0.898405,0
1781247078003660,34.5638,1.64267,1.53063,-4.98846,1.89821,1.7561,-5,-0.255546,-0.225474,0.0115356,0.340991,1.04592,0.87964,0.00106912,1.15642,0.889679,0
1781247078027660,34.5878,1.67092,1.55509,-4.98831,1.9214,1.77387,-5,-0.250479,-0.218781,0.0116882,0.332778,1.0436,0.870383,0.00128936,1.15402,0.880823,0
1781247078043660,34.6038,1.68957,1.57113,-4.98822,1.94444,1.79138,-5,-0.254868,-0.220251,0.0117798,0.337056,1.04234,0.864571,0.000790896,1.15161,0.871916,0
1781247078067660,34.6278,1.71729,1.5948,-4.98813,1.96738,1.80868,-5,-0.250089,-0.21388,0.0118713,0.329287,1.04003,0.855358,-0.00100933,1.14917,0.862943,0
1781247078083660,34.6438,1.7356,1.61033,-4.9881,1.99031,1.82583,-5,-0.254713,-0.2155,0.0119019,0.333857,1.03837,0.848481,-0.000484743,1.1467,0.853865,0
1781247078107660,34.6678,1.76283,1.63325,-4.98801,2.01322,1.84282,-5,-0.250391,-0.20956,0.0119934,0.326734,1.03643,0.839304,-0.000247525,1.1442,0.844694,0
1781247078123660,34.6838,1.78083,1.6483,-4.98798,2.03617,1.85968,-5,-0.25534,-0.211384,0.0120239,0.331702,1.03348,0.831759,-0.00113405,1.14166,0.835402,0
1781247078147660,34.7078,1.80758,1.67046,-4.98798,2.05886,1.87621,-5,-0.251274,-0.205753,0.0120239,0.324988,1.03033,0.820812,-0.00271522,1.13911,0.826112,0
1781247078163660,34.7238,1.82527,1.68498,-4.98804,2.08175,1.89274,-5,-0.256487,-0.207756,0.0119629,0.33029,1.02838,0.813477,-0.00375846,1.13651,0.81663,0
1781247078187660,34.7478,1.85159,1.70641,-4.98813,2.10446,1.90898,-5,-0.252867,-0.202569,0.0118713,0.324217,1.02549,0.803077,-0.00476508,1.13389,0.807125,0
1781247078203660,34.7638,1.86901,1.72047,-4.98822,2.12711,1.92502,-5,-0.258097,-0.204554,0.0117798,0.329538,1.02459,0.796362,-0.00492229,1.13124,0.797541,0
1781247078227660,34.7878,1.89495,1.74121,-4.9884,2.14964,1.94083,-5,-0.254686,-0.199619,0.0115967,0.323801,1.02064,0.784582,-0.00510074,1.12858,0.787907,0
1781247078243660,34.8038,1.91211,1.75479,-4.98849,2.17218,1.95649,-5,-0.26007,-0.201694,0.0115051,0.329316,1.0193,0.777016,-0.00521437,1.12588,0.778164,0
1781247078267660,34.8278,1.93769,1.77485,-4.98868,2.19477,1.97202,-5,-0.257082,-0.197167,0.011322,0.324183,1.01592,0.767284,-0.00463781,1.12314,0.768299,0
1781247078283660,34.8438,1.95462,1.78801,-4.98877,2.2172,1.98729,-5,-0.26258,-0.199275,0.0112305,0.329825,1.01503,0.759758,-0.00481315,1.12038,0.758401,0
1781247078307660,34.8678,1.97984,1.80741,-4.98895,2.23947,2.00228,-5,-0.259635,-0.194866,0.0110474,0.324815,1.00948,0.748058,-0.00574351,1.11761,0.748477,0
1781247078323660,34.8838,1.99905,1.82175,-4.98911,2.26176,2.01713,-5,-0.262713,-0.195374,0.0108948,0.327579,1.00909,0.740513,-0.00547151,1.1148,0.738443,0
1781247078347660,34.9078,2.02753,1.84282,-4.98935,2.28405,2.03181,-5,-0.256521,-0.188986,0.0106506,0.318798,1.0083,0.73083,-0.00577816,1.11196,0.728312,0
1781247078363660,34.9238,2.04629,1.85658,-4.9895,2.30627,2.04628,-5,-0.259982,-0.189695,0.010498,0.322002,1.00653,0.723848,-0.0062504,1.10909,0.718113,0
1781247078387660,34.9478,2.07409,1.87678,-4.98975,2.32842,2.06054,-5,-0.254323,-0.183757,0.0102539,0.31393,1.00475,0.71151,-0.00549189,1.10619,0.707848,0
1781247078403660,34.9638,2.09244,1.88997,-4.98987,2.35041,2.07453,-5,-0.257976,-0.184562,0.0101318,0.31736,1.00403,0.705016,-0.00492452,1.10328,0.697555,0
1781247078427660,34.9878,2.11971,1.90935,-4.99005,2.37245,2.08837,-5,-0.252736,-0.179025,0.00994873,0.309878,1.00364,0.693446,-0.00643743,1.10033,0.687149,0
1781247078443660,35.0038,2.13772,1.922,-4.99023,2.3945,2.10206,-5,-0.256776,-0.180063,0.00976562,0.31377,1.00282,0.684918,-0.00738434,1.09734,0.676637,0
1781247078467660,35.0278,2.16449,1.94056,-4.99045,2.41632,2.11543,-5,-0.251834,-0.174872,0.009552,0.306744,1.00049,0.67342,-0.00657294,1.09434,0.666138,0
1781247078483817,35.0439,2.18218,1.95268,-4.9906,2.4382,2.12866,-5,-0.256024,-0.175973,0.00939941,0.31081,0.999333,0.66568,-0.00586462,1.09131,0.655518,0
1781247078507817,35.0679,2.20845,1.97048,-4.99081,2.46004,2.14169,-5,-0.251592,-0.171211,0.00918579,0.304461,0.995647,0.65328,-0.00532999,1.08824,0.644818,0
1781247078523817,35.0839,2.2258,1.98209,-4.991,2.4817,2.15443,-5,-0.255902,-0.172346,0.00900269,0.308658,0.992578,0.645061,-0.00509395,1.08516,0.634118,0
1781247078547817,35.1079,2.25157,1.99915,-4.99124,2.50339,2.16702,-5,-0.251818,-0.167866,0.00875854,0.302767,0.990158,0.633893,-0.00617584,1.08204,0.623303,0
1781247078563817,35.1239,2.26861,2.0103,-4.99139,2.5251,2.17943,-5,-0.256488,-0.169137,0.00860596,0.307356,0.987565,0.625179,-0.00545434,1.07888,0.612387,0
1781247078587817,35.1479,2.29395,2.02662,-4.99164,2.54662,2.19156,-5,-0.252678,-0.164942,0.00836182,0.301864,0.984233,0.611197,-0.00573553,1.07572,0.601471,0
1781247078603817,35.1639,2.3107,2.03725,-4.99182,2.568,2.20342,-5,-0.257301,-0.166175,0.00817871,0.306406,0.982006,0.602482,-0.00660488,1.07254,0.590536,0
1781247078627817,35.1879,2.33561,2.05284,-4.9921,2.5894,2.21511,-5,-0.253783,-0.162269,0.00790405,0.30133,0.977352,0.58949,-0.00723074,1.06932,0.579502,0
1781247078643817,35.2039,2.35208,2.063,-4.99228,2.61077,2.2266,-5,-0.258694,-0.163599,0.00772095,0.306181,0.97475,0.58189,-0.00708161,1.06606,0.568388,0
1781247078667817,35.2279,2.37657,2.07792,-4.99255,2.63205,2.23785,-5,-0.255482,-0.159935,0.00744629,0.301506,0.971351,0.569615,-0.00731671,1.06279,0.557229,0
1781247078683817,35.2439,2.39279,2.08763,-4.99274,2.65327,2.24888,-5,-0.260479,-0.161254,0.00726318,0.306439,0.967963,0.561007,-0.00682841,1.05949,0.546016,0
1781247078707817,35.2679,2.41691,2.10185,-4.99301,2.6744,2.25968,-5,-0.257489,-0.157824,0.00698853,0.302089,0.963324,0.547688,-0.00654257,1.05616,0.534758,0
1781247078723817,35.2839,2.43451,2.11222,-4.99319,2.69548,2.27025,-5,-0.260971,-0.158036,0.00680542,0.305168,0.960636,0.53913,-0.00659953,1.0528,0.523437,0
1781247078739817,35.2999,2.45195,2.12236,-4.99338,2.7165,2.28061,-5,-0.264551,-0.158252,0.00662231,0.308342,0.960192,0.530647,-0.00726871,1.04942,0.512062,0
1781247078763817,35.3239,2.47785,2.13715,-4.99368,2.73745,2.29073,-5,-0.259598,-0.153583,0.00631714,0.301693,0.958618,0.518368,-0.00650588,1.04602,0.500637,0
1781247078779817,35.3399,2.49493,2.14675,-4.99384,2.75833,2.30063,-5,-0.263399,-0.15388,0.00616455,0.305116,0.955996,0.510457,-0.00524721,1.04258,0.489161,0
1781247078803817,35.3639,2.52028,2.16074,-4.99408,2.77914,2.31029,-5,-0.258864,-0.149549,0.00592041,0.299016,0.952242,0.497287,-0.00424339,1.03912,0.477638,0
1781247078827817,35.3879,2.54532,2.17426,-4.99429,2.79988,2.31972,-5,-0.254551,-0.14546,0.00570679,0.293236,0.949241,0.484095,-0.00435321,1.03564,0.46607,0
1781247078843817,35.4039,2.56185,2.18303,-4.99445,2.82057,2.32893,-5,-0.258719,-0.145909,0.0055542,0.297078,0.945951,0.475122,-0.00375676,1.03212,0.454441,0
1781247078867817,35.4279,2.58639,2.19577,-4.99463,2.84117,2.3379,-5,-0.25478,-0.142137,0.00537109,0.291795,0.942702,0.461009,-0.00372643,1.02858,0.442777,0
1781247078883817,35.4439,2.6026,2.20401,-4.99472,2.8617,2.34664,-5,-0.259097,-0.142633,0.00527954,0.29581,0.940154,0.45242,-0.0035446,1.02502,0.431068,0
1781247078907817,35.4679,2.62669,2.21602,-4.9949,2.88215,2.35514,-5,-0.255459,-0.13912,0.00509644,0.290929,0.936022,0.440012,-0.00483893,1.02143,0.419319,0
1781247078923817,35.4839,2.64262,2.2238,-4.99503,2.90252,2.3634,-5,-0.259904,-0.139604,0.00497437,0.295067,0.934089,0.431661,-0.005825,1.01782,0.407535,0
1781247078947817,35.5079,2.66631,2.2351,-4.99521,2.92286,2.37144,-5,-0.25655,-0.136339,0.00479126,0.290567,0.930656,0.418482,-0.00489841,1.01418,0.395687,0
1781247078963817,35.5239,2.68199,2.24241,-4.9953,2.9431,2.37923,-5,-0.261117,-0.136822,0.00469971,0.294829,0.928972,0.411285,-0.00389715,1.01051,0.383815,0
1781247078987817,35.5479,2.70533,2.25305,-4.99542,2.96327,2.38679,-5,-0.257939,-0.13374,0.00457764,0.290586,0.926857,0.397639,-0.00188446,1.00682,0.371902,0
1781247079003817,35.5639,2.72079,2.2599,-4.99542,2.98336,2.3941,-5,-0.262572,-0.134199,0.00457764,0.294914,0.924169,0.389022,-0.001046,1.00311,0.359958,0
1781247079027817,35.5879,2.74381,2.26984,-4.99542,3.00336,2.40117,-5,-0.259548,-0.131329,0.00457764,0.290918,0.921206,0.375202,0.000978928,0.99937,0.347983,0
1781247079043817,35.6039,2.75906,2.27625,-4.99542,3.02328,2.408,-5,-0.264222,-0.131755,0.00457764,0.295285,0.919169,0.36603,0.000701018,0.995608,0.335977,0
1781247079067817,35.6279,2.78176,2.28552,-4.99533,3.04317,2.41461,-5,-0.261405,-0.129088,0.00466919,0.291579,0.91399,0.352103,0.00239871,0.991814,0.323913,0
1781247079083817,35.6439,2.79678,2.29146,-4.99524,3.06297,2.42096,-5,-0.266194,-0.129503,0.00476074,0.296062,0.911891,0.34235,0.00335327,0.987997,0.311821,0
1781247079107817,35.6679,2.81915,2.30004,-4.99506,3.08268,2.42708,-5,-0.263533,-0.127042,0.00494385,0.292599,0.907491,0.328702,0.00348396,0.984157,0.299705,0
1781247079123817,35.6839,2.83582,2.3066,-4.995,3.10233,2.43295,-5,-0.266505,-0.126349,0.00500488,0.294981,0.905006,0.319694,0.0031236,0.980293,0.287558,0
1781247079147817,35.7079,2.86048,2.31604,-4.99487,3.12186,2.43857,-5,-0.26138,-0.122531,0.00512695,0.288721,0.900609,0.307007,0.00326673,0.976408,0.275397,0
1781247079163817,35.7239,2.87672,2.32207,-4.99478,3.14136,2.44396,-5,-0.264647,-0.12189,0.00521851,0.291414,0.897966,0.298979,0.00318987,0.972492,0.263184,0
1781247079187817,35.7479,2.9008,2.33077,-4.99466,3.16079,2.4491,-5,-0.259983,-0.118338,0.00534058,0.285699,0.895724,0.288665,0.00284328,0.96855,0.250944,0
1781247079203817,35.7639,2.9167,2.33634,-4.9946,3.18011,2.454,-5,-0.263407,-0.117657,0.00540161,0.288541,0.89542,0.280903,0.0031589,0.964588,0.238689,0
1781247079227817,35.7879,2.94037,2.34433,-4.99448,3.19934,2.45865,-5,-0.258976,-0.114315,0.00552368,0.283138,0.894117,0.266928,0.00181427,0.960605,0.226419,0
1781247079243817,35.8039,2.95599,2.3494,-4.99445,3.21849,2.46304,-5,-0.262498,-0.113643,0.0055542,0.286096,0.89185,0.257765,0.0011763,0.9566,0.214132,0
1781247079267817,35.8279,2.97919,2.35666,-4.99438,3.23762,2.46721,-5,-0.258425,-0.110555,0.00561523,0.281136,0.888297,0.245613,0.000490125,0.952557,0.201785,0
1781247079283817,35.8439,2.99452,2.36127,-4.99438,3.2568,2.47116,-5,-0.26228,-0.109888,0.00561523,0.284426,0.886475,0.237475,-7.97318e-05,0.948461,0.189324,0
1781247079307817,35.8679,3.01732,2.36784,-4.99438,3.27552,2.47478,-5,-0.258206,-0.106944,0.00561523,0.279533,0.884042,0.224443,-0.00124901,0.944422,0.177094,0
1781247079323817,35.8839,3.03241,2.37198,-4.99442,3.29435,2.4782,-5,-0.261942,-0.106213,0.00558472,0.282712,0.88358,0.215067,-0.000726175,0.940321,0.164725,0
1781247079347817,35.9079,3.05489,2.37786,-4.99442,3.31323,2.48139,-5,-0.258335,-0.103522,0.00558472,0.278362,0.880532,0.202472,-4.6406e-06,0.936167,0.152253,0
1781247079363817,35.9239,3.06975,2.38157,-4.99442,3.33183,2.4843,-5,-0.262082,-0.102726,0.00558472,0.28155,0.87812,0.194149,0.000791843,0.932031,0.13989,0
1781247079387817,35.9479,3.09186,2.38681,-4.99442,3.35043,2.48697,-5,-0.258567,-0.100158,0.00558472,0.277344,0.874695,0.181865,0.000699951,0.927855,0.127464,0
1781247079403817,35.9639,3.10647,2.39009,-4.99442,3.36901,2.4894,-5,-0.262544,-0.0993111,0.00558472,0.280754,0.871276,0.172824,0.000246004,0.923639,0.114974,0
1781247079427817,35.9879,3.12819,2.39468,-4.99445,3.38744,2.49158,-5,-0.259249,-0.0968945,0.0055542,0.27682,0.867065,0.159712,0.00138291,0.919416,0.102523,0
1781247079443817,36.0039,3.14256,2.39754,-4.99445,3.40578,2.4935,-5,-0.263221,-0.0959666,0.0055542,0.280225,0.86431,0.151373,0.00252832,0.915173,0.0900666,0
1781247079467817,36.0279,3.16392,2.40153,-4.99445,3.42397,2.49517,-5,-0.260047,-0.093646,0.0055542,0.276451,0.858033,0.139829,0.0035869,0.910921,0.0776445,0
1781247079483979,36.0441,3.17804,2.40399,-4.99438,3.4421,2.4966,-5,-0.264064,-0.0926054,0.00561523,0.279887,0.855712,0.131497,0.00527238,0.906641,0.0651954,0
1781247079507979,36.0681,3.19905,2.4074,-4.99429,3.46029,2.49778,-5,-0.26124,-0.0903857,0.00570679,0.276493,0.851038,0.117689,0.00510662,0.902302,0.052639,0
1781247079523979,36.0841,3.21397,2.41064,-4.99445,3.47825,2.49871,-5,-0.264278,-0.0880692,0.0055542,0.278621,0.848842,0.109298,0.00418119,0.897976,0.0401761,0
1781247079547979,36.1081,3.23613,2.41509,-4.99469,3.4962,2.49939,-5,-0.260075,-0.0842931,0.00531006,0.273446,0.845517,0.0962913,0.00482055,0.893609,0.0276584,0
1781247079563979,36.1241,3.25075,2.41779,-4.99481,3.51397,2.49982,-5,-0.263219,-0.0820248,0.00518799,0.275752,0.843675,0.087019,0.00563021,0.889242,0.0152021,0
1781247079587979,36.1481,3.27247,2.42145,-4.995,3.5318,2.49999,-5,-0.259329,-0.078541,0.00500488,0.271008,0.839386,0.0756558,0.00443471,0.884815,0.00263665,0
1781247079603979,36.1641,3.28681,2.42366,-4.99512,3.54939,2.49992,-5,-0.262588,-0.0762634,0.00488281,0.273482,0.837581,0.0674992,0.00429184,0.880405,-0.00981964,0
1781247079627979,36.1881,3.30813,2.42662,-4.99533,3.56698,2.4996,-5,-0.258844,-0.0729766,0.00466919,0.268975,0.835287,0.0561248,0.000966722,0.875952,-0.0223339,0
1781247079643979,36.2041,3.32224,2.42836,-4.99548,3.58446,2.49903,-5,-0.262221,-0.0706692,0.0045166,0.271614,0.832488,0.046349,0.00144936,0.87148,-0.0348359,0
1781247079667979,36.2281,3.34318,2.43061,-4.99576,3.60184,2.49821,-5,-0.258666,-0.0675972,0.00424194,0.267386,0.826869,0.0347775,-0.000306965,0.866989,-0.0473284,0
1781247079683979,36.2441,3.357,2.43188,-4.99594,3.61914,2.49714,-5,-0.262136,-0.0652542,0.00405884,0.270167,0.823989,0.0262927,-0.00158195,0.862476,-0.0598161,0
1781247079707979,36.2681,3.37756,2.43344,-4.99625,3.63632,2.49582,-5,-0.258765,-0.062372,0.00375366,0.266202,0.820443,0.0127839,-0.00268215,0.857947,-0.0722823,0
1781247079723979,36.2841,3.39116,2.43424,-4.99646,3.65334,2.49426,-5,-0.262182,-0.0600142,0.00354004,0.268986,0.817715,0.00332466,-0.0026615,0.853417,-0.0846876,0
1781247079747979,36.3081,3.4114,2.43509,-4.99683,3.67045,2.49243,-5,-0.259055,-0.0573337,0.00317383,0.265342,0.81483,-0.00897511,-0.00208458,0.848815,-0.0972217,0
1781247079763979,36.3241,3.42478,2.43546,-4.99701,3.68736,2.49036,-5,-0.262575,-0.0549011,0.00299072,0.26827,0.810455,-0.0166177,-0.00201232,0.844223,-0.10966,0
1781247079787979,36.3481,3.44467,2.43569,-4.99728,3.70424,2.48804,-5,-0.259563,-0.0523453,0.00271606,0.264803,0.805667,-0.0292535,-0.00183075,0.839592,-0.122136,0
1781247079803979,36.3641,3.45783,2.43564,-4.99747,3.72091,2.48548,-5,-0.263086,-0.0498397,0.00253296,0.267777,0.803581,-0.0373767,-0.00300202,0.83497,-0.134519,0
1781247079827979,36.3881,3.47741,2.43524,-4.99774,3.73758,2.48266,-5,-0.260173,-0.0474243,0.0022583,0.264469,0.79871,-0.0507816,-0.00270088,0.830303,-0.146954,0
1781247079843979,36.4041,3.49037,2.43474,-4.99789,3.75415,2.4796,-5,-0.263775,-0.0448632,0.00210571,0.267571,0.796047,-0.0614046,-0.00220868,0.82562,-0.159363,0
1781247079867979,36.4281,3.50966,2.43365,-4.99811,3.77064,2.47628,-5,-0.260973,-0.0426342,0.00189209,0.26444,0.792131,-0.0741604,-0.00345364,0.820911,-0.171769,0
1781247079883979,36.4441,3.52244,2.43272,-4.99823,3.78702,2.47272,-5,-0.26458,-0.0400064,0.00177002,0.267594,0.789004,-0.0834405,-0.00271891,0.816184,-0.18415,0
1781247079907979,36.4681,3.54147,2.43097,-4.99838,3.80327,2.46892,-5,-0.261799,-0.0379543,0.00161743,0.26454,0.784977,-0.0976841,-0.00114449,0.811448,-0.196484,0
1781247079923979,36.4841,3.55494,2.43007,-4.9986,3.81935,2.46489,-5,-0.264406,-0.0348248,0.00140381,0.266693,0.783431,-0.106003,-0.000872108,0.806713,-0.208743,0
1781247079947979,36.5081,3.57499,2.42837,-4.99893,3.83552,2.46057,-5,-0.26053,-0.0322075,0.00106812,0.262516,0.780712,-0.120562,-0.000765845,0.801904,-0.22112,0
1781247079963979,36.5241,3.58821,2.427,-4.99915,3.8515,2.45603,-5,-0.263282,-0.029037,0.000854492,0.26488,0.778306,-0.128552,-0.00116634,0.797103,-0.233402,0
1781247079987979,36.5481,3.60787,2.4246,-4.99942,3.86732,2.45126,-5,-0.259445,-0.0266654,0.000579834,0.260813,0.772789,-0.14257,-0.000821858,0.792302,-0.245613,0
1781247080003979,36.5641,3.62083,2.42276,-4.99957,3.88318,2.44621,-5,-0.262353,-0.0234439,0.000427246,0.263399,0.769877,-0.152036,1.73952e-05,0.787436,-0.257911,0
1781247080027979,36.5881,3.64007,2.41967,-4.99976,3.89886,2.44093,-5,-0.258793,-0.0212655,0.000244141,0.259665,0.764207,-0.165828,0.000130838,0.782578,-0.270114,0
1781247080043979,36.6041,3.65276,2.41737,-4.99988,3.91448,2.4354,-5,-0.261721,-0.0180337,0.00012207,0.262341,0.760489,-0.175579,0.000256917,0.777691,-0.282315,0
1781247080067979,36.6281,3.67162,2.4136,-5.00003,3.93001,2.42963,-5,-0.25839,-0.0160277,-3.05176e-05,0.258887,0.75703,-0.187999,0.00129547,0.772779,-0.2945,0
1781247080083979,36.6441,3.6841,2.41088,-5.00012,3.9454,2.42362,-5,-0.261299,-0.012742,-0.00012207,0.26161,0.754318,-0.196387,0.001846,0.767862,-0.30662,0
1781247080107979,36.6681,3.70266,2.40649,-5.00021,3.96068,2.41738,-5,-0.258018,-0.0108888,-0.000213623,0.258248,0.748977,-0.209349,0.00274026,0.762932,-0.318696,0
1781247080123979,36.6841,3.71492,2.40335,-5.00024,3.9759,2.41088,-5,-0.260978,-0.00752664,-0.000244141,0.261087,0.746131,-0.218548,0.00382198,0.757968,-0.330776,0
1781247080147979,36.7081,3.73314,2.39835,-5.00027,3.991,2.40415,-5,-0.257869,-0.00579405,-0.000274658,0.257934,0.740172,-0.230545,0.00393536,0.752989,-0.342812,0
1781247080163979,36.7241,3.74517,2.39483,-5.00027,4.00603,2.39716,-5,-0.260867,-0.00233245,-0.000274658,0.260877,0.736614,-0.238664,0.00488051,0.747985,-0.35483,0
1781247080187979,36.7481,3.76305,2.38924,-5.00027,4.02093,2.38995,-5,-0.257872,-0.000709534,-0.000274658,0.257873,0.732308,-0.252197,0.00464851,0.742973,-0.366785,0
1781247080203979,36.7641,3.77488,2.38531,-5.00027,4.0357,2.38252,-5,-0.260818,0.00279379,-0.000274658,0.260833,0.729497,-0.261606,0.00370715,0.73795,-0.378688,0
1781247080227979,36.7881,3.7925,2.3791,-5.00027,4.05031,2.37487,-5,-0.257808,0.00422931,-0.000274658,0.257843,0.725293,-0.274817,0.00302392,0.732929,-0.390503,0
1781247080243979,36.8041,3.80417,2.37476,-5.00027,4.06491,2.36695,-5,-0.260745,0.00781131,-0.000274658,0.260862,0.723333,-0.284301,0.00229329,0.727859,-0.402353,0
1781247080267979,36.8281,3.82156,2.36794,-5.00031,4.07944,2.35877,-5,-0.257876,0.00916743,-0.000305176,0.258039,0.718161,-0.298367,0.00349472,0.722764,-0.41418,0
1781247080283979,36.8441,3.83305,2.36317,-5.00027,4.09383,2.35038,-5,-0.260782,0.0127935,-0.000274658,0.261096,0.714093,-0.308912,0.00413353,0.717659,-0.425945,0
1781247080307979,36.8681,3.85011,2.35571,-5.00027,4.10814,2.34174,-5,-0.258022,0.0139663,-0.000274658,0.2584,0.707191,-0.3226,0.00574239,0.712532,-0.437678,0
1781247080323979,36.8841,3.86173,2.35122,-5.00064,4.12231,2.33289,-5,-0.260574,0.0183361,-0.000640869,0.261219,0.703648,-0.330493,0.00607617,0.707397,-0.449343,0
1781247080347979,36.9081,3.87902,2.34418,-5.00116,4.13643,2.32377,-5,-0.257407,0.0204127,-0.00115967,0.258218,0.699956,-0.342409,0.00678917,0.702228,-0.461002,0
1781247080363979,36.9241,3.89044,2.33927,-5.00146,4.15042,2.31444,-5,-0.25998,0.024832,-0.00146484,0.261167,0.696531,-0.351012,0.00644719,0.69705,-0.472595,0
1781247080387979,36.9481,3.90742,2.33155,-5.00186,4.1643,2.30487,-5,-0.256883,0.0266807,-0.00186157,0.258272,0.692367,-0.365001,0.00714071,0.691854,-0.48414,0
1781247080403979,36.9641,3.91863,2.32617,-5.00211,4.17807,2.29508,-5,-0.259436,0.0310848,-0.00210571,0.2613,0.688292,-0.374843,0.00726056,0.686646,-0.495627,0
1781247080427979,36.9881,3.93531,2.31776,-5.00244,4.19174,2.28507,-5,-0.256433,0.0326982,-0.00244141,0.258521,0.683032,-0.387196,0.008257,0.681419,-0.507069,0
1781247080443979,37.0041,3.94632,2.31195,-5.00262,4.2053,2.27482,-5,-0.258984,0.0371344,-0.00262451,0.261645,0.679805,-0.394942,0.00785923,0.676176,-0.518457,0
1781247080467979,37.0281,3.96272,2.30296,-5.00293,4.2188,2.26432,-5,-0.256079,0.0386381,-0.00292969,0.258994,0.675956,-0.406897,0.00700683,0.670902,-0.529824,0
1781247080483979,37.0441,3.97357,2.29677,-5.00308,4.23214,2.25363,-5,-0.258577,0.0431457,-0.00308228,0.26217,0.674311,-0.413811,0.00668876,0.665628,-0.541103,0
1781247080508137,37.0682,3.98974,2.28721,-5.00336,4.24546,2.24264,-5,-0.255718,0.0445671,-0.00335693,0.259595,0.670346,-0.426525,0.00660324,0.660306,-0.552394,0
1781247080524137,37.0842,4.00044,2.28064,-5.00351,4.25855,2.23154,-5,-0.258112,0.0491006,-0.00350952,0.262764,0.667096,-0.433966,0.00728081,0.655016,-0.563527,0
1781247080548137,37.1082,4.01637,2.27053,-5.00366,4.27159,2.22016,-5,-0.255219,0.0503638,-0.00366211,0.260167,0.663815,-0.444987,0.00972616,0.649689,-0.574646,0
1781247080564137,37.1242,4.02692,2.2636,-5.00372,4.28461,2.20849,-5,-0.257687,0.0551174,-0.00372314,0.263542,0.661165,-0.453364,0.0111733,0.644308,-0.585787,0
1781247080588137,37.1482,4.04263,2.25294,-5.00372,4.29744,2.19666,-5,-0.25481,0.0562828,-0.00372314,0.260979,0.656952,-0.464694,0.0121791,0.638944,-0.596802,0
1781247080604137,37.1642,4.05303,2.24566,-5.00369,4.31014,2.18464,-5,-0.257107,0.0610218,-0.00369263,0.264275,0.654085,-0.472343,0.0130669,0.633575,-0.607732,0
1781247080628137,37.1882,4.06851,2.23449,-5.00363,4.32276,2.17237,-5,-0.254248,0.0621145,-0.00363159,0.261751,0.647898,-0.482498,0.0129389,0.628179,-0.618625,0
1781247080644137,37.2042,4.07874,2.22687,-5.00354,4.33521,2.15996,-5,-0.256472,0.0669117,-0.00354004,0.26508,0.644388,-0.491927,0.0134174,0.622795,-0.629403,0
1781247080668137,37.2282,4.09397,2.21515,-5.00342,4.34762,2.14725,-5,-0.253648,0.0678988,-0.00341797,0.262601,0.639688,-0.50336,0.0117584,0.617365,-0.640177,0
1781247080684137,37.2442,4.10402,2.20716,-5.00336,4.35991,2.13434,-5,-0.255894,0.0728161,-0.00335693,0.266073,0.635034,-0.511325,0.0121222,0.611923,-0.650881,0
1781247080708137,37.2682,4.11895,2.19491,-5.0032,4.37208,2.12123,-5,-0.253134,0.0736818,-0.00320435,0.263659,0.629251,-0.523357,0.0125265,0.606469,-0.661512,0
1781247080724137,37.2842,4.12899,2.18728,-5.00351,4.38416,2.10788,-5,-0.255177,0.0793972,-0.00350952,0.267266,0.626191,-0.531051,0.0122975,0.600994,-0.67209,0
1781247080748137,37.3082,4.14391,2.17551,-5.00391,4.3961,2.09438,-5,-0.252189,0.081136,-0.00390625,0.264948,0.621121,-0.542588,0.0115681,0.595522,-0.682565,0
1781247080764137,37.3242,4.15376,2.16746,-5.00418,4.40799,2.08058,-5,-0.254228,0.0868771,-0.00418091,0.268695,0.617771,-0.550415,0.0116549,0.590002,-0.693035,0
1781247080788137,37.3482,4.16841,2.15507,-5.00452,4.41972,2.06662,-5,-0.251314,0.0884452,-0.0045166,0.266461,0.61227,-0.561435,0.0108411,0.584489,-0.703397,0
1781247080804137,37.3642,4.17808,2.14661,-5.0047,4.43136,2.05246,-5,-0.253274,0.0941541,-0.00469971,0.270249,0.608356,-0.569276,0.0113021,0.578958,-0.713692,0
1781247080828137,37.3882,4.19245,2.13363,-5.00497,4.44288,2.03809,-5,-0.250422,0.0955496,-0.00497437,0.268077,0.603801,-0.580112,0.011771,0.573414,-0.723914,0
1781247080844137,37.4042,4.20196,2.12481,-5.0051,4.45434,2.02344,-5,-0.252384,0.101376,-0.00509644,0.272031,0.599713,-0.585964,0.01235,0.567827,-0.734115,0
1781247080868137,37.4282,4.21608,2.11129,-5.00528,4.46566,2.00863,-5,-0.249581,0.102662,-0.00527954,0.269923,0.59405,-0.598219,0.0139768,0.562244,-0.74421,0
1781247080884137,37.4442,4.22541,2.1021,-5.0054,4.47682,1.99368,-5,-0.251413,0.108416,-0.00540161,0.273847,0.591373,-0.605197,0.0141526,0.556668,-0.754193,0
1781247080908137,37.4682,4.23927,2.08803,-5.00549,4.48789,1.97852,-5,-0.248618,0.109514,-0.00549316,0.271725,0.584759,-0.617604,0.01516,0.551072,-0.764112,0
1781247080924137,37.4842,4.24841,2.07846,-5.00552,4.49884,1.96315,-5,-0.250425,0.115308,-0.00552368,0.275752,0.581464,-0.624474,0.0157316,0.545461,-0.773955,0
1781247080948137,37.5082,4.262,2.06386,-5.00562,4.5097,1.94757,-5,-0.2477,0.116289,-0.00561523,0.273696,0.575443,-0.634339,0.016651,0.539827,-0.783739,0
1781247080964137,37.5242,4.27098,2.05396,-5.00562,4.52044,1.93179,-5,-0.249467,0.122172,-0.00561523,0.277833,0.571656,-0.640696,0.015963,0.534182,-0.79344,0
1781247080988137,37.5482,4.28431,2.0389,-5.00562,4.53107,1.91583,-5,-0.246754,0.12307,-0.00561523,0.275799,0.566125,-0.650645,0.0159772,0.528525,-0.803059,0
1781247081004137,37.5642,4.29312,2.02868,-5.00558,4.54157,1.89968,-5,-0.248453,0.128998,-0.00558472,0.280001,0.561832,-0.658268,0.0164625,0.522859,-0.812589,0
1781247081028137,37.5882,4.3062,2.01313,-5.00552,4.55196,1.88336,-5,-0.245756,0.129775,-0.00552368,0.277971,0.555599,-0.666201,0.0166097,0.517183,-0.822034,0
1781247081044137,37.6042,4.31483,2.00262,-5.00546,4.56225,1.86682,-5,-0.247414,0.135798,-0.00546265,0.282285,0.55216,-0.673923,0.0159164,0.511487,-0.83141,0
1781247081068137,37.6282,4.32767,1.98662,-5.00537,4.57243,1.85008,-5,-0.244764,0.136536,-0.00537109,0.280322,0.547822,-0.683859,0.0152652,0.50577,-0.840715,0
1781247081084137,37.6442,4.33617,1.97579,-5.00531,4.58248,1.83319,-5,-0.246319,0.142608,-0.00531006,0.284672,0.54411,-0.690066,0.0159222,0.500052,-0.849916,0
1781247081108137,37.6682,4.34878,1.95933,-5.00519,4.59241,1.81612,-5,-0.243638,0.143209,-0.00518799,0.282657,0.537782,-0.700309,0.0160724,0.494326,-0.859027,0
1781247081124137,37.6842,4.35754,1.94821,-5.00537,4.60224,1.79885,-5,-0.244701,0.149362,-0.00537109,0.286734,0.534702,-0.706758,0.0166579,0.488579,-0.868065,0
1781247081148137,37.7082,4.37056,1.9313,-5.00558,4.61191,1.78148,-5,-0.241356,0.14982,-0.00558472,0.284131,0.530462,-0.717551,0.0166058,0.482846,-0.876975,0
1781247081164137,37.7242,4.37914,1.91986,-5.00571,4.62156,1.76376,-5,-0.242421,0.156108,-0.00570679,0.288392,0.527209,-0.724646,0.0159737,0.477045,-0.885884,0
1781247081188137,37.7482,4.39188,1.90249,-5.00586,4.63105,1.74595,-5,-0.239168,0.156544,-0.00585938,0.285905,0.52157,-0.734571,0.0150136,0.471261,-0.894661,0
1781247081204137,37.7642,4.40027,1.89076,-5.00595,4.6404,1.728,-5,-0.240131,0.162757,-0.00595093,0.290152,0.517607,-0.741236,0.0140961,0.465477,-0.90333,0
1781247081220137,37.7802,4.40857,1.87891,-5.00604,4.64961,1.70993,-5,-0.241039,0.168979,-0.00604248,0.294432,0.513779,-0.747687,0.0145184,0.459698,-0.911885,0
1781247081244137,37.8042,4.42089,1.86093,-5.00616,4.65877,1.69156,-5,-0.237875,0.169372,-0.00616455,0.292078,0.509474,-0.757545,0.0151202,0.453864,-0.920413,0
1781247081268137,37.8282,4.43308,1.84269,-5.00623,4.66781,1.67302,-5,-0.234732,0.169665,-0.00622559,0.289697,0.50483,-0.767124,0.0153363,0.448021,-0.928844,0
1781247081284137,37.8442,4.44111,1.83039,-5.00626,4.67669,1.6544,-5,-0.235583,0.175989,-0.0062561,0.294127,0.500992,-0.773811,0.01598,0.442192,-0.937146,0
1781247081300137,37.8602,4.44908,1.81796,-5.00626,4.68547,1.63558,-5,-0.236395,0.182383,-0.0062561,0.298639,0.49757,-0.78202,0.0168613,0.436343,-0.945368,0
1781247081324137,37.8842,4.46088,1.79908,-5.00623,4.69413,1.61661,-5,-0.233252,0.182467,-0.00622559,0.296208,0.491862,-0.793354,0.0179808,0.430488,-0.953488,0
1781247081348137,37.9082,4.47252,1.77994,-5.00616,4.70271,1.59741,-5,-0.23019,0.182536,-0.00616455,0.293844,0.485599,-0.803364,0.018208,0.424598,-0.961547,0
1781247081364137,37.9242,4.4802,1.76703,-5.0061,4.71112,1.57814,-5,-0.230922,0.188891,-0.00610352,0.298399,0.48345,-0.810664,0.0181798,0.418727,-0.969469,0
1781247081388137,37.9482,4.49162,1.74745,-5.00601,4.71944,1.55868,-5,-0.227816,0.188769,-0.00601196,0.295922,0.478275,-0.820602,0.017133,0.412834,-0.977309,0
1781247081404137,37.9642,4.49915,1.73426,-5.00592,4.72763,1.53905,-5,-0.228485,0.195202,-0.00592041,0.300573,0.474031,-0.826145,0.017673,0.40693,-0.985053,0
1781247081428137,37.9882,4.5103,1.71427,-5.00577,4.73571,1.51928,-5,-0.22541,0.194986,-0.00576782,0.298098,0.4674,-0.836794,0.0166915,0.401018,-0.992696,0
1781247081444137,38.0042,4.51763,1.70081,-5.00571,4.74368,1.49934,-5,-0.226045,0.201465,-0.00570679,0.302848,0.462776,-0.842898,0.015334,0.39509,-1.00025,0
1781247081468137,38.0282,4.5285,1.6804,-5.00558,4.75151,1.47929,-5,-0.223011,0.201117,-0.00558472,0.300355,0.457578,-0.854557,0.0150743,0.389162,-1.00768,0
1781247081484137,38.0442,4.53567,1.66665,-5.00549,4.75924,1.45903,-5,-0.223574,0.207617,-0.00549316,0.305157,0.454328,-0.859574,0.0158093,0.383211,-1.01504,0
1781247081508298,38.0684,4.54631,1.64585,-5.00537,4.76683,1.4387,-5,-0.220523,0.207147,-0.00537109,0.302604,0.4496,-0.86925,0.0155098,0.377268,-1.02227,0
1781247081524298,38.0844,4.55367,1.63185,-5.00555,4.77431,1.41821,-5,-0.220634,0.21364,-0.0055542,0.307168,0.445255,-0.874902,0.0157147,0.371314,-1.0294,0
1781247081548298,38.1084,4.56455,1.61067,-5.00583,4.78169,1.39752,-5,-0.217139,0.213146,-0.00582886,0.304327,0.438141,-0.884509,0.0139525,0.365332,-1.03645,0
1781247081564298,38.1244,4.57168,1.59642,-5.00601,4.78893,1.37673,-5,-0.217248,0.219691,-0.00601196,0.309026,0.433966,-0.890066,0.0144761,0.359352,-1.04339,0
1781247081588298,38.1484,4.5822,1.57486,-5.00626,4.79606,1.35579,-5,-0.213853,0.219069,-0.0062561,0.306208,0.42654,-0.899582,0.0135443,0.353362,-1.05022,0
1781247081604298,38.1644,4.5891,1.56037,-5.00644,4.80306,1.33474,-5,-0.213962,0.225631,-0.00643921,0.311015,0.421938,-0.905855,0.0134238,0.347366,-1.05694,0
1781247081628298,38.1884,4.59928,1.53843,-5.00665,4.80994,1.31355,-5,-0.210659,0.224879,-0.00665283,0.308207,0.4164,-0.914177,0.0137343,0.341363,-1.06355,0
1781247081644298,38.2044,4.60597,1.52369,-5.00674,4.81671,1.2922,-5,-0.210741,0.231495,-0.00674438,0.313125,0.411703,-0.919348,0.0143689,0.335342,-1.07007,0
1781247081668298,38.2284,4.61586,1.50143,-5.0069,4.82336,1.27074,-5,-0.207501,0.230697,-0.00689697,0.310363,0.406298,-0.927972,0.015862,0.329318,-1.07648,0
1781247081684298,38.2444,4.62236,1.48646,-5.00696,4.82988,1.24916,-5,-0.207525,0.237307,-0.00695801,0.315325,0.403021,-0.933942,0.0155653,0.323289,-1.08278,0
1781247081708298,38.2684,4.63198,1.46385,-5.00702,4.83628,1.22745,-5,-0.204307,0.236402,-0.00701904,0.312532,0.396855,-0.9421,0.0163956,0.31725,-1.08896,0
1781247081724298,38.2844,4.63829,1.44865,-5.00702,4.84256,1.20564,-5,-0.204273,0.243005,-0.00701904,0.317535,0.392583,-0.949134,0.0167865,0.31121,-1.09504,0
1781247081748298,38.3084,4.64761,1.42565,-5.00699,4.84873,1.18364,-5,-0.201128,0.242014,-0.00698853,0.314757,0.386577,-0.957965,0.0174814,0.305141,-1.10102,0
1781247081764298,38.3244,4.65371,1.41021,-5.00693,4.85477,1.16159,-5,-0.201054,0.248621,-0.00692749,0.319817,0.381524,-0.962631,0.017286,0.299085,-1.10688,0
1781247081788298,38.3484,4.66274,1.38691,-5.00684,4.86067,1.13948,-5,-0.19793,0.24743,-0.00683594,0.31693,0.375702,-0.969109,0.0177313,0.293036,-1.11261,0
1781247081804298,38.3644,4.66866,1.37129,-5.00677,4.86648,1.11712,-5,-0.197816,0.254166,-0.0067749,0.322145,0.372069,-0.973847,0.0168824,0.286944,-1.11826,0
1781247081828298,38.3884,4.67743,1.34772,-5.00665,4.87216,1.0947,-5,-0.194732,0.253019,-0.00665283,0.319348,0.366515,-0.980842,0.0159808,0.280856,-1.12379,0
1781247081844298,38.4044,4.68319,1.33191,-5.00659,4.87771,1.07218,-5,-0.194523,0.25973,-0.0065918,0.324565,0.362862,-0.984797,0.0162439,0.274765,-1.12921,0
1781247081868298,38.4284,4.69168,1.30806,-5.0065,4.88315,1.04954,-5,-0.191466,0.258523,-0.00650024,0.321769,0.355584,-0.992335,0.0179579,0.268664,-1.13451,0
1781247081884298,38.4444,4.69725,1.29207,-5.00638,4.88847,1.02677,-5,-0.191216,0.265302,-0.00637817,0.327093,0.351797,-0.995996,0.0190793,0.262549,-1.13971,0
1781247081908298,38.4684,4.70547,1.26797,-5.00616,4.89363,1.00403,-5,-0.188159,0.263937,-0.00616455,0.324199,0.344912,-1.00214,0.0196284,0.256464,-1.14476,0
1781247081924298,38.4844,4.71098,1.25124,-5.00626,4.89871,0.981036,-5,-0.187731,0.270205,-0.0062561,0.329079,0.340982,-1.00698,0.0192656,0.25033,-1.14974,0
1781247081940298,38.5004,4.7164,1.23447,-5.00635,4.90365,0.958004,-5,-0.187249,0.276469,-0.00634766,0.333972,0.336173,-1.0102,0.0180859,0.244207,-1.15458,0
1781247081964298,38.5244,4.72439,1.20925,-5.00644,4.90848,0.934853,-5,-0.184092,0.274397,-0.00643921,0.330492,0.330119,-1.01778,0.0179406,0.238071,-1.15932,0
1781247081988298,38.5484,4.73222,1.18389,-5.0065,4.91318,0.911636,-5,-0.180954,0.272253,-0.00650024,0.326968,0.324703,-1.02607,0.0178877,0.231936,-1.16393,0
1781247082004298,38.5644,4.73735,1.16691,-5.00653,4.91775,0.888301,-5,-0.180407,0.27861,-0.00653076,0.331983,0.319611,-1.03001,0.0176096,0.225789,-1.16843,0
1781247082028298,38.5884,4.74486,1.14136,-5.00653,4.92221,0.864903,-5,-0.177348,0.276461,-0.00653076,0.32852,0.312081,-1.03657,0.0184032,0.219643,-1.17281,0
1781247082044298,38.6044,4.74976,1.12426,-5.0065,4.92654,0.84141,-5,-0.176773,0.282852,-0.00650024,0.333611,0.307535,-1.04126,0.0189032,0.213489,-1.17708,0
1781247082068298,38.6284,4.75694,1.09851,-5.00641,4.93074,0.817857,-5,-0.173798,0.280654,-0.00640869,0.330172,0.30007,-1.04712,0.0190126,0.207336,-1.18122,0
1781247082084298,38.6444,4.76163,1.08128,-5.00635,4.93482,0.794188,-5,-0.173198,0.287097,-0.00634766,0.335354,0.295573,-1.05221,0.0188704,0.201169,-1.18525,0
1781247082108298,38.6684,4.76852,1.05535,-5.0062,4.93879,0.770452,-5,-0.170266,0.284897,-0.00619507,0.331957,0.289199,-1.05729,0.0198966,0.195,-1.18916,0
1781247082124298,38.6844,4.77302,1.03801,-5.00607,4.94262,0.74664,-5,-0.169603,0.291371,-0.006073,0.337193,0.284312,-1.06116,0.0203053,0.188827,-1.19295,0
1781247082148298,38.7084,4.77961,1.01191,-5.00583,4.94634,0.722736,-5,-0.166724,0.289176,-0.00582886,0.333846,0.277472,-1.06695,0.0217252,0.182644,-1.19663,0
1781247082164298,38.7244,4.78392,0.994458,-5.00565,4.94993,0.69877,-5,-0.166013,0.295688,-0.00564575,0.339151,0.273469,-1.07051,0.021906,0.17646,-1.20018,0
1781247082188298,38.7484,4.79025,0.968172,-5.00537,4.9534,0.674666,-5,-0.163155,0.293506,-0.00537109,0.335848,0.26742,-1.07695,0.021762,0.170253,-1.20362,0
1781247082204298,38.7644,4.79439,0.950589,-5.00516,4.95673,0.650709,-5,-0.162341,0.29988,-0.00515747,0.341042,0.262734,-1.07987,0.0222412,0.164097,-1.20692,0
1781247082228298,38.7884,4.80044,0.924153,-5.00482,4.95995,0.626556,-5,-0.159502,0.297597,-0.00482178,0.33768,0.255872,-1.08479,0.0219385,0.157904,-1.21011,0
1781247082244298,38.8044,4.80438,0.906469,-5.00461,4.96304,0.602304,-5,-0.15866,0.304165,-0.00460815,0.343089,0.251602,-1.08856,0.0218545,0.151697,-1.21318,0
1781247082268298,38.8284,4.81016,0.879856,-5.00424,4.96603,0.577931,-5,-0.155867,0.301925,-0.00424194,0.339811,0.244777,-1.09296,0.0225954,0.145471,-1.21614,0
1781247082284298,38.8444,4.81391,0.862075,-5.004,4.96886,0.553678,-5,-0.154955,0.308396,-0.0039978,0.34516,0.239493,-1.09577,0.0238125,0.139287,-1.21896,0
1781247082308298,38.8684,4.81936,0.835346,-5.00357,4.97158,0.529287,-5,-0.152223,0.306058,-0.00357056,0.341843,0.231937,-1.09965,0.0233897,0.133078,-1.22166,0
1781247082324298,38.8844,4.82328,0.816673,-5.00339,4.97419,0.504761,-5,-0.150907,0.311913,-0.00338745,0.346517,0.227878,-1.10316,0.023083,0.126845,-1.22426,0
1781247082348298,38.9084,4.82901,0.788689,-5.00308,4.97667,0.480219,-5,-0.147657,0.308469,-0.00308228,0.342002,0.222484,-1.10615,0.0223193,0.120618,-1.22672,0
1781247082364298,38.9244,4.83273,0.770029,-5.0029,4.97902,0.455677,-5,-0.14629,0.314353,-0.00289917,0.346738,0.218144,-1.10982,0.023091,0.114399,-1.22906,0
1781247082388298,38.9484,4.83813,0.742,-5.00256,4.98124,0.431086,-5,-0.143115,0.310914,-0.00256348,0.34228,0.210743,-1.11642,0.0234319,0.108177,-1.23128,0
1781247082404298,38.9644,4.84161,0.723278,-5.00232,4.98333,0.406543,-5,-0.141723,0.316734,-0.00231934,0.347003,0.206406,-1.11988,0.0240426,0.101976,-1.23336,0
1781247082428298,38.9884,4.84667,0.695158,-5.00192,4.98531,0.381901,-5,-0.138634,0.313257,-0.00192261,0.342568,0.20034,-1.1251,0.0248591,0.0957566,-1.23533,0
1781247082444298,39.0044,4.84995,0.676397,-5.00168,4.98716,0.357112,-5,-0.137215,0.319285,-0.00167847,0.347525,0.196242,-1.12794,0.0248831,0.0895078,-1.23718,0
1781247082468298,39.0284,4.8547,0.648252,-5.00125,4.9889,0.332247,-5,-0.134202,0.316005,-0.00125122,0.343324,0.18831,-1.13007,0.024636,0.0832465,-1.23891,0
1781247082484298,39.0444,4.85774,0.629492,-5.00098,4.9905,0.307507,-5,-0.13276,0.321985,-0.000976562,0.348282,0.183542,-1.13204,0.0242532,0.0770231,-1.24051,0
1781247082508298,39.0684,4.86212,0.60134,-5.00064,4.99198,0.28256,-5,-0.129863,0.31878,-0.000640869,0.344217,0.174679,-1.13482,0.0247122,0.0707534,-1.24199,0
1781247082524459,39.0846,4.86491,0.582582,-5.0004,4.99333,0.257874,-5,-0.128413,0.324708,-0.000396729,0.349178,0.169894,-1.13575,0.0231737,0.0645545,-1.24333,0
1781247082548459,39.1086,4.86897,0.55445,-5.00006,4.99456,0.232995,-5,-0.125587,0.321455,-6.10352e-05,0.345116,0.16385,-1.1386,0.0223379,0.0583123,-1.24456,0
1781247082564459,39.1246,4.87158,0.535691,-4.99985,4.99566,0.208104,-5,-0.124077,0.327586,0.000152588,0.350297,0.159684,-1.1406,0.021283,0.0520713,-1.24566,0
1781247082588459,39.1486,4.87535,0.507537,-4.99954,4.99664,0.183178,-5,-0.121292,0.324359,0.000457764,0.346295,0.151612,-1.1427,0.0213863,0.0458254,-1.24664,0
1781247082604459,39.1646,4.87775,0.488778,-4.99933,4.99749,0.158309,-5,-0.11974,0.330469,0.000671387,0.351494,0.147465,-1.14427,0.0213378,0.039597,-1.24749,0
1781247082628459,39.1886,4.88119,0.460617,-4.99899,4.99822,0.13331,-5,-0.117032,0.327307,0.00100708,0.347603,0.13966,-1.14703,0.0194867,0.0333393,-1.24822,0
1781247082644459,39.2046,4.88337,0.441845,-4.99881,4.99882,0.108394,-5,-0.115458,0.333451,0.00119019,0.352876,0.134696,-1.14713,0.0186231,0.0271048,-1.24882,0
1781247082668459,39.2286,4.88647,0.41371,-4.99847,4.9993,0.0834191,-5,-0.112837,0.330291,0.00152588,0.349037,0.127107,-1.14828,0.0179711,0.0208577,-1.2493,0
1781247082684459,39.2446,4.88843,0.394955,-4.99829,4.99966,0.058437,-5,-0.111229,0.336518,0.00170898,0.354428,0.12203,-1.14897,0.0169853,0.0146102,-1.24966,0
1781247082708459,39.2686,4.89121,0.366855,-4.99799,4.99989,0.0334528,-5,-0.108675,0.333402,0.00201416,0.350672,0.114216,-1.15011,0.017988,0.00836338,-1.24989,0
1781247082724459,39.2846,4.89295,0.347158,-4.99811,4.99999,0.0084369,-5,-0.107048,0.338721,0.00189209,0.355239,0.109143,-1.15319,0.0180382,0.00210923,-1.24999,0
1781247082748459,39.3086,4.89538,0.317665,-4.99826,4.99997,-0.0165327,-5,-0.104596,0.334198,0.0017395,0.350188,0.102659,-1.15519,0.0175081,-0.0041332,-1.24997,0
1781247082764459,39.3246,4.89693,0.298054,-4.99832,4.99983,-0.0415343,-5,-0.102902,0.339589,0.00167847,0.354841,0.0990327,-1.15614,0.0169974,-0.0103839,-1.24983,0
1781247082780459,39.3406,4.8984,0.278487,-4.99841,4.99956,-0.0665093,-5,-0.101159,0.344996,0.00158691,0.359525,0.0942085,-1.15644,0.0159778,-0.0166288,-1.24956,0
1781247082804459,39.3646,4.90046,0.249215,-4.9986,4.99916,-0.0915829,-5,-0.0986981,0.340798,0.00140381,0.354805,0.0869658,-1.15743,0.0145334,-0.0228996,-1.24916,0
1781247082828459,39.3886,4.90235,0.219999,-4.99875,4.99864,-0.116475,-5,-0.0962968,0.336474,0.00125122,0.349984,0.0801574,-1.1608,0.0136035,-0.0291266,-1.24864,0
1781247082844459,39.4046,4.9035,0.200547,-4.99884,4.99799,-0.141576,-5,-0.0944943,0.342123,0.00115967,0.354934,0.0751038,-1.16087,0.0125453,-0.0354081,-1.24799,0
1781247082860459,39.4206,4.90456,0.181139,-4.99893,4.99723,-0.166385,-5,-0.0926638,0.347524,0.00106812,0.359668,0.0692779,-1.16036,0.0121771,-0.0416194,-1.24723,0
1781247082884459,39.4446,4.90599,0.152101,-4.99902,4.99633,-0.191277,-5,-0.0903449,0.343379,0.000976562,0.355066,0.0608223,-1.16121,0.0126659,-0.0478544,-1.24634,0
1781247082908459,39.4686,4.90719,0.123113,-4.99905,4.99531,-0.21624,-5,-0.0881219,0.339353,0.000946045,0.350609,0.052654,-1.16239,0.0139442,-0.0541107,-1.24532,0
1781247082924459,39.4846,4.9079,0.103833,-4.99905,4.99417,-0.241106,-5,-0.0862737,0.344939,0.000946045,0.355566,0.0486745,-1.16166,0.0139026,-0.0603469,-1.24417,0
1781247082948459,39.5086,4.90882,0.0749873,-4.99908,4.9929,-0.265977,-5,-0.0840816,0.340964,0.000915527,0.35118,0.0414159,-1.16173,0.0130129,-0.0665888,-1.24291,0
1781247082964459,39.5246,4.90933,0.0557973,-4.99911,4.99151,-0.290826,-5,-0.0821776,0.346624,0.00088501,0.356233,0.0355984,-1.16045,0.0122979,-0.0728303,-1.24151,0
1781247082988459,39.5486,4.90995,0.0270849,-4.99911,4.98999,-0.31564,-5,-0.0800347,0.342725,0.00088501,0.351947,0.0292761,-1.15969,0.0130726,-0.0790683,-1.24,0
1781247083004459,39.5646,4.91029,0.00798892,-4.99911,4.98834,-0.340502,-5,-0.0780506,0.34849,0.00088501,0.357125,0.0249174,-1.1589,0.0131365,-0.0853244,-1.23835,0
1781247083028459,39.5886,4.91064,-0.0206,-4.99911,4.98658,-0.365153,-5,-0.075933,0.344553,0.00088501,0.352822,0.0168773,-1.15888,0.0123851,-0.091534,-1.23659,0
1781247083044459,39.6046,4.91077,-0.0396183,-4.99911,4.98469,-0.389804,-5,-0.0739183,0.350186,0.00088501,0.357904,0.0117919,-1.15797,0.0126919,-0.0977504,-1.23471,0
1781247083068459,39.6286,4.9108,-0.0680879,-4.99905,4.98267,-0.414535,-5,-0.0718689,0.346447,0.000946045,0.353824,0.00372898,-1.15788,0.0141246,-0.103994,-1.2327,0
1781247083084459,39.6446,4.91071,-0.0870381,-4.99902,4.98052,-0.439162,-5,-0.0698142,0.352124,0.000976562,0.358979,-0.00163614,-1.15773,0.014562,-0.11022,-1.23056,0
1781247083108459,39.6686,4.91043,-0.115408,-4.99893,4.97826,-0.463737,-5,-0.0678277,0.348329,0.00106812,0.354873,-0.00859638,-1.15599,0.0141758,-0.116441,-1.22831,0
1781247083124459,39.6846,4.90982,-0.135648,-4.99915,4.97587,-0.488228,-5,-0.0660486,0.35258,0.000854492,0.358714,-0.014481,-1.15535,0.0142238,-0.122649,-1.22593,0
1781247083148459,39.7086,4.90879,-0.165822,-4.99942,4.97336,-0.512713,-5,-0.0645733,0.346891,0.000579834,0.35285,-0.0217834,-1.15386,0.0139267,-0.128865,-1.22343,0
1781247083164459,39.7246,4.90801,-0.185817,-4.99957,4.97072,-0.537198,-5,-0.0627089,0.351381,0.000427246,0.356933,-0.0271816,-1.15301,0.0135385,-0.135091,-1.2208,0
1781247083188459,39.7486,4.90672,-0.215628,-4.99979,4.96794,-0.561678,-5,-0.061224,0.34605,0.000213623,0.351424,-0.033964,-1.15012,0.0135239,-0.141326,-1.21804,0
1781247083204459,39.7646,4.90577,-0.235364,-4.99988,4.96506,-0.585907,-5,-0.0592933,0.350544,0.00012207,0.355523,-0.0383802,-1.14735,0.013936,-0.147508,-1.21519,0
1781247083228459,39.7886,4.90425,-0.264776,-4.99994,4.96203,-0.610323,-5,-0.0577798,0.345546,6.10352e-05,0.350344,-0.0445779,-1.1446,0.013638,-0.153748,-1.21218,0
1781247083244459,39.8046,4.90316,-0.284273,-4.99997,4.95892,-0.634343,-5,-0.0557604,0.350069,3.05176e-05,0.354482,-0.0500991,-1.143,0.0130615,-0.159899,-1.20909,0
1781247083268459,39.8286,4.90139,-0.313394,-4.99997,4.95566,-0.658523,-5,-0.054266,0.345129,3.05176e-05,0.349369,-0.057012,-1.14254,0.0133003,-0.166104,-1.20586,0
1781247083284459,39.8446,4.90013,-0.332723,-4.99997,4.95226,-0.682695,-5,-0.0521321,0.349973,3.05176e-05,0.353834,-0.0620367,-1.1411,0.0131373,-0.172319,-1.20249,0
1781247083308459,39.8686,4.8981,-0.361581,-5,4.94877,-0.7066,-5,-0.0506687,0.345019,0,0.34872,-0.0700413,-1.13866,0.0129016,-0.178479,-1.19903,0
1781247083324459,39.8846,4.89665,-0.380719,-5,4.94512,-0.730661,-5,-0.04847,0.349942,0,0.353283,-0.0755129,-1.13686,0.0120895,-0.184692,-1.19542,0
1781247083348459,39.9086,4.89436,-0.40931,-5.00003,4.94139,-0.754375,-5,-0.0470338,0.345065,-3.05176e-05,0.348256,-0.0816793,-1.13509,0.0113255,-0.190831,-1.19173,0
1781247083364459,39.9246,4.89275,-0.428276,-5,4.93751,-0.778211,-5,-0.0447526,0.349935,0,0.352785,-0.0871515,-1.13205,0.0112571,-0.197015,-1.1879,0
1781247083388459,39.9486,4.89021,-0.456559,-4.99994,4.93351,-0.801915,-5,-0.0432944,0.345356,6.10352e-05,0.348059,-0.0933425,-1.12814,0.0119253,-0.203181,-1.18395,0
1781247083404459,39.9646,4.88845,-0.47532,-4.99988,4.92938,-0.825539,-5,-0.0409346,0.350219,0.00012207,0.352603,-0.0976134,-1.12628,0.0126201,-0.209341,-1.17988,0
1781247083428459,39.9886,4.88568,-0.503326,-4.99976,4.92514,-0.849051,-5,-0.0394669,0.345724,0.000244141,0.34797,-0.105288,-1.12215,0.0114944,-0.215489,-1.1757,0
1781247083444459,40.0046,4.88374,-0.521908,-4.99966,4.92077,-0.872521,-5,-0.0370326,0.350613,0.000335693,0.352564,-0.109895,-1.12095,0.012437,-0.221642,-1.1714,0
1781247083460459,40.0206,4.88173,-0.540437,-4.99957,4.91627,-0.895945,-5,-0.034544,0.355508,0.000427246,0.357183,-0.115487,-1.11943,0.0119527,-0.227801,-1.16697,0
1781247083484459,40.0446,4.87856,-0.568108,-4.99945,4.91166,-0.919197,-5,-0.0331049,0.35109,0.000549316,0.352647,-0.122774,-1.11551,0.0108478,-0.233932,-1.16244,0
1781247083508459,40.0686,4.87525,-0.595603,-4.99936,4.90689,-0.942554,-5,-0.0316429,0.346952,0.000640869,0.348392,-0.129067,-1.11166,0.0104602,-0.24011,-1.15776,0
1781247083524617,40.0847,4.8732,-0.615544,-4.9996,4.90204,-0.965576,-5,-0.0288453,0.350032,0.000396729,0.351219,-0.133675,-1.11016,0.00955562,-0.246218,-1.153,0
1781247083548617,40.1087,4.86998,-0.645171,-4.99991,4.89704,-0.988647,-5,-0.0270619,0.343476,9.15527e-05,0.34454,-0.139996,-1.10533,0.0101935,-0.252358,-1.1481,0
1781247083564617,40.1247,4.86775,-0.664749,-5.00009,4.89196,-1.01144,-5,-0.0242162,0.34669,-9.15527e-05,0.347534,-0.144343,-1.10394,0.0104632,-0.258444,-1.14313,0
1781247083588617,40.1487,4.86424,-0.693885,-5.0004,4.88671,-1.03433,-5,-0.0224719,0.340448,-0.000396729,0.341189,-0.152699,-1.1008,0.0106928,-0.264578,-1.138,0
1781247083604617,40.1647,4.86179,-0.71315,-5.00058,4.8814,-1.0569,-5,-0.0196095,0.343751,-0.000579834,0.34431,-0.157047,-1.09771,0.0101759,-0.270645,-1.1328,0
1781247083628617,40.1887,4.85794,-0.741832,-5.00079,4.87592,-1.07952,-5,-0.0179734,0.33769,-0.000793457,0.338169,-0.165337,-1.09526,0.0107827,-0.276748,-1.12746,0
1781247083644617,40.2047,4.85527,-0.760799,-5.00092,4.87033,-1.10198,-5,-0.0150576,0.341178,-0.000915527,0.341511,-0.169948,-1.09116,0.0107152,-0.282829,-1.12201,0
1781247083668617,40.2287,4.85113,-0.789,-5.0011,4.8646,-1.12442,-5,-0.0134678,0.335421,-0.00109863,0.335693,-0.17687,-1.08533,0.00941124,-0.28893,-1.11643,0
1781247083684617,40.2447,4.84826,-0.807651,-5.00122,4.85877,-1.14666,-5,-0.0105071,0.339005,-0.0012207,0.33917,-0.182376,-1.08271,0.0099988,-0.294996,-1.11076,0
1781247083708617,40.2687,4.84377,-0.835438,-5.00134,4.8528,-1.16883,-5,-0.00902843,0.333393,-0.00134277,0.333518,-0.189936,-1.0783,0.0103657,-0.301071,-1.10497,0
1781247083724617,40.2847,4.8407,-0.85381,-5.0014,4.84673,-1.19083,-5,-0.00603437,0.337023,-0.00140381,0.33708,-0.194477,-1.07447,0.0110805,-0.307123,-1.09908,0
1781247083748617,40.3087,4.83593,-0.881168,-5.00143,4.84053,-1.21274,-5,-0.00460625,0.331574,-0.00143433,0.331609,-0.201517,-1.06981,0.0120575,-0.313174,-1.09308,0
1781247083764617,40.3247,4.83265,-0.899264,-5.0014,4.83418,-1.23465,-5,-0.00152779,0.335389,-0.00140381,0.335395,-0.206918,-1.06504,0.012951,-0.319251,-1.08693,0
1781247083788617,40.3487,4.82758,-0.926194,-5.00134,4.82775,-1.25626,-5,-0.000173569,0.330064,-0.00134277,0.330067,-0.213908,-1.05977,0.013971,-0.32527,-1.08072,0
1781247083804617,40.3647,4.8241,-0.944015,-5.00128,4.8212,-1.27778,-5,0.00290155,0.333767,-0.00128174,0.333782,-0.218448,-1.05616,0.0144199,-0.331293,-1.07439,0
1781247083820617,40.3807,4.82055,-0.961733,-5.00122,4.81451,-1.2992,-5,0.00604105,0.337466,-0.0012207,0.337522,-0.222148,-1.05255,0.0143411,-0.337313,-1.06795,0
1781247083844617,40.4047,4.8151,-0.988118,-5.0011,4.80768,-1.32057,-5,0.00741768,0.332447,-0.00109863,0.332532,-0.229493,-1.04767,0.0128416,-0.343348,-1.06138,0
1781247083868617,40.4287,4.80947,-1.01428,-5.00101,4.80078,-1.34166,-5,0.00868893,0.327374,-0.00100708,0.327491,-0.23684,-1.04251,0.0128503,-0.349333,-1.05475,0
1781247083884617,40.4447,4.80562,-1.03161,-5.00095,4.79375,-1.36264,-5,0.0118794,0.331029,-0.000946045,0.331244,-0.240709,-1.039,0.0126617,-0.355317,-1.048,0
1781247083908617,40.4687,4.79974,-1.05743,-5.00082,4.78658,-1.38352,-5,0.0131531,0.326092,-0.000823975,0.326358,-0.246664,-1.03305,0.0124,-0.361302,-1.04114,0
1781247083924617,40.4847,4.79566,-1.07562,-5.00095,4.7793,-1.40426,-5,0.0163574,0.32864,-0.000946045,0.329048,-0.251996,-1.02798,0.0133086,-0.367277,-1.03417,0
1781247083948617,40.5087,4.78939,-1.10262,-5.0011,4.7719,-1.42486,-5,0.0174885,0.322244,-0.00109863,0.32272,-0.258286,-1.02245,0.0133649,-0.373243,-1.0271,0
1781247083964617,40.5247,4.78514,-1.12043,-5.00116,4.76437,-1.44534,-5,0.0207658,0.324911,-0.00115967,0.325576,-0.262732,-1.01684,0.0135411,-0.379205,-1.01993,0
1781247083988617,40.5487,4.77863,-1.14687,-5.00122,4.75673,-1.46566,-5,0.0218954,0.318792,-0.0012207,0.319545,-0.269827,-1.01064,0.0137512,-0.385154,-1.01265,0
1781247084004617,40.5647,4.7742,-1.16431,-5.00125,4.74897,-1.48583,-5,0.0252242,0.321519,-0.00125122,0.322509,-0.27436,-1.00563,0.0131925,-0.391094,-1.00527,0
1781247084028617,40.5887,4.7674,-1.19021,-5.00131,4.7411,-1.50585,-5,0.0263057,0.315639,-0.00131226,0.316736,-0.281239,-0.998084,0.0118626,-0.397021,-0.997799,0
1781247084044617,40.6047,4.76277,-1.20729,-5.00137,4.73309,-1.52575,-5,0.0296783,0.318455,-0.00137329,0.319837,-0.286178,-0.992283,0.0117089,-0.402947,-0.990214,0
1781247084060617,40.6207,4.75807,-1.22423,-5.0014,4.72498,-1.54546,-5,0.0330873,0.321232,-0.00140381,0.322934,-0.290409,-0.987111,0.0115032,-0.408854,-0.982542,0
1781247084084617,40.6447,4.75088,-1.24937,-5.0014,4.71674,-1.56503,-5,0.034133,0.315653,-0.00140381,0.317496,-0.297555,-0.979578,0.0128899,-0.414753,-0.974768,0
1781247084108617,40.6687,4.74354,-1.27421,-5.00137,4.70839,-1.58444,-5,0.0351472,0.31023,-0.00137329,0.312217,-0.303881,-0.971002,0.0115903,-0.420642,-0.966897,0
1781247084124617,40.6847,4.73856,-1.29058,-5.00134,4.69992,-1.60369,-5,0.0386372,0.313105,-0.00134277,0.315482,-0.308517,-0.965477,0.0116167,-0.42652,-0.958929,0
1781247084148617,40.7087,4.73095,-1.31491,-5.00131,4.69134,-1.62278,-5,0.039609,0.307866,-0.00131226,0.310406,-0.315429,-0.95772,0.0124576,-0.432386,-0.950868,0
1781247084164617,40.7247,4.72579,-1.33096,-5.00131,4.68263,-1.64172,-5,0.0431604,0.310756,-0.00131226,0.313742,-0.319782,-0.951905,0.0132089,-0.438246,-0.942705,0
1781247084188617,40.7487,4.71791,-1.35477,-5.00125,4.67381,-1.66048,-5,0.0441036,0.305716,-0.00125122,0.308884,-0.32624,-0.941909,0.0142472,-0.444093,-0.934451,0
1781247084204617,40.7647,4.71259,-1.37047,-5.00119,4.66487,-1.67909,-5,0.0477242,0.308623,-0.00119019,0.312294,-0.32962,-0.936492,0.0131847,-0.449929,-0.926102,0
1781247084228617,40.7887,4.70448,-1.39378,-5.00113,4.65582,-1.69751,-5,0.0486546,0.303731,-0.00112915,0.307606,-0.337763,-0.926957,0.0134175,-0.455748,-0.917669,0
1781247084244617,40.8047,4.69896,-1.40916,-5.00104,4.64665,-1.71578,-5,0.0523067,0.306618,-0.0010376,0.311049,-0.342856,-0.92244,0.0147328,-0.461563,-0.909135,0
1781247084260617,40.8207,4.69336,-1.42443,-5.00098,4.63736,-1.73387,-5,0.0559983,0.309441,-0.000976562,0.314469,-0.347657,-0.917072,0.0140496,-0.467365,-0.900512,0
1781247084284617,40.8447,4.68483,-1.4471,-5.00085,4.62796,-1.75179,-5,0.0568666,0.30469,-0.000854492,0.309953,-0.354404,-0.907689,0.0142176,-0.473154,-0.8918,0
1781247084300617,40.8607,4.67904,-1.46205,-5.00082,4.61844,-1.76953,-5,0.0605993,0.307482,-0.000823975,0.313398,-0.35945,-0.901646,0.0118956,-0.478931,-0.883,0
1781247084324617,40.8847,4.67006,-1.48533,-5.00113,4.60881,-1.7871,-5,0.0612559,0.301768,-0.00112915,0.307925,-0.36906,-0.890907,0.0114151,-0.484696,-0.874112,0
1781247084348617,40.9087,4.66082,-1.50875,-5.00165,4.59903,-1.80454,-5,0.0617871,0.295784,-0.00164795,0.302173,-0.377768,-0.882579,0.0092697,-0.490467,-0.865108,0
1781247084364617,40.9247,4.65455,-1.52418,-5.00195,4.58915,-1.82176,-5,0.0653982,0.297588,-0.00195312,0.304695,-0.382268,-0.877795,0.0102467,-0.496215,-0.856033,0
1781247084388617,40.9487,4.64504,-1.54703,-5.00238,4.57918,-1.83879,-5,0.0658593,0.291759,-0.00238037,0.299109,-0.389413,-0.869164,0.0115473,-0.501942,-0.846886,0
1781247084404617,40.9647,4.6386,-1.56205,-5.00262,4.56905,-1.85569,-5,0.0695553,0.293641,-0.00262451,0.301778,-0.393699,-0.862818,0.0116987,-0.50768,-0.837617,0
1781247084428617,40.9887,4.62882,-1.58428,-5.00296,4.5589,-1.87224,-5,0.0699167,0.287959,-0.00296021,0.29634,-0.401472,-0.853033,0.0105862,-0.513346,-0.828361,0
1781247084444617,41.0047,4.62221,-1.59889,-5.0032,4.54858,-1.88871,-5,0.0736313,0.289819,-0.00320435,0.299043,-0.405684,-0.845351,0.0100316,-0.519037,-0.818961,0
1781247084468617,41.0287,4.61216,-1.62045,-5.00351,4.53807,-1.9051,-5,0.0740852,0.284649,-0.00350952,0.294153,-0.413623,-0.832955,0.0112435,-0.524755,-0.809412,0
1781247084484617,41.0447,4.60536,-1.63461,-5.00369,4.52756,-1.92114,-5,0.0778012,0.286534,-0.00369263,0.296931,-0.418681,-0.82616,0.0111713,-0.530402,-0.799878,0
1781247084508617,41.0687,4.595,-1.65554,-5.00388,4.51689,-1.93705,-5,0.0781112,0.281503,-0.00387573,0.292165,-0.42657,-0.814568,0.0118568,-0.536057,-0.790229,0
1781247084524617,41.0847,4.58801,-1.66929,-5.004,4.50615,-1.9527,-5,0.0818577,0.283414,-0.0039978,0.295026,-0.431013,-0.808045,0.0122805,-0.541678,-0.780536,0
1781247084548782,41.1089,4.5774,-1.68963,-5.00409,4.49521,-1.96828,-5,0.0821891,0.278647,-0.00408936,0.290544,-0.436673,-0.798187,0.0133203,-0.547327,-0.770694,0
1781247084564782,41.1249,4.57025,-1.70301,-5.00412,4.4842,-1.9836,-5,0.0860448,0.280597,-0.00411987,0.293522,-0.442046,-0.790217,0.0152546,-0.552942,-0.760808,0
1781247084588782,41.1489,4.55938,-1.72278,-5.00415,4.4731,-1.99871,-5,0.0862799,0.275929,-0.00415039,0.289134,-0.449055,-0.780446,0.0155732,-0.558536,-0.750861,0
1781247084604782,41.1649,4.55204,-1.73578,-5.00418,4.46186,-2.01365,-5,0.0901866,0.277862,-0.00418091,0.292162,-0.453552,-0.773006,0.0146753,-0.564128,-0.740816,0
1781247084628782,41.1889,4.54091,-1.75497,-5.00415,4.4505,-2.02838,-5,0.0904131,0.273415,-0.00415039,0.288006,-0.460636,-0.760941,0.014974,-0.569707,-0.730695,0
1781247084644782,41.2049,4.5334,-1.76758,-5.00415,4.4391,-2.04284,-5,0.0943007,0.275256,-0.00415039,0.290991,-0.465029,-0.753611,0.0150665,-0.575239,-0.720559,0
1781247084668782,41.2289,4.522,-1.78622,-5.00409,4.42749,-2.05721,-5,0.0945106,0.270985,-0.00408936,0.287022,-0.471884,-0.74364,0.0148791,-0.580805,-0.710264,0
1781247084684782,41.2449,4.5143,-1.79847,-5.00403,4.41594,-2.07115,-5,0.0983558,0.272683,-0.00402832,0.289907,-0.476786,-0.735525,0.0151724,-0.586272,-0.700057,0
1781247084708782,41.2689,4.50261,-1.81656,-5.00394,4.40413,-2.08509,-5,0.0984797,0.268529,-0.00393677,0.286045,-0.48517,-0.724209,0.0148759,-0.5918,-0.689637,0
1781247084724782,41.2849,4.49449,-1.82924,-5.00418,4.3922,-2.09882,-5,0.102284,0.269581,-0.00418091,0.288363,-0.490788,-0.715518,0.0145682,-0.597315,-0.679144,0
1781247084748782,41.3089,4.48182,-1.84908,-5.00494,4.3802,-2.11231,-5,0.101624,0.263228,-0.00494385,0.282207,-0.498486,-0.70578,0.0148118,-0.6028,-0.668612,0
1781247084764782,41.3249,4.47331,-1.86204,-5.00543,4.36814,-2.12551,-5,0.105165,0.263468,-0.00543213,0.283734,-0.503476,-0.698141,0.0142767,-0.608242,-0.658067,0
1781247084788782,41.3489,4.46044,-1.88111,-5.00613,4.35593,-2.13856,-5,0.104506,0.257446,-0.00613403,0.277916,-0.510377,-0.688446,0.0135963,-0.613691,-0.647413,0
1781247084804782,41.3649,4.45179,-1.89358,-5.00656,4.34363,-2.15137,-5,0.108161,0.257793,-0.00656128,0.279641,-0.515007,-0.680527,0.0140777,-0.619118,-0.636709,0
1781247084828782,41.3889,4.43871,-1.9119,-5.00708,4.33114,-2.16405,-5,0.107574,0.252146,-0.00708008,0.274226,-0.521507,-0.66991,0.0161392,-0.624561,-0.625877,0
1781247084844782,41.4049,4.42994,-1.92388,-5.00742,4.31858,-2.17648,-5,0.111363,0.252591,-0.00741577,0.27615,-0.525267,-0.661866,0.01528,-0.629975,-0.615011,0
1781247084868782,41.4289,4.41669,-1.94147,-5.00787,4.30594,-2.18865,-5,0.110752,0.247182,-0.00787354,0.270974,-0.532528,-0.648742,0.015255,-0.635359,-0.604109,0
1781247084884782,41.4449,4.40778,-1.95295,-5.00812,4.29314,-2.20066,-5,0.114639,0.247715,-0.00811768,0.273076,-0.536376,-0.641028,0.0170928,-0.64075,-0.593103,0
1781247084908782,41.4689,4.39431,-1.96982,-5.00845,4.28031,-2.21238,-5,0.113998,0.242554,-0.00845337,0.268141,-0.542416,-0.630035,0.0158209,-0.646091,-0.582107,0
1781247084924782,41.4849,4.38527,-1.98086,-5.00867,4.26735,-2.22389,-5,0.117924,0.243036,-0.00866699,0.270273,-0.546887,-0.622824,0.0151077,-0.651427,-0.571028,0
1781247084940782,41.5009,4.37617,-1.99171,-5.00891,4.25426,-2.23521,-5,0.121909,0.2435,-0.00891113,0.272458,-0.552553,-0.614078,0.0120857,-0.656758,-0.559871,0
1781247084964782,41.5249,4.36238,-2.00765,-5.00922,4.24108,-2.24629,-5,0.121305,0.238642,-0.00921631,0.267862,-0.559645,-0.602354,0.0120822,-0.662063,-0.548675,0
1781247084988782,41.5489,4.34848,-2.02319,-5.00952,4.22778,-2.25715,-5,0.120696,0.233964,-0.00952148,0.263434,-0.564967,-0.589828,0.0128701,-0.667357,-0.537415,0
1781247085004782,41.5649,4.33916,-2.03333,-5.0097,4.21439,-2.26778,-5,0.124767,0.234451,-0.00970459,0.26576,-0.567701,-0.582212,0.0116377,-0.67263,-0.52611,0
1781247085028782,41.5889,4.32508,-2.04822,-5.00998,4.20091,-2.27818,-5,0.124172,0.22996,-0.00997925,0.261534,-0.57404,-0.568594,0.0109993,-0.677882,-0.514762,0
1781247085044782,41.6049,4.31563,-2.05791,-5.01013,4.18722,-2.28841,-5,0.128415,0.230502,-0.0101318,0.264053,-0.577336,-0.560115,0.0119285,-0.683155,-0.50328,0
1781247085068782,41.6289,4.30139,-2.07212,-5.01031,4.17357,-2.29832,-5,0.12782,0.226198,-0.0103149,0.260019,-0.582883,-0.546808,0.0111024,-0.688355,-0.491867,0
1781247085084782,41.6449,4.29182,-2.08139,-5.01044,4.15975,-2.30804,-5,0.132074,0.226652,-0.010437,0.262534,-0.586482,-0.539595,0.0115817,-0.693563,-0.480352,0
1781247085108782,41.6689,4.27738,-2.09499,-5.01059,4.14582,-2.31754,-5,0.131557,0.222547,-0.0105896,0.25874,-0.593799,-0.527011,0.0112097,-0.698757,-0.468782,0
1781247085124782,41.6849,4.26756,-2.10484,-5.0112,4.13183,-2.32677,-5,0.135735,0.221926,-0.0112,0.260386,-0.597658,-0.518978,0.0108573,-0.703917,-0.457202,0
1781247085148782,41.7089,4.25276,-2.11923,-5.01205,4.11774,-2.33577,-5,0.135017,0.21654,-0.0120544,0.255469,-0.604259,-0.506734,0.0113194,-0.709058,-0.445578,0
1781247085164782,41.7249,4.2428,-2.12857,-5.01257,4.10351,-2.34457,-5,0.13929,0.215996,-0.0125732,0.257321,-0.609152,-0.498305,0.0112343,-0.714195,-0.43388,0
1781247085188782,41.7489,4.22778,-2.14218,-5.01328,4.08918,-2.35313,-5,0.138605,0.210943,-0.0132751,0.252754,-0.613212,-0.485084,0.0122763,-0.719315,-0.422138,0
1781247085204782,41.7649,4.21772,-2.151,-5.0137,4.07475,-2.36145,-5,0.142972,0.210444,-0.0137024,0.254785,-0.618292,-0.477151,0.0118706,-0.724415,-0.410356,0
1781247085228782,41.7889,4.2025,-2.16388,-5.01428,4.06022,-2.36953,-5,0.14228,0.205652,-0.0142822,0.25048,-0.624709,-0.464219,0.0132471,-0.729496,-0.398538,0
1781247085244782,41.8049,4.19227,-2.17222,-5.01462,4.04558,-2.37738,-5,0.146692,0.205167,-0.0146179,0.252637,-0.628486,-0.456676,0.012655,-0.734563,-0.386668,0
1781247085268782,41.8289,4.17681,-2.1844,-5.01511,4.03084,-2.38499,-5,0.145975,0.200595,-0.0151062,0.248546,-0.635871,-0.445054,0.0119625,-0.739608,-0.374767,0
1781247085284782,41.8449,4.16642,-2.1923,-5.01544,4.01595,-2.39239,-5,0.150465,0.20009,-0.0154419,0.250827,-0.64098,-0.437023,0.0111399,-0.744652,-0.362788,0
1781247085308782,41.8689,4.15071,-2.20381,-5.0159,4.00106,-2.3995,-5,0.149645,0.195695,-0.0158997,0.246866,-0.645932,-0.42365,0.0117318,-0.749646,-0.350849,0
1781247085324782,41.8849,4.14019,-2.21124,-5.01617,3.98598,-2.40642,-5,0.154209,0.195178,-0.0161743,0.249272,-0.648895,-0.414326,0.0120476,-0.754651,-0.338802,0
1781247085348782,41.9089,4.1243,-2.22204,-5.01654,3.97084,-2.41307,-5,0.153467,0.191037,-0.0165405,0.245603,-0.655518,-0.400616,0.0119561,-0.759624,-0.326755,0
1781247085364782,41.9249,4.11364,-2.22899,-5.01675,3.95564,-2.41947,-5,0.158002,0.190475,-0.0167542,0.248045,-0.659226,-0.390902,0.0130068,-0.764563,-0.31471,0
1781247085388782,41.9489,4.09754,-2.2391,-5.017,3.94032,-2.42564,-5,0.157223,0.186535,-0.0169983,0.244547,-0.665539,-0.378493,0.0142102,-0.769493,-0.302608,0
1781247085404782,41.9649,4.08673,-2.24562,-5.01712,3.92481,-2.43159,-5,0.161925,0.185976,-0.0171204,0.247183,-0.669263,-0.368642,0.0159545,-0.77443,-0.290413,0
1781247085428782,41.9889,4.07042,-2.25504,-5.01718,3.90936,-2.43725,-5,0.161059,0.182205,-0.0171814,0.243791,-0.675949,-0.354889,0.0187253,-0.7793,-0.278307,0
1781247085444782,42.0049,4.05945,-2.2611,-5.01718,3.89371,-2.4427,-5,0.16574,0.181594,-0.0171814,0.246458,-0.680106,-0.34531,0.0194516,-0.784179,-0.266101,0
1781247085468782,42.0289,4.04291,-2.26988,-5.01709,3.87798,-2.4479,-5,0.164925,0.17802,-0.0170898,0.243276,-0.686352,-0.332095,0.0207816,-0.789037,-0.253874,0
1781247085484782,42.0449,4.03181,-2.27552,-5.01703,3.86208,-2.45287,-5,0.169722,0.177348,-0.0170288,0.246065,-0.689447,-0.32444,0.0206683,-0.793895,-0.241569,0
1781247085508782,42.0689,4.01506,-2.2837,-5.01685,3.84624,-2.45756,-5,0.168815,0.173856,-0.0168457,0.242916,-0.696323,-0.311044,0.0212042,-0.798688,-0.229357,0
1781247085524782,42.0849,4.00384,-2.29001,-5.01706,3.83022,-2.46202,-5,0.173619,0.172013,-0.0170593,0.244996,-0.700077,-0.302284,0.022213,-0.803484,-0.217062,0
1781247085548949,42.1091,3.98692,-2.29905,-5.0173,3.81406,-2.46625,-5,0.172856,0.167197,-0.0173035,0.241109,-0.705712,-0.289361,0.0240369,-0.808275,-0.204705,0
1781247085564949,42.1251,3.97556,-2.30482,-5.01743,3.79791,-2.4702,-5,0.177655,0.165384,-0.0174255,0.243345,-0.709477,-0.279988,0.0227499,-0.813015,-0.192411,0
1781247085588949,42.1491,3.95845,-2.31309,-5.01764,3.78152,-2.47395,-5,0.17693,0.160861,-0.0176392,0.239774,-0.713537,-0.2671,0.0218142,-0.817777,-0.179986,0
1781247085604949,42.1651,3.94697,-2.31834,-5.01773,3.76511,-2.47742,-5,0.181857,0.159081,-0.0177307,0.242267,-0.717526,-0.259134,0.0232965,-0.822494,-0.167605,0
1781247085628949,42.1891,3.92963,-2.32587,-5.01779,3.74863,-2.48065,-5,0.181001,0.154783,-0.0177917,0.238821,-0.723416,-0.246398,0.0232121,-0.827186,-0.155221,0
1781247085644949,42.2051,3.91799,-2.33065,-5.01782,3.73207,-2.48363,-5,0.185926,0.152972,-0.0178223,0.241427,-0.727515,-0.238044,0.0233149,-0.831853,-0.142833,0
1781247085668949,42.2291,3.90044,-2.33748,-5.01785,3.71544,-2.48635,-5,0.184995,0.148871,-0.0178528,0.238127,-0.732698,-0.224431,0.0226598,-0.836491,-0.130452,0
1781247085684949,42.2451,3.88867,-2.34178,-5.01782,3.69866,-2.48883,-5,0.190006,0.147058,-0.0178223,0.240928,-0.736455,-0.21483,0.0240868,-0.841127,-0.118009,0
1781247085708949,42.2691,3.87091,-2.34786,-5.01773,3.6818,-2.49107,-5,0.189112,0.143209,-0.0177307,0.237879,-0.741275,-0.200874,0.0249346,-0.845738,-0.105564,0
1781247085724949,42.2851,3.85901,-2.35167,-5.01767,3.66486,-2.49305,-5,0.194149,0.141378,-0.0176697,0.240819,-0.744562,-0.190887,0.0250748,-0.850322,-0.0931234,0
1781247085748949,42.3091,3.84108,-2.35703,-5.01752,3.64782,-2.49479,-5,0.193256,0.137759,-0.0175171,0.237975,-0.749276,-0.177085,0.0244149,-0.85489,-0.0806609,0
1781247085764949,42.3251,3.82906,-2.36036,-5.01743,3.63068,-2.49628,-5,0.198375,0.135915,-0.0174255,0.2411,-0.752967,-0.166886,0.0246251,-0.859438,-0.0681859,0
1781247085788949,42.3491,3.81091,-2.36501,-5.01724,3.61345,-2.49752,-5,0.197455,0.13251,-0.0172424,0.238421,-0.758999,-0.15308,0.0243506,-0.863965,-0.0557041,0
1781247085804949,42.3651,3.79875,-2.36788,-5.01712,3.59614,-2.49851,-5,0.202613,0.130624,-0.0171204,0.241677,-0.761259,-0.144972,0.0246483,-0.868468,-0.0432203,0
1781247085828949,42.3891,3.78042,-2.37187,-5.01688,3.57872,-2.49924,-5,0.201694,0.127376,-0.0168762,0.239144,-0.766419,-0.131941,0.0244183,-0.872953,-0.0307256,0
1781247085844949,42.4051,3.76812,-2.37432,-5.01669,3.56124,-2.49973,-5,0.206878,0.125418,-0.0166931,0.242501,-0.770722,-0.123,0.0242846,-0.87741,-0.0182418,0
1781247085868949,42.4291,3.74955,-2.37767,-5.01639,3.54364,-2.49997,-5,0.20591,0.1223,-0.0163879,0.240052,-0.77549,-0.109756,0.025079,-0.881851,-0.00574097,0
1781247085884949,42.4451,3.73711,-2.3797,-5.01617,3.52596,-2.49996,-5,0.211148,0.120264,-0.0161743,0.243533,-0.780023,-0.100801,0.0247395,-0.88627,0.00675888,0
1781247085900949,42.4611,3.7246,-2.38155,-5.01593,3.5082,-2.4997,-5,0.216395,0.11815,-0.0159302,0.247063,-0.783673,-0.0920843,0.0252973,-0.890664,0.0192523,0
1781247085924949,42.4851,3.70518,-2.38496,-5.01593,3.49036,-2.49919,-5,0.214822,0.114231,-0.0159302,0.243826,-0.788097,-0.0794829,0.0264562,-0.895036,0.0317422,0
1781247085948949,42.5091,3.68543,-2.38839,-5.01608,3.47241,-2.49843,-5,0.213013,0.110041,-0.0160828,0.240296,-0.793522,-0.0661063,0.0264268,-0.899387,0.0442344,0
1781247085964949,42.5251,3.67221,-2.39043,-5.01611,3.45439,-2.49742,-5,0.217824,0.106996,-0.0161133,0.243218,-0.797251,-0.058635,0.0269041,-0.903715,0.056722,0
1781247085980949,42.5411,3.65897,-2.39228,-5.01611,3.43627,-2.49617,-5,0.222698,0.10389,-0.0161133,0.246266,-0.799743,-0.0493135,0.026477,-0.908022,0.0692057,0
1781247086004949,42.5651,3.63906,-2.39466,-5.01605,3.41807,-2.49466,-5,0.220984,0.099997,-0.0160522,0.243086,-0.805407,-0.0349017,0.0268651,-0.912304,0.0816787,0
1781247086020949,42.5811,3.62572,-2.396,-5.01596,3.39979,-2.4929,-5,0.225935,0.0969021,-0.0159607,0.246356,-0.810193,-0.0261212,0.0277459,-0.916564,0.0941435,0
1781247086044949,42.6051,3.60564,-2.39767,-5.01578,3.38143,-2.49089,-5,0.224206,0.0932219,-0.0157776,0.243326,-0.815832,-0.0143959,0.0281391,-0.920799,0.106593,0
1781247086060949,42.6211,3.59218,-2.39857,-5.01566,3.36296,-2.48864,-5,0.229223,0.0900676,-0.0156555,0.24678,-0.820935,-0.00604156,0.0278772,-0.925017,0.11905,0
1781247086084949,42.6451,3.57191,-2.39958,-5.01541,3.34443,-2.48613,-5,0.227489,0.0865498,-0.0154114,0.243884,-0.826452,0.00789243,0.0278782,-0.929207,0.131482,0
1781247086100949,42.6611,3.55835,-2.40001,-5.01523,3.3258,-2.48338,-5,0.232548,0.0833731,-0.0152283,0.247511,-0.829718,0.0165413,0.027467,-0.933375,0.143903,0
1781247086124949,42.6851,3.53795,-2.40032,-5.01492,3.30711,-2.48038,-5,0.230842,0.0800622,-0.0149231,0.244787,-0.833329,0.0300021,0.0269508,-0.937518,0.156303,0
1781247086140949,42.7011,3.52432,-2.4003,-5.01471,3.28833,-2.47713,-5,0.235991,0.076829,-0.0147095,0.248618,-0.836229,0.0388999,0.0272882,-0.941637,0.16869,0
1781247086164949,42.7251,3.50382,-2.39994,-5.01437,3.26945,-2.47363,-5,0.234376,0.0736961,-0.0143738,0.24611,-0.84026,0.0528276,0.0261248,-0.945738,0.181072,0
1781247086180949,42.7411,3.4901,-2.39948,-5.01413,3.25034,-2.46986,-5,0.239758,0.0703795,-0.0141296,0.250274,-0.844657,0.0615365,0.0266398,-0.949845,0.193529,0
1781247086204949,42.7651,3.46944,-2.39845,-5.01382,3.23147,-2.4659,-5,0.237978,0.0674484,-0.0138245,0.247738,-0.848893,0.0760669,0.0265521,-0.953862,0.205763,0
1781247086220949,42.7811,3.45563,-2.39755,-5.01358,3.21236,-2.46166,-5,0.243269,0.0641124,-0.0135803,0.251942,-0.852043,0.084509,0.0271403,-0.957887,0.218077,0
1781247086244949,42.8051,3.43485,-2.39586,-5.01321,3.19316,-2.45718,-5,0.241686,0.0613136,-0.0132141,0.249692,-0.855989,0.099527,0.0258479,-0.96189,0.230373,0
1781247086268949,42.8291,3.41398,-2.39378,-5.01285,3.17389,-2.45245,-5,0.24009,0.0586677,-0.0128479,0.247488,-0.861952,0.114245,0.0266486,-0.965869,0.242644,0
1781247086284949,42.8451,3.40001,-2.39216,-5.0126,3.15453,-2.44747,-5,0.24548,0.0553095,-0.0126038,0.25195,-0.863719,0.123375,0.0276235,-0.969823,0.254892,0
1781247086308949,42.8691,3.37901,-2.38947,-5.01218,3.1351,-2.44225,-5,0.243912,0.0527878,-0.0121765,0.249855,-0.867909,0.134573,0.0275817,-0.973754,0.267114,0
1781247086324949,42.8851,3.36434,-2.38788,-5.0123,3.11546,-2.43675,-5,0.248875,0.0488715,-0.0122986,0.253926,-0.87248,0.142776,0.0278244,-0.977685,0.27939,0
1781247086340949,42.9011,3.34964,-2.38612,-5.01239,3.09599,-2.43108,-5,0.253648,0.0449572,-0.0123901,0.257899,-0.876056,0.151086,0.0294677,-0.981543,0.291484,0
1781247086364949,42.9251,3.32757,-2.38317,-5.01242,3.07618,-2.42508,-5,0.251394,0.0419106,-0.0124207,0.255166,-0.879776,0.163619,0.0294278,-0.985429,0.303713,0
1781247086388949,42.9491,3.30546,-2.37982,-5.01242,3.05645,-2.41889,-5,0.249008,0.0390792,-0.0124207,0.252362,-0.886574,0.177549,0.0283761,-0.989259,0.315812,0
1781247086404949,42.9651,3.29067,-2.37736,-5.01239,3.03673,-2.41249,-5,0.253937,0.0351274,-0.0123901,0.256655,-0.889782,0.186032,0.0287349,-0.993047,0.327826,0
1781247086428949,42.9891,3.26847,-2.37339,-5.01236,3.01687,-2.40583,-5,0.2516,0.0324364,-0.0123596,0.253983,-0.893279,0.198432,0.0276144,-0.996823,0.339851,0
1781247086444949,43.0051,3.25364,-2.37052,-5.0123,2.99682,-2.39889,-5,0.256815,0.0283647,-0.0122986,0.25867,-0.897675,0.208601,0.0272232,-1.00059,0.351904,0
1781247086468949,43.0291,3.23133,-2.36586,-5.01221,2.97674,-2.39172,-5,0.254593,0.0258524,-0.012207,0.256193,-0.903547,0.223066,0.0268125,-1.00433,0.363902,0
1781247086484949,43.0451,3.21642,-2.36254,-5.01212,2.95663,-2.38432,-5,0.259791,0.0217788,-0.0121155,0.260984,-0.906411,0.232196,0.0257803,-1.00804,0.375836,0
1781247086508949,43.0691,3.19402,-2.35724,-5.01202,2.93641,-2.37668,-5,0.257607,0.0194356,-0.0120239,0.258619,-0.910267,0.245324,0.0241793,-1.01173,0.387748,0
1781247086524949,43.0851,3.17904,-2.35349,-5.01193,2.91628,-2.36886,-5,0.262758,0.0153687,-0.0119324,0.263478,-0.913646,0.254493,0.0244362,-1.01536,0.399529,0
1781247086548949,43.1091,3.15653,-2.34754,-5.01172,2.89596,-2.36076,-5,0.260563,0.0132184,-0.0117188,0.261161,-0.917238,0.269562,0.0249065,-1.01899,0.41134,0
1781247086565116,43.1252,3.1415,-2.34336,-5.01157,2.87552,-2.35241,-5,0.265975,0.00904918,-0.0115662,0.26638,-0.91971,0.278923,0.024903,-1.0226,0.423137,0
1781247086589116,43.1492,3.11891,-2.33678,-5.01132,2.85505,-2.34383,-5,0.263859,0.00705242,-0.011322,0.264196,-0.923252,0.291915,0.0241829,-1.02618,0.434871,0
1781247086605116,43.1652,3.10381,-2.33221,-5.01114,2.83449,-2.33502,-5,0.269322,0.00281239,-0.0111389,0.269567,-0.9263,0.299735,0.0232256,-1.02974,0.446567,0
1781247086629116,43.1892,3.08112,-2.32509,-5.01089,2.81387,-2.32597,-5,0.267256,0.000887871,-0.0108948,0.267479,-0.930192,0.311776,0.0232895,-1.03326,0.458215,0
1781247086645116,43.2052,3.06596,-2.32015,-5.01068,2.79318,-2.3167,-5,0.27278,-0.00345278,-0.0106812,0.273011,-0.933452,0.321106,0.0238233,-1.03677,0.469816,0
1781247086669116,43.2292,3.04314,-2.31245,-5.01035,2.7724,-2.30718,-5,0.270742,-0.00526619,-0.0103455,0.27099,-0.937665,0.334281,0.0253997,-1.04025,0.481379,0
1781247086685116,43.2452,3.02789,-2.30714,-5.01013,2.75156,-2.29744,-5,0.276329,-0.00969768,-0.0101318,0.276685,-0.940422,0.342119,0.0253232,-1.0437,0.492889,0
1781247086701116,43.2612,3.01261,-2.30169,-5.00989,2.73066,-2.28747,-5,0.28195,-0.0142159,-0.0098877,0.282482,-0.944506,0.350487,0.024487,-1.04712,0.504349,0
1781247086725116,43.2852,2.98816,-2.29389,-5.0098,2.70968,-2.27727,-5,0.278481,-0.0166192,-0.00979614,0.279148,-0.949946,0.364621,0.0254311,-1.05052,0.515761,0
1781247086749116,43.3092,2.96305,-2.28602,-5.00977,2.68864,-2.26684,-5,0.274413,-0.0191832,-0.00976562,0.275256,-0.954125,0.376374,0.0262132,-1.0539,0.527122,0
1781247086765116,43.3252,2.94635,-2.28057,-5.00974,2.66753,-2.25619,-5,0.278822,-0.0243864,-0.00973511,0.280056,-0.956428,0.383984,0.0260553,-1.05725,0.538428,0
1781247086789116,43.3492,2.92136,-2.27209,-5.00961,2.64636,-2.24531,-5,0.275006,-0.0267861,-0.00961304,0.276475,-0.960956,0.396413,0.024789,-1.06057,0.549679,0
1781247086805116,43.3652,2.90471,-2.26623,-5.00955,2.62513,-2.23421,-5,0.279574,-0.0320127,-0.009552,0.281563,-0.965091,0.405027,0.0242651,-1.06386,0.560868,0
1781247086829116,43.3892,2.87973,-2.25711,-5.00943,2.60382,-2.22288,-5,0.275916,-0.0342336,-0.00942993,0.278191,-0.969584,0.416824,0.0233829,-1.06713,0.572014,0
1781247086845116,43.4052,2.8631,-2.25085,-5.00934,2.58245,-2.21134,-5,0.280644,-0.0395181,-0.00933838,0.283567,-0.972527,0.423808,0.0231142,-1.07037,0.583094,0
1781247086869116,43.4292,2.83814,-2.2412,-5.00919,2.56103,-2.19957,-5,0.277113,-0.0416267,-0.00918579,0.280373,-0.977896,0.434339,0.023646,-1.07358,0.594115,0
1781247086885116,43.4452,2.82149,-2.23458,-5.00903,2.53951,-2.18757,-5,0.281979,-0.0470114,-0.0090332,0.286013,-0.980305,0.441355,0.0239609,-1.07677,0.605088,0
1781247086901116,43.4612,2.80485,-2.22783,-5.00891,2.51796,-2.17537,-5,0.286886,-0.0524611,-0.00891113,0.29178,-0.983684,0.448894,0.0227507,-1.07993,0.615986,0
1781247086925116,43.4852,2.77989,-2.21744,-5.0087,2.49636,-2.16296,-5,0.28353,-0.0544808,-0.00869751,0.288848,-0.987923,0.459917,0.0223686,-1.08306,0.626821,0
1781247086941116,43.5012,2.76324,-2.21032,-5.00854,2.47464,-2.1503,-5,0.288597,-0.0600202,-0.00854492,0.294896,-0.990082,0.468211,0.0225647,-1.08617,0.637616,0
1781247086965116,43.5252,2.73825,-2.19936,-5.0083,2.45289,-2.13744,-5,0.285356,-0.0619197,-0.00830078,0.292115,-0.99555,0.4802,0.0223925,-1.08925,0.648331,0
1781247086989116,43.5492,2.71322,-2.1881,-5.008,2.43108,-2.12437,-5,0.282137,-0.0637243,-0.00799561,0.289354,-1.00058,0.490972,0.0231955,-1.0923,0.658985,0
1781247087005116,43.5652,2.69651,-2.18041,-5.00778,2.40922,-2.11109,-5,0.287298,-0.0693161,-0.00778198,0.295644,-1.00286,0.499256,0.0230027,-1.09532,0.669568,0
1781247087029116,43.5892,2.67147,-2.1686,-5.00742,2.3873,-2.09761,-5,0.284177,-0.0709984,-0.00741577,0.293006,-1.00589,0.510677,0.0227517,-1.09832,0.680082,0
1781247087045116,43.6052,2.65476,-2.16056,-5.00717,2.36529,-2.08389,-5,0.289472,-0.0766633,-0.00717163,0.299538,-1.009,0.519395,0.0231858,-1.10129,0.690541,0
1781247087069116,43.6292,2.62966,-2.14822,-5.00677,2.34327,-2.07,-5,0.286386,-0.0782137,-0.0067749,0.296951,-1.01385,0.53109,0.023406,-1.10423,0.700907,0
1781247087085116,43.6452,2.61291,-2.13981,-5.00647,2.32113,-2.05586,-5,0.291779,-0.0839486,-0.00646973,0.303684,-1.01539,0.539227,0.0228071,-1.10715,0.711236,0
1781247087101116,43.6612,2.59615,-2.13126,-5.00623,2.29897,-2.04154,-5,0.297184,-0.0897176,-0.00622559,0.310493,-1.01799,0.547994,0.0215073,-1.11003,0.721476,0
1781247087125116,43.6852,2.57045,-2.11803,-5.00604,2.27674,-2.02701,-5,0.293711,-0.0910189,-0.00604248,0.30755,-1.02244,0.560066,0.0198928,-1.11289,0.731644,0
1781247087141116,43.7012,2.55264,-2.1089,-5.00616,2.2545,-2.01231,-5,0.298135,-0.0965884,-0.00616455,0.313451,-1.02429,0.568218,0.0194335,-1.11572,0.741721,0
1781247087165116,43.7252,2.52601,-2.09495,-5.00632,2.23212,-1.99735,-5,0.293887,-0.0975959,-0.00631714,0.309733,-1.02559,0.580258,0.0174182,-1.11853,0.751763,0
1781247087189116,43.7492,2.49947,-2.08073,-5.00644,2.20973,-1.98222,-5,0.289738,-0.0985141,-0.00643921,0.306096,-1.03062,0.589196,0.0177119,-1.1213,0.761709,0
1781247087205116,43.7652,2.48178,-2.07113,-5.00647,2.18728,-1.96689,-5,0.294498,-0.10424,-0.00646973,0.312469,-1.03379,0.597308,0.0174974,-1.12405,0.77158,0
1781247087221116,43.7812,2.46411,-2.0614,-5.0065,2.16482,-1.95139,-5,0.299288,-0.110003,-0.00650024,0.31893,-1.03619,0.604754,0.0173964,-1.12676,0.781355,0
1781247087245116,43.8052,2.43765,-2.04657,-5.00653,2.14229,-1.93569,-5,0.295362,-0.110885,-0.00653076,0.315558,-1.03842,0.615097,0.0174201,-1.12945,0.791061,0
1781247087269116,43.8292,2.41123,-2.03148,-5.00656,2.11966,-1.91977,-5,0.291569,-0.111711,-0.00656128,0.312306,-1.0421,0.627315,0.0182279,-1.13212,0.800703,0
1781247087285116,43.8452,2.39364,-2.02125,-5.00656,2.097,-1.90366,-5,0.296645,-0.117595,-0.00656128,0.319171,-1.04311,0.634905,0.0181466,-1.13475,0.810259,0
1781247087301116,43.8612,2.37607,-2.01091,-5.00653,2.07428,-1.88736,-5,0.301794,-0.12355,-0.00653076,0.32617,-1.04439,0.642515,0.0181143,-1.13736,0.819737,0
1781247087325116,43.8852,2.34975,-1.99513,-5.00644,2.05152,-1.87088,-5,0.298224,-0.124249,-0.00643921,0.323136,-1.04748,0.655504,0.0203371,-1.13994,0.829125,0
1781247087349116,43.9092,2.32342,-1.9791,-5.00629,2.0287,-1.85421,-5,0.294719,-0.124889,-0.00628662,0.32015,-1.05183,0.665727,0.021134,-1.14249,0.838439,0
1781247087365116,43.9252,2.30585,-1.96826,-5.00613,2.00582,-1.83735,-5,0.300032,-0.130911,-0.00613403,0.327405,-1.05425,0.674149,0.0209433,-1.14501,0.847667,0
1781247087381116,43.9412,2.28829,-1.95729,-5.00598,1.9829,-1.82031,-5,0.305388,-0.136985,-0.00598145,0.334758,-1.05575,0.681323,0.0215859,-1.1475,0.856809,0
1781247087405116,43.9652,2.26197,-1.94064,-5.00583,1.95994,-1.80309,-5,0.302025,-0.137553,-0.00582886,0.331925,-1.05838,0.691378,0.0208179,-1.14996,0.865862,0
1781247087429116,43.9892,2.23569,-1.92372,-5.00562,1.93691,-1.78568,-5,0.298777,-0.138047,-0.00561523,0.329175,-1.05945,0.704043,0.0210911,-1.1524,0.874837,0
1781247087445116,44.0052,2.21817,-1.91227,-5.00546,1.91385,-1.7681,-5,0.304318,-0.144169,-0.00546265,0.336784,-1.06084,0.711824,0.0209867,-1.1548,0.883717,0
1781247087469116,44.0292,2.19192,-1.89486,-5.00522,1.89074,-1.75035,-5,0.301178,-0.144515,-0.00521851,0.334096,-1.06235,0.723439,0.0198304,-1.15718,0.892508,0
1781247087485116,44.0452,2.17443,-1.88311,-5.00507,1.86758,-1.73241,-5,0.306846,-0.150699,-0.00506592,0.341892,-1.06443,0.730514,0.0195175,-1.15953,0.901213,0
1781247087509116,44.0692,2.1482,-1.86527,-5.00479,1.84432,-1.71426,-5,0.303879,-0.151003,-0.00479126,0.339363,-1.0652,0.742107,0.0222807,-1.16185,0.909849,0
1781247087525116,44.0852,2.12917,-1.85245,-5.00488,1.8211,-1.69602,-5,0.308068,-0.156436,-0.00488281,0.345546,-1.06715,0.749409,0.0219875,-1.16414,0.918358,0
1781247087549116,44.1092,2.10075,-1.83309,-5.00504,1.79778,-1.67755,-5,0.30297,-0.155533,-0.0050354,0.340597,-1.07104,0.760355,0.0196732,-1.1664,0.926798,0
1781247087565286,44.1254,2.08188,-1.82007,-5.00513,1.77445,-1.65895,-5,0.307435,-0.161123,-0.00512695,0.347136,-1.07193,0.768048,0.0192245,-1.16864,0.935134,0
1781247087589286,44.1494,2.05372,-1.80038,-5.00525,1.75103,-1.64014,-5,0.302684,-0.160232,-0.00524902,0.34252,-1.07332,0.779329,0.0185111,-1.17084,0.943389,0
1781247087605286,44.1654,2.03501,-1.78714,-5.00531,1.72757,-1.62117,-5,0.307445,-0.165962,-0.00531006,0.34942,-1.07544,0.786716,0.019587,-1.17302,0.951551,0
1781247087629286,44.1894,2.00704,-1.76709,-5.00534,1.70416,-1.60212,-5,0.30288,-0.164971,-0.00534058,0.344935,-1.0788,0.798769,0.0176654,-1.17516,0.959584,0
1781247087645286,44.2054,1.98844,-1.75361,-5.00537,1.68064,-1.58285,-5,0.307801,-0.170758,-0.00537109,0.352035,-1.08045,0.805996,0.0170997,-1.17727,0.967546,0
1781247087669286,44.2294,1.9606,-1.73323,-5.0054,1.65706,-1.56341,-5,0.303547,-0.169815,-0.00540161,0.347861,-1.08375,0.815056,0.0174769,-1.17936,0.975416,0
1781247087685286,44.2454,1.94209,-1.71955,-5.0054,1.63346,-1.54384,-5,0.308626,-0.17571,-0.00540161,0.35518,-1.08519,0.821258,0.0182313,-1.18141,0.98318,0
1781247087709286,44.2694,1.91438,-1.69887,-5.00531,1.60977,-1.52406,-5,0.304607,-0.174811,-0.00531006,0.351245,-1.08774,0.832164,0.0194729,-1.18344,0.990865,0
1781247087725286,44.2854,1.89595,-1.68496,-5.00525,1.58612,-1.5042,-5,0.309831,-0.180764,-0.00524902,0.358746,-1.08806,0.839047,0.0187177,-1.18544,0.998423,0
1781247087749286,44.3094,1.86837,-1.66393,-5.00513,1.56243,-1.48419,-5,0.305938,-0.179741,-0.00512695,0.354868,-1.09102,0.849443,0.0168534,-1.1874,1.00588,0
1781247087765286,44.3254,1.85002,-1.6498,-5.00504,1.53865,-1.46399,-5,0.31137,-0.185811,-0.0050354,0.362633,-1.09158,0.85604,0.0174328,-1.18934,1.01325,0
1781247087789286,44.3494,1.82256,-1.62847,-5.00485,1.51471,-1.44353,-5,0.307848,-0.184938,-0.00485229,0.35916,-1.09367,0.863415,0.0176394,-1.19126,1.02057,0
1781247087805286,44.3654,1.80428,-1.61415,-5.00473,1.4909,-1.42308,-5,0.313377,-0.191072,-0.00473022,0.367065,-1.0942,0.870622,0.0176592,-1.19314,1.02772,0
1781247087829286,44.3894,1.77693,-1.59253,-5.00458,1.46713,-1.40255,-5,0.309797,-0.189986,-0.00457764,0.363442,-1.09572,0.878782,0.0165795,-1.19498,1.03475,0
1781247087845286,44.4054,1.75871,-1.57803,-5.00449,1.44322,-1.38179,-5,0.315492,-0.196233,-0.00448608,0.371567,-1.09772,0.885157,0.0165588,-1.1968,1.04171,0
1781247087869286,44.4294,1.73137,-1.55609,-5.0043,1.41925,-1.36088,-5,0.312114,-0.195214,-0.00430298,0.368161,-1.1019,0.894114,0.017829,-1.19859,1.04857,0
1781247087885286,44.4454,1.71315,-1.54138,-5.00415,1.39525,-1.33983,-5,0.317896,-0.201551,-0.00415039,0.376428,-1.10334,0.899534,0.0184008,-1.20035,1.05533,0
1781247087909286,44.4694,1.68584,-1.51916,-5.00391,1.37127,-1.31869,-5,0.314563,-0.200467,-0.00390625,0.373031,-1.10451,0.908407,0.0185287,-1.20207,1.06196,0
1781247087925286,44.4854,1.66581,-1.5031,-5.00433,1.3472,-1.29738,-5,0.318603,-0.205718,-0.0043335,0.379271,-1.10645,0.913687,0.0189623,-1.20377,1.0685,0
1781247087949286,44.5094,1.63592,-1.47895,-5.00497,1.32287,-1.27573,-5,0.313049,-0.203215,-0.00497437,0.373257,-1.10877,0.923535,0.0168062,-1.20546,1.075,0
1781247087965286,44.5254,1.61612,-1.4628,-5.00537,1.29896,-1.25436,-5,0.31716,-0.208447,-0.00537109,0.379565,-1.1103,0.929426,0.016033,-1.20708,1.08127,0
1781247087989286,44.5494,1.58654,-1.43854,-5.00592,1.2748,-1.23267,-5,0.311738,-0.205869,-0.00592041,0.373628,-1.11364,0.937397,0.0160132,-1.20869,1.08749,0
1781247088005286,44.5654,1.5669,-1.42231,-5.00626,1.25064,-1.21089,-5,0.316265,-0.211424,-0.0062561,0.380477,-1.11461,0.943651,0.0164781,-1.21027,1.09359,0
1781247088029286,44.5894,1.53758,-1.3979,-5.00665,1.22645,-1.18898,-5,0.311134,-0.208918,-0.00665283,0.374827,-1.11789,0.951319,0.0158899,-1.21181,1.09958,0
1781247088045286,44.6054,1.5181,-1.38158,-5.0069,1.20219,-1.16693,-5,0.315903,-0.214658,-0.00689697,0.381995,-1.12044,0.956595,0.0161561,-1.21333,1.10547,0
1781247088061286,44.6214,1.49866,-1.36522,-5.00708,1.1779,-1.14475,-5,0.32076,-0.220469,-0.00708008,0.389286,-1.12107,0.96319,0.0160873,-1.21482,1.11125,0
1781247088085286,44.6454,1.46961,-1.34058,-5.00732,1.15361,-1.12248,-5,0.316,-0.218098,-0.00732422,0.384027,-1.12341,0.970377,0.0171698,-1.21627,1.11692,0
1781247088109286,44.6694,1.44066,-1.31586,-5.00751,1.12929,-1.10011,-5,0.311365,-0.21575,-0.00750732,0.378884,-1.12619,0.978018,0.017552,-1.2177,1.12247,0
1781247088125286,44.6854,1.42141,-1.29932,-5.00763,1.10495,-1.07763,-5,0.316458,-0.221692,-0.00762939,0.38646,-1.12811,0.984093,0.0175355,-1.21909,1.12791,0
1781247088149286,44.7094,1.39261,-1.27441,-5.00775,1.08056,-1.05502,-5,0.312052,-0.219383,-0.00775146,0.381531,-1.1296,0.991231,0.0161975,-1.22046,1.13324,0
1781247088165286,44.7254,1.37346,-1.25775,-5.00784,1.05611,-1.03229,-5,0.317345,-0.225461,-0.00784302,0.389361,-1.1319,0.995638,0.0150051,-1.2218,1.13846,0
1781247088189286,44.7494,1.3448,-1.2327,-5.008,1.03163,-1.00943,-5,0.313169,-0.223268,-0.00799561,0.384692,-1.13404,1.00134,0.0144041,-1.2231,1.14357,0
1781247088205286,44.7654,1.32573,-1.21597,-5.00806,1.00725,-0.986602,-5,0.318479,-0.229367,-0.00805664,0.39256,-1.13421,1.00516,0.0146981,-1.22437,1.14854,0
1781247088229286,44.7894,1.29721,-1.19077,-5.00815,0.982481,-0.963327,-5,0.314726,-0.227447,-0.00814819,0.388396,-1.13495,1.01368,0.0145966,-1.22563,1.15347,0
1781247088245286,44.8054,1.27824,-1.17393,-5.00818,0.958235,-0.940473,-5,0.320007,-0.233454,-0.00817871,0.396197,-1.13576,1.01703,0.0152262,-1.22683,1.15818,0
1781247088269286,44.8294,1.24986,-1.1486,-5.00818,0.933615,-0.917195,-5,0.316247,-0.231404,-0.00817871,0.391952,-1.13586,1.02206,0.0149899,-1.22802,1.16284,0
1781247088285286,44.8454,1.231,-1.13168,-5.00818,0.909101,-0.893948,-5,0.321897,-0.237735,-0.00817871,0.400253,-1.13591,1.0252,0.0151597,-1.22916,1.16735,0
1781247088309286,44.8694,1.20275,-1.10626,-5.00812,0.884496,-0.870547,-5,0.318257,-0.23571,-0.00811768,0.396122,-1.13709,1.03091,0.0157328,-1.23029,1.17177,0
1781247088325286,44.8854,1.18229,-1.08806,-5.00848,0.85991,-0.847098,-5,0.322383,-0.240963,-0.00848389,0.402574,-1.13825,1.03449,0.0159786,-1.23138,1.17606,0
1781247088341286,44.9014,1.16193,-1.06989,-5.00885,0.835189,-0.823455,-5,0.326743,-0.246431,-0.0088501,0.40935,-1.13972,1.03816,0.0157838,-1.23244,1.18025,0
1781247088365286,44.9254,1.13157,-1.04267,-5.00931,0.810595,-0.799872,-5,0.320972,-0.242793,-0.00930786,0.402565,-1.14147,1.04307,0.0149744,-1.23346,1.18429,0
1781247088389286,44.9494,1.1014,-1.01547,-5.00974,0.785906,-0.776137,-5,0.315495,-0.23933,-0.00973511,0.396119,-1.14293,1.05001,0.0149991,-1.23446,1.18824,0
1781247088405286,44.9654,1.08139,-0.997315,-5.00995,0.761035,-0.752168,-5,0.320359,-0.245147,-0.00994873,0.403517,-1.14355,1.05474,0.0145649,-1.23544,1.19208,0
1781247088429286,44.9894,1.05151,-0.970098,-5.01025,0.736533,-0.728498,-5,0.314978,-0.241599,-0.0102539,0.397098,-1.14586,1.05864,0.0145289,-1.23636,1.19575,0
1781247088445286,45.0054,1.03168,-0.951961,-5.01041,0.711711,-0.704464,-5,0.319966,-0.247497,-0.0104065,0.40465,-1.14582,1.0622,0.0145844,-1.23727,1.19935,0
1781247088469286,45.0294,1.00209,-0.924764,-5.01065,0.687051,-0.680534,-5,0.315037,-0.24423,-0.0106506,0.39876,-1.14549,1.06646,0.0144406,-1.23814,1.2028,0
1781247088485286,45.0454,0.982451,-0.906637,-5.01077,0.662329,-0.656492,-5,0.320122,-0.250145,-0.0107727,0.406407,-1.1458,1.07007,0.0148114,-1.23898,1.20613,0
1781247088509286,45.0694,0.9531,-0.87944,-5.01096,0.637477,-0.632275,-5,0.315623,-0.247165,-0.0109558,0.401034,-1.14669,1.07366,0.015766,-1.2398,1.20936,0
1781247088525286,45.0854,0.933599,-0.861328,-5.01102,0.612661,-0.608044,-5,0.320939,-0.253284,-0.0110168,0.408994,-1.14805,1.07504,0.0163934,-1.24058,1.21246,0
1781247088549286,45.1094,0.90445,-0.834193,-5.01105,0.587353,-0.583287,-5,0.317097,-0.250906,-0.0110474,0.404508,-1.14876,1.07817,0.0176388,-1.24135,1.2155,0
1781247088565286,45.1254,0.885084,-0.816105,-5.01105,0.562887,-0.559309,-5,0.322197,-0.256796,-0.0110474,0.412161,-1.14832,1.0813,0.0173256,-1.24205,1.21832,0
1781247088589456,45.1496,0.856136,-0.788952,-5.01099,0.538148,-0.535022,-5,0.317989,-0.253931,-0.0109863,0.407085,-1.14939,1.08566,0.0173252,-1.24274,1.22104,0
1781247088605456,45.1656,0.836897,-0.770843,-5.01093,0.513226,-0.510515,-5,0.323671,-0.260328,-0.0109253,0.415516,-1.1497,1.08803,0.0178378,-1.2434,1.22366,0
1781247088629456,45.1896,0.808125,-0.743696,-5.0108,0.488395,-0.486059,-5,0.319731,-0.257637,-0.0108032,0.410757,-1.1498,1.08929,0.0185407,-1.24402,1.22615,0
1781247088645456,45.2056,0.788995,-0.725627,-5.01068,0.463467,-0.461472,-5,0.325528,-0.264155,-0.0106812,0.419357,-1.15034,1.09051,0.0188233,-1.24462,1.22852,0
1781247088669456,45.2296,0.76035,-0.698525,-5.01047,0.438576,-0.436886,-5,0.321774,-0.261639,-0.0104675,0.414853,-1.15286,1.09314,0.0180706,-1.24518,1.23077,0
1781247088685456,45.2456,0.741282,-0.680458,-5.01035,0.413633,-0.412215,-5,0.327649,-0.268244,-0.0103455,0.423575,-1.15302,1.09526,0.0179368,-1.24572,1.23289,0
1781247088709456,45.2696,0.712734,-0.653355,-5.0101,0.388741,-0.387565,-5,0.323992,-0.265791,-0.0101013,0.419187,-1.15366,1.09836,0.0174421,-1.24622,1.23489,0
1781247088725456,45.2856,0.691692,-0.633676,-5.01025,0.363841,-0.362876,-5,0.327851,-0.2708,-0.0102539,0.425351,-1.15444,1.10069,0.0167314,-1.24669,1.23676,0
1781247088741456,45.3016,0.670779,-0.614063,-5.01038,0.338949,-0.33817,-5,0.331829,-0.275894,-0.010376,0.431666,-1.1551,1.10281,0.017064,-1.24712,1.23851,0
1781247088765456,45.3256,0.639606,-0.584757,-5.01056,0.313936,-0.313316,-5,0.32567,-0.271441,-0.0105591,0.424091,-1.15657,1.10711,0.0163574,-1.24753,1.24014,0
1781247088789456,45.3496,0.608701,-0.555545,-5.01071,0.289021,-0.288538,-5,0.31968,-0.267007,-0.0107117,0.416657,-1.15689,1.11045,0.0172314,-1.24791,1.24165,0
1781247088805456,45.3656,0.58822,-0.536129,-5.01077,0.264055,-0.263687,-5,0.324165,-0.272442,-0.0107727,0.423584,-1.15822,1.11367,0.017816,-1.24826,1.24303,0
1781247088829456,45.3896,0.557673,-0.507099,-5.01086,0.239049,-0.238776,-5,0.318624,-0.268323,-0.0108643,0.416697,-1.15788,1.11464,0.0166617,-1.24857,1.24429,0
1781247088845456,45.4056,0.537434,-0.487803,-5.01093,0.214143,-0.213946,-5,0.323291,-0.273856,-0.0109253,0.423832,-1.15816,1.11735,0.0166848,-1.24885,1.24541,0
1781247088869456,45.4296,0.507246,-0.458926,-5.01096,0.189145,-0.189009,-5,0.318101,-0.269917,-0.0109558,0.417329,-1.15882,1.12008,0.0163507,-1.24911,1.24642,0
1781247088885456,45.4456,0.48723,-0.439715,-5.01099,0.164156,-0.164067,-5,0.323074,-0.275647,-0.0109863,0.424828,-1.1566,1.12164,0.0169338,-1.24933,1.24731,0
1781247088901456,45.4616,0.467325,-0.420561,-5.01099,0.139106,-0.139052,-5,0.328219,-0.281509,-0.0109863,0.432546,-1.15605,1.12145,0.0170457,-1.24952,1.24806,0
1781247088925456,45.4856,0.437587,-0.391917,-5.01096,0.114221,-0.114192,-5,0.323366,-0.277725,-0.0109558,0.4264,-1.15692,1.12337,0.016888,-1.24967,1.2487,0
1781247088949456,45.5096,0.408032,-0.363346,-5.01086,0.0892018,-0.0891876,-5,0.31883,-0.274159,-0.0108643,0.420635,-1.15585,1.12486,0.0187655,-1.2498,1.2492,0
1781247088965456,45.5256,0.388406,-0.344344,-5.01077,0.0642849,-0.0642796,-5,0.324121,-0.280064,-0.0107727,0.428493,-1.1566,1.1255,0.0190593,-1.2499,1.24959,0
1781247088989456,45.5496,0.359077,-0.315897,-5.01059,0.0392363,-0.0392351,-5,0.319841,-0.276662,-0.0105896,0.423027,-1.1561,1.12885,0.0187923,-1.24996,1.24985,0
1781247089005456,45.5656,0.33959,-0.296954,-5.01044,0.0142309,-0.0142308,-5,0.325359,-0.282723,-0.010437,0.431161,-1.15607,1.12915,0.0184396,-1.24999,1.24998,0
1781247089029456,45.5896,0.310473,-0.268604,-5.01022,-0.010688,0.010688,-5,0.321161,-0.279292,-0.0102234,0.425738,-1.15598,1.13071,0.0180302,-1.25,1.24999,0
1781247089045456,45.6056,0.291134,-0.249742,-5.0101,-0.0357464,0.0357455,-5,0.326881,-0.285487,-0.0101013,0.434115,-1.15526,1.13061,0.0169923,-1.24997,1.24987,0
1781247089069456,45.6296,0.262252,-0.221531,-5.00986,-0.0606888,0.0606844,-5,0.322941,-0.282215,-0.00985718,0.428991,-1.1545,1.13015,0.0180205,-1.24991,1.24963,0
1781247089085456,45.6456,0.243062,-0.202781,-5.0097,-0.0857902,0.0857775,-5,0.328852,-0.288558,-0.00970459,0.437612,-1.15381,1.13005,0.0172743,-1.24982,1.24926,0
1781247089109456,45.6696,0.21439,-0.174721,-5.00946,-0.110791,0.110764,-5,0.325182,-0.285485,-0.00946045,0.432821,-1.15261,1.12939,0.0163994,-1.24969,1.24877,0
1781247089125456,45.6856,0.193775,-0.154468,-5.00961,-0.135632,0.135582,-5,0.329407,-0.290049,-0.00961304,0.43901,-1.15296,1.13066,0.0169887,-1.24954,1.24816,0
1781247089149456,45.7096,0.163067,-0.124266,-5.00977,-0.160635,0.160552,-5,0.323702,-0.284818,-0.00976562,0.431276,-1.15303,1.13204,0.0160204,-1.24935,1.24742,0
1781247089165456,45.7256,0.142728,-0.104244,-5.00986,-0.185594,0.185466,-5,0.328322,-0.28971,-0.00985718,0.437977,-1.15302,1.13276,0.0168131,-1.24914,1.24656,0
1781247089189456,45.7496,0.112413,-0.0743973,-5.00989,-0.210712,0.210525,-5,0.323124,-0.284922,-0.0098877,0.430915,-1.15343,1.13169,0.0179508,-1.24889,1.24556,0
1781247089205456,45.7656,0.0923217,-0.0545957,-5.00989,-0.23555,0.235289,-5,0.327872,-0.289884,-0.0098877,0.437756,-1.15318,1.13353,0.0205542,-1.24861,1.24445,0
1781247089229456,45.7896,0.0623528,-0.0250374,-5.00977,-0.260474,0.26012,-5,0.322827,-0.285158,-0.00976562,0.430845,-1.15397,1.13222,0.0211737,-1.2483,1.24322,0
1781247089245456,45.8056,0.0424759,-0.00544515,-5.00967,-0.285495,0.285029,-5,0.327971,-0.290474,-0.00967407,0.438217,-1.15312,1.1318,0.0217565,-1.24796,1.24185,0
1781247089269456,45.8296,0.012833,0.0237901,-5.00952,-0.310444,0.309845,-5,0.323277,-0.286055,-0.00952148,0.431772,-1.15187,1.13152,0.0224934,-1.24759,1.24036,0
1781247089285456,45.8456,-0.00681192,0.0432007,-5.00937,-0.335439,0.334683,-5,0.328627,-0.291482,-0.0093689,0.439369,-1.15049,1.13116,0.0230336,-1.24718,1.23875,0
1781247089309456,45.8696,-0.036132,0.0721888,-5.00916,-0.36033,0.359393,-5,0.324198,-0.287204,-0.00915527,0.433214,-1.15041,1.13207,0.0232827,-1.24675,1.23702,0
1781247089325456,45.8856,-0.0555993,0.091447,-5.00897,-0.385208,0.384063,-5,0.329609,-0.292616,-0.00897217,0.440848,-1.15048,1.13191,0.0233415,-1.24628,1.23516,0
1781247089349456,45.9096,-0.0846746,0.120209,-5.0087,-0.410087,0.408705,-5,0.325412,-0.288496,-0.00869751,0.434969,-1.14891,1.13066,0.0233099,-1.24579,1.23318,0
1781247089365456,45.9256,-0.103954,0.139296,-5.00851,-0.435041,0.433392,-5,0.331088,-0.294096,-0.0085144,0.442927,-1.1467,1.13022,0.0222145,-1.24526,1.23107,0
1781247089389456,45.9496,-0.132742,0.167808,-5.00824,-0.459917,0.457968,-5,0.327175,-0.29016,-0.00823975,0.437383,-1.14756,1.12851,0.0226392,-1.2447,1.22885,0
1781247089405456,45.9656,-0.151878,0.186732,-5.00803,-0.484794,0.48251,-5,0.332916,-0.295778,-0.00802612,0.445401,-1.1472,1.12723,0.0236055,-1.24411,1.2265,0
1781247089429456,45.9896,-0.180488,0.214997,-5.00766,-0.509651,0.506997,-5,0.329164,-0.292,-0.00765991,0.440081,-1.14668,1.1264,0.0238008,-1.24349,1.22403,0
1781247089445456,46.0056,-0.199494,0.23378,-5.00742,-0.534494,0.531431,-5,0.334999,-0.297651,-0.00741577,0.448191,-1.14591,1.12579,0.0242047,-1.24284,1.22143,0
1781247089469456,46.0296,-0.227884,0.261851,-5.00702,-0.559369,0.555858,-5,0.331485,-0.294007,-0.00701904,0.443138,-1.14499,1.12394,0.0237891,-1.24215,1.21871,0
1781247089485456,46.0456,-0.246763,0.280485,-5.00674,-0.584181,0.58018,-5,0.337418,-0.299695,-0.00674438,0.451347,-1.14497,1.1224,0.0229295,-1.24144,1.21587,0
1781247089501456,46.0616,-0.265601,0.299074,-5.0065,-0.609009,0.604475,-5,0.343409,-0.305401,-0.00650024,0.45961,-1.14466,1.12232,0.0222683,-1.24069,1.21291,0
1781247089525456,46.0856,-0.295842,0.329115,-5.00641,-0.633803,0.628691,-5,0.337961,-0.299576,-0.00640869,0.451669,-1.14591,1.12133,0.0217802,-1.23992,1.20983,0
1781247089549456,46.1096,-0.326865,0.359977,-5.0065,-0.658565,0.652827,-5,0.3317,-0.29285,-0.00650024,0.442525,-1.14672,1.12001,0.0206689,-1.23911,1.20663,0
1781247089565456,46.1256,-0.347396,0.380361,-5.00653,-0.683506,0.677089,-5,0.33611,-0.296728,-0.00653076,0.448397,-1.1466,1.11872,0.0207797,-1.23827,1.20328,0
1781247089589628,46.1497,-0.377953,0.410659,-5.00653,-0.708114,0.700977,-5,0.330161,-0.290318,-0.00653076,0.439697,-1.1455,1.11616,0.0210537,-1.2374,1.19986,0
1781247089605628,46.1657,-0.398173,0.430677,-5.00647,-0.732832,0.724918,-5,0.334659,-0.294241,-0.00646973,0.445664,-1.14465,1.1142,0.0215246,-1.2365,1.1963,0
1781247089629628,46.1897,-0.428292,0.460447,-5.00638,-0.757596,0.748849,-5,0.329304,-0.288402,-0.00637817,0.437787,-1.14418,1.11185,0.0211706,-1.23557,1.1926,0
1781247089645628,46.2057,-0.448245,0.480137,-5.00629,-0.782406,0.772767,-5,0.33416,-0.29263,-0.00628662,0.444224,-1.14337,1.10969,0.0214678,-1.2346,1.18878,0
1781247089661628,46.2217,-0.468088,0.499698,-5.00616,-0.80699,0.79641,-5,0.338902,-0.296712,-0.00616455,0.450479,-1.14233,1.10842,0.0225663,-1.23361,1.18488,0
1781247089685628,46.2457,-0.497687,0.528821,-5.00598,-0.831592,0.82001,-5,0.333905,-0.291189,-0.00598145,0.44308,-1.14145,1.10363,0.0219158,-1.23259,1.18085,0
1781247089701628,46.2617,-0.517298,0.548069,-5.00586,-0.856225,0.843577,-5,0.338927,-0.295508,-0.00585938,0.449701,-1.14122,1.10227,0.0217749,-1.23154,1.17669,0
1781247089725628,46.2857,-0.546561,0.576742,-5.00565,-0.880826,0.86705,-5,0.334265,-0.290308,-0.00564575,0.442768,-1.14039,1.09865,0.021432,-1.23045,1.17241,0
1781247089749628,46.3097,-0.57564,0.605175,-5.00543,-0.905443,0.890473,-5,0.329803,-0.285298,-0.00543213,0.436112,-1.13955,1.0966,0.0202727,-1.22933,1.16802,0
1781247089765628,46.3257,-0.594955,0.623999,-5.00528,-0.930024,0.913794,-5,0.335069,-0.289795,-0.00527954,0.443035,-1.14174,1.09365,0.0196963,-1.22819,1.16351,0
1781247089789628,46.3497,-0.623833,0.652037,-5.00504,-0.954668,0.937104,-5,0.330835,-0.285067,-0.0050354,0.436738,-1.14063,1.08973,0.0188532,-1.227,1.15886,0
1781247089805628,46.3657,-0.642981,0.670587,-5.00488,-0.979107,0.960151,-5,0.336126,-0.289564,-0.00488281,0.44368,-1.1384,1.08666,0.0195335,-1.2258,1.15413,0
1781247089829628,46.3897,-0.671561,0.698213,-5.00452,-1.00359,0.983169,-5,0.332033,-0.284957,-0.0045166,0.437569,-1.13726,1.08215,0.0184972,-1.22456,1.14928,0
1781247089845628,46.4057,-0.690523,0.716503,-5.00427,-1.02803,1.00606,-5,0.337504,-0.28956,-0.00427246,0.444716,-1.13606,1.07927,0.0194905,-1.22329,1.14432,0
1781247089869628,46.4297,-0.71884,0.743742,-5.00388,-1.0527,1.02911,-5,0.333864,-0.285366,-0.00387573,0.439219,-1.13479,1.0733,0.0192092,-1.22198,1.13918,0
1781247089885628,46.4457,-0.73765,0.761753,-5.0036,-1.07692,1.05164,-5,0.339268,-0.289889,-0.00360107,0.446264,-1.13485,1.0695,0.0202124,-1.22066,1.13402,0
1781247089901628,46.4617,-0.756417,0.779661,-5.00333,-1.1013,1.07425,-5,0.344881,-0.294591,-0.00332642,0.453583,-1.13497,1.06605,0.0200402,-1.2193,1.12871,0
1781247089925628,46.4857,-0.78612,0.807976,-5.00314,-1.12569,1.09679,-5,0.339573,-0.288816,-0.00314331,0.445797,-1.13452,1.06034,0.0184549,-1.21791,1.12328,0
1781247089949628,46.5097,-0.816395,0.836745,-5.00305,-1.1501,1.11926,-5,0.333706,-0.282517,-0.00305176,0.437248,-1.13455,1.05624,0.0190219,-1.21648,1.11773,0
1781247089965628,46.5257,-0.836436,0.855723,-5.00299,-1.17437,1.14152,-5,0.337937,-0.285798,-0.00299072,0.442595,-1.13441,1.05318,0.018986,-1.21503,1.11208,0
1781247089981628,46.5417,-0.85636,0.874538,-5.0029,-1.19854,1.16359,-5,0.342177,-0.289056,-0.00289917,0.447936,-1.13357,1.0494,0.0177831,-1.21356,1.10635,0
1781247090005628,46.5657,-0.88605,0.902472,-5.00281,-1.22278,1.18565,-5,0.336732,-0.283181,-0.00280762,0.439986,-1.13265,1.04416,0.0158026,-1.21204,1.10048,0
1781247090029628,46.5897,-0.915497,0.930053,-5.00269,-1.24699,1.20759,-5,0.331495,-0.277534,-0.00268555,0.432344,-1.13129,1.03911,0.015446,-1.2105,1.0945,0
1781247090045628,46.6057,-0.935001,0.948274,-5.00262,-1.2712,1.22943,-5,0.336197,-0.281155,-0.00262451,0.438273,-1.1301,1.03683,0.0143104,-1.20893,1.08841,0
1781247090069628,46.6297,-0.964064,0.975377,-5.00256,-1.29536,1.25114,-5,0.331298,-0.275758,-0.00256348,0.431053,-1.12781,1.03283,0.0123109,-1.20732,1.0822,0
1781247090085628,46.6457,-0.983321,0.993292,-5.0025,-1.31959,1.2728,-5,0.336267,-0.279511,-0.00250244,0.437273,-1.12706,1.02937,0.0128331,-1.20568,1.07587,0
1781247090109628,46.6697,-1.01205,1.0199,-5.00238,-1.34366,1.29424,-5,0.331615,-0.274338,-0.00238037,0.43039,-1.12551,1.02268,0.0121222,-1.20402,1.06946,0
1781247090125628,46.6857,-1.0311,1.03745,-5.00229,-1.36759,1.31544,-5,0.336486,-0.277983,-0.00228882,0.436466,-1.12557,1.01758,0.0123618,-1.20233,1.06297,0
1781247090149628,46.7097,-1.05959,1.06354,-5.00214,-1.39162,1.33663,-5,0.332024,-0.27309,-0.00213623,0.42991,-1.12552,1.01197,0.0117615,-1.20061,1.05634,0
1781247090165628,46.7257,-1.0785,1.08078,-5.00201,-1.41568,1.35775,-5,0.337174,-0.276968,-0.00201416,0.43635,-1.12406,1.00817,0.0117698,-1.19885,1.04959,0
1781247090189628,46.7497,-1.10671,1.1064,-5.00183,-1.43962,1.37866,-5,0.332908,-0.272256,-0.00183105,0.430064,-1.12288,1.00196,0.0121761,-1.19707,1.04275,0
1781247090205628,46.7657,-1.12544,1.12332,-5.00168,-1.46355,1.39945,-5,0.338109,-0.276129,-0.00167847,0.436541,-1.12137,0.996486,0.0134828,-1.19525,1.0358,0
1781247090229628,46.7897,-1.15338,1.14843,-5.00143,-1.4874,1.42006,-5,0.334017,-0.271629,-0.00143433,0.430525,-1.11844,0.988767,0.0145,-1.19341,1.02876,0
1781247090245628,46.8057,-1.17191,1.16501,-5.00122,-1.5112,1.44052,-5,0.339281,-0.275506,-0.0012207,0.437054,-1.1171,0.983922,0.0158997,-1.19154,1.02163,0
1781247090269628,46.8297,-1.19958,1.18965,-5.00085,-1.535,1.46087,-5,0.335411,-0.271219,-0.000854492,0.431348,-1.1151,0.976344,0.015437,-1.18964,1.01438,0
1781247090285628,46.8457,-1.21797,1.20591,-5.00064,-1.5588,1.48111,-5,0.34083,-0.275203,-0.000640869,0.438067,-1.11546,0.970014,0.0158777,-1.1877,1.00702,0
1781247090309628,46.8697,-1.24543,1.23003,-5.00027,-1.58253,1.50117,-5,0.337092,-0.271143,-0.000274658,0.432608,-1.11244,0.96135,0.0155031,-1.18574,0.999561,0
1781247090325628,46.8857,-1.26612,1.24759,-5.00037,-1.60619,1.52106,-5,0.340065,-0.273468,-0.000366211,0.436381,-1.11137,0.957961,0.0151713,-1.18375,0.992016,0
1781247090349628,46.9097,-1.29684,1.27359,-5.00052,-1.62984,1.54082,-5,0.332999,-0.26723,-0.000518799,0.426967,-1.11009,0.949769,0.0159462,-1.18173,0.984363,0
1781247090365628,46.9257,-1.31712,1.29068,-5.00055,-1.65347,1.56044,-5,0.336352,-0.269763,-0.000549316,0.431167,-1.10958,0.945478,0.0161121,-1.17967,0.976605,0
1781247090389628,46.9497,-1.34727,1.31598,-5.00058,-1.67715,1.57999,-5,0.329882,-0.264004,-0.000579834,0.422517,-1.10872,0.937442,0.0167892,-1.17758,0.968716,0
1781247090405628,46.9657,-1.36719,1.33263,-5.00058,-1.70057,1.59919,-5,0.333374,-0.266552,-0.000579834,0.426835,-1.10735,0.933636,0.0168684,-1.17548,0.960808,0
1781247090421628,46.9817,-1.38698,1.34912,-5.00058,-1.72399,1.61827,-5,0.337012,-0.269147,-0.000579834,0.431298,-1.10672,0.929058,0.0174633,-1.17335,0.952785,0
1781247090445628,47.0057,-1.41642,1.37355,-5.00052,-1.74741,1.63723,-5,0.330989,-0.263673,-0.000518799,0.423176,-1.10426,0.921458,0.0173883,-1.17118,0.944655,0
1781247090469628,47.0297,-1.44558,1.39763,-5.00046,-1.77085,1.65607,-5,0.325273,-0.258434,-0.000457764,0.415441,-1.10298,0.914751,0.0179181,-1.16898,0.936409,0
1781247090485628,47.0457,-1.46488,1.4135,-5.0004,-1.79417,1.67468,-5,0.329292,-0.261186,-0.000396729,0.420299,-1.10292,0.909318,0.0185625,-1.16675,0.928094,0
1781247090509628,47.0697,-1.49367,1.437,-5.00027,-1.8175,1.69317,-5,0.323827,-0.256167,-0.000274658,0.412899,-1.10277,0.900721,0.018384,-1.16449,0.919671,0
1781247090525628,47.0857,-1.51274,1.45248,-5.00021,-1.84075,1.71147,-5,0.328014,-0.258995,-0.000213623,0.417937,-1.10109,0.895461,0.0161398,-1.16221,0.911163,0
1781247090541628,47.1017,-1.5317,1.4678,-5.00015,-1.86394,1.72958,-5,0.33224,-0.261787,-0.000152588,0.422984,-1.10061,0.888987,0.0142966,-1.1599,0.902572,0
1781247090565628,47.1257,-1.55998,1.49047,-5.00009,-1.88719,1.7476,-5,0.32721,-0.257131,-9.15527e-05,0.416152,-1.09911,0.878898,0.0139754,-1.15754,0.893851,0
1781247090589628,47.1497,-1.58805,1.51281,-5.00003,-1.91033,1.76541,-5,0.322279,-0.252593,-3.05176e-05,0.409471,-1.0971,0.872082,0.013422,-1.15517,0.885063,0
1781247090605806,47.1659,-1.60665,1.52755,-5,-1.93349,1.78308,-5,0.326834,-0.255527,0,0.414867,-1.09508,0.866776,0.0133153,-1.15276,0.876162,0
1781247090621806,47.1819,-1.62516,1.54214,-4.99997,-1.95638,1.8004,-5,0.331213,-0.25826,3.05176e-05,0.420001,-1.09378,0.85972,0.0138167,-1.15034,0.867259,0
1781247090645806,47.2059,-1.65279,1.56375,-4.99988,-1.97936,1.81765,-5,0.326563,-0.253902,0.00012207,0.413654,-1.09179,0.851665,0.012413,-1.14788,0.858215,0
1781247090669806,47.2299,-1.68021,1.58507,-4.99985,-2.0023,1.83473,-5,0.32209,-0.249664,0.000152588,0.407522,-1.08747,0.843182,0.0121516,-1.14539,0.849081,0
1781247090685806,47.2459,-1.69835,1.59913,-4.99982,-2.02518,1.85162,-5,0.326824,-0.252494,0.000183105,0.412998,-1.0845,0.838563,0.0128185,-1.14288,0.839866,0
1781247090709806,47.2699,-1.72542,1.61998,-4.99973,-2.04802,1.86833,-5,0.322595,-0.248349,0.000274658,0.407118,-1.08175,0.829826,0.0139214,-1.14033,0.830562,0
1781247090725806,47.2859,-1.74536,1.63476,-4.99991,-2.07076,1.88482,-5,0.325401,-0.250063,9.15527e-05,0.410387,-1.07952,0.824562,0.0143898,-1.13776,0.821194,0
1781247090749806,47.3099,-1.77495,1.65659,-5.00015,-2.0935,1.90116,-5,0.318554,-0.244573,-0.000152588,0.401612,-1.07818,0.815144,0.011692,-1.13516,0.811724,0
1781247090765806,47.3259,-1.79449,1.67091,-5.00034,-2.11619,1.9173,-5,0.321699,-0.246393,-0.000335693,0.405216,-1.07686,0.808792,0.0116057,-1.13252,0.802175,0
1781247090789806,47.3499,-1.8235,1.69209,-5.00055,-2.1388,1.93325,-5,0.315306,-0.241156,-0.000549316,0.396956,-1.0734,0.800449,0.0111231,-1.12987,0.792552,0
1781247090805806,47.3659,-1.84264,1.706,-5.0007,-2.16145,1.94906,-5,0.318812,-0.24306,-0.000701904,0.400899,-1.0701,0.79424,0.0102595,-1.12717,0.782812,0
1781247090821806,47.3819,-1.86162,1.71974,-5.00085,-2.18386,1.96454,-5,0.322235,-0.244797,-0.000854492,0.404675,-1.06806,0.788585,0.00908608,-1.12447,0.773076,0
1781247090845806,47.4059,-1.88986,1.74006,-5.00107,-2.20636,1.97993,-5,0.316492,-0.23987,-0.00106812,0.397122,-1.06588,0.777867,0.00879583,-1.12172,0.763199,0
1781247090869806,47.4299,-1.91781,1.76001,-5.00128,-2.22875,1.99508,-5,0.310943,-0.235075,-0.00128174,0.389804,-1.06305,0.768892,0.00793487,-1.11895,0.753266,0
1781247090885806,47.4459,-1.9363,1.77312,-5.0014,-2.2511,2.01004,-5,0.314792,-0.236921,-0.00140381,0.393989,-1.06276,0.762313,0.00863298,-1.11615,0.743257,0
1781247090909806,47.4699,-1.96384,1.79248,-5.00156,-2.27339,2.02481,-5,0.30955,-0.232324,-0.0015564,0.387037,-1.05963,0.752241,0.00999635,-1.11332,0.73317,0
1781247090925806,47.4859,-1.98206,1.80521,-5.00165,-2.29561,2.03936,-5,0.313555,-0.234153,-0.00164795,0.39134,-1.05797,0.745699,0.0100451,-1.11047,0.723016,0
1781247090949806,47.5099,-2.00919,1.82397,-5.00171,-2.31772,2.05367,-5,0.308537,-0.2297,-0.00170898,0.384656,-1.05491,0.733286,0.00857611,-1.10759,0.712816,0
1781247090965806,47.5259,-2.02713,1.83627,-5.00177,-2.33989,2.06786,-5,0.31276,-0.231582,-0.00177002,0.389169,-1.05191,0.725655,0.00751639,-1.10467,0.70249,0
1781247090989806,47.5499,-2.05387,1.85442,-5.00186,-2.36195,2.0818,-5,0.308079,-0.227378,-0.00186157,0.382906,-1.05031,0.713313,0.00610443,-1.10174,0.692121,0
1781247091005806,47.5659,-2.07158,1.86631,-5.00192,-2.38398,2.09555,-5,0.312393,-0.229241,-0.00192261,0.387484,-1.04754,0.706257,0.00768344,-1.09877,0.681666,0
1781247091021806,47.5819,-2.08919,1.87804,-5.00192,-2.40589,2.10906,-5,0.316705,-0.231017,-0.00192261,0.392014,-1.04462,0.699044,0.00778751,-1.09578,0.671168,0
1781247091045806,47.6059,-2.11542,1.8954,-5.00189,-2.42774,2.12235,-5,0.312322,-0.226954,-0.00189209,0.386079,-1.04156,0.690255,0.00827979,-1.09276,0.660609,0
1781247091069806,47.6299,-2.14143,1.91246,-5.00183,-2.44959,2.13548,-5,0.308156,-0.223015,-0.00183105,0.380394,-1.03617,0.681434,0.00912191,-1.08971,0.64995,0
1781247091085806,47.6459,-2.15864,1.92368,-5.0018,-2.47135,2.14836,-5,0.312701,-0.224684,-0.00180054,0.385056,-1.03294,0.674628,0.0100325,-1.08664,0.639245,0
1781247091109806,47.6699,-2.1843,1.9402,-5.00171,-2.49303,2.16103,-5,0.30873,-0.220827,-0.00170898,0.379581,-1.0293,0.662354,0.0104617,-1.08354,0.62848,0
1781247091125806,47.6859,-2.20366,1.9528,-5.00198,-2.51469,2.17351,-5,0.311033,-0.220707,-0.00198364,0.381388,-1.02794,0.655185,0.0108993,-1.0804,0.617632,0
1781247091149806,47.7099,-2.23237,1.97128,-5.00238,-2.53666,2.18597,-5,0.30429,-0.214691,-0.00238037,0.372411,-1.02594,0.644859,0.00945964,-1.07719,0.606535,0
1781247091165806,47.7259,-2.25129,1.98333,-5.00256,-2.55777,2.19777,-5,0.306474,-0.21444,-0.00256348,0.374056,-1.02418,0.637476,0.00879562,-1.07406,0.595782,0
1781247091189806,47.7499,-2.27938,2.001,-5.00284,-2.57921,2.20957,-5,0.29983,-0.208566,-0.00283813,0.365248,-1.02255,0.626909,0.00861984,-1.07085,0.584768,0
1781247091205806,47.7659,-2.29791,2.01252,-5.00302,-2.6006,2.22115,-5,0.302689,-0.208633,-0.00302124,0.367638,-1.02033,0.619418,0.00874635,-1.06762,0.573689,0
1781247091229806,47.7899,-2.32543,2.02942,-5.0032,-2.62188,2.2325,-5,0.296453,-0.203074,-0.00320435,0.359351,-1.01793,0.608365,0.0113864,-1.06436,0.562573,0
1781247091245806,47.8059,-2.34359,2.04045,-5.0033,-2.64312,2.24363,-5,0.299529,-0.203182,-0.0032959,0.361955,-1.01563,0.600632,0.0104421,-1.06107,0.55139,0
1781247091269806,47.8299,-2.37059,2.05662,-5.00345,-2.66432,2.25455,-5,0.293729,-0.197929,-0.00344849,0.35421,-1.01242,0.588814,0.0106759,-1.05775,0.540141,0
1781247091285806,47.8459,-2.38841,2.06715,-5.00351,-2.68544,2.26524,-5,0.297034,-0.19809,-0.00350952,0.357045,-1.00973,0.580296,0.0108482,-1.05441,0.528841,0
1781247091309806,47.8699,-2.41491,2.08257,-5.0036,-2.70648,2.2757,-5,0.291569,-0.193123,-0.00360107,0.349746,-1.00695,0.568178,0.0108339,-1.05104,0.517495,0
1781247091325806,47.8859,-2.43242,2.09262,-5.00363,-2.72747,2.28593,-5,0.295046,-0.193316,-0.00363159,0.352755,-1.00421,0.559699,0.0106478,-1.04764,0.506093,0
1781247091349806,47.9099,-2.45845,2.10732,-5.00366,-2.74834,2.29592,-5,0.289896,-0.188598,-0.00366211,0.345864,-1.00015,0.547602,0.0111428,-1.04423,0.494661,0
1781247091365806,47.9259,-2.47564,2.1169,-5.00369,-2.76925,2.30572,-5,0.293603,-0.188818,-0.00369263,0.349097,-0.997528,0.539884,0.0111566,-1.04077,0.483128,0
1781247091389806,47.9499,-2.50123,2.13097,-5.00366,-2.79002,2.31527,-5,0.288788,-0.184299,-0.00366211,0.342605,-0.994244,0.529991,0.0101783,-1.0373,0.471578,0
1781247091405806,47.9659,-2.51815,2.14015,-5.00366,-2.81073,2.32458,-5,0.292575,-0.184432,-0.00366211,0.345874,-0.991094,0.522762,0.0107261,-1.0338,0.459982,0
1781247091429806,47.9899,-2.54332,2.1536,-5.00363,-2.83132,2.33364,-5,0.287994,-0.180038,-0.00363159,0.339658,-0.987196,0.510729,0.0104006,-1.03028,0.448365,0
1781247091445806,48.0059,-2.55998,2.16235,-5.0036,-2.85189,2.34249,-5,0.291915,-0.180146,-0.00360107,0.343045,-0.985108,0.501328,0.0094013,-1.02673,0.43667,0
1781247091469806,48.0299,-2.58477,2.17513,-5.00354,-2.87239,2.35111,-5,0.287617,-0.175982,-0.00354004,0.337203,-0.980736,0.488969,0.00963297,-1.02315,0.424936,0
1781247091485806,48.0459,-2.60118,2.18343,-5.00351,-2.89278,2.35947,-5,0.291602,-0.176046,-0.00350952,0.34064,-0.97781,0.479574,0.00834315,-1.01955,0.413182,0
1781247091509806,48.0699,-2.6256,2.19553,-5.00348,-2.91317,2.36763,-5,0.287564,-0.172106,-0.003479,0.33515,-0.973727,0.46507,0.00876033,-1.01592,0.401346,0
1781247091525806,48.0859,-2.64279,2.20381,-5.00351,-2.93343,2.37554,-5,0.290648,-0.171729,-0.00350952,0.337608,-0.970905,0.455605,0.00959449,-1.01227,0.389497,0
1781247091549806,48.1099,-2.66977,2.21653,-5.00369,-2.95364,2.38321,-5,0.28387,-0.166677,-0.00369263,0.329207,-0.966905,0.444397,0.0112139,-1.00859,0.377599,0
1781247091565806,48.1259,-2.68754,2.22477,-5.00375,-2.9738,2.39065,-5,0.286258,-0.16588,-0.00375366,0.330869,-0.964034,0.436054,0.0121531,-1.00488,0.365652,0
1781247091589806,48.1499,-2.71387,2.23674,-5.00381,-2.99381,2.39782,-5,0.279933,-0.161082,-0.0038147,0.322993,-0.960357,0.423747,0.0122968,-1.00116,0.353712,0
1781247091605981,48.1661,-2.73123,2.24448,-5.00381,-3.01383,2.40479,-5,0.282596,-0.160314,-0.0038147,0.324924,-0.958285,0.414535,0.0131417,-0.997398,0.341683,0
1781247091629981,48.1901,-2.75701,2.25567,-5.00378,-3.03369,2.41149,-5,0.27668,-0.155817,-0.00378418,0.317561,-0.956138,0.400823,0.0141838,-0.993627,0.32967,0
1781247091645981,48.2061,-2.77403,2.26289,-5.00372,-3.05365,2.418,-5,0.279614,-0.155111,-0.00372314,0.319777,-0.954035,0.391838,0.014712,-0.989799,0.317524,0
1781247091669981,48.2301,-2.79931,2.27335,-5.00363,-3.07334,2.42421,-5,0.274029,-0.150855,-0.00363159,0.31283,-0.950366,0.378551,0.0144766,-0.985983,0.30546,0
1781247091685981,48.2461,-2.81598,2.28009,-5.00357,-3.093,2.43019,-5,0.277018,-0.150095,-0.00357056,0.315087,-0.946802,0.369849,0.0137168,-0.982133,0.293336,0
1781247091709981,48.2701,-2.84073,2.28984,-5.00351,-3.1126,2.43593,-5,0.271867,-0.14609,-0.00350952,0.308652,-0.942957,0.355042,0.0110788,-0.978255,0.281172,0
1781247091725981,48.2861,-2.85707,2.2961,-5.00345,-3.13211,2.44143,-5,0.275039,-0.145328,-0.00344849,0.311093,-0.939639,0.345527,0.0107978,-0.974355,0.268989,0
1781247091749981,48.3101,-2.88133,2.30514,-5.00336,-3.15152,2.44668,-5,0.270184,-0.141541,-0.00335693,0.305032,-0.934991,0.331981,0.0112754,-0.970436,0.256794,0
1781247091765981,48.3261,-2.89736,2.31092,-5.00327,-3.17094,2.4517,-5,0.273577,-0.140783,-0.00326538,0.307693,-0.931554,0.322139,0.0116156,-0.966474,0.244516,0
1781247091781981,48.3421,-2.91325,2.31652,-5.00317,-3.19021,2.45647,-5,0.276954,-0.139946,-0.00317383,0.31032,-0.928212,0.313462,0.0120804,-0.962503,0.232258,0
1781247091805981,48.3661,-2.93687,2.32459,-5.00302,-3.2094,2.46098,-5,0.272528,-0.136395,-0.00302124,0.304769,-0.923099,0.300186,0.0120972,-0.958506,0.219973,0
1781247091829981,48.3901,-2.96024,2.33225,-5.00281,-3.22852,2.46526,-5,0.268278,-0.133004,-0.00280762,0.299452,-0.918606,0.284851,0.0120552,-0.954485,0.207667,0
1781247091845981,48.4061,-2.97568,2.33712,-5.00266,-3.24752,2.46928,-5,0.271838,-0.132156,-0.00265503,0.302272,-0.915493,0.275477,0.0123809,-0.950447,0.19536,0
1781247091869981,48.4301,-2.99864,2.34409,-5.00241,-3.26652,2.47307,-5,0.267874,-0.128978,-0.00241089,0.297317,-0.908957,0.260902,0.012351,-0.94637,0.182986,0
1781247091885981,48.4461,-3.01381,2.3485,-5.00229,-3.28542,2.47661,-5,0.271605,-0.128106,-0.00228882,0.30031,-0.906532,0.250925,0.0125831,-0.942273,0.170604,0
1781247091909981,48.4701,-3.03638,2.35477,-5.00208,-3.30423,2.4799,-5,0.267851,-0.125122,-0.0020752,0.295642,-0.901191,0.236389,0.0110701,-0.938152,0.158208,0
1781247091925981,48.4861,-3.05239,2.35939,-5.00208,-3.32293,2.48293,-5,0.270545,-0.123543,-0.0020752,0.297425,-0.898158,0.228016,0.0108647,-0.934014,0.145811,0
1781247091949981,48.5101,-3.07774,2.36691,-5.00223,-3.34156,2.48572,-5,0.263818,-0.118817,-0.00222778,0.289348,-0.893358,0.215249,0.00894243,-0.929852,0.1334,0
1781247091965981,48.5261,-3.0944,2.37164,-5.00235,-3.36012,2.48827,-5,0.26572,-0.116631,-0.00234985,0.290199,-0.89117,0.206717,0.00908076,-0.925662,0.120961,0
1781247091989981,48.5501,-3.11908,2.37833,-5.00247,-3.37864,2.49057,-5,0.259558,-0.112239,-0.00247192,0.282797,-0.887843,0.193062,0.00967733,-0.921439,0.108481,0
1781247092005981,48.5661,-3.13533,2.38252,-5.00253,-3.39696,2.49261,-5,0.261629,-0.110085,-0.00253296,0.283858,-0.884469,0.184854,0.00883106,-0.917219,0.096066,0
1781247092021981,48.5821,-3.1514,2.3865,-5.00262,-3.41525,2.4944,-5,0.263853,-0.107899,-0.00262451,0.285075,-0.880234,0.175187,0.00985211,-0.912964,0.0836041,0
1781247092045981,48.6061,-3.17522,2.3921,-5.00269,-3.43343,2.49595,-5,0.258211,-0.103847,-0.00268555,0.278324,-0.877658,0.162562,0.00977281,-0.908692,0.0711531,0
1781247092069981,48.6301,-3.19873,2.39724,-5.00278,-3.4516,2.49725,-5,0.252872,-0.100002,-0.0027771,0.271942,-0.87286,0.148839,0.00864396,-0.90438,0.058644,0
1781247092085981,48.6461,-3.21421,2.40043,-5.00281,-3.46964,2.49829,-5,0.255422,-0.097867,-0.00280762,0.273544,-0.87006,0.140129,0.00811136,-0.900056,0.046162,0
1781247092109981,48.6701,-3.23721,2.40485,-5.0029,-3.4876,2.49909,-5,0.250386,-0.0942454,-0.00289917,0.267552,-0.866418,0.126868,0.00906058,-0.895707,0.0336653,0
1781247092125981,48.6861,-3.25238,2.40758,-5.00293,-3.50545,2.49964,-5,0.253074,-0.0920634,-0.00292969,0.269315,-0.863023,0.120184,0.00820773,-0.891341,0.0211811,0
1781247092149981,48.7101,-3.27488,2.41133,-5.00299,-3.5232,2.49994,-5,0.248323,-0.0886064,-0.00299072,0.263675,-0.858195,0.105206,0.00775531,-0.886956,0.00870535,0
1781247092165981,48.7261,-3.28971,2.41359,-5.00302,-3.54093,2.49999,-5,0.251216,-0.0863943,-0.00302124,0.265674,-0.854308,0.096747,0.00749101,-0.882533,-0.00381675,0
1781247092189981,48.7501,-3.31174,2.41664,-5.00311,-3.55852,2.49979,-5,0.246783,-0.0831511,-0.00311279,0.260434,-0.849857,0.0827855,0.00537992,-0.878099,-0.0163068,0
1781247092205981,48.7661,-3.32626,2.41843,-5.00317,-3.57603,2.49934,-5,0.249767,-0.0809026,-0.00317383,0.262562,-0.845637,0.0728842,0.00536744,-0.873642,-0.0287983,0
1781247092229981,48.7901,-3.34785,2.42077,-5.0033,-3.59343,2.49864,-5,0.245579,-0.0778701,-0.0032959,0.25765,-0.841502,0.0591159,0.0040813,-0.869169,-0.0412717,0
1781247092245981,48.8061,-3.36209,2.4221,-5.00336,-3.61085,2.49768,-5,0.248758,-0.0755775,-0.00335693,0.260007,-0.837602,0.0501437,0.00381297,-0.864644,-0.0538242,0
1781247092269981,48.8301,-3.38324,2.42378,-5.00342,-3.62805,2.49648,-5,0.244807,-0.0727086,-0.00341797,0.255399,-0.832449,0.0366185,0.00360826,-0.860134,-0.0662719,0
1781247092285981,48.8461,-3.3972,2.42469,-5.00348,-3.64519,2.49503,-5,0.247991,-0.070344,-0.003479,0.257799,-0.828024,0.0283875,0.00297864,-0.855591,-0.0787431,0
1781247092309981,48.8701,-3.41793,2.42575,-5.00354,-3.66228,2.49333,-5,0.244347,-0.0675819,-0.00354004,0.253545,-0.821686,0.0145776,0.00366369,-0.851019,-0.0912262,0
1781247092325981,48.8861,-3.43388,2.42711,-5.00385,-3.67921,2.49139,-5,0.245322,-0.0642815,-0.00384521,0.253633,-0.81856,0.00464193,0.00431542,-0.846442,-0.103656,0
1781247092341981,48.9021,-3.44963,2.42825,-5.00412,-3.69607,2.48919,-5,0.24644,-0.0609446,-0.00411987,0.253898,-0.815615,-0.00357785,0.00404793,-0.841838,-0.116095,0
1781247092365981,48.9261,-3.47289,2.42961,-5.00449,-3.71293,2.48674,-5,0.240043,-0.0571301,-0.00448608,0.246789,-0.812237,-0.0159871,0.00481245,-0.837189,-0.128584,0
1781247092389981,48.9501,-3.49575,2.43051,-5.00479,-3.72964,2.48404,-5,0.233893,-0.05353,-0.00479126,0.239988,-0.807924,-0.0291665,0.00590593,-0.832533,-0.141023,0
1781247092405981,48.9661,-3.51078,2.43087,-5.00494,-3.74623,2.4811,-5,0.235458,-0.0502305,-0.00494385,0.240807,-0.805489,-0.038044,0.00455771,-0.827864,-0.153427,0
1781247092429981,48.9901,-3.533,2.43103,-5.00522,-3.76266,2.47792,-5,0.229651,-0.046891,-0.00521851,0.234448,-0.80003,-0.0525849,0.00395219,-0.823196,-0.165758,0
1781247092445981,49.0061,-3.54761,2.43091,-5.00537,-3.77913,2.47447,-5,0.231525,-0.0435607,-0.00537109,0.235649,-0.796449,-0.0597154,0.0041775,-0.818465,-0.178185,0
1781247092469981,49.0301,-3.56923,2.4304,-5.00552,-3.79547,2.47078,-5,0.22624,-0.0403821,-0.00552368,0.229882,-0.791881,-0.0728719,0.00569041,-0.813727,-0.190557,0
1781247092485981,49.0461,-3.58346,2.42983,-5.00558,-3.81167,2.46685,-5,0.228218,-0.0370207,-0.00558472,0.231268,-0.788856,-0.0817125,0.00632665,-0.808979,-0.202886,0
1781247092509981,49.0701,-3.60453,2.42864,-5.00565,-3.8278,2.46267,-5,0.223274,-0.0340283,-0.00564575,0.225923,-0.783244,-0.0941569,0.00632687,-0.804205,-0.215208,0
1781247092525981,49.0861,-3.61838,2.42763,-5.00565,-3.84385,2.45824,-5,0.225462,-0.030606,-0.00564575,0.2276,-0.778728,-0.1033,0.00695814,-0.799408,-0.227516,0
1781247092549981,49.1101,-3.6389,2.42579,-5.00562,-3.85977,2.45357,-5,0.220867,-0.0277872,-0.00561523,0.222679,-0.773612,-0.116568,0.00834831,-0.794598,-0.239783,0
1781247092565981,49.1261,-3.65242,2.42433,-5.00558,-3.87561,2.44865,-5,0.22319,-0.0243227,-0.00558472,0.22458,-0.769495,-0.125449,0.00872832,-0.789764,-0.252037,0
1781247092589981,49.1501,-3.67245,2.42181,-5.00549,-3.89126,2.44352,-5,0.218808,-0.0217116,-0.00549316,0.219951,-0.764435,-0.139248,0.00888603,-0.78494,-0.264191,0
1781247092606160,49.1663,-3.68565,2.41992,-5.00543,-3.90701,2.43808,-5,0.221362,-0.0181606,-0.00543213,0.222172,-0.760395,-0.148299,0.008806,-0.780035,-0.276473,0
1781247092622160,49.1823,-3.69872,2.41785,-5.0054,-3.92257,2.43243,-5,0.223846,-0.0145791,-0.00540161,0.224385,-0.757097,-0.158057,0.00875897,-0.775139,-0.288654,0
1781247092646160,49.2063,-3.71811,2.41444,-5.00531,-3.93806,2.42652,-5,0.219947,-0.0120783,-0.00531006,0.220342,-0.752478,-0.170437,0.00911005,-0.770214,-0.300832,0
1781247092670160,49.2303,-3.73724,2.41065,-5.00522,-3.95345,2.42037,-5,0.216208,-0.00971889,-0.00521851,0.216489,-0.746144,-0.1842,0.00855794,-0.76527,-0.312978,0
1781247092686160,49.2463,-3.74985,2.40791,-5.00516,-3.96867,2.414,-5,0.218811,-0.00609803,-0.00515747,0.218957,-0.742528,-0.193952,0.00905741,-0.760333,-0.325031,0
1781247092710160,49.2703,-3.76856,2.40346,-5.00504,-3.98381,2.40739,-5,0.215246,-0.0039351,-0.0050354,0.215341,-0.736601,-0.207657,0.00875441,-0.755367,-0.337072,0
1781247092726160,49.2863,-3.78271,2.4007,-5.00522,-3.99884,2.40054,-5,0.216137,0.000163317,-0.00521851,0.2162,-0.734928,-0.215163,0.0101305,-0.750386,-0.349074,0
1781247092742160,49.3023,-3.79668,2.39777,-5.00537,-4.01392,2.39338,-5,0.217239,0.00439167,-0.00537109,0.217349,-0.732743,-0.224649,0.0103988,-0.745336,-0.361158,0
1781247092766160,49.3263,-3.81733,2.39302,-5.00562,-4.02871,2.38607,-5,0.211381,0.00695133,-0.00561523,0.21157,-0.727292,-0.238421,0.00965754,-0.740334,-0.373048,0
1781247092790160,49.3503,-3.83757,2.38785,-5.00583,-4.04343,2.37851,-5,0.205855,0.00934315,-0.00582886,0.206149,-0.722422,-0.252129,0.0107209,-0.735302,-0.384929,0
1781247092806160,49.3663,-3.85086,2.3842,-5.00592,-4.05799,2.37075,-5,0.207125,0.013454,-0.00592041,0.207646,-0.71821,-0.260234,0.0109273,-0.730272,-0.396725,0
1781247092830160,49.3903,-3.87047,2.37837,-5.00604,-4.07261,2.36265,-5,0.202138,0.0157194,-0.00604248,0.202838,-0.712078,-0.276078,0.0108883,-0.725166,-0.408616,0
1781247092846160,49.4063,-3.88336,2.37425,-5.00613,-4.08707,2.35436,-5,0.203713,0.019896,-0.00613403,0.204774,-0.709268,-0.284548,0.011185,-0.720063,-0.420415,0
1781247092870160,49.4303,-3.90244,2.36776,-5.00623,-4.10144,2.34582,-5,0.198997,0.0219378,-0.00622559,0.200299,-0.70526,-0.297932,0.0104586,-0.71494,-0.432178,0
1781247092886160,49.4463,-3.915,2.36323,-5.00626,-4.11569,2.33706,-5,0.200693,0.0261712,-0.0062561,0.202489,-0.702414,-0.306294,0.0105414,-0.709802,-0.44389,0
1781247092910160,49.4703,-3.9336,2.35614,-5.00632,-4.12985,2.32805,-5,0.196251,0.0280855,-0.00631714,0.198351,-0.698361,-0.319419,0.0123402,-0.704641,-0.45557,0
1781247092926160,49.4863,-3.94586,2.3512,-5.00632,-4.14382,2.31887,-5,0.19796,0.0323281,-0.00631714,0.200681,-0.694734,-0.327636,0.0126332,-0.699498,-0.467125,0
1781247092950160,49.5103,-3.96399,2.34352,-5.00629,-4.15797,2.30927,-5,0.193979,0.0342557,-0.00628662,0.197081,-0.688718,-0.339808,0.0138404,-0.694229,-0.478873,0
1781247092966160,49.5263,-3.97591,2.33822,-5.00626,-4.1716,2.29972,-5,0.195687,0.0384934,-0.0062561,0.199535,-0.683239,-0.347413,0.0133823,-0.689102,-0.490222,0
1781247092990160,49.5503,-3.99355,2.33001,-5.0062,-4.18532,2.28981,-5,0.191777,0.0402076,-0.00619507,0.196045,-0.677516,-0.358773,0.0128784,-0.683879,-0.501694,0
1781247093006160,49.5663,-4.00515,2.32435,-5.00616,-4.19895,2.27966,-5,0.193801,0.0446899,-0.00616455,0.198983,-0.673125,-0.368063,0.0122097,-0.67864,-0.513116,0
1781247093030160,49.5903,-4.02232,2.31556,-5.00607,-4.21246,2.26929,-5,0.190143,0.0462685,-0.006073,0.195786,-0.667727,-0.381601,0.0128948,-0.673385,-0.524484,0
1781247093046160,49.6063,-4.03363,2.30949,-5.00598,-4.22588,2.25868,-5,0.192254,0.0508111,-0.00598145,0.198945,-0.663009,-0.390639,0.012043,-0.66811,-0.535805,0
1781247093070160,49.6303,-4.05036,2.30012,-5.00586,-4.23919,2.24785,-5,0.188828,0.0522685,-0.00585938,0.196016,-0.657669,-0.403,0.0113403,-0.66282,-0.547072,0
1781247093086160,49.6463,-4.06138,2.29369,-5.00577,-4.25238,2.23681,-5,0.190999,0.0568829,-0.00576782,0.199372,-0.653097,-0.411626,0.0116701,-0.657518,-0.558273,0
1781247093110160,49.6703,-4.07769,2.28375,-5.00562,-4.26548,2.22553,-5,0.187788,0.0582221,-0.00561523,0.196687,-0.645992,-0.425043,0.0120037,-0.652192,-0.569433,0
1781247093126160,49.6863,-4.08979,2.27742,-5.00586,-4.27845,2.21405,-5,0.188667,0.0633683,-0.00585938,0.199111,-0.642405,-0.433287,0.0116712,-0.64686,-0.580516,0
1781247093150160,49.7103,-4.10762,2.26761,-5.0062,-4.29132,2.20234,-5,0.183704,0.0652714,-0.00619507,0.195054,-0.636157,-0.444051,0.0116413,-0.64151,-0.591545,0
1781247093166160,49.7263,-4.11929,2.2609,-5.00641,-4.30411,2.19039,-5,0.184817,0.0705092,-0.00640869,0.197914,-0.632044,-0.450859,0.0114587,-0.636132,-0.602537,0
1781247093190160,49.7503,-4.13651,2.25055,-5.00662,-4.31678,2.17822,-5,0.180272,0.0723271,-0.00662231,0.194353,-0.62537,-0.462724,0.011879,-0.630742,-0.613463,0
1781247093206160,49.7663,-4.14779,2.24346,-5.00674,-4.32934,2.16585,-5,0.18155,0.0776031,-0.00674438,0.197555,-0.620664,-0.470042,0.0114337,-0.625342,-0.624316,0
1781247093230160,49.7903,-4.16443,2.23254,-5.00687,-4.34178,2.15326,-5,0.177352,0.0792789,-0.00686646,0.194387,-0.615795,-0.482141,0.0125673,-0.619925,-0.635109,0
1781247093246160,49.8063,-4.17537,2.22507,-5.0069,-4.35418,2.1404,-5,0.178813,0.0846744,-0.00689697,0.197968,-0.612731,-0.491012,0.0137415,-0.614465,-0.645892,0
1781247093270160,49.8303,-4.19155,2.21358,-5.00699,-4.36636,2.12743,-5,0.174809,0.0861468,-0.00698853,0.195008,-0.606819,-0.502022,0.0113805,-0.609041,-0.65651,0
1781247093286160,49.8463,-4.20217,2.20574,-5.00702,-4.37848,2.1142,-5,0.176314,0.0915363,-0.00701904,0.198784,-0.602104,-0.510098,0.0112981,-0.603577,-0.667112,0
1781247093310160,49.8703,-4.21785,2.19368,-5.00708,-4.39043,2.10083,-5,0.172579,0.0928469,-0.00708008,0.196098,-0.59565,-0.523274,0.0105108,-0.598129,-0.677587,0
1781247093326160,49.8863,-4.22816,2.18545,-5.00708,-4.40232,2.08719,-5,0.174168,0.0982599,-0.00708008,0.200099,-0.592719,-0.530588,0.0104793,-0.592639,-0.688046,0
1781247093350160,49.9103,-4.24341,2.17284,-5.00708,-4.41413,2.07332,-5,0.17072,0.0995216,-0.00708008,0.197737,-0.587321,-0.544413,0.0103797,-0.587125,-0.698454,0
1781247093366160,49.9263,-4.25343,2.16422,-5.00708,-4.42581,2.05925,-5,0.17238,0.104969,-0.00708008,0.201949,-0.582668,-0.553469,0.00979023,-0.581603,-0.708781,0
1781247093390160,49.9503,-4.26826,2.15102,-5.00705,-4.43738,2.04498,-5,0.169122,0.106037,-0.00704956,0.199739,-0.577,-0.565663,0.0105826,-0.576066,-0.719037,0
1781247093406160,49.9663,-4.27801,2.14204,-5.00705,-4.44885,2.0305,-5,0.170837,0.111539,-0.00704956,0.204147,-0.572893,-0.572742,0.00993018,-0.570513,-0.729224,0
1781247093422160,49.9823,-4.28764,2.13293,-5.00702,-4.46021,2.01581,-5,0.172571,0.117126,-0.00701904,0.208683,-0.567824,-0.581003,0.0108646,-0.564942,-0.739345,0
1781247093446160,50.0063,-4.30188,2.11901,-5.00693,-4.47143,2.00095,-5,0.169552,0.118067,-0.00692749,0.206726,-0.562069,-0.592636,0.0110914,-0.55937,-0.749369,0
1781247093470160,50.0303,-4.31589,2.10477,-5.00687,-4.48257,1.98585,-5,0.166676,0.118923,-0.00686646,0.204868,-0.556178,-0.606408,0.0101772,-0.55377,-0.759342,0
1781247093486160,50.0463,-4.32511,2.09508,-5.00681,-4.49364,1.97049,-5,0.168525,0.12459,-0.00680542,0.209689,-0.552114,-0.614214,0.0101202,-0.548134,-0.769278,0
1781247093510160,50.0703,-4.33876,2.08031,-5.00671,-4.5046,1.95493,-5,0.165838,0.125374,-0.00671387,0.208005,-0.545496,-0.626196,0.00892939,-0.542483,-0.77914,0
1781247093526160,50.0863,-4.34892,2.07032,-5.00696,-4.51536,1.9393,-5,0.166444,0.131025,-0.00695801,0.211942,-0.54336,-0.633972,0.00934045,-0.53686,-0.788849,0
1781247093550160,50.1103,-4.36389,2.05507,-5.0072,-4.52602,1.92345,-5,0.162127,0.13162,-0.00720215,0.208951,-0.537178,-0.64621,0.00981552,-0.531221,-0.798487,0
1781247093566160,50.1263,-4.37369,2.04473,-5.00735,-4.53662,1.90735,-5,0.162929,0.137388,-0.00735474,0.213249,-0.532731,-0.653926,0.0101806,-0.525542,-0.808088,0
1781247093590160,50.1503,-4.38811,2.02898,-5.00754,-4.54705,1.89112,-5,0.15894,0.137868,-0.00753784,0.210538,-0.52672,-0.664958,0.0089836,-0.519874,-0.81757,0
1781247093606340,50.1664,-4.39756,2.01833,-5.00766,-4.55738,1.8747,-5,0.159821,0.143631,-0.00765991,0.215015,-0.522414,-0.671737,0.00877603,-0.514193,-0.826968,0
1781247093630340,50.1904,-4.41146,2.0021,-5.00775,-4.56762,1.85804,-5,0.15616,0.144052,-0.00775146,0.212596,-0.515658,-0.684205,0.010394,-0.508483,-0.836312,0
1781247093646340,50.2064,-4.42056,1.9911,-5.00781,-4.57772,1.84125,-5,0.157161,0.149858,-0.0078125,0.217297,-0.511261,-0.692013,0.0107192,-0.502774,-0.845549,0
1781247093670340,50.2304,-4.43397,1.97437,-5.00784,-4.58773,1.82422,-5,0.153761,0.150146,-0.00784302,0.215053,-0.504861,-0.703372,0.0098827,-0.497038,-0.854725,0
1781247093686340,50.2464,-4.44276,1.96304,-5.0079,-4.59761,1.80704,-5,0.154844,0.156004,-0.00790405,0.219946,-0.501225,-0.711547,0.0114369,-0.491299,-0.863801,0
1781247093702340,50.2624,-4.45145,1.95159,-5.0079,-4.60737,1.78969,-5,0.15592,0.161904,-0.00790405,0.224914,-0.497051,-0.719,0.0116454,-0.48555,-0.872786,0
1781247093726340,50.2864,-4.46424,1.93419,-5.00787,-4.61702,1.77215,-5,0.152775,0.162042,-0.00787354,0.222845,-0.492519,-0.728971,0.0121836,-0.479788,-0.881685,0
1781247093750340,50.3104,-4.4768,1.91651,-5.00781,-4.62654,1.75445,-5,0.14974,0.162062,-0.0078125,0.220788,-0.485611,-0.74078,0.0130828,-0.474018,-0.890491,0
1781247093766340,50.3264,-4.48504,1.90456,-5.00778,-4.63598,1.73652,-5,0.15094,0.168042,-0.00778198,0.226012,-0.481868,-0.748707,0.0126439,-0.468218,-0.899234,0
1781247093790340,50.3504,-4.49721,1.88641,-5.00772,-4.64522,1.71858,-5,0.148015,0.16783,-0.00772095,0.223909,-0.476521,-0.75923,0.012256,-0.462459,-0.90781,0
1781247093806340,50.3664,-4.50519,1.87416,-5.00766,-4.65441,1.70035,-5,0.149216,0.173812,-0.00765991,0.229205,-0.473166,-0.766418,0.0134349,-0.45665,-0.916353,0
1781247093830340,50.3904,-4.51699,1.85557,-5.00754,-4.6635,1.68191,-5,0.146514,0.17366,-0.00753784,0.227334,-0.465705,-0.776381,0.0142182,-0.450817,-0.924823,0
1781247093846340,50.4064,-4.5247,1.84304,-5.00745,-4.67247,1.66331,-5,0.147765,0.179729,-0.00744629,0.232792,-0.461186,-0.782804,0.0149066,-0.444977,-0.933193,0
1781247093870340,50.4304,-4.53611,1.82404,-5.00726,-4.68128,1.64462,-5,0.145174,0.179417,-0.00726318,0.230908,-0.454895,-0.793604,0.0161134,-0.439149,-0.941438,0
1781247093886340,50.4464,-4.54359,1.81122,-5.00711,-4.69,1.62572,-5,0.146408,0.1855,-0.0071106,0.236423,-0.450483,-0.800725,0.0155388,-0.433294,-0.94961,0
1781247093910340,50.4704,-4.55463,1.79178,-5.00693,-4.6986,1.60666,-5,0.143967,0.185119,-0.00692749,0.234613,-0.444723,-0.81108,0.0157852,-0.42743,-0.957685,0
1781247093926340,50.4864,-4.56251,1.77861,-5.00702,-4.70709,1.58744,-5,0.144572,0.191172,-0.00701904,0.239786,-0.43954,-0.816911,0.0156016,-0.421555,-0.965666,0
1781247093950340,50.5104,-4.57406,1.75868,-5.00717,-4.71547,1.56803,-5,0.141406,0.190646,-0.00717163,0.237471,-0.431808,-0.827828,0.0141538,-0.415661,-0.973561,0
1781247093966340,50.5264,-4.5816,1.74523,-5.0072,-4.72373,1.54845,-5,0.142136,0.196779,-0.00720215,0.242851,-0.427623,-0.835927,0.0146918,-0.409752,-0.981366,0
1781247093990340,50.5504,-4.59268,1.72483,-5.00723,-4.73988,1.50889,-5,0.147202,0.21594,-0.00723267,0.26144,-0.42127,-0.845799,0.015285,-0.397925,-0.996649,0
1781247094006340,50.5664,-4.59993,1.71112,-5.00726,-4.73988,1.50889,-5,0.139957,0.202224,-0.00726318,0.246039,-0.416788,-0.852847,0.0146471,-0.397925,-0.996649,0
1781247094030340,50.5904,-4.61058,1.69034,-5.00723,-4.74778,1.4889,-5,0.137197,0.201445,-0.00723267,0.243835,-0.4105,-0.861853,0.0146062,-0.391998,-1.00414,0
1781247094046340,50.6064,-4.61755,1.67637,-5.00723,-4.76322,1.44844,-5,0.145673,0.227929,-0.00723267,0.2706,-0.405449,-0.868661,0.0152676,-0.380111,-1.01883,0
1781247094070340,50.6304,-4.62778,1.65523,-5.00723,-4.77079,1.42792,-5,0.143013,0.227311,-0.00723267,0.268655,-0.397547,-0.87808,0.0156327,-0.374131,-1.02604,0
1781247094086340,50.6464,-4.63446,1.641,-5.00717,-4.77079,1.42792,-5,0.136329,0.213077,-0.00717163,0.253059,-0.393794,-0.885713,0.0159497,-0.374131,-1.02604,0
1781247094110340,50.6704,-4.6443,1.61945,-5.00711,-4.78548,1.38669,-5,0.141182,0.232763,-0.0071106,0.272326,-0.386938,-0.895103,0.0160629,-0.362212,-1.04008,0
1781247094126340,50.6864,-4.65074,1.60495,-5.00705,-4.79269,1.36575,-5,0.141948,0.239202,-0.00704956,0.278239,-0.383736,-0.902488,0.0156063,-0.356206,-1.04699,0
1781247094150340,50.7104,-4.66023,1.58299,-5.00693,-4.79974,1.34479,-5,0.139509,0.238197,-0.00692749,0.276131,-0.3773,-0.912364,0.0167971,-0.350226,-1.05375,0
1781247094166340,50.7264,-4.66643,1.56822,-5.00687,-4.80668,1.32365,-5,0.14025,0.244573,-0.00686646,0.282016,-0.373028,-0.919306,0.0160631,-0.34422,-1.06042,0
1781247094190340,50.7504,-4.67557,1.54588,-5.00671,-4.81351,1.30236,-5,0.137945,0.243517,-0.00671387,0.279954,-0.367196,-0.927568,0.0147243,-0.338204,-1.06699,0
1781247094206340,50.7664,-4.68155,1.53087,-5.00662,-4.81351,1.30236,-5,0.131965,0.228508,-0.00662231,0.263959,-0.36365,-0.933808,0.0139758,-0.338204,-1.06699,0
1781247094230340,50.7904,-4.69034,1.50818,-5.0065,-4.82676,1.25954,-5,0.136419,0.248641,-0.00650024,0.283681,-0.356645,-0.941836,0.0137743,-0.326186,-1.07976,0
1781247094246340,50.8064,-4.69609,1.49296,-5.00641,-4.83326,1.23775,-5,0.137175,0.255206,-0.00640869,0.289807,-0.351874,-0.94651,0.0139232,-0.320113,-1.08604,0
1781247094270340,50.8304,-4.70452,1.46997,-5.0062,-4.83961,1.21594,-5,0.135096,0.254026,-0.00619507,0.287782,-0.344001,-0.955148,0.0152086,-0.31406,-1.09219,0
1781247094286340,50.8464,-4.71003,1.45453,-5.00604,-4.8458,1.19417,-5,0.135773,0.260368,-0.00604248,0.293704,-0.340171,-0.960468,0.0141463,-0.308042,-1.09818,0
1781247094310340,50.8704,-4.71813,1.43123,-5.00583,-4.8519,1.17214,-5,0.133768,0.259091,-0.00582886,0.291644,-0.333011,-0.967802,0.0140362,-0.301979,-1.10409,0
1781247094326340,50.8864,-4.72361,1.41586,-5.0058,-4.85788,1.14999,-5,0.134267,0.265875,-0.00579834,0.29791,-0.328351,-0.974051,0.0138028,-0.295908,-1.1099,0
1781247094350340,50.9104,-4.73167,1.39262,-5.00577,-4.86374,1.12774,-5,0.13207,0.26488,-0.00576782,0.296036,-0.322705,-0.981484,0.0138767,-0.289834,-1.11559,0
1781247094366340,50.9264,-4.73692,1.37702,-5.00574,-4.8695,1.10528,-5,0.132576,0.271746,-0.0057373,0.302416,-0.318265,-0.985441,0.0134768,-0.283725,-1.1212,0
1781247094390340,50.9504,-4.74461,1.35347,-5.00565,-4.87511,1.08281,-5,0.130496,0.270662,-0.00564575,0.300531,-0.310981,-0.993157,0.0131501,-0.277636,-1.12667,0
1781247094406340,50.9664,-4.74963,1.33765,-5.00562,-4.88057,1.06033,-5,0.130944,0.277321,-0.00561523,0.306733,-0.307008,-0.99793,0.0136442,-0.271569,-1.132,0
1781247094430340,50.9904,-4.75702,1.31377,-5.00552,-4.88594,1.03768,-5,0.12892,0.276092,-0.00552368,0.304758,-0.302044,-1.00533,0.0134532,-0.265475,-1.13724,0
1781247094446340,51.0064,-4.76185,1.29773,-5.00546,-4.89119,1.01484,-5,0.129347,0.282886,-0.00546265,0.311103,-0.29825,-1.01006,0.0137175,-0.259355,-1.14238,0
1781247094462340,51.0224,-4.76659,1.28162,-5.00537,-4.89631,0.991971,-5,0.12972,0.289646,-0.00537109,0.317413,-0.293697,-1.01444,0.0136439,-0.253244,-1.14739,0
1781247094486340,51.0464,-4.77357,1.25732,-5.00519,-4.90134,0.968862,-5,0.127769,0.288456,-0.00518799,0.315529,-0.288514,-1.01956,0.0152549,-0.247091,-1.15231,0
1781247094510340,51.0704,-4.78037,1.23287,-5.00497,-4.90621,0.945837,-5,0.125834,0.287038,-0.00497437,0.313448,-0.281487,-1.02588,0.0142352,-0.24098,-1.15709,0
1781247094526340,51.0864,-4.7848,1.21648,-5.00482,-4.91098,0.922554,-5,0.126187,0.293925,-0.00482178,0.319904,-0.277851,-1.0302,0.0143282,-0.234819,-1.16178,0
1781247094550340,51.1104,-4.79132,1.19175,-5.00458,-4.9156,0.899358,-5,0.12428,0.292396,-0.00457764,0.317745,-0.272744,-1.03712,0.0144737,-0.2287,-1.16631,0
1781247094566340,51.1264,-4.7956,1.17518,-5.00439,-4.92011,0.876019,-5,0.124507,0.299156,-0.00439453,0.324061,-0.268248,-1.04119,0.0146267,-0.222561,-1.17075,0
1781247094590340,51.1504,-4.80187,1.15018,-5.00412,-4.92449,0.852624,-5,0.122621,0.297556,-0.00411987,0.321858,-0.261526,-1.04731,0.0139532,-0.216425,-1.17506,0
1781247094606340,51.1664,-4.80595,1.13343,-5.00394,-4.92877,0.829007,-5,0.122821,0.304419,-0.00393677,0.328286,-0.257592,-1.0516,0.0141532,-0.210247,-1.17927,0
1781247094630527,51.1906,-4.81194,1.10815,-5.00366,-4.93289,0.805467,-5,0.120955,0.302688,-0.00366211,0.325981,-0.252184,-1.05727,0.0150268,-0.204106,-1.18335,0
1781247094646527,51.2066,-4.81584,1.09124,-5.00345,-4.93691,0.781781,-5,0.121073,0.309457,-0.00344849,0.332316,-0.24744,-1.06072,0.0146808,-0.197943,-1.18731,0
1781247094670527,51.2306,-4.82153,1.06576,-5.00317,-4.94081,0.758004,-5,0.119283,0.30776,-0.00317383,0.330083,-0.240777,-1.06574,0.0125092,-0.191771,-1.19116,0
1781247094686527,51.2466,-4.82523,1.04869,-5.00302,-4.94458,0.734147,-5,0.119348,0.314548,-0.00302124,0.336443,-0.237701,-1.07026,0.0120813,-0.185594,-1.19489,0
1781247094710527,51.2706,-4.83069,1.02299,-5.00281,-4.94823,0.710204,-5,0.117544,0.312789,-0.00280762,0.334157,-0.229887,-1.07502,0.0116453,-0.179409,-1.1985,0
1781247094726527,51.2866,-4.83472,1.0048,-5.00299,-4.95176,0.686207,-5,0.117039,0.318594,-0.00299072,0.339425,-0.225361,-1.0801,0.0113017,-0.173223,-1.20199,0
1781247094750527,51.3106,-4.84057,0.97745,-5.0032,-4.95516,0.662149,-5,0.114587,0.315301,-0.00320435,0.335492,-0.219287,-1.08645,0.0109019,-0.167035,-1.20536,0
1781247094766527,51.3266,-4.84436,0.959207,-5.00336,-4.95844,0.637998,-5,0.114081,0.321209,-0.00335693,0.340883,-0.215514,-1.0889,0.0119115,-0.160836,-1.20861,0
1781247094790527,51.3506,-4.84987,0.93181,-5.00351,-4.96159,0.613819,-5,0.111723,0.317991,-0.00350952,0.337065,-0.209209,-1.09534,0.0116548,-0.154643,-1.21174,0
1781247094806527,51.3666,-4.85343,0.913504,-5.0036,-4.96462,0.589537,-5,0.111191,0.323967,-0.00360107,0.342536,-0.205563,-1.09926,0.0111553,-0.148435,-1.21475,0
1781247094830527,51.3906,-4.85858,0.885979,-5.00369,-4.96753,0.565232,-5,0.108947,0.320747,-0.00369263,0.338765,-0.197793,-1.10492,0.010282,-0.142232,-1.21763,0
1781247094846527,51.4066,-4.86189,0.867587,-5.00378,-4.97032,0.540768,-5,0.108434,0.326819,-0.00378418,0.344358,-0.192682,-1.10997,0.009416,-0.135999,-1.22041,0
1781247094870527,51.4306,-4.86668,0.839909,-5.00391,-4.97298,0.516335,-5,0.106297,0.323574,-0.00390625,0.340609,-0.187995,-1.1156,0.0104843,-0.129785,-1.22305,0
1781247094886527,51.4466,-4.86978,0.821431,-5.00394,-4.9755,0.491937,-5,0.105721,0.329494,-0.00393677,0.346062,-0.183443,-1.11815,0.0102234,-0.12359,-1.22556,0
1781247094910527,51.4706,-4.87427,0.793669,-5.004,-4.97792,0.467322,-5,0.103648,0.326347,-0.0039978,0.342434,-0.176703,-1.12321,0.00861444,-0.117349,-1.22797,0
1781247094926527,51.4866,-4.87714,0.775142,-5.00406,-4.9802,0.442816,-5,0.103058,0.332327,-0.00405884,0.347963,-0.171644,-1.12478,0.00782302,-0.111144,-1.23024,0
1781247094950527,51.5106,-4.88128,0.747315,-5.00415,-4.98236,0.418095,-5,0.101082,0.32922,-0.00415039,0.344413,-0.165783,-1.12981,0.00864301,-0.104894,-1.2324,0
1781247094966527,51.5266,-4.88395,0.728725,-5.00415,-4.9844,0.393466,-5,0.100444,0.335259,-0.00415039,0.350007,-0.162502,-1.13289,0.0104232,-0.0986745,-1.23442,0
1781247094990527,51.5506,-4.88782,0.700803,-5.00415,-4.98631,0.368743,-5,0.0984936,0.33206,-0.00415039,0.346385,-0.156108,-1.13637,0.00999259,-0.0924388,-1.23633,0
1781247095006527,51.5666,-4.89029,0.682178,-5.00415,-4.98809,0.344028,-5,0.0978017,0.33815,-0.00415039,0.352034,-0.152155,-1.13849,0.0100775,-0.0862122,-1.23811,0
1781247095030527,51.5906,-4.89387,0.65417,-5.00415,-4.98975,0.319354,-5,0.0958743,0.334816,-0.00415039,0.348297,-0.146691,-1.14349,0.0107614,-0.0800026,-1.23976,0
1781247095046527,51.6066,-4.89617,0.635469,-5.00409,-4.99129,0.294451,-5,0.0951204,0.341018,-0.00408936,0.354059,-0.142439,-1.14621,0.010691,-0.0737411,-1.2413,0
1781247095070527,51.6306,-4.89945,0.607386,-5.00397,-4.9927,0.269627,-5,0.0932579,0.337759,-0.00396729,0.35042,-0.134644,-1.14939,0.0115751,-0.0675052,-1.24271,0
1781247095086527,51.6466,-4.90153,0.588652,-5.00388,-4.99399,0.244739,-5,0.0924649,0.343913,-0.00387573,0.356147,-0.130576,-1.14973,0.0115408,-0.0612584,-1.244,0
1781247095110527,51.6706,-4.9045,0.560548,-5.00372,-4.99515,0.219963,-5,0.0906491,0.340585,-0.00372314,0.352462,-0.1247,-1.15182,0.0114722,-0.0550442,-1.24515,0
1781247095126527,51.6866,-4.90654,0.541054,-5.00381,-4.99619,0.19511,-5,0.0896468,0.345944,-0.0038147,0.357391,-0.120416,-1.15363,0.0116122,-0.0488147,-1.24619,0
1781247095150527,51.7106,-4.90944,0.511838,-5.00388,-4.9971,0.170187,-5,0.0876603,0.341651,-0.00387573,0.352739,-0.113653,-1.15768,0.0110449,-0.0425714,-1.2471,0
1781247095166527,51.7266,-4.91127,0.492366,-5.00394,-4.99789,0.145243,-5,0.0866175,0.347123,-0.00393677,0.357789,-0.11071,-1.15997,0.0103692,-0.036326,-1.24789,0
1781247095190527,51.7506,-4.91389,0.463166,-5.00397,-4.99855,0.120285,-5,0.0846586,0.342881,-0.00396729,0.3532,-0.104775,-1.16382,0.0112985,-0.03008,-1.24855,0
1781247095206527,51.7666,-4.91554,0.443706,-5.004,-4.99909,0.0953016,-5,0.0835547,0.348405,-0.0039978,0.358306,-0.100218,-1.16581,0.0110448,-0.0238297,-1.24909,0
1781247095230527,51.7906,-4.91784,0.414536,-5.00397,-4.99951,0.0703303,-5,0.0816636,0.344206,-0.00396729,0.353783,-0.0934456,-1.16721,0.0120501,-0.0175843,-1.24951,0
1781247095246527,51.8066,-4.91927,0.395115,-5.00394,-4.99979,0.0453483,-5,0.0805244,0.349766,-0.00393677,0.358937,-0.0882684,-1.16914,0.0107538,-0.0113376,-1.24979,0
1781247095270527,51.8306,-4.92126,0.365993,-5.00397,-4.99996,0.0203551,-5,0.0787024,0.345638,-0.00396729,0.354507,-0.0816869,-1.17145,0.00947267,-0.00508881,-1.24996,0
1781247095286527,51.8466,-4.92248,0.346588,-5.00397,-5,-0.00464412,-5,0.0775151,0.351232,-0.00396729,0.359706,-0.0777201,-1.17261,0.0100292,0.00116103,-1.25,0
1781247095310527,51.8706,-4.92419,0.317533,-5.00394,-4.99991,-0.0296415,-5,0.0757246,0.347174,-0.00393677,0.355359,-0.0716106,-1.17304,0.0104269,0.0074105,-1.24991,0
1781247095326527,51.8866,-4.92523,0.298177,-5.00391,-4.9997,-0.0546267,-5,0.0744667,0.352804,-0.00390625,0.360598,-0.067426,-1.17422,0.0107777,0.0136575,-1.2497,0
1781247095350527,51.9106,-4.92666,0.269183,-5.00378,-4.99937,-0.0796102,-5,0.0727019,0.348793,-0.00378418,0.35631,-0.0613989,-1.17463,0.0124892,0.0199051,-1.24937,0
1781247095366527,51.9266,-4.92754,0.249876,-5.00369,-4.9989,-0.104752,-5,0.0713663,0.354628,-0.00369263,0.361757,-0.0579855,-1.17519,0.0124637,0.0261938,-1.2489,0
1781247095390527,51.9506,-4.92871,0.220929,-5.00351,-4.99832,-0.129732,-5,0.0696025,0.350661,-0.00350952,0.35752,-0.0516927,-1.17684,0.0122939,0.032444,-1.24832,0
1781247095406527,51.9666,-4.92941,0.201642,-5.00342,-4.99761,-0.154584,-5,0.0682011,0.356226,-0.00341797,0.362712,-0.0473007,-1.17773,0.0120839,0.0386645,-1.24761,0
1781247095430527,51.9906,-4.93031,0.172725,-5.00323,-4.99676,-0.179991,-5,0.0664415,0.352716,-0.00323486,0.358934,-0.0416365,-1.17877,0.0113343,0.045027,-1.24676,0
1781247095446527,52.0066,-4.93084,0.153473,-5.00311,-4.99581,-0.204497,-5,0.0649676,0.35797,-0.00311279,0.363831,-0.0385008,-1.17791,0.012523,0.0511671,-1.24581,0
1781247095470527,52.0306,-4.9315,0.124654,-5.0029,-4.99473,-0.229363,-5,0.0632229,0.354018,-0.00289917,0.359631,-0.0311465,-1.17635,0.013117,0.0574014,-1.24473,0
1781247095486527,52.0466,-4.93185,0.105484,-5.00272,-4.99351,-0.254274,-5,0.0616622,0.359759,-0.00271606,0.365015,-0.0272078,-1.17606,0.0128636,0.0636512,-1.24352,0
1781247095510527,52.0706,-4.93223,0.0767791,-5.00247,-4.99218,-0.279054,-5,0.0599494,0.355833,-0.00247192,0.360856,-0.019055,-1.17483,0.0131961,0.0698727,-1.24219,0
1781247095526527,52.0866,-4.93216,0.0573362,-5.00238,-4.99072,-0.303948,-5,0.0585561,0.361284,-0.00238037,0.366006,-0.0133926,-1.17551,0.0134197,0.0761282,-1.24073,0
1781247095550527,52.1106,-4.93192,0.0282036,-5.00223,-4.98913,-0.32875,-5,0.0572095,0.356953,-0.00222778,0.361516,-0.00692464,-1.17671,0.0150051,0.0823664,-1.23915,0
1781247095566527,52.1266,-4.93167,0.00882159,-5.00211,-4.98743,-0.353406,-5,0.0557566,0.362227,-0.00210571,0.366499,-0.00191373,-1.17548,0.0149566,0.0885741,-1.23745,0
1781247095582527,52.1426,-4.93136,-0.0105061,-5.00198,-4.9856,-0.378148,-5,0.0542412,0.367642,-0.00198364,0.371627,0.00247992,-1.17421,0.0145037,0.0948102,-1.23562,0
1781247095606527,52.1666,-4.93077,-0.0394269,-5.00177,-4.98364,-0.402844,-5,0.0528636,0.363417,-0.00177002,0.367246,0.00714457,-1.17291,0.0153378,0.101042,-1.23366,0
1781247095630527,52.1906,-4.93007,-0.0682666,-5.00153,-4.98155,-0.427504,-5,0.0514808,0.359238,-0.00152588,0.362911,0.0138291,-1.17138,0.0153194,0.107272,-1.23159,0
1781247095646714,52.2068,-4.92952,-0.0874377,-5.00134,-4.97934,-0.452177,-5,0.0498252,0.364739,-0.00134277,0.368129,0.0177956,-1.17081,0.0150592,0.113513,-1.22938,0
1781247095670714,52.2308,-4.92857,-0.116129,-5.00113,-4.97701,-0.476756,-5,0.048439,0.360627,-0.00112915,0.363867,0.0244619,-1.16813,0.0127147,0.11974,-1.22706,0
1781247095686714,52.2468,-4.92786,-0.135188,-5.00098,-4.97455,-0.501262,-5,0.0466909,0.366075,-0.000976562,0.369042,0.0281665,-1.1665,0.0125842,0.125957,-1.22462,0
1781247095710714,52.2708,-4.92666,-0.163695,-5.00073,-4.97198,-0.525621,-5,0.045321,0.361926,-0.000732422,0.364754,0.0363308,-1.1643,0.0121629,0.132146,-1.22206,0
1781247095726714,52.2868,-4.92576,-0.182653,-5.00058,-4.96927,-0.550098,-5,0.0435109,0.367445,-0.000579834,0.370012,0.0412379,-1.16324,0.0122672,0.138375,-1.21936,0
1781247095750714,52.3108,-4.92429,-0.211029,-5.00031,-4.96642,-0.574605,-5,0.0421357,0.363575,-0.000305176,0.366009,0.0472817,-1.16169,0.0125104,0.144622,-1.21653,0
1781247095766714,52.3268,-4.92322,-0.229903,-5.00015,-4.96349,-0.598762,-5,0.0402632,0.368859,-0.000152588,0.37105,0.0515618,-1.16063,0.011925,0.150792,-1.21362,0
1781247095790714,52.3508,-4.92149,-0.258143,-4.99991,-4.96041,-0.622985,-5,0.0389175,0.364842,9.15527e-05,0.366912,0.0595732,-1.15748,0.0128986,0.156989,-1.21057,0
1781247095806714,52.3668,-4.92024,-0.276905,-4.99969,-4.95722,-0.64709,-5,0.0369787,0.370185,0.000305176,0.372028,0.0642836,-1.1556,0.0137329,0.163169,-1.2074,0
1781247095830714,52.3908,-4.91825,-0.30496,-4.99933,-4.95384,-0.671616,-5,0.0355854,0.366656,0.000671387,0.368379,0.0698847,-1.15269,0.0158011,0.169469,-1.20405,0
1781247095846714,52.4068,-4.91684,-0.323618,-4.99908,-4.95043,-0.69532,-5,0.0335946,0.371702,0.000915527,0.373218,0.0748258,-1.15089,0.0167104,0.17557,-1.20068,0
1781247095870714,52.4308,-4.91458,-0.351511,-4.99866,-4.94686,-0.719295,-5,0.0322862,0.367784,0.00134277,0.369201,0.0823191,-1.14775,0.0178135,0.181755,-1.19714,0
1781247095886714,52.4468,-4.91298,-0.370063,-4.99838,-4.94317,-0.743185,-5,0.03019,0.373122,0.00161743,0.374344,0.0869549,-1.14676,0.0174944,0.187932,-1.19349,0
1781247095910714,52.4708,-4.91044,-0.397833,-4.99796,-4.93936,-0.766952,-5,0.0289207,0.369119,0.00204468,0.370256,0.0949849,-1.14503,0.0182723,0.194092,-1.18973,0
1781247095926714,52.4868,-4.90912,-0.417089,-4.99786,-4.93541,-0.790736,-5,0.0262938,0.373647,0.00213623,0.374577,0.0991873,-1.14243,0.0182252,0.200271,-1.18583,0
1781247095950714,52.5108,-4.907,-0.445821,-4.99771,-4.93134,-0.814443,-5,0.0243387,0.368622,0.00228882,0.369432,0.104301,-1.14017,0.01774,0.206446,-1.18181,0
1781247095966714,52.5268,-4.90549,-0.46489,-4.99765,-4.92715,-0.838032,-5,0.0216579,0.373142,0.00234985,0.373777,0.108391,-1.13841,0.0170511,0.212606,-1.17768,0
1781247095990714,52.5508,-4.90308,-0.49337,-4.99756,-4.92285,-0.861457,-5,0.019773,0.368087,0.00244141,0.368626,0.115492,-1.13639,0.0153783,0.218739,-1.17344,0
1781247096006714,52.5668,-4.90136,-0.512262,-4.9975,-4.9184,-0.884968,-5,0.0170336,0.372705,0.00250244,0.373103,0.119471,-1.13347,0.0155872,0.224913,-1.16906,0
1781247096030714,52.5908,-4.89865,-0.540471,-4.99738,-4.91381,-0.90842,-5,0.0151668,0.367948,0.00262451,0.36827,0.125748,-1.13135,0.0146157,0.231088,-1.16456,0
1781247096046714,52.6068,-4.89675,-0.559197,-4.99731,-4.90915,-0.931558,-5,0.0124078,0.372361,0.00268555,0.372577,0.128078,-1.12872,0.0143348,0.237199,-1.15998,0
1781247096070714,52.6308,-4.89377,-0.587143,-4.99716,-4.90437,-0.954598,-5,0.0105968,0.367455,0.00283813,0.367619,0.134863,-1.12458,0.0138898,0.243303,-1.15529,0
1781247096086714,52.6468,-4.89167,-0.605677,-4.99707,-4.89945,-0.977652,-5,0.00777149,0.371975,0.00292969,0.372067,0.139791,-1.12127,0.0133575,0.249429,-1.15046,0
1781247096110714,52.6708,-4.88838,-0.633321,-4.99695,-4.89439,-1.00061,-5,0.00601625,0.367293,0.00305176,0.367355,0.145723,-1.11677,0.0141738,0.255551,-1.14551,0
1781247096126714,52.6868,-4.8861,-0.651669,-4.99689,-4.88919,-1.02364,-5,0.003088,0.371966,0.00311279,0.371992,0.148657,-1.11509,0.0139104,0.261709,-1.14041,0
1781247096150714,52.7108,-4.88254,-0.679088,-4.9968,-4.88394,-1.0462,-5,0.00139427,0.367111,0.00320435,0.367128,0.154952,-1.11168,0.012044,0.267765,-1.13528,0
1781247096166714,52.7268,-4.88008,-0.69728,-4.99673,-4.87852,-1.06886,-5,-0.00156498,0.37158,0.00326538,0.371598,0.158481,-1.10804,0.0120932,0.273869,-1.12999,0
1781247096190714,52.7508,-4.8763,-0.72441,-4.99667,-4.87298,-1.0914,-5,-0.00331688,0.366994,0.00332642,0.367024,0.162398,-1.10216,0.0118161,0.279963,-1.12459,0
1781247096206714,52.7668,-4.87369,-0.742389,-4.99661,-4.86732,-1.11383,-5,-0.00636673,0.371445,0.00338745,0.371515,0.166793,-1.09838,0.0102938,0.286049,-1.11908,0
1781247096230714,52.7908,-4.86963,-0.769199,-4.99661,-4.86156,-1.1361,-5,-0.00807762,0.3669,0.00338745,0.367005,0.173037,-1.09246,0.00783416,0.292113,-1.11347,0
1781247096246714,52.8068,-4.86684,-0.786971,-4.99658,-4.85565,-1.15834,-5,-0.011198,0.371364,0.00341797,0.371549,0.176793,-1.0882,0.00671742,0.298193,-1.10773,0
1781247096270714,52.8308,-4.86251,-0.81347,-4.99658,-4.84962,-1.18045,-5,-0.0128908,0.366985,0.00341797,0.367227,0.184814,-1.08231,0.00456208,0.304265,-1.10188,0
1781247096286714,52.8468,-4.8595,-0.831051,-4.99658,-4.84347,-1.20242,-5,-0.0160298,0.371365,0.00341797,0.371727,0.189695,-1.0806,0.00415623,0.310319,-1.09592,0
1781247096310714,52.8708,-4.85485,-0.857311,-4.99658,-4.83718,-1.22437,-5,-0.0176692,0.367062,0.00341797,0.367503,0.197156,-1.07501,0.00384247,0.316396,-1.08983,0
1781247096326714,52.8868,-4.85145,-0.875249,-4.9967,-4.83082,-1.24601,-5,-0.0206356,0.37076,0.0032959,0.371348,0.201635,-1.07182,0.00412412,0.322411,-1.08368,0
1781247096350714,52.9108,-4.84599,-0.902702,-4.99704,-4.82432,-1.2676,-5,-0.0216703,0.364893,0.00296021,0.365548,0.207472,-1.06527,0.00334648,0.328439,-1.0774,0
1781247096366714,52.9268,-4.84226,-0.920858,-4.99728,-4.81768,-1.2891,-5,-0.0245805,0.368238,0.00271606,0.369067,0.212682,-1.06242,0.00243111,0.33447,-1.07101,0
1781247096382714,52.9428,-4.83847,-0.938905,-4.99753,-4.81094,-1.31044,-5,-0.0275354,0.371533,0.00247192,0.37256,0.217397,-1.05848,0.000782319,0.340484,-1.06451,0
1781247096406714,52.9668,-4.83267,-0.965741,-4.99783,-4.80408,-1.33163,-5,-0.0285959,0.365892,0.00216675,0.367014,0.224096,-1.0519,0.000640088,0.346485,-1.05792,0
1781247096430714,52.9908,-4.82676,-0.992306,-4.99814,-4.79709,-1.35271,-5,-0.029664,0.360403,0.00186157,0.361627,0.231762,-1.0463,-0.000776864,0.352481,-1.05121,0
1781247096446714,53.0068,-4.82273,-1.0099,-4.99835,-4.78999,-1.37364,-5,-0.0327339,0.363746,0.00164795,0.365219,0.236203,-1.04415,-0.00260503,0.358467,-1.0444,0
1781247096470714,53.0308,-4.81656,-1.03612,-4.99863,-4.78277,-1.39445,-5,-0.0337958,0.35833,0.00137329,0.359923,0.242411,-1.03858,-0.00285229,0.364446,-1.03749,0
1781247096486714,53.0468,-4.81238,-1.05348,-4.99881,-4.77541,-1.41515,-5,-0.0369725,0.361669,0.00119019,0.363555,0.245523,-1.03641,-0.00342485,0.370426,-1.03045,0
1781247096510714,53.0708,-4.80605,-1.07934,-4.99905,-4.76792,-1.43574,-5,-0.0381236,0.356404,0.000946045,0.358439,0.251309,-1.02934,-0.00136509,0.376406,-1.02331,0
1781247096526714,53.0868,-4.80174,-1.09644,-4.99918,-4.76036,-1.45608,-5,-0.0413857,0.359641,0.000823975,0.362015,0.2557,-1.02508,-0.00269977,0.382346,-1.0161,0
1781247096550714,53.1108,-4.79515,-1.12193,-4.99936,-4.75266,-1.4763,-5,-0.0424867,0.354369,0.000640869,0.356908,0.263816,-1.0199,-0.00112299,0.388283,-1.00878,0
1781247096566714,53.1268,-4.79064,-1.13881,-4.99945,-4.74483,-1.49641,-5,-0.0458031,0.357594,0.000549316,0.360516,0.269011,-1.01605,0.000176651,0.39422,-1.00135,0
1781247096590714,53.1508,-4.78372,-1.16395,-4.99954,-4.73689,-1.51636,-5,-0.0468321,0.352407,0.000457764,0.355505,0.276824,-1.00832,-8.6473e-05,0.400147,-0.993812,0
1781247096606714,53.1668,-4.77903,-1.18058,-4.9996,-4.72882,-1.53617,-5,-0.0502067,0.355597,0.000396729,0.359124,0.280895,-1.00416,-0.00099351,0.406067,-0.986176,0
1781247096630714,53.1908,-4.77187,-1.20533,-4.99973,-4.72064,-1.55583,-5,-0.0512385,0.350509,0.000274658,0.354235,0.287492,-0.996846,0.000234249,0.411977,-0.97844,0
1781247096646902,53.207,-4.76702,-1.22168,-4.99979,-4.71231,-1.57539,-5,-0.054708,0.353706,0.000213623,0.357912,0.292993,-0.991228,0.000150559,0.417892,-0.970585,0
1781247096670902,53.231,-4.7596,-1.24602,-4.99985,-4.70389,-1.59472,-5,-0.0557027,0.348703,0.000152588,0.353124,0.299385,-0.98377,-0.000462416,0.423777,-0.962662,0
1781247096686902,53.247,-4.75458,-1.2621,-4.99994,-4.69536,-1.61389,-5,-0.0592194,0.351789,6.10352e-05,0.356739,0.303444,-0.977903,0.000566032,0.429651,-0.95464,0
1781247096702902,53.263,-4.7495,-1.27808,-5,-4.68672,-1.63288,-5,-0.0627766,0.354799,0,0.36031,0.307815,-0.972749,0.00047607,0.435507,-0.946534,0
1781247096726902,53.287,-4.74169,-1.30297,-5.00021,-4.67795,-1.65174,-5,-0.0637412,0.348774,-0.000213623,0.354551,0.314616,-0.964728,0.000470419,0.441364,-0.938317,0
1781247096750902,53.311,-4.73372,-1.32811,-5.00043,-4.66907,-1.6704,-5,-0.0646462,0.342289,-0.000427246,0.348341,0.320893,-0.958357,0.0014691,0.447199,-0.930021,0
1781247096766902,53.327,-4.72832,-1.34471,-5.00055,-4.66005,-1.68895,-5,-0.0682697,0.344242,-0.000549316,0.350947,0.326223,-0.954037,0.00274657,0.453039,-0.921609,0
1781247096790902,53.351,-4.72006,-1.36933,-5.00067,-4.65094,-1.70728,-5,-0.0691214,0.33795,-0.000671387,0.344947,0.334328,-0.947598,0.00273591,0.458854,-0.913125,0
1781247096806902,53.367,-4.71446,-1.38559,-5.00076,-4.64174,-1.7254,-5,-0.072721,0.339811,-0.000762939,0.347506,0.33944,-0.942335,0.00302907,0.464642,-0.904573,0
1781247096830902,53.391,-4.70592,-1.40969,-5.00085,-4.63241,-1.74337,-5,-0.0735121,0.333675,-0.000854492,0.341678,0.346229,-0.934916,0.00224615,0.470427,-0.895918,0
1781247096846902,53.407,-4.70013,-1.4256,-5.00092,-4.6229,-1.76126,-5,-0.0772238,0.335661,-0.000915527,0.344431,0.35098,-0.929663,0.00283271,0.476233,-0.887123,0
1781247096870902,53.431,-4.69128,-1.44921,-5.00101,-4.61332,-1.77892,-5,-0.077961,0.329712,-0.00100708,0.338805,0.358852,-0.920703,0.00192919,0.482007,-0.878271,0
1781247096886902,53.447,-4.6853,-1.46477,-5.00104,-4.60362,-1.7964,-5,-0.0816751,0.331629,-0.0010376,0.34154,0.36253,-0.914473,0.00210901,0.487767,-0.869333,0
1781247096910902,53.471,-4.6762,-1.48782,-5.00113,-4.5938,-1.8137,-5,-0.0823936,0.32588,-0.00112915,0.336137,0.370746,-0.90419,0.00198614,0.493519,-0.860303,0
1781247096926902,53.487,-4.67003,-1.503,-5.00116,-4.58367,-1.83117,-5,-0.0863605,0.328166,-0.00115967,0.339341,0.375535,-0.898466,0.00352875,0.499373,-0.851003,0
1781247096950902,53.511,-4.66062,-1.52552,-5.00116,-4.57386,-1.84771,-5,-0.0867643,0.322191,-0.00115967,0.333671,0.384134,-0.888734,0.00399812,0.504965,-0.842016,0
1781247096966902,53.527,-4.65425,-1.54035,-5.00116,-4.5637,-1.86447,-5,-0.0905514,0.324113,-0.00115967,0.336527,0.389379,-0.88234,0.00351215,0.510679,-0.832732,0
1781247096990902,53.551,-4.64458,-1.56234,-5.0011,-4.55342,-1.88103,-5,-0.0911531,0.318694,-0.00109863,0.331476,0.39504,-0.871397,0.00443921,0.516378,-0.823366,0
1781247097006902,53.567,-4.63805,-1.57679,-5.00107,-4.54303,-1.89741,-5,-0.0950127,0.320618,-0.00106812,0.334401,0.40099,-0.86429,0.00301095,0.522066,-0.813916,0
1781247097022902,53.583,-4.63142,-1.59111,-5.00107,-4.53255,-1.91357,-5,-0.0988717,0.322454,-0.00106812,0.337274,0.406652,-0.858463,0.00277048,0.527729,-0.804404,0
1781247097046902,53.607,-4.62133,-1.61235,-5.00107,-4.52194,-1.92956,-5,-0.0993843,0.317212,-0.00106812,0.332418,0.415234,-0.847589,0.00302303,0.533388,-0.794795,0
1781247097070902,53.631,-4.61104,-1.63325,-5.00107,-4.51122,-1.94535,-5,-0.0998168,0.312106,-0.00106812,0.327681,0.423351,-0.836464,0.00222479,0.539032,-0.785111,0
1781247097086902,53.647,-4.60408,-1.647,-5.00107,-4.50039,-1.96095,-5,-0.103696,0.313946,-0.00106812,0.33063,0.427774,-0.829418,0.00214026,0.544662,-0.77535,0
1781247097110902,53.671,-4.5935,-1.6674,-5.00104,-4.48943,-1.97637,-5,-0.104074,0.308977,-0.0010376,0.326035,0.435774,-0.82006,0.00193848,0.550285,-0.765498,0
1781247097126902,53.687,-4.58597,-1.68171,-5.00134,-4.4784,-1.99154,-5,-0.10757,0.309825,-0.00134277,0.32797,0.441394,-0.812201,0.00310729,0.555874,-0.755607,0
1781247097150902,53.711,-4.57455,-1.70287,-5.00174,-4.46722,-2.00657,-5,-0.107331,0.303694,-0.0017395,0.322107,0.447667,-0.803608,0.00309224,0.561471,-0.745601,0
1781247097166902,53.727,-4.56687,-1.71677,-5.00201,-4.45592,-2.02139,-5,-0.110947,0.304623,-0.00201416,0.324204,0.453016,-0.795674,0.000927194,0.567053,-0.735522,0
1781247097190902,53.751,-4.55523,-1.73728,-5.00241,-4.44452,-2.036,-5,-0.11071,0.298721,-0.00241089,0.318585,0.459705,-0.785118,0.000174187,0.572616,-0.725378,0
1781247097206902,53.767,-4.54741,-1.75075,-5.00269,-4.43301,-2.05041,-5,-0.114399,0.299658,-0.00268555,0.320764,0.464188,-0.778841,-0.00120464,0.578166,-0.715159,0
1781247097230902,53.791,-4.53555,-1.77066,-5.00308,-4.42115,-2.06491,-5,-0.114402,0.294247,-0.00308228,0.315719,0.472037,-0.767522,-0.000343077,0.583815,-0.704657,0
1781247097246902,53.807,-4.52756,-1.78372,-5.00333,-4.40962,-2.07866,-5,-0.117946,0.294946,-0.00332642,0.317672,0.477041,-0.759994,-0.000431429,0.589241,-0.694473,0
1781247097270902,53.831,-4.51548,-1.80297,-5.00372,-4.39784,-2.09238,-5,-0.117645,0.289403,-0.00372314,0.312423,0.484051,-0.747873,0.0017604,0.594718,-0.684097,0
1781247097286902,53.847,-4.50735,-1.8156,-5.00394,-4.3859,-2.10594,-5,-0.121451,0.290338,-0.00393677,0.314741,0.488095,-0.739595,0.00196724,0.600202,-0.673613,0
1781247097310902,53.871,-4.49505,-1.83423,-5.00421,-4.37384,-2.11931,-5,-0.121215,0.285088,-0.00421143,0.309816,0.49581,-0.728142,0.00266075,0.60568,-0.663043,0
1781247097326902,53.887,-4.48676,-1.84645,-5.00436,-4.36164,-2.1325,-5,-0.125119,0.286055,-0.00436401,0.312252,0.501411,-0.720372,0.00339555,0.611153,-0.652387,0
1781247097350902,53.911,-4.47418,-1.86448,-5.00452,-4.3494,-2.1454,-5,-0.12478,0.280914,-0.0045166,0.307413,0.507802,-0.709107,0.00438778,0.616577,-0.641732,0
1781247097366902,53.927,-4.46572,-1.8763,-5.00461,-4.33702,-2.15812,-5,-0.128702,0.281815,-0.00460815,0.309847,0.513039,-0.701048,0.00504703,0.622005,-0.630976,0
1781247097390902,53.951,-4.45291,-1.89375,-5.00473,-4.32453,-2.17063,-5,-0.128382,0.276873,-0.00473022,0.305227,0.520131,-0.68962,0.00499587,0.627417,-0.620156,0
1781247097406902,53.967,-4.4443,-1.9052,-5.00479,-4.31192,-2.18293,-5,-0.132383,0.27773,-0.00479126,0.307705,0.522618,-0.682856,0.0046867,0.632818,-0.609266,0
1781247097430902,53.991,-4.43132,-1.92212,-5.00485,-4.29925,-2.19497,-5,-0.132077,0.272853,-0.00485229,0.303177,0.528756,-0.671955,0.00609997,0.638185,-0.598353,0
1781247097446902,54.007,-4.4226,-1.93322,-5.00488,-4.28642,-2.20684,-5,-0.136187,0.273621,-0.00488281,0.305678,0.532456,-0.664568,0.00746464,0.643556,-0.587337,0
1781247097462902,54.023,-4.41383,-1.94417,-5.00488,-4.27351,-2.21846,-5,-0.140322,0.274292,-0.00488281,0.30814,0.537642,-0.657124,0.00792291,0.648901,-0.576285,0
1781247097486902,54.047,-4.40052,-1.96033,-5.00482,-4.26047,-2.22988,-5,-0.140053,0.269554,-0.00482178,0.303805,0.545535,-0.645901,0.00811573,0.654236,-0.565161,0
1781247097510902,54.071,-4.38705,-1.97617,-5.00479,-4.24733,-2.24108,-5,-0.139722,0.264907,-0.00479126,0.299535,0.553075,-0.633916,0.00846654,0.659555,-0.553979,0
1781247097526902,54.087,-4.37747,-1.98727,-5.00473,-4.2341,-2.25204,-5,-0.143378,0.264762,-0.00473022,0.301129,0.558148,-0.627947,0.00841745,0.664851,-0.542756,0
1781247097550902,54.111,-4.36301,-2.00364,-5.00464,-4.22074,-2.26278,-5,-0.142271,0.259138,-0.00463867,0.29566,0.564918,-0.618715,0.0101955,0.670136,-0.531468,0
1781247097566902,54.127,-4.35332,-2.01435,-5.00455,-4.20729,-2.27329,-5,-0.146023,0.258944,-0.00454712,0.297313,0.570236,-0.609963,0.00937986,0.675402,-0.520131,0
1781247097590902,54.151,-4.33865,-2.03006,-5.00439,-4.1937,-2.2836,-5,-0.144954,0.253541,-0.00439453,0.292086,0.576532,-0.596784,0.00972155,0.680665,-0.508712,0
1781247097606902,54.167,-4.32884,-2.04031,-5.0043,-4.18006,-2.29365,-5,-0.148779,0.253334,-0.00430298,0.293823,0.581085,-0.588737,0.0097171,0.68589,-0.497287,0
1781247097630902,54.191,-4.31402,-2.05538,-5.00418,-4.16557,-2.30398,-5,-0.148448,0.248605,-0.00418091,0.289584,0.587746,-0.576407,0.00760902,0.691376,-0.485198,0
1781247097647093,54.2072,-4.30408,-2.06519,-5.00412,-4.15244,-2.31306,-5,-0.151639,0.24787,-0.00411987,0.290605,0.592305,-0.567872,0.00752889,0.696297,-0.474273,0
1781247097671093,54.2312,-4.28907,-2.0796,-5.00403,-4.13846,-2.32243,-5,-0.150611,0.24283,-0.00402832,0.285773,0.598186,-0.556025,0.0065919,0.701477,-0.462688,0
1781247097687093,54.2472,-4.27903,-2.08901,-5.00397,-4.12444,-2.33153,-5,-0.154592,0.242526,-0.00396729,0.287634,0.601039,-0.548163,0.0068382,0.706621,-0.451099,0
1781247097703093,54.2632,-4.26896,-2.09825,-5.00394,-4.1102,-2.34047,-5,-0.158762,0.242217,-0.00393677,0.289638,0.604449,-0.539644,0.00595934,0.711787,-0.439374,0
1781247097727093,54.2872,-4.25375,-2.1118,-5.00388,-4.09595,-2.34912,-5,-0.157808,0.237321,-0.00387573,0.285026,0.610407,-0.526722,0.00493893,0.716904,-0.427677,0
1781247097751093,54.3112,-4.23847,-2.12499,-5.00381,-4.08154,-2.35757,-5,-0.156926,0.232577,-0.0038147,0.280593,0.614889,-0.514727,0.0045671,0.722021,-0.415896,0
1781247097767093,54.3272,-4.22824,-2.13357,-5.00375,-4.06701,-2.36579,-5,-0.161226,0.232213,-0.00375366,0.28272,0.617506,-0.50403,0.00340882,0.727127,-0.404058,0
1781247097791093,54.3512,-4.21282,-2.14609,-5.00366,-4.05246,-2.37373,-5,-0.160361,0.227641,-0.00366211,0.278477,0.622652,-0.490555,0.00394569,0.732189,-0.39224,0
1781247097807093,54.3672,-4.20249,-2.15422,-5.00357,-4.03776,-2.38146,-5,-0.164731,0.227233,-0.00357056,0.280684,0.625939,-0.480973,0.00419443,0.737246,-0.38035,0
1781247097831093,54.3912,-4.18693,-2.16611,-5.00345,-4.02298,-2.38894,-5,-0.163948,0.222825,-0.00344849,0.276662,0.631372,-0.468067,0.00420024,0.742277,-0.368439,0
1781247097847093,54.4072,-4.17652,-2.17383,-5.00336,-4.00809,-2.39618,-5,-0.168434,0.222351,-0.00335693,0.278965,0.633974,-0.458726,0.0038891,0.747297,-0.356475,0
1781247097871093,54.4312,-4.16087,-2.18508,-5.00323,-3.99311,-2.40318,-5,-0.167761,0.218106,-0.00323486,0.275181,0.638009,-0.44457,0.00471556,0.752291,-0.344494,0
1781247097887093,54.4472,-4.15039,-2.19238,-5.00314,-3.97802,-2.40995,-5,-0.17237,0.217574,-0.00314331,0.277596,0.641455,-0.435682,0.00466941,0.75727,-0.332467,0
1781247097903093,54.4632,-4.13987,-2.1995,-5.00305,-3.9628,-2.41649,-5,-0.177069,0.216989,-0.00305176,0.280084,0.64513,-0.424983,0.00427917,0.762242,-0.32038,0
1781247097927093,54.4872,-4.12289,-2.21079,-5.00308,-3.94754,-2.42276,-5,-0.175347,0.211969,-0.00308228,0.275113,0.652338,-0.412605,0.00412811,0.767174,-0.30831,0
1781247097951093,54.5112,-4.10537,-2.22216,-5.00314,-3.93215,-2.42881,-5,-0.173214,0.206649,-0.00314331,0.269661,0.656559,-0.401664,0.00411195,0.772098,-0.296184,0
1781247097967093,54.5272,-4.09369,-2.2295,-5.00317,-3.91666,-2.43461,-5,-0.177029,0.205107,-0.00317383,0.270958,0.660384,-0.392896,0.00378024,0.777003,-0.284026,0
1781247097991093,54.5512,-4.07619,-2.24015,-5.0032,-3.90105,-2.44017,-5,-0.175133,0.200023,-0.00320435,0.265878,0.664588,-0.378772,0.00378815,0.781896,-0.271821,0
1781247098007093,54.5672,-4.06452,-2.24701,-5.0032,-3.88538,-2.44549,-5,-0.179141,0.198478,-0.00320435,0.267386,0.668761,-0.370805,0.00318937,0.786759,-0.259616,0
1781247098031093,54.5912,-4.04696,-2.25696,-5.00323,-3.8696,-2.45055,-5,-0.17736,0.193591,-0.00323486,0.262573,0.676167,-0.358121,0.00323874,0.791603,-0.247384,0
1781247098047093,54.6072,-4.03522,-2.26337,-5.00323,-3.85373,-2.45537,-5,-0.181487,0.192,-0.00323486,0.264219,0.680395,-0.349839,0.00151106,0.796427,-0.235127,0
1781247098071093,54.6312,-4.01755,-2.27267,-5.00327,-3.83776,-2.45995,-5,-0.179787,0.187284,-0.00326538,0.259633,0.687646,-0.338053,0.00213236,0.801232,-0.222843,0
1781247098087093,54.6472,-4.00573,-2.27866,-5.00327,-3.82169,-2.46429,-5,-0.184042,0.185629,-0.00326538,0.261419,0.691384,-0.329855,0.0018827,0.806019,-0.210533,0
1781247098111093,54.6712,-3.98798,-2.28732,-5.00327,-3.80549,-2.46838,-5,-0.182488,0.181058,-0.00326538,0.257089,0.696178,-0.316502,0.00120887,0.810796,-0.198176,0
1781247098127093,54.6872,-3.97612,-2.29288,-5.0033,-3.78903,-2.47227,-5,-0.187085,0.179388,-0.0032959,0.259214,0.699417,-0.307979,0.000201702,0.815599,-0.185678,0
1781247098151093,54.7112,-3.9583,-2.30088,-5.00333,-3.77291,-2.47581,-5,-0.185393,0.174925,-0.00332642,0.254912,0.703693,-0.294857,0.000329523,0.820257,-0.173486,0
1781247098167093,54.7272,-3.9464,-2.306,-5.00333,-3.75648,-2.47915,-5,-0.189919,0.173149,-0.00332642,0.257023,0.708324,-0.285295,0.000929542,0.824957,-0.161113,0
1781247098191093,54.7512,-3.92846,-2.31335,-5.00333,-3.73992,-2.48225,-5,-0.188542,0.168897,-0.00332642,0.253151,0.714329,-0.271706,0.00182373,0.829646,-0.148699,0
1781247098207093,54.7672,-3.91647,-2.31802,-5.0033,-3.7233,-2.48509,-5,-0.193172,0.16707,-0.0032959,0.255419,0.717042,-0.261763,0.00304569,0.834305,-0.136297,0
1781247098231093,54.7912,-3.89845,-2.3247,-5.00323,-3.70659,-2.48769,-5,-0.191852,0.162987,-0.00323486,0.251759,0.722377,-0.247539,0.0011317,0.838942,-0.123883,0
1781247098247093,54.8072,-3.88639,-2.32893,-5.00323,-3.68966,-2.49006,-5,-0.196734,0.161125,-0.00323486,0.254315,0.725476,-0.237913,0.00105535,0.843594,-0.111359,0
1781247098271093,54.8312,-3.86826,-2.33497,-5.0032,-3.67277,-2.49216,-5,-0.195493,0.15719,-0.00320435,0.250872,0.730371,-0.224843,-0.000278959,0.848189,-0.0989207,0
1781247098287093,54.8472,-3.85612,-2.33878,-5.00323,-3.65579,-2.49401,-5,-0.200332,0.155227,-0.00323486,0.253454,0.733707,-0.214288,-0.000761493,0.85276,-0.0864818,0
1781247098311093,54.8712,-3.83784,-2.34415,-5.00327,-3.63868,-2.49562,-5,-0.199157,0.151464,-0.00326538,0.250231,0.740771,-0.199183,-0.00186275,0.857322,-0.0739978,0
1781247098327093,54.8872,-3.82398,-2.34803,-5.00345,-3.62149,-2.49697,-5,-0.202493,0.148938,-0.00344849,0.251392,0.744589,-0.189937,-0.00167088,0.861858,-0.06152,0
1781247098351093,54.9112,-3.8033,-2.3535,-5.00369,-3.60421,-2.49808,-5,-0.199092,0.144578,-0.00369263,0.246077,0.749155,-0.177088,-0.000173303,0.866374,-0.0490329,0
1781247098367093,54.9272,-3.78954,-2.35691,-5.00385,-3.58686,-2.49893,-5,-0.202688,0.142022,-0.00384521,0.247522,0.754175,-0.167714,-0.000759956,0.870864,-0.0365529,0
1781247098391093,54.9512,-3.76893,-2.36171,-5.00406,-3.56937,-2.49954,-5,-0.199564,0.13783,-0.00405884,0.242569,0.760167,-0.155539,-0.000671805,0.875344,-0.0240369,0
1781247098407093,54.9672,-3.7552,-2.3647,-5.00418,-3.55186,-2.49989,-5,-0.20334,0.135196,-0.00418091,0.244219,0.765435,-0.146892,0.000387136,0.879784,-0.0115686,0
1781247098431093,54.9912,-3.73458,-2.36884,-5.00433,-3.53429,-2.5,-5,-0.20029,0.131164,-0.0043335,0.239455,0.772323,-0.133266,0.00116985,0.884194,0.000878143,0
1781247098447093,55.0072,-3.72084,-2.37138,-5.00443,-3.51653,-2.49986,-5,-0.204312,0.128475,-0.00442505,0.241389,0.776208,-0.125011,0.00143854,0.88861,0.0134034,0
1781247098463093,55.0232,-3.7071,-2.37376,-5.00446,-3.49873,-2.49946,-5,-0.208371,0.125703,-0.00445557,0.243392,0.779538,-0.116033,0.00177108,0.892989,0.025886,0
1781247098487093,55.0472,-3.6865,-2.37701,-5.00449,-3.48077,-2.49882,-5,-0.20573,0.121809,-0.00448608,0.239129,0.78603,-0.102353,0.00102533,0.897366,0.0384259,0
1781247098511093,55.0712,-3.66588,-2.37989,-5.00452,-3.46284,-2.49793,-5,-0.203043,0.118042,-0.0045166,0.234906,0.791377,-0.0888568,0.00104741,0.901691,0.0508742,0
1781247098527093,55.0872,-3.65213,-2.38159,-5.00449,-3.4448,-2.49679,-5,-0.207328,0.115199,-0.00448608,0.237225,0.795381,-0.0797292,0.00170611,0.905998,0.063332,0
1781247098551093,55.1112,-3.63151,-2.38384,-5.00449,-3.42667,-2.4954,-5,-0.204834,0.111565,-0.00448608,0.233289,0.799431,-0.0664346,0.00100571,0.910286,0.0757923,0
1781247098567093,55.1272,-3.61774,-2.38512,-5.00446,-3.40843,-2.49376,-5,-0.209314,0.108645,-0.00445557,0.235873,0.802869,-0.0574156,0.000586334,0.914556,0.0882613,0
1781247098591093,55.1512,-3.59709,-2.38675,-5.00446,-3.3901,-2.49187,-5,-0.206982,0.105124,-0.00445557,0.232191,0.807911,-0.0442956,0.000504573,0.918803,0.100719,0
1781247098607093,55.1672,-3.58331,-2.38763,-5.00446,-3.37168,-2.48973,-5,-0.211628,0.102098,-0.00445557,0.235012,0.810672,-0.0354715,-0.000629506,0.92303,0.113177,0
1781247098631093,55.1912,-3.56263,-2.38866,-5.00446,-3.35319,-2.48734,-5,-0.209444,0.0986869,-0.00445557,0.231572,0.815323,-0.0212134,-0.000649476,0.927231,0.125613,0
1781247098647093,55.2072,-3.54882,-2.38914,-5.00449,-3.33461,-2.48471,-5,-0.214211,0.0955698,-0.00448608,0.234607,0.819641,-0.0127359,-0.00235684,0.93141,0.138039,0
1781247098671284,55.2314,-3.52807,-2.38955,-5.00455,-3.31594,-2.48182,-5,-0.212127,0.0922716,-0.00454712,0.231372,0.823781,0.00146187,-0.00278642,0.935566,0.150455,0
1781247098687284,55.2474,-3.51422,-2.38963,-5.00455,-3.29719,-2.47869,-5,-0.217025,0.0890651,-0.00454712,0.234634,0.827442,0.0105165,-0.00253027,0.939699,0.162854,0
1781247098711284,55.2714,-3.49341,-2.38945,-5.00455,-3.27836,-2.47531,-5,-0.215049,0.0858626,-0.00454712,0.231601,0.830406,0.0242101,-0.00151658,0.943807,0.175236,0
1781247098727284,55.2874,-3.47794,-2.38875,-5.00439,-3.25945,-2.47169,-5,-0.21849,0.0829313,-0.00439453,0.233741,0.83357,0.0341835,-0.000898856,0.947892,0.187597,0
1781247098751284,55.3114,-3.45485,-2.38743,-5.00415,-3.24046,-2.46781,-5,-0.21439,0.0803757,-0.00415039,0.228999,0.838969,0.0485242,-0.000590179,0.951953,0.199945,0
1781247098767284,55.3274,-3.43949,-2.38638,-5.00397,-3.22138,-2.46369,-5,-0.218108,0.0773048,-0.00396729,0.231437,0.843002,0.0572384,0.00145867,0.955991,0.21227,0
1781247098791284,55.3514,-3.41655,-2.38454,-5.00369,-3.20222,-2.45932,-5,-0.214329,0.0747786,-0.00369263,0.227029,0.845518,0.0704506,0.00158224,0.960005,0.224576,0
1781247098807284,55.3674,-3.40134,-2.38314,-5.00351,-3.18299,-2.45471,-5,-0.218352,0.0715654,-0.00350952,0.229808,0.84718,0.0795634,0.00261525,0.963995,0.236859,0
1781247098831284,55.3914,-3.37859,-2.38079,-5.0032,-3.16368,-2.44985,-5,-0.214916,0.0690625,-0.00320435,0.225763,0.852888,0.0919513,0.00376584,0.96796,0.249115,0
1781247098847284,55.4074,-3.36343,-2.37906,-5.00299,-3.14428,-2.44475,-5,-0.21915,0.0656912,-0.00299072,0.228803,0.85545,0.101115,0.00359916,0.971902,0.26135,0
1781247098871284,55.4314,-3.34074,-2.37619,-5.00269,-3.12481,-2.4394,-5,-0.215927,0.0632045,-0.00268555,0.225003,0.860364,0.114755,0.00411661,0.975819,0.273556,0
1781247098887284,55.4474,-3.32562,-2.37409,-5.0025,-3.10525,-2.4338,-5,-0.220371,0.0597115,-0.00250244,0.228331,0.864193,0.12522,0.00446562,0.979713,0.285742,0
1781247098911284,55.4714,-3.30297,-2.37064,-5.00223,-3.08563,-2.42797,-5,-0.217347,0.0573351,-0.00222778,0.224794,0.868922,0.140235,0.00528197,0.983581,0.297891,0
1781247098927284,55.4874,-3.28788,-2.36814,-5.00201,-3.06592,-2.42189,-5,-0.22196,0.0537543,-0.00201416,0.228385,0.871785,0.150066,0.00473317,0.987424,0.310011,0
1781247098943284,55.5034,-3.2728,-2.3655,-5.0018,-3.04616,-2.41558,-5,-0.226645,0.0500824,-0.00180054,0.23212,0.875043,0.158743,0.00487107,0.991241,0.322094,0
1781247098967284,55.5274,-3.2502,-2.36128,-5.0015,-3.02611,-2.40896,-5,-0.224089,0.047677,-0.00149536,0.22911,0.87911,0.17227,0.0047076,0.995071,0.334265,0
1781247098991284,55.5514,-3.22759,-2.35674,-5.00116,-3.00636,-2.40221,-5,-0.221237,0.0454695,-0.00115967,0.225865,0.884511,0.185562,0.00553356,0.998806,0.346182,0
1781247099007284,55.5674,-3.21251,-2.35355,-5.00092,-2.98629,-2.39515,-5,-0.226215,0.0416019,-0.000915527,0.23001,0.888257,0.194135,0.00543367,1.00256,0.358207,0
1781247099031284,55.5914,-3.18987,-2.3485,-5.00052,-2.96622,-2.38787,-5,-0.22365,0.039372,-0.000518799,0.22709,0.893575,0.207823,0.00599388,1.00628,0.370155,0
1781247099047284,55.6074,-3.17476,-2.34495,-5.00031,-2.94605,-2.38035,-5,-0.228705,0.0354023,-0.000305176,0.231429,0.896954,0.217614,0.00550742,1.00997,0.382077,0
1781247099071284,55.6314,-3.1521,-2.33935,-4.99988,-2.92581,-2.37259,-5,-0.226295,0.033237,0.00012207,0.228723,0.899737,0.230757,0.00511168,1.01365,0.393964,0
1781247099087284,55.6474,-3.13701,-2.33543,-4.99963,-2.90552,-2.3646,-5,-0.231489,0.0291679,0.000366211,0.23332,0.9027,0.241219,0.00514012,1.01729,0.405796,0
1781247099111284,55.6714,-3.11435,-2.32925,-4.99924,-2.88516,-2.35637,-5,-0.229183,0.0271184,0.000762939,0.230783,0.906061,0.255014,0.00562911,1.0209,0.417584,0
1781247099127284,55.6874,-3.09783,-2.32495,-4.9989,-2.86472,-2.34791,-5,-0.233104,0.0229568,0.00109863,0.234235,0.910177,0.262856,0.00618402,1.02449,0.429337,0
1781247099151284,55.7114,-3.07312,-2.31827,-4.99838,-2.84421,-2.33921,-5,-0.228914,0.0209446,0.00161743,0.229876,0.915012,0.275484,0.00521918,1.02806,0.441047,0
1781247099167284,55.7274,-3.05671,-2.31364,-4.99808,-2.82358,-2.33026,-5,-0.233131,0.0166135,0.00192261,0.23373,0.918549,0.284408,0.0058896,1.03161,0.45274,0
1781247099191284,55.7514,-3.03218,-2.30643,-4.99759,-2.80291,-2.32109,-5,-0.229263,0.0146599,0.00241089,0.229743,0.921056,0.297989,0.00637532,1.03512,0.464367,0
1781247099207284,55.7674,-3.01588,-2.30146,-4.99725,-2.78218,-2.31169,-5,-0.233705,0.0102291,0.00274658,0.233945,0.924267,0.305759,0.0048862,1.03861,0.475948,0
1781247099223284,55.7834,-2.9996,-2.29636,-4.99695,-2.76138,-2.30206,-5,-0.238219,0.00569987,0.00305176,0.238307,0.928914,0.314157,0.00476795,1.04208,0.487475,0
1781247099247284,55.8074,-2.97523,-2.28846,-4.99652,-2.74055,-2.29221,-5,-0.23468,0.00374627,0.003479,0.234736,0.932253,0.326568,0.00517105,1.04551,0.498941,0
1781247099271284,55.8314,-2.95091,-2.28027,-4.99606,-2.71957,-2.2821,-5,-0.231341,0.00182796,0.00393677,0.231381,0.936281,0.339329,0.00619044,1.04893,0.510394,0
1781247099287284,55.8474,-2.93473,-2.27464,-4.99573,-2.69856,-2.27178,-5,-0.236171,-0.00286484,0.00427246,0.236227,0.938208,0.347974,0.00452671,1.05231,0.52178,0
1781247099311284,55.8714,-2.9105,-2.26596,-4.99533,-2.6775,-2.26124,-5,-0.233006,-0.00472307,0.00466919,0.233101,0.942345,0.359121,0.00355753,1.05567,0.533102,0
1781247099327284,55.8874,-2.89436,-2.26003,-4.99506,-2.65636,-2.25047,-5,-0.238002,-0.00956011,0.00494385,0.238245,0.945167,0.367157,0.00286713,1.059,0.544374,0
1781247099351284,55.9114,-2.87017,-2.25088,-4.99466,-2.63514,-2.23947,-5,-0.235034,-0.0114107,0.00534058,0.235372,0.95002,0.380882,0.00193971,1.06231,0.555606,0
1781247099367284,55.9274,-2.85404,-2.2446,-4.99438,-2.61376,-2.22819,-5,-0.240278,-0.0164061,0.00561523,0.240902,0.95248,0.389375,0.00214046,1.06561,0.566826,0
1781247099391284,55.9514,-2.82987,-2.23493,-4.99402,-2.59252,-2.2168,-5,-0.237358,-0.0181355,0.00598145,0.238125,0.955028,0.401364,-0.0001672,1.06884,0.577886,0
1781247099407284,55.9674,-2.81378,-2.22833,-4.99384,-2.57101,-2.20508,-5,-0.242772,-0.0232573,0.00616455,0.243961,0.957632,0.409409,-0.00118187,1.07209,0.588989,0
1781247099431284,55.9914,-2.78963,-2.21818,-4.99356,-2.54962,-2.19323,-5,-0.240019,-0.0249534,0.00643921,0.241398,0.962024,0.422657,-0.00285769,1.07527,0.599946,0
1781247099447284,56.0074,-2.77353,-2.21125,-4.99338,-2.52805,-2.18111,-5,-0.245481,-0.0301464,0.00662231,0.247413,0.964451,0.430566,-0.00276502,1.07845,0.610895,0
1781247099471284,56.0314,-2.7494,-2.20063,-4.99316,-2.50645,-2.16878,-5,-0.242957,-0.0318491,0.00683594,0.245131,0.966444,0.442017,-0.0037009,1.0816,0.621772,0
1781247099487284,56.0474,-2.73333,-2.19339,-4.99301,-2.48487,-2.15628,-5,-0.248463,-0.0371087,0.00698853,0.251316,0.968479,0.44994,-0.0029818,1.08471,0.632544,0
1781247099511284,56.0714,-2.70922,-2.1823,-4.99271,-2.46316,-2.14353,-5,-0.246065,-0.0387616,0.0072937,0.249206,0.97102,0.462141,-0.00110665,1.0878,0.643285,0
1781247099527284,56.0874,-2.69163,-2.17368,-4.9924,-2.44131,-2.13053,-5,-0.250319,-0.0431523,0.00759888,0.254125,0.973312,0.470849,-1.25918e-05,1.09087,0.653998,0
1781247099551284,56.1114,-2.66539,-2.16059,-4.99197,-2.41944,-2.11732,-5,-0.245948,-0.0432658,0.00802612,0.249853,0.97667,0.484106,-0.00107353,1.09391,0.664631,0
1781247099567284,56.1274,-2.64796,-2.15175,-4.99173,-2.39757,-2.10395,-5,-0.250395,-0.0478067,0.00827026,0.255052,0.980221,0.491655,-0.00158551,1.09692,0.675168,0
1781247099591284,56.1514,-2.62187,-2.13834,-4.99139,-2.37558,-2.09033,-5,-0.246287,-0.0480144,0.00860596,0.251071,0.985675,0.504404,-0.00141805,1.0999,0.685661,0
1781247099607284,56.1674,-2.60453,-2.12929,-4.99115,-2.35364,-2.07656,-5,-0.250898,-0.0527244,0.0088501,0.256531,0.987486,0.512649,-0.00214113,1.10285,0.69604,0
1781247099631284,56.1914,-2.57861,-2.11552,-4.99088,-2.33161,-2.06257,-5,-0.247,-0.0529461,0.00912476,0.252776,0.991576,0.525965,-0.00348475,1.10577,0.706361,0
1781247099647284,56.2074,-2.56137,-2.10622,-4.99072,-2.30945,-2.04833,-5,-0.251923,-0.057884,0.00927734,0.258654,0.993276,0.534095,-0.00192914,1.10867,0.716646,0
1781247099671284,56.2314,-2.53559,-2.0921,-4.99045,-2.28723,-2.03389,-5,-0.248358,-0.0582123,0.009552,0.255268,0.995803,0.545361,-0.0014082,1.11155,0.726858,0
1781247099687481,56.2476,-2.51846,-2.08257,-4.9903,-2.26498,-2.01926,-5,-0.253473,-0.0633128,0.00970459,0.261441,0.997071,0.55343,-0.00199652,1.11439,0.736985,0
1781247099711481,56.2716,-2.49282,-2.06809,-4.99008,-2.24264,-2.0044,-5,-0.250174,-0.0636842,0.00991821,0.258343,1.00013,0.565269,-0.00165496,1.11721,0.747055,0
1781247099727481,56.2876,-2.47576,-2.05833,-4.98996,-2.22034,-1.98941,-5,-0.255425,-0.0689197,0.0100403,0.26475,1.00157,0.571807,-0.00151025,1.11999,0.75701,0
1781247099751481,56.3116,-2.45025,-2.04353,-4.98978,-2.1979,-1.97416,-5,-0.252347,-0.0693653,0.0102234,0.261907,1.00409,0.583237,-0.00347225,1.12275,0.766923,0
1781247099767481,56.3276,-2.43325,-2.03354,-4.98969,-2.1754,-1.95871,-5,-0.257853,-0.0748243,0.0103149,0.268688,1.00697,0.590771,-0.00289537,1.12549,0.776763,0
1781247099783481,56.3436,-2.41627,-2.02346,-4.98956,-2.15286,-1.94308,-5,-0.263412,-0.0803797,0.010437,0.2756,1.00869,0.598471,-0.00480046,1.1282,0.786519,0
1781247099807481,56.3676,-2.39086,-2.00815,-4.98947,-2.13029,-1.92726,-5,-0.260573,-0.0808861,0.0105286,0.273041,1.01053,0.610133,-0.00608019,1.13087,0.796188,0
1781247099831481,56.3916,-2.36548,-1.99264,-4.98938,-2.10768,-1.91127,-5,-0.257794,-0.0813702,0.0106201,0.27054,1.01405,0.619197,-0.00748936,1.13351,0.805767,0
1781247099847481,56.4076,-2.34856,-1.98221,-4.98932,-2.08498,-1.89506,-5,-0.263583,-0.0871525,0.0106812,0.277823,1.01589,0.624576,-0.00764035,1.13614,0.815286,0
1781247099871481,56.4316,-2.32321,-1.96641,-4.98926,-2.0622,-1.87863,-5,-0.261009,-0.0877792,0.0107422,0.275584,1.01868,0.635551,-0.00935612,1.13873,0.824734,0
1781247099887481,56.4476,-2.30633,-1.95576,-4.98926,-2.03941,-1.86205,-5,-0.266924,-0.0937093,0.0107422,0.283099,1.01864,0.642357,-0.00914276,1.14129,0.834081,0
1781247099911481,56.4716,-2.28105,-1.93961,-4.98929,-2.01657,-1.84529,-5,-0.264477,-0.0943227,0.0107117,0.280998,1.02183,0.653618,-0.0109448,1.14383,0.843344,0
1781247099927481,56.4876,-2.26289,-1.92743,-4.98935,-1.99372,-1.82836,-5,-0.269174,-0.0990601,0.0106506,0.287021,1.02253,0.661811,-0.0106423,1.14633,0.852508,0
1781247099951481,56.5116,-2.2358,-1.90907,-4.98944,-1.97075,-1.81121,-5,-0.265054,-0.0978588,0.0105591,0.28274,1.02544,0.673338,-0.00967444,1.14881,0.861615,0
1781247099967481,56.5276,-2.21781,-1.89677,-4.98947,-1.94772,-1.79387,-5,-0.270081,-0.102903,0.0105286,0.289212,1.02909,0.680719,-0.00930861,1.15126,0.870637,0
1781247099991481,56.5516,-2.19088,-1.87824,-4.98947,-1.92468,-1.77637,-5,-0.266203,-0.101876,0.0105286,0.285226,1.03154,0.690986,-0.007376,1.15368,0.879562,0
1781247100007481,56.5676,-2.173,-1.86583,-4.98947,-1.9016,-1.7587,-5,-0.271399,-0.107124,0.0105286,0.291965,1.03303,0.698647,-0.00750225,1.15607,0.888393,0
1781247100023481,56.5836,-2.15516,-1.85334,-4.98947,-1.87849,-1.74088,-5,-0.276674,-0.112467,0.0105286,0.298845,1.03459,0.706636,-0.00660678,1.15843,0.897127,0
1781247100047481,56.6076,-2.12847,-1.8345,-4.98944,-1.85528,-1.72283,-5,-0.273198,-0.111675,0.0105591,0.29533,1.03834,0.7165,-0.00547618,1.16076,0.905795,0
1781247100071481,56.6316,-2.10186,-1.81555,-4.98941,-1.83203,-1.70462,-5,-0.269835,-0.110928,0.0105896,0.291938,1.04107,0.726405,-0.00509783,1.16307,0.914368,0
1781247100087481,56.6476,-2.08416,-1.80284,-4.98938,-1.80877,-1.68627,-5,-0.275389,-0.116575,0.0106201,0.299235,1.04239,0.733197,-0.00592824,1.16534,0.922835,0
1781247100111481,56.6716,-2.05768,-1.78368,-4.98935,-1.78546,-1.66775,-5,-0.27222,-0.115933,0.0106506,0.29607,1.04334,0.742366,-0.00587027,1.16759,0.931212,0
1781247100127481,56.6876,-2.04008,-1.77084,-4.98932,-1.76212,-1.64906,-5,-0.277959,-0.121772,0.0106812,0.30365,1.04498,0.748556,-0.00643017,1.1698,0.939493,0
1781247100151481,56.7116,-2.01374,-1.75146,-4.98932,-1.73871,-1.6302,-5,-0.275026,-0.12126,0.0106812,0.300761,1.04729,0.757898,-0.00816612,1.17199,0.947689,0
1781247100167481,56.7276,-1.99619,-1.73848,-4.98938,-1.71519,-1.61111,-5,-0.281003,-0.127362,0.0106201,0.308701,1.04986,0.764158,-0.00813892,1.17415,0.955813,0
1781247100191481,56.7516,-1.96989,-1.71888,-4.98944,-1.69168,-1.59192,-5,-0.278205,-0.126966,0.0105591,0.30599,1.05301,0.773322,-0.00758923,1.17628,0.96382,0
1781247100207481,56.7676,-1.95237,-1.70576,-4.98947,-1.66817,-1.57259,-5,-0.284195,-0.133172,0.0105286,0.314027,1.05551,0.777745,-0.00718622,1.17838,0.97172,0
1781247100231481,56.7916,-1.92612,-1.68597,-4.9895,-1.64462,-1.55311,-5,-0.281499,-0.132865,0.010498,0.311456,1.05657,0.787124,-0.00856078,1.18045,0.979523,0
1781247100247481,56.8076,-1.90864,-1.67269,-4.98956,-1.62097,-1.53342,-5,-0.287669,-0.139266,0.010437,0.319777,1.05792,0.793613,-0.00900781,1.18249,0.987246,0
1781247100271481,56.8316,-1.88244,-1.65263,-4.98965,-1.59728,-1.51359,-5,-0.285163,-0.139047,0.0103455,0.317426,1.05968,0.801888,-0.0106554,1.1845,0.994869,0
1781247100287481,56.8476,-1.86501,-1.6392,-4.98975,-1.57358,-1.49362,-5,-0.291431,-0.145585,0.0102539,0.325933,1.05978,0.80639,-0.0108542,1.18648,1.00239,0
1781247100311481,56.8716,-1.83891,-1.61895,-4.98984,-1.54986,-1.47352,-5,-0.28905,-0.145433,0.0101624,0.323734,1.06067,0.814205,-0.00992942,1.18843,1.00979,0
1781247100327481,56.8876,-1.82046,-1.60301,-4.98993,-1.5261,-1.45328,-5,-0.294358,-0.14973,0.0100708,0.330404,1.06107,0.820597,-0.0100646,1.19035,1.0171,0
1781247100351481,56.9116,-1.79289,-1.57916,-4.99005,-1.50226,-1.43285,-5,-0.290626,-0.146302,0.00994873,0.325525,1.06441,0.830607,-0.0111055,1.19225,1.02432,0
1781247100367481,56.9276,-1.77457,-1.5633,-4.99017,-1.47835,-1.41225,-5,-0.296225,-0.151046,0.00982666,0.332657,1.06609,0.837144,-0.0103327,1.19411,1.03145,0
1781247100391481,56.9516,-1.74717,-1.53952,-4.99036,-1.45449,-1.39159,-5,-0.292685,-0.14793,0.00964355,0.328087,1.06771,0.847951,-0.0110348,1.19594,1.03845,0
1781247100407481,56.9676,-1.72897,-1.52367,-4.99045,-1.43057,-1.37076,-5,-0.298402,-0.152912,0.009552,0.335436,1.06985,0.854189,-0.0105674,1.19774,1.04535,0
1781247100431481,56.9916,-1.70172,-1.49993,-4.99066,-1.40663,-1.34982,-5,-0.295084,-0.150106,0.00933838,0.3312,1.072,0.862243,-0.0123523,1.19952,1.05214,0
1781247100447481,57.0076,-1.68359,-1.48411,-4.99078,-1.38259,-1.32868,-5,-0.301001,-0.155426,0.00921631,0.338886,1.07384,0.868594,-0.0130589,1.20126,1.05884,0
1781247100463481,57.0236,-1.6655,-1.46829,-4.99094,-1.35856,-1.30745,-5,-0.306936,-0.160839,0.00906372,0.346642,1.07556,0.873302,-0.0118506,1.20297,1.06543,0
1781247100487481,57.0476,-1.63841,-1.44458,-4.99112,-1.33448,-1.28608,-5,-0.303927,-0.1585,0.00888062,0.342889,1.07738,0.881468,-0.010074,1.20466,1.07192,0
1781247100511481,57.0716,-1.61139,-1.42087,-4.99127,-1.3104,-1.26459,-5,-0.300997,-0.156274,0.00872803,0.339259,1.07846,0.88863,-0.0102651,1.20631,1.07829,0
1781247100527481,57.0876,-1.59342,-1.40505,-4.99139,-1.28628,-1.24299,-5,-0.307144,-0.162062,0.00860596,0.347384,1.07933,0.894119,-0.0115916,1.20793,1.08455,0
1781247100551481,57.1116,-1.56651,-1.38129,-4.99164,-1.26209,-1.22122,-5,-0.304419,-0.160075,0.00836182,0.344042,1.08182,0.902506,-0.0120315,1.20952,1.09071,0
1781247100567481,57.1276,-1.54858,-1.36544,-4.99176,-1.2379,-1.19936,-5,-0.310683,-0.166078,0.00823975,0.352383,1.08305,0.90823,-0.0114035,1.21108,1.09676,0
1781247100591481,57.1516,-1.52175,-1.3416,-4.992,-1.21365,-1.17736,-5,-0.308096,-0.16424,0.00799561,0.34923,1.08399,0.917238,-0.0111658,1.21262,1.10271,0
1781247100607481,57.1676,-1.5039,-1.32567,-4.99216,-1.18935,-1.15521,-5,-0.314547,-0.170463,0.00784302,0.357853,1.08444,0.922341,-0.0117036,1.21412,1.10854,0
1781247100631481,57.1916,-1.47717,-1.30175,-4.99243,-1.16512,-1.13305,-5,-0.312052,-0.168708,0.00756836,0.354819,1.08587,0.928731,-0.0108941,1.21559,1.11425,0
1781247100647481,57.2076,-1.45937,-1.2858,-4.99261,-1.14071,-1.11063,-5,-0.318657,-0.175165,0.00738525,0.363702,1.08734,0.932953,-0.0106329,1.21703,1.11988,0
1781247100671481,57.2316,-1.43268,-1.26184,-4.99283,-1.11634,-1.08816,-5,-0.316338,-0.173679,0.00717163,0.360951,1.08888,0.938884,-0.00893959,1.21845,1.12538,0
1781247100687677,57.2478,-1.41491,-1.24587,-4.99295,-1.09197,-1.06561,-5,-0.322939,-0.180255,0.00704956,0.369907,1.08984,0.941801,-0.00867132,1.21983,1.13076,0
1781247100711677,57.2718,-1.38825,-1.22189,-4.99313,-1.06758,-1.04296,-5,-0.32067,-0.178922,0.00686646,0.367273,1.0921,0.947714,-0.0079477,1.22117,1.13603,0
1781247100727677,57.2878,-1.36822,-1.20331,-4.99298,-1.04318,-1.02023,-5,-0.325035,-0.183083,0.00701904,0.373117,1.09369,0.953197,-0.00748428,1.22249,1.14118,0
1781247100751677,57.3118,-1.33835,-1.1756,-4.99283,-1.01867,-0.997306,-5,-0.319682,-0.178299,0.00717163,0.366113,1.09681,0.959709,-0.00989868,1.22378,1.14623,0
1781247100767677,57.3278,-1.31856,-1.15725,-4.99274,-0.994167,-0.974316,-5,-0.324394,-0.182933,0.00726318,0.37249,1.09868,0.964395,-0.00907391,1.22504,1.15116,0
1781247100791677,57.3518,-1.28903,-1.12984,-4.99268,-0.969657,-0.951248,-5,-0.319371,-0.178595,0.00732422,0.365989,1.10213,0.971561,-0.00987703,1.22627,1.15598,0
1781247100807677,57.3678,-1.26943,-1.11166,-4.99261,-0.945145,-0.928105,-5,-0.32429,-0.183553,0.00738525,0.372706,1.10419,0.975587,-0.00928493,1.22746,1.16067,0
1781247100831677,57.3918,-1.24019,-1.08448,-4.99255,-0.920602,-0.904863,-5,-0.31959,-0.179615,0.00744629,0.366681,1.1058,0.981967,-0.00969392,1.22863,1.16525,0
1781247100847677,57.4078,-1.2208,-1.06643,-4.99252,-0.895975,-0.881473,-5,-0.324821,-0.18496,0.00747681,0.373864,1.10651,0.986124,-0.00819778,1.22977,1.16972,0
1781247100871677,57.4318,-1.19182,-1.03947,-4.99246,-0.87137,-0.858035,-5,-0.320451,-0.181432,0.00753784,0.368325,1.10952,0.990377,-0.00798398,1.23087,1.17407,0
1781247100887677,57.4478,-1.17257,-1.02157,-4.99243,-0.846607,-0.834383,-5,-0.325964,-0.187184,0.00756836,0.375962,1.11143,0.993138,-0.00944029,1.23195,1.17833,0
1781247100911677,57.4718,-1.14379,-0.994821,-4.9924,-0.821964,-0.810781,-5,-0.321828,-0.18404,0.00759888,0.370813,1.11341,0.99694,-0.00941488,1.23299,1.18244,0
1781247100927677,57.4878,-1.12467,-0.97704,-4.9924,-0.797485,-0.787276,-5,-0.327188,-0.189764,0.00759888,0.378312,1.11479,1.00133,-0.00998921,1.234,1.1864,0
1781247100951677,57.5118,-1.09609,-0.950433,-4.99243,-0.772801,-0.763514,-5,-0.323288,-0.186919,0.00756836,0.373512,1.11676,1.006,-0.00901702,1.23498,1.19028,0
1781247100967677,57.5278,-1.07709,-0.932742,-4.9924,-0.748101,-0.73968,-5,-0.32899,-0.193062,0.00759888,0.38153,1.11779,1.00898,-0.00814626,1.23593,1.19403,0
1781247100991677,57.5518,-1.04866,-0.906264,-4.99237,-0.723346,-0.715737,-5,-0.325315,-0.190527,0.00762939,0.377079,1.1194,1.01296,-0.00876985,1.23685,1.19768,0
1781247101007677,57.5678,-1.02977,-0.888657,-4.99237,-0.698595,-0.691743,-5,-0.331172,-0.196914,0.00762939,0.385368,1.12125,1.01561,-0.00907696,1.23774,1.2012,0
1781247101031677,57.5918,-1.0015,-0.862309,-4.9924,-0.673906,-0.667757,-5,-0.32759,-0.194551,0.00759888,0.381081,1.12264,1.01944,-0.00949406,1.23859,1.20459,0
1781247101047677,57.6078,-0.982676,-0.844787,-4.9924,-0.649093,-0.6436,-5,-0.333583,-0.201187,0.00759888,0.38963,1.12443,1.0193,-0.00869094,1.23942,1.20787,0
1781247101071677,57.6318,-0.954482,-0.818588,-4.9924,-0.62422,-0.619337,-5,-0.330262,-0.199251,0.00759888,0.385787,1.12782,1.02293,-0.00777035,1.24022,1.21103,0
1781247101087677,57.6478,-0.935702,-0.801152,-4.9924,-0.599488,-0.595164,-5,-0.336214,-0.205988,0.00759888,0.394371,1.13007,1.0246,-0.00817655,1.24098,1.21406,0
1781247101111677,57.6718,-0.907582,-0.775084,-4.9924,-0.574626,-0.570819,-5,-0.332956,-0.204265,0.00759888,0.390694,1.13039,1.02515,-0.00796253,1.24172,1.21698,0
1781247101127677,57.6878,-0.88735,-0.754751,-4.99222,-0.549833,-0.546499,-5,-0.337516,-0.208253,0.00778198,0.39667,1.13237,1.02744,-0.00871614,1.24242,1.21977,0
1781247101151677,57.7118,-0.85717,-0.724525,-4.99197,-0.524974,-0.522073,-5,-0.332195,-0.202452,0.00802612,0.389108,1.13469,1.03322,-0.00849206,1.24309,1.22244,0
1781247101167677,57.7278,-0.837154,-0.704527,-4.99179,-0.500098,-0.49759,-5,-0.337056,-0.206937,0.00820923,0.395597,1.13591,1.03694,-0.00786047,1.24373,1.22499,0
1781247101191677,57.7518,-0.807269,-0.67475,-4.99149,-0.475188,-0.473037,-5,-0.332081,-0.201713,0.0085144,0.388636,1.13934,1.04132,-0.00741747,1.24434,1.22742,0
1781247101207677,57.7678,-0.787424,-0.655042,-4.9913,-0.450302,-0.448472,-5,-0.337122,-0.20657,0.00869751,0.395472,1.14156,1.04471,-0.00764456,1.24492,1.22972,0
1781247101231677,57.7918,-0.757753,-0.6257,-4.99106,-0.425468,-0.423924,-5,-0.332285,-0.201776,0.00894165,0.388853,1.14487,1.0461,-0.00769389,1.24547,1.2319,0
1781247101247677,57.8078,-0.738049,-0.606279,-4.99094,-0.400502,-0.399215,-5,-0.337547,-0.207064,0.00906372,0.3961,1.14427,1.04879,-0.00795048,1.24598,1.23396,0
1781247101271677,57.8318,-0.708647,-0.577333,-4.99075,-0.375496,-0.374436,-5,-0.33315,-0.202897,0.00924683,0.390182,1.14487,1.05215,-0.00973271,1.24647,1.2359,0
1781247101287677,57.8478,-0.68912,-0.558145,-4.99069,-0.350722,-0.349858,-5,-0.338398,-0.208288,0.00930786,0.397472,1.14561,1.05402,-0.0100186,1.24692,1.2377,0
1781247101311677,57.8718,-0.659951,-0.529544,-4.9906,-0.325781,-0.325089,-5,-0.33417,-0.204456,0.00939941,0.391867,1.14593,1.0555,-0.00976411,1.24734,1.23939,0
1781247101327677,57.8878,-0.640583,-0.51059,-4.99057,-0.300874,-0.300329,-5,-0.339708,-0.210261,0.00942993,0.399625,1.14639,1.05618,-0.00976312,1.24773,1.24095,0
1781247101351677,57.9118,-0.611606,-0.482326,-4.99054,-0.275811,-0.275391,-5,-0.335795,-0.206936,0.00946045,0.394551,1.14834,1.05768,-0.0093448,1.2481,1.24239,0
1781247101367677,57.9278,-0.592339,-0.463601,-4.99054,-0.250862,-0.250546,-5,-0.341476,-0.213054,0.00946045,0.402601,1.14958,1.05736,-0.0103241,1.24843,1.24371,0
1781247101391677,57.9518,-0.563494,-0.435682,-4.99057,-0.225931,-0.2257,-5,-0.337563,-0.209982,0.00942993,0.397656,1.15199,1.05771,-0.0109085,1.24872,1.2449,0
1781247101407677,57.9678,-0.544292,-0.417166,-4.99057,-0.200972,-0.20081,-5,-0.34332,-0.216356,0.00942993,0.405915,1.15373,1.05899,-0.0103973,1.24899,1.24596,0
1781247101431677,57.9918,-0.515542,-0.389495,-4.9906,-0.176026,-0.175917,-5,-0.339516,-0.213578,0.00939941,0.401217,1.15546,1.06198,-0.0108857,1.24923,1.2469,0
1781247101447677,58.0078,-0.496409,-0.371111,-4.99063,-0.150991,-0.150923,-5,-0.345418,-0.220189,0.0093689,0.409737,1.15637,1.06296,-0.0105433,1.24943,1.24772,0
1781247101471677,58.0318,-0.467772,-0.343664,-4.99063,-0.126046,-0.126006,-5,-0.341725,-0.217657,0.0093689,0.405264,1.15687,1.06357,-0.009529,1.2496,1.24841,0
1781247101487677,58.0478,-0.448717,-0.325448,-4.9906,-0.101024,-0.101004,-5,-0.347692,-0.224444,0.00939941,0.413949,1.15723,1.0637,-0.00948309,1.24974,1.24898,0
1781247101511677,58.0718,-0.420221,-0.298242,-4.9906,-0.0760501,-0.0760413,-5,-0.344171,-0.222201,0.00939941,0.409775,1.15681,1.06425,-0.00824799,1.24986,1.24942,0
1781247101527677,58.0878,-0.399126,-0.276578,-4.9903,-0.050944,-0.0509413,-5,-0.348182,-0.225636,0.00970459,0.415014,1.15757,1.06512,-0.00812969,1.24994,1.24974,0
1781247101551677,58.1118,-0.367723,-0.244508,-4.98987,-0.0260198,-0.0260195,-5,-0.341703,-0.218488,0.0101318,0.40571,1.15897,1.066,-0.00942374,1.24998,1.24993,0
1781247101567677,58.1278,-0.346923,-0.223371,-4.98962,-0.00106889,-0.00106889,-5,-0.345854,-0.222302,0.010376,0.411267,1.15976,1.06795,-0.00887955,1.25,1.25,0
1781247101591677,58.1518,-0.31593,-0.192015,-4.98926,0.0239605,0.0239602,-5,-0.33989,-0.215975,0.0107422,0.402847,1.16066,1.06951,-0.00798183,1.24999,1.24994,0
1781247101607677,58.1678,-0.295399,-0.17133,-4.98907,0.0489423,0.04894,-5,-0.344342,-0.22027,0.0109253,0.408912,1.16225,1.07019,-0.00897051,1.24994,1.24976,0
1781247101631677,58.1918,-0.264766,-0.14061,-4.9888,0.0739145,0.0739064,-5,-0.338681,-0.214516,0.0112,0.401058,1.16287,1.07223,-0.00903937,1.24986,1.24945,0
1781247101647677,58.2078,-0.244467,-0.120319,-4.98865,0.0989308,0.0989114,-5,-0.343398,-0.21923,0.0113525,0.407569,1.16275,1.07265,-0.00737453,1.24976,1.24902,0
1781247101671677,58.2318,-0.21417,-0.0901615,-4.98837,0.123877,0.123839,-5,-0.338047,-0.214,0.0116272,0.400259,1.16367,1.07327,-0.00824894,1.24962,1.24847,0
1781247101687878,58.248,-0.194085,-0.0702239,-4.98816,0.148909,0.148843,-5,-0.342994,-0.219067,0.0118408,0.407155,1.16507,1.07371,-0.00757629,1.24945,1.24778,0
1781247101711878,58.272,-0.164098,-0.0405713,-4.98785,0.173859,0.173754,-5,-0.337958,-0.214325,0.012146,0.400372,1.16454,1.07472,-0.00682164,1.24924,1.24698,0
1781247101727878,58.288,-0.144203,-0.0209468,-4.98767,0.198808,0.19865,-5,-0.34301,-0.219597,0.0123291,0.407469,1.16455,1.07534,-0.00586347,1.24901,1.24605,0
1781247101743878,58.304,-0.12439,-0.00145197,-4.98749,0.223934,0.223709,-5,-0.348324,-0.225161,0.0125122,0.414951,1.16372,1.07457,-0.0050463,1.24875,1.24499,0
1781247101767878,58.328,-0.0947951,0.0275512,-4.98715,0.248761,0.248453,-5,-0.343556,-0.220902,0.0128479,0.408648,1.16333,1.07319,-0.00519805,1.24845,1.24381,0
1781247101791878,58.352,-0.0653493,0.0562719,-4.98691,0.273632,0.273222,-5,-0.338982,-0.21695,0.013092,0.402675,1.16378,1.07217,-0.00620849,1.24813,1.24251,0
1781247101807878,58.368,-0.0457885,0.0752849,-4.98676,0.298687,0.298153,-5,-0.344475,-0.222868,0.0132446,0.410498,1.16421,1.07208,-0.00589793,1.24777,1.24108,0
1781247101831878,58.392,-0.0165429,0.10359,-4.98651,0.323609,0.322931,-5,-0.340152,-0.219341,0.0134888,0.404964,1.1646,1.07021,-0.00688784,1.24738,1.23953,0
1781247101847878,58.408,0.00288798,0.122314,-4.98639,0.348573,0.347725,-5,-0.345685,-0.225411,0.0136108,0.412908,1.16446,1.06838,-0.00721343,1.24696,1.23785,0
1781247101871878,58.432,0.0319196,0.150178,-4.98624,0.373488,0.372444,-5,-0.341568,-0.222266,0.0137634,0.40775,1.16309,1.06516,-0.00737809,1.24651,1.23605,0
1781247101887878,58.448,0.0511938,0.168593,-4.98615,0.398411,0.397144,-5,-0.347217,-0.228551,0.013855,0.415917,1.16222,1.06266,-0.00735275,1.24603,1.23413,0
1781247101911878,58.472,0.0799818,0.196039,-4.98605,0.423313,0.421793,-5,-0.343331,-0.225754,0.0139465,0.411139,1.16134,1.06164,-0.00804269,1.24551,1.23208,0
1781247101927878,58.488,0.100578,0.217985,-4.98581,0.448198,0.446394,-5,-0.34762,-0.228409,0.0141907,0.416188,1.16146,1.06162,-0.00825441,1.24497,1.22991,0
1781247101951878,58.512,0.131234,0.250416,-4.98553,0.47312,0.470997,-5,-0.341886,-0.220582,0.0144653,0.407126,1.15999,1.06086,-0.00948767,1.24439,1.22762,0
1781247101967878,58.528,0.151523,0.27172,-4.98538,0.497989,0.495512,-5,-0.346466,-0.223792,0.0146179,0.412717,1.16004,1.0601,-0.0091877,1.24378,1.2252,0
1781247101991878,58.552,0.181772,0.303257,-4.98517,0.522858,0.519991,-5,-0.341086,-0.216735,0.0148315,0.404393,1.16048,1.06037,-0.0106556,1.24315,1.22266,0
1781247102007878,58.568,0.201841,0.324016,-4.98508,0.547691,0.544395,-5,-0.345849,-0.220379,0.0149231,0.410367,1.1616,1.05934,-0.0111892,1.24248,1.22,0
1781247102031878,58.592,0.231788,0.354759,-4.98492,0.572573,0.568806,-5,-0.340785,-0.214047,0.0150757,0.402713,1.16121,1.05798,-0.00941349,1.24178,1.21722,0
1781247102047878,58.608,0.251652,0.37501,-4.9848,0.597404,0.593124,-5,-0.345752,-0.218114,0.0151978,0.409083,1.16139,1.05623,-0.0100715,1.24105,1.21431,0
1781247102071878,58.632,0.281337,0.405026,-4.98468,0.622248,0.617411,-5,-0.340911,-0.212385,0.0153198,0.401948,1.16318,1.05404,-0.0101481,1.24028,1.21128,0
1781247102087878,58.648,0.301054,0.424811,-4.98462,0.647011,0.641571,-5,-0.345957,-0.21676,0.0153809,0.408543,1.16342,1.0531,-0.0103343,1.23949,1.20814,0
1781247102111878,58.672,0.330507,0.454176,-4.9845,0.671768,0.665677,-5,-0.341261,-0.211501,0.0155029,0.401786,1.16294,1.0509,-0.0103288,1.23867,1.20487,0
1781247102127878,58.688,0.350062,0.47354,-4.98441,0.696496,0.689705,-5,-0.346434,-0.216165,0.0155945,0.408641,1.16311,1.04935,-0.00866716,1.23781,1.20149,0
1781247102151878,58.712,0.379264,0.502302,-4.98425,0.721269,0.713726,-5,-0.342006,-0.211423,0.0157471,0.402387,1.16247,1.04735,-0.00914066,1.23693,1.19798,0
1781247102167878,58.728,0.398664,0.52128,-4.98419,0.745981,0.737632,-5,-0.347317,-0.216352,0.0158081,0.409496,1.16292,1.04464,-0.00829139,1.23601,1.19435,0
1781247102191878,58.752,0.427669,0.549457,-4.98407,0.770693,0.761482,-5,-0.343024,-0.212025,0.0159302,0.403576,1.16222,1.04094,-0.00910694,1.23506,1.1906,0
1781247102207878,58.768,0.446925,0.568039,-4.98401,0.795253,0.78513,-5,-0.348328,-0.217091,0.0159912,0.410751,1.16101,1.0377,-0.00977847,1.23409,1.18676,0
1781247102231878,58.792,0.47571,0.595627,-4.98398,0.819876,0.808779,-5,-0.344167,-0.213152,0.0160217,0.405144,1.15988,1.03374,-0.0118241,1.23308,1.18278,0
1781247102247878,58.808,0.49482,0.613844,-4.98395,0.84453,0.832396,-5,-0.34971,-0.218553,0.0160522,0.412699,1.15926,1.03106,-0.0112534,1.23204,1.17868,0
1781247102271878,58.832,0.523401,0.640922,-4.98392,0.869162,0.855929,-5,-0.345761,-0.215008,0.0160828,0.407477,1.15952,1.02698,-0.0103542,1.23097,1.17446,0
1781247102287878,58.848,0.542397,0.658788,-4.98386,0.893769,0.879373,-5,-0.351372,-0.220586,0.0161438,0.415188,1.15812,1.02303,-0.00885688,1.22987,1.17012,0
1781247102311878,58.872,0.570808,0.685335,-4.9838,0.918338,0.902715,-5,-0.34753,-0.217381,0.0162048,0.410236,1.15819,1.01888,-0.0085617,1.22874,1.16567,0
1781247102327878,58.888,0.591467,0.706129,-4.98352,0.94288,0.925963,-5,-0.351413,-0.219835,0.0164795,0.414837,1.15827,1.01684,-0.00750963,1.22757,1.1611,0
1781247102351878,58.912,0.622235,0.736854,-4.98315,0.967442,0.94916,-5,-0.345207,-0.212306,0.0168457,0.405617,1.15784,1.01626,-0.00750372,1.22638,1.15641,0
1781247102367878,58.928,0.642602,0.757039,-4.98294,0.992124,0.972397,-5,-0.349522,-0.215358,0.0170593,0.410896,1.15846,1.01402,-0.00664347,1.22515,1.15157,0
1781247102391878,58.952,0.672992,0.786861,-4.9826,1.0165,0.995273,-5,-0.343509,-0.208412,0.017395,0.402164,1.15914,1.01101,-0.006462,1.2239,1.14667,0
1781247102407878,58.968,0.69313,0.806448,-4.98242,1.04091,1.01811,-5,-0.347785,-0.21166,0.0175781,0.407508,1.15805,1.00712,-0.00634019,1.22261,1.14165,0
1781247102431878,58.992,0.723125,0.835381,-4.98215,1.0653,1.04084,-5,-0.342174,-0.205458,0.0178528,0.399519,1.15623,1.00238,-0.00621995,1.2213,1.13651,0
1781247102447878,59.008,0.743004,0.854407,-4.98199,1.08981,1.06361,-5,-0.346807,-0.209202,0.0180054,0.405419,1.15693,1.00022,-0.0067349,1.21995,1.13123,0
1781247102471878,59.032,0.772685,0.882582,-4.98181,1.11417,1.08615,-5,-0.341483,-0.203572,0.0181885,0.397973,1.15686,0.995119,-0.00829451,1.21857,1.12586,0
1781247102487878,59.048,0.792382,0.901106,-4.98172,1.13854,1.10863,-5,-0.346156,-0.207522,0.01828,0.40401,1.15706,0.991412,-0.00960053,1.21716,1.12037,0
1781247102511878,59.072,0.821776,0.928521,-4.98163,1.16287,1.13098,-5,-0.341091,-0.202459,0.0183716,0.397077,1.15448,0.984948,-0.0105549,1.21572,1.11477,0
1781247102527878,59.088,0.841245,0.946536,-4.98163,1.18723,1.15328,-5,-0.345987,-0.206742,0.0183716,0.403469,1.15284,0.980637,-0.0106735,1.21425,1.10905,0
1781247102551878,59.112,0.870297,0.973216,-4.9816,1.21138,1.17529,-5,-0.341086,-0.202077,0.0184021,0.39688,1.1509,0.975038,-0.0119215,1.21276,1.10326,0
1781247102567878,59.128,0.889569,0.990779,-4.9816,1.23572,1.19738,-5,-0.346148,-0.206605,0.0184021,0.403537,1.15036,0.971456,-0.0115446,1.21122,1.0973,0
1781247102591878,59.152,0.918339,1.01679,-4.98163,1.25997,1.21931,-5,-0.341629,-0.202518,0.0183716,0.39757,1.14798,0.964312,-0.013083,1.20966,1.09125,0
1781247102607878,59.168,0.937427,1.03391,-4.98166,1.2841,1.24103,-5,-0.346677,-0.20712,0.0183411,0.404252,1.14798,0.961212,-0.0144328,1.20807,1.08511,0
1781247102623878,59.184,0.956466,1.05088,-4.98169,1.30834,1.26275,-5,-0.351872,-0.211873,0.0183105,0.411143,1.14709,0.957259,-0.0135285,1.20645,1.07883,0
1781247102647878,59.208,0.984893,1.07603,-4.98172,1.33238,1.2842,-5,-0.347486,-0.208169,0.01828,0.405481,1.14539,0.950783,-0.0134192,1.2048,1.07248,0
1781247102671878,59.232,1.01319,1.10082,-4.98181,1.35657,1.30569,-5,-0.343381,-0.204873,0.0181885,0.400267,1.14385,0.943698,-0.0157313,1.20311,1.06597,0
1781247102687878,59.248,1.032,1.11715,-4.9819,1.38049,1.32683,-5,-0.348496,-0.209688,0.0180969,0.40712,1.1435,0.938958,-0.0163029,1.20141,1.05942,0
1781247102712083,59.2722,1.06011,1.14134,-4.98203,1.40447,1.34793,-5,-0.344367,-0.206589,0.0179749,0.401984,1.14272,0.931428,-0.0139268,1.19967,1.05275,0
1781247102728083,59.2882,1.08022,1.16136,-4.98184,1.42842,1.36889,-5,-0.348194,-0.207527,0.018158,0.405754,1.14165,0.926974,-0.0139413,1.19791,1.04596,0
1781247102752083,59.3122,1.11016,1.19078,-4.98163,1.45243,1.3898,-5,-0.342263,-0.199018,0.0183716,0.396345,1.13935,0.922332,-0.0135521,1.1961,1.03905,0
1781247102768083,59.3282,1.12997,1.21002,-4.98148,1.47632,1.4105,-5,-0.346351,-0.20048,0.0185242,0.400617,1.13787,0.919655,-0.0146522,1.19427,1.03205,0
1781247102792083,59.3522,1.15947,1.23834,-4.98132,1.50014,1.43103,-5,-0.340676,-0.192693,0.0186768,0.391841,1.13635,0.914641,-0.0142664,1.19241,1.02496,0
1781247102808083,59.3682,1.17899,1.25688,-4.98123,1.52392,1.45142,-5,-0.344935,-0.194538,0.0187683,0.396456,1.13293,0.911181,-0.0146494,1.19053,1.01777,0
1781247102832083,59.3922,1.20806,1.28418,-4.98114,1.5477,1.47169,-5,-0.339644,-0.187504,0.0188599,0.388421,1.13128,0.904693,-0.0152322,1.18861,1.01046,0
1781247102848083,59.4082,1.22732,1.30206,-4.98108,1.57151,1.49187,-5,-0.344192,-0.189809,0.0189209,0.393514,1.12932,0.899414,-0.016466,1.18665,1.00304,0
1781247102872083,59.4322,1.25603,1.32837,-4.98105,1.59525,1.51188,-5,-0.339215,-0.183502,0.0189514,0.386134,1.12802,0.891281,-0.0157266,1.18467,0.995519,0
1781247102888083,59.4482,1.27507,1.34559,-4.98105,1.61889,1.53169,-5,-0.343823,-0.186093,0.0189514,0.391413,1.12587,0.885753,-0.0158726,1.18267,0.987919,0
1781247102912083,59.4722,1.30348,1.37098,-4.98096,1.64249,1.55134,-5,-0.339013,-0.180365,0.019043,0.384479,1.1256,0.878152,-0.0148863,1.18063,0.980222,0
1781247102928083,59.4882,1.32235,1.38761,-4.98093,1.66597,1.57078,-5,-0.343622,-0.183164,0.0190735,0.389858,1.12525,0.87349,-0.0139734,1.17857,0.972453,0
1781247102952083,59.5122,1.3505,1.41214,-4.98087,1.68955,1.59017,-5,-0.339048,-0.178029,0.0191345,0.383424,1.12217,0.864285,-0.0151693,1.17647,0.964543,0
1781247102968083,59.5282,1.36917,1.4282,-4.98083,1.71315,1.60945,-5,-0.343985,-0.181249,0.019165,0.389287,1.121,0.85931,-0.0152747,1.17434,0.956512,0
1781247102992083,59.5522,1.39704,1.45193,-4.98083,1.73651,1.62842,-5,-0.339465,-0.17649,0.019165,0.383083,1.11905,0.851641,-0.0151223,1.17219,0.948454,0
1781247103008083,59.5682,1.41553,1.46747,-4.98083,1.75991,1.64729,-5,-0.344383,-0.179818,0.019165,0.388975,1.11701,0.845127,-0.0145924,1.17001,0.94027,0
1781247103032083,59.5922,1.44314,1.49043,-4.98083,1.78337,1.66608,-5,-0.340231,-0.175651,0.019165,0.383377,1.11515,0.838523,-0.0141155,1.16779,0.931959,0
1781247103048083,59.6082,1.46147,1.5055,-4.98087,1.80674,1.68466,-5,-0.345271,-0.179161,0.0191345,0.389457,1.11408,0.833937,-0.014932,1.16554,0.923569,0
1781247103072083,59.6322,1.48887,1.52779,-4.98093,1.83001,1.70303,-5,-0.341143,-0.175246,0.0190735,0.383997,1.11217,0.826416,-0.0150773,1.16327,0.915107,0
1781247103088083,59.6482,1.50706,1.54241,-4.98102,1.85324,1.72124,-5,-0.346177,-0.178825,0.0189819,0.390098,1.1117,0.820286,-0.0159846,1.16097,0.906551,0
1781247103112083,59.6722,1.53428,1.56402,-4.98114,1.87644,1.73929,-5,-0.342165,-0.175267,0.0188599,0.384904,1.1104,0.811496,-0.0155867,1.15864,0.897897,0
1781247103128083,59.6882,1.55417,1.58155,-4.98102,1.89949,1.75708,-5,-0.345316,-0.175531,0.0189819,0.387833,1.11169,0.806761,-0.0146059,1.15629,0.889196,0
1781247103152083,59.7122,1.58381,1.60724,-4.98083,1.9226,1.77478,-5,-0.338781,-0.167546,0.019165,0.378433,1.11125,0.799242,-0.0152698,1.1539,0.880362,0
1781247103168083,59.7282,1.60341,1.62396,-4.98077,1.94564,1.79229,-5,-0.342234,-0.168328,0.0192261,0.381874,1.1096,0.793131,-0.0163449,1.15148,0.871448,0
1781247103192083,59.7522,1.63256,1.64847,-4.98071,1.96858,1.80958,-5,-0.336019,-0.161111,0.0192871,0.373145,1.10803,0.783614,-0.016293,1.14904,0.86247,0
1781247103208083,59.7682,1.65185,1.66443,-4.98068,1.9916,1.82678,-5,-0.339747,-0.162356,0.0193176,0.377042,1.10666,0.777286,-0.017208,1.14656,0.853355,0
1781247103232083,59.7922,1.68056,1.68785,-4.98071,2.01449,1.84375,-5,-0.33393,-0.155905,0.0192871,0.369037,1.10367,0.769122,-0.0170187,1.14406,0.844183,0
1781247103248083,59.8082,1.69956,1.70315,-4.98074,2.03735,1.86054,-5,-0.337782,-0.157394,0.0192566,0.373149,1.10232,0.764614,-0.017353,1.14152,0.834922,0
1781247103272083,59.8322,1.72789,1.72564,-4.98087,2.06013,1.87713,-5,-0.33224,-0.15149,0.0191345,0.365648,1.10052,0.755941,-0.019342,1.13897,0.825586,0
1781247103288083,59.8482,1.74665,1.74033,-4.98099,2.0829,1.89356,-5,-0.336246,-0.153235,0.0190125,0.370005,1.09903,0.74979,-0.0184344,1.13637,0.816154,0
1781247103312083,59.8722,1.77462,1.76191,-4.98114,2.10554,1.90975,-5,-0.330922,-0.147841,0.0188599,0.362935,1.09695,0.740762,-0.0184001,1.13376,0.80667,0
1781247103328083,59.8882,1.79316,1.776,-4.98123,2.12817,1.92577,-5,-0.335013,-0.149775,0.0187683,0.367449,1.09518,0.734884,-0.019363,1.13112,0.797089,0
1781247103352083,59.9122,1.82078,1.7967,-4.98141,2.15078,1.94163,-5,-0.329998,-0.144925,0.0185852,0.360899,1.09222,0.724342,-0.0202576,1.12844,0.787415,0
1781247103368083,59.9282,1.83909,1.81022,-4.98154,2.17331,1.95727,-5,-0.334224,-0.147055,0.0184631,0.365612,1.09025,0.718433,-0.0207967,1.12574,0.777671,0
1781247103392083,59.9522,1.86641,1.83006,-4.98175,2.1958,1.97272,-5,-0.329386,-0.142662,0.0182495,0.359417,1.08851,0.706254,-0.0206004,1.12301,0.767848,0
1781247103408083,59.9682,1.88452,1.843,-4.98193,2.21823,1.98798,-5,-0.333703,-0.144979,0.0180664,0.364285,1.08632,0.698937,-0.0214373,1.12025,0.757947,0
1781247103432083,59.9922,1.91154,1.86201,-4.98224,2.24056,2.00301,-5,-0.329013,-0.140998,0.0177612,0.358393,1.08361,0.688289,-0.0231675,1.11747,0.747991,0
1781247103448083,60.0082,1.92946,1.8744,-4.98245,2.26289,2.01787,-5,-0.333422,-0.143476,0.0175476,0.363405,1.08212,0.680155,-0.0234313,1.11466,0.737935,0
1781247103464083,60.0242,1.9473,1.88658,-4.9827,2.28515,2.03253,-5,-0.337854,-0.145956,0.0173035,0.368439,1.07947,0.673805,-0.0233665,1.11181,0.727807,0
1781247103488083,60.0482,1.97391,1.90447,-4.98303,2.30738,2.047,-5,-0.333461,-0.142524,0.0169678,0.363039,1.07665,0.662671,-0.0233481,1.10894,0.717602,0
1781247103512083,60.0722,2.00039,1.92191,-4.9834,2.32951,2.06124,-5,-0.329124,-0.139327,0.0166016,0.357786,1.07396,0.650786,-0.0224634,1.10604,0.707336,0
1781247103528083,60.0882,2.01912,1.93632,-4.98318,2.35158,2.07527,-5,-0.332463,-0.138943,0.0168152,0.360721,1.07221,0.645154,-0.0223335,1.10312,0.697006,0
1781247103552083,60.1122,2.047,1.95737,-4.98294,2.37364,2.08912,-5,-0.326641,-0.131747,0.0170593,0.352622,1.07041,0.636488,-0.0230086,1.10017,0.686585,0
1781247103568083,60.1282,2.06544,1.97101,-4.98285,2.39561,2.10274,-5,-0.330165,-0.13173,0.0171509,0.355887,1.06861,0.629365,-0.0230688,1.09719,0.676106,0
1781247103592083,60.1522,2.09294,1.99091,-4.9827,2.41751,2.11615,-5,-0.324576,-0.125242,0.0173035,0.348331,1.06605,0.619517,-0.021754,1.09418,0.665564,0
1781247103608083,60.1682,2.11112,2.00382,-4.98257,2.43935,2.12935,-5,-0.328235,-0.125534,0.0174255,0.351853,1.06353,0.612337,-0.0204079,1.09115,0.654956,0
1781247103632083,60.1922,2.13822,2.02265,-4.98236,2.46113,2.14233,-5,-0.322915,-0.11968,0.0176392,0.344831,1.0625,0.602261,-0.0187551,1.08808,0.644283,0
1781247103648083,60.2082,2.15618,2.03488,-4.98227,2.48282,2.15509,-5,-0.326637,-0.12021,0.0177307,0.348506,1.06117,0.594921,-0.018181,1.085,0.633561,0
1781247103664083,60.2242,2.17405,2.04683,-4.98218,2.50453,2.16767,-5,-0.330472,-0.12084,0.0178223,0.352324,1.0583,0.587661,-0.0195223,1.08188,0.622735,0
1781247103688083,60.2482,2.20066,2.06428,-4.98212,2.52613,2.18002,-5,-0.325478,-0.115737,0.0178833,0.345906,1.05461,0.575467,-0.0183184,1.07873,0.611864,0
1781247103712083,60.2722,2.22708,2.08115,-4.98206,2.54768,2.19215,-5,-0.320595,-0.111002,0.0179443,0.339742,1.05232,0.563711,-0.0180196,1.07556,0.600934,0
1781247103728292,60.2884,2.24461,2.09209,-4.98206,2.56911,2.20403,-5,-0.324495,-0.111943,0.0179443,0.34373,1.05123,0.556329,-0.016841,1.07237,0.589968,0
1781247103752292,60.3124,2.27077,2.10803,-4.98203,2.59051,2.21571,-5,-0.319743,-0.10768,0.0179749,0.337866,1.04824,0.542957,-0.0174532,1.06915,0.578926,0
1781247103768292,60.3284,2.2881,2.11836,-4.98199,2.61189,2.2272,-5,-0.323794,-0.10884,0.0180054,0.342071,1.04564,0.535169,-0.0163551,1.06589,0.567801,0
1781247103792292,60.3524,2.31393,2.13339,-4.98203,2.63318,2.23844,-5,-0.319248,-0.105053,0.0179749,0.336569,1.04037,0.521253,-0.0175883,1.06261,0.556638,0
1781247103808292,60.3684,2.33103,2.14311,-4.98206,2.65439,2.24946,-5,-0.323364,-0.106348,0.0179443,0.340876,1.03821,0.513127,-0.0181964,1.05931,0.545419,0
1781247103832292,60.3924,2.35657,2.15727,-4.98212,2.67551,2.26024,-5,-0.318938,-0.102965,0.0178833,0.335624,1.03634,0.499569,-0.0179924,1.05598,0.534164,0
1781247103848292,60.4084,2.37353,2.16642,-4.98218,2.69662,2.27082,-5,-0.323092,-0.104403,0.0178223,0.340009,1.03448,0.489895,-0.0170457,1.05262,0.522823,0
1781247103872292,60.4324,2.39885,2.17971,-4.98227,2.71764,2.28116,-5,-0.318789,-0.101452,0.0177307,0.335013,1.03054,0.476799,-0.0180672,1.04924,0.511445,0
1781247103888292,60.4484,2.41563,2.18831,-4.98239,2.73858,2.29127,-5,-0.322946,-0.102965,0.0176086,0.33942,1.02765,0.468821,-0.0179866,1.04583,0.500019,0
1781247103912292,60.4724,2.44068,2.20082,-4.9826,2.75945,2.30115,-5,-0.318769,-0.100329,0.017395,0.334638,1.02504,0.456167,-0.018404,1.0424,0.488543,0
1781247103928292,60.4884,2.45779,2.21098,-4.98257,2.78024,2.3108,-5,-0.322455,-0.0998197,0.0174255,0.338001,1.0222,0.449303,-0.0180645,1.03894,0.477026,0
1781247103952292,60.5124,2.48327,2.2257,-4.98251,2.80096,2.32021,-5,-0.31769,-0.0945115,0.0174866,0.331911,1.01818,0.440388,-0.017914,1.03545,0.465462,0
1781247103968292,60.5284,2.50015,2.23519,-4.98251,2.82166,2.32942,-5,-0.321516,-0.0942307,0.0174866,0.335496,1.01475,0.432597,-0.0186416,1.03193,0.453822,0
1781247103992292,60.5524,2.52524,2.24892,-4.98254,2.84228,2.33838,-5,-0.317035,-0.0894642,0.0174561,0.329878,1.0079,0.420825,-0.0181062,1.02839,0.442147,0
1781247104008292,60.5684,2.54184,2.25773,-4.98254,2.86279,2.3471,-5,-0.320949,-0.089366,0.0174561,0.333615,1.00572,0.412019,-0.0172909,1.02483,0.430442,0
1781247104032292,60.5924,2.56662,2.27048,-4.9826,2.88323,2.35558,-5,-0.316607,-0.0851042,0.017395,0.328306,1.00172,0.400291,-0.0169684,1.02124,0.418701,0
1781247104048292,60.6084,2.58303,2.27868,-4.98267,2.9036,2.36383,-5,-0.320567,-0.0851545,0.017334,0.332137,0.999719,0.393384,-0.0173538,1.01763,0.406912,0
1781247104072292,60.6324,2.6075,2.29053,-4.98279,2.92395,2.37186,-5,-0.316452,-0.0813351,0.0172119,0.32719,0.994962,0.380387,-0.0176356,1.01398,0.395052,0
1781247104088292,60.6484,2.62371,2.29812,-4.98288,2.94418,2.37964,-5,-0.320465,-0.0815182,0.0171204,0.331114,0.991609,0.371937,-0.0178624,1.01032,0.383182,0
1781247104112292,60.6724,2.64791,2.30908,-4.98306,2.96434,2.38718,-5,-0.316432,-0.0780997,0.0169373,0.326368,0.988123,0.358704,-0.0172951,1.00662,0.371269,0
1781247104128292,60.6884,2.66395,2.31609,-4.98318,2.98441,2.39448,-5,-0.320458,-0.0783908,0.0168152,0.330335,0.984981,0.349487,-0.0181906,1.00291,0.359331,0
1781247104152292,60.7124,2.68788,2.32616,-4.9834,3.00442,2.40154,-5,-0.316543,-0.0753772,0.0166016,0.325817,0.981993,0.335576,-0.0194237,0.99917,0.347345,0
1781247104168292,60.7284,2.70377,2.3326,-4.98358,3.02438,2.40837,-5,-0.32061,-0.0757759,0.0164185,0.329852,0.979311,0.326521,-0.0209658,0.995399,0.335312,0
1781247104192292,60.7524,2.72746,2.34182,-4.98389,3.04428,2.41497,-5,-0.316824,-0.0731456,0.0161133,0.325557,0.974208,0.313078,-0.0210097,0.9916,0.323234,0
1781247104208292,60.7684,2.74315,2.34771,-4.9841,3.06407,2.42131,-5,-0.320922,-0.0735993,0.0158997,0.329637,0.970402,0.304878,-0.0206268,0.987783,0.311145,0
1781247104232292,60.7924,2.76656,2.35618,-4.98444,3.08376,2.42741,-5,-0.3172,-0.0712247,0.015564,0.325471,0.965482,0.292163,-0.0200242,0.983946,0.29904,0
1781247104248292,60.8084,2.78206,2.36155,-4.98465,3.10339,2.43326,-5,-0.321327,-0.0717099,0.0153503,0.32959,0.961447,0.282661,-0.0192787,0.980081,0.286896,0
1781247104272292,60.8324,2.80519,2.36921,-4.98502,3.12299,2.43889,-5,-0.317806,-0.069679,0.0149841,0.3257,0.957095,0.267967,-0.0194626,0.976183,0.274692,0
1781247104288292,60.8484,2.82052,2.37406,-4.98526,3.14246,2.44425,-5,-0.321932,-0.0701909,0.01474,0.329824,0.954351,0.25931,-0.0186932,0.972271,0.262497,0
1781247104312292,60.8724,2.84342,2.38096,-4.9856,3.16186,2.44938,-5,-0.318439,-0.0684247,0.0144043,0.326026,0.951646,0.246024,-0.0195474,0.96833,0.250262,0
1781247104328292,60.8884,2.85918,2.38711,-4.98563,3.18116,2.45426,-5,-0.321982,-0.0671465,0.0143738,0.329223,0.949412,0.23814,-0.0181337,0.964372,0.238022,0
1781247104352292,60.9124,2.88262,2.39586,-4.98563,3.2004,2.45889,-5,-0.317777,-0.0630355,0.0143738,0.324287,0.944893,0.22657,-0.0177779,0.960385,0.225743,0
1781247104368292,60.9284,2.89816,2.40137,-4.98569,3.2196,2.46329,-5,-0.321441,-0.0619226,0.0143127,0.327664,0.942585,0.218171,-0.0178443,0.956366,0.213416,0
1781247104392292,60.9524,2.92131,2.40914,-4.98572,3.23868,2.46744,-5,-0.317376,-0.0582986,0.0142822,0.323002,0.937278,0.203769,-0.0170429,0.95233,0.201093,0
1781247104408292,60.9684,2.93664,2.41399,-4.98575,3.25766,2.47133,-5,-0.321023,-0.0573349,0.0142517,0.326414,0.93504,0.19499,-0.016323,0.948277,0.188766,0
1781247104432292,60.9924,2.9595,2.42081,-4.98584,3.27653,2.47497,-5,-0.317037,-0.0541599,0.0141602,0.321941,0.931044,0.180019,-0.017473,0.944204,0.176433,0
1781247104448292,61.0084,2.97465,2.42504,-4.98593,3.29539,2.47838,-5,-0.320748,-0.053335,0.0140686,0.325456,0.928578,0.172019,-0.0174827,0.940092,0.164038,0
1781247104472292,61.0324,2.99723,2.43098,-4.98611,3.31414,2.48153,-5,-0.316905,-0.0505519,0.0138855,0.321212,0.922999,0.15867,-0.0177523,0.935965,0.151648,0
1781247104488292,61.0484,3.01219,2.43465,-4.98624,3.33284,2.48445,-5,-0.320656,-0.0497944,0.0137634,0.324791,0.919982,0.149867,-0.018813,0.931805,0.139216,0
1781247104504292,61.0644,3.02707,2.43811,-4.98642,3.3515,2.48712,-5,-0.324429,-0.0490041,0.0135803,0.32839,0.917642,0.141501,-0.0193036,0.927613,0.126745,0
1781247104528292,61.0884,3.04929,2.44289,-4.98666,3.36991,2.48951,-5,-0.32062,-0.0466275,0.0133362,0.324267,0.914541,0.12797,-0.0179203,0.923434,0.114368,0
1781247104544292,61.1044,3.06404,2.44579,-4.98682,3.38833,2.49168,-5,-0.324289,-0.045882,0.0131836,0.327784,0.91196,0.118229,-0.0191179,0.919213,0.101923,0
1781247104568292,61.1284,3.08603,2.44973,-4.98712,3.40668,2.49359,-5,-0.32065,-0.0438633,0.0128784,0.323892,0.907878,0.102948,-0.0201143,0.914963,0.0894511,0
1781247104584292,61.1444,3.10061,2.45207,-4.98734,3.42501,2.49526,-5,-0.324402,-0.04319,0.0126648,0.327509,0.904679,0.0921374,-0.0195554,0.910676,0.0769278,0
1781247104608292,61.1684,3.12235,2.45519,-4.98761,3.44319,2.49668,-5,-0.320839,-0.041482,0.0123901,0.323747,0.900598,0.0799984,-0.0185355,0.906381,0.0644416,0
1781247104624292,61.1844,3.13677,2.45705,-4.98782,3.46126,2.49784,-5,-0.324486,-0.0407872,0.0121765,0.327266,0.897877,0.0715508,-0.0187368,0.90207,0.0519674,0
1781247104648292,61.2084,3.15829,2.45946,-4.9881,3.4793,2.49875,-5,-0.321006,-0.0392957,0.0119019,0.323621,0.893046,0.057322,-0.017512,0.897722,0.0394485,0
1781247104672292,61.2324,3.17966,2.46142,-4.98843,3.49719,2.49942,-5,-0.317537,-0.0379999,0.0115662,0.320011,0.887534,0.0428646,-0.0193905,0.893366,0.0269641,0
1781247104688292,61.2484,3.19382,2.46248,-4.98865,3.51501,2.49983,-5,-0.321185,-0.0373504,0.0113525,0.323549,0.885026,0.0345256,-0.0177123,0.888986,0.0144738,0
1781247104704292,61.2644,3.20793,2.46337,-4.98886,3.53273,2.5,-5,-0.324795,-0.0366299,0.0111389,0.327044,0.882561,0.0258706,-0.018145,0.884584,0.00198259,0
1781247104728502,61.2886,3.2297,2.4662,-4.98883,3.5504,2.49991,-5,-0.320706,-0.0337136,0.0111694,0.322666,0.877854,0.0124686,-0.0188885,0.88015,-0.0105362,0
1781247104752502,61.3126,3.25162,2.46939,-4.98868,3.56782,2.49958,-5,-0.316196,-0.0301855,0.011322,0.317835,0.873631,0.000195159,-0.0193911,0.875738,-0.0229327,0
1781247104768502,61.3286,3.26612,2.47121,-4.98859,3.58539,2.49899,-5,-0.31927,-0.027781,0.0114136,0.32068,0.870554,-0.00783989,-0.0178704,0.871241,-0.0355024,0
1781247104792502,61.3526,3.28772,2.47347,-4.98853,3.60277,2.49816,-5,-0.315056,-0.0246825,0.0114746,0.31623,0.866211,-0.0205457,-0.0177137,0.866747,-0.0479985,0
1781247104808502,61.3686,3.30199,2.47467,-4.98849,3.61996,2.49708,-5,-0.317971,-0.0224054,0.0115051,0.318966,0.862249,-0.0298994,-0.0182782,0.862259,-0.0604142,0
1781247104832502,61.3926,3.32325,2.47603,-4.98849,3.63725,2.49574,-5,-0.313995,-0.0197036,0.0115051,0.314823,0.858666,-0.0424187,-0.0182734,0.857701,-0.0729572,0
1781247104848502,61.4086,3.33734,2.47666,-4.98853,3.65428,2.49416,-5,-0.31694,-0.0175049,0.0114746,0.31763,0.856655,-0.0507279,-0.0171413,0.853165,-0.0853745,0
1781247104872502,61.4326,3.35832,2.47716,-4.98859,3.67137,2.49232,-5,-0.31305,-0.0151618,0.0114136,0.313624,0.8517,-0.0652112,-0.0158623,0.848567,-0.0978953,0
1781247104888502,61.4486,3.37222,2.47719,-4.98862,3.68822,2.49025,-5,-0.315997,-0.0130618,0.0113831,0.316472,0.849489,-0.0758106,-0.0151555,0.843989,-0.110293,0
1781247104912502,61.4726,3.39294,2.47679,-4.98868,3.70505,2.48792,-5,-0.312109,-0.0111291,0.011322,0.312512,0.844742,-0.0894827,-0.0145398,0.839369,-0.122736,0
1781247104928502,61.4886,3.40665,2.47627,-4.98874,3.72176,2.48535,-5,-0.315105,-0.00907087,0.011261,0.315436,0.841463,-0.0972715,-0.0155814,0.834735,-0.135147,0
1781247104952502,61.5126,3.4271,2.47511,-4.98889,3.73839,2.48252,-5,-0.311287,-0.00741005,0.0111084,0.311573,0.837842,-0.109886,-0.0155959,0.830077,-0.147556,0
1781247104968502,61.5286,3.44066,2.47409,-4.98898,3.75497,2.47944,-5,-0.314315,-0.0053544,0.0110168,0.314554,0.83507,-0.119682,-0.0162756,0.825386,-0.159982,0
1781247104992502,61.5526,3.46084,2.47219,-4.98917,3.77143,2.47612,-5,-0.310584,-0.00392747,0.0108337,0.310798,0.829565,-0.130932,-0.0156303,0.820683,-0.172367,0
1781247105008502,61.5686,3.47423,2.4707,-4.98926,3.78781,2.47254,-5,-0.313578,-0.00183892,0.0107422,0.313768,0.828204,-0.139117,-0.0144968,0.815955,-0.184749,0
1781247105032502,61.5926,3.4942,2.46812,-4.98944,3.80404,2.46873,-5,-0.309843,-0.000611067,0.0105591,0.310023,0.823625,-0.151521,-0.0149122,0.811222,-0.197071,0
1781247105048502,61.6086,3.50743,2.46616,-4.98953,3.82022,2.46467,-5,-0.31279,0.00149226,0.0104675,0.312969,0.82008,-0.161524,-0.0138725,0.806456,-0.209405,0
1781247105064502,61.6246,3.5206,2.46401,-4.98965,3.8363,2.46036,-5,-0.315701,0.003649,0.0103455,0.315891,0.818642,-0.170383,-0.0138069,0.80167,-0.221721,0
1781247105088502,61.6486,3.54026,2.46041,-4.98978,3.85232,2.45579,-5,-0.312058,0.00462008,0.0102234,0.312259,0.814319,-0.184449,-0.0112713,0.796854,-0.234037,0
1781247105112502,61.6726,3.55978,2.45641,-4.9899,3.86826,2.45097,-5,-0.308482,0.00544405,0.0101013,0.308695,0.809392,-0.196094,-0.00941267,0.792012,-0.246347,0
1781247105128502,61.6886,3.57352,2.4548,-4.9899,3.88398,2.44595,-5,-0.310455,0.00885439,0.0101013,0.310745,0.806812,-0.20386,-0.00859823,0.787191,-0.258528,0
1781247105152502,61.7126,3.59394,2.45196,-4.9899,3.8997,2.44064,-5,-0.305758,0.0113125,0.0101013,0.306134,0.802154,-0.215864,-0.00741616,0.782318,-0.270766,0
1781247105168502,61.7286,3.60742,2.4498,-4.9899,3.91532,2.4351,-5,-0.307898,0.014699,0.0101013,0.308414,0.797854,-0.22272,-0.00772054,0.777427,-0.282971,0
1781247105192502,61.7526,3.62745,2.44616,-4.98993,3.93083,2.42931,-5,-0.303372,0.0168412,0.0100708,0.304006,0.793677,-0.235289,-0.00790352,0.77252,-0.29514,0
1781247105208502,61.7686,3.6407,2.44346,-4.98996,3.94621,2.4233,-5,-0.305511,0.0201666,0.0100403,0.30634,0.790969,-0.244327,-0.00828742,0.767602,-0.307259,0
1781247105224502,61.7846,3.65386,2.44055,-4.98999,3.96147,2.41705,-5,-0.307613,0.0235064,0.0100098,0.308672,0.787454,-0.252865,-0.00951004,0.762674,-0.319326,0
1781247105248502,61.8086,3.67344,2.43582,-4.99008,3.97668,2.41054,-5,-0.303243,0.025279,0.00991821,0.304457,0.783571,-0.264675,-0.00984032,0.757709,-0.331402,0
1781247105272502,61.8326,3.69286,2.43061,-4.9902,3.99174,2.40381,-5,-0.298884,0.0267997,0.00979614,0.300243,0.780695,-0.278848,-0.0093294,0.752744,-0.343402,0
1781247105288502,61.8486,3.70572,2.42687,-4.9903,4.00683,2.39678,-5,-0.301101,0.0300894,0.00970459,0.302756,0.777491,-0.287884,-0.0100183,0.747719,-0.355466,0
1781247105312502,61.8726,3.72486,2.42092,-4.99045,4.02165,2.3896,-5,-0.296788,0.0313199,0.009552,0.298589,0.772779,-0.300158,-0.00810345,0.742728,-0.367367,0
1781247105328502,61.8886,3.73753,2.4167,-4.99051,4.03652,2.3821,-5,-0.29899,0.0346005,0.00949097,0.301135,0.770451,-0.308917,-0.00808162,0.737671,-0.379347,0
1781247105352502,61.9126,3.75641,2.41003,-4.99063,4.05116,2.37442,-5,-0.294751,0.0356047,0.0093689,0.297042,0.766307,-0.32224,-0.0073235,0.732636,-0.391191,0
1781247105368502,61.9286,3.76891,2.40534,-4.99072,4.06576,2.36648,-5,-0.296848,0.0388615,0.00927734,0.299524,0.763074,-0.330373,-0.00707615,0.727566,-0.403037,0
1781247105392502,61.9526,3.78749,2.39798,-4.99084,4.08026,2.3583,-5,-0.292763,0.0396719,0.00915527,0.295581,0.758248,-0.342729,-0.00736135,0.722475,-0.414849,0
1781247105408502,61.9686,3.7998,2.39286,-4.99094,4.09471,2.34986,-5,-0.294905,0.0430036,0.00906372,0.298162,0.755682,-0.349954,-0.00714241,0.717346,-0.426663,0
1781247105432502,61.9926,3.81813,2.38489,-4.99106,4.10898,2.34122,-5,-0.290854,0.0436699,0.00894165,0.29425,0.749881,-0.36206,-0.00737617,0.712226,-0.438375,0
1781247105448502,62.0086,3.83025,2.37935,-4.99115,4.12325,2.33229,-5,-0.293003,0.0470567,0.0088501,0.29689,0.746438,-0.372243,-0.00747498,0.707054,-0.450119,0
1781247105472502,62.0326,3.84829,2.37069,-4.9913,4.13722,2.32325,-5,-0.288927,0.0474455,0.00869751,0.292925,0.741808,-0.384553,-0.00802491,0.701935,-0.46166,0
1781247105488502,62.0486,3.86025,2.36472,-4.99139,4.15121,2.3139,-5,-0.290961,0.0508211,0.00860596,0.295492,0.739145,-0.392898,-0.00796242,0.696755,-0.473253,0
1781247105512502,62.0726,3.87806,2.35546,-4.99155,4.16509,2.30432,-5,-0.287033,0.0511434,0.00845337,0.291677,0.733299,-0.404961,-0.00690581,0.691558,-0.484797,0
1781247105528502,62.0886,3.88999,2.35023,-4.99142,4.1789,2.29449,-5,-0.288901,0.0557384,0.00857544,0.294354,0.729616,-0.413287,-0.00613991,0.686332,-0.496317,0
1781247105552502,62.1126,3.90773,2.34196,-4.99127,4.19259,2.28443,-5,-0.284857,0.0575285,0.00872803,0.290739,0.72233,-0.425684,-0.00538989,0.681093,-0.507779,0
1781247105568502,62.1286,3.91943,2.33621,-4.99118,4.20607,2.27423,-5,-0.286648,0.0619793,0.00881958,0.293404,0.717631,-0.432712,-0.00553771,0.675876,-0.519106,0
1781247105592502,62.1526,3.93682,2.32719,-4.99103,4.21957,2.26371,-5,-0.282749,0.063482,0.00897217,0.289927,0.712133,-0.444407,-0.00427973,0.670599,-0.530474,0
1781247105608502,62.1686,3.94833,2.32095,-4.99094,4.2329,2.25301,-5,-0.284572,0.0679429,0.00906372,0.29271,0.710017,-0.452236,-0.00450385,0.665325,-0.541748,0
1781247105632502,62.1926,3.96548,2.31125,-4.99084,4.24616,2.24206,-5,-0.280679,0.0691941,0.00915527,0.289227,0.704648,-0.46225,-0.00418331,0.660025,-0.552988,0
1781247105648502,62.2086,3.97682,2.30458,-4.99078,4.25928,2.23091,-5,-0.282458,0.073663,0.00921631,0.292051,0.701044,-0.469492,-0.00596496,0.654722,-0.564143,0
1781247105664502,62.2246,3.98808,2.29772,-4.99075,4.27233,2.2195,-5,-0.284255,0.0782127,0.00924683,0.294964,0.697578,-0.477851,-0.00691874,0.649383,-0.575284,0
1781247105688502,62.2486,4.00484,2.28709,-4.99072,4.28527,2.20789,-5,-0.280427,0.0791976,0.00927734,0.291543,0.69268,-0.489887,-0.00681611,0.644035,-0.58635,0
1781247105712502,62.2726,4.02144,2.27606,-4.99072,4.29809,2.19605,-5,-0.276649,0.0800061,0.00927734,0.288135,0.687499,-0.501829,-0.00636173,0.638671,-0.59736,0
1781247105728717,62.2888,4.03243,2.26849,-4.99069,4.31086,2.18395,-5,-0.278434,0.0845385,0.00930786,0.291134,0.683823,-0.509778,-0.00549105,0.633269,-0.608353,0
1781247105752717,62.3128,4.04876,2.25682,-4.99066,4.3235,2.17165,-5,-0.274735,0.0851705,0.00933838,0.287786,0.67859,-0.521364,-0.00523065,0.627861,-0.619265,0
1781247105768717,62.3288,4.05957,2.24884,-4.99066,4.33597,2.15919,-5,-0.276392,0.0896451,0.00933838,0.290717,0.674375,-0.53002,-0.00577277,0.622465,-0.630059,0
1781247105792717,62.3528,4.07562,2.23652,-4.99066,4.34835,2.14649,-5,-0.272737,0.0900347,0.00933838,0.287365,0.667035,-0.542923,-0.00552863,0.617041,-0.640818,0
1781247105808717,62.3688,4.08621,2.22811,-4.99066,4.36064,2.13356,-5,-0.274432,0.094543,0.00933838,0.290411,0.662376,-0.551321,-0.00603318,0.611597,-0.651519,0
1781247105832717,62.3928,4.10194,2.21519,-4.99069,4.37281,2.12043,-5,-0.270867,0.0947568,0.00930786,0.287114,0.656435,-0.561795,-0.00759106,0.606142,-0.662147,0
1781247105848717,62.4088,4.11236,2.2064,-4.99075,4.38487,2.10709,-5,-0.272516,0.0993063,0.00924683,0.290194,0.652458,-0.569876,-0.00795954,0.600671,-0.672711,0
1781247105872717,62.4328,4.12785,2.19292,-4.99084,4.39684,2.09352,-5,-0.268991,0.099401,0.00915527,0.286916,0.64812,-0.58055,-0.008207,0.595178,-0.683221,0
1781247105888717,62.4488,4.13812,2.18376,-4.99094,4.40874,2.0797,-5,-0.270616,0.104064,0.00906372,0.290077,0.644204,-0.587352,-0.00908902,0.589652,-0.693696,0
1781247105912717,62.4728,4.15338,2.16978,-4.99106,4.42046,2.06573,-5,-0.267081,0.104049,0.00894165,0.286773,0.638186,-0.596825,-0.00864771,0.584139,-0.70405,0
1781247105928717,62.4888,4.16401,2.16095,-4.99115,4.43207,2.05158,-5,-0.26806,0.109376,0.0088501,0.289651,0.634734,-0.604282,-0.00941186,0.578617,-0.714323,0
1781247105952717,62.5128,4.17978,2.14743,-4.99127,4.44365,2.03711,-5,-0.263868,0.110319,0.00872803,0.286134,0.628363,-0.612672,-0.00976629,0.573039,-0.724603,0
1781247105968717,62.5288,4.19017,2.1382,-4.99136,4.45502,2.02256,-5,-0.264847,0.115634,0.00863647,0.289119,0.624474,-0.620815,-0.00863703,0.567496,-0.734718,0
1781247105992717,62.5528,4.20558,2.12404,-4.99146,4.46629,2.00779,-5,-0.260713,0.116247,0.00854492,0.285583,0.617748,-0.631847,-0.00782383,0.561929,-0.744777,0
1781247106008717,62.5688,4.21573,2.11441,-4.99152,4.4775,1.99277,-5,-0.261768,0.121638,0.00848389,0.288774,0.613197,-0.63858,-0.00734624,0.556329,-0.754798,0
1781247106032717,62.5928,4.23078,2.09963,-4.99161,4.48852,1.97764,-5,-0.257733,0.121993,0.00839233,0.28527,0.608609,-0.650484,-0.00725009,0.55075,-0.764679,0
1781247106048717,62.6088,4.24074,2.0896,-4.99167,4.49952,1.96218,-5,-0.258789,0.127419,0.0083313,0.288577,0.605638,-0.657033,-0.00747176,0.545108,-0.774572,0
1781247106072717,62.6328,4.2555,2.07427,-4.99176,4.51035,1.94662,-5,-0.254851,0.127655,0.00823975,0.285154,0.597737,-0.667127,-0.00670939,0.539486,-0.784328,0
1781247106088717,62.6488,4.2652,2.06387,-4.99185,4.52106,1.93088,-5,-0.255853,0.132995,0.00814819,0.28847,0.593017,-0.673745,-0.00627505,0.533857,-0.793995,0
1781247106112717,62.6728,4.2796,2.04802,-4.99194,4.53166,1.91493,-5,-0.252062,0.133086,0.00805664,0.285153,0.586789,-0.683827,-0.00662796,0.528209,-0.803592,0
1781247106128717,62.6888,4.28909,2.03728,-4.99203,4.54216,1.89878,-5,-0.253065,0.1385,0.00796509,0.288596,0.583057,-0.690257,-0.00681898,0.522543,-0.813118,0
1781247106152717,62.7128,4.3032,2.02091,-4.99216,4.55253,1.88246,-5,-0.249328,0.138453,0.00784302,0.285298,0.577958,-0.70068,-0.00791174,0.516872,-0.822549,0
1781247106168717,62.7288,4.31253,2.00984,-4.99228,4.5628,1.86593,-5,-0.250268,0.143915,0.00772095,0.2888,0.575378,-0.706312,-0.00790116,0.511179,-0.831913,0
1781247106192717,62.7528,4.32642,1.99299,-4.99243,4.57296,1.8492,-5,-0.246548,0.143792,0.00756836,0.285515,0.570609,-0.71753,-0.0089577,0.50547,-0.8412,0
1781247106208717,62.7688,4.33559,1.98158,-4.99255,4.58311,1.83212,-5,-0.247519,0.149453,0.00744629,0.289236,0.566781,-0.724934,-0.00723924,0.499694,-0.850489,0
1781247106232717,62.7928,4.3492,1.96421,-4.99274,4.59297,1.81515,-5,-0.243771,0.149057,0.00726318,0.285823,0.56084,-0.734075,-0.00789214,0.494004,-0.859537,0
1781247106248717,62.8088,4.35819,1.95249,-4.99289,4.60279,1.79788,-5,-0.244599,0.154606,0.0071106,0.289452,0.558092,-0.740272,-0.00762701,0.488259,-0.868565,0
1781247106272717,62.8328,4.37159,1.93467,-4.9931,4.61252,1.78038,-5,-0.240933,0.154296,0.00689697,0.286188,0.554285,-0.750476,-0.0100599,0.482485,-0.877533,0
1781247106288717,62.8488,4.38044,1.92264,-4.99326,4.6221,1.76275,-5,-0.241664,0.159885,0.00674438,0.289845,0.54999,-0.75719,-0.00986839,0.476718,-0.886383,0
1781247106312717,62.8728,4.39358,1.90437,-4.99347,4.63157,1.74496,-5,-0.237994,0.159411,0.00653076,0.286524,0.543116,-0.767077,-0.00901036,0.470941,-0.895144,0
1781247106328717,62.8888,4.40228,1.89262,-4.99323,4.64092,1.72699,-5,-0.238638,0.165629,0.0067749,0.290564,0.538646,-0.774622,-0.00845232,0.465152,-0.903813,0
1781247106352717,62.9128,4.41519,1.87471,-4.99289,4.65017,1.70882,-5,-0.234975,0.165886,0.0071106,0.287719,0.532069,-0.784537,-0.00677132,0.459343,-0.912406,0
1781247106368717,62.9288,4.42368,1.86258,-4.99265,4.6593,1.69048,-5,-0.235617,0.1721,0.00735474,0.29187,0.526452,-0.789915,-0.00577082,0.453524,-0.920906,0
1781247106392717,62.9528,4.43623,1.84416,-4.99231,4.66831,1.67198,-5,-0.232076,0.17218,0.00769043,0.289075,0.519077,-0.799136,-0.00456144,0.447694,-0.929312,0
1781247106408717,62.9688,4.4445,1.83172,-4.9921,4.6772,1.65333,-5,-0.232694,0.178388,0.00790405,0.293311,0.515239,-0.804339,-0.00445995,0.441859,-0.937617,0
1781247106432717,62.9928,4.45676,1.81282,-4.99185,4.68597,1.6345,-5,-0.229212,0.178321,0.00814819,0.290522,0.508525,-0.812836,-0.00595311,0.436009,-0.945833,0
1781247106448717,63.0088,4.46483,1.80008,-4.9917,4.69459,1.61559,-5,-0.229758,0.18449,0.00830078,0.294778,0.504693,-0.817788,-0.00621262,0.430174,-0.95392,0
1781247106472717,63.0328,4.47681,1.78076,-4.99152,4.70315,1.59642,-5,-0.226335,0.184342,0.00848389,0.29203,0.498831,-0.826969,-0.00670133,0.424295,-0.961958,0
1781247106488717,63.0488,4.48471,1.76771,-4.99139,4.71156,1.57713,-5,-0.226851,0.190576,0.00860596,0.296403,0.494479,-0.833861,-0.00643214,0.418421,-0.969878,0
1781247106512717,63.0728,4.49641,1.74789,-4.99124,4.71987,1.55765,-5,-0.223462,0.190241,0.00875854,0.293604,0.487456,-0.842817,-0.00595775,0.412526,-0.977716,0
1781247106528717,63.0888,4.50409,1.73453,-4.99115,4.72806,1.53802,-5,-0.223965,0.196511,0.0088501,0.298086,0.481852,-0.848882,-0.00532805,0.406621,-0.985455,0
1781247106552717,63.1128,4.51548,1.7143,-4.99103,4.7362,1.51807,-5,-0.220716,0.196225,0.00897217,0.295467,0.475659,-0.856721,-0.0067197,0.400657,-0.993159,0
1781247106568717,63.1288,4.52299,1.70066,-4.991,4.74409,1.4983,-5,-0.221096,0.202359,0.00900269,0.299856,0.471479,-0.862896,-0.00660095,0.394782,-1.00064,0
1781247106592717,63.1528,4.53408,1.68,-4.99097,4.75194,1.47816,-5,-0.21786,0.201842,0.0090332,0.297128,0.464397,-0.871092,-0.00611328,0.388831,-1.0081,0
1781247106608717,63.1688,4.54139,1.6661,-4.99094,4.75969,1.45786,-5,-0.218292,0.208236,0.00906372,0.301821,0.460608,-0.876853,-0.00567549,0.382867,-1.01546,0
1781247106632717,63.1928,4.55223,1.64505,-4.99091,4.76726,1.43754,-5,-0.215032,0.207509,0.00909424,0.298967,0.45411,-0.883854,-0.00472015,0.376931,-1.02268,0
1781247106648717,63.2088,4.55937,1.63091,-4.99091,4.77474,1.41702,-5,-0.215371,0.213891,0.00909424,0.303672,0.450893,-0.888541,-0.00470856,0.370967,-1.02981,0
1781247106672717,63.2328,4.56996,1.60952,-4.99094,4.78213,1.39627,-5,-0.212166,0.213245,0.00906372,0.300948,0.444823,-0.896849,-0.00460943,0.364971,-1.03687,0
1781247106688717,63.2488,4.57694,1.59511,-4.99094,4.78936,1.37548,-5,-0.212423,0.219638,0.00906372,0.305691,0.440542,-0.903388,-0.00503807,0.358992,-1.0438,0
1781247106712717,63.2728,4.58725,1.5733,-4.991,4.79644,1.35467,-5,-0.20919,0.218633,0.00900269,0.302724,0.432917,-0.913285,-0.00524818,0.35304,-1.05058,0
1781247106728717,63.2888,4.59419,1.55921,-4.99097,4.80345,1.33354,-5,-0.209259,0.225669,0.0090332,0.307891,0.429143,-0.918826,-0.0049587,0.347026,-1.05732,0
1781247106752931,63.313,4.60446,1.53785,-4.99088,4.81041,1.31208,-5,-0.20595,0.225773,0.00912476,0.305732,0.42224,-0.926588,-0.00432036,0.340947,-1.06401,0
1781247106768931,63.329,4.61122,1.52345,-4.99084,4.8171,1.29097,-5,-0.20588,0.23248,0.00915527,0.310672,0.418847,-0.931518,-0.00552304,0.334997,-1.07044,0
1781247106792931,63.353,4.62121,1.50165,-4.99081,4.82373,1.26951,-5,-0.202521,0.232142,0.00918579,0.308203,0.411403,-0.93887,-0.00531637,0.328975,-1.07684,0
1781247106808931,63.369,4.62778,1.48698,-4.99078,4.83025,1.24792,-5,-0.202471,0.239057,0.00921631,0.313413,0.408132,-0.944689,-0.00464479,0.322944,-1.08313,0
1781247106832931,63.393,4.63752,1.46474,-4.99075,4.83667,1.22612,-5,-0.19915,0.238621,0.00924683,0.310944,0.402702,-0.951904,-0.00619486,0.316881,-1.08934,0
1781247106848931,63.409,4.64392,1.4498,-4.99075,4.84296,1.20423,-5,-0.199039,0.245567,0.00924683,0.316236,0.398356,-0.95563,-0.00789393,0.31082,-1.09543,0
1781247106864931,63.425,4.65025,1.43477,-4.99075,4.84906,1.18247,-5,-0.198812,0.252304,0.00924683,0.321355,0.394185,-0.959707,-0.00814689,0.304819,-1.10134,0
1781247106888931,63.449,4.65962,1.41203,-4.99078,4.85511,1.16031,-5,-0.195493,0.251719,0.00921631,0.31885,0.38855,-0.967192,-0.00816294,0.298734,-1.10721,0
1781247106912931,63.473,4.66882,1.38907,-4.99078,4.86101,1.13818,-5,-0.192189,0.250887,0.00921631,0.316174,0.381237,-0.975125,-0.00853583,0.292681,-1.11294,0
1781247106928931,63.489,4.67485,1.37362,-4.99081,4.86681,1.11581,-5,-0.191962,0.257807,0.00918579,0.321556,0.37654,-0.98028,-0.00789934,0.286587,-1.11859,0
1781247106952931,63.513,4.68377,1.35026,-4.99084,4.87247,1.09343,-5,-0.188707,0.256825,0.00915527,0.318832,0.370561,-0.988287,-0.00899977,0.280513,-1.1241,0
1781247106968931,63.529,4.68962,1.33457,-4.99088,4.87801,1.07094,-5,-0.188396,0.263631,0.00912476,0.324157,0.365798,-0.992049,-0.00944754,0.274429,-1.1295,0
1781247106992931,63.553,4.69825,1.31086,-4.99097,4.88346,1.04821,-5,-0.185211,0.262645,0.0090332,0.321507,0.358973,-0.999428,-0.0111182,0.268307,-1.13482,0
1781247107008931,63.569,4.70391,1.29494,-4.99106,4.88879,1.02535,-5,-0.184881,0.269595,0.00894165,0.32702,0.355579,-1.00349,-0.0115033,0.262167,-1.14003,0
1781247107032931,63.593,4.71229,1.27091,-4.99124,4.89392,1.00274,-5,-0.181626,0.268169,0.00875854,0.324005,0.350199,-1.01007,-0.0110121,0.256118,-1.14505,0
1781247107048931,63.609,4.7178,1.25478,-4.99136,4.89898,0.979801,-5,-0.181177,0.274975,0.00863647,0.32941,0.345753,-1.01451,-0.011318,0.250001,-1.15,0
1781247107072931,63.633,4.72591,1.23043,-4.99155,4.90392,0.956756,-5,-0.178007,0.273675,0.00845337,0.326582,0.337335,-1.02017,-0.0107832,0.243876,-1.15484,0
1781247107088931,63.649,4.7312,1.2141,-4.99167,4.90873,0.933619,-5,-0.177527,0.280481,0.0083313,0.332047,0.332452,-1.02414,-0.0114841,0.237745,-1.15956,0
1781247107112931,63.673,4.73901,1.18949,-4.99191,4.91343,0.910351,-5,-0.174424,0.279137,0.00808716,0.329251,0.32646,-1.02904,-0.0121048,0.231598,-1.16418,0
1781247107128931,63.689,4.74418,1.17311,-4.99182,4.91803,0.8869,-5,-0.173846,0.286211,0.00817871,0.334972,0.3223,-1.0332,-0.0111531,0.225421,-1.1687,0
1781247107152931,63.713,4.7518,1.14838,-4.99167,4.92247,0.863473,-5,-0.170678,0.284907,0.0083313,0.332223,0.314667,-1.03967,-0.0091867,0.219268,-1.17307,0
1781247107168931,63.729,4.75676,1.13179,-4.99155,4.9268,0.839971,-5,-0.170041,0.291817,0.00845337,0.33785,0.309899,-1.04381,-0.00881899,0.213113,-1.17733,0
1781247107192931,63.753,4.76405,1.10675,-4.99142,4.931,0.81636,-5,-0.166951,0.290391,0.00857544,0.335072,0.302683,-1.04962,-0.00909558,0.206946,-1.18148,0
1781247107208931,63.769,4.76882,1.08996,-4.99136,4.93507,0.792712,-5,-0.166258,0.29725,0.00863647,0.340696,0.298792,-1.05389,-0.00874562,0.200785,-1.1855,0
1781247107232931,63.793,4.77584,1.06465,-4.99127,4.93901,0.769081,-5,-0.16317,0.295566,0.00872803,0.337728,0.292797,-1.05778,-0.009481,0.194645,-1.18938,0
1781247107248931,63.809,4.78042,1.0477,-4.99124,4.94284,0.745237,-5,-0.162426,0.302464,0.00875854,0.343429,0.28712,-1.06203,-0.00972173,0.188464,-1.19317,0
1781247107272931,63.833,4.78712,1.02214,-4.99118,4.94656,0.721265,-5,-0.159439,0.300874,0.00881958,0.340623,0.279736,-1.06712,-0.00755725,0.182264,-1.19685,0
1781247107288931,63.849,4.7915,1.00503,-4.99115,4.95014,0.69736,-5,-0.158636,0.307668,0.0088501,0.34627,0.276167,-1.06971,-0.00812502,0.176096,-1.20038,0
1781247107312931,63.873,4.79793,0.979267,-4.99112,4.9536,0.673303,-5,-0.155663,0.305964,0.00888062,0.343401,0.269202,-1.07472,-0.00804577,0.169902,-1.20381,0
1781247107328931,63.889,4.80213,0.962015,-4.99109,4.95693,0.649222,-5,-0.154802,0.312794,0.00891113,0.349117,0.264472,-1.07746,-0.0063146,0.163716,-1.20712,0
1781247107352931,63.913,4.80829,0.936023,-4.99106,4.96013,0.62511,-5,-0.151847,0.310913,0.00894165,0.346128,0.258066,-1.08278,-0.00567301,0.157534,-1.21029,0
1781247107368931,63.929,4.8123,0.918608,-4.99103,4.96324,0.600757,-5,-0.150942,0.317852,0.00897217,0.351985,0.252696,-1.08584,-0.00586304,0.151302,-1.21337,0
1781247107392931,63.953,4.81816,0.892386,-4.99106,4.9662,0.576455,-5,-0.148043,0.315931,0.00894165,0.349012,0.246538,-1.09074,-0.00780695,0.145094,-1.21632,0
1781247107408931,63.969,4.82198,0.874832,-4.99109,4.96904,0.552101,-5,-0.147058,0.32273,0.00891113,0.354768,0.241655,-1.09404,-0.00846034,0.138885,-1.21914,0
1781247107432931,63.993,4.82758,0.84842,-4.99115,4.97174,0.527834,-5,-0.144162,0.320586,0.0088501,0.35162,0.234334,-1.09767,-0.00809037,0.132709,-1.22182,0
1781247107448931,64.009,4.83122,0.830748,-4.99118,4.97433,0.503433,-5,-0.143107,0.327315,0.00881958,0.357341,0.22952,-1.10024,-0.00764055,0.126508,-1.22439,0
1781247107472931,64.033,4.83651,0.80415,-4.99127,4.97681,0.478754,-5,-0.140302,0.325396,0.00872803,0.354462,0.22166,-1.10515,-0.00839612,0.120246,-1.22687,0
1781247107488931,64.049,4.83994,0.786347,-4.99133,4.97915,0.45419,-5,-0.139216,0.332157,0.00866699,0.360257,0.216803,-1.10755,-0.0080087,0.114023,-1.2292,0
1781247107512931,64.073,4.84496,0.759556,-4.99136,4.98137,0.429598,-5,-0.136416,0.329958,0.00863647,0.35715,0.210362,-1.11375,-0.00944569,0.107801,-1.23141,0
1781247107528931,64.089,4.84778,0.7415,-4.99115,4.98346,0.405058,-5,-0.13568,0.336442,0.0088501,0.362878,0.205584,-1.11754,-0.00885996,0.101601,-1.23348,0
1781247107552931,64.113,4.85191,0.714323,-4.99088,4.98543,0.380286,-5,-0.133527,0.334038,0.00912476,0.359852,0.19808,-1.12056,-0.0093409,0.0953492,-1.23545,0
1781247107568931,64.129,4.85457,0.696169,-4.99072,4.98727,0.355643,-5,-0.132702,0.340525,0.00927734,0.365586,0.192643,-1.12334,-0.00917548,0.0891378,-1.23729,0
1781247107592931,64.153,4.85844,0.668853,-4.99057,4.989,0.330775,-5,-0.130556,0.338078,0.00942993,0.362534,0.184997,-1.12784,-0.0100753,0.082876,-1.23901,0
1781247107608931,64.169,4.86094,0.650582,-4.99051,4.99059,0.305976,-5,-0.129653,0.344606,0.00949097,0.368312,0.1802,-1.13082,-0.00975701,0.0766381,-1.2406,0
1781247107624931,64.185,4.86338,0.632268,-4.99042,4.99205,0.281317,-5,-0.128676,0.350952,0.00958252,0.373921,0.175445,-1.13392,-0.00867337,0.0704411,-1.24206,0
1781247107648931,64.209,4.86691,0.604696,-4.99033,4.99341,0.256302,-5,-0.1265,0.348393,0.00967407,0.370775,0.167317,-1.13861,-0.00867278,0.0641602,-1.24341,0
1781247107672931,64.233,4.87028,0.577034,-4.99026,4.99463,0.231441,-5,-0.124351,0.345594,0.00973511,0.367414,0.160769,-1.14139,-0.00880701,0.0579223,-1.24463,0
1781247107688931,64.249,4.87246,0.558575,-4.99023,4.99573,0.206525,-5,-0.12327,0.35205,0.00976562,0.373135,0.156485,-1.14201,-0.00888407,0.0516754,-1.24573,0
1781247107704931,64.265,4.87457,0.540077,-4.9902,4.9967,0.181567,-5,-0.122128,0.35851,0.00979614,0.378868,0.152147,-1.14576,-0.00880721,0.0454218,-1.2467,0
1781247107728931,64.289,4.87764,0.512255,-4.9902,4.99754,0.156813,-5,-0.119903,0.355442,0.00979614,0.375249,0.144321,-1.14865,-0.00931199,0.0392224,-1.24754,0
1781247107752931,64.313,4.88055,0.484391,-4.99023,4.99826,0.131714,-5,-0.117714,0.352677,0.00976562,0.371931,0.137286,-1.15051,-0.00940883,0.03294,-1.24826,0
1781247107769151,64.3293,4.88241,0.465773,-4.99026,4.99886,0.106748,-5,-0.11645,0.359025,0.00973511,0.377564,0.132218,-1.15326,-0.0092981,0.0266931,-1.24886,0
1781247107793151,64.3533,4.88506,0.437824,-4.9903,4.99933,0.0818923,-5,-0.114269,0.355932,0.00970459,0.373951,0.124166,-1.15316,-0.00749484,0.0204758,-1.24933,0
1781247107809151,64.3693,4.88673,0.419195,-4.9903,4.99968,0.0568157,-5,-0.112952,0.36238,0.00970459,0.379699,0.118569,-1.15345,-0.007422,0.0142049,-1.24968,0
1781247107833151,64.3933,4.88909,0.391238,-4.9903,4.9999,0.0319773,-5,-0.110806,0.359261,0.00970459,0.376085,0.112179,-1.1555,-0.00670448,0.00799448,-1.2499,0
1781247107849151,64.4093,4.89059,0.372568,-4.9903,5,0.00696199,-5,-0.109408,0.365606,0.00970459,0.381749,0.106943,-1.15734,-0.00493101,0.0017405,-1.25,0
1781247107873151,64.4333,4.89271,0.344531,-4.99026,4.99997,-0.0180219,-5,-0.107259,0.362553,0.00973511,0.378212,0.100624,-1.15901,-0.00278204,-0.0045055,-1.24997,0
1781247107889151,64.4493,4.89405,0.325818,-4.99023,4.99981,-0.0430416,-5,-0.105769,0.36886,0.00976562,0.383849,0.0959446,-1.16025,-0.00235145,-0.0107608,-1.24981,0
1781247107913151,64.4733,4.89592,0.297728,-4.9902,4.99954,-0.0680045,-5,-0.103615,0.365733,0.00979614,0.380253,0.0889278,-1.16083,-0.00277878,-0.0170027,-1.24954,0
1781247107929151,64.4893,4.89721,0.278552,-4.9899,4.99914,-0.0929651,-5,-0.101925,0.371517,0.0101013,0.385377,0.0839941,-1.16151,-0.00312318,-0.0232453,-1.24914,0
1781247107953151,64.5133,4.89899,0.249786,-4.98944,4.99861,-0.117928,-5,-0.0996208,0.367714,0.0105591,0.381116,0.0746455,-1.16381,-0.00259067,-0.0294902,-1.24861,0
1781247107969151,64.5293,4.90005,0.230611,-4.98917,4.99796,-0.142902,-5,-0.0979042,0.373514,0.0108337,0.386284,0.0697793,-1.16453,-0.00322849,-0.0357402,-1.24796,0
1781247107993151,64.5533,4.90153,0.201872,-4.9888,4.99718,-0.16784,-5,-0.0956488,0.369712,0.0112,0.382049,0.0635114,-1.1653,-0.00597241,-0.0419838,-1.24718,0
1781247108009151,64.5693,4.90243,0.182722,-4.98862,4.99628,-0.192755,-5,-0.0938506,0.375477,0.0113831,0.387196,0.0595127,-1.16649,-0.00630498,-0.0482246,-1.24628,0
1781247108033151,64.5933,4.90363,0.153976,-4.98837,4.99525,-0.217688,-5,-0.0916162,0.371664,0.0116272,0.382966,0.0527353,-1.17032,-0.00649551,-0.0544738,-1.24525,0
1781247108049151,64.6093,4.90435,0.134799,-4.98822,4.9941,-0.242588,-5,-0.089745,0.377387,0.0117798,0.38809,0.0487173,-1.17063,-0.00613525,-0.0607186,-1.2441,0
1781247108073151,64.6333,4.90531,0.106055,-4.98804,4.99282,-0.267441,-5,-0.0875149,0.373496,0.0119629,0.383798,0.0424596,-1.17056,-0.00667057,-0.0669563,-1.24283,0
1781247108089151,64.6493,4.90585,0.0869141,-4.98792,4.99142,-0.292286,-5,-0.085566,0.3792,0.012085,0.388922,0.0370199,-1.16981,-0.00605398,-0.073197,-1.24143,0
1781247108113151,64.6733,4.90652,0.0582504,-4.98779,4.98989,-0.317089,-5,-0.0833778,0.37534,0.012207,0.384683,0.0295213,-1.16931,-0.00598069,-0.0794329,-1.2399,0
1781247108129151,64.6893,4.90687,0.0391589,-4.9877,4.98825,-0.341845,-5,-0.0813766,0.381004,0.0122986,0.389791,0.0254462,-1.1693,-0.00508346,-0.0856626,-1.23826,0
1781247108153151,64.7133,4.90728,0.0105587,-4.98758,4.98647,-0.366593,-5,-0.0791898,0.377151,0.0124207,0.385575,0.019157,-1.16829,-0.00580745,-0.0918968,-1.23649,0
1781247108169151,64.7293,4.90745,-0.00847546,-4.98752,4.98457,-0.391315,-5,-0.0771146,0.382839,0.0124817,0.390728,0.013868,-1.16719,-0.00590649,-0.0981315,-1.23459,0
1781247108193151,64.7533,4.90754,-0.0369964,-4.98749,4.98254,-0.415981,-5,-0.0750046,0.378984,0.0125122,0.386538,0.00466792,-1.16762,-0.00555118,-0.104359,-1.23257,0
1781247108209151,64.7693,4.90749,-0.0559962,-4.98746,4.98039,-0.440608,-5,-0.0729003,0.384612,0.0125427,0.391661,0.000628471,-1.16702,-0.0063505,-0.110586,-1.23043,0
1781247108233151,64.7933,4.90731,-0.0844788,-4.98746,4.97812,-0.465162,-5,-0.0708175,0.380684,0.0125427,0.387418,-0.00599697,-1.16638,-0.00733765,-0.116802,-1.22817,0
1781247108249151,64.8093,4.9071,-0.103447,-4.98746,4.97573,-0.489665,-5,-0.0686312,0.386219,0.0125427,0.39247,-0.0102396,-1.16649,-0.00802082,-0.123013,-1.22579,0
1781247108273151,64.8333,4.90665,-0.131879,-4.98749,4.9732,-0.514203,-5,-0.0665517,0.382324,0.0125122,0.388275,-0.0175396,-1.16605,-0.0089466,-0.129243,-1.22327,0
1781247108289151,64.8493,4.90626,-0.150807,-4.98752,4.97055,-0.538652,-5,-0.0642924,0.387845,0.0124817,0.393336,-0.0215945,-1.1649,-0.00811378,-0.135461,-1.22064,0
1781247108313151,64.8733,4.90553,-0.17915,-4.98755,4.96778,-0.563027,-5,-0.062253,0.383877,0.0124512,0.389091,-0.0298198,-1.16215,-0.00893414,-0.141669,-1.21789,0
1781247108329151,64.8893,4.90497,-0.198818,-4.98752,4.96489,-0.587323,-5,-0.059926,0.388505,0.0124817,0.393297,-0.0333499,-1.16201,-0.00794495,-0.147869,-1.21502,0
1781247108353151,64.9133,4.90402,-0.228195,-4.98749,4.96187,-0.611609,-5,-0.0578527,0.383414,0.0125122,0.387956,-0.0386231,-1.15987,-0.00750612,-0.154077,-1.21202,0
1781247108369151,64.9293,4.90331,-0.247708,-4.98746,4.95873,-0.635802,-5,-0.0554214,0.388093,0.0125427,0.392231,-0.0432782,-1.15876,-0.00703616,-0.160273,-1.2089,0
1781247108393151,64.9533,4.90211,-0.27688,-4.9874,4.95546,-0.659949,-5,-0.0533524,0.383069,0.0126038,0.386972,-0.0495621,-1.15853,-0.00720941,-0.16647,-1.20566,0
1781247108409151,64.9693,4.90124,-0.29627,-4.9874,4.95207,-0.684008,-5,-0.0508385,0.387738,0.0126038,0.39126,-0.0530043,-1.15772,-0.00722388,-0.172657,-1.2023,0
1781247108433151,64.9933,4.89979,-0.325268,-4.9874,4.94857,-0.707973,-5,-0.0487771,0.382704,0.0126038,0.386006,-0.0608173,-1.15655,-0.00818358,-0.178833,-1.19883,0
1781247108449151,65.0093,4.89871,-0.344548,-4.98743,4.94493,-0.731926,-5,-0.0462155,0.387378,0.0125732,0.390328,-0.0660478,-1.15582,-0.00940902,-0.185019,-1.19523,0
1781247108473151,65.0333,4.89694,-0.373366,-4.98749,4.94116,-0.755808,-5,-0.0442171,0.382442,0.0125122,0.385193,-0.0732183,-1.15306,-0.00915229,-0.191202,-1.19151,0
1781247108489151,65.0493,4.89568,-0.392495,-4.98755,4.93727,-0.779612,-5,-0.0415902,0.387117,0.0124512,0.389543,-0.0770119,-1.15113,-0.00889021,-0.197379,-1.18767,0
1781247108513151,65.0733,4.89366,-0.42109,-4.98761,4.93326,-0.803318,-5,-0.0396085,0.382228,0.0123901,0.384474,-0.084606,-1.14849,-0.00826284,-0.203546,-1.18371,0
1781247108529151,65.0893,4.8922,-0.440092,-4.98764,4.92914,-0.826923,-5,-0.0369349,0.386831,0.0123596,0.388787,-0.0897418,-1.14665,-0.00774559,-0.209703,-1.17964,0
1781247108553151,65.1133,4.88986,-0.468487,-4.9877,4.92489,-0.850442,-5,-0.0350251,0.381955,0.0122986,0.383755,-0.0973211,-1.14391,-0.00811247,-0.215853,-1.17545,0
1781247108569151,65.1293,4.88822,-0.487346,-4.98776,4.9205,-0.873947,-5,-0.0322833,0.386601,0.0122375,0.38814,-0.10065,-1.14118,-0.00875119,-0.222017,-1.17113,0
1781247108593151,65.1533,4.88564,-0.515523,-4.98788,4.916,-0.897322,-5,-0.0303583,0.381798,0.0121155,0.383195,-0.106682,-1.13874,-0.00879412,-0.228163,-1.16671,0
1781247108609151,65.1693,4.88384,-0.534239,-4.98798,4.91138,-0.920605,-5,-0.0275402,0.386366,0.0120239,0.387533,-0.111588,-1.13608,-0.0096105,-0.234304,-1.16216,0
1781247108633151,65.1933,4.88098,-0.562178,-4.98813,4.90663,-0.943781,-5,-0.0256548,0.381602,0.0118713,0.382648,-0.11848,-1.13145,-0.00979401,-0.240435,-1.15751,0
1781247108649151,65.2093,4.87899,-0.580732,-4.98822,4.90176,-0.966894,-5,-0.0227695,0.386162,0.0117798,0.387012,-0.122405,-1.12948,-0.00901346,-0.246568,-1.15273,0
1781247108673151,65.2333,4.87588,-0.608459,-4.98837,4.89677,-0.989892,-5,-0.0208883,0.381434,0.0116272,0.382182,-0.128674,-1.12613,-0.00790738,-0.25269,-1.14784,0
1781247108689151,65.2493,4.87371,-0.626882,-4.98846,4.89166,-1.01279,-5,-0.0179467,0.385911,0.0115356,0.3865,-0.134304,-1.12478,-0.00730029,-0.258806,-1.14283,0
1781247108713151,65.2733,4.87029,-0.654419,-4.98862,4.88642,-1.03559,-5,-0.0161285,0.381168,0.0113831,0.381678,-0.142962,-1.12082,-0.00765816,-0.264914,-1.13771,0
1781247108729151,65.2893,4.8678,-0.67397,-4.98871,4.88107,-1.05827,-5,-0.0132709,0.384301,0.0112915,0.384696,-0.148441,-1.11899,-0.00723355,-0.271014,-1.13248,0
1781247108753151,65.3133,4.8639,-0.703093,-4.98886,4.87559,-1.08085,-5,-0.0116925,0.377761,0.0111389,0.378106,-0.156379,-1.11507,-0.00799326,-0.277109,-1.12714,0
1781247108769371,65.3295,4.86119,-0.722369,-4.98898,4.86998,-1.10336,-5,-0.00878716,0.380992,0.0110168,0.381252,-0.161995,-1.1135,-0.00831531,-0.283205,-1.12167,0
1781247108793371,65.3535,4.85699,-0.751095,-4.9892,4.86426,-1.12573,-5,-0.00726891,0.374633,0.0108032,0.374859,-0.169917,-1.11013,-0.00967641,-0.289286,-1.1161,0
1781247108809371,65.3695,4.85409,-0.770124,-4.98935,4.8584,-1.14803,-5,-0.00430727,0.377909,0.0106506,0.378084,-0.174688,-1.10712,-0.00988276,-0.295373,-1.11041,0
1781247108833371,65.3935,4.84959,-0.798449,-4.98959,4.85244,-1.17015,-5,-0.00285578,0.371702,0.0104065,0.371859,-0.183429,-1.10133,-0.010993,-0.301434,-1.10462,0
1781247108849371,65.4095,4.84648,-0.817187,-4.98978,4.84637,-1.19213,-5,0.000108719,0.374947,0.0102234,0.375086,-0.189233,-1.09753,-0.0113313,-0.307481,-1.09873,0
1781247108873371,65.4335,4.84166,-0.845096,-4.99008,4.84015,-1.21408,-5,0.00151348,0.368987,0.00991821,0.369123,-0.196326,-1.09326,-0.0122026,-0.313545,-1.0927,0
1781247108889371,65.4495,4.83838,-0.863591,-4.9903,4.83382,-1.23586,-5,0.00455475,0.372273,0.00970459,0.372427,-0.200698,-1.08927,-0.0114955,-0.319588,-1.08658,0
1781247108913371,65.4735,4.83331,-0.891117,-4.99063,4.82737,-1.25752,-5,0.00593758,0.366402,0.0093689,0.36657,-0.207493,-1.08397,-0.0111216,-0.325622,-1.08035,0
1781247108929371,65.4895,4.82984,-0.909345,-4.99081,4.82072,-1.27933,-5,0.00912762,0.369986,0.00918579,0.370212,-0.212923,-1.07984,-0.0101938,-0.331727,-1.07393,0
1781247108953371,65.5135,4.82449,-0.936505,-4.99109,4.81411,-1.30046,-5,0.0103774,0.363951,0.00891113,0.364208,-0.221631,-1.07546,-0.00994695,-0.337668,-1.06757,0
1781247108969371,65.5295,4.8208,-0.954506,-4.99124,4.8073,-1.32175,-5,0.013505,0.367244,0.00875854,0.367597,-0.227869,-1.07195,-0.00985983,-0.343683,-1.06101,0
1781247108993371,65.5535,4.8151,-0.981302,-4.99149,4.80036,-1.3429,-5,0.0147395,0.361598,0.0085144,0.361999,-0.236703,-1.06485,-0.00951315,-0.349687,-1.05435,0
1781247109009371,65.5695,4.8112,-0.999043,-4.99164,4.79331,-1.36392,-5,0.0178909,0.36488,0.00836182,0.365414,-0.240792,-1.06064,-0.00922817,-0.355684,-1.04758,0
1781247109033371,65.5935,4.80523,-1.02544,-4.99188,4.78614,-1.38481,-5,0.0190892,0.35937,0.00811768,0.359968,-0.248903,-1.05216,-0.00981453,-0.361672,-1.04071,0
1781247109049371,65.6095,4.80114,-1.04288,-4.99203,4.77885,-1.40553,-5,0.0222859,0.362648,0.00796509,0.363419,-0.253772,-1.04689,-0.0106435,-0.367643,-1.03374,0
1781247109073371,65.6335,4.79488,-1.06885,-4.99228,4.77143,-1.42616,-5,0.0234537,0.357318,0.00772095,0.35817,-0.259717,-1.04025,-0.0093707,-0.373621,-1.02665,0
1781247109089371,65.6495,4.79062,-1.08604,-4.9924,4.7639,-1.44661,-5,0.0267205,0.360575,0.00759888,0.361644,-0.264581,-1.0356,-0.0100663,-0.379577,-1.01947,0
1781247109113371,65.6735,4.7841,-1.11163,-4.99261,4.75626,-1.46691,-5,0.0278401,0.355277,0.00738525,0.356442,-0.271612,-1.02769,-0.00995422,-0.385521,-1.0122,0
1781247109129371,65.6895,4.77941,-1.12977,-4.99265,4.74848,-1.4871,-5,0.0309339,0.357328,0.00735474,0.358739,-0.277369,-1.02194,-0.0114187,-0.391468,-1.0048,0
1781247109153371,65.7135,4.77225,-1.15668,-4.99274,4.74061,-1.50708,-5,0.0316448,0.350397,0.00726318,0.351898,-0.284847,-1.0154,-0.0100462,-0.397385,-0.997336,0
1781247109169371,65.7295,4.76741,-1.17444,-4.9928,4.73258,-1.52699,-5,0.0348239,0.352553,0.00720215,0.354342,-0.289633,-1.01127,-0.0107947,-0.403318,-0.989735,0
1781247109193371,65.7535,4.76,-1.2008,-4.99292,4.72446,-1.54671,-5,0.0355453,0.345903,0.00708008,0.347796,-0.296626,-1.00514,-0.00961331,-0.409228,-0.982052,0
1781247109209371,65.7695,4.75501,-1.2182,-4.99301,4.7162,-1.56631,-5,0.0388074,0.348107,0.00698853,0.350333,-0.299897,-1.00033,-0.00927496,-0.415141,-0.974252,0
1781247109233371,65.7935,4.74742,-1.24408,-4.99313,4.70788,-1.58562,-5,0.0395408,0.341543,0.00686646,0.343893,-0.306253,-0.995115,-0.00924922,-0.421003,-0.96641,0
1781247109249371,65.8095,4.74228,-1.26118,-4.99323,4.69938,-1.60491,-5,0.0429001,0.343729,0.0067749,0.346462,-0.311207,-0.989941,-0.00929123,-0.426893,-0.95842,0
1781247109273371,65.8335,4.73446,-1.28656,-4.99341,4.69081,-1.62394,-5,0.0436492,0.337383,0.0065918,0.340259,-0.317811,-0.982253,-0.00874722,-0.432744,-0.950372,0
1781247109289371,65.8495,4.72917,-1.30331,-4.9935,4.6821,-1.64285,-5,0.0470695,0.339544,0.00650024,0.342853,-0.321735,-0.977328,-0.00884814,-0.438599,-0.942209,0
1781247109313371,65.8735,4.72114,-1.3282,-4.99365,4.67327,-1.66161,-5,0.0478692,0.333411,0.00634766,0.33689,-0.327431,-0.970025,-0.00897421,-0.444446,-0.933949,0
1781247109329371,65.8895,4.71572,-1.34463,-4.99374,4.6643,-1.68025,-5,0.0514107,0.335626,0.0062561,0.339598,-0.332264,-0.963819,-0.00828753,-0.450296,-0.925574,0
1781247109353371,65.9135,4.70743,-1.36901,-4.9939,4.65526,-1.69863,-5,0.0521688,0.32962,0.00610352,0.333778,-0.339816,-0.955343,-0.00836377,-0.456105,-0.917149,0
1781247109369371,65.9295,4.70182,-1.3851,-4.99399,4.64607,-1.71692,-5,0.0557518,0.331821,0.00601196,0.336526,-0.344692,-0.949253,-0.00855821,-0.461928,-0.908596,0
1781247109393371,65.9535,4.69328,-1.40898,-4.99411,4.63678,-1.735,-5,0.0565014,0.326011,0.00588989,0.330924,-0.351362,-0.940285,-0.00943045,-0.467727,-0.899971,0
1781247109409371,65.9695,4.6875,-1.42474,-4.9942,4.62737,-1.75291,-5,0.0601368,0.328161,0.00579834,0.333676,-0.355659,-0.934812,-0.00993154,-0.473516,-0.891252,0
1781247109433371,65.9935,4.67872,-1.44812,-4.99438,4.61785,-1.77063,-5,0.0608764,0.32251,0.00561523,0.328253,-0.36239,-0.924778,-0.0107436,-0.47929,-0.88245,0
1781247109449371,66.0095,4.67279,-1.46354,-4.99445,4.6082,-1.78819,-5,0.0645857,0.324646,0.0055542,0.331055,-0.367206,-0.919239,-0.0094595,-0.485056,-0.873553,0
1781247109473371,66.0335,4.66376,-1.48643,-4.99454,4.59846,-1.80555,-5,0.0652986,0.319113,0.00546265,0.325771,-0.374315,-0.909459,-0.00917333,-0.490803,-0.864581,0
1781247109489371,66.0495,4.65764,-1.50152,-4.9946,4.58855,-1.82281,-5,0.0690966,0.32129,0.00540161,0.328681,-0.379119,-0.901983,-0.00982339,-0.496566,-0.855476,0
1781247109513371,66.0735,4.64834,-1.52388,-4.99472,4.57859,-1.83977,-5,0.0697455,0.315894,0.00527954,0.323545,-0.385393,-0.891475,-0.00966645,-0.502275,-0.846352,0
1781247109529371,66.0895,4.64158,-1.53974,-4.99466,4.56849,-1.85661,-5,0.073092,0.316877,0.00534058,0.325241,-0.389521,-0.885333,-0.00951423,-0.507995,-0.837106,0
1781247109545371,66.1055,4.63477,-1.55542,-4.99457,4.55826,-1.87328,-5,0.0765133,0.317861,0.00543213,0.326985,-0.394576,-0.879907,-0.00879601,-0.513705,-0.827771,0
1781247109569371,66.1295,4.62446,-1.57863,-4.99445,4.54793,-1.88973,-5,0.0765209,0.311095,0.0055542,0.320416,-0.401433,-0.871409,-0.0083735,-0.519392,-0.818371,0
1781247109593371,66.1535,4.61402,-1.60148,-4.99432,4.53745,-1.90606,-5,0.0765743,0.304579,0.00567627,0.314109,-0.408857,-0.862243,-0.00829767,-0.525092,-0.808845,0
1781247109609371,66.1695,4.607,-1.61651,-4.99423,4.52689,-1.92215,-5,0.0801105,0.305638,0.00576782,0.316015,-0.413863,-0.856678,-0.00794107,-0.530758,-0.799273,0
1781247109633371,66.1935,4.59638,-1.63876,-4.99414,4.51621,-1.93804,-5,0.0801644,0.299284,0.00585938,0.30989,-0.419586,-0.847087,-0.0083407,-0.536413,-0.789618,0
1781247109649371,66.2095,4.58923,-1.65338,-4.99408,4.50549,-1.95366,-5,0.0837421,0.300275,0.00592041,0.31179,-0.424875,-0.840046,-0.0087663,-0.542021,-0.779941,0
1781247109673371,66.2335,4.5784,-1.675,-4.99399,4.49452,-1.96925,-5,0.0838766,0.294245,0.00601196,0.306025,-0.431588,-0.830404,-0.00938947,-0.54768,-0.770074,0
1781247109689371,66.2495,4.57111,-1.68923,-4.99396,4.48352,-1.98455,-5,0.0875969,0.295317,0.00604248,0.308094,-0.43529,-0.824028,-0.00845808,-0.55329,-0.760192,0
1781247109713371,66.2735,4.56008,-1.71028,-4.9939,4.47234,-1.99972,-5,0.0877357,0.289443,0.00610352,0.30251,-0.442905,-0.81358,-0.00865606,-0.558913,-0.750186,0
1781247109729371,66.2895,4.55263,-1.72411,-4.99384,4.46119,-2.01452,-5,0.0914416,0.290408,0.00616455,0.304526,-0.448756,-0.804924,-0.00862465,-0.564457,-0.740221,0
1781247109753371,66.3135,4.54133,-1.74454,-4.99374,4.44984,-2.02923,-5,0.0914869,0.284685,0.0062561,0.29909,-0.456048,-0.794742,-0.00807573,-0.570028,-0.730109,0
1781247109769591,66.3297,4.53371,-1.75796,-4.99368,4.43843,-2.04367,-5,0.0952806,0.285711,0.00631714,0.301246,-0.460781,-0.785429,-0.00703614,-0.575561,-0.719968,0
1781247109793591,66.3537,4.52216,-1.77776,-4.99362,4.42687,-2.05796,-5,0.0952892,0.280197,0.00637817,0.296026,-0.468788,-0.773524,-0.00738598,-0.581098,-0.70972,0
1781247109809591,66.3697,4.51437,-1.79076,-4.99359,4.41515,-2.0721,-5,0.0992188,0.28134,0.00640869,0.298392,-0.473181,-0.766138,-0.00788582,-0.586643,-0.699359,0
1781247109833591,66.3937,4.50257,-1.80995,-4.99356,4.40337,-2.08597,-5,0.0991969,0.276027,0.00643921,0.293381,-0.481406,-0.753741,-0.0075544,-0.592152,-0.68897,0
1781247109849591,66.4097,4.4946,-1.82253,-4.99353,4.39148,-2.09965,-5,0.103124,0.277113,0.00646973,0.29575,-0.486903,-0.74489,-0.00657569,-0.597648,-0.678507,0
1781247109873591,66.4337,4.48251,-1.8411,-4.99347,4.37946,-2.11313,-5,0.103056,0.272029,0.00653076,0.290969,-0.493846,-0.732127,-0.00597528,-0.603136,-0.667963,0
1781247109889591,66.4497,4.47439,-1.85327,-4.99344,4.36734,-2.12638,-5,0.107054,0.273104,0.00656128,0.29341,-0.4958,-0.724059,-0.00670226,-0.608602,-0.657365,0
1781247109913591,66.4737,4.46215,-1.87124,-4.99341,4.35518,-2.13935,-5,0.106973,0.268112,0.0065918,0.28874,-0.501781,-0.711664,-0.0074377,-0.614025,-0.646757,0
1781247109929591,66.4897,4.45356,-1.88417,-4.99286,4.34284,-2.15218,-5,0.110713,0.268005,0.00714111,0.29006,-0.506736,-0.704069,-0.00701352,-0.619461,-0.636029,0
1781247109953591,66.5137,4.44055,-1.90317,-4.99213,4.33044,-2.16475,-5,0.11011,0.261579,0.00787354,0.283919,-0.514373,-0.690916,-0.00684936,-0.624863,-0.625274,0
1781247109969591,66.5297,4.43181,-1.91558,-4.9917,4.31785,-2.17719,-5,0.113965,0.261608,0.00830078,0.285475,-0.519017,-0.683751,-0.00712205,-0.630287,-0.614382,0
1781247109993591,66.5537,4.41861,-1.93383,-4.99106,4.3052,-2.18935,-5,0.113407,0.255517,0.00894165,0.279696,-0.526649,-0.671704,-0.00817389,-0.63567,-0.603478,0
1781247110009591,66.5697,4.40973,-1.94575,-4.99069,4.29244,-2.20131,-5,0.117292,0.255558,0.00930786,0.281343,-0.531967,-0.662782,-0.00793832,-0.641041,-0.592506,0
1781247110033591,66.5937,4.39632,-1.96329,-4.99017,4.27957,-2.21304,-5,0.116744,0.24975,0.00982666,0.275864,-0.537837,-0.653145,-0.00880541,-0.646396,-0.581476,0
1781247110049591,66.6097,4.38732,-1.97476,-4.98987,4.2666,-2.22455,-5,0.120721,0.249792,0.0101318,0.277619,-0.541971,-0.644286,-0.00845638,-0.651734,-0.570389,0
1781247110073591,66.6337,4.37374,-1.99159,-4.98947,4.25351,-2.23585,-5,0.120229,0.244259,0.0105286,0.272449,-0.547854,-0.631602,-0.00866037,-0.657061,-0.559233,0
1781247110089591,66.6497,4.36462,-2.00258,-4.98923,4.24032,-2.24692,-5,0.124308,0.244345,0.0107727,0.274359,-0.551314,-0.623035,-0.0100881,-0.662369,-0.548027,0
1781247110113591,66.6737,4.35085,-2.01871,-4.98892,4.22702,-2.25777,-5,0.123836,0.239057,0.0110779,0.269455,-0.558498,-0.60955,-0.0094358,-0.66766,-0.536769,0
1781247110129591,66.6897,4.34161,-2.02922,-4.98874,4.21361,-2.26839,-5,0.127991,0.239166,0.011261,0.271494,-0.56266,-0.600197,-0.00960268,-0.672934,-0.525455,0
1781247110153591,66.7137,4.32762,-2.04465,-4.98853,4.20014,-2.27875,-5,0.127481,0.234108,0.0114746,0.266814,-0.568728,-0.587274,-0.00901459,-0.678178,-0.51412,0
1781247110169591,66.7297,4.31825,-2.05471,-4.9884,4.18649,-2.28895,-5,0.131753,0.234237,0.0115967,0.268999,-0.573016,-0.578503,-0.0089299,-0.683433,-0.502671,0
1781247110193591,66.7537,4.30406,-2.06947,-4.98819,4.17277,-2.29889,-5,0.131286,0.229416,0.0118103,0.264589,-0.57963,-0.565114,-0.00855843,-0.688656,-0.491204,0
1781247110209591,66.7697,4.29454,-2.07909,-4.98807,4.15896,-2.30859,-5,0.135582,0.229499,0.0119324,0.266824,-0.583947,-0.556669,-0.00823589,-0.69386,-0.479692,0
1781247110233591,66.7937,4.28017,-2.09318,-4.98792,4.14504,-2.31806,-5,0.135139,0.224884,0.012085,0.262643,-0.590151,-0.541414,-0.00764154,-0.699048,-0.468132,0
1781247110249591,66.8097,4.27054,-2.10233,-4.98779,4.13101,-2.3273,-5,0.139526,0.224975,0.012207,0.26501,-0.592561,-0.531818,-0.00684976,-0.704218,-0.456524,0
1781247110273591,66.8337,4.25602,-2.11573,-4.98767,4.11687,-2.33632,-5,0.13915,0.220586,0.0123291,0.261099,-0.596943,-0.519559,-0.00639703,-0.709373,-0.444864,0
1781247110289591,66.8497,4.2463,-2.12447,-4.98758,4.10264,-2.34509,-5,0.143656,0.220623,0.0124207,0.263563,-0.599732,-0.510619,-0.00644656,-0.714508,-0.433166,0
1781247110313591,66.8737,4.23165,-2.13727,-4.98749,4.08822,-2.35368,-5,0.143425,0.216416,0.0125122,0.259929,-0.603994,-0.497982,-0.00556336,-0.719654,-0.421358,0
1781247110329591,66.8897,4.22145,-2.14616,-4.98734,4.07374,-2.36202,-5,0.147713,0.215856,0.0126648,0.261865,-0.607979,-0.488233,-0.0064789,-0.72477,-0.409534,0
1781247110353591,66.9137,4.20606,-2.15912,-4.98718,4.05923,-2.37007,-5,0.146834,0.210949,0.0128174,0.25734,-0.615331,-0.474538,-0.00660375,-0.72984,-0.397734,0
1781247110369591,66.9297,4.19575,-2.16752,-4.98709,4.04458,-2.37791,-5,0.151163,0.210388,0.0129089,0.259384,-0.618427,-0.466457,-0.00586324,-0.734904,-0.385865,0
1781247110393591,66.9537,4.18021,-2.17975,-4.98697,4.02983,-2.3855,-5,0.150375,0.20575,0.013031,0.255178,-0.624147,-0.451882,-0.00733221,-0.739951,-0.373957,0
1781247110409591,66.9697,4.1698,-2.18766,-4.98691,4.01509,-2.39281,-5,0.154708,0.205151,0.013092,0.25728,-0.629047,-0.443113,-0.00811915,-0.744944,-0.362093,0
1781247110433591,66.9937,4.1541,-2.19922,-4.98685,4.00015,-2.39993,-5,0.153944,0.200705,0.0131531,0.253287,-0.634667,-0.431429,-0.00856345,-0.749948,-0.350124,0
1781247110449591,67.0097,4.14357,-2.20671,-4.98682,3.98513,-2.4068,-5,0.158443,0.200091,0.0131836,0.255567,-0.638634,-0.421994,-0.00745678,-0.754932,-0.338125,0
1781247110473591,67.0337,4.1277,-2.21761,-4.98679,3.96989,-2.41348,-5,0.15781,0.195875,0.0132141,0.251884,-0.645381,-0.409364,-0.00895014,-0.759935,-0.325999,0
1781247110489591,67.0497,4.11703,-2.22467,-4.98682,3.95459,-2.4199,-5,0.162443,0.195235,0.0131836,0.254319,-0.650531,-0.40132,-0.00915921,-0.764903,-0.313878,0
1781247110513591,67.0737,4.10096,-2.23495,-4.98685,3.93924,-2.42606,-5,0.161727,0.191111,0.0131531,0.250703,-0.655245,-0.387312,-0.0100124,-0.769838,-0.301758,0
1781247110529591,67.0897,4.09019,-2.24158,-4.98688,3.92386,-2.43195,-5,0.166332,0.19037,0.0131226,0.253139,-0.659545,-0.378364,-0.0101731,-0.77473,-0.28967,0
1781247110553591,67.1137,4.07395,-2.2512,-4.987,3.90834,-2.43761,-5,0.165618,0.186413,0.0130005,0.249696,-0.666101,-0.364836,-0.0115265,-0.77962,-0.277509,0
1781247110569591,67.1297,4.06305,-2.25741,-4.98709,3.89266,-2.44305,-5,0.170382,0.18564,0.0129089,0.252308,-0.670055,-0.356019,-0.0115613,-0.784505,-0.265283,0
1781247110585591,67.1457,4.05209,-2.26345,-4.98721,3.87694,-2.44823,-5,0.175146,0.184777,0.0127869,0.254916,-0.674466,-0.347053,-0.0137616,-0.789356,-0.253067,0
1781247110609591,67.1697,4.03553,-2.2722,-4.98743,3.86112,-2.45316,-5,0.174411,0.180964,0.0125732,0.251645,-0.681303,-0.332616,-0.0143829,-0.794187,-0.240827,0
1781247110625591,67.1857,4.02443,-2.27781,-4.98758,3.84521,-2.45785,-5,0.179222,0.180043,0.0124207,0.254343,-0.68467,-0.32387,-0.0143361,-0.798999,-0.228562,0
1781247110649591,67.2097,4.00771,-2.28591,-4.98782,3.82918,-2.4623,-5,0.178533,0.17639,0.0121765,0.251268,-0.689384,-0.308519,-0.0159884,-0.803794,-0.216263,0
1781247110673591,67.2337,3.99087,-2.29359,-4.9881,3.81307,-2.4665,-5,0.177805,0.172908,0.0119019,0.248301,-0.696225,-0.293578,-0.0160113,-0.808568,-0.203948,0
1781247110689591,67.2497,3.97957,-2.2985,-4.98828,3.79678,-2.47047,-5,0.182785,0.171967,0.0117188,0.251237,-0.700898,-0.284811,-0.015499,-0.813344,-0.191554,0
1781247110713591,67.2737,3.96248,-2.30558,-4.98859,3.78046,-2.47418,-5,0.182017,0.1686,0.0114136,0.248367,-0.707637,-0.271421,-0.0158404,-0.81808,-0.179191,0
1781247110729591,67.2897,3.95032,-2.31126,-4.98868,3.76408,-2.47764,-5,0.186245,0.166378,0.011322,0.249994,-0.712623,-0.263163,-0.0162009,-0.82279,-0.166826,0
1781247110753591,67.3137,3.932,-2.31938,-4.9888,3.74764,-2.48083,-5,0.18436,0.161455,0.0112,0.24532,-0.719721,-0.250517,-0.0149929,-0.827465,-0.154482,0
1781247110769591,67.3297,3.91975,-2.32454,-4.98892,3.73098,-2.48381,-5,0.188768,0.159269,0.0110779,0.24723,-0.724157,-0.241647,-0.0155113,-0.832157,-0.142024,0
1781247110793814,67.3539,3.90131,-2.33187,-4.98914,3.71432,-2.48652,-5,0.186989,0.154648,0.0108643,0.242897,-0.729512,-0.226536,-0.0160655,-0.836802,-0.12962,0
1781247110809814,67.3699,3.88899,-2.33651,-4.98929,3.69756,-2.48899,-5,0.191433,0.152482,0.0107117,0.244974,-0.733047,-0.218025,-0.0155247,-0.84143,-0.117193,0
1781247110833814,67.3939,3.87046,-2.34309,-4.9895,3.68069,-2.49121,-5,0.189777,0.148121,0.010498,0.240967,-0.738729,-0.205002,-0.0146151,-0.846041,-0.104744,0
1781247110849814,67.4099,3.85806,-2.34723,-4.98965,3.66354,-2.4932,-5,0.194522,0.145964,0.0103455,0.243415,-0.74265,-0.195593,-0.012894,-0.850679,-0.0921537,0
1781247110873814,67.4339,3.83942,-2.35309,-4.98984,3.64667,-2.4949,-5,0.192751,0.141804,0.0101624,0.239509,-0.747418,-0.181852,-0.01265,-0.855199,-0.0798166,0
1781247110889814,67.4499,3.82694,-2.35676,-4.98993,3.62952,-2.49637,-5,0.197423,0.139608,0.0100708,0.242007,-0.751984,-0.173158,-0.0121959,-0.859745,-0.0673408,0
1781247110913814,67.4739,3.80814,-2.36192,-4.98999,3.61228,-2.49759,-5,0.195864,0.135674,0.0100098,0.238475,-0.758471,-0.159374,-0.0109156,-0.864272,-0.0548555,0
1781247110929814,67.4899,3.79558,-2.36513,-4.99002,3.59496,-2.49856,-5,0.200626,0.13343,0.00997925,0.241151,-0.762079,-0.150467,-0.00962492,-0.868774,-0.0423719,0
1781247110953814,67.5139,3.77666,-2.3696,-4.99005,3.57759,-2.49928,-5,0.199068,0.129684,0.00994873,0.237792,-0.76885,-0.136596,-0.00991914,-0.873243,-0.0299158,0
1781247110969814,67.5299,3.76398,-2.37235,-4.99011,3.56009,-2.49976,-5,0.203894,0.127409,0.0098877,0.240632,-0.772602,-0.126913,-0.00933864,-0.877702,-0.0174237,0
1781247110993814,67.5539,3.74488,-2.37614,-4.9902,3.54249,-2.49998,-5,0.202385,0.123837,0.00979614,0.237468,-0.778516,-0.113982,-0.00935325,-0.88214,-0.00492644,0
1781247111009814,67.5699,3.73208,-2.37846,-4.99026,3.52476,-2.49995,-5,0.207319,0.121495,0.00973511,0.240493,-0.783018,-0.105255,-0.00902511,-0.886568,0.00760349,0
1781247111033814,67.5939,3.7128,-2.38159,-4.99036,3.50698,-2.49968,-5,0.205819,0.118089,0.00964355,0.237485,-0.7892,-0.0902584,-0.0105097,-0.890964,0.020108,0
1781247111049814,67.6099,3.69989,-2.38344,-4.99045,3.48923,-2.49915,-5,0.210658,0.115709,0.009552,0.240534,-0.791738,-0.0807656,-0.0107537,-0.895309,0.0325259,0
1781247111073814,67.6339,3.68049,-2.3859,-4.9906,3.47124,-2.49838,-5,0.209247,0.112477,0.00939941,0.237747,-0.796463,-0.0667903,-0.01037,-0.89967,0.0450504,0
1781247111089814,67.6499,3.6675,-2.38731,-4.99072,3.4532,-2.49735,-5,0.214303,0.110037,0.00927734,0.241081,-0.798617,-0.0564638,-0.0116317,-0.903998,0.05754,0
1781247111113814,67.6739,3.648,-2.3891,-4.99091,3.43509,-2.49607,-5,0.212917,0.106979,0.00909424,0.238455,-0.802731,-0.0431989,-0.0109613,-0.908302,0.070019,0
1781247111129814,67.6899,3.635,-2.39106,-4.99081,3.41682,-2.49454,-5,0.218177,0.103482,0.00918579,0.241649,-0.806973,-0.0353221,-0.0106159,-0.912597,0.082532,0
1781247111153814,67.7139,3.61541,-2.39363,-4.99066,3.39809,-2.49272,-5,0.217315,0.099093,0.00933838,0.239024,-0.811818,-0.0225037,-0.0105516,-0.916958,0.0952979,0
1781247111169814,67.7299,3.6023,-2.39509,-4.9906,3.38015,-2.49075,-5,0.22215,0.0956578,0.00939941,0.242052,-0.814482,-0.013437,-0.0111437,-0.921092,0.107458,0
1781247111193814,67.7539,3.58254,-2.39687,-4.99051,3.36168,-2.48847,-5,0.220859,0.0916028,0.00949097,0.23929,-0.821632,0.00140744,-0.0108956,-0.925307,0.119908,0
1781247111209814,67.7699,3.56928,-2.3978,-4.99045,3.34312,-2.48595,-5,0.226164,0.0881417,0.009552,0.242921,-0.825523,0.00972823,-0.0104421,-0.929502,0.132358,0
1781247111233814,67.7939,3.54929,-2.39887,-4.99036,3.32453,-2.48318,-5,0.224761,0.0843122,0.00964355,0.240248,-0.829105,0.0210378,-0.010059,-0.933658,0.144748,0
1781247111249814,67.8099,3.53593,-2.39936,-4.99036,3.3053,-2.48008,-5,0.23063,0.0807135,0.00964355,0.244536,-0.832003,0.02986,-0.0108368,-0.937915,0.157496,0
1781247111273814,67.8339,3.51581,-2.39975,-4.99033,3.28695,-2.47688,-5,0.228853,0.0771353,0.00967407,0.241696,-0.837002,0.043098,-0.010109,-0.941937,0.169594,0
1781247111289814,67.8499,3.50235,-2.39978,-4.99033,3.26808,-2.47337,-5,0.234262,0.0735946,0.00967407,0.24574,-0.839034,0.0521008,-0.00990224,-0.946032,0.181963,0
1781247111313814,67.8739,3.48206,-2.39948,-4.99036,3.24914,-2.46961,-5,0.232922,0.0701256,0.00964355,0.24344,-0.846679,0.0650799,-0.010801,-0.950102,0.19431,0
1781247111329814,67.8899,3.46844,-2.39907,-4.99033,3.23012,-2.46561,-5,0.238326,0.0665362,0.00967407,0.247628,-0.850646,0.0729388,-0.00931439,-0.954147,0.206633,0
1781247111353814,67.9139,3.44791,-2.39811,-4.9903,3.21096,-2.46134,-5,0.236946,0.0632279,0.00970459,0.245429,-0.856088,0.087072,-0.00950991,-0.958179,0.218971,0
1781247111369814,67.9299,3.43412,-2.39725,-4.9903,3.19176,-2.45684,-5,0.242365,0.0595942,0.00970459,0.249773,-0.860154,0.0967647,-0.0098048,-0.962181,0.231268,0
1781247111393814,67.9539,3.41336,-2.39558,-4.9903,3.17251,-2.4521,-5,0.240857,0.0565169,0.00970459,0.24759,-0.864546,0.112075,-0.00922236,-0.966152,0.243521,0
1781247111409814,67.9699,3.39946,-2.39424,-4.99026,3.15312,-2.4471,-5,0.246347,0.0528576,0.00973511,0.252142,-0.86768,0.120328,-0.00802493,-0.970111,0.255785,0
1781247111433814,67.9939,3.37853,-2.39191,-4.9902,3.13386,-2.44191,-5,0.244669,0.0499985,0.00979614,0.249918,-0.873468,0.134452,-0.00840359,-0.974003,0.267891,0
1781247111449814,68.0099,3.36452,-2.39014,-4.9902,3.11433,-2.43643,-5,0.250184,0.0462945,0.00979614,0.254619,-0.876157,0.144555,-0.00792596,-0.97791,0.280094,0
1781247111473814,68.0339,3.3434,-2.38714,-4.99014,3.09471,-2.4307,-5,0.24869,0.0435619,0.00985718,0.252669,-0.881034,0.15807,-0.00667,-0.981796,0.292278,0
1781247111489814,68.0499,3.32927,-2.38494,-4.99014,3.07497,-2.42471,-5,0.254301,0.0397742,0.00985718,0.257582,-0.883633,0.165548,-0.00692944,-0.985665,0.304456,0
1781247111513814,68.0739,3.30801,-2.38132,-4.99008,3.0553,-2.41853,-5,0.252709,0.0372026,0.00991821,0.255625,-0.887913,0.181343,-0.0062698,-0.98948,0.316514,0
1781247111529814,68.0899,3.29311,-2.38003,-4.98981,3.03543,-2.41206,-5,0.257677,0.0320325,0.0101929,0.259861,-0.891425,0.190533,-0.00599949,-0.993295,0.328616,0
1781247111545814,68.1059,3.2782,-2.3785,-4.98947,3.01559,-2.40539,-5,0.262609,0.0268869,0.0105286,0.264191,-0.893838,0.199923,-0.00579861,-0.997065,0.340623,0
1781247111569814,68.1299,3.25581,-2.37579,-4.98904,2.9956,-2.39846,-5,0.260209,0.0226641,0.0109558,0.261424,-0.898498,0.212872,-0.0063125,-1.00082,0.352636,0
1781247111593814,68.1539,3.2334,-2.37262,-4.98865,2.97555,-2.39128,-5,0.257844,0.0186675,0.0113525,0.258768,-0.903468,0.225189,-0.00628296,-1.00456,0.36461,0
1781247111609814,68.1699,3.21842,-2.37024,-4.9884,2.95537,-2.38385,-5,0.263052,0.0136125,0.0115967,0.26366,-0.906073,0.233799,-0.0068855,-1.00827,0.37658,0
1781247111625814,68.1859,3.20343,-2.36767,-4.98816,2.93525,-2.37623,-5,0.26818,0.00856233,0.0118408,0.268578,-0.909436,0.240465,-0.00684049,-1.01194,0.388429,0
1781247111649814,68.2099,3.1809,-2.36347,-4.98785,2.91502,-2.36836,-5,0.265886,0.00489235,0.012146,0.266208,-0.915734,0.254041,-0.00769462,-1.01559,0.400268,0
1781247111665814,68.2259,3.16584,-2.36041,-4.98767,2.89462,-2.36022,-5,0.271222,-0.000189543,0.0123291,0.271502,-0.920282,0.263367,-0.0071666,-1.01923,0.412119,0
1781247111689814,68.2499,3.14318,-2.35545,-4.98743,2.8742,-2.35186,-5,0.268978,-0.00359082,0.0125732,0.269296,-0.923942,0.276947,-0.00685937,-1.02283,0.423898,0
1781247111713814,68.2739,3.12045,-2.35005,-4.98724,2.85371,-2.34327,-5,0.266737,-0.00678229,0.0127563,0.267128,-0.929957,0.290372,-0.00803835,-1.02641,0.435633,0
1781247111729814,68.2899,3.10525,-2.34622,-4.98715,2.83317,-2.33445,-5,0.272078,-0.011771,0.0128479,0.272635,-0.932477,0.298237,-0.00917461,-1.02996,0.447315,0
1781247111753814,68.3139,3.08241,-2.34014,-4.98706,2.81254,-2.32538,-5,0.269873,-0.014756,0.0129395,0.270586,-0.936313,0.311133,-0.0103801,-1.03349,0.458963,0
1781247111769814,68.3299,3.06714,-2.33587,-4.98706,2.79182,-2.31608,-5,0.275313,-0.019783,0.0129395,0.276326,-0.94106,0.318882,-0.0101332,-1.03699,0.470572,0
1781247111794036,68.3541,3.04415,-2.32913,-4.98703,2.77105,-2.30656,-5,0.273105,-0.0225699,0.01297,0.274342,-0.944952,0.332049,-0.011086,-1.04047,0.482128,0
1781247111810036,68.3701,3.0288,-2.32442,-4.98706,2.75022,-2.29681,-5,0.278575,-0.0276141,0.0129395,0.280239,-0.947435,0.339899,-0.0121919,-1.04392,0.493627,0
1781247111834036,68.3941,3.00574,-2.31703,-4.98712,2.72931,-2.28682,-5,0.276427,-0.0302093,0.0128784,0.278371,-0.949695,0.354101,-0.0129975,-1.04734,0.505087,0
1781247111850036,68.4101,2.99034,-2.31186,-4.98718,2.70833,-2.2766,-5,0.282015,-0.0352581,0.0128174,0.284499,-0.952759,0.364216,-0.0123532,-1.05074,0.516497,0
1781247111874036,68.4341,2.96718,-2.30378,-4.98727,2.68727,-2.26616,-5,0.279915,-0.0376217,0.0127258,0.282718,-0.957662,0.377451,-0.0125247,-1.05412,0.527858,0
1781247111890036,68.4501,2.9517,-2.29818,-4.98734,2.66616,-2.25549,-5,0.285545,-0.0426896,0.0126648,0.288996,-0.96024,0.386141,-0.0132522,-1.05746,0.539161,0
1781247111914036,68.4741,2.92843,-2.28946,-4.98749,2.64497,-2.24459,-5,0.283456,-0.0448666,0.0125122,0.287258,-0.964144,0.399399,-0.0143045,-1.06078,0.550412,0
1781247111930036,68.4901,2.91181,-2.28406,-4.98727,2.62377,-2.2335,-5,0.288041,-0.0505605,0.0127258,0.292721,-0.968052,0.40762,-0.0141013,-1.06407,0.561582,0
1781247111954036,68.5141,2.88689,-2.27559,-4.98703,2.60241,-2.22213,-5,0.284482,-0.0534637,0.01297,0.289753,-0.973223,0.420977,-0.0143387,-1.06734,0.572745,0
1781247111970036,68.5301,2.87029,-2.26972,-4.98691,2.58104,-2.21057,-5,0.289248,-0.059149,0.013092,0.295524,-0.975885,0.428487,-0.0144126,-1.07058,0.583823,0
1781247111994036,68.5541,2.84539,-2.26057,-4.98679,2.5596,-2.19878,-5,0.285787,-0.0617864,0.0132141,0.292688,-0.981069,0.441,-0.0156589,-1.07379,0.594844,0
1781247112010036,68.5701,2.82878,-2.25424,-4.98672,2.53809,-2.18678,-5,0.290688,-0.0674653,0.0132751,0.298709,-0.984043,0.45059,-0.0183906,-1.07698,0.605808,0
1781247112026036,68.5861,2.81217,-2.24773,-4.98676,2.51655,-2.17456,-5,0.295626,-0.0731676,0.0132446,0.304834,-0.987273,0.457926,-0.0181938,-1.08013,0.616699,0
1781247112050036,68.6101,2.78723,-2.23765,-4.98679,2.49498,-2.16216,-5,0.292243,-0.075485,0.0132141,0.302124,-0.992522,0.471511,-0.0174564,-1.08325,0.627505,0
1781247112074036,68.6341,2.76225,-2.22719,-4.98685,2.47323,-2.14947,-5,0.289021,-0.0777164,0.0131531,0.299576,-0.99791,0.482774,-0.0186613,-1.08637,0.638313,0
1781247112090036,68.6501,2.74555,-2.22003,-4.98694,2.45148,-2.1366,-5,0.294075,-0.0834255,0.0130615,0.305958,-1.00135,0.491713,-0.019008,-1.08945,0.649027,0
1781247112114036,68.6741,2.72048,-2.20896,-4.98709,2.42966,-2.12351,-5,0.290819,-0.085443,0.0129089,0.303386,-1.00569,0.504298,-0.0194586,-1.0925,0.659675,0
1781247112130036,68.6901,2.70376,-2.20136,-4.98724,2.40779,-2.11022,-5,0.295969,-0.0911398,0.0127563,0.309947,-1.00752,0.513714,-0.0202315,-1.09552,0.670254,0
1781247112154036,68.7141,2.67866,-2.18966,-4.98749,2.38591,-2.09675,-5,0.292749,-0.0929055,0.0125122,0.307392,-1.01274,0.526023,-0.0210229,-1.09851,0.680743,0
1781247112170036,68.7301,2.66191,-2.18165,-4.98767,2.36384,-2.08298,-5,0.298065,-0.0986674,0.0123291,0.314214,-1.01437,0.534962,-0.0215937,-1.10148,0.691226,0
1781247112194036,68.7541,2.63678,-2.16933,-4.98798,2.34183,-2.06909,-5,0.294955,-0.100241,0.0120239,0.311755,-1.01772,0.547742,-0.0223005,-1.10442,0.701585,0
1781247112210036,68.7701,2.62002,-2.16091,-4.98822,2.31967,-2.05493,-5,0.300347,-0.105985,0.0117798,0.318716,-1.02055,0.556435,-0.0230255,-1.10734,0.711913,0
1781247112226036,68.7861,2.60323,-2.15232,-4.98846,2.29756,-2.04063,-5,0.30567,-0.111693,0.0115356,0.325641,-1.023,0.563976,-0.0231905,-1.11021,0.722122,0
1781247112250036,68.8101,2.57802,-2.13917,-4.98886,2.2753,-2.02607,-5,0.302718,-0.113108,0.0111389,0.323351,-1.02713,0.574844,-0.0226169,-1.11308,0.7323,0
1781247112266036,68.8261,2.56119,-2.13022,-4.98914,2.25303,-2.01133,-5,0.308167,-0.118894,0.0108643,0.330485,-1.02929,0.584381,-0.0214601,-1.1159,0.742388,0
1781247112290036,68.8501,2.53593,-2.11649,-4.98953,2.23068,-1.99638,-5,0.305258,-0.120111,0.0104675,0.328205,-1.03215,0.597211,-0.0223884,-1.11871,0.752408,0
1781247112314036,68.8741,2.51065,-2.10241,-4.98996,2.20829,-1.98124,-5,0.302364,-0.121169,0.0100403,0.325893,-1.03445,0.610097,-0.0227496,-1.12148,0.762347,0
1781247112330036,68.8901,2.49342,-2.09356,-4.99017,2.18586,-1.96591,-5,0.307565,-0.127651,0.00982666,0.333148,-1.03629,0.617608,-0.022653,-1.12422,0.772203,0
1781247112354036,68.9141,2.46756,-2.07996,-4.99045,2.16332,-1.95036,-5,0.304232,-0.129607,0.009552,0.330826,-1.042,0.629162,-0.0222938,-1.12694,0.782003,0
1781247112370036,68.9301,2.45029,-2.07068,-4.99066,2.1408,-1.93464,-5,0.30949,-0.136037,0.00933838,0.338197,-1.04478,0.636841,-0.0221158,-1.12963,0.791699,0
1781247112394036,68.9541,2.42437,-2.05641,-4.99097,2.11814,-1.91869,-5,0.306224,-0.13772,0.0090332,0.335889,-1.04887,0.650547,-0.0214873,-1.1323,0.801347,0
1781247112410036,68.9701,2.40706,-2.04666,-4.99112,2.09538,-1.9025,-5,0.311681,-0.144161,0.00888062,0.34352,-1.05259,0.660064,-0.0208926,-1.13494,0.810939,0
1781247112426036,68.9861,2.38973,-2.03673,-4.99127,2.07272,-1.88623,-5,0.317013,-0.1505,0.00872803,0.351032,-1.05586,0.667881,-0.0200667,-1.13754,0.820384,0
1781247112450036,69.0101,2.36369,-2.02153,-4.99152,2.05001,-1.86978,-5,0.313684,-0.151752,0.00848389,0.348566,-1.05964,0.67966,-0.0208516,-1.14011,0.829746,0
1781247112474036,69.0341,2.33765,-2.00598,-4.99182,2.0272,-1.85311,-5,0.310442,-0.152869,0.00817871,0.346136,-1.06255,0.690987,-0.0210135,-1.14265,0.839045,0
1781247112490036,69.0501,2.32025,-1.99542,-4.99207,2.00429,-1.83621,-5,0.315963,-0.159205,0.00793457,0.353895,-1.06624,0.69895,-0.021321,-1.14518,0.848282,0
1781247112514036,69.0741,2.2941,-1.97929,-4.99243,1.98136,-1.81915,-5,0.312734,-0.160132,0.00756836,0.351429,-1.07223,0.710592,-0.0200958,-1.14767,0.857421,0
1781247112530036,69.0901,2.27662,-1.96835,-4.99271,1.95843,-1.80195,-5,0.318186,-0.166394,0.0072937,0.359141,-1.07445,0.718771,-0.0206898,-1.15012,0.866454,0
1781247112554036,69.1141,2.25037,-1.95163,-4.9931,1.93539,-1.78452,-5,0.314973,-0.167102,0.00689697,0.356622,-1.07792,0.731103,-0.0199849,-1.15256,0.875425,0
1781247112570036,69.1301,2.23287,-1.94029,-4.99335,1.91233,-1.76694,-5,0.320531,-0.173356,0.00665283,0.364468,-1.07873,0.738349,-0.0197245,-1.15496,0.884298,0
1781247112594036,69.1541,2.20658,-1.92305,-4.99374,1.88918,-1.74914,-5,0.317402,-0.173908,0.0062561,0.361977,-1.08222,0.74762,-0.0172092,-1.15734,0.893101,0
1781247112610036,69.1701,2.18903,-1.91137,-4.99396,1.86606,-1.73123,-5,0.322968,-0.180145,0.00604248,0.369861,-1.08528,0.756721,-0.0179364,-1.15968,0.901782,0
1781247112634036,69.1941,2.16266,-1.8936,-4.99435,1.84282,-1.71309,-5,0.319834,-0.180513,0.00564575,0.367301,-1.08826,0.767146,-0.0185672,-1.162,0.910401,0
1781247112650036,69.2101,2.14507,-1.88159,-4.99463,1.8196,-1.69483,-5,0.325462,-0.186753,0.00537109,0.375274,-1.09028,0.774807,-0.0188225,-1.16429,0.918904,0
1781247112674036,69.2341,2.11865,-1.86331,-4.99506,1.79629,-1.67637,-5,0.322357,-0.186944,0.00494385,0.372675,-1.09376,0.785368,-0.0174209,-1.16655,0.927334,0
1781247112690036,69.2501,2.10101,-1.85096,-4.99533,1.77294,-1.65774,-5,0.328077,-0.193224,0.00466919,0.380778,-1.09579,0.792068,-0.0172192,-1.16878,0.93567,0
1781247112714036,69.2741,2.07452,-1.83218,-4.99573,1.74954,-1.63894,-5,0.324981,-0.193237,0.00427246,0.378116,-1.09829,0.803591,-0.0166602,-1.17098,0.943911,0
1781247112730036,69.2901,2.05583,-1.82002,-4.9957,1.72612,-1.62,-5,0.329709,-0.200016,0.00430298,0.385659,-1.09939,0.809522,-0.0162389,-1.17315,0.95205,0
1781247112754036,69.3141,2.02785,-1.80151,-4.99567,1.70266,-1.60089,-5,0.325193,-0.200619,0.0043335,0.382122,-1.10324,0.819157,-0.0145195,-1.17529,0.960096,0
1781247112770036,69.3301,2.00922,-1.789,-4.99564,1.67903,-1.58153,-5,0.330191,-0.207474,0.00436401,0.389988,-1.10499,0.8252,-0.0143722,-1.17741,0.968087,0
1781247112794036,69.3541,1.98129,-1.76999,-4.99561,1.65538,-1.56203,-5,0.325911,-0.207965,0.00439453,0.386635,-1.10805,0.834523,-0.0131306,-1.1795,0.975971,0
1781247112810264,69.3704,1.9627,-1.75714,-4.99561,1.632,-1.54262,-5,0.330695,-0.214527,0.00439453,0.394209,-1.10998,0.841604,-0.0126464,-1.18154,0.983658,0
1781247112834264,69.3944,1.93483,-1.73761,-4.99564,1.58452,-1.50285,-5,0.350317,-0.234761,0.00436401,0.421727,-1.11292,0.851125,-0.0135538,-1.18557,0.998931,0
1781247112850264,69.4104,1.91627,-1.72443,-4.99567,1.58452,-1.50285,-5,0.331753,-0.221582,0.0043335,0.398971,-1.11577,0.857428,-0.0117101,-1.18557,0.998931,0
1781247112874264,69.4344,1.88843,-1.70441,-4.99573,1.56068,-1.4827,-5,0.327752,-0.221701,0.00427246,0.395716,-1.11851,0.866884,-0.0120819,-1.18755,1.00643,0
1781247112890264,69.4504,1.86989,-1.69091,-4.99579,1.53695,-1.46254,-5,0.332936,-0.228374,0.00421143,0.403756,-1.12033,0.873278,-0.0112315,-1.18948,1.01378,0
1781247112914264,69.4744,1.84207,-1.67041,-4.99588,1.51311,-1.44216,-5,0.328962,-0.228242,0.00411987,0.400409,-1.12399,0.884738,-0.0118986,-1.19139,1.02105,0
1781247112930264,69.4904,1.82353,-1.65657,-4.99594,1.48943,-1.42181,-5,0.334098,-0.234759,0.00405884,0.40835,-1.12635,0.892586,-0.0113353,-1.19325,1.02816,0
1781247112954264,69.5144,1.79571,-1.63557,-4.99603,1.46563,-1.40125,-5,0.330077,-0.234316,0.00396729,0.404809,-1.12783,0.901518,-0.0103368,-1.19509,1.03519,0
1781247112970264,69.5304,1.77719,-1.62142,-4.99609,1.44163,-1.3804,-5,0.335561,-0.241016,0.00390625,0.413165,-1.12961,0.907193,-0.0106956,-1.19692,1.04217,0
1781247112994264,69.5544,1.7494,-1.59999,-4.99615,1.41775,-1.35956,-5,0.331655,-0.240428,0.00384521,0.409653,-1.13266,0.917205,-0.0103058,-1.1987,1.049,0
1781247113010264,69.5704,1.73087,-1.58555,-4.99622,1.39374,-1.3385,-5,0.337129,-0.247051,0.00378418,0.417977,-1.13474,0.92338,-0.00917041,-1.20046,1.05575,0
1781247113034264,69.5944,1.70305,-1.56365,-4.99628,1.3697,-1.31731,-5,0.333352,-0.246341,0.00372314,0.414514,-1.13734,0.934733,-0.0079017,-1.20218,1.06239,0
1781247113050264,69.6104,1.68451,-1.54888,-4.99631,1.3457,-1.29604,-5,0.33881,-0.25284,0.00369263,0.422769,-1.13859,0.940565,-0.0072004,-1.20388,1.06891,0
1781247113074264,69.6344,1.65674,-1.5265,-4.99634,1.32155,-1.27455,-5,0.335186,-0.251944,0.00366211,0.419331,-1.14108,0.9515,-0.005977,-1.20555,1.07535,0
1781247113090264,69.6504,1.63823,-1.51141,-4.99634,1.29734,-1.25291,-5,0.340891,-0.258506,0.00366211,0.427838,-1.14229,0.958076,-0.00461697,-1.20719,1.08169,0
1781247113114264,69.6744,1.61046,-1.48857,-4.99634,1.27327,-1.23129,-5,0.337191,-0.257279,0.00366211,0.424151,-1.1447,0.967602,-0.00515035,-1.20879,1.08788,0
1781247113130264,69.6904,1.59115,-1.4733,-4.99615,1.24908,-1.20948,-5,0.342067,-0.263821,0.00384521,0.432003,-1.14541,0.972608,-0.00587263,-1.21037,1.09398,0
1781247113154264,69.7144,1.56224,-1.45021,-4.99588,1.20063,-1.1655,-5,0.361609,-0.284704,0.00411987,0.460255,-1.14878,0.981015,-0.00445331,-1.21343,1.10585,0
1781247113170264,69.7304,1.543,-1.43468,-4.9957,1.20063,-1.1655,-5,0.342369,-0.269172,0.00430298,0.435532,-1.14947,0.986293,-0.0048178,-1.21343,1.10585,0
1781247113194264,69.7544,1.5142,-1.41118,-4.99545,1.17634,-1.14332,-5,0.337862,-0.267863,0.00454712,0.431186,-1.15173,0.995214,-0.00422566,-1.21491,1.11162,0
1781247113210264,69.7704,1.495,-1.39538,-4.99527,1.15204,-1.12104,-5,0.342968,-0.274343,0.00473022,0.439219,-1.15492,1.00046,-0.00417284,-1.21637,1.11728,0
1781247113234264,69.7944,1.46622,-1.3715,-4.99503,1.10332,-1.07612,-5,0.362898,-0.29538,0.00497437,0.467941,-1.15718,1.00807,-0.00417291,-1.21919,1.12827,0
1781247113250264,69.8104,1.44705,-1.35546,-4.99487,1.10332,-1.07612,-5,0.343727,-0.279339,0.00512695,0.44295,-1.15888,1.01376,-0.00432432,-1.21919,1.12827,0
1781247113274264,69.8344,1.41832,-1.33122,-4.99469,1.07887,-1.05346,-5,0.339443,-0.277758,0.00531006,0.438633,-1.16093,1.02281,-0.00519705,-1.22055,1.1336,0
1781247113290264,69.8504,1.39918,-1.31492,-4.99457,1.05442,-1.03071,-5,0.344756,-0.284209,0.00543213,0.446835,-1.16164,1.02825,-0.00370162,-1.22189,1.13882,0
1781247113314264,69.8744,1.3705,-1.29032,-4.99438,1.02995,-1.00786,-5,0.340556,-0.282457,0.00561523,0.442484,-1.16389,1.03514,-0.00417767,-1.22319,1.14392,0
1781247113330264,69.8904,1.35139,-1.27379,-4.99429,1.00561,-0.98506,-5,0.345784,-0.288735,0.00570679,0.450518,-1.16561,1.04148,-0.00452729,-1.22446,1.14888,0
1781247113354264,69.9144,1.32271,-1.24883,-4.99417,0.981165,-0.962089,-5,0.341544,-0.286739,0.00582886,0.445989,-1.16839,1.05061,-0.00393757,-1.2257,1.15373,0
1781247113370264,69.9304,1.30359,-1.23204,-4.99411,0.956595,-0.938925,-5,0.34699,-0.293112,0.00588989,0.454259,-1.16969,1.05733,-0.00504577,-1.22691,1.15849,0
1781247113394264,69.9544,1.27491,-1.20666,-4.99405,0.932041,-0.915705,-5,0.342867,-0.29096,0.00595093,0.449723,-1.17138,1.06474,-0.00539304,-1.22809,1.16313,0
1781247113410264,69.9704,1.2558,-1.18966,-4.99402,0.907479,-0.892407,-5,0.348324,-0.297255,0.00598145,0.457959,-1.17234,1.06764,-0.00543648,-1.22924,1.16765,0
1781247113426264,69.9864,1.2367,-1.1726,-4.99399,0.85833,-0.845588,-5,0.378371,-0.32701,0.00601196,0.500136,-1.17377,1.07317,-0.00533659,-1.23144,1.17633,0
1781247113450264,70.0104,1.20804,-1.14682,-4.99393,0.85833,-0.845588,-5,0.349708,-0.301231,0.006073,0.461598,-1.17694,1.08102,-0.0043681,-1.23144,1.17633,0
1781247113474264,70.0344,1.17935,-1.12088,-4.99387,0.809012,-0.798352,-5,0.370341,-0.322523,0.00613403,0.491133,-1.17942,1.08717,-0.00373685,-1.23353,1.18455,0
1781247113490264,70.0504,1.16024,-1.10348,-4.99384,0.784321,-0.774611,-5,0.375917,-0.328869,0.00616455,0.499506,-1.18043,1.09208,-0.00377039,-1.23453,1.18848,0
1781247113514264,70.0744,1.13159,-1.07725,-4.99377,0.759619,-0.750802,-5,0.371971,-0.326452,0.00622559,0.494946,-1.18101,1.09804,-0.00425131,-1.23549,1.1923,0
1781247113530264,70.0904,1.11156,-1.05956,-4.99353,0.734924,-0.726942,-5,0.376633,-0.332622,0.00646973,0.502526,-1.18228,1.10243,-0.0036325,-1.23642,1.19599,0
1781247113554264,70.1144,1.08158,-1.03292,-4.99316,0.710187,-0.702987,-5,0.371388,-0.329937,0.00683594,0.496825,-1.18469,1.10762,-0.00510185,-1.23733,1.19956,0
1781247113570264,70.1304,1.06162,-1.01509,-4.99298,0.685412,-0.678942,-5,0.376212,-0.336145,0.00701904,0.504557,-1.18593,1.11256,-0.00602846,-1.2382,1.20302,0
1781247113594264,70.1544,1.03177,-0.988196,-4.99274,0.660678,-0.654885,-5,0.371087,-0.333311,0.00726318,0.498853,-1.1886,1.11861,-0.00574545,-1.23904,1.20635,0
1781247113610264,70.1704,1.01189,-0.97019,-4.99258,0.635869,-0.630706,-5,0.37602,-0.339484,0.00741577,0.506651,-1.18978,1.12249,-0.00580823,-1.23985,1.20957,0
1781247113634264,70.1944,0.982123,-0.943072,-4.9924,0.611116,-0.606535,-5,0.371007,-0.336538,0.00759888,0.500961,-1.19089,1.12782,-0.00641986,-1.24063,1.21265,0
1781247113650264,70.2104,0.962324,-0.924922,-4.99231,0.586271,-0.582227,-5,0.376053,-0.342695,0.00769043,0.508836,-1.19068,1.13203,-0.00720765,-1.24138,1.21563,0
1781247113674264,70.2344,0.932706,-0.897585,-4.99216,0.561424,-0.557874,-5,0.371282,-0.339711,0.00784302,0.503305,-1.19177,1.13682,-0.00574765,-1.2421,1.21848,0
1781247113690264,70.2504,0.912988,-0.879303,-4.9921,0.53659,-0.533491,-5,0.376399,-0.345812,0.00790405,0.511199,-1.19257,1.13984,-0.0063943,-1.24278,1.22121,0
1781247113714264,70.2744,0.883446,-0.851806,-4.99207,0.511693,-0.509006,-5,0.371753,-0.342799,0.00793457,0.505742,-1.19477,1.14331,-0.00673384,-1.24344,1.22382,0
1781247113730264,70.2904,0.863764,-0.833427,-4.99207,0.486555,-0.484246,-5,0.377209,-0.349181,0.00793457,0.514078,-1.19644,1.14568,-0.0065124,-1.24407,1.22633,0
1781247113754264,70.3144,0.834254,-0.805786,-4.99207,0.461963,-0.459987,-5,0.37229,-0.345799,0.00793457,0.508173,-1.19842,1.14966,-0.00746466,-1.24465,1.22866,0
1781247113770264,70.3304,0.814597,-0.787307,-4.9921,0.436996,-0.435324,-5,0.377601,-0.351983,0.00790405,0.516272,-1.19993,1.15178,-0.00930353,-1.24522,1.2309,0
1781247113794264,70.3544,0.785136,-0.759527,-4.99216,0.412095,-0.410693,-5,0.373042,-0.348834,0.00784302,0.510791,-1.20204,1.15488,-0.00803841,-1.24575,1.23302,0
1781247113810496,70.3706,0.765498,-0.740966,-4.99222,0.387157,-0.385995,-5,0.378341,-0.354971,0.00778198,0.518852,-1.20346,1.15744,-0.00872989,-1.24625,1.23501,0
1781247113834496,70.3946,0.736047,-0.713058,-4.99231,0.362391,-0.361438,-5,0.373656,-0.351621,0.00769043,0.513142,-1.20567,1.16106,-0.00845219,-1.24671,1.23687,0
1781247113850496,70.4106,0.716421,-0.694405,-4.9924,0.337375,-0.336606,-5,0.379046,-0.357799,0.00759888,0.5213,-1.20649,1.16338,-0.00921482,-1.24715,1.23862,0
1781247113874496,70.4346,0.686992,-0.666349,-4.99258,0.312362,-0.311752,-5,0.37463,-0.354598,0.00741577,0.51589,-1.20831,1.16779,-0.00883846,-1.24756,1.24024,0
1781247113890496,70.4506,0.667381,-0.647595,-4.99268,0.287403,-0.286928,-5,0.379977,-0.360667,0.00732422,0.523944,-1.20947,1.17024,-0.00820484,-1.24793,1.24174,0
1781247113914496,70.4746,0.637941,-0.619399,-4.99286,0.26248,-0.262118,-5,0.375461,-0.357281,0.00714111,0.518335,-1.21176,1.17344,-0.0083805,-1.24828,1.24311,0
1781247113930496,70.4906,0.6181,-0.600008,-4.99274,0.237563,-0.237294,-5,0.380537,-0.362713,0.00726318,0.525759,-1.21328,1.17581,-0.00865286,-1.24859,1.24436,0
1781247113954496,70.5146,0.588372,-0.570894,-4.99261,0.212565,-0.212373,-5,0.375807,-0.358521,0.00738525,0.519445,-1.21284,1.18022,-0.00766308,-1.24887,1.24548,0
1781247113970496,70.5306,0.568603,-0.551462,-4.99252,0.187569,-0.187436,-5,0.381035,-0.364025,0.00747681,0.527027,-1.21212,1.18239,-0.00671365,-1.24912,1.24648,0
1781247113986496,70.5466,0.548859,-0.532021,-4.99243,0.162578,-0.162492,-5,0.386281,-0.369529,0.00756836,0.534624,-1.21275,1.18481,-0.00665121,-1.24934,1.24736,0
1781247114010496,70.5706,0.519304,-0.502824,-4.99225,0.137596,-0.137543,-5,0.381709,-0.365281,0.00775146,0.528386,-1.21151,1.18716,-0.00636739,-1.24953,1.24811,0
1781247114034496,70.5946,0.489795,-0.473611,-4.9921,0.112629,-0.1126,-5,0.377166,-0.36101,0.00790405,0.522154,-1.21345,1.19101,-0.00541394,-1.24968,1.24873,0
1781247114050496,70.6106,0.470124,-0.454114,-4.99197,0.0876182,-0.0876047,-5,0.382506,-0.366509,0.00802612,0.529815,-1.21473,1.19278,-0.00457689,-1.24981,1.24923,0
1781247114074496,70.6346,0.440646,-0.424883,-4.99179,0.0626258,-0.0626208,-5,0.37802,-0.362262,0.00820923,0.523641,-1.21386,1.1943,-0.00286005,-1.2499,1.24961,0
1781247114090496,70.6506,0.421029,-0.405392,-4.99164,0.0376247,-0.0376237,-5,0.383404,-0.367769,0.00836182,0.53134,-1.21439,1.19677,-0.00223181,-1.24996,1.24986,0
1781247114114496,70.6746,0.391625,-0.376137,-4.99149,0.0125859,-0.0125859,-5,0.37904,-0.363551,0.0085144,0.525274,-1.21376,1.19896,-0.00295355,-1.25,1.24998,0
1781247114130496,70.6906,0.372064,-0.356616,-4.99139,-0.0124756,0.0124756,-5,0.384539,-0.369092,0.00860596,0.533079,-1.21277,1.20054,-0.00194196,-1.25,1.24998,0
1781247114154496,70.7146,0.342771,-0.327336,-4.99127,-0.037362,0.037361,-5,0.380133,-0.364697,0.00872803,0.52686,-1.21245,1.20144,-0.00323952,-1.24997,1.24986,0
1781247114170496,70.7306,0.323259,-0.307826,-4.99124,-0.0624836,0.0624787,-5,0.385743,-0.370304,0.00875854,0.534789,-1.21266,1.20108,-0.00372178,-1.2499,1.24961,0
1781247114194496,70.7546,0.294006,-0.278581,-4.99118,-0.0874408,0.0874274,-5,0.381447,-0.366008,0.00881958,0.528717,-1.21277,1.20204,-0.00380722,-1.24981,1.24924,0
1781247114210496,70.7706,0.274521,-0.259101,-4.99118,-0.112331,0.112303,-5,0.386852,-0.371403,0.00881958,0.536351,-1.21198,1.20188,-0.00499471,-1.24968,1.24874,0
1781247114226496,70.7866,0.25505,-0.239623,-4.99118,-0.137213,0.137161,-5,0.392262,-0.376784,0.00881958,0.543979,-1.21174,1.20359,-0.00483891,-1.24953,1.24812,0
1781247114250496,70.8106,0.225847,-0.210414,-4.99118,-0.162413,0.162327,-5,0.38826,-0.372741,0.00881958,0.538293,-1.21206,1.20345,-0.00559016,-1.24934,1.24736,0
1781247114274496,70.8346,0.19668,-0.181215,-4.99127,-0.187341,0.18721,-5,0.384022,-0.368424,0.00872803,0.532246,-1.2119,1.20437,-0.00762684,-1.24912,1.24649,0
1781247114290496,70.8506,0.177251,-0.161756,-4.99133,-0.212247,0.212056,-5,0.389498,-0.373812,0.00866699,0.539925,-1.2114,1.2047,-0.0075228,-1.24887,1.2455,0
1781247114314496,70.8746,0.148152,-0.132584,-4.99146,-0.23724,0.236973,-5,0.385392,-0.369557,0.00854492,0.534016,-1.21032,1.20433,-0.00812115,-1.24859,1.24437,0
1781247114330496,70.8906,0.128186,-0.113071,-4.99149,-0.262065,0.261705,-5,0.390251,-0.374776,0.0085144,0.541133,-1.21033,1.20523,-0.00784345,-1.24828,1.24313,0
1781247114346496,70.9066,0.108253,-0.0935629,-4.99152,-0.287155,0.286681,-5,0.395408,-0.380244,0.00848389,0.548639,-1.21061,1.20541,-0.00840606,-1.24794,1.24175,0
1781247114370496,70.9306,0.0784149,-0.0643187,-4.99155,-0.312144,0.311536,-5,0.390559,-0.375854,0.00845337,0.542102,-1.21054,1.2045,-0.00923984,-1.24756,1.24026,0
1781247114386496,70.9466,0.0585661,-0.0448444,-4.99161,-0.336955,0.336189,-5,0.395522,-0.381034,0.00839233,0.549267,-1.21036,1.2045,-0.00817206,-1.24716,1.23865,0
1781247114410496,70.9706,0.0288582,-0.01567,-4.99167,-0.36197,0.36102,-5,0.390828,-0.37669,0.0083313,0.542873,-1.21003,1.20253,-0.0078756,-1.24672,1.2369,0
1781247114434496,70.9946,-0.000776371,0.0134201,-4.9917,-0.36197,0.36102,-5,0.361193,-0.3476,0.00830078,0.501353,-1.2096,1.20077,-0.0093903,-1.24672,1.2369,0
1781247114450496,71.0106,-0.0204981,0.0327902,-4.99173,-0.41182,0.410421,-5,0.391322,-0.377631,0.00827026,0.543881,-1.20982,1.20132,-0.0097888,-1.24575,1.23304,0
1781247114474496,71.0346,-0.0500251,0.0618401,-4.99182,-0.436556,0.434889,-5,0.386531,-0.373049,0.00817871,0.537251,-1.20917,1.20123,-0.0114318,-1.24523,1.23094,0
1781247114490496,71.0506,-0.0696786,0.0811813,-4.99191,-0.436556,0.434889,-5,0.366877,-0.353708,0.00808716,0.50968,-1.20944,1.19918,-0.0122296,-1.24523,1.23094,0
1781247114514496,71.0746,-0.0991329,0.110147,-4.99213,-0.486351,0.484045,-5,0.387218,-0.373898,0.00787354,0.53833,-1.20739,1.19904,-0.0119665,-1.24407,1.22635,0
1781247114530496,71.0906,-0.118728,0.129447,-4.99225,-0.511209,0.50853,-5,0.392481,-0.379083,0.00775146,0.545715,-1.20835,1.19862,-0.0120131,-1.24345,1.22387,0
1781247114554496,71.1146,-0.148094,0.158353,-4.99243,-0.536081,0.532991,-5,0.387986,-0.374637,0.00756836,0.539392,-1.20823,1.19583,-0.0112915,-1.24279,1.22126,0
1781247114570496,71.1306,-0.167646,0.17757,-4.99252,-0.561069,0.557525,-5,0.393423,-0.379955,0.00747681,0.546995,-1.20734,1.19405,-0.00928755,-1.24211,1.21852,0
1781247114594496,71.1546,-0.19692,0.206327,-4.99261,-0.585898,0.581861,-5,0.388978,-0.375534,0.00738525,0.540726,-1.20716,1.19177,-0.00752714,-1.24139,1.21567,0
1781247114610496,71.1706,-0.216416,0.22548,-4.99268,-0.610695,0.606122,-5,0.394278,-0.380643,0.00732422,0.548086,-1.20728,1.19171,-0.00653717,-1.24064,1.21271,0
1781247114634496,71.1946,-0.245617,0.254178,-4.99271,-0.635461,0.630308,-5,0.389844,-0.37613,0.0072937,0.541761,-1.20637,1.19015,-0.00458519,-1.23986,1.20962,0
1781247114650496,71.2106,-0.26504,0.27327,-4.99271,-0.660276,0.654494,-5,0.395236,-0.381224,0.0072937,0.549178,-1.20642,1.19004,-0.00432739,-1.23905,1.2064,0
1781247114674496,71.2346,-0.294172,0.301866,-4.99265,-0.685025,0.678565,-5,0.390853,-0.3767,0.00735474,0.542883,-1.20803,1.18647,-0.00393017,-1.23821,1.20307,0
1781247114690496,71.2506,-0.313589,0.320876,-4.99265,-0.709831,0.702641,-5,0.396242,-0.381765,0.00735474,0.550278,-1.20807,1.18417,-0.00389791,-1.23734,1.19961,0
1781247114714496,71.2746,-0.342679,0.349343,-4.99258,-0.73456,0.72659,-5,0.391881,-0.377247,0.00741577,0.544005,-1.20727,1.18283,-0.00239594,-1.23644,1.19604,0
1781247114730496,71.2906,-0.36267,0.368225,-4.99219,-0.759253,0.750449,-5,0.396583,-0.382224,0.0078125,0.550849,-1.20724,1.18023,-0.00166165,-1.2355,1.19235,0
1781247114754496,71.3146,-0.392585,0.396458,-4.99164,-0.784168,0.774464,-5,0.391583,-0.378006,0.00836182,0.544331,-1.20726,1.17677,-0.0015474,-1.23453,1.18851,0
1781247114770496,71.3306,-0.412467,0.41524,-4.9913,-0.80864,0.797995,-5,0.396174,-0.382754,0.00869751,0.550936,-1.2063,1.17482,-0.00199326,-1.23354,1.18461,0
1781247114794496,71.3546,-0.442228,0.443355,-4.99084,-0.833256,0.821604,-5,0.391029,-0.378249,0.00915527,0.544114,-1.20657,1.17205,-0.00261317,-1.23252,1.18057,0
1781247114810496,71.3706,-0.46203,0.462055,-4.99057,-0.857954,0.845229,-5,0.395924,-0.383174,0.00942993,0.55106,-1.2064,1.17056,-0.00322065,-1.23146,1.17639,0
1781247114834726,71.3948,-0.491643,0.490051,-4.9902,-0.883455,0.869555,-5,0.391811,-0.379504,0.00979614,0.54556,-1.20504,1.16623,-0.00326839,-1.23033,1.17195,0
1781247114850726,71.4108,-0.511345,0.508649,-4.98999,-0.907249,0.892188,-5,0.395904,-0.383539,0.0100098,0.55131,-1.205,1.1637,-0.0030701,-1.22925,1.16769,0
1781247114874726,71.4348,-0.540843,0.536441,-4.98969,-0.931783,0.91546,-5,0.39094,-0.37902,0.0103149,0.544607,-1.20453,1.15833,-0.00188024,-1.2281,1.16318,0
1781247114890726,71.4508,-0.560451,0.55491,-4.9895,-0.956378,0.93872,-5,0.395927,-0.38381,0.010498,0.551524,-1.20224,1.15542,-0.00297101,-1.22692,1.15853,0
1781247114914726,71.4748,-0.589787,0.582531,-4.98923,-0.980655,0.961609,-5,0.390869,-0.379077,0.0107727,0.544604,-1.20198,1.15185,-0.00228252,-1.22572,1.15383,0
1781247114930726,71.4908,-0.609308,0.600898,-4.98901,-1.00519,0.984668,-5,0.395882,-0.38377,0.0109863,0.551474,-1.20144,1.14938,-0.00320312,-1.22448,1.14896,0
1781247114954726,71.5148,-0.638565,0.628376,-4.98877,-1.0297,1.00762,-5,0.39113,-0.379247,0.0112305,0.54492,-1.20243,1.14564,-0.00402024,-1.22321,1.14397,0
1781247114970726,71.5308,-0.658041,0.646641,-4.98865,-1.05416,1.03047,-5,0.396121,-0.383825,0.0113525,0.55169,-1.20129,1.14276,-0.00428883,-1.2219,1.13887,0
1781247114994726,71.5548,-0.687197,0.673943,-4.98846,-1.07855,1.05316,-5,0.391355,-0.379217,0.0115356,0.545067,-1.20039,1.13758,-0.00453131,-1.22057,1.13367,0
1781247115010726,71.5708,-0.706604,0.69207,-4.98837,-1.10296,1.07579,-5,0.396361,-0.383725,0.0116272,0.551799,-1.19972,1.13395,-0.00548466,-1.21921,1.12835,0
1781247115034726,71.5948,-0.735672,0.719166,-4.98831,-1.1273,1.09827,-5,0.391623,-0.379104,0.0116882,0.545184,-1.20033,1.12977,-0.00813525,-1.21782,1.12292,0
1781247115050726,71.6108,-0.755032,0.737174,-4.98831,-1.15164,1.12067,-5,0.396603,-0.383498,0.0116882,0.551817,-1.19931,1.12627,-0.00860107,-1.21639,1.11737,0
1781247115074726,71.6348,-0.784014,0.764093,-4.98834,-1.17595,1.14297,-5,0.391939,-0.378874,0.0116577,0.54525,-1.19893,1.12237,-0.00733739,-1.21494,1.11171,0
1781247115090726,71.6508,-0.803296,0.781992,-4.98834,-1.20024,1.16514,-5,0.396942,-0.383152,0.0116577,0.551819,-1.19839,1.11953,-0.00790013,-1.21345,1.10594,0
1781247115114726,71.6748,-0.832188,0.808749,-4.98843,-1.22451,1.18722,-5,0.392326,-0.378475,0.0115662,0.545249,-1.19759,1.11511,-0.00836924,-1.21193,1.10006,0
1781247115130726,71.6908,-0.852307,0.826551,-4.98816,-1.24871,1.20914,-5,0.396402,-0.38259,0.0118408,0.551044,-1.19676,1.11117,-0.00844224,-1.21039,1.09407,0
1781247115154726,71.7148,-0.88236,0.853152,-4.98779,-1.2729,1.23096,-5,0.390538,-0.377807,0.012207,0.543513,-1.19582,1.10647,-0.00890393,-1.20881,1.08797,0
1781247115170726,71.7308,-0.902322,0.870813,-4.98761,-1.29694,1.25255,-5,0.394621,-0.381739,0.0123901,0.549184,-1.19548,1.10288,-0.0100497,-1.20722,1.08179,0
1781247115194726,71.7548,-0.932166,0.897172,-4.98737,-1.32117,1.27422,-5,0.389005,-0.377043,0.0126343,0.541892,-1.19457,1.09657,-0.00989819,-1.20557,1.07545,0
1781247115210726,71.7708,-0.951993,0.914671,-4.98724,-1.34527,1.29566,-5,0.393274,-0.380989,0.0127563,0.547704,-1.19457,1.09324,-0.0114835,-1.20391,1.06903,0
1781247115234726,71.7948,-0.981639,0.940811,-4.98712,-1.36924,1.3169,-5,0.387605,-0.37609,0.0128784,0.540228,-1.19169,1.08733,-0.0113476,-1.20222,1.06252,0
1781247115250726,71.8108,-1.00133,0.958157,-4.98703,-1.39332,1.33813,-5,0.391995,-0.379976,0.01297,0.546086,-1.19164,1.08346,-0.0108204,-1.20049,1.05586,0
1781247115274726,71.8348,-1.03076,0.984061,-4.98697,-1.41735,1.35921,-5,0.38659,-0.375149,0.013031,0.53885,-1.18867,1.07735,-0.0111868,-1.19873,1.04911,0
1781247115290726,71.8508,-1.0503,1.00123,-4.98694,-1.44119,1.38003,-5,0.390896,-0.378793,0.0130615,0.544476,-1.18728,1.07271,-0.0108499,-1.19695,1.0423,0
1781247115314726,71.8748,-1.07951,1.02685,-4.98691,-1.46519,1.40087,-5,0.385684,-0.374025,0.013092,0.537418,-1.18554,1.06481,-0.0114038,-1.19513,1.03532,0
1781247115330726,71.8908,-1.09893,1.04382,-4.98694,-1.48965,1.42201,-5,0.390728,-0.378183,0.0130615,0.543931,-1.18503,1.06043,-0.0124855,-1.19323,1.02809,0
1781247115354726,71.9148,-1.12796,1.06917,-4.98703,-1.5129,1.44198,-5,0.38494,-0.372814,0.01297,0.536039,-1.1829,1.05392,-0.0144861,-1.1914,1.02111,0
1781247115370726,71.9308,-1.14728,1.08594,-4.98715,-1.53688,1.46248,-5,0.389605,-0.376543,0.0128479,0.541979,-1.18141,1.04824,-0.0149415,-1.18948,1.0138,0
1781247115394726,71.9548,-1.17615,1.11093,-4.9873,-1.5605,1.48255,-5,0.384353,-0.371622,0.0126953,0.534781,-1.17936,1.04184,-0.0140554,-1.18756,1.00648,0
1781247115410726,71.9708,-1.19534,1.12752,-4.98743,-1.58421,1.50259,-5,0.388871,-0.375073,0.0125732,0.540424,-1.17741,1.0372,-0.0137478,-1.1856,0.999027,0
1781247115434726,71.9948,-1.22401,1.15226,-4.98758,-1.60781,1.52242,-5,0.383802,-0.37016,0.0124207,0.533363,-1.17406,1.03079,-0.0128576,-1.18361,0.991494,0
1781247115450726,72.0108,-1.24307,1.16866,-4.98764,-1.63144,1.54215,-5,0.38837,-0.373491,0.0123596,0.538962,-1.17347,1.02528,-0.0122149,-1.18159,0.983841,0
1781247115474726,72.0348,-1.27159,1.19309,-4.98779,-1.65518,1.56186,-5,0.383586,-0.368764,0.012207,0.532235,-1.17133,1.01632,-0.0127264,-1.17952,0.976038,0
1781247115490726,72.0508,-1.29055,1.20927,-4.98788,-1.67863,1.5812,-5,0.388084,-0.371932,0.0121155,0.53767,-1.16919,1.01217,-0.0131607,-1.17745,0.96822,0
1781247115514726,72.0748,-1.31889,1.23341,-4.98807,-1.70224,1.60055,-5,0.383348,-0.367144,0.0119324,0.530936,-1.16754,1.00481,-0.0137309,-1.17533,0.960238,0
1781247115530726,72.0908,-1.33816,1.24938,-4.98801,-1.72569,1.61965,-5,0.387526,-0.37027,0.0119934,0.536116,-1.16608,1.00064,-0.0128515,-1.17319,0.952199,0
1781247115546726,72.1068,-1.35739,1.26528,-4.98798,-1.74915,1.63863,-5,0.391764,-0.373351,0.0120239,0.541308,-1.16471,0.995256,-0.0135946,-1.17102,0.944048,0
1781247115570726,72.1308,-1.38608,1.28898,-4.98795,-1.77245,1.65735,-5,0.386371,-0.368365,0.0120544,0.533967,-1.16131,0.988812,-0.0134088,-1.16882,0.935843,0
1781247115594726,72.1548,-1.41461,1.31251,-4.98795,-1.79596,1.6761,-5,0.381345,-0.363591,0.0120544,0.527037,-1.15787,0.981887,-0.0128405,-1.16658,0.927453,0
1781247115610726,72.1708,-1.43356,1.32811,-4.98795,-1.81923,1.69454,-5,0.385678,-0.366433,0.0120544,0.532134,-1.15533,0.976769,-0.0119787,-1.16432,0.919039,0
1781247115634726,72.1948,-1.46186,1.35138,-4.98801,-1.84246,1.71281,-5,0.380605,-0.361432,0.0119934,0.525011,-1.15416,0.970273,-0.0132417,-1.16204,0.910532,0
1781247115650726,72.2108,-1.48067,1.3668,-4.98804,-1.86571,1.73096,-5,0.385038,-0.364159,0.0119629,0.530103,-1.15155,0.965156,-0.0136113,-1.15972,0.901914,0
1781247115674726,72.2348,-1.50877,1.38974,-4.98819,-1.88887,1.7489,-5,0.380094,-0.359157,0.0118103,0.523072,-1.14951,0.955494,-0.0144291,-1.15737,0.893218,0
1781247115690726,72.2508,-1.52745,1.40492,-4.98825,-1.9119,1.76661,-5,0.384448,-0.361691,0.0117493,0.527976,-1.14751,0.949292,-0.0144571,-1.15501,0.884463,0
1781247115714726,72.2748,-1.55535,1.42749,-4.98831,-1.93504,1.78425,-5,0.379689,-0.356761,0.0116882,0.521132,-1.14346,0.939874,-0.0134404,-1.1526,0.875564,0
1781247115730726,72.2908,-1.57388,1.44242,-4.98837,-1.95796,1.8016,-5,0.384084,-0.359181,0.0116272,0.525992,-1.14279,0.934158,-0.0128391,-1.15017,0.866638,0
1781247115754726,72.3148,-1.6016,1.46463,-4.98846,-1.98098,1.81887,-5,0.37938,-0.354242,0.0115356,0.519182,-1.13981,0.925789,-0.0119966,-1.14771,0.85757,0
1781247115770726,72.3308,-1.62003,1.47933,-4.98853,-2.00391,1.83593,-5,0.383883,-0.356602,0.0114746,0.524083,-1.13899,0.919631,-0.0122677,-1.14522,0.848434,0
1781247115786726,72.3468,-1.63841,1.49393,-4.98862,-2.02678,1.8528,-5,0.388363,-0.35887,0.0113831,0.528908,-1.13708,0.91332,-0.0123393,-1.1427,0.839217,0
1781247115810726,72.3708,-1.66591,1.51566,-4.9888,-2.04962,1.8695,-5,0.383712,-0.353843,0.0112,0.522078,-1.13543,0.904688,-0.0129196,-1.14015,0.829905,0
1781247115834959,72.3951,-1.69332,1.53717,-4.98901,-2.07238,1.88599,-5,0.379055,-0.348823,0.0109863,0.515249,-1.13316,0.894082,-0.0142117,-1.13758,0.820525,0
1781247115850959,72.4111,-1.71155,1.55137,-4.98917,-2.09509,1.9023,-5,0.383546,-0.350928,0.0108337,0.519976,-1.13164,0.888143,-0.0134642,-1.13497,0.811059,0
1781247115874959,72.4351,-1.7388,1.5725,-4.98944,-2.11779,1.91844,-5,0.378991,-0.345939,0.0105591,0.513244,-1.12805,0.879348,-0.01403,-1.13234,0.801496,0
1781247115890959,72.4511,-1.75691,1.58647,-4.98962,-2.14038,1.93435,-5,0.383466,-0.347887,0.010376,0.51786,-1.12654,0.872497,-0.0142107,-1.12968,0.791877,0
1781247115914959,72.4751,-1.78401,1.60721,-4.9899,-2.16296,1.9501,-5,0.378944,-0.342892,0.0101013,0.511152,-1.12421,0.86219,-0.0148795,-1.12699,0.782163,0
1781247115930959,72.4911,-1.80277,1.62067,-4.98975,-2.18544,1.96563,-5,0.382666,-0.344954,0.0102539,0.515298,-1.12431,0.857258,-0.0147829,-1.12427,0.772385,0
1781247115954959,72.5151,-1.83083,1.64073,-4.98959,-2.20785,1.98094,-5,0.37702,-0.340213,0.0104065,0.507934,-1.12355,0.848741,-0.0151372,-1.12153,0.762541,0
1781247115970959,72.5311,-1.84946,1.654,-4.9895,-2.2303,1.99613,-5,0.380842,-0.34213,0.010498,0.512058,-1.12264,0.843047,-0.015083,-1.11875,0.752575,0
1781247115994959,72.5551,-1.87727,1.67375,-4.98932,-2.25267,2.01109,-5,0.375392,-0.337338,0.0106812,0.504807,-1.1187,0.833426,-0.0147041,-1.11595,0.742549,0
1781247116010959,72.5711,-1.89573,1.6868,-4.98923,-2.27488,2.02579,-5,0.379158,-0.338994,0.0107727,0.508718,-1.11764,0.826916,-0.0152512,-1.11313,0.73249,0
1781247116026959,72.5871,-1.91412,1.69975,-4.98917,-2.29711,2.04034,-5,0.382993,-0.340591,0.0108337,0.512644,-1.1159,0.819776,-0.0152522,-1.11027,0.722327,0
1781247116050959,72.6111,-1.94159,1.71895,-4.98911,-2.31933,2.0547,-5,0.377734,-0.33575,0.0108948,0.505499,-1.11282,0.808612,-0.0161178,-1.10738,0.712073,0
1781247116074959,72.6351,-1.96893,1.73793,-4.98907,-2.34145,2.06885,-5,0.372521,-0.330913,0.0109253,0.498392,-1.11043,0.799031,-0.0155749,-1.10447,0.701762,0
1781247116090959,72.6511,-1.98711,1.75046,-4.98907,-2.3635,2.08277,-5,0.376396,-0.332318,0.0109253,0.502223,-1.10879,0.791407,-0.0156399,-1.10153,0.691385,0
1781247116114959,72.6751,-2.01426,1.76902,-4.98911,-2.38545,2.09646,-5,0.371189,-0.327441,0.0108948,0.495093,-1.10647,0.780284,-0.0144078,-1.09857,0.680964,0
1781247116130959,72.6911,-2.0323,1.78127,-4.98911,-2.40739,2.10997,-5,0.375087,-0.328702,0.0108948,0.498853,-1.10437,0.774039,-0.0144452,-1.09557,0.670449,0
1781247116154959,72.7151,-2.05925,1.79947,-4.98914,-2.42931,2.1233,-5,0.370058,-0.323832,0.0108643,0.491862,-1.10129,0.76434,-0.0142249,-1.09254,0.659847,0
1781247116170959,72.7311,-2.07715,1.81147,-4.98917,-2.45112,2.13639,-5,0.37397,-0.324922,0.0108337,0.495525,-1.10075,0.757056,-0.0132338,-1.08949,0.649199,0
1781247116194959,72.7551,-2.10392,1.82924,-4.98932,-2.47297,2.14932,-5,0.369042,-0.32008,0.0106812,0.488628,-1.09768,0.744421,-0.0134668,-1.08641,0.638444,0
1781247116210959,72.7711,-2.1217,1.84093,-4.98941,-2.49457,2.16192,-5,0.37287,-0.320993,0.0105896,0.492118,-1.09528,0.736902,-0.0127162,-1.08331,0.627711,0
1781247116234959,72.7951,-2.1483,1.85825,-4.98953,-2.51616,2.17434,-5,0.367853,-0.316091,0.0104675,0.485117,-1.09304,0.725415,-0.013706,-1.08019,0.616895,0
1781247116250959,72.8111,-2.16599,1.86966,-4.98965,-2.53775,2.18658,-5,0.371763,-0.316925,0.0103455,0.488626,-1.09105,0.718448,-0.0142432,-1.07703,0.605983,0
1781247116274959,72.8351,-2.1924,1.88656,-4.98984,-2.55927,2.1986,-5,0.366874,-0.312035,0.0101624,0.481732,-1.08687,0.70647,-0.013917,-1.07384,0.595013,0
1781247116290959,72.8511,-2.20993,1.89766,-4.98996,-2.5807,2.21038,-5,0.370769,-0.312721,0.0100403,0.485144,-1.08442,0.697956,-0.0145349,-1.07063,0.583998,0
1781247116314959,72.8751,-2.23616,1.91408,-4.99017,-2.60208,2.22195,-5,0.365924,-0.307867,0.00982666,0.478308,-1.08283,0.687493,-0.0155419,-1.06739,0.572915,0
1781247116330959,72.8911,-2.2538,1.92474,-4.99017,-2.62336,2.23328,-5,0.369559,-0.308541,0.00982666,0.481527,-1.0801,0.680923,-0.0161752,-1.06413,0.561799,0
1781247116354959,72.9151,-2.28015,1.94054,-4.9902,-2.64462,2.24441,-5,0.364465,-0.303866,0.00979614,0.474621,-1.07744,0.670709,-0.0163082,-1.06084,0.550599,0
1781247116370959,72.9311,-2.29764,1.95096,-4.99023,-2.66581,2.25531,-5,0.36817,-0.304353,0.00976562,0.477782,-1.07456,0.663337,-0.0166907,-1.05752,0.539345,0
1781247116394959,72.9551,-2.32374,1.96638,-4.9903,-2.68689,2.26597,-5,0.363153,-0.299581,0.00970459,0.470875,-1.07035,0.651906,-0.0154658,-1.05418,0.528063,0
1781247116410959,72.9711,-2.34106,1.97652,-4.99036,-2.70802,2.27645,-5,0.366959,-0.299933,0.00964355,0.474037,-1.06794,0.644473,-0.0145682,-1.05079,0.516661,0
1781247116434959,72.9951,-2.36694,1.99152,-4.99045,-2.72893,2.28664,-5,0.361988,-0.295113,0.009552,0.467138,-1.06379,0.63392,-0.0144558,-1.04741,0.505297,0
1781247116450959,73.0111,-2.38411,2.00138,-4.99051,-2.74986,2.29664,-5,0.365749,-0.295252,0.00949097,0.470145,-1.06146,0.625578,-0.0141509,-1.04398,0.493828,0
1781247116474959,73.0351,-2.40975,2.01595,-4.99063,-2.7707,2.3064,-5,0.360949,-0.290442,0.0093689,0.463388,-1.05722,0.613548,-0.0150881,-1.04053,0.482322,0
1781247116490959,73.0511,-2.42678,2.02551,-4.99075,-2.79147,2.31592,-5,0.36469,-0.290412,0.00924683,0.466287,-1.05527,0.605432,-0.0154901,-1.03705,0.47077,0
1781247116514959,73.0751,-2.45223,2.0396,-4.99094,-2.81213,2.3252,-5,0.3599,-0.285603,0.00906372,0.459543,-1.05279,0.592523,-0.0154198,-1.03356,0.459193,0
1781247116530959,73.0911,-2.46914,2.04884,-4.99109,-2.83275,2.33426,-5,0.363608,-0.285419,0.00891113,0.462336,-1.04966,0.585332,-0.0148306,-1.03003,0.447553,0
1781247116554959,73.1151,-2.49439,2.0625,-4.99127,-2.85332,2.3431,-5,0.35893,-0.280606,0.00872803,0.455683,-1.04627,0.573486,-0.0147441,-1.02648,0.435854,0
1781247116570959,73.1311,-2.51118,2.07145,-4.99142,-2.87391,2.35174,-5,0.362738,-0.280294,0.00857544,0.458495,-1.04394,0.566007,-0.0155658,-1.02288,0.424061,0
1781247116594959,73.1551,-2.53624,2.08465,-4.99167,-2.89422,2.36006,-5,0.357975,-0.275406,0.0083313,0.451735,-1.03967,0.554192,-0.0153439,-1.0193,0.41235,0
1781247116610959,73.1711,-2.55289,2.0933,-4.99185,-2.91457,2.36819,-5,0.361689,-0.27489,0.00814819,0.454368,-1.03705,0.546115,-0.0158852,-1.01567,0.400525,0
1781247116626959,73.1871,-2.56949,2.10183,-4.99203,-2.93489,2.3761,-5,0.365407,-0.274265,0.00796509,0.456954,-1.03531,0.538601,-0.0157869,-1.012,0.38864,0
1781247116650959,73.2111,-2.59431,2.11441,-4.99231,-2.95513,2.38376,-5,0.360823,-0.269351,0.00769043,0.450336,-1.03122,0.528177,-0.0164381,-1.00832,0.376722,0
1781247116674959,73.2351,-2.61901,2.12673,-4.99265,-2.97523,2.39117,-5,0.356221,-0.264438,0.00735474,0.443706,-1.02736,0.516575,-0.0175569,-1.00461,0.364798,0
1781247116690959,73.2511,-2.63542,2.13479,-4.99286,-2.99522,2.39832,-5,0.359805,-0.263534,0.00714111,0.44605,-1.02491,0.507527,-0.0178413,-1.00089,0.352863,0
1781247116714959,73.2751,-2.65994,2.14664,-4.99316,-3.01519,2.40525,-5,0.355247,-0.258618,0.00683594,0.439466,-1.02122,0.495595,-0.0166523,-0.997141,0.340864,0
1781247116730959,73.2911,-2.67697,2.15367,-4.99295,-3.03515,2.41197,-5,0.358185,-0.2583,0.00704956,0.441662,-1.01986,0.488724,-0.0147811,-0.993348,0.328785,0
1781247116754959,73.3151,-2.70238,2.16404,-4.99261,-3.05501,2.41843,-5,0.35263,-0.254392,0.00738525,0.434877,-1.01675,0.474774,-0.0151529,-0.989536,0.316692,0
1781247116770959,73.3311,-2.71923,2.17083,-4.99246,-3.07469,2.42462,-5,0.355459,-0.253798,0.00753784,0.436831,-1.01513,0.466031,-0.015128,-0.98572,0.304631,0
1781247116794959,73.3551,-2.74439,2.18077,-4.99222,-3.09435,2.43059,-5,0.349959,-0.24982,0.00778198,0.430049,-1.01304,0.452037,-0.0134476,-0.981867,0.2925,0
1781247116810959,73.3711,-2.76108,2.18726,-4.99207,-3.11391,2.43631,-5,0.352824,-0.249048,0.00793457,0.431941,-1.01082,0.442536,-0.0143396,-0.977995,0.280357,0
1781247116834959,73.3951,-2.78599,2.19675,-4.99188,-3.1334,2.44179,-5,0.347418,-0.245034,0.00811768,0.425214,-1.00627,0.428431,-0.0129423,-0.974095,0.268178,0
1781247116851196,73.4113,-2.80248,2.20294,-4.99176,-3.15286,2.44703,-5,0.350373,-0.244089,0.00823975,0.427093,-1.0025,0.419475,-0.0131483,-0.970164,0.25595,0
1781247116875196,73.4353,-2.82709,2.21199,-4.99161,-3.17221,2.45202,-5,0.345121,-0.240034,0.00839233,0.42047,-0.998275,0.405267,-0.0132409,-0.966213,0.243709,0
1781247116891196,73.4513,-2.8434,2.21786,-4.99155,-3.19149,2.45677,-5,0.348087,-0.238916,0.00845337,0.422276,-0.994953,0.396128,-0.0131665,-0.962237,0.23144,0
1781247116915196,73.4753,-2.86773,2.22645,-4.99146,-3.2107,2.46128,-5,0.342978,-0.234834,0.00854492,0.415757,-0.990384,0.383002,-0.0145241,-0.958234,0.219138,0
1781247116931196,73.4913,-2.88384,2.23203,-4.99142,-3.22982,2.46554,-5,0.345976,-0.233513,0.00857544,0.417494,-0.98767,0.375099,-0.0140851,-0.95421,0.206827,0
1781247116955196,73.5153,-2.90789,2.24015,-4.99139,-3.24886,2.46955,-5,0.340969,-0.229397,0.00860596,0.411044,-0.982486,0.360354,-0.013352,-0.950162,0.194494,0
1781247116971196,73.5313,-2.92382,2.24542,-4.99139,-3.26781,2.47332,-5,0.343989,-0.227901,0.00860596,0.412724,-0.979627,0.351692,-0.0145844,-0.94609,0.182139,0
1781247116995196,73.5553,-2.94762,2.25309,-4.99146,-3.28669,2.47684,-5,0.339072,-0.223744,0.00854492,0.40633,-0.975372,0.338819,-0.0157775,-0.941995,0.169767,0
1781247117011196,73.5713,-2.9634,2.25804,-4.99152,-3.30549,2.48011,-5,0.342091,-0.222067,0.00848389,0.407936,-0.972552,0.32948,-0.0164044,-0.937875,0.157376,0
1781247117035196,73.5953,-2.98696,2.26521,-4.99164,-3.3242,2.48313,-5,0.337245,-0.217916,0.00836182,0.401611,-0.969611,0.316004,-0.0161214,-0.933731,0.144967,0
1781247117051196,73.6113,-3.00261,2.26985,-4.99173,-3.34283,2.4859,-5,0.340214,-0.216057,0.00827026,0.403106,-0.967839,0.306449,-0.0153223,-0.929567,0.132551,0
1781247117075196,73.6353,-3.02599,2.27654,-4.99188,-3.36137,2.48843,-5,0.335375,-0.211885,0.00811768,0.396784,-0.964974,0.294944,-0.0150801,-0.925378,0.120119,0
1781247117091196,73.6513,-3.04152,2.28085,-4.99197,-3.37984,2.49071,-5,0.338312,-0.209856,0.00802612,0.398195,-0.962916,0.285112,-0.0144751,-0.921165,0.107671,0
1781247117115196,73.6753,-3.0647,2.28707,-4.99216,-3.39822,2.49274,-5,0.333513,-0.20567,0.00784302,0.391909,-0.957532,0.272121,-0.0151381,-0.916928,0.0952126,0
1781247117131196,73.6913,-3.08059,2.28971,-4.99191,-3.4165,2.49452,-5,0.335915,-0.204809,0.00808716,0.393511,-0.955722,0.262737,-0.0134038,-0.912671,0.0827507,0
1781247117155196,73.7153,-3.10425,2.29351,-4.99158,-3.4347,2.49604,-5,0.330444,-0.202536,0.00842285,0.387666,-0.950641,0.247778,-0.0126295,-0.908393,0.0702846,0
1781247117171196,73.7313,-3.11993,2.29594,-4.99136,-3.45283,2.49733,-5,0.3329,-0.201385,0.00863647,0.389169,-0.947114,0.238185,-0.0113213,-0.904087,0.0577978,0
1781247117195196,73.7553,-3.14327,2.29943,-4.99097,-3.47087,2.49836,-5,0.327597,-0.198931,0.0090332,0.383373,-0.942242,0.223398,-0.0089884,-0.89976,0.0453097,0
1781247117211196,73.7713,-3.15872,2.30162,-4.99075,-3.48882,2.49914,-5,0.330101,-0.197519,0.00924683,0.384794,-0.938986,0.212741,-0.0090381,-0.895409,0.0328113,0
1781247117227196,73.7873,-3.17407,2.3037,-4.99054,-3.50667,2.49967,-5,0.332597,-0.195969,0.00946045,0.386152,-0.935013,0.202932,-0.00909496,-0.891042,0.0203295,0
1781247117251196,73.8113,-3.19692,2.30664,-4.99026,-3.52445,2.49995,-5,0.327528,-0.193312,0.00973511,0.380446,-0.928609,0.187865,-0.00868259,-0.886646,0.00782552,0
1781247117275196,73.8353,-3.2196,2.30932,-4.99005,-3.54213,2.49998,-5,0.322531,-0.190659,0.00994873,0.374801,-0.925225,0.172137,-0.0106222,-0.882231,-0.00466938,0
1781247117291196,73.8513,-3.23464,2.31097,-4.98996,-3.55973,2.49976,-5,0.32509,-0.188797,0.0100403,0.37607,-0.922432,0.162823,-0.0112944,-0.877793,-0.0171661,0
1781247117315196,73.8753,-3.25706,2.31326,-4.9899,-3.57723,2.4993,-5,0.32017,-0.186035,0.0101013,0.370432,-0.917438,0.149755,-0.0128123,-0.873335,-0.0296577,0
1781247117331196,73.8913,-3.27192,2.31467,-4.98987,-3.59464,2.49858,-5,0.322717,-0.183912,0.0101318,0.371581,-0.914606,0.140995,-0.0130978,-0.868855,-0.0421444,0
1781247117347196,73.9073,-3.28672,2.31598,-4.98987,-3.61198,2.49761,-5,0.325259,-0.181633,0.0101318,0.372675,-0.910961,0.131563,-0.0136945,-0.864349,-0.0546407,0
1781247117371196,73.9313,-3.30876,2.31772,-4.98987,-3.62921,2.49639,-5,0.32045,-0.178672,0.0101318,0.367035,-0.907068,0.117868,-0.0129117,-0.859826,-0.0671182,0
1781247117395196,73.9553,-3.33067,2.31922,-4.9899,-3.64636,2.49493,-5,0.315694,-0.175704,0.0101013,0.361437,-0.901038,0.103785,-0.0123831,-0.85528,-0.079594,0
1781247117411196,73.9713,-3.34517,2.32008,-4.9899,-3.66345,2.49321,-5,0.318287,-0.173123,0.0101013,0.362464,-0.897647,0.0943322,-0.0118066,-0.850702,-0.0920899,0
1781247117435196,73.9953,-3.3668,2.32118,-4.98993,-3.68038,2.49125,-5,0.313583,-0.170061,0.0100708,0.35687,-0.893161,0.082848,-0.0109044,-0.846123,-0.104521,0
1781247117451196,74.0113,-3.38115,2.3218,-4.98996,-3.69728,2.48903,-5,0.316139,-0.167229,0.0100403,0.357785,-0.889759,0.0747825,-0.0121564,-0.841505,-0.116991,0
1781247117475196,74.0353,-3.40253,2.32253,-4.99005,-3.71414,2.48655,-5,0.311606,-0.164017,0.00994873,0.352277,-0.884128,0.0624818,-0.0113074,-0.836854,-0.129482,0
1781247117491196,74.0513,-3.4167,2.3229,-4.99011,-3.73075,2.48385,-5,0.314049,-0.160953,0.0098877,0.353031,-0.880651,0.0533379,-0.0127301,-0.832222,-0.141852,0
1781247117515196,74.0753,-3.43778,2.3232,-4.99023,-3.74734,2.48089,-5,0.30956,-0.15769,0.00976562,0.347547,-0.87492,0.0390604,-0.0127129,-0.82755,-0.154258,0
1781247117531196,74.0913,-3.45168,2.32218,-4.98972,-3.76381,2.47769,-5,0.312128,-0.155504,0.0102844,0.348871,-0.870419,0.0301898,-0.0123923,-0.822866,-0.166627,0
1781247117555196,74.1153,-3.47239,2.32054,-4.98901,-3.78022,2.47423,-5,0.307826,-0.153696,0.0109863,0.344238,-0.863835,0.0169607,-0.0111989,-0.818152,-0.179004,0
1781247117571196,74.1313,-3.48611,2.31936,-4.98859,-3.79657,2.47052,-5,0.310461,-0.151162,0.0114136,0.345494,-0.860568,0.00834298,-0.0111766,-0.813406,-0.191394,0
1781247117595196,74.1553,-3.50658,2.31745,-4.98795,-3.81279,2.46657,-5,0.306214,-0.149115,0.0120544,0.340805,-0.854971,-0.00419115,-0.0123153,-0.808648,-0.20374,0
1781247117611196,74.1713,-3.52014,2.31609,-4.98758,-3.82892,2.46237,-5,0.308775,-0.146277,0.0124207,0.341896,-0.850475,-0.0126315,-0.0121785,-0.803874,-0.21606,0
1781247117627196,74.1873,-3.53363,2.31466,-4.98724,-3.8449,2.45794,-5,0.311271,-0.143284,0.0127563,0.342903,-0.846765,-0.0221752,-0.011893,-0.799091,-0.228326,0
1781247117651196,74.2113,-3.55378,2.3123,-4.98679,-3.86087,2.45324,-5,0.307091,-0.140941,0.0132141,0.338148,-0.842034,-0.0369341,-0.011861,-0.794265,-0.240629,0
1781247117675196,74.2353,-3.57382,2.30971,-4.98636,-3.8767,2.44831,-5,0.302875,-0.138599,0.0136414,0.33336,-0.837841,-0.0509554,-0.0116098,-0.789432,-0.252877,0
1781247117691196,74.2513,-3.5871,2.30786,-4.98611,-3.89244,2.44313,-5,0.305341,-0.135271,0.0138855,0.334252,-0.833157,-0.0604345,-0.0116146,-0.784574,-0.265109,0
1781247117715196,74.2753,-3.60688,2.30486,-4.98578,-3.90808,2.4377,-5,0.301195,-0.13284,0.0142212,0.329496,-0.826848,-0.0751112,-0.0122626,-0.7797,-0.277309,0
1781247117731196,74.2913,-3.62,2.30273,-4.98563,-3.92359,2.43205,-5,0.30359,-0.129314,0.0143738,0.330296,-0.824679,-0.0839831,-0.0138362,-0.774816,-0.289456,0
1781247117755196,74.3153,-3.63958,2.29937,-4.98541,-3.93906,2.42613,-5,0.299483,-0.126761,0.0145874,0.325532,-0.818844,-0.0967471,-0.0140386,-0.769895,-0.301619,0
1781247117771196,74.3313,-3.65254,2.29699,-4.98532,-3.95441,2.41998,-5,0.301873,-0.122981,0.014679,0.326293,-0.814353,-0.105508,-0.0148203,-0.764961,-0.313734,0
1781247117795196,74.3553,-3.67188,2.29325,-4.9852,-3.96964,2.41359,-5,0.297756,-0.120341,0.014801,0.321496,-0.810002,-0.117982,-0.0147075,-0.760015,-0.325805,0
1781247117811196,74.3713,-3.68472,2.29064,-4.98517,-3.9848,2.40695,-5,0.300079,-0.11631,0.0148315,0.322173,-0.805521,-0.126408,-0.013733,-0.755039,-0.337866,0
1781247117835196,74.3953,-3.70383,2.28651,-4.98514,-3.99981,2.40009,-5,0.295987,-0.113574,0.0148621,0.317377,-0.797971,-0.139532,-0.014224,-0.750062,-0.349852,0
1781247117851433,74.4115,-3.71649,2.28364,-4.98511,-4.01479,2.39296,-5,0.2983,-0.109324,0.0148926,0.318051,-0.795797,-0.148031,-0.0139152,-0.745046,-0.361851,0
1781247117875433,74.4355,-3.73538,2.27912,-4.98514,-4.02965,2.3856,-5,0.294269,-0.106479,0.0148621,0.313294,-0.789598,-0.159854,-0.0129171,-0.740014,-0.373806,0
1781247117891433,74.4515,-3.74789,2.27597,-4.98514,-4.04447,2.37796,-5,0.296584,-0.101995,0.0148621,0.313984,-0.785835,-0.169043,-0.0127702,-0.734942,-0.385776,0
1781247117915433,74.4755,-3.76652,2.27106,-4.98517,-4.0591,2.37014,-5,0.292576,-0.0990868,0.0148315,0.309255,-0.779176,-0.180981,-0.0126878,-0.729886,-0.397626,0
1781247117931433,74.4915,-3.77853,2.26594,-4.98462,-4.07364,2.36207,-5,0.29511,-0.0961328,0.0153809,0.310754,-0.7771,-0.189534,-0.0111998,-0.724804,-0.409454,0
1781247117955433,74.5155,-3.79648,2.2582,-4.98386,-4.088,2.35382,-5,0.29152,-0.0956156,0.0161438,0.307224,-0.771289,-0.202113,-0.0118678,-0.719734,-0.421172,0
1781247117971433,74.5315,-3.80839,2.253,-4.9834,-4.10235,2.34527,-5,0.29396,-0.0922785,0.0166016,0.308551,-0.767898,-0.211543,-0.01175,-0.714614,-0.432924,0
1781247117995433,74.5555,-3.82617,2.24509,-4.98282,-4.11667,2.33645,-5,0.290496,-0.0913548,0.0171814,0.305007,-0.762824,-0.224154,-0.0145139,-0.709447,-0.444696,0
1781247118011433,74.5715,-3.83797,2.23975,-4.98248,-4.13079,2.32745,-5,0.292821,-0.0876913,0.0175171,0.306171,-0.758172,-0.233836,-0.0151691,-0.704298,-0.456344,0
1781247118035433,74.5955,-3.85557,2.23163,-4.98206,-4.14482,2.3182,-5,0.289251,-0.0865684,0.0179443,0.302461,-0.753327,-0.245668,-0.016876,-0.699126,-0.467957,0
1781247118051433,74.6115,-3.86727,2.22615,-4.98181,-4.15868,2.30878,-5,0.29141,-0.0826309,0.0181885,0.303444,-0.751464,-0.255007,-0.0167622,-0.693965,-0.479459,0
1781247118075433,74.6355,-3.88473,2.21781,-4.98151,-4.17252,2.29907,-5,0.287787,-0.0812607,0.0184937,0.299611,-0.745512,-0.267245,-0.0170515,-0.688753,-0.490991,0
1781247118091433,74.6515,-3.89632,2.21216,-4.98132,-4.18623,2.28914,-5,0.289912,-0.0769775,0.0186768,0.300539,-0.741948,-0.27507,-0.0162886,-0.683533,-0.502452,0
1781247118115433,74.6755,-3.91359,2.20358,-4.98108,-4.19991,2.27893,-5,0.286321,-0.0753531,0.0189209,0.296675,-0.735906,-0.288375,-0.0155103,-0.678267,-0.513927,0
1781247118131433,74.6915,-3.92503,2.19775,-4.98093,-4.21334,2.2686,-5,0.288306,-0.0708518,0.0190735,0.297497,-0.731347,-0.296394,-0.0152122,-0.673042,-0.525223,0
1781247118155433,74.7155,-3.9421,2.18887,-4.98074,-4.22676,2.25797,-5,0.284667,-0.0690999,0.0192566,0.293566,-0.726142,-0.308685,-0.0147789,-0.667761,-0.536553,0
1781247118171433,74.7315,-3.95341,2.18286,-4.98062,-4.24008,2.24712,-5,0.286672,-0.0642607,0.0193787,0.294424,-0.722649,-0.316425,-0.0150514,-0.662463,-0.547828,0
1781247118195433,74.7555,-3.97028,2.17371,-4.98047,-4.25324,2.23608,-5,0.282958,-0.0623701,0.0195312,0.290408,-0.716438,-0.327016,-0.0155162,-0.657171,-0.559002,0
1781247118211433,74.7715,-3.98146,2.16753,-4.98041,-4.26637,2.22475,-5,0.284911,-0.0572171,0.0195923,0.291259,-0.714043,-0.334852,-0.0164385,-0.651827,-0.570194,0
1781247118235433,74.7955,-3.99813,2.1581,-4.98035,-4.27933,2.21326,-5,0.281201,-0.0551531,0.0196533,0.287232,-0.707836,-0.346169,-0.0165053,-0.646496,-0.581269,0
1781247118251433,74.8115,-4.00918,2.15172,-4.98032,-4.29223,2.20151,-5,0.283043,-0.049782,0.0196838,0.288061,-0.705001,-0.354167,-0.0167339,-0.641132,-0.59232,0
1781247118275433,74.8355,-4.02569,2.14199,-4.98035,-4.305,2.18954,-5,0.279314,-0.0475483,0.0196533,0.284013,-0.700684,-0.365876,-0.0168316,-0.635755,-0.603305,0
1781247118291433,74.8515,-4.03663,2.13539,-4.98038,-4.31766,2.17737,-5,0.281033,-0.0419738,0.0196228,0.284827,-0.696225,-0.373641,-0.0179079,-0.630366,-0.614222,0
1781247118315433,74.8755,-4.05291,2.12534,-4.98047,-4.33021,2.16498,-5,0.277301,-0.0396411,0.0195312,0.2808,-0.68925,-0.384351,-0.017138,-0.624965,-0.62507,0
1781247118331433,74.8915,-4.06357,2.11643,-4.9801,-4.34264,2.15239,-5,0.279068,-0.0359523,0.0198975,0.282077,-0.685171,-0.392325,-0.0186441,-0.61955,-0.635852,0
1781247118355433,74.9155,-4.07947,2.10307,-4.97961,-4.355,2.13954,-5,0.275521,-0.0364685,0.0203857,0.27867,-0.678876,-0.405078,-0.0187682,-0.614106,-0.646599,0
1781247118371433,74.9315,-4.09002,2.09415,-4.97931,-4.36723,2.1265,-5,0.277212,-0.0323513,0.0206909,0.279859,-0.675272,-0.413462,-0.0181202,-0.608652,-0.657269,0
1781247118395433,74.9555,-4.10575,2.08075,-4.97894,-4.37933,2.11326,-5,0.273583,-0.03251,0.0210571,0.276312,-0.671276,-0.425032,-0.0172495,-0.603191,-0.667857,0
1781247118411433,74.9715,-4.11618,2.0718,-4.97873,-4.39133,2.09982,-5,0.275142,-0.0280139,0.0212708,0.277381,-0.666917,-0.432641,-0.0166806,-0.597718,-0.678374,0
1781247118435433,74.9955,-4.13174,2.05833,-4.97845,-4.40349,2.08584,-5,0.271754,-0.0275104,0.0215454,0.273992,-0.662112,-0.445201,-0.017444,-0.592097,-0.689073,0
1781247118451433,75.0115,-4.14204,2.0493,-4.9783,-4.41503,2.07225,-5,0.272985,-0.0229545,0.021698,0.274806,-0.658372,-0.453183,-0.0166213,-0.586704,-0.699246,0
1781247118475433,75.0355,-4.1574,2.03566,-4.97818,-4.4267,2.05816,-5,0.269304,-0.0225081,0.0218201,0.271123,-0.652579,-0.466879,-0.018125,-0.581179,-0.70957,0
1781247118491433,75.0515,-4.16758,2.0265,-4.97809,-4.43827,2.04388,-5,0.270692,-0.0173719,0.0219116,0.272132,-0.648985,-0.47447,-0.0172493,-0.57564,-0.719822,0
1781247118515433,75.0755,-4.18276,2.01269,-4.978,-4.44967,2.02945,-5,0.266915,-0.0167525,0.0220032,0.268344,-0.643713,-0.485511,-0.0162734,-0.570111,-0.729957,0
1781247118531433,75.0915,-4.1928,2.00344,-4.97794,-4.46105,2.0147,-5,0.268244,-0.0112693,0.0220642,0.269386,-0.638177,-0.492271,-0.016174,-0.564527,-0.740095,0
1781247118555433,75.1155,-4.20776,1.98948,-4.97787,-4.47229,1.99979,-5,0.264532,-0.0103129,0.0221252,0.265656,-0.634086,-0.503013,-0.0145034,-0.558938,-0.750141,0
1781247118571433,75.1315,-4.21769,1.98011,-4.97778,-4.48345,1.98464,-5,0.265761,-0.00452566,0.0222168,0.266727,-0.631199,-0.510457,-0.0134328,-0.553323,-0.760135,0
1781247118595433,75.1555,-4.23248,1.96597,-4.97766,-4.49445,1.96935,-5,0.261971,-0.0033803,0.0223389,0.262943,-0.625555,-0.520725,-0.0134255,-0.547717,-0.77001,0
1781247118611433,75.1715,-4.24227,1.95648,-4.97763,-4.50534,1.95387,-5,0.263065,0.00260365,0.0223694,0.264028,-0.622341,-0.52792,-0.014008,-0.5421,-0.779805,0
1781247118635433,75.1955,-4.25684,1.94215,-4.9776,-4.5161,1.93821,-5,0.259255,0.00394285,0.0223999,0.260251,-0.615651,-0.537383,-0.0152783,-0.536473,-0.789515,0
1781247118651433,75.2115,-4.26648,1.93254,-4.9776,-4.52679,1.9223,-5,0.260307,0.0102416,0.0223999,0.261469,-0.611726,-0.544851,-0.0160998,-0.530811,-0.799183,0
1781247118675433,75.2355,-4.28082,1.91801,-4.97763,-4.53738,1.90617,-5,0.25656,0.0118368,0.0223694,0.257805,-0.605024,-0.555164,-0.0151934,-0.525129,-0.808783,0
1781247118691433,75.2515,-4.2903,1.90825,-4.97766,-4.54779,1.88996,-5,0.257487,0.0182905,0.0223389,0.259101,-0.600557,-0.560993,-0.0145666,-0.519472,-0.818239,0
1781247118715433,75.2755,-4.30439,1.89351,-4.97775,-4.55812,1.87351,-5,0.253727,0.0200055,0.0222473,0.255485,-0.594085,-0.570388,-0.0165725,-0.513783,-0.827643,0
1781247118731433,75.2915,-4.31308,1.88078,-4.97742,-4.56833,1.85687,-5,0.255245,0.0239031,0.022583,0.257355,-0.590974,-0.579087,-0.0160838,-0.508083,-0.836963,0
1781247118755433,75.3155,-4.32609,1.86176,-4.97702,-4.57843,1.84005,-5,0.252344,0.0217166,0.0229797,0.254317,-0.584982,-0.59113,-0.0176059,-0.502368,-0.846202,0
1781247118771433,75.3315,-4.3347,1.84914,-4.97681,-4.58843,1.82302,-5,0.253729,0.0261197,0.0231934,0.256122,-0.579766,-0.597708,-0.0176028,-0.496636,-0.855365,0
1781247118795433,75.3555,-4.34753,1.8303,-4.9765,-4.5983,1.80583,-5,0.250768,0.0244741,0.0234985,0.253053,-0.57319,-0.608786,-0.0177486,-0.490896,-0.864433,0
1781247118811433,75.3715,-4.35601,1.81777,-4.97632,-4.60806,1.78844,-5,0.25205,0.0293325,0.0236816,0.254854,-0.568179,-0.615717,-0.0182106,-0.485138,-0.873425,0
1781247118835433,75.3955,-4.36866,1.79901,-4.97614,-4.61765,1.77099,-5,0.248985,0.0280122,0.0238647,0.25169,-0.562243,-0.62666,-0.0193166,-0.479409,-0.882267,0
1781247118851433,75.4115,-4.37704,1.78651,-4.97604,-4.62722,1.75318,-5,0.250184,0.0333353,0.0239563,0.253529,-0.557466,-0.633777,-0.0197467,-0.473604,-0.891118,0
1781247118875678,75.4358,-4.38952,1.76778,-4.97598,-4.63667,1.73521,-5,0.247149,0.0325743,0.0240173,0.25044,-0.552291,-0.644837,-0.0210671,-0.467795,-0.899869,0
1781247118891678,75.4518,-4.3978,1.75529,-4.97595,-4.64594,1.71718,-5,0.248139,0.0381014,0.0240479,0.252197,-0.548493,-0.651554,-0.0204171,-0.462012,-0.908471,0
1781247118915678,75.4758,-4.41011,1.73655,-4.97598,-4.6551,1.69896,-5,0.244993,0.0375884,0.0240173,0.249021,-0.541378,-0.661368,-0.0222106,-0.456208,-0.916998,0
1781247118931678,75.4918,-4.41825,1.72403,-4.97601,-4.66417,1.68053,-5,0.245915,0.0434995,0.0239868,0.250882,-0.537172,-0.669707,-0.0227529,-0.450383,-0.925448,0
1781247118955678,75.5158,-4.43038,1.7052,-4.97607,-4.67311,1.66195,-5,0.242736,0.0432545,0.0239258,0.247718,-0.530779,-0.680417,-0.0235531,-0.44455,-0.9338,0
1781247118971678,75.5318,-4.4384,1.69262,-4.97617,-4.68195,1.64317,-5,0.243551,0.0494511,0.0238342,0.249661,-0.527071,-0.687809,-0.0242489,-0.438698,-0.94207,0
1781247118995678,75.5558,-4.45037,1.67371,-4.97635,-4.69067,1.62425,-5,0.2403,0.049461,0.0236511,0.246475,-0.522276,-0.697393,-0.0259114,-0.43284,-0.950239,0
1781247119011678,75.5718,-4.4583,1.66107,-4.97647,-4.69923,1.60524,-5,0.240934,0.0558264,0.0235291,0.248434,-0.519133,-0.703708,-0.024833,-0.426996,-0.958279,0
1781247119035678,75.5958,-4.4701,1.64206,-4.97668,-4.70769,1.58605,-5,0.237588,0.0560154,0.0233154,0.245213,-0.512943,-0.711391,-0.0248314,-0.421132,-0.966237,0
1781247119051678,75.6118,-4.47791,1.62939,-4.97687,-4.71606,1.56664,-5,0.238146,0.0627439,0.0231323,0.247357,-0.508783,-0.716984,-0.0243926,-0.415242,-0.974118,0
1781247119075678,75.6358,-4.48952,1.61032,-4.97714,-4.72435,1.54698,-5,0.23483,0.0633451,0.0228577,0.244296,-0.502792,-0.72574,-0.0252551,-0.409309,-0.981945,0
1781247119091678,75.6518,-4.49715,1.59756,-4.97736,-4.73244,1.52735,-5,0.235284,0.0702074,0.022644,0.246577,-0.498216,-0.732329,-0.0250794,-0.403426,-0.989596,0
1781247119115678,75.6758,-4.5085,1.57834,-4.97769,-4.74044,1.5075,-5,0.231938,0.0708375,0.0223083,0.243539,-0.491661,-0.741054,-0.0230938,-0.397512,-0.997175,0
1781247119131678,75.6918,-4.51543,1.56239,-4.97748,-4.74832,1.48751,-5,0.232886,0.074882,0.022522,0.245664,-0.486098,-0.748497,-0.0225021,-0.391587,-1.00465,0
1781247119155678,75.7158,-4.52574,1.53863,-4.97723,-4.7561,1.46732,-5,0.230354,0.0713096,0.0227661,0.242212,-0.478516,-0.757428,-0.0226253,-0.385643,-1.01205,0
1781247119171678,75.7318,-4.53256,1.52292,-4.97711,-4.7638,1.44688,-5,0.231241,0.0760493,0.0228882,0.244499,-0.473895,-0.763227,-0.02269,-0.379653,-1.01938,0
1781247119195678,75.7558,-4.54273,1.49951,-4.97696,-4.77135,1.42638,-5,0.228621,0.0731354,0.0230408,0.241137,-0.467924,-0.771792,-0.023642,-0.373684,-1.02658,0
1781247119211678,75.7718,-4.54946,1.48401,-4.97693,-4.77874,1.40584,-5,0.229281,0.0781734,0.0230713,0.243337,-0.463236,-0.777498,-0.0239698,-0.367733,-1.03364,0
1781247119235678,75.7958,-4.55946,1.46085,-4.97696,-4.78603,1.38513,-5,0.226566,0.0757276,0.0230408,0.239995,-0.455052,-0.787115,-0.0249907,-0.361763,-1.0406,0
1781247119251678,75.8118,-4.56606,1.44548,-4.97702,-4.79321,1.36421,-5,0.227158,0.0812664,0.0229797,0.242349,-0.449764,-0.792411,-0.0237972,-0.355766,-1.04749,0
1781247119275678,75.8358,-4.57584,1.42251,-4.97708,-4.80028,1.34316,-5,0.224436,0.0793508,0.0229187,0.239151,-0.442058,-0.799847,-0.0231195,-0.34976,-1.05427,0
1781247119291678,75.8518,-4.5823,1.40725,-4.97714,-4.8072,1.32204,-5,0.224898,0.0852072,0.0228577,0.241582,-0.437791,-0.805966,-0.022887,-0.343767,-1.06092,0
1781247119315678,75.8758,-4.59192,1.38444,-4.97726,-4.81401,1.30079,-5,0.222091,0.0836533,0.0227356,0.23841,-0.431522,-0.812899,-0.0240078,-0.337761,-1.06747,0
1781247119331678,75.8918,-4.59828,1.36927,-4.97739,-4.82069,1.2794,-5,0.222419,0.0898647,0.0226135,0.240951,-0.428119,-0.818937,-0.0242214,-0.331748,-1.07391,0
1781247119355678,75.9158,-4.60773,1.34654,-4.9776,-4.8273,1.25776,-5,0.219572,0.0887818,0.0223999,0.237898,-0.420012,-0.827455,-0.0248563,-0.325689,-1.08028,0
1781247119371678,75.9318,-4.61395,1.33142,-4.97769,-4.83373,1.23617,-5,0.219785,0.0952487,0.0223083,0.240573,-0.415605,-0.831072,-0.0259547,-0.319673,-1.08649,0
1781247119395678,75.9558,-4.62319,1.30878,-4.97791,-4.84007,1.21437,-5,0.216879,0.0944093,0.0220947,0.237567,-0.410388,-0.837341,-0.0266826,-0.313624,-1.09262,0
1781247119411678,75.9718,-4.62929,1.29373,-4.97809,-4.84629,1.19241,-5,0.217002,0.101317,0.0219116,0.24049,-0.405369,-0.841192,-0.0264078,-0.307558,-1.09865,0
1781247119435678,75.9958,-4.63834,1.27122,-4.97836,-4.85236,1.17047,-5,0.214016,0.100758,0.021637,0.237536,-0.399304,-0.846444,-0.0246976,-0.30152,-1.10454,0
1781247119451678,76.0118,-4.64432,1.25624,-4.97852,-4.85832,1.14835,-5,0.214001,0.107899,0.0214844,0.240624,-0.395487,-0.849383,-0.0242211,-0.295458,-1.11033,0
1781247119475678,76.0358,-4.65323,1.23382,-4.97879,-4.86418,1.12603,-5,0.210948,0.107791,0.0212097,0.23784,-0.392643,-0.855571,-0.0245138,-0.289367,-1.11603,0
1781247119491678,76.0518,-4.65914,1.21887,-4.979,-4.86987,1.1038,-5,0.210729,0.115073,0.0209961,0.241017,-0.388719,-0.860111,-0.0251959,-0.283324,-1.12156,0
1781247119515678,76.0758,-4.6679,1.19648,-4.97934,-4.87549,1.08124,-5,0.207598,0.115236,0.0206604,0.238334,-0.381781,-0.864917,-0.0255558,-0.277213,-1.12704,0
1781247119531678,76.0918,-4.67303,1.17808,-4.97922,-4.88096,1.05871,-5,0.207934,0.119372,0.0207825,0.240662,-0.376064,-0.872062,-0.0249189,-0.271132,-1.13238,0
1781247119555678,76.1158,-4.68068,1.15077,-4.97906,-4.88632,1.03605,-5,0.205635,0.11472,0.0209351,0.236399,-0.37061,-0.878408,-0.0236857,-0.265038,-1.13761,0
1781247119571678,76.1318,-4.68576,1.13274,-4.97897,-4.89156,1.01321,-5,0.205804,0.119529,0.0210266,0.238924,-0.3667,-0.883512,-0.022271,-0.258917,-1.14274,0
1781247119595678,76.1558,-4.69331,1.1059,-4.97879,-4.89668,0.990318,-5,0.203366,0.115587,0.0212097,0.234878,-0.360088,-0.890417,-0.0214692,-0.252804,-1.14774,0
1781247119611678,76.1718,-4.69832,1.08817,-4.9787,-4.90168,0.967258,-5,0.203364,0.120909,0.0213013,0.237549,-0.357179,-0.894846,-0.0204441,-0.246665,-1.15265,0
1781247119635678,76.1958,-4.70579,1.06176,-4.97861,-4.90655,0.944179,-5,0.200757,0.117582,0.0213928,0.233638,-0.351989,-0.900025,-0.0206089,-0.24054,-1.15742,0
1781247119651678,76.2118,-4.71074,1.0443,-4.97855,-4.91131,0.920961,-5,0.200565,0.123337,0.0214539,0.236429,-0.347961,-0.904248,-0.0206985,-0.234398,-1.16209,0
1781247119675678,76.2358,-4.71809,1.01823,-4.97849,-4.91591,0.89778,-5,0.197825,0.120448,0.0215149,0.232606,-0.341178,-0.911342,-0.0207184,-0.228284,-1.16662,0
1781247119691678,76.2518,-4.72294,1.00094,-4.97845,-4.92043,0.874304,-5,0.197495,0.126639,0.0215454,0.235597,-0.338544,-0.915504,-0.021309,-0.222111,-1.17107,0
1781247119715678,76.2758,-4.73017,0.975159,-4.97852,-4.92482,0.85082,-5,0.194649,0.124339,0.0214844,0.23197,-0.332878,-0.921032,-0.0233708,-0.215952,-1.17538,0
1781247119731678,76.2918,-4.73495,0.958056,-4.97858,-4.92907,0.827287,-5,0.194125,0.130769,0.0214233,0.23504,-0.329673,-0.924323,-0.0232545,-0.209798,-1.17958,0
1781247119755678,76.3158,-4.74207,0.932506,-4.9787,-4.93321,0.803631,-5,0.191142,0.128874,0.0213013,0.231511,-0.324622,-0.93093,-0.0225466,-0.203628,-1.18366,0
1781247119771678,76.3318,-4.74677,0.915544,-4.97879,-4.93722,0.779951,-5,0.190448,0.135593,0.0212097,0.234746,-0.320199,-0.93338,-0.0227007,-0.197467,-1.18761,0
1781247119795678,76.3558,-4.75375,0.890218,-4.97897,-4.9411,0.756174,-5,0.18735,0.134044,0.0210266,0.231322,-0.314918,-0.938356,-0.0239309,-0.191297,-1.19145,0
1781247119811678,76.3718,-4.75833,0.873392,-4.9791,-4.94486,0.732337,-5,0.186535,0.141054,0.0209045,0.234795,-0.310494,-0.940459,-0.0235509,-0.185126,-1.19517,0
1781247119835678,76.3958,-4.76509,0.848271,-4.97931,-4.9485,0.708389,-5,0.183418,0.139882,0.0206909,0.231597,-0.304118,-0.94439,-0.0234503,-0.17894,-1.19877,0
1781247119851678,76.4118,-4.76953,0.831585,-4.97943,-4.95202,0.68439,-5,0.182492,0.147195,0.0205688,0.235357,-0.299184,-0.946786,-0.021661,-0.172755,-1.20225,0
1781247119875678,76.4358,-4.77606,0.806661,-4.97958,-4.95541,0.66033,-5,0.179347,0.146331,0.0204163,0.232368,-0.29114,-0.949648,-0.0207298,-0.166568,-1.20561,0
1781247119891924,76.452,-4.78034,0.790112,-4.97968,-4.95868,0.636196,-5,0.178337,0.153915,0.0203247,0.236447,-0.286236,-0.950937,-0.0205377,-0.160375,-1.20885,0
1781247119915924,76.476,-4.78664,0.765376,-4.97986,-4.96182,0.611994,-5,0.175177,0.153382,0.0201416,0.233707,-0.279556,-0.954447,-0.0208153,-0.154176,-1.21197,0
1781247119931924,76.492,-4.79008,0.745305,-4.97974,-4.96484,0.587745,-5,0.174758,0.157559,0.0202637,0.23617,-0.274937,-0.958301,-0.0214908,-0.147977,-1.21496,0
1781247119955924,76.516,-4.79522,0.715527,-4.97961,-4.96774,0.563404,-5,0.172521,0.152123,0.0203857,0.230912,-0.268351,-0.964359,-0.021247,-0.141766,-1.21784,0
1781247119971924,76.532,-4.7986,0.695883,-4.97955,-4.97051,0.539088,-5,0.171906,0.156795,0.0204468,0.233569,-0.262382,-0.96775,-0.021143,-0.135572,-1.22059,0
1781247119995924,76.556,-4.80361,0.666735,-4.97949,-4.97316,0.514649,-5,0.169549,0.152085,0.0205078,0.228686,-0.256806,-0.972211,-0.0224034,-0.129357,-1.22323,0
1781247120011924,76.572,-4.80691,0.647494,-4.97949,-4.97568,0.490113,-5,0.168774,0.157381,0.0205078,0.231677,-0.251794,-0.975317,-0.0220502,-0.123127,-1.22574,0
1781247120035924,76.596,-4.81177,0.618875,-4.97949,-4.97809,0.465574,-5,0.166319,0.153302,0.0205078,0.227121,-0.242877,-0.981032,-0.0204167,-0.116906,-1.22813,0
1781247120051924,76.612,-4.81494,0.599939,-4.97949,-4.98036,0.441008,-5,0.165417,0.158931,0.0205078,0.230309,-0.239157,-0.984612,-0.0189949,-0.110687,-1.2304,0
1781247120075924,76.636,-4.81964,0.571779,-4.97949,-4.98251,0.416379,-5,0.16287,0.155401,0.0205078,0.226046,-0.232475,-0.987074,-0.0194843,-0.10446,-1.23254,0
1781247120091924,76.652,-4.82272,0.553151,-4.97946,-4.98454,0.391711,-5,0.161814,0.16144,0.0205383,0.229496,-0.227691,-0.990226,-0.0191932,-0.0982315,-1.23456,0
1781247120115924,76.676,-4.82728,0.525376,-4.97943,-4.98644,0.366936,-5,0.159165,0.15844,0.0205688,0.225521,-0.221823,-0.995036,-0.0181928,-0.0919834,-1.23646,0
1781247120131924,76.692,-4.83027,0.506979,-4.9794,-4.98822,0.342253,-5,0.157949,0.164726,0.0205994,0.229144,-0.217446,-0.997311,-0.0187938,-0.0857653,-1.23823,0
1781247120155924,76.716,-4.83466,0.479573,-4.97946,-4.98988,0.317373,-5,0.155218,0.1622,0.0205383,0.22544,-0.21055,-0.999889,-0.0196935,-0.0795041,-1.23989,0
1781247120171924,76.732,-4.83753,0.461412,-4.97949,-4.9914,0.292673,-5,0.153865,0.168739,0.0205078,0.229277,-0.206617,-1.00221,-0.0197335,-0.0732944,-1.2414,0
1781247120195924,76.756,-4.84175,0.434338,-4.97958,-4.9928,0.267825,-5,0.15105,0.166514,0.0204163,0.225743,-0.200474,-1.00398,-0.018013,-0.0670527,-1.24281,0
1781247120211924,76.772,-4.8445,0.416402,-4.97964,-4.99408,0.242974,-5,0.149574,0.173428,0.0203552,0.229921,-0.195015,-1.00555,-0.0182923,-0.0608155,-1.24408,0
1781247120235924,76.796,-4.84851,0.389645,-4.97977,-4.99523,0.218095,-5,0.14672,0.171549,0.0202332,0.226639,-0.18903,-1.00827,-0.0168262,-0.0545759,-1.24523,0
1781247120251924,76.812,-4.85112,0.371878,-4.97986,-4.99626,0.193178,-5,0.145142,0.1787,0.0201416,0.231097,-0.184837,-1.01112,-0.0165044,-0.0483306,-1.24626,0
1781247120275924,76.836,-4.85492,0.345344,-4.98001,-4.99717,0.168252,-5,0.142246,0.177092,0.019989,0.228024,-0.176562,-1.01278,-0.0181123,-0.0420869,-1.24717,0
1781247120291924,76.852,-4.85737,0.327756,-4.98013,-4.99794,0.143309,-5,0.14057,0.184447,0.0198669,0.232756,-0.172991,-1.01317,-0.0176512,-0.0358419,-1.24794,0
1781247120315924,76.876,-4.86097,0.301533,-4.98032,-4.9986,0.118338,-5,0.137631,0.183195,0.0196838,0.229979,-0.165698,-1.01214,-0.0187205,-0.0295928,-1.2486,0
1781247120331924,76.892,-4.86262,0.28036,-4.97989,-4.99913,0.0934463,-5,0.136502,0.186914,0.0201111,0.232323,-0.161295,-1.01529,-0.0190368,-0.0233657,-1.24913,0
1781247120355924,76.916,-4.86505,0.249024,-4.97931,-4.99953,0.0684581,-5,0.134483,0.180566,0.0206909,0.226093,-0.152943,-1.01899,-0.0196757,-0.0171161,-1.24953,0
1781247120371924,76.932,-4.86661,0.228369,-4.979,-4.99981,0.0434776,-5,0.133197,0.184891,0.0209961,0.228838,-0.148632,-1.02183,-0.0193557,-0.0108698,-1.24981,0
1781247120395924,76.956,-4.86889,0.197729,-4.97861,-4.99997,0.0183547,-5,0.131079,0.179374,0.0213928,0.223191,-0.141715,-1.02573,-0.0190005,-0.00458871,-1.24997,0
1781247120411924,76.972,-4.87035,0.177522,-4.97839,-5,-0.00651261,-5,0.129643,0.184035,0.0216064,0.226148,-0.136839,-1.0276,-0.0196625,0.00162815,-1.25,0
1781247120435924,76.996,-4.87249,0.147512,-4.97812,-4.9999,-0.0316182,-5,0.127412,0.17913,0.0218811,0.220908,-0.130392,-1.03023,-0.0193421,0.0079047,-1.2499,0
1781247120451924,77.012,-4.87387,0.127712,-4.978,-4.99968,-0.0565322,-5,0.125813,0.184244,0.0220032,0.224185,-0.126198,-1.03128,-0.0186263,0.0141339,-1.24968,0
1781247120475924,77.036,-4.87588,0.0983127,-4.97778,-4.99934,-0.0815293,-5,0.123451,0.179842,0.0222168,0.219264,-0.120478,-1.03169,-0.0174611,0.020385,-1.24934,0
1781247120491924,77.052,-4.87718,0.0789115,-4.97769,-4.99886,-0.106525,-5,0.121686,0.185437,0.0223083,0.222917,-0.115359,-1.03183,-0.0179447,0.0266373,-1.24886,0
1781247120515924,77.076,-4.87903,0.0500876,-4.97757,-4.99827,-0.131495,-5,0.119242,0.181583,0.0224304,0.218389,-0.108475,-1.03249,-0.0175024,0.0328851,-1.24827,0
1781247120531924,77.092,-4.8802,0.0310588,-4.97754,-4.99755,-0.156435,-5,0.117345,0.187494,0.0224609,0.222325,-0.104717,-1.03114,-0.0183054,0.0391279,-1.24755,0
1781247120555924,77.116,-4.88192,0.00277661,-4.97751,-4.99671,-0.181341,-5,0.114784,0.184117,0.0224915,0.21813,-0.0998133,-1.03185,-0.0192441,0.0453651,-1.24671,0
1781247120571924,77.132,-4.88301,-0.01592,-4.97754,-4.99573,-0.206304,-5,0.112722,0.190384,0.0224609,0.222389,-0.0944024,-1.0321,-0.0194526,0.0516201,-1.24574,0
1781247120587924,77.148,-4.88404,-0.0344985,-4.9776,-4.99464,-0.231246,-5,0.110596,0.196748,0.0223999,0.22681,-0.0892451,-1.03147,-0.0210469,0.0578736,-1.24464,0
1781247120611924,77.172,-4.88546,-0.0621118,-4.97775,-4.99342,-0.256062,-5,0.107957,0.193951,0.0222473,0.223084,-0.0814504,-1.03029,-0.0226236,0.0640999,-1.24343,0
1781247120635924,77.196,-4.88676,-0.0894492,-4.97794,-4.99208,-0.28088,-5,0.105317,0.19143,0.0220642,0.2196,-0.0744979,-1.02849,-0.022886,0.0703313,-1.24209,0
1781247120651924,77.212,-4.88756,-0.107527,-4.97809,-4.99061,-0.30576,-5,0.10305,0.198233,0.0219116,0.22449,-0.0701729,-1.02791,-0.0235459,0.0765839,-1.24062,0
1781247120675924,77.236,-4.88862,-0.134442,-4.97836,-4.98901,-0.330555,-5,0.100389,0.196113,0.021637,0.221374,-0.0619557,-1.02677,-0.0242087,0.0828208,-1.23903,0
1781247120691924,77.252,-4.88924,-0.152261,-4.97858,-4.9873,-0.35529,-5,0.0980573,0.20303,0.0214233,0.226484,-0.0578165,-1.02668,-0.0248702,0.0890489,-1.23731,0
1781247120715924,77.276,-4.89007,-0.178794,-4.97894,-4.98546,-0.379956,-5,0.0953875,0.201162,0.0210571,0.223626,-0.0507834,-1.02402,-0.0258808,0.0952661,-1.23548,0
1781247120731924,77.292,-4.88982,-0.19949,-4.97876,-4.98349,-0.404656,-5,0.0936656,0.205166,0.0212402,0.226534,-0.0443595,-1.02491,-0.0252759,0.101499,-1.23352,0
1781247120755924,77.316,-4.88936,-0.230115,-4.97855,-4.98139,-0.429386,-5,0.0920272,0.199271,0.0214539,0.220541,-0.0349102,-1.02468,-0.0252826,0.107748,-1.23142,0
1781247120771924,77.332,-4.889,-0.250262,-4.97842,-4.97917,-0.454055,-5,0.0901694,0.203793,0.0215759,0.223892,-0.029846,-1.02512,-0.0248741,0.113989,-1.22921,0
1781247120795924,77.356,-4.88837,-0.2801,-4.9783,-4.97684,-0.478493,-5,0.0884643,0.198393,0.021698,0.218304,-0.0216412,-1.02376,-0.0250944,0.12018,-1.22689,0
1781247120811924,77.372,-4.88791,-0.29973,-4.97824,-4.97437,-0.503011,-5,0.0864606,0.20328,0.021759,0.221972,-0.0169416,-1.02239,-0.0253915,0.126401,-1.22444,0
1781247120835924,77.396,-4.8871,-0.328828,-4.97821,-4.97178,-0.527508,-5,0.0846734,0.198681,0.0217896,0.217068,-0.00712355,-1.0219,-0.0253901,0.132626,-1.22186,0
1781247120851924,77.412,-4.8865,-0.348001,-4.97818,-4.96907,-0.55189,-5,0.0825653,0.203889,0.0218201,0.221051,-0.00275564,-1.01966,-0.0241013,0.138831,-1.21916,0
1781247120867924,77.428,-4.88586,-0.366983,-4.97818,-4.96624,-0.57616,-5,0.0803733,0.209177,0.0218201,0.225147,0.00146823,-1.01769,-0.022948,0.145019,-1.21635,0
1781247120892168,77.4523,-4.88482,-0.395141,-4.97818,-4.96327,-0.60046,-5,0.0784559,0.20532,0.0218201,0.220879,0.00853641,-1.01554,-0.0238399,0.151226,-1.21341,0
1781247120908168,77.4683,-4.88407,-0.413712,-4.97821,-4.96019,-0.624693,-5,0.076117,0.210981,0.0217896,0.225348,0.01327,-1.01435,-0.0222682,0.157427,-1.21035,0
1781247120932168,77.4923,-4.88289,-0.441274,-4.9783,-4.95698,-0.648858,-5,0.074091,0.207584,0.021698,0.221475,0.018663,-1.0116,-0.021498,0.163622,-1.20716,0
1781247120956168,77.5163,-4.88162,-0.46851,-4.97842,-4.95364,-0.672969,-5,0.0720282,0.20446,0.0215759,0.217847,0.0263027,-1.00896,-0.0202243,0.169817,-1.20386,0
1781247120972168,77.5323,-4.88069,-0.48648,-4.97849,-4.95019,-0.697014,-5,0.0694962,0.210534,0.0215149,0.222749,0.0319843,-1.00641,-0.0193521,0.176007,-1.20043,0
1781247120996168,77.5563,-4.87921,-0.513149,-4.97861,-4.9466,-0.720987,-5,0.0673904,0.207838,0.0213928,0.219535,0.0381835,-1.00337,-0.0190066,0.182192,-1.19689,0
1781247121012168,77.5723,-4.87817,-0.53077,-4.97867,-4.9429,-0.744889,-5,0.0647254,0.214119,0.0213318,0.224703,0.0427212,-1.00181,-0.0184106,0.188374,-1.19322,0
1781247121036168,77.5963,-4.87652,-0.556956,-4.97882,-4.93907,-0.768699,-5,0.0625534,0.211743,0.0211792,0.221803,0.0491222,-0.998229,-0.0188089,0.194545,-1.18944,0
1781247121052168,77.6123,-4.87536,-0.574256,-4.97891,-4.93512,-0.792452,-5,0.0597601,0.218197,0.0210876,0.227213,0.0534957,-0.996435,-0.0181311,0.200718,-1.18554,0
1781247121076168,77.6363,-4.87353,-0.599994,-4.97906,-4.93104,-0.816113,-5,0.0575147,0.216118,0.0209351,0.224618,0.0599014,-0.993863,-0.0179566,0.206881,-1.18152,0
1781247121092168,77.6523,-4.87223,-0.617013,-4.97919,-4.92685,-0.839698,-5,0.0546117,0.222685,0.020813,0.230227,0.0642171,-0.99187,-0.0192404,0.213041,-1.17738,0
1781247121116168,77.6763,-4.87017,-0.642333,-4.9794,-4.92253,-0.863175,-5,0.0523572,0.220842,0.0205994,0.227896,0.0718455,-0.988821,-0.0177715,0.21919,-1.17313,0
1781247121132168,77.6923,-4.86786,-0.662456,-4.97919,-4.91808,-0.886614,-5,0.0502152,0.224158,0.020813,0.230655,0.077489,-0.987866,-0.0170159,0.225346,-1.16875,0
1781247121156168,77.7163,-4.86433,-0.692171,-4.97891,-4.91352,-0.909923,-5,0.0491886,0.217752,0.0210876,0.224232,0.0864063,-0.985266,-0.0161883,0.231485,-1.16426,0
1781247121172168,77.7323,-4.86193,-0.711683,-4.97876,-4.90882,-0.93316,-5,0.0468941,0.221478,0.0212402,0.227382,0.0906959,-0.984908,-0.0159707,0.237623,-1.15966,0
1781247121196168,77.7563,-4.8583,-0.740544,-4.97861,-4.90401,-0.956328,-5,0.0457025,0.215784,0.0213928,0.221605,0.0969128,-0.981794,-0.0168358,0.243762,-1.15493,0
1781247121212168,77.7723,-4.85585,-0.759502,-4.97858,-4.89908,-0.979349,-5,0.0432234,0.219848,0.0214233,0.225078,0.102215,-0.98071,-0.0172218,0.249881,-1.1501,0
1781247121236168,77.7963,-4.85211,-0.787576,-4.97855,-4.89402,-1.00231,-5,0.0419092,0.214736,0.0214539,0.219836,0.109827,-0.977881,-0.0173733,0.256004,-1.14514,0
1781247121252168,77.8123,-4.84956,-0.80604,-4.97858,-4.88883,-1.02517,-5,0.039278,0.219129,0.0214233,0.223649,0.11606,-0.974566,-0.0186195,0.26212,-1.14007,0
1781247121276168,77.8363,-4.84562,-0.833341,-4.97867,-4.88353,-1.0479,-5,0.03791,0.214563,0.0213318,0.218928,0.124536,-0.969327,-0.0197853,0.268224,-1.13489,0
1781247121292168,77.8523,-4.84294,-0.851295,-4.97876,-4.87811,-1.07055,-5,0.0351682,0.219258,0.0212402,0.223074,0.129287,-0.966147,-0.0208625,0.274326,-1.12959,0
1781247121316168,77.8763,-4.83882,-0.877875,-4.97897,-4.87256,-1.09308,-5,0.0337477,0.215202,0.0210266,0.218845,0.136751,-0.960469,-0.0221342,0.280416,-1.12419,0
1781247121332168,77.8923,-4.83601,-0.895353,-4.97913,-4.8669,-1.11548,-5,0.0308895,0.220129,0.020874,0.223264,0.142197,-0.956196,-0.023861,0.286497,-1.11867,0
1781247121356168,77.9163,-4.8317,-0.921258,-4.9794,-4.86112,-1.13777,-5,0.0294123,0.216514,0.0205994,0.219471,0.149255,-0.953635,-0.0236681,0.29257,-1.11304,0
1781247121372168,77.9323,-4.82877,-0.938342,-4.97958,-4.85516,-1.16012,-5,0.0263948,0.221778,0.0204163,0.224275,0.154767,-0.950471,-0.0227371,0.298682,-1.10726,0
1781247121396168,77.9563,-4.82426,-0.96364,-4.97989,-4.84914,-1.18219,-5,0.0248785,0.218549,0.0201111,0.220878,0.16144,-0.945176,-0.0216044,0.304742,-1.10141,0
1781247121412168,77.9723,-4.8212,-0.980295,-4.9801,-4.84301,-1.20404,-5,0.0218129,0.22375,0.0198975,0.22569,0.1651,-0.939975,-0.0219579,0.310769,-1.09548,0
1781247121436168,77.9963,-4.81654,-1.00496,-4.98044,-4.83675,-1.22585,-5,0.0202074,0.220891,0.0195618,0.222675,0.17132,-0.933495,-0.0208259,0.316806,-1.08941,0
1781247121452168,78.0123,-4.81338,-1.0212,-4.98065,-4.83035,-1.24757,-5,0.0169687,0.226371,0.0193481,0.227829,0.174774,-0.930507,-0.0210623,0.322847,-1.08323,0
1781247121476168,78.0363,-4.80858,-1.04532,-4.98102,-4.82382,-1.26922,-5,0.0152426,0.223907,0.0189819,0.225226,0.181278,-0.924839,-0.0207139,0.328895,-1.07693,0
1781247121492168,78.0523,-4.8053,-1.06121,-4.9812,-4.81719,-1.29068,-5,0.0118895,0.229474,0.0187988,0.23055,0.186882,-0.92114,-0.0192851,0.334917,-1.07053,0
1781247121508168,78.0683,-4.80195,-1.07698,-4.98138,-4.81043,-1.31201,-5,0.00848675,0.235037,0.0186157,0.235926,0.192593,-0.91787,-0.0203095,0.340929,-1.06403,0
1781247121532168,78.0923,-4.79652,-1.10213,-4.98166,-4.80356,-1.3332,-5,0.00704575,0.231073,0.0183411,0.231906,0.198904,-0.911398,-0.0203178,0.346931,-1.05742,0
1781247121556168,78.1163,-4.79048,-1.13028,-4.98184,-4.79657,-1.35428,-5,0.00608349,0.224001,0.018158,0.224818,0.20561,-0.90697,-0.0204537,0.352931,-1.0507,0
1781247121572168,78.1323,-4.78642,-1.14871,-4.98196,-4.78944,-1.37525,-5,0.003016,0.226543,0.0180359,0.227279,0.209445,-0.904425,-0.0204227,0.358929,-1.04387,0
1781247121596168,78.1563,-4.78027,-1.17587,-4.98221,-4.7822,-1.39606,-5,0.00192595,0.220189,0.0177917,0.220915,0.217154,-0.900349,-0.020521,0.364911,-1.03694,0
1781247121612168,78.1723,-4.77612,-1.19368,-4.98239,-4.77483,-1.41678,-5,-0.00128937,0.223095,0.0176086,0.223792,0.221817,-0.897647,-0.020422,0.370897,-1.0299,0
1781247121628168,78.1883,-4.77192,-1.21125,-4.98257,-4.76737,-1.43724,-5,-0.00454569,0.225989,0.0174255,0.226705,0.226172,-0.89396,-0.0192536,0.376842,-1.02278,0
1781247121652168,78.2123,-4.76555,-1.23717,-4.98288,-4.75979,-1.45758,-5,-0.00576401,0.220417,0.0171204,0.221156,0.23372,-0.888266,-0.020485,0.382786,-1.01556,0
1781247121676168,78.2363,-4.75909,-1.2626,-4.98322,-4.75208,-1.47782,-5,-0.00701809,0.215212,0.0167847,0.21598,0.241082,-0.88511,-0.0212917,0.388729,-1.00822,0
1781247121692168,78.2523,-4.75473,-1.27932,-4.98346,-4.74425,-1.4979,-5,-0.0104871,0.218576,0.0165405,0.219452,0.246221,-0.881939,-0.0201339,0.394662,-1.00079,0
1781247121716168,78.2763,-4.74808,-1.30402,-4.98383,-4.73629,-1.51784,-5,-0.0117912,0.213822,0.0161743,0.214756,0.253653,-0.875206,-0.0190348,0.400587,-0.993248,0
1781247121732168,78.2923,-4.74359,-1.32022,-4.9841,-4.72823,-1.53761,-5,-0.0153556,0.217393,0.0158997,0.218514,0.258544,-0.870087,-0.0202541,0.406497,-0.985616,0
1781247121756168,78.3163,-4.73673,-1.34413,-4.98453,-4.72004,-1.55724,-5,-0.016685,0.213108,0.0154724,0.214319,0.265069,-0.862622,-0.0201971,0.4124,-0.977882,0
1781247121772168,78.3323,-4.7321,-1.35983,-4.98483,-4.71174,-1.57672,-5,-0.0203662,0.216897,0.0151672,0.218378,0.269933,-0.858898,-0.0188389,0.418297,-0.970045,0
1781247121796168,78.3563,-4.72504,-1.38305,-4.98529,-4.7033,-1.59606,-5,-0.0217381,0.213012,0.0147095,0.214623,0.277684,-0.85297,-0.019585,0.424186,-0.962107,0
1781247121812168,78.3723,-4.72025,-1.39832,-4.98563,-4.69476,-1.61523,-5,-0.0254951,0.216917,0.0143738,0.218882,0.283495,-0.848233,-0.0198937,0.430063,-0.954073,0
1781247121836168,78.3963,-4.71295,-1.42089,-4.98611,-4.68611,-1.6342,-5,-0.0268378,0.213315,0.0138855,0.215445,0.290615,-0.839055,-0.0192567,0.435916,-0.945964,0
1781247121852168,78.4123,-4.70802,-1.43569,-4.98645,-4.67733,-1.65304,-5,-0.0306897,0.217347,0.0135498,0.219921,0.293869,-0.835247,-0.0199788,0.441769,-0.937744,0
1781247121876168,78.4363,-4.70055,-1.4576,-4.98694,-4.66843,-1.67174,-5,-0.0321217,0.214137,0.0130615,0.216927,0.300339,-0.827375,-0.0184599,0.447619,-0.929419,0
1781247121892413,78.4525,-4.69549,-1.472,-4.98724,-4.65942,-1.69023,-5,-0.0360727,0.218235,0.0127563,0.221564,0.30439,-0.821517,-0.0174506,0.453445,-0.921021,0
1781247121916413,78.4765,-4.68781,-1.49326,-4.9877,-4.6503,-1.70855,-5,-0.0375071,0.21529,0.0122986,0.218879,0.311366,-0.813617,-0.0174743,0.459259,-0.912531,0
1781247121932413,78.4925,-4.68218,-1.50867,-4.98785,-4.64107,-1.7267,-5,-0.0411153,0.218032,0.012146,0.222207,0.316851,-0.808609,-0.0162731,0.46506,-0.90395,0
1781247121956413,78.5165,-4.67301,-1.53341,-4.98795,-4.63171,-1.74469,-5,-0.0412974,0.211279,0.0120544,0.215614,0.325439,-0.802094,-0.0160487,0.470854,-0.895274,0
1781247121972413,78.5325,-4.66684,-1.54958,-4.98804,-4.62222,-1.76253,-5,-0.04462,0.21295,0.0119629,0.217903,0.330063,-0.798267,-0.0168417,0.476644,-0.886496,0
1781247121996413,78.5565,-4.65757,-1.57331,-4.98816,-4.61264,-1.78016,-5,-0.0449309,0.206851,0.0118408,0.212006,0.33625,-0.788688,-0.0162343,0.482414,-0.877643,0
1781247122012413,78.5725,-4.65134,-1.5888,-4.98825,-4.60294,-1.79761,-5,-0.0484047,0.208816,0.0117493,0.214675,0.341903,-0.784035,-0.0156587,0.48817,-0.868704,0
1781247122036413,78.5965,-4.64192,-1.61159,-4.98837,-4.59311,-1.8149,-5,-0.04881,0.203312,0.0116272,0.209412,0.348957,-0.77597,-0.0143442,0.493919,-0.85967,0
1781247122052413,78.6125,-4.6356,-1.62648,-4.98843,-4.58319,-1.83198,-5,-0.052403,0.205501,0.0115662,0.212392,0.35393,-0.770228,-0.0128873,0.499647,-0.850565,0
1781247122076413,78.6365,-4.62602,-1.64837,-4.98856,-4.57313,-1.84892,-5,-0.0528836,0.200541,0.0114441,0.207712,0.362472,-0.761062,-0.0114528,0.505374,-0.841355,0
1781247122092413,78.6525,-4.61955,-1.66268,-4.98859,-4.56297,-1.86565,-5,-0.0565829,0.202962,0.0114136,0.211011,0.368601,-0.755286,-0.0116658,0.511083,-0.83207,0
1781247122108413,78.6685,-4.61303,-1.67678,-4.98868,-4.55267,-1.88223,-5,-0.0603595,0.205451,0.011322,0.214433,0.374057,-0.750504,-0.0117169,0.516793,-0.82268,0
1781247122132413,78.6925,-4.60316,-1.69756,-4.9888,-4.54232,-1.89853,-5,-0.0608416,0.20097,0.0112,0.210276,0.380904,-0.743129,-0.0116147,0.522456,-0.813264,0
1781247122156413,78.7165,-4.5932,-1.7179,-4.98895,-4.53177,-1.91476,-5,-0.0614281,0.196862,0.0110474,0.206519,0.387445,-0.734445,-0.0117183,0.528149,-0.803695,0
1781247122172413,78.7325,-4.5865,-1.7312,-4.98907,-4.52113,-1.93077,-5,-0.065371,0.199572,0.0109253,0.210289,0.391922,-0.72743,-0.0127369,0.533819,-0.794059,0
1781247122196413,78.7565,-4.57636,-1.75076,-4.98929,-4.51045,-1.94647,-5,-0.0659089,0.195714,0.0107117,0.206792,0.398257,-0.716919,-0.0132996,0.539433,-0.784419,0
1781247122212413,78.7725,-4.56956,-1.76354,-4.98944,-4.49961,-1.96206,-5,-0.0699501,0.198516,0.0105591,0.210744,0.401439,-0.710512,-0.0127158,0.545063,-0.774651,0
1781247122236413,78.7965,-4.55929,-1.78236,-4.98965,-4.48866,-1.97745,-5,-0.0706329,0.195086,0.0103455,0.207736,0.408021,-0.701462,-0.012303,0.550679,-0.764804,0
1781247122252413,78.8125,-4.5524,-1.79468,-4.98981,-4.4776,-1.99263,-5,-0.0748024,0.197948,0.0101929,0.211855,0.412622,-0.694547,-0.0121663,0.556278,-0.754887,0
1781247122276413,78.8365,-4.54196,-1.81281,-4.98999,-4.46641,-2.00764,-5,-0.075552,0.194822,0.0100098,0.209198,0.419511,-0.68534,-0.0111075,0.56187,-0.744883,0
1781247122292413,78.8525,-4.53493,-1.82468,-4.99014,-4.45512,-2.02243,-5,-0.079814,0.197753,0.00985718,0.21348,0.424298,-0.67824,-0.0117148,0.567446,-0.734809,0
1781247122316413,78.8765,-4.52428,-1.84214,-4.99039,-4.44372,-2.03701,-5,-0.0805588,0.194871,0.00961304,0.211085,0.431451,-0.667451,-0.0133096,0.573003,-0.724668,0
1781247122332413,78.8925,-4.51618,-1.85628,-4.99011,-4.43222,-2.0514,-5,-0.083962,0.195113,0.0098877,0.212642,0.436791,-0.661107,-0.012494,0.578547,-0.714454,0
1781247122356413,78.9165,-4.50398,-1.87693,-4.98978,-4.42059,-2.06558,-5,-0.0833888,0.18865,0.0102234,0.206512,0.444363,-0.651114,-0.0124894,0.584077,-0.704166,0
1781247122372413,78.9325,-4.49584,-1.89032,-4.98953,-4.40885,-2.07957,-5,-0.0869899,0.189247,0.0104675,0.208545,0.44848,-0.644541,-0.0115335,0.589601,-0.693793,0
1781247122388413,78.9485,-4.48767,-1.90345,-4.98935,-4.397,-2.09334,-5,-0.0906658,0.189889,0.0106506,0.210693,0.453661,-0.638197,-0.0102318,0.595103,-0.683364,0
1781247122412413,78.9725,-4.47539,-1.92264,-4.98901,-4.38504,-2.10691,-5,-0.0903516,0.184266,0.0109863,0.205519,0.460506,-0.628211,-0.00815783,0.600595,-0.672857,0
1781247122436413,78.9965,-4.46303,-1.94126,-4.98871,-4.373,-2.12022,-5,-0.0900221,0.178967,0.0112915,0.20065,0.468903,-0.618069,-0.00828951,0.606054,-0.662317,0
1781247122452413,79.0125,-4.45473,-1.95336,-4.98853,-4.36082,-2.13338,-5,-0.0939126,0.180019,0.0114746,0.203367,0.473651,-0.61138,-0.00798709,0.611519,-0.651671,0
1781247122476413,79.0365,-4.44223,-1.97108,-4.98831,-4.34853,-2.1463,-5,-0.0937018,0.175223,0.0116882,0.199047,0.478752,-0.601648,-0.00948305,0.616961,-0.640974,0
1781247122492413,79.0525,-4.43387,-1.9826,-4.98819,-4.33609,-2.15906,-5,-0.0977774,0.176467,0.0118103,0.20209,0.48405,-0.594069,-0.00951596,0.622411,-0.630168,0
1781247122516413,79.0765,-4.42124,-1.99943,-4.9881,-4.32367,-2.17148,-5,-0.097568,0.172047,0.0119019,0.198145,0.491703,-0.582354,-0.00890388,0.627789,-0.61941,0
1781247122532413,79.0925,-4.41275,-2.01037,-4.98804,-4.31105,-2.18377,-5,-0.101701,0.1734,0.0119629,0.20138,0.497393,-0.575286,-0.00973469,0.633189,-0.608515,0
1781247122556413,79.1165,-4.39996,-2.02636,-4.98795,-4.29831,-2.19585,-5,-0.101643,0.169484,0.0120544,0.197993,0.503477,-0.564758,-0.00805665,0.638578,-0.597549,0
1781247122572413,79.1325,-4.39138,-2.03677,-4.98788,-4.28549,-2.20769,-5,-0.10589,0.170922,0.0121155,0.201429,0.508249,-0.55765,-0.00702504,0.643943,-0.58654,0
1781247122596413,79.1565,-4.37842,-2.05195,-4.98782,-4.27248,-2.21938,-5,-0.105944,0.167423,0.0121765,0.198501,0.51433,-0.544581,-0.0070669,0.649323,-0.575407,0
1781247122612413,79.1725,-4.36974,-2.06181,-4.98779,-4.25953,-2.23069,-5,-0.110201,0.168876,0.012207,0.202021,0.518586,-0.537472,-0.0077942,0.654617,-0.564364,0
1781247122628413,79.1885,-4.361,-2.07147,-4.98776,-4.24638,-2.24187,-5,-0.114621,0.170398,0.0122375,0.205726,0.523161,-0.529563,-0.00811011,0.659936,-0.553176,0
1781247122652413,79.2125,-4.34781,-2.0856,-4.98779,-4.23305,-2.25289,-5,-0.114757,0.167282,0.012207,0.203228,0.530246,-0.519622,-0.00975265,0.665267,-0.541873,0
1781247122676413,79.2365,-4.3345,-2.09929,-4.98782,-4.2198,-2.26352,-5,-0.114699,0.164232,0.0121765,0.20069,0.536522,-0.506345,-0.0108682,0.670506,-0.530674,0
1781247122692413,79.2525,-4.32556,-2.10815,-4.98788,-4.20633,-2.27403,-5,-0.119225,0.16588,0.0121155,0.20464,0.541591,-0.497733,-0.0112244,0.675776,-0.519323,0
1781247122716413,79.2765,-4.31203,-2.12106,-4.98801,-4.19276,-2.2843,-5,-0.119263,0.163246,0.0119934,0.202526,0.548901,-0.484515,-0.0125023,0.681025,-0.507927,0
1781247122732413,79.2925,-4.3015,-2.13238,-4.98782,-4.1791,-2.29434,-5,-0.122398,0.161963,0.0121765,0.203375,0.554024,-0.47598,-0.0130911,0.686253,-0.496491,0
1781247122756413,79.3165,-4.28573,-2.14876,-4.98755,-4.16522,-2.30423,-5,-0.120513,0.155465,0.0124512,0.197098,0.56082,-0.465932,-0.0117774,0.691508,-0.484907,0
1781247122772413,79.3325,-4.27522,-2.15931,-4.98737,-4.15137,-2.31379,-5,-0.123849,0.154473,0.0126343,0.198394,0.566411,-0.459392,-0.0129238,0.696693,-0.473391,0
1781247122796413,79.3565,-4.25946,-2.17459,-4.98721,-4.13741,-2.32313,-5,-0.122056,0.148532,0.0127869,0.192673,0.573225,-0.447758,-0.0137959,0.701867,-0.461814,0
1781247122812413,79.3725,-4.24895,-2.18441,-4.98712,-4.12331,-2.33225,-5,-0.125644,0.147839,0.0128784,0.194444,0.578109,-0.439641,-0.0139107,0.707034,-0.450166,0
1781247122836413,79.3965,-4.23312,-2.19865,-4.98703,-4.10916,-2.34111,-5,-0.123961,0.142459,0.01297,0.189286,0.584651,-0.430238,-0.013604,0.712163,-0.438518,0
1781247122852413,79.4125,-4.22256,-2.20784,-4.987,-4.09486,-2.34977,-5,-0.127698,0.141926,0.0130005,0.19136,0.589768,-0.423946,-0.0145008,0.717293,-0.426786,0
1781247122876413,79.4365,-4.20668,-2.22117,-4.98703,-4.08047,-2.35818,-5,-0.126211,0.137011,0.01297,0.186733,0.595718,-0.412518,-0.0156086,0.722399,-0.415023,0
1781247122892413,79.4525,-4.1961,-2.22974,-4.98706,-4.06596,-2.36637,-5,-0.130136,0.136631,0.0129395,0.189132,0.598521,-0.40454,-0.0163475,0.727493,-0.403207,0
1781247122916667,79.4768,-4.18021,-2.24215,-4.98718,-4.05134,-2.37433,-5,-0.12887,0.132174,0.0128174,0.185045,0.605543,-0.392867,-0.0177889,0.732574,-0.391336,0
1781247122932667,79.4928,-4.1696,-2.25012,-4.98727,-4.03666,-2.38202,-5,-0.132934,0.131902,0.0127258,0.1877,0.609074,-0.38446,-0.0172548,0.737621,-0.379465,0
1781247122956667,79.5168,-4.15363,-2.26166,-4.98737,-4.02184,-2.3895,-5,-0.131792,0.127845,0.0126343,0.184047,0.616309,-0.374099,-0.0183517,0.742664,-0.367521,0
1781247122972667,79.5328,-4.14298,-2.26907,-4.98749,-4.00694,-2.39673,-5,-0.136042,0.127657,0.0125122,0.186977,0.618926,-0.366166,-0.018146,0.747682,-0.355555,0
1781247122996667,79.5568,-4.12697,-2.27978,-4.98764,-3.99196,-2.40371,-5,-0.135014,0.123932,0.0123596,0.183686,0.625019,-0.354205,-0.017906,0.752673,-0.343574,0
1781247123012667,79.5728,-4.11627,-2.28665,-4.98776,-3.97686,-2.41046,-5,-0.139413,0.123813,0.0122375,0.186856,0.628946,-0.345781,-0.0169313,0.757653,-0.331539,0
1781247123036667,79.5968,-4.10017,-2.29656,-4.98795,-3.96167,-2.41697,-5,-0.138507,0.120409,0.0120544,0.183924,0.63445,-0.334349,-0.0155149,0.76261,-0.319481,0
1781247123052667,79.6128,-4.0894,-2.30292,-4.98807,-3.9463,-2.42326,-5,-0.143101,0.120345,0.0119324,0.187358,0.638105,-0.326157,-0.0160034,0.767574,-0.307329,0
1781247123076667,79.6368,-4.0732,-2.31206,-4.98828,-3.93093,-2.42928,-5,-0.142275,0.11722,0.0117188,0.184716,0.643686,-0.313434,-0.0178094,0.772489,-0.295218,0
1781247123092667,79.6528,-4.06237,-2.31789,-4.98843,-3.91545,-2.43505,-5,-0.146922,0.117156,0.0115662,0.188269,0.646083,-0.304726,-0.0182067,0.777385,-0.283077,0
1781247123116667,79.6768,-4.0461,-2.32627,-4.98871,-3.89985,-2.44059,-5,-0.146252,0.114321,0.0112915,0.185974,0.651197,-0.291451,-0.016576,0.782271,-0.270882,0
1781247123132667,79.6928,-4.03397,-2.33383,-4.98868,-3.88416,-2.44589,-5,-0.149813,0.112058,0.011322,0.187428,0.654859,-0.284829,-0.0166788,0.787135,-0.258669,0
1781247123156667,79.7168,-4.01583,-2.34465,-4.98871,-3.86839,-2.45093,-5,-0.147444,0.106277,0.0112915,0.182104,0.660557,-0.274601,-0.0166949,0.791974,-0.246444,0
1781247123172667,79.7328,-4.00375,-2.35152,-4.98871,-3.85248,-2.45574,-5,-0.151274,0.104219,0.0112915,0.184047,0.666635,-0.267001,-0.0161331,0.796807,-0.234158,0
1781247123196667,79.7568,-3.98561,-2.36133,-4.98877,-3.83651,-2.4603,-5,-0.149101,0.0989749,0.0112305,0.179314,0.671681,-0.254527,-0.0161315,0.801608,-0.221881,0
1781247123212667,79.7728,-3.97354,-2.36752,-4.9888,-3.82043,-2.46461,-5,-0.153109,0.0970917,0.0112,0.181644,0.676466,-0.246359,-0.014781,0.806393,-0.209568,0
1781247123236667,79.7968,-3.95542,-2.37634,-4.98889,-3.80427,-2.46868,-5,-0.151145,0.092339,0.0111084,0.177467,0.683116,-0.234456,-0.0154731,0.811154,-0.197248,0
1781247123252667,79.8128,-3.94333,-2.3819,-4.98895,-3.788,-2.4725,-5,-0.15533,0.0906017,0.0110474,0.180161,0.688796,-0.225003,-0.0163712,0.815899,-0.184893,0
1781247123276667,79.8368,-3.92517,-2.38977,-4.98911,-3.77162,-2.47608,-5,-0.153547,0.0863075,0.0108948,0.176478,0.694622,-0.212943,-0.01521,0.820627,-0.172515,0
1781247123292667,79.8528,-3.91306,-2.39473,-4.9892,-3.75515,-2.47941,-5,-0.157907,0.0846746,0.0108032,0.179502,0.698726,-0.205308,-0.0152914,0.825335,-0.160116,0
1781247123316667,79.8768,-3.89487,-2.40174,-4.98938,-3.73853,-2.4825,-5,-0.156346,0.0807548,0.0106201,0.17629,0.704305,-0.191784,-0.0158495,0.830038,-0.147658,0
1781247123332667,79.8928,-3.88273,-2.40612,-4.98953,-3.72199,-2.48531,-5,-0.160736,0.0791862,0.0104675,0.179488,0.707256,-0.183576,-0.0155103,0.834669,-0.135324,0
1781247123356667,79.9168,-3.86449,-2.41226,-4.98975,-3.70524,-2.48789,-5,-0.159257,0.0756309,0.0102539,0.176602,0.713273,-0.16958,-0.0156595,0.839316,-0.122877,0
1781247123372667,79.9328,-3.85232,-2.41606,-4.9899,-3.68841,-2.49022,-5,-0.16391,0.0741682,0.0101013,0.180193,0.717406,-0.159529,-0.0156306,0.843935,-0.110437,0
1781247123396667,79.9568,-3.83399,-2.42132,-4.99017,-3.6715,-2.49231,-5,-0.162495,0.070986,0.00982666,0.177596,0.72429,-0.146545,-0.0158236,0.848532,-0.0979886,0
1781247123412667,79.9728,-3.82174,-2.42456,-4.99033,-3.65447,-2.49414,-5,-0.167265,0.0695815,0.00967407,0.181419,0.727523,-0.136948,-0.0151695,0.853113,-0.0855162,0
1781247123436667,79.9968,-3.80334,-2.42899,-4.99057,-3.63738,-2.49573,-5,-0.165961,0.0667388,0.00942993,0.179126,0.731125,-0.122097,-0.0164499,0.857666,-0.0730557,0
1781247123452667,80.0128,-3.79107,-2.43167,-4.99078,-3.62021,-2.49706,-5,-0.170859,0.0653877,0.00921631,0.183175,0.73481,-0.113333,-0.0160556,0.862194,-0.0605939,0
1781247123476667,80.0368,-3.77261,-2.43531,-4.99109,-3.60291,-2.49815,-5,-0.169704,0.0628433,0.00891113,0.181185,0.739983,-0.0983272,-0.0174902,0.866712,-0.0480964,0
1781247123492667,80.0528,-3.76029,-2.43746,-4.99133,-3.58552,-2.49899,-5,-0.174769,0.0615249,0.00866699,0.185485,0.742625,-0.0886329,-0.0184717,0.871207,-0.0355965,0
1781247123516667,80.0768,-3.74178,-2.4403,-4.99167,-3.56805,-2.49957,-5,-0.17373,0.0592701,0.0083313,0.183751,0.745768,-0.0742397,-0.0183068,0.875678,-0.0231009,0
1781247123532667,80.0928,-3.72789,-2.44404,-4.99158,-3.55048,-2.49991,-5,-0.177408,0.0558677,0.00842285,0.186187,0.749275,-0.0648506,-0.0165369,0.880132,-0.0105892,0
1781247123556667,80.1168,-3.70712,-2.4491,-4.99142,-3.53294,-2.5,-5,-0.174181,0.0508962,0.00857544,0.181667,0.753756,-0.0525351,-0.0169323,0.884533,0.00183644,0
1781247123572667,80.1328,-3.69334,-2.45214,-4.99136,-3.51511,-2.49983,-5,-0.178224,0.0476971,0.00863647,0.184698,0.757047,-0.0451625,-0.0162833,0.888959,0.0143974,0
1781247123596667,80.1568,-3.67272,-2.45619,-4.9913,-3.4973,-2.49942,-5,-0.175419,0.0432272,0.00869751,0.180876,0.763079,-0.0315451,-0.0150821,0.89334,0.0268893,0
1781247123612667,80.1728,-3.659,-2.45857,-4.99127,-3.47939,-2.49876,-5,-0.179606,0.0401862,0.00872803,0.184254,0.765706,-0.0229792,-0.0135049,0.897699,0.0393813,0
1781247123636667,80.1968,-3.63847,-2.46164,-4.99121,-3.46143,-2.49785,-5,-0.17704,0.0362053,0.00878906,0.180918,0.771331,-0.00792777,-0.0149611,0.90203,0.0518529,0
1781247123652667,80.2128,-3.62479,-2.46337,-4.99121,-3.44332,-2.49668,-5,-0.181475,0.0333166,0.00878906,0.184718,0.775555,0.0006378,-0.0145433,0.906351,0.0643565,0
1781247123668667,80.2288,-3.61111,-2.46484,-4.99121,-3.42524,-2.49528,-5,-0.185874,0.0304406,0.00878906,0.188555,0.779965,0.0108786,-0.0153776,0.910622,0.0767727,0
1781247123692667,80.2528,-3.59059,-2.46658,-4.99127,-3.40691,-2.49361,-5,-0.183685,0.0270321,0.00872803,0.185868,0.785492,0.0250179,-0.0161463,0.914911,0.0892983,0
1781247123716667,80.2768,-3.57005,-2.46777,-4.99136,-3.38865,-2.49171,-5,-0.181393,0.0239365,0.00863647,0.18317,0.791948,0.0397501,-0.0162771,0.919138,0.101704,0
1781247123732667,80.2928,-3.55635,-2.46827,-4.99142,-3.37025,-2.48956,-5,-0.186103,0.0212827,0.00857544,0.187512,0.794613,0.0491831,-0.0156406,0.923357,0.11414,0
1781247123756667,80.3168,-3.53584,-2.4686,-4.99152,-3.35158,-2.48713,-5,-0.184256,0.0185225,0.00848389,0.185378,0.798765,0.0622896,-0.0165877,0.927594,0.12669,0
1781247123772667,80.3328,-3.52216,-2.46856,-4.99161,-3.33308,-2.48448,-5,-0.18908,0.0159235,0.00839233,0.189935,0.801888,0.0709451,-0.0170267,0.931752,0.13906,0
1781247123796667,80.3568,-3.50165,-2.4681,-4.99179,-3.3144,-2.48158,-5,-0.187253,0.0134761,0.00820923,0.187916,0.806784,0.0841031,-0.017081,0.935907,0.151475,0
1781247123812667,80.3728,-3.48796,-2.46753,-4.99191,-3.29564,-2.47842,-5,-0.192324,0.0108891,0.00808716,0.192802,0.810421,0.0930982,-0.0167734,0.940039,0.163876,0
1781247123836667,80.3968,-3.46743,-2.46627,-4.9921,-3.27681,-2.47502,-5,-0.190618,0.0087533,0.00790405,0.190982,0.814404,0.107984,-0.0154403,0.944143,0.17625,0
1781247123852667,80.4128,-3.45375,-2.46516,-4.99222,-3.25788,-2.47137,-5,-0.195864,0.00621033,0.00778198,0.196117,0.815913,0.117145,-0.0157504,0.948229,0.18862,0
1781247123876667,80.4368,-3.43326,-2.46314,-4.99243,-3.23887,-2.46748,-5,-0.19439,0.00433946,0.00756836,0.194585,0.818692,0.130676,-0.0175714,0.95229,0.20097,0
1781247123892667,80.4528,-3.41959,-2.46152,-4.99258,-3.2198,-2.46334,-5,-0.199793,0.0018127,0.00741577,0.199938,0.822554,0.141477,-0.0172084,0.956324,0.21329,0
1781247123916667,80.4768,-3.39908,-2.45872,-4.99283,-3.20064,-2.45895,-5,-0.198444,0.000231028,0.00717163,0.198574,0.82458,0.154867,-0.0174599,0.960335,0.22559,0
1781247123932921,80.493,-3.38356,-2.45741,-4.99265,-3.1814,-2.45432,-5,-0.202169,-0.00309277,0.00735474,0.202326,0.828029,0.163418,-0.0175605,0.964324,0.237872,0
1781247123956921,80.517,-3.36044,-2.45501,-4.99237,-3.16217,-2.44946,-5,-0.198263,-0.00554347,0.00762939,0.198487,0.832785,0.177735,-0.0160029,0.968267,0.250067,0
1781247123972921,80.533,-3.34507,-2.45311,-4.99219,-3.14268,-2.44432,-5,-0.202384,-0.00879407,0.0078125,0.202726,0.836863,0.188048,-0.0146327,0.972225,0.262355,0
1781247123996921,80.557,-3.32206,-2.44986,-4.99194,-3.12319,-2.43894,-5,-0.198869,-0.0109205,0.00805664,0.199331,0.84329,0.201028,-0.0137324,0.976143,0.274569,0
1781247124012921,80.573,-3.30678,-2.44744,-4.99179,-3.10364,-2.43333,-5,-0.203148,-0.0141034,0.00820923,0.203802,0.844791,0.210037,-0.0129724,0.980033,0.286745,0
1781247124028921,80.589,-3.29157,-2.4448,-4.99161,-3.084,-2.42748,-5,-0.207569,-0.0173197,0.00839233,0.20846,0.848252,0.219411,-0.0117399,0.9839,0.298896,0
1781247124052921,80.613,-3.26877,-2.44044,-4.99136,-3.06424,-2.42136,-5,-0.20453,-0.0190785,0.00863647,0.2056,0.854752,0.234296,-0.0121154,0.987751,0.311045,0
1781247124076921,80.637,-3.24601,-2.43562,-4.99118,-3.04451,-2.41504,-5,-0.201503,-0.0205755,0.00881958,0.202743,0.859707,0.247113,-0.0142073,0.991557,0.323097,0
1781247124092921,80.653,-3.23087,-2.43217,-4.99109,-3.02464,-2.40846,-5,-0.206235,-0.0237103,0.00891113,0.207784,0.862284,0.256682,-0.014127,0.995351,0.335157,0
1781247124116921,80.677,-3.20822,-2.4266,-4.99103,-3.0047,-2.40164,-5,-0.203522,-0.0249655,0.00897217,0.205243,0.865859,0.270977,-0.0148658,0.999118,0.34718,0
1781247124132921,80.693,-3.19312,-2.42265,-4.991,-2.98469,-2.39458,-5,-0.208429,-0.0280678,0.00900269,0.210503,0.869573,0.279646,-0.0149265,1.00286,0.359163,0
1781247124156921,80.717,-3.1705,-2.41637,-4.99097,-2.96458,-2.38727,-5,-0.205915,-0.0291023,0.0090332,0.208158,0.873362,0.292733,-0.0157741,1.00658,0.371124,0
1781247124172921,80.733,-3.15545,-2.41197,-4.99103,-2.94443,-2.37974,-5,-0.211012,-0.0322371,0.00897217,0.213649,0.8758,0.300546,-0.0163551,1.01027,0.38303,0
1781247124188921,80.749,-3.14041,-2.4074,-4.99106,-2.9242,-2.37196,-5,-0.216212,-0.0354433,0.00894165,0.21928,0.879262,0.3097,-0.0161559,1.01394,0.394908,0
1781247124212921,80.773,-3.11785,-2.40021,-4.99121,-2.90388,-2.36394,-5,-0.213963,-0.0362697,0.00878906,0.217193,0.884026,0.322589,-0.018849,1.01758,0.406747,0
1781247124228921,80.789,-3.10281,-2.39521,-4.99133,-2.8835,-2.35569,-5,-0.219311,-0.0395136,0.00866699,0.22301,0.887304,0.331837,-0.0188394,1.02119,0.418543,0
1781247124252921,80.813,-3.08026,-2.38738,-4.99155,-2.86311,-2.34723,-5,-0.217152,-0.0401466,0.00845337,0.220993,0.891302,0.343528,-0.0204659,1.02477,0.430259,0
1781247124268921,80.829,-3.06528,-2.38197,-4.99173,-2.84252,-2.33849,-5,-0.222757,-0.0434792,0.00827026,0.227111,0.893231,0.352394,-0.0205645,1.02835,0.442008,0
1781247124292921,80.853,-3.04281,-2.37351,-4.992,-2.82197,-2.32955,-5,-0.220831,-0.0439603,0.00799561,0.225306,0.898172,0.365631,-0.0214509,1.03188,0.453646,0
1781247124308921,80.869,-3.02782,-2.36767,-4.99222,-2.80121,-2.32032,-5,-0.226616,-0.0473514,0.00778198,0.231641,0.900136,0.374912,-0.02155,1.03541,0.465324,0
1781247124332921,80.893,-3.00322,-2.35967,-4.99216,-2.78053,-2.31093,-5,-0.222681,-0.0487344,0.00784302,0.228086,0.905294,0.38763,-0.0202218,1.03889,0.476863,0
1781247124348921,80.909,-2.9862,-2.35443,-4.992,-2.75967,-2.30126,-5,-0.226521,-0.0531719,0.00799561,0.232815,0.907645,0.396335,-0.0190425,1.04236,0.48842,0
1781247124372921,80.933,-2.96082,-2.34618,-4.99179,-2.73875,-2.29135,-5,-0.222067,-0.0548234,0.00820923,0.228881,0.913607,0.408911,-0.0170976,1.0458,0.499924,0
1781247124396921,80.957,-2.93558,-2.33747,-4.99158,-2.71793,-2.2813,-5,-0.217646,-0.0561657,0.00842285,0.224934,0.918712,0.421914,-0.014854,1.04919,0.511286,0
1781247124412921,80.973,-2.91886,-2.33142,-4.99146,-2.69693,-2.27097,-5,-0.221932,-0.0604484,0.00854492,0.230175,0.920979,0.430058,-0.0138123,1.05257,0.522659,0
1781247124436921,80.997,-2.89389,-2.32197,-4.99127,-2.67586,-2.26042,-5,-0.21803,-0.0615556,0.00872803,0.226721,0.924739,0.444022,-0.0123639,1.05593,0.533975,0
1781247124452921,81.013,-2.87733,-2.31543,-4.99118,-2.65459,-2.24956,-5,-0.222741,-0.0658691,0.00881958,0.232444,0.92718,0.452914,-0.0123071,1.05928,0.545315,0
1781247124476921,81.037,-2.85257,-2.30526,-4.99109,-2.63336,-2.23854,-5,-0.219211,-0.0667236,0.00891113,0.229314,0.931181,0.465596,-0.0114797,1.06259,0.556541,0
1781247124492921,81.053,-2.83612,-2.29827,-4.99103,-2.61213,-2.22733,-5,-0.223986,-0.0709405,0.00897217,0.235123,0.932899,0.473144,-0.0115346,1.06586,0.567676,0
1781247124508921,81.069,-2.81972,-2.2911,-4.99097,-2.59087,-2.21591,-5,-0.228844,-0.0751896,0.0090332,0.241049,0.935577,0.481157,-0.0105397,1.06909,0.578737,0
1781247124532921,81.093,-2.79516,-2.28005,-4.99088,-2.56949,-2.20424,-5,-0.22567,-0.0758061,0.00912476,0.238237,0.940524,0.492951,-0.0108793,1.07231,0.589771,0
1781247124556921,81.117,-2.77067,-2.2686,-4.99084,-2.54804,-2.19235,-5,-0.222636,-0.0762496,0.00915527,0.235509,0.942809,0.505996,-0.0104879,1.07551,0.600751,0
1781247124572921,81.133,-2.75438,-2.26076,-4.99081,-2.52637,-2.18015,-5,-0.228011,-0.0806022,0.00918579,0.242013,0.944982,0.513551,-0.0102442,1.0787,0.611746,0
1781247124596921,81.157,-2.73002,-2.2487,-4.99075,-2.50465,-2.16774,-5,-0.225375,-0.0809534,0.00924683,0.239651,0.947334,0.525743,-0.0098369,1.08186,0.622674,0
1781247124612921,81.173,-2.71382,-2.24047,-4.99069,-2.48311,-2.15526,-5,-0.230714,-0.0852087,0.00930786,0.246122,0.949169,0.532631,-0.00905896,1.08496,0.633417,0
1781247124628921,81.189,-2.69766,-2.23211,-4.99066,-2.4614,-2.14249,-5,-0.236256,-0.0896163,0.00933838,0.252854,0.949951,0.538654,-0.00860357,1.08805,0.644151,0
1781247124652921,81.213,-2.67348,-2.21931,-4.9906,-2.43966,-2.12953,-5,-0.233821,-0.0897737,0.00939941,0.250639,0.952725,0.550549,-0.00815542,1.0911,0.654806,0
1781247124676921,81.237,-2.64934,-2.20618,-4.99051,-2.4177,-2.11626,-5,-0.231645,-0.0899148,0.00949097,0.248665,0.956922,0.561365,-0.00826902,1.09415,0.665475,0
1781247124692921,81.253,-2.63324,-2.19724,-4.99045,-2.39592,-2.10293,-5,-0.237318,-0.0943091,0.009552,0.255549,0.958939,0.56899,-0.00788519,1.09714,0.675957,0
1781247124716921,81.277,-2.60908,-2.18358,-4.99039,-2.37387,-2.08926,-5,-0.235216,-0.0943167,0.00961304,0.253603,0.962497,0.580369,-0.00728028,1.10014,0.686476,0
1781247124732921,81.293,-2.591,-2.17531,-4.98993,-2.35187,-2.07545,-5,-0.239134,-0.0998588,0.0100708,0.259342,0.965014,0.587462,-0.00638895,1.10308,0.696871,0
1781247124756921,81.317,-2.56405,-2.16257,-4.98926,-2.32977,-2.0614,-5,-0.234274,-0.10117,0.0107422,0.255412,0.970055,0.598366,-0.00856371,1.10601,0.707216,0
1781247124772921,81.333,-2.54618,-2.15385,-4.98886,-2.30762,-2.04715,-5,-0.238558,-0.106694,0.0111389,0.261568,0.972347,0.60516,-0.00962708,1.10891,0.71749,0
1781247124796921,81.357,-2.51952,-2.14046,-4.98834,-2.28541,-2.0327,-5,-0.234114,-0.107766,0.0116577,0.25799,0.977551,0.614638,-0.00950196,1.11178,0.727692,0
1781247124812921,81.373,-2.50183,-2.13134,-4.98804,-2.26315,-2.01805,-5,-0.238683,-0.113291,0.0119629,0.264476,0.979973,0.621675,-0.00968139,1.11462,0.737817,0
1781247124836921,81.397,-2.47543,-2.11733,-4.98767,-2.24073,-2.00312,-5,-0.234702,-0.114206,0.0123291,0.261304,0.982699,0.632633,-0.0117618,1.11745,0.747912,0
1781247124852921,81.413,-2.45791,-2.10779,-4.98749,-2.2186,-1.98823,-5,-0.239312,-0.119562,0.0125122,0.267809,0.984778,0.639149,-0.0119777,1.12021,0.757783,0
1781247124876921,81.437,-2.43173,-2.0932,-4.98721,-2.19605,-1.9729,-5,-0.235678,-0.120303,0.0127869,0.264916,0.987817,0.649305,-0.0114688,1.12298,0.767737,0
1781247124892921,81.453,-2.41435,-2.08328,-4.98706,-2.17362,-1.95749,-5,-0.240727,-0.12579,0.0129395,0.271919,0.989733,0.656274,-0.0120801,1.1257,0.777536,0
1781247124916921,81.477,-2.38836,-2.06813,-4.98691,-2.15109,-1.94184,-5,-0.237271,-0.126286,0.013092,0.269104,0.99365,0.665279,-0.0127412,1.12841,0.787282,0
1781247124933174,81.4933,-2.37108,-2.05787,-4.98682,-2.12852,-1.92602,-5,-0.242563,-0.13185,0.0131836,0.276396,0.99582,0.671088,-0.0145797,1.13108,0.79694,0
1781247124957174,81.5173,-2.34525,-2.04221,-4.98679,-2.10578,-1.90992,-5,-0.239462,-0.13229,0.0132141,0.273893,0.999352,0.68182,-0.0166101,1.13373,0.806568,0
1781247124973174,81.5333,-2.32806,-2.03159,-4.98682,-2.08315,-1.89374,-5,-0.244905,-0.137848,0.0131836,0.281344,1.00177,0.688448,-0.0180003,1.13634,0.816047,0
1781247124997174,81.5573,-2.30228,-2.01541,-4.98691,-2.06034,-1.87729,-5,-0.241944,-0.138128,0.013092,0.278905,1.00569,0.699066,-0.017988,1.13894,0.8255,0
1781247125013174,81.5733,-2.28514,-2.00444,-4.987,-2.0376,-1.86073,-5,-0.247544,-0.143719,0.0130005,0.286534,1.00775,0.706596,-0.0179074,1.1415,0.834821,0
1781247125037174,81.5973,-2.2595,-1.98771,-4.98712,-2.01471,-1.84391,-5,-0.244785,-0.143796,0.0128784,0.284187,1.0097,0.718048,-0.0184716,1.14403,0.844094,0
1781247125053174,81.6133,-2.24244,-1.97639,-4.98724,-1.99175,-1.8269,-5,-0.250687,-0.14949,0.0127563,0.292153,1.01133,0.723342,-0.0195469,1.14654,0.853294,0
1781247125077174,81.6373,-2.21689,-1.95917,-4.98749,-1.96884,-1.80978,-5,-0.248052,-0.14939,0.0125122,0.289833,1.01416,0.735069,-0.0214351,1.14901,0.862367,0
1781247125093174,81.6533,-2.19988,-1.94749,-4.98767,-1.94592,-1.79251,-5,-0.253953,-0.154989,0.0123291,0.297768,1.01669,0.742293,-0.0210217,1.15145,0.871338,0
1781247125117174,81.6773,-2.17442,-1.92976,-4.98804,-1.92281,-1.77494,-5,-0.251607,-0.154811,0.0119629,0.295662,1.01727,0.751693,-0.0236002,1.15387,0.88028,0
1781247125133174,81.6933,-2.15577,-1.91799,-4.98788,-1.89978,-1.75731,-5,-0.25599,-0.160682,0.0121155,0.302484,1.01948,0.757882,-0.0242464,1.15626,0.889082,0
1781247125157174,81.7173,-2.12797,-1.90009,-4.9877,-1.87663,-1.73943,-5,-0.251342,-0.160655,0.0122986,0.298553,1.02366,0.768396,-0.0238205,1.15862,0.897827,0
1781247125173174,81.7333,-2.10953,-1.88797,-4.98761,-1.85342,-1.72138,-5,-0.256117,-0.166595,0.0123901,0.305783,1.0261,0.776397,-0.0242184,1.16095,0.906485,0
1781247125197174,81.7573,-2.08201,-1.86953,-4.98755,-1.83018,-1.70316,-5,-0.251836,-0.166366,0.0124512,0.302083,1.02937,0.786002,-0.0243156,1.16325,0.915046,0
1781247125213174,81.7733,-2.06375,-1.85708,-4.98755,-1.8069,-1.68478,-5,-0.256857,-0.172295,0.0124512,0.309542,1.03052,0.792478,-0.0216703,1.16552,0.923513,0
1781247125237174,81.7973,-2.03649,-1.83816,-4.98752,-1.78353,-1.6662,-5,-0.252962,-0.171964,0.0124817,0.306132,1.03514,0.802227,-0.0218613,1.16777,0.931904,0
1781247125253174,81.8133,-2.01836,-1.82539,-4.98752,-1.76022,-1.64753,-5,-0.258142,-0.177854,0.0124817,0.313728,1.03837,0.809803,-0.0211738,1.16998,0.940164,0
1781247125277174,81.8373,-1.99123,-1.80599,-4.98755,-1.73681,-1.62866,-5,-0.25442,-0.177328,0.0124512,0.31037,1.04263,0.819022,-0.0199924,1.17216,0.948348,0
1781247125293174,81.8533,-1.97321,-1.79291,-4.98758,-1.71335,-1.60962,-5,-0.259859,-0.183292,0.0124207,0.31824,1.04384,0.825374,-0.0194377,1.17432,0.956442,0
1781247125317174,81.8773,-1.94628,-1.77306,-4.98761,-1.68971,-1.5903,-5,-0.256566,-0.182763,0.0123901,0.315249,1.04602,0.835688,-0.0183763,1.17646,0.964488,0
1781247125333174,81.8933,-1.92839,-1.75968,-4.98767,-1.66625,-1.57101,-5,-0.262137,-0.188669,0.0123291,0.323209,1.04625,0.841965,-0.0171774,1.17855,0.97236,0
1781247125357174,81.9173,-1.90167,-1.7394,-4.98773,-1.64272,-1.55153,-5,-0.258952,-0.187871,0.0122681,0.32016,1.04806,0.849844,-0.016974,1.18061,0.980149,0
1781247125373174,81.9333,-1.88391,-1.72576,-4.98779,-1.61894,-1.53173,-5,-0.264971,-0.194029,0.012207,0.328642,1.04873,0.855816,-0.0170098,1.18266,0.987903,0
1781247125397174,81.9573,-1.85735,-1.70509,-4.98785,-1.59539,-1.512,-5,-0.261958,-0.193092,0.012146,0.32566,1.05147,0.864456,-0.0152616,1.18466,0.995473,0
1781247125413174,81.9733,-1.83966,-1.69118,-4.98788,-1.57168,-1.49201,-5,-0.267982,-0.199169,0.0121155,0.33411,1.05363,0.870114,-0.0151882,1.18664,1.00298,0
1781247125437174,81.9973,-1.81317,-1.67011,-4.98795,-1.54787,-1.47183,-5,-0.265297,-0.198283,0.0120544,0.331427,1.05599,0.879877,-0.0158523,1.18859,1.01041,0
1781247125453174,82.0133,-1.79554,-1.65593,-4.98804,-1.5242,-1.45165,-5,-0.271341,-0.204279,0.0119629,0.339852,1.05752,0.88613,-0.0155152,1.1905,1.01768,0
1781247125477174,82.0373,-1.76913,-1.63445,-4.98807,-1.50033,-1.43119,-5,-0.268803,-0.203259,0.0119324,0.337212,1.05973,0.894688,-0.0130303,1.1924,1.0249,0
1781247125493174,82.0533,-1.75155,-1.62002,-4.9881,-1.47635,-1.41053,-5,-0.275201,-0.20949,0.0119019,0.346068,1.06091,0.90008,-0.0132437,1.19427,1.03204,0
1781247125517174,82.0773,-1.72524,-1.59822,-4.98816,-1.45245,-1.38982,-5,-0.272785,-0.208401,0.0118408,0.343486,1.06174,0.905852,-0.0126252,1.1961,1.03904,0
1781247125533174,82.0933,-1.70642,-1.58336,-4.98773,-1.42854,-1.369,-5,-0.277876,-0.214362,0.0122681,0.351165,1.0638,0.912424,-0.0125539,1.1979,1.04593,0
1781247125549174,82.1093,-1.68767,-1.5684,-4.98737,-1.40464,-1.34807,-5,-0.283032,-0.220329,0.0126343,0.358903,1.06617,0.917205,-0.0127989,1.19966,1.0527,0
1781247125573174,82.1333,-1.65967,-1.54582,-4.98691,-1.38066,-1.32698,-5,-0.279015,-0.218845,0.013092,0.354843,1.06811,0.924927,-0.0126835,1.2014,1.05938,0
1781247125597174,82.1573,-1.63183,-1.52306,-4.98651,-1.35662,-1.30573,-5,-0.275211,-0.217326,0.0134888,0.350933,1.06963,0.932962,-0.0140438,1.20311,1.06596,0
1781247125613174,82.1733,-1.61336,-1.50779,-4.98627,-1.33254,-1.28434,-5,-0.280822,-0.223452,0.0137329,0.359138,1.07065,0.936267,-0.0137392,1.20479,1.07243,0
1781247125637174,82.1973,-1.58574,-1.48478,-4.98596,-1.30845,-1.26285,-5,-0.277292,-0.221924,0.0140381,0.355441,1.07373,0.94345,-0.0137495,1.20644,1.0788,0
1781247125653174,82.2133,-1.56739,-1.46933,-4.98581,-1.28433,-1.24124,-5,-0.283056,-0.228088,0.0141907,0.363794,1.07454,0.949218,-0.0134735,1.20806,1.08505,0
1781247125677174,82.2373,-1.53996,-1.446,-4.98557,-1.26016,-1.21948,-5,-0.279793,-0.226521,0.0144348,0.360283,1.07712,0.956637,-0.0133849,1.20965,1.0912,0
1781247125693174,82.2533,-1.52171,-1.43036,-4.98544,-1.23596,-1.19761,-5,-0.285746,-0.232756,0.0145569,0.368833,1.07952,0.961295,-0.0136602,1.21121,1.09724,0
1781247125717174,82.2773,-1.4944,-1.40675,-4.98526,-1.21172,-1.1756,-5,-0.282685,-0.231151,0.01474,0.365457,1.08116,0.969499,-0.0134184,1.21274,1.10317,0
1781247125733174,82.2933,-1.47626,-1.3909,-4.98517,-1.18743,-1.15346,-5,-0.288834,-0.237439,0.0148315,0.374196,1.08188,0.975239,-0.0128252,1.21424,1.109,0
1781247125757174,82.3173,-1.44913,-1.36697,-4.98505,-1.16316,-1.13125,-5,-0.285972,-0.235719,0.0149536,0.370901,1.08285,0.982496,-0.0132775,1.21571,1.11471,0
1781247125773174,82.3333,-1.4311,-1.35093,-4.98499,-1.13866,-1.10874,-5,-0.292439,-0.242187,0.0150146,0.380001,1.08393,0.987094,-0.0137932,1.21715,1.12035,0
1781247125797174,82.3573,-1.40409,-1.32674,-4.98492,-1.11432,-1.08629,-5,-0.289775,-0.240446,0.0150757,0.376843,1.08591,0.992874,-0.0140537,1.21856,1.12583,0
1781247125813174,82.3733,-1.38612,-1.31055,-4.98492,-1.09009,-1.06387,-5,-0.296028,-0.246684,0.0150757,0.385634,1.08643,0.995811,-0.0151772,1.21993,1.13117,0
1781247125837174,82.3973,-1.35921,-1.28618,-4.98495,-1.06567,-1.04118,-5,-0.293546,-0.244996,0.0150452,0.382647,1.08786,1.00103,-0.0156916,1.22128,1.13644,0
1781247125853174,82.4133,-1.3413,-1.26988,-4.98502,-1.04112,-1.0183,-5,-0.300175,-0.251581,0.0149841,0.391947,1.08906,1.0038,-0.0169995,1.2226,1.14161,0
1781247125869174,82.4293,-1.3234,-1.25354,-4.98508,-1.01675,-0.995503,-5,-0.306657,-0.258039,0.0149231,0.401056,1.09004,1.00746,-0.0175249,1.22388,1.14662,0
1781247125893174,82.4533,-1.2966,-1.22889,-4.98523,-0.992263,-0.972528,-5,-0.304339,-0.256358,0.0147705,0.398196,1.09147,1.0161,-0.017805,1.22514,1.15154,0
1781247125917174,82.4773,-1.26982,-1.20405,-4.98544,-0.967678,-0.949382,-5,-0.302139,-0.254663,0.0145569,0.395415,1.09449,1.02225,-0.0177546,1.22637,1.15636,0
1781247125933430,82.4935,-1.25013,-1.18659,-4.98508,-0.943269,-0.926331,-5,-0.306858,-0.260261,0.0149231,0.402642,1.09639,1.02627,-0.0177769,1.22755,1.16102,0
1781247125957430,82.5175,-1.22077,-1.16035,-4.98465,-0.918747,-0.903104,-5,-0.302024,-0.257249,0.0153503,0.397028,1.09839,1.0333,-0.0174344,1.22872,1.16559,0
1781247125973430,82.5335,-1.20133,-1.14282,-4.98434,-0.894122,-0.87971,-5,-0.307203,-0.263111,0.0156555,0.40478,1.09833,1.03763,-0.0184222,1.22985,1.17005,0
1781247125997430,82.5575,-1.17231,-1.11648,-4.98401,-0.869509,-0.85626,-5,-0.302804,-0.260215,0.0159912,0.399572,1.10142,1.04263,-0.0177836,1.23095,1.1744,0
1781247126013430,82.5735,-1.15305,-1.09889,-4.9838,-0.844816,-0.832669,-5,-0.308237,-0.266216,0.0162048,0.407608,1.1029,1.0466,-0.0171043,1.23203,1.17863,0
1781247126037430,82.5975,-1.12429,-1.07245,-4.98355,-0.820287,-0.809173,-5,-0.304001,-0.263273,0.016449,0.402492,1.10536,1.05215,-0.0181898,1.23306,1.18271,0
1781247126053430,82.6135,-1.10519,-1.05478,-4.9834,-0.795484,-0.785352,-5,-0.309706,-0.269428,0.0166016,0.410834,1.10656,1.05595,-0.0177263,1.23408,1.18672,0
1781247126077430,82.6375,-1.07665,-1.02822,-4.98325,-0.770816,-0.761602,-5,-0.305831,-0.26662,0.0167542,0.406079,1.10887,1.06109,-0.0174779,1.23506,1.19058,0
1781247126093430,82.6535,-1.0577,-1.01047,-4.98315,-0.746216,-0.737859,-5,-0.31148,-0.272611,0.0168457,0.414271,1.10911,1.06589,-0.0174247,1.236,1.19432,0
1781247126117430,82.6775,-1.02937,-0.983765,-4.983,-0.72138,-0.713832,-5,-0.307988,-0.269932,0.0169983,0.409889,1.11098,1.07124,-0.0177812,1.23692,1.19796,0
1781247126133430,82.6935,-1.01054,-0.965929,-4.98294,-0.696794,-0.689995,-5,-0.31375,-0.275934,0.0170593,0.418174,1.11175,1.07381,-0.0177388,1.2378,1.20145,0
1781247126157430,82.7175,-0.982415,-0.939157,-4.98288,-0.671998,-0.665901,-5,-0.310416,-0.273256,0.0171204,0.413908,1.11367,1.07756,-0.0189683,1.23866,1.20484,0
1781247126173430,82.7335,-0.963689,-0.921272,-4.98285,-0.647204,-0.64176,-5,-0.316484,-0.279513,0.0171509,0.422592,1.11606,1.08126,-0.0190481,1.23948,1.20811,0
1781247126197430,82.7575,-0.935679,-0.894387,-4.98288,-0.622301,-0.617463,-5,-0.313377,-0.276924,0.0171204,0.418552,1.11751,1.08517,-0.0190529,1.24028,1.21127,0
1781247126213430,82.7735,-0.917035,-0.876432,-4.98291,-0.597472,-0.593191,-5,-0.319563,-0.283241,0.0170898,0.427361,1.1185,1.08884,-0.0196734,1.24104,1.2143,0
1781247126237430,82.7975,-0.889125,-0.849466,-4.98303,-0.572803,-0.569032,-5,-0.316322,-0.280434,0.0169678,0.423073,1.12151,1.0908,-0.0209489,1.24177,1.21719,0
1781247126253430,82.8135,-0.870537,-0.831476,-4.98312,-0.547853,-0.544555,-5,-0.322684,-0.286921,0.0168762,0.432127,1.12314,1.09311,-0.0209704,1.24247,1.21999,0
1781247126277430,82.8375,-0.84272,-0.80447,-4.98331,-0.523083,-0.520213,-5,-0.319637,-0.284257,0.0166931,0.428076,1.12384,1.09626,-0.0234347,1.24314,1.22264,0
1781247126293430,82.8535,-0.824205,-0.786426,-4.98346,-0.498225,-0.495745,-5,-0.32598,-0.290681,0.0165405,0.437072,1.12438,1.1,-0.0232033,1.24378,1.22518,0
1781247126317430,82.8775,-0.796497,-0.759299,-4.98376,-0.473348,-0.471222,-5,-0.323149,-0.288077,0.0162354,0.433217,1.12584,1.10367,-0.0246513,1.24439,1.22759,0
1781247126333430,82.8935,-0.776454,-0.74,-4.98364,-0.448481,-0.446673,-5,-0.327974,-0.293327,0.0163574,0.440312,1.12805,1.10737,-0.0241114,1.24496,1.22989,0
1781247126357430,82.9175,-0.746564,-0.711085,-4.98346,-0.42361,-0.422087,-5,-0.322954,-0.288998,0.0165405,0.433697,1.12864,1.11147,-0.0227087,1.24551,1.23206,0
1781247126373430,82.9335,-0.726766,-0.691842,-4.98337,-0.398652,-0.397383,-5,-0.328114,-0.294459,0.0166321,0.441182,1.12913,1.11378,-0.0214462,1.24602,1.23411,0
1781247126389430,82.9495,-0.707042,-0.672634,-4.98328,-0.373743,-0.372697,-5,-0.3333,-0.299937,0.0167236,0.448699,1.13158,1.11504,-0.0215028,1.2465,1.23603,0
1781247126413430,82.9735,-0.677576,-0.643879,-4.98315,-0.348817,-0.347967,-5,-0.328759,-0.295912,0.0168457,0.44264,1.13388,1.11817,-0.020676,1.24695,1.23783,0
1781247126437430,82.9975,-0.648271,-0.61518,-4.98306,-0.323934,-0.323254,-5,-0.324336,-0.291926,0.0169373,0.436694,1.13616,1.12147,-0.0216343,1.24737,1.23951,0
1781247126453430,83.0135,-0.628808,-0.596082,-4.98306,-0.29881,-0.298276,-5,-0.329999,-0.297807,0.0169373,0.444831,1.13714,1.12266,-0.0212154,1.24777,1.24107,0
1781247126477430,83.0375,-0.59971,-0.567461,-4.98303,-0.273867,-0.273456,-5,-0.325844,-0.294006,0.0169678,0.439205,1.13955,1.12606,-0.0193482,1.24812,1.2425,0
1781247126493430,83.0535,-0.580367,-0.54839,-4.98303,-0.248907,-0.248598,-5,-0.33146,-0.299792,0.0169678,0.447246,1.14072,1.12879,-0.0204118,1.24845,1.2438,0
1781247126509430,83.0695,-0.561068,-0.529327,-4.98306,-0.223939,-0.223714,-5,-0.337128,-0.305612,0.0169373,0.455348,1.14257,1.13053,-0.0204541,1.24875,1.24499,0
1781247126533430,83.0935,-0.532177,-0.500742,-4.98312,-0.19909,-0.198932,-5,-0.333086,-0.301809,0.0168762,0.4498,1.14444,1.13347,-0.0203693,1.24901,1.24604,0
1781247126557430,83.1175,-0.503405,-0.472205,-4.98328,-0.174013,-0.173907,-5,-0.329392,-0.298297,0.0167236,0.444702,1.14548,1.13453,-0.0210938,1.24924,1.24697,0
1781247126573430,83.1335,-0.484256,-0.453197,-4.9834,-0.149101,-0.149035,-5,-0.335156,-0.304162,0.0166016,0.452901,1.14651,1.13628,-0.0214856,1.24944,1.24778,0
1781247126597430,83.1575,-0.455613,-0.424706,-4.98361,-0.124126,-0.124087,-5,-0.331487,-0.300618,0.0163879,0.447799,1.14811,1.138,-0.0209471,1.24961,1.24846,0
1781247126613430,83.1735,-0.436567,-0.405722,-4.9837,-0.0990434,-0.099024,-5,-0.337524,-0.306698,0.0162964,0.456346,1.14754,1.14008,-0.0204542,1.24975,1.24902,0
1781247126637430,83.1975,-0.408107,-0.377258,-4.98383,-0.0741667,-0.0741586,-5,-0.33394,-0.3031,0.0161743,0.451273,1.14683,1.14151,-0.019651,1.24986,1.24945,0
1781247126653430,83.2135,-0.389179,-0.358309,-4.98392,-0.0491896,-0.0491872,-5,-0.339989,-0.309122,0.0160828,0.459791,1.14809,1.14217,-0.0196574,1.24994,1.24976,0
1781247126677430,83.2375,-0.36084,-0.329908,-4.9841,-0.0241694,-0.0241691,-5,-0.336671,-0.305739,0.0158997,0.455057,1.14891,1.14392,-0.0184189,1.24999,1.24994,0
1781247126693430,83.2535,-0.341988,-0.310983,-4.98413,0.00082327,0.00082327,-5,-0.342812,-0.311806,0.0158691,0.463675,1.14869,1.14527,-0.0174277,1.25,1.25,0
1781247126717430,83.2775,-0.313743,-0.282602,-4.98422,0.0258151,0.0258147,-5,-0.339558,-0.308417,0.0157776,0.458988,1.14942,1.14638,-0.0166072,1.24998,1.24993,0
1781247126733430,83.2935,-0.293541,-0.262087,-4.9837,0.0508097,0.0508071,-5,-0.344351,-0.312894,0.0162964,0.46556,1.1496,1.1487,-0.0161688,1.24994,1.24974,0
1781247126757430,83.3175,-0.263431,-0.231472,-4.98306,0.0758356,0.0758269,-5,-0.339267,-0.307299,0.0169373,0.458063,1.15082,1.14935,-0.0154413,1.24986,1.24942,0
1781247126773430,83.3335,-0.243456,-0.211161,-4.98267,0.100804,0.100783,-5,-0.34426,-0.311944,0.017334,0.464892,1.15166,1.15147,-0.0154981,1.24975,1.24898,0
1781247126797430,83.3575,-0.213655,-0.1808,-4.98218,0.125799,0.12576,-5,-0.339454,-0.30656,0.0178223,0.457739,1.1522,1.1544,-0.0151587,1.2496,1.24842,0
1781247126813430,83.3735,-0.193885,-0.160621,-4.98187,0.150784,0.150716,-5,-0.34467,-0.311337,0.0181274,0.464819,1.15273,1.15602,-0.014462,1.24943,1.24773,0
1781247126837430,83.3975,-0.164357,-0.13046,-4.98148,0.175744,0.175635,-5,-0.340101,-0.306095,0.0185242,0.457937,1.15375,1.15679,-0.014517,1.24923,1.24691,0
1781247126853430,83.4135,-0.144746,-0.110438,-4.98123,0.200745,0.200584,-5,-0.345491,-0.311022,0.0187683,0.465243,1.15382,1.15655,-0.01538,1.24899,1.24597,0
1781247126877430,83.4375,-0.115433,-0.080542,-4.98093,0.225707,0.225477,-5,-0.34114,-0.306019,0.0190735,0.458681,1.15451,1.15623,-0.0151574,1.24873,1.24491,0
1781247126893430,83.4535,-0.0959762,-0.0606926,-4.98074,0.250662,0.250347,-5,-0.346638,-0.311039,0.0192566,0.466127,1.15346,1.15584,-0.0159629,1.24843,1.24372,0
1781247126917430,83.4775,-0.0669358,-0.0310368,-4.98053,0.275721,0.275302,-5,-0.342657,-0.306339,0.0194702,0.460039,1.15277,1.15573,-0.0158417,1.2481,1.2424,0
1781247126933430,83.4935,-0.0476344,-0.0113343,-4.98044,0.300571,0.300028,-5,-0.348206,-0.311362,0.0195618,0.467521,1.15341,1.15672,-0.0165634,1.24774,1.24097,0
1781247126957692,83.5178,-0.0187699,0.0181386,-4.98032,0.325719,0.325027,-5,-0.344488,-0.306888,0.0196838,0.461779,1.15415,1.15632,-0.0170107,1.24734,1.23939,0
1781247126973692,83.5338,0.000411147,0.0376977,-4.98029,0.350482,0.349619,-5,-0.35007,-0.311922,0.0197144,0.46929,1.15417,1.15422,-0.0166875,1.24693,1.23772,0
1781247126997692,83.5578,0.0290658,0.0669086,-4.98029,0.375401,0.374341,-5,-0.346335,-0.307433,0.0197144,0.463521,1.15295,1.15322,-0.0158736,1.24647,1.23591,0
1781247127013692,83.5738,0.0480808,0.086301,-4.98029,0.40032,0.399035,-5,-0.352239,-0.312734,0.0197144,0.471448,1.15264,1.15152,-0.0164756,1.24599,1.23397,0
1781247127037692,83.5978,0.0764962,0.115278,-4.98032,0.4252,0.42366,-5,-0.348704,-0.308382,0.0196838,0.46592,1.15115,1.15093,-0.0167818,1.24547,1.23192,0
1781247127053692,83.6138,0.0953841,0.134527,-4.98038,0.45012,0.448293,-5,-0.354736,-0.313766,0.0196228,0.473996,1.15179,1.1493,-0.0174553,1.24492,1.22974,0
1781247127077692,83.6378,0.123657,0.163307,-4.98047,0.475161,0.47301,-5,-0.351503,-0.309704,0.0195312,0.468884,1.15244,1.14894,-0.0174361,1.24434,1.22742,0
1781247127093692,83.6538,0.142466,0.182437,-4.98059,0.499887,0.497382,-5,-0.357421,-0.314945,0.0194092,0.476777,1.15296,1.14819,-0.0182768,1.24374,1.22501,0
1781247127117692,83.6778,0.170616,0.211049,-4.98074,0.524741,0.521844,-5,-0.354126,-0.310794,0.0192566,0.47156,1.15145,1.14703,-0.0188291,1.2431,1.22246,0
1781247127133692,83.6938,0.190842,0.231738,-4.98041,0.549558,0.546228,-5,-0.358716,-0.31449,0.0195923,0.477457,1.15152,1.14557,-0.0181442,1.24243,1.2198,0
1781247127157692,83.7178,0.220979,0.262527,-4.97995,0.57442,0.570616,-5,-0.353441,-0.308089,0.02005,0.469299,1.15269,1.14413,-0.0197717,1.24172,1.217,0
1781247127173692,83.7338,0.240975,0.282902,-4.97971,0.599229,0.59491,-5,-0.358253,-0.312007,0.0202942,0.475506,1.1541,1.14225,-0.0207608,1.24099,1.21409,0
1781247127197692,83.7578,0.270804,0.313216,-4.97943,0.624056,0.619177,-5,-0.353252,-0.305961,0.0205688,0.467784,1.15327,1.13885,-0.019767,1.24023,1.21106,0
1781247127213692,83.7738,0.290585,0.333257,-4.97925,0.648827,0.643341,-5,-0.358242,-0.310084,0.020752,0.474257,1.15402,1.1359,-0.0189651,1.23943,1.2079,0
1781247127237692,83.7978,0.320115,0.363089,-4.97903,0.673604,0.667464,-5,-0.35349,-0.304375,0.0209656,0.466946,1.1539,1.13297,-0.0186198,1.2386,1.20463,0
1781247127253692,83.8138,0.339711,0.38283,-4.97891,0.698345,0.6915,-5,-0.358635,-0.30867,0.0210876,0.473646,1.15431,1.13012,-0.0187678,1.23775,1.20123,0
1781247127277692,83.8378,0.369017,0.412218,-4.9787,0.723121,0.715519,-5,-0.354105,-0.303301,0.0213013,0.466728,1.15615,1.1261,-0.0186737,1.23686,1.19771,0
1781247127293692,83.8538,0.388462,0.431655,-4.97858,0.747865,0.739452,-5,-0.359402,-0.307797,0.0214233,0.473675,1.15613,1.12332,-0.0173025,1.23594,1.19407,0
1781247127317692,83.8778,0.417516,0.460585,-4.97842,0.772541,0.763264,-5,-0.355025,-0.302679,0.0215759,0.467036,1.15619,1.11841,-0.0168439,1.23499,1.19032,0
1781247127333692,83.8938,0.436809,0.47974,-4.97833,0.797243,0.787043,-5,-0.360434,-0.307303,0.0216675,0.474149,1.15587,1.1161,-0.0172322,1.23401,1.18644,0
1781247127357692,83.9178,0.465641,0.508297,-4.97833,0.821895,0.810715,-5,-0.356254,-0.302418,0.0216675,0.467807,1.15465,1.1124,-0.0182167,1.233,1.18245,0
1781247127373692,83.9338,0.484772,0.527225,-4.97836,0.846556,0.834334,-5,-0.361784,-0.307109,0.021637,0.475049,1.15293,1.11179,-0.017197,1.23195,1.17833,0
1781247127397692,83.9578,0.513359,0.555467,-4.97839,0.871201,0.857874,-5,-0.357842,-0.302408,0.0216064,0.469008,1.1528,1.10777,-0.0160887,1.23088,1.1741,0
1781247127413692,83.9738,0.532369,0.574173,-4.97842,0.895872,0.881374,-5,-0.363502,-0.307201,0.0215759,0.476415,1.15354,1.10534,-0.0155375,1.22977,1.16974,0
1781247127437692,83.9978,0.560826,0.602078,-4.97845,0.920421,0.904692,-5,-0.359596,-0.302614,0.0215454,0.470477,1.15219,1.10183,-0.0152175,1.22864,1.16528,0
1781247127453692,84.0138,0.579741,0.620552,-4.97849,0.944938,0.92791,-5,-0.365197,-0.307358,0.0215149,0.477808,1.15188,1.09761,-0.0157866,1.22747,1.16071,0
1781247127477692,84.0378,0.60804,0.648077,-4.97858,0.96949,0.951091,-5,-0.36145,-0.303014,0.0214233,0.472147,1.15198,1.09252,-0.0152073,1.22628,1.15601,0
1781247127493692,84.0538,0.626856,0.666307,-4.97864,0.994035,0.974193,-5,-0.367179,-0.307886,0.0213623,0.479657,1.15127,1.08896,-0.0156349,1.22505,1.15119,0
1781247127509692,84.0698,0.64564,0.684435,-4.9787,1.01853,0.997171,-5,-0.372887,-0.312736,0.0213013,0.487137,1.1523,1.08517,-0.0168082,1.22379,1.14626,0
1781247127533692,84.0938,0.67542,0.713294,-4.97845,1.04298,1.02004,-5,-0.367565,-0.306747,0.0215454,0.47923,1.15148,1.08187,-0.0183032,1.2225,1.14122,0
1781247127557692,84.1178,0.7058,0.742709,-4.97815,1.06735,1.04274,-5,-0.361546,-0.300035,0.0218506,0.470334,1.15192,1.07685,-0.0182551,1.22119,1.13608,0
1781247127573692,84.1338,0.725943,0.76212,-4.97797,1.09179,1.06545,-5,-0.36585,-0.303326,0.0220337,0.47575,1.15299,1.07392,-0.018227,1.21984,1.1308,0
1781247127597692,84.1578,0.755998,0.79095,-4.97775,1.11619,1.08802,-5,-0.360188,-0.297068,0.0222473,0.467418,1.15293,1.07015,-0.0182181,1.21846,1.12541,0
1781247127613692,84.1738,0.775923,0.810002,-4.97766,1.14055,1.11048,-5,-0.364626,-0.300477,0.0223389,0.473009,1.15351,1.06789,-0.0176499,1.21704,1.11991,0
1781247127629692,84.1898,0.795754,0.8289,-4.97757,1.16473,1.13268,-5,-0.368972,-0.303784,0.0224304,0.478464,1.15235,1.06325,-0.0184606,1.21561,1.11434,0
1781247127653692,84.2138,0.825356,0.856956,-4.97751,1.18915,1.15503,-5,-0.363797,-0.298076,0.0224915,0.470854,1.15351,1.05748,-0.018657,1.21413,1.10859,0
1781247127677692,84.2378,0.854789,0.88467,-4.97745,1.21345,1.17718,-5,-0.358666,-0.292506,0.0225525,0.463368,1.15174,1.0503,-0.0171095,1.21263,1.10275,0
1781247127693692,84.2538,0.874281,0.902957,-4.97745,1.2377,1.19918,-5,-0.363417,-0.296222,0.0225525,0.469391,1.14815,1.04532,-0.0176362,1.2111,1.09681,0
1781247127717692,84.2778,0.903336,0.930109,-4.97748,1.26176,1.22092,-5,-0.35842,-0.290811,0.022522,0.462108,1.14769,1.03898,-0.01868,1.20954,1.0908,0
1781247127733692,84.2938,0.922624,0.948028,-4.97751,1.28594,1.24269,-5,-0.36332,-0.294659,0.0224915,0.468328,1.14794,1.03463,-0.0184617,1.20795,1.08463,0
1781247127757692,84.3178,0.951445,0.974686,-4.97763,1.31019,1.26441,-5,-0.358746,-0.289723,0.0223694,0.46167,1.14709,1.03003,-0.0184116,1.20632,1.07834,0
1781247127773692,84.3338,0.970572,0.992297,-4.97772,1.33418,1.28581,-5,-0.363612,-0.293512,0.0222778,0.467824,1.146,1.02411,-0.0190895,1.20468,1.072,0
1781247127797692,84.3578,0.999117,1.01847,-4.97794,1.35826,1.30719,-5,-0.359147,-0.288716,0.0220642,0.461335,1.14364,1.01916,-0.0188208,1.20299,1.06551,0
1781247127813692,84.3738,1.01807,1.03578,-4.97806,1.38229,1.32842,-5,-0.364224,-0.292639,0.0219421,0.467737,1.14275,1.01483,-0.0187476,1.20128,1.05893,0
1781247127837692,84.3978,1.04638,1.0615,-4.9783,1.40646,1.34967,-5,-0.360077,-0.288167,0.021698,0.461699,1.14131,1.00756,-0.0183418,1.19953,1.05219,0
1781247127853692,84.4138,1.06518,1.07849,-4.97852,1.43042,1.37064,-5,-0.365242,-0.29215,0.0214844,0.468204,1.13971,1.00229,-0.0190244,1.19776,1.04539,0
1781247127877692,84.4378,1.09327,1.10373,-4.97882,1.45437,1.39148,-5,-0.361095,-0.287747,0.0211792,0.462208,1.13808,0.996504,-0.0179123,1.19595,1.03848,0
1781247127893692,84.4538,1.11193,1.12041,-4.979,1.47823,1.41215,-5,-0.366294,-0.291735,0.0209961,0.468744,1.13804,0.990273,-0.0173572,1.19412,1.03148,0
1781247127917692,84.4778,1.13986,1.14517,-4.97931,1.50205,1.43267,-5,-0.362192,-0.287507,0.0206909,0.462894,1.13784,0.98149,-0.0173822,1.19226,1.02438,0
1781247127933692,84.4938,1.15941,1.16411,-4.9791,1.52589,1.4531,-5,-0.366481,-0.288991,0.0209045,0.467184,1.13816,0.977289,-0.0170898,1.19037,1.01717,0
1781247127957692,84.5178,1.18858,1.19208,-4.97885,1.54967,1.47336,-5,-0.361091,-0.28128,0.0211487,0.458205,1.13787,0.971177,-0.0176133,1.18845,1.00985,0
1781247127973958,84.5341,1.20792,1.21046,-4.9787,1.57345,1.49351,-5,-0.365536,-0.283056,0.0213013,0.462808,1.1373,0.966937,-0.0174,1.18649,1.00242,0
1781247127997958,84.5581,1.23677,1.23761,-4.97858,1.59714,1.51346,-5,-0.360364,-0.275851,0.0214233,0.454329,1.13579,0.960191,-0.017872,1.18451,0.994915,0
1781247128013958,84.5741,1.25589,1.25547,-4.97852,1.6207,1.5332,-5,-0.36481,-0.277724,0.0214844,0.458997,1.13405,0.955278,-0.0170937,1.18251,0.987334,0
1781247128037958,84.5981,1.28442,1.28188,-4.97845,1.64427,1.55281,-5,-0.35985,-0.270929,0.0215454,0.450953,1.13335,0.9479,-0.0183318,1.18048,0.979639,0
1781247128053958,84.6141,1.30336,1.29926,-4.97849,1.66788,1.57235,-5,-0.364522,-0.27309,0.0215149,0.455979,1.13377,0.944425,-0.0208541,1.1784,0.971818,0
1781247128077958,84.6381,1.33165,1.32501,-4.97858,1.69141,1.59169,-5,-0.359756,-0.266685,0.0214233,0.448335,1.13199,0.937703,-0.0211299,1.17631,0.963913,0
1781247128093958,84.6541,1.35044,1.34195,-4.97867,1.71491,1.61089,-5,-0.364466,-0.268938,0.0213318,0.453451,1.13131,0.93218,-0.0218967,1.17418,0.955909,0
1781247128117958,84.6781,1.37849,1.36701,-4.97882,1.73836,1.62992,-5,-0.359869,-0.262907,0.0211792,0.446177,1.12891,0.923319,-0.0215392,1.17202,0.94781,0
1781247128133958,84.6941,1.39711,1.38349,-4.97894,1.76177,1.64878,-5,-0.364661,-0.265296,0.0210571,0.451445,1.12774,0.917573,-0.0217802,1.16983,0.939616,0
1781247128149958,84.7101,1.41565,1.39978,-4.9791,1.7852,1.66753,-5,-0.36955,-0.267756,0.0209045,0.456834,1.12672,0.912091,-0.0222347,1.16761,0.931307,0
1781247128173958,84.7341,1.44333,1.42386,-4.97937,1.80848,1.68604,-5,-0.365149,-0.262178,0.0206299,0.449996,1.12495,0.902849,-0.0212068,1.16537,0.92294,0
1781247128197958,84.7581,1.47089,1.44757,-4.97964,1.83178,1.70442,-5,-0.360888,-0.256855,0.0203552,0.443428,1.12326,0.893677,-0.0207633,1.16309,0.914459,0
1781247128213958,84.7741,1.48918,1.46316,-4.9798,1.85501,1.72262,-5,-0.365827,-0.259466,0.0202026,0.448954,1.12074,0.887605,-0.0205403,1.16079,0.905894,0
1781247128237958,84.7981,1.51652,1.48623,-4.9801,1.87819,1.74065,-5,-0.361676,-0.254412,0.0198975,0.442641,1.11838,0.879003,-0.0212748,1.15846,0.897239,0
1781247128253958,84.8141,1.53468,1.50142,-4.98032,1.90128,1.75846,-5,-0.366599,-0.257039,0.0196838,0.448165,1.1183,0.873117,-0.0216909,1.1561,0.888515,0
1781247128277958,84.8381,1.56183,1.52391,-4.98065,1.92441,1.77616,-5,-0.362579,-0.25225,0.0193481,0.442117,1.11496,0.864913,-0.0210122,1.15371,0.879665,0
1781247128293958,84.8541,1.57985,1.53872,-4.9809,1.94746,1.79367,-5,-0.367608,-0.254952,0.019104,0.447773,1.11394,0.858521,-0.0212353,1.15129,0.87074,0
1781247128317958,84.8781,1.60678,1.5606,-4.98126,1.97047,1.811,-5,-0.363695,-0.250403,0.0187378,0.441957,1.11059,0.848436,-0.020781,1.14884,0.861724,0
1781247128333958,84.8941,1.62588,1.57742,-4.98096,1.99351,1.82821,-5,-0.367626,-0.250791,0.019043,0.44543,1.10896,0.844908,-0.0209268,1.14635,0.852593,0
1781247128357958,84.9181,1.65433,1.60219,-4.98059,2.01625,1.84505,-5,-0.361922,-0.242861,0.0194092,0.436286,1.10653,0.836074,-0.0197933,1.14386,0.843472,0
1781247128373958,84.9341,1.67317,1.6184,-4.98038,2.03915,1.86186,-5,-0.365977,-0.24346,0.0196228,0.439997,1.10537,0.830776,-0.0190934,1.14132,0.834188,0
1781247128397958,84.9581,1.70126,1.64231,-4.9801,2.06195,1.87845,-5,-0.360693,-0.236145,0.0198975,0.431578,1.10284,0.824704,-0.0195284,1.13876,0.824835,0
1781247128413958,84.9741,1.71986,1.65798,-4.97995,2.08478,1.89491,-5,-0.364918,-0.236934,0.02005,0.435551,1.10064,0.817893,-0.0194491,1.13616,0.815371,0
1781247128437958,84.9981,1.74758,1.68106,-4.9798,2.10738,1.91106,-5,-0.3598,-0.229995,0.0202026,0.427506,1.09824,0.809402,-0.0207549,1.13355,0.805894,0
1781247128453958,85.0141,1.76595,1.69619,-4.97974,2.13002,1.92707,-5,-0.364062,-0.230879,0.0202637,0.431575,1.09627,0.803299,-0.0212112,1.1309,0.796303,0
1781247128477958,85.0381,1.79335,1.71848,-4.97971,2.1526,1.9429,-5,-0.359247,-0.224414,0.0202942,0.424066,1.09387,0.792975,-0.0229279,1.12823,0.786631,0
1781247128493958,85.0541,1.81153,1.73308,-4.97971,2.17524,1.9586,-5,-0.363713,-0.225523,0.0202942,0.428438,1.09246,0.785894,-0.023494,1.12551,0.776832,0
1781247128517958,85.0781,1.83866,1.75457,-4.97971,2.19773,1.97404,-5,-0.359065,-0.21947,0.0202942,0.421315,1.09011,0.775424,-0.0221724,1.12278,0.766999,0
1781247128533958,85.0941,1.85665,1.76866,-4.97974,2.22013,1.98927,-5,-0.363481,-0.220615,0.0202637,0.425676,1.087,0.76912,-0.022091,1.12002,0.7571,0
1781247128557958,85.1181,1.88349,1.78943,-4.9798,2.24239,2.00423,-5,-0.358895,-0.214803,0.0202026,0.418753,1.0844,0.759561,-0.023361,1.11724,0.74717,0
1781247128573958,85.1341,1.90129,1.80304,-4.97986,2.26474,2.0191,-5,-0.363449,-0.216056,0.0201416,0.423298,1.08219,0.753001,-0.0225845,1.11442,0.737095,0
1781247128597958,85.1581,1.92786,1.82309,-4.97992,2.28699,2.03374,-5,-0.359137,-0.210641,0.0200806,0.416837,1.08056,0.741093,-0.0211844,1.11158,0.726966,0
1781247128613958,85.1741,1.94549,1.83621,-4.97998,2.30918,2.04816,-5,-0.363687,-0.21195,0.0200195,0.421416,1.07807,0.733833,-0.0215914,1.10871,0.716771,0
1781247128637958,85.1981,1.97182,1.85554,-4.98013,2.3313,2.06238,-5,-0.35948,-0.206844,0.0198669,0.415217,1.07539,0.72271,-0.0204562,1.10581,0.706504,0
1781247128653958,85.2141,1.9893,1.86818,-4.98022,2.35341,2.07642,-5,-0.364112,-0.208238,0.0197754,0.419919,1.07252,0.71482,-0.0211986,1.10288,0.696147,0
1781247128669958,85.2301,2.00671,1.88064,-4.98038,2.37543,2.09023,-5,-0.368719,-0.209596,0.0196228,0.424582,1.07119,0.706202,-0.0210009,1.09992,0.685734,0
1781247128693958,85.2541,2.03274,1.89897,-4.98059,2.39738,2.10383,-5,-0.364638,-0.204863,0.0194092,0.418696,1.06895,0.695525,-0.020892,1.09694,0.675258,0
1781247128717958,85.2781,2.05863,1.9169,-4.98083,2.4193,2.11724,-5,-0.360667,-0.200337,0.019165,0.413017,1.06404,0.683353,-0.0208469,1.09393,0.664701,0
1781247128733958,85.2941,2.07711,1.93017,-4.98056,2.44114,2.13042,-5,-0.364028,-0.200257,0.0194397,0.41593,1.06251,0.67472,-0.0201256,1.0909,0.654083,0
1781247128757958,85.3181,2.10465,1.9496,-4.98013,2.46311,2.14351,-5,-0.358457,-0.193902,0.0198669,0.408025,1.06275,0.664371,-0.019361,1.0878,0.643309,0
1781247128773958,85.3341,2.12291,1.96228,-4.97989,2.48473,2.1562,-5,-0.361818,-0.193921,0.0201111,0.411001,1.06244,0.657766,-0.0189996,1.08473,0.632611,0
1781247128797958,85.3581,2.15014,1.98086,-4.97958,2.5064,2.16875,-5,-0.356266,-0.187892,0.0204163,0.403294,1.06106,0.645542,-0.019339,1.08161,0.621795,0
1781247128813958,85.3741,2.16817,1.99295,-4.9794,2.52799,2.18107,-5,-0.359814,-0.188121,0.0205994,0.406547,1.06012,0.636857,-0.0207011,1.07846,0.610927,0
1781247128837958,85.3981,2.19508,2.01066,-4.97922,2.54943,2.19313,-5,-0.354351,-0.182464,0.0207825,0.399111,1.05796,0.625573,-0.0195106,1.0753,0.600041,0
1781247128853958,85.4141,2.21289,2.02221,-4.9791,2.57098,2.20506,-5,-0.358088,-0.182852,0.0209045,0.402615,1.05492,0.617406,-0.0179271,1.07209,0.589006,0
1781247128877958,85.4381,2.23942,2.03913,-4.97894,2.59241,2.21674,-5,-0.352994,-0.17761,0.0210571,0.395719,1.05198,0.605583,-0.017531,1.06886,0.577941,0
1781247128893958,85.4541,2.25699,2.05015,-4.97885,2.61372,2.22817,-5,-0.35673,-0.178017,0.0211487,0.399242,1.0501,0.597785,-0.017882,1.06561,0.566846,0
1781247128917958,85.4781,2.28318,2.06633,-4.97879,2.63501,2.2394,-5,-0.351835,-0.173069,0.0212097,0.392672,1.04576,0.587241,-0.0174794,1.06233,0.55567,0
1781247128933958,85.4941,2.30053,2.07689,-4.97876,2.65611,2.25034,-5,-0.355573,-0.173453,0.0212402,0.396194,1.04372,0.579564,-0.0175174,1.05904,0.544511,0
1781247128957958,85.5181,2.32642,2.09236,-4.97879,2.67733,2.26116,-5,-0.350916,-0.168796,0.0212097,0.38998,1.04072,0.567951,-0.0166027,1.0557,0.533189,0
1781247128974224,85.5343,2.34358,2.10243,-4.97879,2.69847,2.27174,-5,-0.354893,-0.169307,0.0212097,0.393782,1.03919,0.559373,-0.0155862,1.05233,0.521827,0
1781247128998224,85.5583,2.36919,2.11719,-4.97885,2.71946,2.28205,-5,-0.350268,-0.164858,0.0211487,0.387703,1.03563,0.548274,-0.01605,1.04894,0.510454,0
1781247129014224,85.5743,2.38618,2.12681,-4.97888,2.74039,2.29213,-5,-0.354208,-0.165324,0.0211182,0.39146,1.03445,0.540307,-0.0153135,1.04553,0.499029,0
1781247129038224,85.5983,2.41152,2.14087,-4.979,2.76126,2.302,-5,-0.349739,-0.161128,0.0209961,0.385643,1.03054,0.526085,-0.0150246,1.0421,0.487543,0
1781247129054224,85.6143,2.42834,2.15001,-4.97906,2.78209,2.31164,-5,-0.353749,-0.161638,0.0209351,0.389491,1.0283,0.517763,-0.0144071,1.03863,0.475999,0
1781247129078224,85.6383,2.45343,2.16337,-4.97919,2.80282,2.32105,-5,-0.349388,-0.157673,0.020813,0.383883,1.02373,0.505468,-0.0165997,1.03514,0.464419,0
1781247129094224,85.6543,2.47005,2.17206,-4.97931,2.82346,2.33021,-5,-0.353407,-0.15815,0.0206909,0.387732,1.02078,0.496811,-0.0170913,1.03163,0.452809,0
1781247129118224,85.6783,2.49484,2.18474,-4.97949,2.84407,2.33915,-5,-0.349231,-0.154418,0.0205078,0.382397,1.01646,0.483454,-0.0169906,1.02808,0.441124,0
1781247129134224,85.6943,2.51211,2.19489,-4.9794,2.86458,2.34785,-5,-0.352473,-0.152963,0.0205994,0.384784,1.01426,0.474821,-0.0170889,1.02452,0.429416,0
1781247129158224,85.7183,2.53781,2.20963,-4.97937,2.88496,2.35629,-5,-0.347151,-0.146657,0.0206299,0.377423,1.01013,0.462851,-0.0191009,1.02094,0.4177,0
1781247129174224,85.7343,2.55482,2.21915,-4.97937,2.90544,2.36457,-5,-0.350625,-0.145413,0.0206299,0.380143,1.00815,0.454933,-0.0179746,1.0173,0.405841,0
1781247129198224,85.7583,2.58013,2.23298,-4.9794,2.92571,2.37255,-5,-0.345577,-0.13957,0.0205994,0.373266,1.0037,0.442235,-0.017575,1.01366,0.394024,0
1781247129214224,85.7743,2.59689,2.24187,-4.97946,2.94594,2.38031,-5,-0.349051,-0.138433,0.0205383,0.376061,1.00106,0.432428,-0.0187964,1.00999,0.382143,0
1781247129238224,85.7983,2.62185,2.25474,-4.97958,2.96611,2.38783,-5,-0.34426,-0.133093,0.0204163,0.369655,0.997399,0.419255,-0.0191135,1.0063,0.370219,0
1781247129254224,85.8143,2.63838,2.26304,-4.97971,2.98618,2.39511,-5,-0.347796,-0.132068,0.0202942,0.37258,0.994737,0.411058,-0.020437,1.00258,0.358274,0
1781247129278224,85.8383,2.66303,2.27507,-4.97992,3.0062,2.40216,-5,-0.343168,-0.127092,0.0200806,0.366497,0.99181,0.396736,-0.0213157,0.998836,0.346276,0
1781247129294224,85.8543,2.67937,2.28279,-4.9801,3.02614,2.40896,-5,-0.346769,-0.126175,0.0198975,0.369547,0.989261,0.387568,-0.0222467,0.995066,0.334249,0
1781247129318224,85.8783,2.70373,2.29396,-4.98044,3.04604,2.41554,-5,-0.34231,-0.121577,0.0195618,0.363785,0.984649,0.373012,-0.0226467,0.991263,0.322165,0
1781247129334224,85.8943,2.71988,2.30113,-4.98065,3.06579,2.42185,-5,-0.34591,-0.120728,0.0193481,0.366883,0.984358,0.363359,-0.0224158,0.98745,0.310092,0
1781247129350224,85.9103,2.736,2.30806,-4.9809,3.08546,2.42792,-5,-0.349463,-0.119856,0.019104,0.369939,0.982441,0.353996,-0.0231568,0.983614,0.297994,0
1781247129374224,85.9343,2.76,2.31807,-4.98129,3.10511,2.43376,-5,-0.345108,-0.11569,0.0187073,0.364464,0.977176,0.340792,-0.0226986,0.979742,0.28583,0
1781247129398224,85.9583,2.78382,2.3276,-4.98169,3.12468,2.43936,-5,-0.340857,-0.111759,0.0183105,0.359178,0.973402,0.326258,-0.0226781,0.975845,0.273637,0
1781247129414224,85.9743,2.79962,2.3337,-4.98199,3.14414,2.44471,-5,-0.344527,-0.111015,0.0180054,0.362419,0.970221,0.316672,-0.0246521,0.97193,0.261436,0
1781247129438224,85.9983,2.82317,2.34243,-4.98251,3.16357,2.44982,-5,-0.340399,-0.107389,0.0174866,0.357365,0.966046,0.302382,-0.0246685,0.967982,0.249184,0
1781247129454224,86.0143,2.83878,2.34802,-4.98285,3.18277,2.45465,-5,-0.343987,-0.106639,0.0171509,0.360545,0.962721,0.292708,-0.0236417,0.96404,0.236998,0
1781247129470224,86.0303,2.85432,2.35341,-4.98318,3.20199,2.45927,-5,-0.347663,-0.105856,0.0168152,0.36381,0.960241,0.284458,-0.0224476,0.960054,0.224727,0
1781247129494224,86.0543,2.87753,2.36115,-4.98367,3.22125,2.46366,-5,-0.343721,-0.102505,0.0163269,0.359051,0.957023,0.271252,-0.0217765,0.956019,0.212356,0
1781247129518224,86.0783,2.9006,2.36846,-4.98413,3.24021,2.46776,-5,-0.339619,-0.0992947,0.0158691,0.354192,0.952645,0.257398,-0.0212928,0.952005,0.200101,0
1781247129534224,86.0943,2.91676,2.37468,-4.98428,3.25921,2.47164,-5,-0.342447,-0.0969567,0.0157166,0.356255,0.951176,0.248516,-0.0217007,0.947945,0.187758,0
1781247129558224,86.1183,2.94083,2.38352,-4.98453,3.2781,2.47526,-5,-0.337268,-0.0917444,0.0154724,0.349866,0.946679,0.236109,-0.0212741,0.943864,0.175407,0
1781247129574224,86.1343,2.95675,2.3891,-4.98474,3.29696,2.47865,-5,-0.340212,-0.0895519,0.0152588,0.352131,0.944715,0.226286,-0.0214916,0.939749,0.163005,0
1781247129598224,86.1583,2.98047,2.39699,-4.98508,3.31571,2.48179,-5,-0.335234,-0.0847945,0.0149231,0.346114,0.942104,0.213412,-0.0213514,0.935618,0.150609,0
1781247129614224,86.1743,2.99618,2.40196,-4.98529,3.33437,2.48467,-5,-0.338195,-0.0827169,0.0147095,0.348474,0.93937,0.204472,-0.0215462,0.931462,0.138195,0
1781247129638224,86.1983,3.01957,2.40898,-4.98566,3.35296,2.48731,-5,-0.33339,-0.0783346,0.0143433,0.34277,0.935269,0.191802,-0.0216656,0.927283,0.125766,0
1781247129654224,86.2143,3.03506,2.41338,-4.9859,3.37145,2.4897,-5,-0.336389,-0.0763233,0.0140991,0.345227,0.933029,0.18161,-0.0213886,0.923084,0.113334,0
1781247129678224,86.2383,3.05815,2.41953,-4.98627,3.38997,2.49186,-5,-0.331826,-0.0723248,0.0137329,0.339894,0.930002,0.167606,-0.0206717,0.918833,0.100808,0
1781247129694224,86.2543,3.07346,2.42337,-4.98654,3.40836,2.49375,-5,-0.334905,-0.0703864,0.0134583,0.342486,0.927713,0.159143,-0.0211473,0.914572,0.0883083,0
1781247129718224,86.2783,3.09626,2.42874,-4.98694,3.42647,2.49538,-5,-0.330209,-0.0666387,0.0130615,0.33712,0.922992,0.147531,-0.0221748,0.910333,0.0759289,0
1781247129734224,86.2943,3.11135,2.4321,-4.98724,3.44461,2.49678,-5,-0.333268,-0.0646784,0.0127563,0.339726,0.919152,0.139919,-0.0226289,0.906043,0.0634635,0
1781247129758224,86.3183,3.13377,2.43672,-4.98767,3.46267,2.49792,-5,-0.328897,-0.0611959,0.0123291,0.334769,0.913407,0.124898,-0.0229993,0.901731,0.0509904,0
1781247129774224,86.3343,3.14862,2.43955,-4.98798,3.48067,2.49881,-5,-0.332051,-0.059269,0.0120239,0.337513,0.909577,0.115688,-0.0235179,0.897391,0.038496,0
1781247129798224,86.3583,3.17074,2.44341,-4.98849,3.49857,2.49946,-5,-0.327827,-0.0560515,0.0115051,0.332783,0.905669,0.102444,-0.0231013,0.893029,0.0260011,0
1781247129814224,86.3743,3.1854,2.44573,-4.98883,3.51649,2.49986,-5,-0.331088,-0.0541236,0.0111694,0.335669,0.903152,0.0926883,-0.0233643,0.888619,0.0134286,0
1781247129838224,86.3983,3.20728,2.44883,-4.98938,3.5341,2.5,-5,-0.326819,-0.051167,0.0106201,0.33097,0.899397,0.0782684,-0.0238125,0.884241,0.00101216,0
1781247129854224,86.4143,3.22179,2.45065,-4.98975,3.55175,2.49989,-5,-0.329956,-0.0492394,0.0102539,0.333768,0.897018,0.0687938,-0.0245407,0.879811,-0.011493,0
1781247129878224,86.4383,3.24343,2.45305,-4.99026,3.56929,2.49954,-5,-0.325859,-0.0464892,0.00973511,0.329302,0.891858,0.055662,-0.023865,0.875364,-0.023981,0
1781247129894224,86.4543,3.25775,2.45441,-4.9906,3.58675,2.49894,-5,-0.329001,-0.0445256,0.00939941,0.332133,0.887955,0.046395,-0.0242916,0.870891,-0.036477,0
1781247129918224,86.4783,3.27908,2.45609,-4.99115,3.60424,2.49807,-5,-0.325157,-0.0419817,0.0088501,0.327975,0.883016,0.0323838,-0.0237762,0.866367,-0.0490538,0
1781247129934224,86.4943,3.29422,2.45815,-4.99118,3.62151,2.49697,-5,-0.327288,-0.0388212,0.00881958,0.329701,0.879972,0.0238933,-0.0218015,0.861854,-0.0615324,0
1781247129958224,86.5183,3.31672,2.46079,-4.99124,3.63868,2.49562,-5,-0.32196,-0.0348234,0.00875854,0.323956,0.875792,0.0101433,-0.0198764,0.857323,-0.0739969,0
1781247129974488,86.5346,3.33157,2.46225,-4.9913,3.65569,2.49402,-5,-0.32412,-0.0317695,0.00869751,0.32579,0.872391,-0.000946147,-0.0206052,0.852786,-0.0864106,0
1781247129998488,86.5586,3.35368,2.46399,-4.99139,3.67272,2.49217,-5,-0.319042,-0.0281739,0.00860596,0.320399,0.869462,-0.014609,-0.0189629,0.848202,-0.0988851,0
1781247130014488,86.5746,3.3683,2.46488,-4.99149,3.68963,2.49006,-5,-0.321329,-0.025182,0.0085144,0.322426,0.867003,-0.023445,-0.0182241,0.843601,-0.111339,0
1781247130038488,86.5986,3.39008,2.46583,-4.99164,3.70653,2.4877,-5,-0.316447,-0.0218725,0.00836182,0.317313,0.86265,-0.036381,-0.0172964,0.83896,-0.123833,0
1781247130054488,86.6146,3.40449,2.4662,-4.9917,3.72324,2.4851,-5,-0.318748,-0.018899,0.00830078,0.319416,0.861083,-0.0454149,-0.0150189,0.834321,-0.136253,0
1781247130078488,86.6386,3.42597,2.46638,-4.99185,3.73987,2.48226,-5,-0.313896,-0.0158741,0.00814819,0.314403,0.858702,-0.0593781,-0.0144794,0.82966,-0.148663,0
1781247130094488,86.6546,3.44021,2.46623,-4.99191,3.75638,2.47917,-5,-0.316176,-0.012933,0.00808716,0.316543,0.855755,-0.0693046,-0.0125487,0.824985,-0.16104,0
1781247130118488,86.6786,3.4614,2.46564,-4.99203,3.77282,2.47582,-5,-0.311422,-0.0101864,0.00796509,0.31169,0.852456,-0.082535,-0.0124981,0.820283,-0.173418,0
1781247130134488,86.6946,3.47544,2.46499,-4.9921,3.78915,2.47224,-5,-0.313707,-0.00724649,0.00790405,0.313891,0.850092,-0.0927406,-0.0111471,0.815566,-0.185762,0
1781247130158488,86.7186,3.49635,2.46364,-4.99219,3.80556,2.46836,-5,-0.309206,-0.00472641,0.0078125,0.309341,0.845369,-0.107222,-0.00892825,0.810776,-0.198229,0
1781247130174488,86.7346,3.51018,2.46248,-4.99222,3.82164,2.4643,-5,-0.311457,-0.00182319,0.00778198,0.311559,0.840569,-0.117244,-0.00923029,0.806036,-0.210491,0
1781247130190488,86.7506,3.52392,2.46112,-4.99228,3.83772,2.45996,-5,-0.313807,0.00115609,0.00772095,0.313904,0.837147,-0.126537,-0.00950864,0.801244,-0.222813,0
1781247130214488,86.7746,3.54436,2.45874,-4.99237,3.85364,2.4554,-5,-0.309284,0.00333548,0.00762939,0.309396,0.831491,-0.140936,-0.00866979,0.796455,-0.235056,0
1781247130238488,86.7986,3.56463,2.45592,-4.99243,3.86955,2.45057,-5,-0.304922,0.00534892,0.00756836,0.305063,0.826901,-0.155061,-0.010006,0.79162,-0.24734,0
1781247130254488,86.8146,3.57804,2.45381,-4.99249,3.88534,2.4455,-5,-0.307306,0.00831223,0.00750732,0.30751,0.823126,-0.164165,-0.00972038,0.78677,-0.25959,0
1781247130278488,86.8386,3.59803,2.45031,-4.99258,3.90103,2.44018,-5,-0.302996,0.0101309,0.00741577,0.303256,0.819689,-0.177787,-0.00992241,0.781904,-0.271802,0
1781247130294488,86.8546,3.61128,2.44777,-4.99268,3.91654,2.43465,-5,-0.305255,0.0131135,0.00732422,0.305625,0.817211,-0.186369,-0.00957985,0.777043,-0.283927,0
1781247130318488,86.8786,3.63105,2.44363,-4.9928,3.93202,2.42886,-5,-0.300971,0.014776,0.00720215,0.301419,0.813178,-0.199256,-0.00894134,0.77214,-0.29608,0
1781247130334488,86.8946,3.64446,2.44124,-4.99271,3.94743,2.42281,-5,-0.302967,0.01843,0.0072937,0.303615,0.810359,-0.20771,-0.00774614,0.767211,-0.308221,0
1781247130358488,86.9186,3.66488,2.43813,-4.99228,3.96286,2.41647,-5,-0.297981,0.0216596,0.00772095,0.298867,0.805728,-0.221603,-0.00881479,0.762223,-0.320425,0
1781247130374488,86.9346,3.67836,2.43576,-4.99203,3.97793,2.40999,-5,-0.299571,0.0257638,0.00796509,0.300783,0.801633,-0.231427,-0.00745813,0.757301,-0.332393,0
1781247130398488,86.9586,3.69841,2.43177,-4.99167,3.99303,2.40322,-5,-0.294619,0.0285435,0.0083313,0.296115,0.798329,-0.245326,-0.00746418,0.752319,-0.344426,0
1781247130414488,86.9746,3.71166,2.42884,-4.99146,4.00799,2.39623,-5,-0.296323,0.032609,0.00854492,0.298234,0.794968,-0.255177,-0.00798836,0.74733,-0.356396,0
1781247130438488,86.9986,3.73137,2.42403,-4.99115,4.02288,2.38899,-5,-0.291509,0.0350456,0.0088501,0.293741,0.789137,-0.269956,-0.0089162,0.742313,-0.368355,0
1781247130454488,87.0146,3.74437,2.42056,-4.991,4.03767,2.3815,-5,-0.293293,0.0390558,0.00900269,0.296019,0.784168,-0.279413,-0.00890411,0.737277,-0.380276,0
1781247130478488,87.0386,3.7637,2.41496,-4.99078,4.05238,2.37377,-5,-0.288676,0.0411847,0.00921631,0.291745,0.779574,-0.292733,-0.00908315,0.732216,-0.392175,0
1781247130494488,87.0546,3.77648,2.41099,-4.99066,4.06702,2.36578,-5,-0.290535,0.0452015,0.00933838,0.294179,0.775439,-0.301516,-0.00907178,0.727125,-0.404063,0
1781247130518488,87.0786,3.79547,2.40468,-4.99042,4.08144,2.35762,-5,-0.285968,0.0470526,0.00958252,0.289971,0.769683,-0.315117,-0.00867472,0.722056,-0.415816,0
1781247130534488,87.0946,3.80803,2.40022,-4.9903,4.09586,2.34917,-5,-0.287826,0.0510478,0.00970459,0.292479,0.766639,-0.324732,-0.00918431,0.716935,-0.427606,0
1781247130550488,87.1106,3.82052,2.39559,-4.9902,4.11011,2.34052,-5,-0.289587,0.0550628,0.00979614,0.294938,0.763701,-0.33271,-0.0094983,0.711819,-0.439302,0
1781247130574488,87.1346,3.8391,2.38831,-4.99011,4.12433,2.3316,-5,-0.285222,0.0567093,0.0098877,0.290973,0.757599,-0.344767,-0.0100745,0.706662,-0.451006,0
1781247130598488,87.1586,3.85749,2.38066,-4.99005,4.1384,2.32247,-5,-0.280908,0.0581892,0.00994873,0.287044,0.750701,-0.357303,-0.0101959,0.701502,-0.462632,0
1781247130614488,87.1746,3.86964,2.37535,-4.99005,4.15237,2.31311,-5,-0.282733,0.0622373,0.00994873,0.289673,0.747036,-0.366084,-0.0106913,0.696322,-0.474217,0
1781247130638488,87.1986,3.8877,2.36705,-4.99005,4.16624,2.30351,-5,-0.278534,0.0635381,0.00994873,0.285863,0.740605,-0.379006,-0.0120096,0.691125,-0.485754,0
1781247130654488,87.2146,3.89964,2.36131,-4.99011,4.17998,2.29371,-5,-0.280334,0.0676036,0.0098877,0.288539,0.737145,-0.388268,-0.0121571,0.685921,-0.497221,0
1781247130678488,87.2386,3.91741,2.35235,-4.9902,4.19368,2.28362,-5,-0.27627,0.0687313,0.00979614,0.284859,0.731419,-0.40294,-0.0121435,0.680674,-0.508692,0
1781247130694488,87.2546,3.92915,2.34614,-4.99026,4.20724,2.27334,-5,-0.278087,0.0728073,0.00973511,0.287625,0.727137,-0.412787,-0.0117774,0.675424,-0.520083,0
1781247130718488,87.2786,3.94661,2.33649,-4.99036,4.22069,2.26282,-5,-0.27408,0.0736656,0.00964355,0.283971,0.721169,-0.427516,-0.0114237,0.670158,-0.531421,0
1781247130734488,87.2946,3.95855,2.33083,-4.99017,4.23403,2.25209,-5,-0.275474,0.0787389,0.00982666,0.286675,0.717362,-0.436149,-0.0118242,0.664879,-0.542698,0
1781247130758488,87.3186,3.9763,2.32194,-4.9899,4.24728,2.24112,-5,-0.270985,0.0808249,0.0101013,0.282962,0.711868,-0.449609,-0.0125668,0.659573,-0.553941,0
1781247130774488,87.3346,3.98802,2.31575,-4.98978,4.26041,2.22994,-5,-0.272382,0.0858161,0.0102234,0.285764,0.70964,-0.458512,-0.012195,0.654262,-0.565107,0
1781247130798488,87.3586,4.00547,2.30609,-4.98956,4.27343,2.21853,-5,-0.267958,0.0875647,0.010437,0.282095,0.705171,-0.470677,-0.0127533,0.648931,-0.576222,0
1781247130814488,87.3746,4.017,2.29943,-4.98947,4.28636,2.20689,-5,-0.269355,0.0925326,0.0105286,0.285,0.701472,-0.478784,-0.0130268,0.64358,-0.587287,0
1781247130838488,87.3986,4.03415,2.28906,-4.98935,4.29917,2.19505,-5,-0.265012,0.0940144,0.0106506,0.281396,0.697021,-0.490835,-0.0119084,0.638219,-0.598283,0
1781247130854488,87.4146,4.04549,2.28194,-4.98926,4.31185,2.18299,-5,-0.26636,0.0989463,0.0107422,0.284348,0.693407,-0.498673,-0.0119281,0.632847,-0.609208,0
1781247130878488,87.4386,4.06235,2.27093,-4.98914,4.32448,2.17068,-5,-0.26213,0.100251,0.0108643,0.280857,0.687528,-0.511378,-0.0104924,0.62744,-0.620111,0
1781247130894488,87.4546,4.07346,2.26334,-4.98904,4.33697,2.15817,-5,-0.263514,0.105173,0.0109558,0.283938,0.684196,-0.519132,-0.00955512,0.622027,-0.630932,0
1781247130918488,87.4786,4.08999,2.25165,-4.98892,4.34936,2.14544,-5,-0.259371,0.106211,0.0110779,0.280494,0.679358,-0.530657,-0.00952996,0.616597,-0.641693,0
1781247130934488,87.4946,4.10094,2.24367,-4.98889,4.36164,2.1325,-5,-0.2607,0.111163,0.0111084,0.283628,0.678088,-0.538469,-0.0101899,0.611153,-0.652387,0
1781247130958488,87.5186,4.11725,2.23136,-4.98883,4.3738,2.11936,-5,-0.25655,0.112001,0.0111694,0.280155,0.672151,-0.551429,-0.00958375,0.605698,-0.663009,0
1781247130974488,87.5346,4.12802,2.22294,-4.98883,4.38584,2.10601,-5,-0.257813,0.116929,0.0111694,0.28331,0.6683,-0.560723,-0.0092634,0.600231,-0.673557,0
1781247130998756,87.5589,4.14403,2.21,-4.9888,4.39778,2.09245,-5,-0.253745,0.117557,0.0112,0.279878,0.661598,-0.572032,-0.0100681,0.594746,-0.684044,0
1781247131014756,87.5749,4.15461,2.2012,-4.98886,4.40961,2.07867,-5,-0.255006,0.122531,0.0111389,0.283136,0.658004,-0.579726,-0.0104422,0.589243,-0.694468,0
1781247131038756,87.5989,4.17036,2.18769,-4.98895,4.42134,2.06468,-5,-0.250978,0.123011,0.0110474,0.279721,0.651595,-0.591469,-0.0103338,0.583725,-0.704824,0
1781247131054756,87.6149,4.18076,2.17851,-4.98901,4.43297,2.05046,-5,-0.252205,0.12805,0.0109863,0.283064,0.6466,-0.59789,-0.0104009,0.578186,-0.715121,0
1781247131078756,87.6389,4.1962,2.16448,-4.9892,4.44447,2.03607,-5,-0.248275,0.128413,0.0108032,0.279727,0.639126,-0.609636,-0.0113616,0.572641,-0.725332,0
1781247131094756,87.6549,4.20637,2.15494,-4.98935,4.45588,2.02144,-5,-0.249508,0.133497,0.0106506,0.283177,0.634163,-0.617855,-0.0119482,0.567071,-0.735489,0
1781247131118756,87.6789,4.22149,2.14036,-4.98959,4.46717,2.00663,-5,-0.245679,0.133729,0.0104065,0.27991,0.628514,-0.628194,-0.0123484,0.561494,-0.745559,0
1781247131134756,87.6949,4.23111,2.13118,-4.98947,4.47833,1.99163,-5,-0.247221,0.139544,0.0105286,0.284081,0.624557,-0.634742,-0.0118459,0.555908,-0.755547,0
1781247131158756,87.7189,4.24542,2.1171,-4.98935,4.48937,1.97645,-5,-0.243954,0.140644,0.0106506,0.281794,0.61764,-0.645941,-0.0124703,0.550314,-0.765447,0
1781247131174756,87.7349,4.2549,2.10748,-4.98929,4.50034,1.96101,-5,-0.245449,0.146466,0.0107117,0.286028,0.613948,-0.653629,-0.0131694,0.544685,-0.77531,0
1781247131198756,87.7589,4.26901,2.09274,-4.98926,4.51118,1.94542,-5,-0.242166,0.147329,0.0107422,0.283664,0.60715,-0.664413,-0.0134896,0.539054,-0.785073,0
1781247131214756,87.7749,4.27833,2.08271,-4.98926,4.52191,1.92961,-5,-0.243578,0.153101,0.0107422,0.287899,0.60164,-0.67224,-0.013835,0.533407,-0.794764,0
1781247131230756,87.7909,4.28757,2.07251,-4.98926,4.53251,1.91363,-5,-0.244941,0.158881,0.0107422,0.292156,0.597197,-0.680856,-0.0138267,0.52775,-0.804368,0
1781247131254756,87.8149,4.30131,2.05691,-4.98935,4.54301,1.89744,-5,-0.241703,0.159467,0.0106506,0.289765,0.590515,-0.691679,-0.0141598,0.522077,-0.813897,0
1781247131278756,87.8389,4.31489,2.04098,-4.98941,4.55339,1.88109,-5,-0.238496,0.159892,0.0105896,0.287329,0.583234,-0.700669,-0.0133737,0.516399,-0.823332,0
1781247131294756,87.8549,4.32385,2.03021,-4.98947,4.56366,1.86453,-5,-0.239805,0.165684,0.0105286,0.291665,0.578951,-0.706159,-0.0126368,0.510699,-0.832698,0
1781247131318756,87.8789,4.33718,2.01378,-4.98956,4.57381,1.84778,-5,-0.236636,0.165996,0.010437,0.28924,0.571817,-0.71802,-0.0128901,0.504989,-0.841978,0
1781247131334756,87.8949,4.34597,2.00261,-4.98959,4.58385,1.83085,-5,-0.237883,0.171758,0.0104065,0.293594,0.568422,-0.726012,-0.0125111,0.499267,-0.851172,0
1781247131358756,87.9189,4.35906,1.9856,-4.98972,4.59382,1.81367,-5,-0.234765,0.171925,0.0102844,0.291168,0.562651,-0.736074,-0.0127669,0.493509,-0.860318,0
1781247131374756,87.9349,4.36771,1.97408,-4.98981,4.60358,1.79646,-5,-0.235871,0.177615,0.0101929,0.295443,0.558881,-0.743871,-0.0125978,0.48779,-0.869298,0
1781247131390756,87.9509,4.37631,1.96241,-4.9899,4.61328,1.77898,-5,-0.236979,0.183428,0.0101013,0.299845,0.554181,-0.752091,-0.0119733,0.482027,-0.878239,0
1781247131414756,87.9749,4.38906,1.94464,-4.99008,4.62286,1.76134,-5,-0.233799,0.183297,0.00991821,0.297251,0.547251,-0.762208,-0.0127966,0.476259,-0.887084,0
1781247131438756,87.9989,4.40163,1.92658,-4.9903,4.63233,1.74351,-5,-0.230699,0.183072,0.00970459,0.294671,0.538763,-0.772162,-0.011743,0.470474,-0.895847,0
1781247131454756,88.0149,4.40994,1.91438,-4.99045,4.64167,1.72552,-5,-0.231739,0.188856,0.009552,0.2991,0.535398,-0.779862,-0.011861,0.464682,-0.904514,0
1781247131478756,88.0389,4.42228,1.89581,-4.99072,4.65091,1.70734,-5,-0.228633,0.18847,0.00927734,0.296446,0.528126,-0.79087,-0.0135602,0.458871,-0.9131,0
1781247131494756,88.0549,4.43042,1.88326,-4.99094,4.66004,1.68898,-5,-0.229612,0.194278,0.00906372,0.300911,0.523302,-0.797686,-0.0138765,0.453049,-0.921594,0
1781247131518756,88.0789,4.44251,1.86424,-4.99121,4.66904,1.67047,-5,-0.22653,0.193765,0.00878906,0.298225,0.517009,-0.805675,-0.0141982,0.447221,-0.92999,0
1781247131534756,88.0949,4.45037,1.85198,-4.99109,4.67792,1.6518,-5,-0.227552,0.200184,0.00891113,0.303205,0.51283,-0.811988,-0.0138721,0.441382,-0.938292,0
1781247131558756,88.1189,4.46202,1.83335,-4.99097,4.68668,1.63298,-5,-0.224658,0.200375,0.0090332,0.301169,0.505746,-0.819652,-0.0131226,0.435537,-0.946492,0
1781247131574756,88.1349,4.46972,1.82076,-4.99091,4.69534,1.61394,-5,-0.225618,0.20682,0.00909424,0.306204,0.50234,-0.826275,-0.0120041,0.429667,-0.954618,0
1781247131598756,88.1589,4.48118,1.80162,-4.99081,4.70387,1.59477,-5,-0.222694,0.206847,0.00918579,0.304077,0.497032,-0.836866,-0.0114538,0.423791,-0.962641,0
1781247131614756,88.1749,4.48874,1.78867,-4.99075,4.71229,1.57544,-5,-0.223544,0.213229,0.00924683,0.309069,0.494368,-0.842725,-0.0113309,0.417907,-0.970566,0
1781247131638756,88.1989,4.50002,1.76903,-4.99072,4.72058,1.55597,-5,-0.220562,0.213055,0.00927734,0.3068,0.488594,-0.851307,-0.0113446,0.412018,-0.978386,0
1781247131654756,88.2149,4.50745,1.75577,-4.99069,4.72877,1.53631,-5,-0.221314,0.21946,0.00930786,0.311816,0.483895,-0.858132,-0.0125844,0.406107,-0.986124,0
1781247131678756,88.2389,4.51851,1.73565,-4.99069,4.73682,1.51653,-5,-0.218316,0.219115,0.00930786,0.309451,0.479292,-0.866107,-0.0133314,0.400198,-0.993747,0
1781247131694756,88.2549,4.52581,1.72209,-4.99072,4.74477,1.49658,-5,-0.218961,0.225511,0.00927734,0.31446,0.47473,-0.871914,-0.0135699,0.394271,-1.00128,0
1781247131718756,88.2789,4.53664,1.7015,-4.99075,4.75259,1.47648,-5,-0.215956,0.225023,0.00924683,0.312022,0.46907,-0.88333,-0.0116296,0.388335,-1.00871,0
1781247131734756,88.2949,4.5438,1.68762,-4.99081,4.76029,1.45625,-5,-0.216492,0.231363,0.00918579,0.316989,0.465542,-0.88804,-0.0107287,0.382396,-1.01604,0
1781247131750756,88.3109,4.55088,1.67362,-4.99084,4.76788,1.43585,-5,-0.217008,0.237772,0.00915527,0.322044,0.458907,-0.894397,-0.0119089,0.376437,-1.02327,0
1781247131774756,88.3349,4.56134,1.65238,-4.99094,4.77535,1.41532,-5,-0.214005,0.237057,0.00906372,0.319494,0.451836,-0.904198,-0.00946667,0.370476,-1.0304,0
1781247131798756,88.3589,4.57165,1.63087,-4.99091,4.7827,1.39464,-5,-0.211054,0.236232,0.00909424,0.31691,0.444233,-0.9127,-0.00935545,0.3645,-1.03742,0
1781247131814756,88.3749,4.57843,1.61641,-4.99094,4.78993,1.37382,-5,-0.2115,0.242584,0.00906372,0.321965,0.440561,-0.917998,-0.00928652,0.358519,-1.04434,0
1781247131838756,88.3989,4.58846,1.5945,-4.99094,4.79704,1.35288,-5,-0.208572,0.241619,0.00906372,0.319318,0.432056,-0.926345,-0.0085733,0.352531,-1.05115,0
1781247131854756,88.4149,4.59505,1.57977,-4.99097,4.80412,1.3315,-5,-0.209074,0.248268,0.0090332,0.3247,0.426434,-0.932687,-0.00858622,0.346447,-1.05796,0
1781247131878756,88.4389,4.60478,1.55744,-4.99103,4.81088,1.31061,-5,-0.206102,0.246831,0.00897217,0.321689,0.421073,-0.942275,-0.00890837,0.340532,-1.06446,0
1781247131894756,88.4549,4.61123,1.54242,-4.99109,4.81763,1.28925,-5,-0.206401,0.253165,0.00891113,0.326761,0.417713,-0.947862,-0.00949228,0.334514,-1.07096,0
1781247131918756,88.4789,4.62081,1.51966,-4.99121,4.82427,1.26776,-5,-0.203453,0.251901,0.00878906,0.32392,0.411834,-0.958245,-0.00826623,0.328485,-1.07736,0
1781247131934756,88.4949,4.62683,1.50442,-4.99115,4.83078,1.24614,-5,-0.203948,0.258278,0.0088501,0.329212,0.40652,-0.962192,-0.00718013,0.322448,-1.08364,0
1781247131958756,88.5189,4.63534,1.48148,-4.99091,4.83724,1.22416,-5,-0.2019,0.257324,0.00909424,0.327203,0.401685,-0.968233,-0.00720197,0.316336,-1.08989,0
1781247131974756,88.5349,4.64098,1.46608,-4.99075,4.84343,1.20257,-5,-0.202455,0.263511,0.00924683,0.332432,0.397648,-0.972928,-0.00713613,0.310361,-1.09588,0
1781247131999024,88.5591,4.64933,1.4428,-4.9906,4.84958,1.18059,-5,-0.200243,0.262204,0.00939941,0.330056,0.390218,-0.981364,-0.00842761,0.304303,-1.10184,0
1781247132015024,88.5751,4.65486,1.42714,-4.99051,4.8556,1.15851,-5,-0.20074,0.26863,0.00949097,0.335483,0.386956,-0.987172,-0.00798374,0.298242,-1.10768,0
1781247132039024,88.5991,4.66308,1.40347,-4.99039,4.8615,1.1363,-5,-0.198424,0.267173,0.00961304,0.332935,0.380266,-0.99508,-0.00828923,0.292167,-1.11342,0
1781247132055024,88.6151,4.66848,1.38755,-4.99033,4.86739,1.11357,-5,-0.198909,0.273987,0.00967407,0.338714,0.374757,-1.00133,-0.00675994,0.285976,-1.11915,0
1781247132079024,88.6391,4.6765,1.3635,-4.9902,4.87295,1.09153,-5,-0.196444,0.271969,0.00979614,0.335638,0.369629,-1.00828,-0.00537092,0.279998,-1.12456,0
1781247132095024,88.6551,4.68181,1.34736,-4.99011,4.87849,1.06899,-5,-0.196677,0.278372,0.0098877,0.340985,0.366071,-1.01273,-0.00447364,0.273904,-1.12996,0
1781247132119024,88.6791,4.68966,1.32301,-4.98999,4.88391,1.04631,-5,-0.194254,0.276707,0.0100098,0.338233,0.359358,-1.01835,-0.00493913,0.267794,-1.13526,0
1781247132135024,88.6951,4.69483,1.30669,-4.98993,4.88919,1.02361,-5,-0.194361,0.28308,0.0100708,0.343529,0.355492,-1.02351,-0.00475609,0.261702,-1.14042,0
1781247132159024,88.7191,4.7025,1.28204,-4.98987,4.89446,1.0003,-5,-0.191969,0.281745,0.0101318,0.341079,0.348677,-1.02923,-0.00643038,0.255467,-1.14558,0
1781247132175024,88.7351,4.70754,1.26552,-4.98987,4.89942,0.97776,-5,-0.191884,0.287764,0.0101318,0.34602,0.344066,-1.03435,-0.00638303,0.249458,-1.15043,0
1781247132199024,88.7591,4.71492,1.24061,-4.98984,4.90436,0.954667,-5,-0.189439,0.28594,0.0101624,0.343151,0.336638,-1.04037,-0.00663739,0.243321,-1.15527,0
1781247132215024,88.7751,4.71977,1.2239,-4.98981,4.90916,0.931548,-5,-0.189383,0.292356,0.0101929,0.348485,0.332849,-1.04493,-0.00680736,0.237196,-1.15998,0
1781247132239024,88.7991,4.72698,1.19872,-4.98981,4.91382,0.908408,-5,-0.186834,0.290308,0.0101929,0.345384,0.326624,-1.05064,-0.00682885,0.231085,-1.16456,0
1781247132255024,88.8151,4.73171,1.18183,-4.98984,4.91839,0.884986,-5,-0.186683,0.296842,0.0101624,0.350812,0.321864,-1.05628,-0.00702191,0.224917,-1.16906,0
1781247132279024,88.8391,4.73871,1.15633,-4.9899,4.92284,0.861522,-5,-0.184131,0.294806,0.0101013,0.347731,0.316929,-1.06304,-0.0058249,0.218756,-1.17343,0
1781247132295024,88.8551,4.74331,1.13923,-4.98993,4.92713,0.838153,-5,-0.183813,0.301077,0.0100708,0.352897,0.312163,-1.06713,-0.00584054,0.212637,-1.17766,0
1781247132319024,88.8791,4.75012,1.11345,-4.99002,4.93132,0.814555,-5,-0.181197,0.298894,0.00997925,0.349671,0.305411,-1.07436,-0.00709827,0.206475,-1.18179,0
1781247132335024,88.8951,4.7539,1.09595,-4.98993,4.93539,0.790872,-5,-0.181491,0.305073,0.0100708,0.35512,0.300892,-1.07941,-0.00702853,0.200307,-1.1858,0
1781247132359024,88.9191,4.7595,1.06959,-4.98984,4.93936,0.766952,-5,-0.179859,0.302635,0.0101624,0.352194,0.294411,-1.08413,-0.00744418,0.194092,-1.18973,0
1781247132375024,88.9351,4.76321,1.05195,-4.98981,4.94317,0.74315,-5,-0.179963,0.308801,0.0101929,0.35756,0.290312,-1.08825,-0.00758797,0.187923,-1.1935,0
1781247132399024,88.9591,4.7687,1.02539,-4.98978,4.94685,0.719366,-5,-0.17815,0.306027,0.0102234,0.354252,0.282474,-1.09388,-0.00824094,0.181774,-1.19713,0
1781247132415024,88.9751,4.7723,1.00762,-4.98975,4.95042,0.695385,-5,-0.178127,0.312231,0.0102539,0.359615,0.277124,-1.09761,-0.00801522,0.175587,-1.20067,0
1781247132431024,88.9911,4.77585,0.989791,-4.98972,4.95387,0.671375,-5,-0.178019,0.318416,0.0102844,0.364945,0.272755,-1.10179,-0.00742375,0.169407,-1.20408,0
1781247132455024,89.0151,4.78111,0.96295,-4.98969,4.95719,0.647283,-5,-0.176087,0.315668,0.0103149,0.361607,0.26604,-1.10643,-0.00653874,0.163218,-1.20738,0
1781247132471024,89.0311,4.78456,0.945008,-4.98965,4.9604,0.623075,-5,-0.175835,0.321933,0.0103455,0.366969,0.262938,-1.10927,-0.00674983,0.157012,-1.21056,0
1781247132495024,89.0551,4.7897,0.91802,-4.98959,4.9635,0.598681,-5,-0.173793,0.319339,0.0104065,0.363717,0.256753,-1.11349,-0.00674086,0.150771,-1.21363,0
1781247132519024,89.0791,4.79474,0.890941,-4.98953,4.96645,0.574396,-5,-0.171708,0.316545,0.0104675,0.360269,0.250062,-1.11767,-0.00660941,0.144569,-1.21656,0
1781247132535024,89.0951,4.79804,0.872837,-4.98953,4.96928,0.55003,-5,-0.171233,0.322807,0.0104675,0.365561,0.246108,-1.12097,-0.00611727,0.138358,-1.21937,0
1781247132551024,89.1111,4.80129,0.854691,-4.98947,4.97198,0.525661,-5,-0.170686,0.329031,0.0105286,0.370818,0.240571,-1.123,-0.00577456,0.132156,-1.22206,0
1781247132575024,89.1351,4.80607,0.827406,-4.98941,4.97456,0.501198,-5,-0.168485,0.326208,0.0105896,0.367302,0.234394,-1.12654,-0.00644685,0.12594,-1.22462,0
1781247132599024,89.1591,4.81077,0.800036,-4.98938,4.97701,0.476772,-5,-0.166232,0.323264,0.0106201,0.363656,0.228629,-1.13084,-0.00665922,0.119744,-1.22706,0
1781247132615024,89.1751,4.81383,0.781753,-4.98938,4.97934,0.452218,-5,-0.165505,0.329535,0.0106201,0.368915,0.223902,-1.13334,-0.00633413,0.113524,-1.22938,0
1781247132639024,89.1991,4.81831,0.754284,-4.98941,4.98156,0.427479,-5,-0.163249,0.326805,0.0105896,0.365464,0.217334,-1.13592,-0.00741917,0.107266,-1.23159,0
1781247132655024,89.2151,4.82122,0.735945,-4.98944,4.98364,0.402778,-5,-0.162421,0.333168,0.0105591,0.3708,0.212004,-1.13722,-0.00793256,0.101025,-1.23367,0
1781247132679024,89.2391,4.82549,0.708384,-4.98953,4.9856,0.378169,-5,-0.160104,0.330214,0.0104675,0.36713,0.205388,-1.14146,-0.00940797,0.0948155,-1.23562,0
1781247132695024,89.2551,4.82827,0.689949,-4.98962,4.98742,0.353591,-5,-0.159149,0.336358,0.010376,0.372254,0.202783,-1.14357,-0.00858773,0.0886207,-1.23743,0
1781247132719024,89.2791,4.83238,0.66226,-4.98975,4.98914,0.328685,-5,-0.156754,0.333576,0.0102539,0.368714,0.197138,-1.14514,-0.00799908,0.08235,-1.23915,0
1781247132735024,89.2951,4.83414,0.643774,-4.98956,4.99071,0.304041,-5,-0.156571,0.339733,0.010437,0.374222,0.1924,-1.14596,-0.00870021,0.0761516,-1.24072,0
1781247132751024,89.3111,4.83588,0.625265,-4.98944,4.99219,0.278929,-5,-0.156305,0.346335,0.0105591,0.38012,0.188192,-1.14822,-0.00920981,0.0698414,-1.2422,0
1781247132775024,89.3351,4.83849,0.597455,-4.98932,4.99352,0.254206,-5,-0.155022,0.343248,0.0106812,0.376783,0.182319,-1.15013,-0.0101089,0.0636341,-1.24352,0
1781247132799024,89.3591,4.84105,0.569583,-4.98926,4.99473,0.229347,-5,-0.153674,0.340236,0.0107422,0.373486,0.174258,-1.15383,-0.0108141,0.0573973,-1.24473,0
1781247132815024,89.3751,4.84272,0.550971,-4.98923,4.99581,0.204572,-5,-0.153084,0.346399,0.0107727,0.378871,0.169949,-1.15469,-0.0108134,0.0511859,-1.24581,0
1781247132839024,89.3991,4.84517,0.523021,-4.98923,4.99677,0.179516,-5,-0.151602,0.343505,0.0107727,0.375626,0.162752,-1.15681,-0.00947635,0.044908,-1.24677,0
1781247132855024,89.4151,4.84677,0.50435,-4.98923,4.99761,0.154532,-5,-0.150837,0.349818,0.0107727,0.381105,0.159228,-1.15932,-0.00992749,0.0386514,-1.24761,0
1781247132879024,89.4391,4.84912,0.476284,-4.98929,4.99831,0.12976,-5,-0.149193,0.346524,0.0107117,0.377428,0.15198,-1.16186,-0.0106333,0.0324508,-1.24832,0
1781247132895024,89.4551,4.85065,0.457534,-4.98935,4.9989,0.104789,-5,-0.148251,0.352745,0.0106506,0.38278,0.147747,-1.16369,-0.0110647,0.0262031,-1.2489,0
1781247132919024,89.4791,4.85289,0.429386,-4.98944,4.99936,0.0797837,-5,-0.146472,0.349602,0.0105591,0.379193,0.142383,-1.16492,-0.00960141,0.0199485,-1.24936,0
1781247132935024,89.4951,4.85435,0.410607,-4.9895,4.9997,0.0548304,-5,-0.145345,0.355776,0.010498,0.384463,0.138518,-1.16574,-0.010789,0.0137084,-1.2497,0
1781247132959024,89.5191,4.85646,0.382427,-4.98962,4.99991,0.0298396,-5,-0.143447,0.352588,0.010376,0.380792,0.13061,-1.16621,-0.0116855,0.00746004,-1.24991,0
1781247132975024,89.5351,4.85782,0.363646,-4.98975,5,0.00484135,-5,-0.142181,0.358804,0.0102539,0.386085,0.125615,-1.16623,-0.0113054,0.00121034,-1.25,0
1781247132999024,89.5591,4.85976,0.33545,-4.98993,4.99996,-0.0201516,-5,-0.140199,0.355601,0.0100708,0.382373,0.119206,-1.1683,-0.010635,-0.00503793,-1.24996,0
1781247133015296,89.5754,4.861,0.316631,-4.99005,4.9998,-0.0451356,-5,-0.138797,0.361767,0.00994873,0.387607,0.114631,-1.16942,-0.0111168,-0.0112844,-1.2498,0
1781247133039296,89.5994,4.86277,0.288388,-4.99023,4.99951,-0.0701329,-5,-0.136736,0.35852,0.00976562,0.383835,0.109151,-1.17029,-0.0114243,-0.0175349,-1.24951,0
1781247133055296,89.6154,4.86393,0.269553,-4.99039,4.9991,-0.0950739,-5,-0.135163,0.364627,0.00961304,0.388992,0.106832,-1.17046,-0.0121552,-0.0237728,-1.2491,0
1781247133071296,89.6314,4.86506,0.250724,-4.99051,4.99856,-0.120072,-5,-0.133497,0.370796,0.00949097,0.39421,0.101969,-1.16996,-0.0111034,-0.0300265,-1.24856,0
1781247133095296,89.6554,4.86666,0.222495,-4.99072,4.99789,-0.145045,-5,-0.131238,0.367541,0.00927734,0.390379,0.0962442,-1.17061,-0.0117732,-0.0362766,-1.24789,0
1781247133119296,89.6794,4.86817,0.194234,-4.99097,4.9971,-0.170103,-5,-0.128931,0.364337,0.0090332,0.386583,0.0908318,-1.17267,-0.0107968,-0.0425505,-1.2471,0
1781247133135296,89.6954,4.86775,0.175015,-4.99057,4.99619,-0.195031,-5,-0.128438,0.370047,0.00942993,0.391816,0.0859127,-1.17319,-0.0109695,-0.048795,-1.24619,0
1781247133159296,89.7194,4.86716,0.146218,-4.99005,4.99515,-0.21993,-5,-0.127987,0.366147,0.00994873,0.387999,0.0801539,-1.17339,-0.0107728,-0.0550358,-1.24515,0
1781247133175296,89.7354,4.86678,0.12703,-4.98972,4.99399,-0.244832,-5,-0.127208,0.371862,0.0102844,0.393152,0.0751449,-1.17463,-0.011469,-0.0612817,-1.24399,0
1781247133191296,89.7514,4.86639,0.107843,-4.98944,4.9927,-0.269685,-5,-0.126308,0.377528,0.0105591,0.398237,0.0706211,-1.17458,-0.0104035,-0.0675199,-1.24271,0
1781247133215296,89.7754,4.86581,0.0791105,-4.98901,4.99129,-0.294544,-5,-0.125473,0.373654,0.0109863,0.394312,0.0632449,-1.17334,-0.00919404,-0.0737645,-1.24129,0
1781247133239296,89.7994,4.86521,0.0504684,-4.98859,4.98975,-0.319342,-5,-0.124537,0.36981,0.0114136,0.390383,0.0573441,-1.1708,-0.00850126,-0.0799994,-1.23976,0
1781247133255296,89.8154,4.8648,0.031418,-4.98834,4.98809,-0.344113,-5,-0.123287,0.375531,0.0116577,0.395423,0.0530605,-1.16924,-0.00896047,-0.0862338,-1.2381,0
1781247133279296,89.8394,4.86416,0.00290934,-4.98801,4.9863,-0.368837,-5,-0.122145,0.371746,0.0119934,0.391482,0.046116,-1.1679,-0.0100292,-0.0924626,-1.23632,0
1781247133295296,89.8554,4.86371,-0.0160711,-4.98779,4.98439,-0.393536,-5,-0.120679,0.377465,0.012207,0.396475,0.0421567,-1.16724,-0.0105788,-0.0986922,-1.23442,0
1781247133319296,89.8794,4.86303,-0.0444952,-4.98752,4.98235,-0.418234,-5,-0.119319,0.373739,0.0124817,0.392523,0.0362012,-1.16661,-0.0101599,-0.104929,-1.23238,0
1781247133335296,89.8954,4.86257,-0.0634284,-4.9874,4.98021,-0.442717,-5,-0.117639,0.379288,0.0126038,0.397313,0.0306186,-1.16607,-0.0113557,-0.111119,-1.23024,0
1781247133359296,89.9194,4.8618,-0.0917729,-4.98721,4.97791,-0.46744,-5,-0.116107,0.375667,0.0127869,0.393408,0.0243031,-1.1644,-0.0093766,-0.117379,-1.22796,0
1781247133375296,89.9354,4.86126,-0.110637,-4.98709,4.97551,-0.491807,-5,-0.114252,0.38117,0.0129089,0.398134,0.0199094,-1.16318,-0.00963876,-0.123557,-1.22557,0
1781247133399296,89.9594,4.8604,-0.138863,-4.98694,4.97298,-0.51629,-5,-0.112585,0.377427,0.0130615,0.394078,0.014323,-1.15997,-0.0083581,-0.129774,-1.22305,0
1781247133415296,89.9754,4.8598,-0.157643,-4.98685,4.9703,-0.540915,-5,-0.110502,0.383272,0.0131531,0.3991,0.0109572,-1.15972,-0.00768906,-0.136037,-1.22039,0
1781247133431296,89.9914,4.85917,-0.176404,-4.98672,4.96754,-0.565089,-5,-0.108371,0.388686,0.0132751,0.403729,0.00596411,-1.15853,-0.00677686,-0.142195,-1.21765,0
1781247133455296,90.0154,4.85818,-0.20449,-4.9866,4.96463,-0.589503,-5,-0.106449,0.385013,0.0133972,0.399682,4.46118e-06,-1.15682,-0.00708463,-0.148426,-1.21475,0
1781247133479296,90.0394,4.85712,-0.232458,-4.98654,4.96161,-0.613684,-5,-0.104491,0.381226,0.0134583,0.395516,-0.00470081,-1.15405,-0.00755075,-0.154608,-1.21175,0
1781247133495296,90.0554,4.85637,-0.25107,-4.98654,4.95845,-0.637888,-5,-0.102085,0.386819,0.0134583,0.400289,-0.00929533,-1.15344,-0.00707432,-0.160808,-1.20863,0
1781247133519296,90.0794,4.85518,-0.278966,-4.98654,4.95517,-0.662026,-5,-0.0999932,0.38306,0.0134583,0.396125,-0.0154974,-1.15321,-0.00802904,-0.167004,-1.20538,0
1781247133535296,90.0954,4.85322,-0.29801,-4.98639,4.95177,-0.68609,-5,-0.0985494,0.38808,0.0136108,0.400629,-0.0207216,-1.15278,-0.00788428,-0.173193,-1.20201,0
1781247133559296,90.1194,4.85027,-0.326531,-4.98615,4.94825,-0.710069,-5,-0.0979824,0.383539,0.013855,0.396099,-0.0288965,-1.15278,-0.00797302,-0.179374,-1.19852,0
1781247133575296,90.1354,4.84829,-0.345507,-4.98599,4.9446,-0.734019,-5,-0.0963106,0.388512,0.0140076,0.400516,-0.0342865,-1.15277,-0.00682194,-0.185561,-1.19491,0
1781247133599296,90.1594,4.84531,-0.373902,-4.98578,4.94083,-0.757868,-5,-0.0955224,0.383966,0.0142212,0.395925,-0.0415744,-1.15131,-0.00606083,-0.191736,-1.19118,0
1781247133615296,90.1754,4.8433,-0.39281,-4.98566,4.93693,-0.781645,-5,-0.0936313,0.388836,0.0143433,0.400207,-0.0475765,-1.15037,-0.00551908,-0.197908,-1.18733,0
1781247133639296,90.1994,4.84026,-0.421071,-4.98544,4.93292,-0.805328,-5,-0.0926542,0.384257,0.0145569,0.395537,-0.0534473,-1.1478,-0.00627696,-0.20407,-1.18337,0
1781247133655296,90.2154,4.83823,-0.439865,-4.98532,4.92878,-0.828945,-5,-0.0905519,0.38908,0.014679,0.399748,-0.0584691,-1.14728,-0.00695486,-0.210231,-1.17928,0
1781247133671296,90.2314,4.83616,-0.458634,-4.98523,4.9245,-0.852533,-5,-0.0883398,0.393899,0.0147705,0.403954,-0.0631633,-1.14642,-0.0066484,-0.216401,-1.17507,0
1781247133695296,90.2554,4.83303,-0.486707,-4.98511,4.92011,-0.875983,-5,-0.0870833,0.389276,0.0148926,0.399175,-0.0685847,-1.14513,-0.00577859,-0.222552,-1.17075,0
1781247133711296,90.2714,4.83094,-0.505383,-4.98505,4.9156,-0.899352,-5,-0.0846658,0.393969,0.0149536,0.403242,-0.0718814,-1.14323,-0.0044742,-0.228698,-1.16632,0
1781247133735296,90.2954,4.82774,-0.533315,-4.98492,4.91097,-0.922608,-5,-0.0832276,0.389292,0.0150757,0.398375,-0.0799737,-1.14058,-0.00543129,-0.234833,-1.16177,0
1781247133759296,90.3194,4.82448,-0.561108,-4.98486,4.90621,-0.945803,-5,-0.0817332,0.384695,0.0151367,0.393573,-0.085968,-1.13595,-0.00418097,-0.240971,-1.15709,0
1781247133775296,90.3354,4.82227,-0.579574,-4.9848,4.90133,-0.968889,-5,-0.0790644,0.389315,0.0151978,0.397553,-0.0903892,-1.13399,-0.00342661,-0.247098,-1.15231,0
1781247133799296,90.3594,4.81888,-0.607165,-4.98477,4.89633,-0.991875,-5,-0.077457,0.384709,0.0152283,0.392725,-0.0971932,-1.1296,-0.00446539,-0.253219,-1.14741,0
1781247133815296,90.3754,4.81658,-0.625486,-4.98477,4.89121,-1.01476,-5,-0.0746312,0.389274,0.0152283,0.396656,-0.101861,-1.12698,-0.00569602,-0.259333,-1.14239,0
1781247133831296,90.3914,4.81424,-0.643758,-4.98477,4.88597,-1.03755,-5,-0.071722,0.393788,0.0152283,0.400555,-0.105539,-1.12426,-0.00658451,-0.26544,-1.13727,0
1781247133855296,90.4154,4.81068,-0.671071,-4.98489,4.8806,-1.06024,-5,-0.0699162,0.389167,0.0151062,0.395686,-0.112653,-1.12064,-0.00716591,-0.271544,-1.13202,0
1781247133879296,90.4394,4.80703,-0.698242,-4.98502,4.8751,-1.08283,-5,-0.0680704,0.384583,0.0149841,0.390848,-0.118773,-1.11523,-0.00836012,-0.277642,-1.12666,0
1781247133895296,90.4554,4.80454,-0.716256,-4.98514,4.86949,-1.10529,-5,-0.0649505,0.389038,0.0148621,0.394703,-0.123705,-1.11064,-0.00819801,-0.283729,-1.1212,0
1781247133919296,90.4794,4.80071,-0.743113,-4.98532,4.86376,-1.12766,-5,-0.0630479,0.384547,0.014679,0.389957,-0.130921,-1.1045,-0.00956253,-0.289812,-1.11561,0
1781247133935296,90.4954,4.79684,-0.761813,-4.98535,4.8579,-1.14991,-5,-0.0610633,0.388096,0.0146484,0.393144,-0.135718,-1.10061,-0.00937123,-0.295886,-1.10992,0
1781247133959296,90.5194,4.79105,-0.789679,-4.98544,4.85193,-1.17204,-5,-0.0608797,0.382364,0.0145569,0.387453,-0.142864,-1.0976,-0.00923178,-0.301953,-1.10412,0
1781247133975296,90.5354,4.7872,-0.808162,-4.9855,4.84583,-1.19407,-5,-0.058629,0.385904,0.0144958,0.390601,-0.146848,-1.09569,-0.00963717,-0.308014,-1.0982,0
1781247133999296,90.5594,4.78142,-0.835728,-4.98566,4.83961,-1.21596,-5,-0.0581923,0.380237,0.0143433,0.384931,-0.154963,-1.09154,-0.00842616,-0.314066,-1.09218,0
1781247134015566,90.5757,4.77756,-0.854003,-4.98575,4.83327,-1.23774,-5,-0.055706,0.383739,0.0142517,0.388024,-0.15815,-1.0894,-0.00779693,-0.32011,-1.08605,0
1781247134039566,90.5997,4.77179,-0.88125,-4.98584,4.82681,-1.2594,-5,-0.0550179,0.378146,0.0141602,0.382389,-0.165292,-1.08348,-0.00704587,-0.326146,-1.07981,0
1781247134055566,90.6157,4.76792,-0.899292,-4.98593,4.82023,-1.28091,-5,-0.0523052,0.381623,0.0140686,0.385447,-0.170047,-1.08026,-0.00783804,-0.332172,-1.07346,0
1781247134079566,90.6397,4.7621,-0.926205,-4.98605,4.81352,-1.30232,-5,-0.0514221,0.37612,0.0139465,0.379875,-0.176802,-1.07667,-0.00857318,-0.338194,-1.067,0
1781247134095566,90.6557,4.7582,-0.944056,-4.98615,4.8067,-1.32359,-5,-0.0485044,0.379538,0.013855,0.382875,-0.180477,-1.07379,-0.00744606,-0.344205,-1.06044,0
1781247134119566,90.6797,4.75231,-0.970694,-4.98627,4.79976,-1.34473,-5,-0.047442,0.374039,0.0137329,0.377286,-0.187043,-1.06915,-0.00641298,-0.350209,-1.05377,0
1781247134135566,90.6957,4.74837,-0.988352,-4.98633,4.7927,-1.36573,-5,-0.0443301,0.377375,0.0136719,0.380216,-0.190761,-1.06554,-0.00664369,-0.3562,-1.04699,0
1781247134159566,90.7197,4.74243,-1.01468,-4.98645,4.7855,-1.38665,-5,-0.0430694,0.371969,0.0135498,0.374699,-0.196034,-1.06068,-0.00666281,-0.3622,-1.0401,0
1781247134175566,90.7357,4.73844,-1.03213,-4.98651,4.77078,-1.42793,-5,-0.0323439,0.395797,0.0134888,0.397345,-0.200584,-1.0572,-0.00579525,-0.374133,-1.02604,0
1781247134199566,90.7597,4.73236,-1.05813,-4.9866,4.76325,-1.44837,-5,-0.0308833,0.39024,0.0133972,0.39169,-0.208474,-1.04936,-0.0067586,-0.380089,-1.01885,0
1781247134215566,90.7757,4.72826,-1.07532,-4.98669,4.75559,-1.46867,-5,-0.027329,0.393347,0.0133057,0.394519,-0.212894,-1.0445,-0.00629113,-0.386037,-1.01156,0
1781247134239566,90.7997,4.72203,-1.10093,-4.98682,4.74781,-1.48881,-5,-0.0257802,0.387883,0.0131836,0.388962,-0.21983,-1.03759,-0.00682058,-0.391974,-1.00417,0
1781247134255566,90.8157,4.71784,-1.1179,-4.98691,4.73991,-1.50882,-5,-0.0220761,0.390924,0.013092,0.391766,-0.224075,-1.0342,-0.00855341,-0.397903,-0.996677,0
1781247134279566,90.8397,4.71146,-1.1432,-4.98709,4.73189,-1.5287,-5,-0.0204315,0.385501,0.0129089,0.386258,-0.23166,-1.02852,-0.00914262,-0.403829,-0.989076,0
1781247134295566,90.8557,4.70716,-1.15995,-4.98721,4.72376,-1.54838,-5,-0.0166035,0.388428,0.0127869,0.388993,-0.235421,-1.02326,-0.00887723,-0.409733,-0.981391,0
1781247134319566,90.8797,4.70065,-1.18491,-4.9874,4.71551,-1.56793,-5,-0.0148597,0.38302,0.0126038,0.383516,-0.241445,-1.01614,-0.0093525,-0.415632,-0.973601,0
1781247134335566,90.8957,4.69441,-1.20225,-4.98721,4.70714,-1.58731,-5,-0.0127301,0.38505,0.0127869,0.385473,-0.247162,-1.01299,-0.00980562,-0.421515,-0.96572,0
1781247134359566,90.9197,4.68514,-1.22805,-4.98691,4.69865,-1.60655,-5,-0.0135145,0.378504,0.013092,0.378971,-0.253598,-1.00516,-0.00966208,-0.427396,-0.957732,0
1781247134375566,90.9357,4.67899,-1.24507,-4.98676,4.69003,-1.62565,-5,-0.0110397,0.380576,0.0132446,0.380967,-0.258819,-1.00031,-0.0104377,-0.433272,-0.949641,0
1781247134391566,90.9517,4.67287,-1.26197,-4.98663,4.69003,-1.62565,-5,-0.0171666,0.363681,0.0133667,0.364332,-0.264403,-0.994917,-0.0113161,-0.433272,-0.949641,0
1781247134415566,90.9757,4.66367,-1.28706,-4.98645,4.68134,-1.6445,-5,-0.0176668,0.357442,0.0135498,0.358135,-0.272277,-0.986591,-0.0109446,-0.43911,-0.941491,0
1781247134439566,90.9997,4.65451,-1.31186,-4.98627,4.66352,-1.68186,-5,-0.00900841,0.370003,0.0137329,0.370367,-0.278894,-0.97908,-0.0102191,-0.450803,-0.924842,0
1781247134455566,91.0157,4.64843,-1.32825,-4.98618,4.65445,-1.70028,-5,-0.00601864,0.372029,0.0138245,0.372335,-0.282686,-0.973684,-0.0100026,-0.456627,-0.916387,0
1781247134479566,91.0397,4.63932,-1.35262,-4.98602,4.64521,-1.71861,-5,-0.00588703,0.365985,0.0139771,0.366299,-0.288231,-0.965795,-0.00840564,-0.462468,-0.907798,0
1781247134495566,91.0557,4.63327,-1.36873,-4.9859,4.63592,-1.73665,-5,-0.00265312,0.367918,0.0140991,0.368198,-0.291703,-0.960363,-0.00722912,-0.468259,-0.899174,0
1781247134519566,91.0797,4.62419,-1.39266,-4.98578,4.63592,-1.73665,-5,-0.0117254,0.343989,0.0142212,0.344482,-0.299097,-0.951871,-0.00787588,-0.468259,-0.899174,0
1781247134535566,91.0957,4.61813,-1.40845,-4.98572,4.61701,-1.77217,-5,0.00112629,0.36372,0.0142822,0.364002,-0.302544,-0.945681,-0.00863449,-0.479794,-0.881676,0
1781247134551566,91.1117,4.61208,-1.42413,-4.98569,4.60735,-1.78972,-5,0.00472307,0.365583,0.0143127,0.365894,-0.306923,-0.940511,-0.0096475,-0.485559,-0.872771,0
1781247134575566,91.1357,4.60298,-1.44743,-4.98569,4.60735,-1.78972,-5,-0.00437737,0.342286,0.0143127,0.342613,-0.313068,-0.931177,-0.0103698,-0.485559,-0.872771,0
1781247134599566,91.1597,4.59387,-1.47044,-4.98575,4.59758,-1.80708,-5,-0.00371408,0.33664,0.0142517,0.336962,-0.318199,-0.922161,-0.00985395,-0.491313,-0.863778,0
1781247134615566,91.1757,4.58778,-1.48562,-4.98578,4.5877,-1.82427,-5,7.53403e-05,0.338645,0.0142212,0.338943,-0.323802,-0.915323,-0.00921629,-0.497053,-0.854701,0
1781247134639566,91.1997,4.57856,-1.50817,-4.98581,4.57772,-1.84123,-5,0.000833511,0.333065,0.0141907,0.333368,-0.331361,-0.907256,-0.0102673,-0.50277,-0.845556,0
1781247134655566,91.2157,4.57237,-1.52306,-4.98587,4.56761,-1.85805,-5,0.00476122,0.334991,0.0141296,0.335322,-0.33657,-0.901281,-0.0111196,-0.508485,-0.836309,0
1781247134679566,91.2397,4.56305,-1.54515,-4.98599,4.55738,-1.87469,-5,0.00566196,0.329533,0.0140076,0.329879,-0.342592,-0.89105,-0.0123271,-0.514189,-0.826975,0
1781247134695566,91.2557,4.55679,-1.55974,-4.98608,4.54704,-1.89114,-5,0.00975561,0.331403,0.013916,0.331839,-0.346608,-0.885442,-0.0131585,-0.519883,-0.817555,0
1781247134719566,91.2797,4.54739,-1.58139,-4.98627,4.53659,-1.90739,-5,0.010797,0.326,0.0137329,0.326468,-0.352801,-0.875119,-0.0116626,-0.525557,-0.808064,0
1781247134735566,91.2957,4.53907,-1.59625,-4.98618,4.52602,-1.92345,-5,0.0130491,0.327199,0.0138245,0.327751,-0.359039,-0.86646,-0.011282,-0.531221,-0.798487,0
1781247134759566,91.3197,4.52669,-1.61826,-4.98602,4.51535,-1.93931,-5,0.0113416,0.321048,0.0139771,0.321552,-0.36591,-0.85709,-0.011755,-0.536865,-0.788841,0
1781247134775566,91.3357,4.51851,-1.63274,-4.98596,4.50455,-1.955,-5,0.0139613,0.322259,0.0140381,0.322867,-0.369559,-0.849812,-0.0118808,-0.542506,-0.7791,0
1781247134799566,91.3597,4.50634,-1.65416,-4.98584,4.49365,-1.97048,-5,0.0126882,0.316323,0.0141602,0.316893,-0.375544,-0.838612,-0.0114498,-0.548129,-0.769288,0
1781247134815566,91.3757,4.49828,-1.66824,-4.98578,4.48263,-1.98576,-5,0.0156431,0.317516,0.0142212,0.318219,-0.379869,-0.831661,-0.0116231,-0.553737,-0.759401,0
1781247134839566,91.3997,4.48623,-1.68909,-4.98575,4.4715,-2.00085,-5,0.0147266,0.31176,0.0142517,0.312433,-0.386577,-0.820314,-0.0111214,-0.559333,-0.749435,0
1781247134855566,91.4157,4.47823,-1.7028,-4.98572,4.46027,-2.01572,-5,0.0179558,0.312923,0.0142822,0.313763,-0.391246,-0.813238,-0.0118495,-0.564909,-0.739404,0
1781247134879566,91.4397,4.46624,-1.7231,-4.98578,4.44891,-2.03042,-5,0.0173287,0.30732,0.0142212,0.308136,-0.399692,-0.802868,-0.0121546,-0.570481,-0.729283,0
1781247134895566,91.4557,4.45825,-1.73645,-4.98581,4.43745,-2.0449,-5,0.0208039,0.308453,0.0141907,0.309479,-0.40348,-0.795462,-0.0123265,-0.576035,-0.719094,0
1781247134919566,91.4797,4.44631,-1.75625,-4.9859,4.42588,-2.05917,-5,0.0204287,0.302916,0.0140991,0.303931,-0.411019,-0.786938,-0.012199,-0.581571,-0.70884,0
1781247134935566,91.4957,4.43835,-1.7693,-4.98599,4.41419,-2.07325,-5,0.0241551,0.303947,0.0140076,0.305227,-0.414756,-0.77968,-0.0120488,-0.587097,-0.698508,0
1781247134959566,91.5197,4.42642,-1.78859,-4.98615,4.40239,-2.08712,-5,0.0240297,0.298525,0.013855,0.299811,-0.420871,-0.767725,-0.0116755,-0.592609,-0.688103,0
1781247134975566,91.5357,4.41847,-1.80126,-4.98624,4.39053,-2.10072,-5,0.0279393,0.299463,0.0137634,0.301078,-0.424763,-0.759361,-0.0117128,-0.598084,-0.677672,0
1781247134999566,91.5597,4.40651,-1.81998,-4.98636,4.37848,-2.11421,-5,0.0280309,0.294222,0.0136414,0.295869,-0.43206,-0.747891,-0.0115318,-0.603579,-0.667108,0
1781247135015838,91.5759,4.39853,-1.8323,-4.98645,4.35411,-2.14048,-5,0.0444241,0.30818,0.0135498,0.31166,-0.435662,-0.741454,-0.0108108,-0.614499,-0.645825,0
1781247135039838,91.5999,4.38655,-1.85052,-4.98657,4.35411,-2.14048,-5,0.0324388,0.289956,0.0134277,0.292074,-0.441804,-0.730434,-0.00990563,-0.614499,-0.645825,0
1781247135055838,91.6159,4.37856,-1.8625,-4.98666,4.34181,-2.15324,-5,0.036756,0.290742,0.0133362,0.29336,-0.445736,-0.722445,-0.00952824,-0.619915,-0.635128,0
1781247135079838,91.6399,4.36654,-1.88019,-4.98676,4.32937,-2.16582,-5,0.0371752,0.285626,0.0132446,0.288339,-0.452453,-0.709864,-0.0108442,-0.625328,-0.624344,0
1781247135095838,91.6559,4.35851,-1.8918,-4.98685,4.31673,-2.17827,-5,0.0417733,0.286474,0.0131531,0.289802,-0.45632,-0.702097,-0.0114658,-0.630763,-0.61342,0
1781247135119838,91.6799,4.34643,-1.90893,-4.987,4.30408,-2.19042,-5,0.0423498,0.28149,0.0130005,0.284955,-0.462022,-0.689065,-0.0109878,-0.636147,-0.602507,0
1781247135135838,91.6959,4.33634,-1.92125,-4.98697,4.2913,-2.20236,-5,0.0450358,0.281107,0.013031,0.28499,-0.466484,-0.682403,-0.0125062,-0.641519,-0.591525,0
1781247135159838,91.7199,4.32132,-1.93939,-4.987,4.26545,-2.22556,-5,0.0558705,0.286175,0.0130005,0.291868,-0.47332,-0.669313,-0.0117363,-0.652206,-0.569403,0
1781247135175838,91.7359,4.31138,-1.95122,-4.98703,4.25231,-2.23687,-5,0.0590649,0.285648,0.01297,0.291979,-0.478051,-0.661151,-0.011152,-0.657545,-0.558215,0
1781247135199838,91.7599,4.29653,-1.96861,-4.98703,4.23914,-2.24789,-5,0.0573936,0.27928,0.01297,0.285411,-0.483024,-0.648364,-0.010586,-0.662839,-0.547032,0
1781247135215838,91.7759,4.28669,-1.97998,-4.98709,4.22583,-2.25872,-5,0.0608549,0.278744,0.0129089,0.285602,-0.487553,-0.640516,-0.0101036,-0.668128,-0.535767,0
1781247135239838,91.7999,4.27197,-1.99668,-4.98718,4.21233,-2.26939,-5,0.0596409,0.27271,0.0128174,0.27945,-0.495118,-0.627582,-0.00927368,-0.673437,-0.524373,0
1781247135255838,91.8159,4.26219,-2.00758,-4.98721,4.19882,-2.27976,-5,0.0633717,0.272175,0.0127869,0.279748,-0.499346,-0.619795,-0.00917327,-0.678689,-0.513009,0
1781247135279838,91.8399,4.24754,-2.02364,-4.98734,4.18519,-2.2899,-5,0.0623417,0.266258,0.0126648,0.273752,-0.507317,-0.608868,-0.00890557,-0.68393,-0.501585,0
1781247135295838,91.8559,4.23778,-2.03414,-4.98743,4.17145,-2.29983,-5,0.066329,0.265692,0.0125732,0.274135,-0.512211,-0.600787,-0.00854378,-0.689159,-0.490097,0
1781247135319838,91.8799,4.22316,-2.04956,-4.98755,4.15763,-2.30951,-5,0.0655279,0.259947,0.0124512,0.268368,-0.518717,-0.588614,-0.0098368,-0.694358,-0.478587,0
1781247135335838,91.8959,4.21342,-2.05963,-4.98767,4.14367,-2.31897,-5,0.069746,0.25934,0.0123291,0.268838,-0.522874,-0.579832,-0.0101264,-0.699553,-0.467,0
1781247135359838,91.9199,4.19882,-2.07441,-4.98782,4.12964,-2.32819,-5,0.0691719,0.253781,0.0121765,0.263321,-0.529293,-0.566698,-0.00956115,-0.704718,-0.455396,0
1781247135375838,91.9359,4.18908,-2.08404,-4.98788,4.11549,-2.33718,-5,0.0735879,0.253137,0.0121155,0.263895,-0.533927,-0.557278,-0.00733228,-0.709873,-0.443729,0
1781247135399838,91.9599,4.17449,-2.09816,-4.98795,4.11549,-2.33718,-5,0.0589967,0.239023,0.0120544,0.246492,-0.538998,-0.544526,-0.00648899,-0.709873,-0.443729,0
1781247135415838,91.9759,4.16475,-2.10737,-4.98801,4.10125,-2.34594,-5,0.0635014,0.238564,0.0119934,0.247162,-0.542526,-0.536558,-0.00522172,-0.715007,-0.432025,0
1781247135431838,91.9919,4.15503,-2.11643,-4.98801,4.08689,-2.35446,-5,0.0681329,0.238032,0.0119934,0.247881,-0.54507,-0.528732,-0.00539317,-0.720126,-0.42027,0
1781247135455838,92.0159,4.14044,-2.12971,-4.98807,4.07242,-2.36276,-5,0.0680275,0.233052,0.0119324,0.243071,-0.551439,-0.515621,-0.00643646,-0.725234,-0.408458,0
1781247135479838,92.0399,4.12582,-2.14261,-4.98813,4.05789,-2.3708,-5,0.0679259,0.228192,0.0118713,0.238383,-0.556413,-0.500812,-0.00781084,-0.730305,-0.396647,0
1781247135495838,92.0559,4.11605,-2.15098,-4.98822,4.04325,-2.3786,-5,0.0727983,0.227624,0.0117798,0.239272,-0.558838,-0.491254,-0.00832501,-0.735361,-0.384791,0
1781247135519838,92.0799,4.10139,-2.16321,-4.98837,4.01369,-2.39349,-5,0.087697,0.230274,0.0116272,0.246683,-0.565167,-0.477662,-0.00761942,-0.745413,-0.360975,0
1781247135535838,92.0959,4.08973,-2.17213,-4.98837,4.01369,-2.39349,-5,0.0760326,0.221358,0.0116272,0.23434,-0.570413,-0.46957,-0.00741118,-0.745413,-0.360975,0
1781247135559838,92.1199,4.07233,-2.18512,-4.98843,3.99871,-2.4006,-5,0.0736129,0.215482,0.0115662,0.228003,-0.57659,-0.455481,-0.00859461,-0.750428,-0.348972,0
1781247135575838,92.1359,4.06082,-2.1935,-4.98853,3.96848,-2.41408,-5,0.09234,0.220579,0.0114746,0.239402,-0.578909,-0.446401,-0.00945568,-0.760392,-0.324885,0
1781247135599838,92.1599,4.04369,-2.20569,-4.98871,3.95323,-2.42046,-5,0.0904572,0.214772,0.0112915,0.233318,-0.584472,-0.431729,-0.010727,-0.765341,-0.312804,0
1781247135615838,92.1759,4.03234,-2.21355,-4.98883,3.93786,-2.4266,-5,0.0944767,0.213044,0.0111694,0.233321,-0.587849,-0.423468,-0.0106017,-0.770278,-0.300674,0
1781247135639838,92.1999,4.01538,-2.22502,-4.98904,3.93786,-2.4266,-5,0.0775146,0.201582,0.0109558,0.21625,-0.59342,-0.410737,-0.0111386,-0.770278,-0.300674,0
1781247135655838,92.2159,4.00412,-2.23243,-4.98917,3.90687,-2.43813,-5,0.0972521,0.205704,0.0108337,0.227793,-0.596941,-0.402895,-0.0114843,-0.780079,-0.276362,0
1781247135679838,92.2399,3.98727,-2.24322,-4.98938,3.89123,-2.44354,-5,0.0960448,0.20032,0.0106201,0.222409,-0.603835,-0.389913,-0.0106069,-0.78495,-0.264166,0
1781247135695838,92.2559,3.97607,-2.25018,-4.9895,3.87549,-2.44869,-5,0.100582,0.198515,0.010498,0.222789,-0.606944,-0.380723,-0.0104662,-0.789802,-0.25194,0
1781247135719838,92.2799,3.9593,-2.26028,-4.98969,3.85972,-2.45359,-5,0.099576,0.193308,0.0103149,0.217692,-0.613566,-0.366633,-0.00977669,-0.794613,-0.239744,0
1781247135735838,92.2959,3.94812,-2.26678,-4.98984,3.84369,-2.45829,-5,0.104429,0.191503,0.0101624,0.218362,-0.618043,-0.358502,-0.00942144,-0.799455,-0.227394,0
1781247135759838,92.3199,3.93138,-2.27622,-4.99005,3.82778,-2.46268,-5,0.103596,0.186458,0.00994873,0.213536,-0.623457,-0.345334,-0.0104038,-0.804212,-0.215189,0
1781247135775838,92.3359,3.92021,-2.28232,-4.9902,3.81164,-2.46686,-5,0.108567,0.184541,0.00979614,0.214332,-0.628377,-0.336546,-0.0100659,-0.808988,-0.202862,0
1781247135799838,92.3599,3.90345,-2.29109,-4.99045,3.79542,-2.47079,-5,0.108033,0.179697,0.009552,0.209889,-0.634886,-0.320594,-0.00881669,-0.813742,-0.190519,0
1781247135815838,92.3759,3.89227,-2.2967,-4.9906,3.7791,-2.47448,-5,0.113165,0.177778,0.00939941,0.21095,-0.638411,-0.310902,-0.00833704,-0.818474,-0.178161,0
1781247135839838,92.3999,3.87549,-2.30478,-4.99081,3.76271,-2.47791,-5,0.112779,0.173128,0.00918579,0.206826,-0.644564,-0.29732,-0.00715138,-0.823179,-0.165801,0
1781247135855838,92.4159,3.8643,-2.30995,-4.99094,3.74618,-2.48111,-5,0.118117,0.171154,0.00906372,0.208152,-0.648273,-0.287548,-0.00770479,-0.827879,-0.153386,0
1781247135879838,92.4399,3.84747,-2.31738,-4.99118,3.72958,-2.48405,-5,0.117897,0.166666,0.00881958,0.20434,-0.654827,-0.274284,-0.00825186,-0.832551,-0.140975,0
1781247135895838,92.4559,3.83624,-2.32212,-4.99133,3.71288,-2.48674,-5,0.123358,0.16462,0.00866699,0.205893,-0.658179,-0.26583,-0.00873371,-0.837201,-0.12855,0
1781247135919838,92.4799,3.81939,-2.32891,-4.99155,3.6961,-2.48919,-5,0.123294,0.160279,0.00845337,0.202392,-0.663116,-0.248945,-0.00653934,-0.84183,-0.116116,0
1781247135935838,92.4959,3.80589,-2.33364,-4.99149,3.67908,-2.49141,-5,0.126813,0.157763,0.0085144,0.202592,-0.667637,-0.239371,-0.00599121,-0.846477,-0.103562,0
1781247135959838,92.5199,3.78577,-2.34038,-4.99136,3.66217,-2.49334,-5,0.123602,0.152969,0.00863647,0.196854,-0.67547,-0.225491,-0.00731192,-0.851048,-0.0911488,0
1781247135975838,92.5359,3.77243,-2.34462,-4.99133,3.64518,-2.49504,-5,0.127242,0.150412,0.00866699,0.197204,-0.680813,-0.216103,-0.00744865,-0.855593,-0.078737,0
1781247135999838,92.5599,3.75249,-2.35064,-4.9913,3.62803,-2.49649,-5,0.124462,0.145843,0.00869751,0.191929,-0.687861,-0.201382,-0.00866647,-0.860138,-0.0662605,0
1781247136015838,92.5759,3.73928,-2.35442,-4.99133,3.61068,-2.49769,-5,0.128601,0.143271,0.00866699,0.192718,-0.691045,-0.192043,-0.0086762,-0.864689,-0.053702,0
1781247136040110,92.6002,3.71956,-2.35973,-4.99136,3.59342,-2.49864,-5,0.126136,0.138912,0.00863647,0.187833,-0.697336,-0.177199,-0.00654706,-0.86917,-0.04127,0
1781247136056110,92.6162,3.70646,-2.36303,-4.99136,3.57604,-2.49934,-5,0.13042,0.136301,0.00863647,0.188844,-0.701796,-0.167371,-0.00599505,-0.87364,-0.0288057,0
1781247136080110,92.6402,3.6869,-2.36764,-4.99136,3.55853,-2.49979,-5,0.128376,0.132151,0.00863647,0.184442,-0.705993,-0.151184,-0.00619296,-0.878097,-0.0163118,0
1781247136096110,92.6562,3.67391,-2.37047,-4.99136,3.54092,-2.49999,-5,0.132988,0.129523,0.00863647,0.18584,-0.710013,-0.141721,-0.00492578,-0.882534,-0.00381441,0
1781247136120110,92.6802,3.65447,-2.37437,-4.99136,3.52322,-2.49994,-5,0.131253,0.125574,0.00863647,0.181853,-0.715749,-0.126795,-0.00513322,-0.886952,0.00869307,0
1781247136136110,92.6962,3.64155,-2.37674,-4.99139,3.50549,-2.49964,-5,0.13606,0.122901,0.00860596,0.183551,-0.718885,-0.116847,-0.00623639,-0.891332,0.0211562,0
1781247136160110,92.7202,3.6222,-2.37997,-4.99142,3.48756,-2.49909,-5,0.134645,0.119122,0.00857544,0.17998,-0.723719,-0.102834,-0.00643813,-0.895717,0.0336941,0
1781247136176110,92.7362,3.60934,-2.3819,-4.99146,3.46959,-2.49829,-5,0.139751,0.116391,0.00854492,0.182072,-0.726361,-0.092759,-0.00685891,-0.900067,0.0461933,0
1781247136200110,92.7602,3.59008,-2.38448,-4.99152,3.45156,-2.49724,-5,0.138519,0.112768,0.00848389,0.178818,-0.732347,-0.07884,-0.00852361,-0.904389,0.0586712,0
1781247136216110,92.7762,3.57725,-2.38598,-4.99158,3.43344,-2.49595,-5,0.143803,0.109964,0.00842285,0.181225,-0.735755,-0.0692889,-0.00839204,-0.90869,0.0711472,0
1781247136240110,92.8002,3.55801,-2.38791,-4.99164,3.43344,-2.49595,-5,0.124572,0.10804,0.00836182,0.165108,-0.741195,-0.053496,-0.0083226,-0.90869,0.0711472,0
1781247136256110,92.8162,3.5452,-2.38895,-4.9917,3.41469,-2.49435,-5,0.130511,0.105397,0.00830078,0.16796,-0.744178,-0.0429521,-0.00739593,-0.913096,0.0839921,0
1781247136280110,92.8402,3.526,-2.39017,-4.99176,3.39684,-2.49259,-5,0.12916,0.102421,0.00823975,0.165046,-0.746206,-0.0272353,-0.00676963,-0.917247,0.0961458,0
1781247136296110,92.8562,3.51322,-2.39077,-4.99182,3.37847,-2.49055,-5,0.134753,0.0997734,0.00817871,0.167869,-0.750312,-0.0180659,-0.0052497,-0.921479,0.108597,0
1781247136320110,92.8802,3.49403,-2.39135,-4.99185,3.34152,-2.48572,-5,0.152513,0.0943673,0.00814819,0.179532,-0.754216,-0.00239538,-0.0048685,-0.92986,0.133424,0
1781247136336110,92.8962,3.48009,-2.39174,-4.99179,3.3229,-2.48293,-5,0.157192,0.091188,0.00820923,0.181912,-0.757414,0.00905434,-0.00608046,-0.934022,0.145836,0
1781247136360110,92.9202,3.45753,-2.39234,-4.99158,3.30416,-2.47988,-5,0.153364,0.0875452,0.00842285,0.176793,-0.763431,0.0224531,-0.00601869,-0.938167,0.158251,0
1781247136376110,92.9362,3.44259,-2.3925,-4.99149,3.28537,-2.4766,-5,0.157218,0.0840976,0.0085144,0.1785,-0.767952,0.0327493,-0.0066555,-0.942282,0.170634,0
1781247136400110,92.9602,3.42031,-2.39238,-4.99133,3.26652,-2.47307,-5,0.153794,0.0806847,0.00866699,0.17389,-0.77442,0.0473768,-0.00497018,-0.94637,0.182987,0
1781247136416110,92.9762,3.40554,-2.39208,-4.99121,3.24753,-2.46928,-5,0.158009,0.0771985,0.00878906,0.176079,-0.778577,0.0560476,-0.00291052,-0.950445,0.195354,0
1781247136440110,93.0002,3.38349,-2.39131,-4.99106,3.22854,-2.46526,-5,0.154947,0.0739553,0.00894165,0.171924,-0.783977,0.0695806,-0.00322949,-0.95448,0.207652,0
1781247136456110,93.0162,3.36886,-2.39058,-4.99097,3.20938,-2.46098,-5,0.159477,0.0704045,0.0090332,0.17456,-0.787459,0.0786752,-0.00288404,-0.95851,0.219985,0
1781247136480110,93.0402,3.34704,-2.38916,-4.99081,3.19012,-2.45645,-5,0.156917,0.0672901,0.00918579,0.170983,-0.791187,0.0936314,-0.00276047,-0.96252,0.232311,0
1781247136496110,93.0562,3.33254,-2.38799,-4.99075,3.17089,-2.45169,-5,0.161648,0.063705,0.00924683,0.173994,-0.79425,0.101651,-0.00255907,-0.966484,0.244546,0
1781247136520110,93.0802,3.31087,-2.38593,-4.99066,3.17089,-2.45169,-5,0.139976,0.0657575,0.00933838,0.154934,-0.799167,0.115409,-0.00186259,-0.966484,0.244546,0
1781247136536110,93.0962,3.29647,-2.38435,-4.9906,3.13209,-2.44142,-5,0.164378,0.0570703,0.00939941,0.174257,-0.802591,0.124284,-0.00159881,-0.974359,0.269001,0
1781247136560110,93.1202,3.27492,-2.38169,-4.99054,3.11246,-2.43589,-5,0.162465,0.0541973,0.00946045,0.171528,-0.807148,0.13655,-0.00169098,-0.978283,0.281261,0
1781247136576110,93.1362,3.2606,-2.37973,-4.99048,3.11246,-2.43589,-5,0.148139,0.0561619,0.00952148,0.158714,-0.811588,0.145872,-0.00136114,-0.978283,0.281261,0
1781247136600110,93.1602,3.23913,-2.37646,-4.99039,3.09283,-2.43014,-5,0.146299,0.0536807,0.00961304,0.156132,-0.816349,0.161447,-0.000941789,-0.982166,0.29344,0
1781247136616110,93.1762,3.22486,-2.37404,-4.99036,3.05349,-2.41795,-5,0.171367,0.0439057,0.00964355,0.177164,-0.818778,0.17192,-0.00106557,-0.98983,0.31762,0
1781247136640110,93.2002,3.2035,-2.3701,-4.9903,3.03372,-2.41149,-5,0.169778,0.0413933,0.00970459,0.175021,-0.822797,0.18594,-0.00134437,-0.993622,0.329656,0
1781247136656110,93.2162,3.18927,-2.36727,-4.9903,3.01381,-2.40478,-5,0.175461,0.0375106,0.00970459,0.179688,-0.827047,0.195055,-0.00114232,-0.997402,0.341696,0
1781247136680110,93.2402,3.16794,-2.36274,-4.9903,2.99384,-2.39783,-5,0.174104,0.0350962,0.00970459,0.177871,-0.83136,0.208262,-0.00165918,-1.00115,0.353695,0
1781247136696110,93.2562,3.15373,-2.35951,-4.99033,2.97378,-2.39064,-5,0.179949,0.0311303,0.00967407,0.182877,-0.835323,0.218038,-0.00214259,-1.00488,0.365662,0
1781247136720110,93.2802,3.13239,-2.35437,-4.99033,2.95364,-2.38321,-5,0.178751,0.0288324,0.00967407,0.18132,-0.840176,0.231465,-0.000940271,-1.00859,0.377599,0
1781247136736110,93.2962,3.11701,-2.35128,-4.99017,2.93346,-2.37555,-5,0.18355,0.0242698,0.00982666,0.185409,-0.842713,0.241469,-0.00121562,-1.01226,0.389482,0
1781247136760110,93.3202,3.09233,-2.34705,-4.98981,2.91318,-2.36764,-5,0.179154,0.0205865,0.0101929,0.180621,-0.847794,0.253872,-0.00179368,-1.01592,0.401338,0
1781247136776110,93.3362,3.076,-2.34399,-4.98956,2.89282,-2.35949,-5,0.183181,0.0155044,0.010437,0.184132,-0.851707,0.262354,-0.00177732,-1.01955,0.413158,0
1781247136800110,93.3602,3.05166,-2.33903,-4.98929,2.87239,-2.35111,-5,0.179263,0.0120769,0.0107117,0.179988,-0.857006,0.274609,-0.00343877,-1.02315,0.424936,0
1781247136816110,93.3762,3.03553,-2.33551,-4.98914,2.85188,-2.34249,-5,0.183653,0.00698042,0.0108643,0.184106,-0.860367,0.282841,-0.0041166,-1.02673,0.43668,0
1781247136840110,93.4002,3.01147,-2.32988,-4.98895,2.83132,-2.33364,-5,0.180158,0.00376105,0.0110474,0.180535,-0.866059,0.29528,-0.00348876,-1.03028,0.448365,0
1781247136856110,93.4162,2.99549,-2.32591,-4.98883,2.8107,-2.32457,-5,0.184788,-0.00134015,0.0111694,0.18513,-0.870139,0.303455,-0.00353064,-1.0338,0.459994,0
1781247136880110,93.4402,2.97162,-2.31963,-4.98868,2.78999,-2.31525,-5,0.181627,-0.00437403,0.011322,0.182032,-0.875367,0.315227,-0.00344949,-1.0373,0.471595,0
1781247136896110,93.4562,2.95577,-2.31524,-4.98859,2.76921,-2.30571,-5,0.186554,-0.0095377,0.0114136,0.187146,-0.878669,0.322737,-0.00431675,-1.04078,0.483146,0
1781247136920110,93.4802,2.93207,-2.30835,-4.98853,2.74836,-2.29592,-5,0.183709,-0.0124283,0.0114746,0.184486,-0.883428,0.33561,-0.00426203,-1.04423,0.494654,0
1781247136936110,93.4962,2.9163,-2.30354,-4.98846,2.72745,-2.28592,-5,0.188855,-0.0176175,0.0115356,0.190026,-0.885804,0.344816,-0.00336395,-1.04765,0.506103,0
1781247136960110,93.5202,2.89274,-2.29601,-4.98837,2.7064,-2.27566,-5,0.186338,-0.0203538,0.0116272,0.187806,-0.890732,0.356831,-0.0035465,-1.05105,0.51754,0
1781247136976110,93.5362,2.87708,-2.29079,-4.98834,2.68537,-2.26521,-5,0.191703,-0.0255847,0.0116577,0.193754,-0.893053,0.365174,-0.00409421,-1.05442,0.528877,0
1781247137000110,93.5602,2.85366,-2.28264,-4.98831,2.66424,-2.25451,-5,0.189416,-0.0281332,0.0116882,0.191851,-0.896899,0.379115,-0.00411999,-1.05776,0.54018,0
1781247137016110,93.5762,2.83808,-2.27699,-4.98831,2.64294,-2.24353,-5,0.195146,-0.0334582,0.0116882,0.198338,-0.900033,0.388534,-0.00326458,-1.0611,0.551489,0
1781247137040110,93.6002,2.81477,-2.2682,-4.98825,2.62141,-2.23225,-5,0.193355,-0.0359483,0.0117493,0.197019,-0.90462,0.400908,-0.002725,-1.06443,0.56282,0
1781247137056386,93.6165,2.79924,-2.26213,-4.98822,2.6004,-2.22105,-5,0.198841,-0.041085,0.0117798,0.203382,-0.907543,0.41053,-0.00226664,-1.06765,0.573792,0
1781247137080386,93.6405,2.77598,-2.25275,-4.98822,2.57905,-2.20948,-5,0.196934,-0.0432677,0.0117798,0.201974,-0.910311,0.421937,-0.00284405,-1.07088,0.58485,0
1781247137096386,93.6565,2.76051,-2.2463,-4.98825,2.55762,-2.19769,-5,0.202891,-0.0486119,0.0117493,0.208964,-0.912203,0.431181,-0.00267316,-1.07409,0.595857,0
1781247137120386,93.6805,2.73737,-2.23632,-4.98825,2.53606,-2.18563,-5,0.201312,-0.050693,0.0117493,0.207928,-0.915388,0.442963,-0.00217432,-1.07728,0.60684,0
1781247137136386,93.6965,2.71988,-2.22956,-4.9881,2.51447,-2.17338,-5,0.20541,-0.0561817,0.0119019,0.213287,-0.918981,0.450006,-0.00179858,-1.08043,0.617743,0
1781247137160386,93.7205,2.69384,-2.21914,-4.98801,2.49284,-2.16092,-5,0.200991,-0.0582166,0.0119934,0.209596,-0.923592,0.462625,-0.0032194,-1.08356,0.628573,0
1781247137176386,93.7365,2.67659,-2.212,-4.98795,2.47103,-2.14818,-5,0.205554,-0.0638201,0.0120544,0.215571,-0.926858,0.470567,-0.00404438,-1.08668,0.6394,0
1781247137200386,93.7605,2.65086,-2.20102,-4.98792,2.44942,-2.13537,-5,0.201445,-0.0656462,0.012085,0.212216,-0.932712,0.482762,-0.00350283,-1.08973,0.650035,0
1781247137216386,93.7765,2.63381,-2.1935,-4.98792,2.42759,-2.12226,-5,0.206228,-0.0712416,0.012085,0.218521,-0.935951,0.49171,-0.00399515,-1.09278,0.660682,0
1781247137240386,93.8005,2.60839,-2.18195,-4.98801,2.4058,-2.10901,-5,0.20259,-0.0729444,0.0119934,0.215656,-0.939181,0.50352,-0.00653737,-1.09579,0.67121,0
1781247137256386,93.8165,2.59153,-2.17407,-4.98807,2.38387,-2.09548,-5,0.207664,-0.0785894,0.0119324,0.222357,-0.941979,0.511061,-0.00726363,-1.09878,0.681718,0
1781247137280386,93.8405,2.56633,-2.16198,-4.98825,2.36174,-2.08167,-5,0.204594,-0.0803101,0.0117493,0.220105,-0.946401,0.524213,-0.0084839,-1.10177,0.692218,0
1781247137296386,93.8565,2.54961,-2.15372,-4.98834,2.33973,-2.06775,-5,0.209882,-0.0859683,0.0116577,0.227106,-0.947475,0.533337,-0.00860981,-1.1047,0.702568,0
1781247137320386,93.8805,2.52463,-2.14104,-4.98853,2.31757,-2.05358,-5,0.207053,-0.0874591,0.0114746,0.22506,-0.952067,0.546783,-0.00842863,-1.10761,0.712886,0
1781247137336386,93.8965,2.50801,-2.13238,-4.98865,2.29491,-2.03891,-5,0.213097,-0.093477,0.0113525,0.232974,-0.955278,0.555425,-0.0090317,-1.11056,0.723337,0
1781247137360386,93.9205,2.48314,-2.11917,-4.98883,2.27311,-2.02463,-5,0.210032,-0.0945473,0.0111694,0.230602,-0.959447,0.56742,-0.0104078,-1.11336,0.733296,0
1781247137376386,93.9365,2.46662,-2.11019,-4.98901,2.2509,-2.00992,-5,0.21572,-0.100275,0.0109863,0.238141,-0.96027,0.576838,-0.0111027,-1.11617,0.743343,0
1781247137400386,93.9605,2.44194,-2.09643,-4.98929,2.22855,-1.99495,-5,0.213391,-0.101479,0.0107117,0.236534,-0.96222,0.5903,-0.0100393,-1.11897,0.753356,0
1781247137416386,93.9765,2.42554,-2.08706,-4.98947,2.20612,-1.97977,-5,0.219419,-0.107294,0.0105286,0.244474,-0.964383,0.598548,-0.00902919,-1.12175,0.763303,0
1781247137440386,94.0005,2.40098,-2.07278,-4.98969,2.18363,-1.96438,-5,0.217356,-0.108399,0.0103149,0.243105,-0.967806,0.60919,-0.00752579,-1.12449,0.773176,0
1781247137456386,94.0165,2.38465,-2.0631,-4.98987,2.16115,-1.94885,-5,0.223492,-0.114249,0.0101318,0.251205,-0.970163,0.616381,-0.00813368,-1.1272,0.782941,0
1781247137480386,94.0405,2.36018,-2.04834,-4.99011,2.1385,-1.93304,-5,0.221676,-0.115299,0.0098877,0.250064,-0.97397,0.627782,-0.00826482,-1.1299,0.79268,0
1781247137496386,94.0565,2.34389,-2.03835,-4.99026,2.11594,-1.91713,-5,0.227953,-0.121222,0.00973511,0.258364,-0.975525,0.633394,-0.00751717,-1.13255,0.80228,0
1781247137520386,94.0805,2.31952,-2.02318,-4.99051,2.09332,-1.90103,-5,0.226202,-0.122153,0.00949097,0.257253,-0.977662,0.64371,-0.00782563,-1.13518,0.811802,0
1781247137536386,94.0965,2.30066,-2.01268,-4.99066,2.07075,-1.88481,-5,0.229913,-0.127872,0.00933838,0.263246,-0.980337,0.651213,-0.00772957,-1.13776,0.821201,0
1781247137560386,94.1205,2.27261,-1.99671,-4.99094,2.04782,-1.86819,-5,0.224791,-0.128519,0.00906372,0.259095,-0.984305,0.6638,-0.00868608,-1.14035,0.830642,0
1781247137576386,94.1365,2.25406,-1.98589,-4.99112,2.02499,-1.85148,-5,0.229067,-0.134408,0.00888062,0.265737,-0.987733,0.671707,-0.00868628,-1.1429,0.839941,0
1781247137600386,94.1605,2.22642,-1.96944,-4.99146,2.00212,-1.8346,-5,0.224299,-0.134836,0.00854492,0.261847,-0.991324,0.683538,-0.00837081,-1.14541,0.84915,0
1781247137616386,94.1765,2.20813,-1.95832,-4.99167,1.97918,-1.81752,-5,0.22895,-0.140796,0.0083313,0.268907,-0.993206,0.69162,-0.00874324,-1.1479,0.858285,0
1781247137632386,94.1925,2.18995,-1.94707,-4.99188,1.95625,-1.80031,-5,0.233697,-0.146765,0.00811768,0.276079,-0.995034,0.699286,-0.00984215,-1.15036,0.867308,0
1781247137656386,94.2165,2.16284,-1.92996,-4.99222,1.93319,-1.78285,-5,0.229652,-0.147112,0.00778198,0.272841,-0.997477,0.711515,-0.0100248,-1.15279,0.876277,0
1781247137680386,94.2405,2.13592,-1.91257,-4.99261,1.9101,-1.76523,-5,0.225822,-0.147337,0.00738525,0.269738,-1.00075,0.723153,-0.0100047,-1.15519,0.885151,0
1781247137696386,94.2565,2.11807,-1.90083,-4.99286,1.88699,-1.74745,-5,0.231081,-0.153386,0.00714111,0.277446,-1.00359,0.729891,-0.0101657,-1.15756,0.893928,0
1781247137720386,94.2805,2.0914,-1.88301,-4.99319,1.86378,-1.72946,-5,0.227618,-0.153556,0.00680542,0.274655,-1.00593,0.741061,-0.0093713,-1.15991,0.902631,0
1781247137736386,94.2965,2.07371,-1.87099,-4.99344,1.84061,-1.71136,-5,0.233101,-0.159633,0.00656128,0.282598,-1.00737,0.748459,-0.0079723,-1.16222,0.911215,0
1781247137760386,94.3205,2.0473,-1.85275,-4.99377,1.81735,-1.69305,-5,0.229954,-0.159697,0.00622559,0.280037,-1.00907,0.758396,-0.00632918,-1.16451,0.919724,0
1781247137776386,94.3365,2.02979,-1.84045,-4.99399,1.79403,-1.67457,-5,0.23576,-0.165887,0.00601196,0.288336,-1.01028,0.765673,-0.00712538,-1.16677,0.928146,0
1781247137800386,94.3605,2.00363,-1.82181,-4.99426,1.77067,-1.65592,-5,0.232964,-0.165887,0.0057373,0.286048,-1.01286,0.774947,-0.0071404,-1.16899,0.936474,0
1781247137816386,94.3765,1.98625,-1.80926,-4.99445,1.74726,-1.6371,-5,0.238992,-0.172155,0.0055542,0.294594,-1.01485,0.781272,-0.00683802,-1.17119,0.944708,0
1781247137840386,94.4005,1.96026,-1.79022,-4.99469,1.72384,-1.61815,-5,0.236422,-0.172074,0.00531006,0.29246,-1.01791,0.792627,-0.00686193,-1.17336,0.952838,0
1781247137856386,94.4165,1.94298,-1.7774,-4.99487,1.70036,-1.59902,-5,0.242616,-0.178379,0.00512695,0.301178,-1.0194,0.798601,-0.00784662,-1.1755,0.960876,0
1781247137880386,94.4405,1.91714,-1.758,-4.99515,1.67692,-1.5798,-5,0.240212,-0.178197,0.00485229,0.299131,-1.02122,0.807821,-0.00778087,-1.1776,0.968793,0
1781247137896386,94.4565,1.89996,-1.74493,-4.99536,1.65336,-1.56035,-5,0.2466,-0.184582,0.00463867,0.308065,-1.02258,0.814655,-0.00749945,-1.17968,0.976642,0
1781247137920386,94.4805,1.87426,-1.72513,-4.99564,1.62967,-1.54068,-5,0.24459,-0.184451,0.00436401,0.306375,-1.02478,0.82504,-0.00743027,-1.18174,0.984417,0
1781247137936386,94.4965,1.85511,-1.71167,-4.99567,1.60597,-1.52087,-5,0.249146,-0.190795,0.0043335,0.313839,-1.02686,0.83158,-0.00728757,-1.18377,0.992087,0
1781247137960386,94.5205,1.82661,-1.69127,-4.99579,1.58242,-1.50108,-5,0.24419,-0.190189,0.00421143,0.309545,-1.02952,0.84203,-0.00606555,-1.18575,0.999595,0
1781247137976386,94.5365,1.80775,-1.67756,-4.99582,1.55871,-1.48103,-5,0.249037,-0.196522,0.00418091,0.317266,-1.03252,0.847918,-0.00502399,-1.18771,1.00704,0
1781247138000386,94.5605,1.77962,-1.6568,-4.99591,1.53494,-1.46083,-5,0.244676,-0.195974,0.00408936,0.31351,-1.03566,0.858255,-0.00478435,-1.18964,1.01439,0
1781247138016386,94.5765,1.76099,-1.64284,-4.99597,1.5111,-1.44044,-5,0.249888,-0.202408,0.00402832,0.321604,-1.03687,0.864675,-0.00457883,-1.19155,1.02166,0
1781247138040386,94.6005,1.73318,-1.62171,-4.99606,1.4873,-1.41998,-5,0.24588,-0.201728,0.00393677,0.318067,-1.04117,0.875892,-0.00204065,-1.19342,1.02879,0
1781247138056667,94.6168,1.71473,-1.60748,-4.99612,1.46342,-1.39933,-5,0.251315,-0.208142,0.00387573,0.326339,-1.04319,0.882871,-0.00214989,-1.19526,1.03584,0
1781247138080667,94.6408,1.6872,-1.58596,-4.99615,1.43946,-1.37851,-5,0.24774,-0.207449,0.00384521,0.323149,-1.04442,0.890941,-0.00149819,-1.19708,1.0428,0
1781247138096667,94.6568,1.66892,-1.57151,-4.99615,1.41549,-1.35758,-5,0.253435,-0.213928,0.00384521,0.331676,-1.04596,0.897001,-0.000237845,-1.19886,1.04964,0
1781247138120667,94.6808,1.64164,-1.54968,-4.99615,1.39151,-1.33653,-5,0.250131,-0.213143,0.00384521,0.32865,-1.0479,0.90527,0.000139591,-1.20062,1.05637,0
1781247138136667,94.6968,1.62353,-1.53501,-4.99615,1.36748,-1.31534,-5,0.25606,-0.219676,0.00384521,0.3374,-1.04964,0.910758,0.000744697,-1.20234,1.063,0
1781247138160667,94.7208,1.59648,-1.51289,-4.99615,1.3434,-1.294,-5,0.25308,-0.218883,0.00384521,0.334625,-1.05138,0.917949,0.00128846,-1.20404,1.06953,0
1781247138176667,94.7368,1.57851,-1.49803,-4.99619,1.31916,-1.27242,-5,0.25935,-0.225609,0.0038147,0.343768,-1.05337,0.923935,0.000390227,-1.20571,1.07598,0
1781247138200667,94.7608,1.55164,-1.47561,-4.99625,1.29511,-1.25091,-5,0.256526,-0.224697,0.00375366,0.34104,-1.05508,0.930892,-0.000108891,-1.20734,1.08227,0
1781247138216667,94.7768,1.53379,-1.46056,-4.99631,1.27093,-1.22919,-5,0.262864,-0.231372,0.00369263,0.350206,-1.05621,0.935953,-0.000221346,-1.20894,1.08847,0
1781247138240667,94.8008,1.50709,-1.43782,-4.99634,1.24679,-1.20741,-5,0.260293,-0.230416,0.00366211,0.347645,-1.05933,0.943794,-0.000309542,-1.21051,1.09455,0
1781247138256667,94.8168,1.48933,-1.42258,-4.99637,1.22257,-1.18546,-5,0.266752,-0.237113,0.00363159,0.356921,-1.06049,0.948295,-0.000999444,-1.21206,1.10053,0
1781247138280667,94.8408,1.46275,-1.39956,-4.99643,1.1983,-1.16338,-5,0.26445,-0.236184,0.00357056,0.354583,-1.06246,0.954859,-0.00117566,-1.21357,1.10641,0
1781247138296667,94.8568,1.44507,-1.38415,-4.99649,1.17402,-1.1412,-5,0.271053,-0.24295,0.00350952,0.364014,-1.06371,0.959424,-0.00166264,-1.21505,1.11217,0
1781247138320667,94.8808,1.41864,-1.3609,-4.99652,1.14972,-1.11891,-5,0.268923,-0.241993,0.003479,0.361791,-1.06378,0.965208,-0.00224857,-1.21651,1.11782,0
1781247138336667,94.8968,1.39889,-1.34473,-4.99673,1.12536,-1.09648,-5,0.273533,-0.248251,0.00326538,0.369404,-1.06532,0.97091,-0.00318487,-1.21793,1.12336,0
1781247138360667,94.9208,1.36951,-1.32037,-4.99704,1.10097,-1.07395,-5,0.268537,-0.246417,0.00296021,0.364475,-1.06805,0.979211,-0.00331019,-1.21932,1.12879,0
1781247138376667,94.9368,1.35008,-1.30406,-4.99725,1.07657,-1.05131,-5,0.273511,-0.252745,0.00274658,0.372418,-1.06943,0.984405,-0.00363946,-1.22068,1.1341,0
1781247138400667,94.9608,1.32111,-1.27948,-4.99756,1.05217,-1.02861,-5,0.268942,-0.250871,0.00244141,0.367793,-1.07329,0.993183,-0.00348069,-1.22201,1.13929,0
1781247138416667,94.9768,1.30191,-1.26302,-4.99777,1.02773,-1.00578,-5,0.274181,-0.257239,0.00222778,0.375969,-1.0758,0.997361,-0.00368902,-1.22331,1.14438,0
1781247138440667,95.0008,1.27327,-1.23826,-4.99808,1.0033,-0.982896,-5,0.269964,-0.255359,0.00192261,0.371608,-1.07681,1.00473,-0.0035661,-1.22458,1.14934,0
1781247138456667,95.0168,1.25429,-1.22168,-4.99829,0.978775,-0.959838,-5,0.275515,-0.261843,0.00170898,0.380096,-1.07844,1.00853,-0.00241606,-1.22582,1.1542,0
1781247138480667,95.0408,1.22595,-1.19671,-4.99857,0.954217,-0.936679,-5,0.271735,-0.260034,0.00143433,0.376111,-1.08222,1.01574,-0.000880981,-1.22703,1.15895,0
1781247138496667,95.0568,1.20713,-1.18,-4.99872,0.929804,-0.913585,-5,0.277326,-0.26642,0.00128174,0.384566,-1.08393,1.02081,-0.000901219,-1.2282,1.16355,0
1781247138520667,95.0808,1.17898,-1.1548,-4.99893,0.905241,-0.890281,-5,0.273739,-0.264518,0.00106812,0.380663,-1.08803,1.02765,-0.000402196,-1.22934,1.16805,0
1781247138536667,95.0968,1.16027,-1.13793,-4.99905,0.880671,-0.866903,-5,0.279599,-0.271025,0.000946045,0.389398,-1.08946,1.03176,0.00115335,-1.23046,1.17244,0
1781247138560667,95.1208,1.1323,-1.11255,-4.99918,0.856009,-0.843371,-5,0.276292,-0.269182,0.000823975,0.385742,-1.09203,1.03664,0.00310134,-1.23154,1.17672,0
1781247138576667,95.1368,1.11373,-1.09558,-4.99924,0.831371,-0.819798,-5,0.282357,-0.275778,0.000762939,0.394689,-1.093,1.04213,0.00355759,-1.2326,1.18088,0
1781247138600667,95.1608,1.08598,-1.06999,-4.99933,0.806729,-0.796159,-5,0.27925,-0.273828,0.000671387,0.391105,-1.09433,1.04947,0.00361133,-1.23362,1.18492,0
1781247138616667,95.1768,1.06754,-1.05286,-4.99936,0.782047,-0.772422,-5,0.285496,-0.280442,0.000640869,0.400195,-1.09499,1.05222,0.00300443,-1.23462,1.18884,0
1781247138640667,95.2008,1.03999,-1.02712,-4.99945,0.757375,-0.748635,-5,0.282615,-0.278484,0.000549316,0.396768,-1.0962,1.05686,0.00120474,-1.23558,1.19264,0
1781247138656667,95.2168,1.02168,-1.00991,-4.99951,0.732621,-0.724714,-5,0.28906,-0.2852,0.000488281,0.406072,-1.09743,1.06087,0.00179812,-1.23651,1.19633,0
1781247138680667,95.2408,0.994272,-0.98403,-4.99963,0.70786,-0.70073,-5,0.286412,-0.2833,0.000366211,0.402853,-1.09952,1.06554,0.00256043,-1.23741,1.19989,0
1781247138696667,95.2568,0.976052,-0.966729,-4.99969,0.683127,-0.676721,-5,0.292925,-0.290008,0.000305176,0.412201,-1.1003,1.06819,0.00275413,-1.23828,1.20333,0
1781247138720667,95.2808,0.948772,-0.940704,-4.99982,0.658345,-0.652613,-5,0.290427,-0.288091,0.000183105,0.409078,-1.10232,1.07289,0.00306288,-1.23912,1.20666,0
1781247138736667,95.2968,0.928388,-0.922167,-4.99988,0.633508,-0.628402,-5,0.294881,-0.293765,0.00012207,0.416236,-1.10482,1.07693,0.00245484,-1.23993,1.20987,0
1781247138760667,95.3208,0.898034,-0.894354,-4.99994,0.608719,-0.604191,-5,0.289315,-0.290163,6.10352e-05,0.409753,-1.10688,1.08341,0.00442596,-1.2407,1.21295,0
1781247138776667,95.3368,0.877955,-0.87582,-4.99994,0.583873,-0.579878,-5,0.294082,-0.295942,6.10352e-05,0.417212,-1.10839,1.08615,0.00455128,-1.24145,1.21591,0
1781247138800667,95.3608,0.84805,-0.848029,-4.99997,0.559031,-0.555526,-5,0.289019,-0.292503,3.05176e-05,0.411206,-1.11044,1.09085,0.00394809,-1.24216,1.21875,0
1781247138816667,95.3768,0.828242,-0.829515,-5,0.534157,-0.5311,-5,0.294085,-0.298415,0,0.418972,-1.11229,1.09321,0.00523471,-1.24285,1.22147,0
1781247138840667,95.4008,0.798718,-0.801746,-5.00003,0.509426,-0.506775,-5,0.289292,-0.294971,-3.05176e-05,0.413156,-1.11363,1.09766,0.00548847,-1.2435,1.22405,0
1781247138856667,95.4168,0.779164,-0.783236,-5,0.484563,-0.482282,-5,0.294601,-0.300954,0,0.421145,-1.11332,1.10101,0.00593303,-1.24412,1.22652,0
1781247138880667,95.4408,0.749998,-0.755457,-4.99997,0.459649,-0.457703,-5,0.290349,-0.297754,3.05176e-05,0.415885,-1.11428,1.10514,0.00653517,-1.24471,1.22887,0
1781247138896667,95.4568,0.730678,-0.736933,-4.99991,0.434759,-0.433112,-5,0.295919,-0.303821,9.15527e-05,0.424117,-1.11391,1.10805,0.00681223,-1.24527,1.2311,0
1781247138920667,95.4808,0.701841,-0.709146,-4.99982,0.40984,-0.408461,-5,0.292001,-0.300686,0.000183105,0.419138,-1.11585,1.11116,0.005869,-1.24579,1.2332,0
1781247138936667,95.4968,0.682706,-0.690618,-4.99976,0.384957,-0.383815,-5,0.297749,-0.306803,0.000244141,0.427531,-1.11692,1.11464,0.00758129,-1.24629,1.23518,0
1781247138960667,95.5208,0.654138,-0.662813,-4.99963,0.360024,-0.359089,-5,0.294114,-0.303724,0.000366211,0.42279,-1.11891,1.11722,0.00850465,-1.24676,1.23704,0
1781247138976667,95.5368,0.635158,-0.64428,-4.99954,0.335067,-0.334314,-5,0.300091,-0.309966,0.000457764,0.431433,-1.1205,1.11959,0.00764443,-1.24719,1.23877,0
1781247139000667,95.5608,0.606785,-0.616482,-4.99942,0.310046,-0.30945,-5,0.296739,-0.307032,0.000579834,0.426993,-1.12127,1.12232,0.00611819,-1.24759,1.24039,0
1781247139016667,95.5768,0.587945,-0.597935,-4.99936,0.285022,-0.284558,-5,0.302923,-0.313377,0.000640869,0.435853,-1.12169,1.12521,0.00675702,-1.24797,1.24188,0
1781247139040667,95.6008,0.5598,-0.57009,-4.99927,0.260266,-0.259913,-5,0.299534,-0.310177,0.000732422,0.431197,-1.1212,1.12834,0.00737935,-1.24831,1.24323,0
1781247139056950,95.6171,0.541104,-0.551526,-4.99918,0.235281,-0.23502,-5,0.305823,-0.316505,0.000823975,0.440118,-1.12268,1.13005,0.00826041,-1.24862,1.24446,0
1781247139080950,95.6411,0.513147,-0.52368,-4.99905,0.2103,-0.210114,-5,0.302847,-0.313567,0.000946045,0.435938,-1.12312,1.13254,0.00867495,-1.24889,1.24558,0
1781247139096950,95.6571,0.494568,-0.505125,-4.99896,0.18532,-0.185192,-5,0.309249,-0.319932,0.0010376,0.444963,-1.12387,1.13301,0.00845149,-1.24914,1.24657,0
1781247139120950,95.6811,0.466783,-0.477297,-4.99884,0.160364,-0.160281,-5,0.30642,-0.317016,0.00115967,0.440901,-1.12447,1.13526,0.00916017,-1.24936,1.24743,0
1781247139136950,95.6971,0.446553,-0.457059,-4.99872,0.135277,-0.135227,-5,0.311277,-0.321832,0.00128174,0.44774,-1.1256,1.13834,0.00944059,-1.24954,1.24817,0
1781247139160950,95.7211,0.4164,-0.426838,-4.9985,0.110276,-0.110249,-5,0.306125,-0.316589,0.00149536,0.44039,-1.12752,1.13944,0.0104013,-1.2497,1.24878,0
1781247139176950,95.7371,0.396433,-0.406784,-4.99835,0.085242,-0.0852297,-5,0.311191,-0.321554,0.00164795,0.447481,-1.12853,1.14151,0.0104126,-1.24982,1.24927,0
1781247139192950,95.7531,0.376561,-0.3868,-4.9982,0.0604165,-0.0604121,-5,0.316145,-0.326387,0.00180054,0.4544,-1.12998,1.14249,0.00938672,-1.24991,1.24963,0
1781247139216950,95.7771,0.346927,-0.356926,-4.99799,0.0353046,-0.0353037,-5,0.311622,-0.321623,0.00201416,0.447832,-1.1304,1.14427,0.00915698,-1.24997,1.24988,0
1781247139240950,95.8011,0.31749,-0.327222,-4.9978,0.0103109,-0.0103109,-5,0.307179,-0.316911,0.00219727,0.441357,-1.1306,1.14527,0.0100778,-1.25,1.24999,0
1781247139256950,95.8171,0.297976,-0.307486,-4.99765,-0.0146115,0.0146114,-5,0.312587,-0.322097,0.00234985,0.448846,-1.13116,1.14692,0.0104154,-1.24999,1.24998,0
1781247139280950,95.8411,0.268861,-0.27796,-4.99747,-0.0396461,0.0396448,-5,0.308507,-0.317604,0.00253296,0.442782,-1.13118,1.14908,0.0103776,-1.24996,1.24984,0
1781247139296950,95.8571,0.24954,-0.258329,-4.99731,-0.0645587,0.0645534,-5,0.314099,-0.322883,0.00268555,0.450465,-1.13232,1.15036,0.0107247,-1.2499,1.24958,0
1781247139320950,95.8811,0.220693,-0.228951,-4.99713,-0.0897099,0.0896955,-5,0.310402,-0.318647,0.00286865,0.444852,-1.13203,1.15191,0.0106985,-1.2498,1.2492,0
1781247139336950,95.8971,0.201553,-0.209417,-4.99698,-0.114624,0.114594,-5,0.316178,-0.324011,0.00302124,0.452725,-1.13219,1.15318,0.0104973,-1.24967,1.24869,0
1781247139360950,95.9211,0.172981,-0.180201,-4.9968,-0.139641,0.139586,-5,0.312622,-0.319788,0.00320435,0.447221,-1.1318,1.15389,0.00976667,-1.24951,1.24805,0
1781247139376950,95.9371,0.154017,-0.160787,-4.9967,-0.164626,0.164536,-5,0.318642,-0.325323,0.0032959,0.455389,-1.13264,1.15362,0.00929782,-1.24932,1.24729,0
1781247139400950,95.9611,0.125688,-0.131769,-4.99655,-0.189473,0.189337,-5,0.315161,-0.321107,0.00344849,0.449942,-1.13202,1.15397,0.00738575,-1.2491,1.24641,0
1781247139416950,95.9771,0.10687,-0.112458,-4.99646,-0.214602,0.214404,-5,0.321472,-0.326862,0.00354004,0.45847,-1.13264,1.15551,0.00712302,-1.24885,1.24539,0
1781247139432950,95.9931,0.0881127,-0.0931783,-4.99637,-0.239504,0.239229,-5,0.327617,-0.332407,0.00363159,0.466734,-1.13148,1.15503,0.00779691,-1.24857,1.24426,0
1781247139456950,96.0171,0.0600739,-0.0643427,-4.99622,-0.264392,0.264022,-5,0.324466,-0.328365,0.00378418,0.461644,-1.13203,1.15577,0.00832224,-1.24825,1.24301,0
1781247139480950,96.0411,0.0321344,-0.0355798,-4.99606,-0.289454,0.288968,-5,0.321588,-0.324548,0.00393677,0.456909,-1.13217,1.15549,0.00928534,-1.2479,1.24162,0
1781247139496950,96.0571,0.0135613,-0.0164585,-4.99594,-0.314285,0.313663,-5,0.327846,-0.330122,0.00405884,0.465274,-1.13268,1.15484,0.00978596,-1.24753,1.24012,0
1781247139520950,96.0811,-0.0142288,0.0121243,-4.99576,-0.339352,0.33857,-5,0.325123,-0.326445,0.00424194,0.460749,-1.13349,1.15371,0.0096788,-1.24712,1.23848,0
1781247139536950,96.0971,-0.0337537,0.0318907,-4.99564,-0.364273,0.363305,-5,0.330519,-0.331414,0.00436401,0.468078,-1.13377,1.15407,0.00946841,-1.24668,1.23673,0
1781247139560950,96.1211,-0.0643967,0.0625001,-4.99551,-0.389174,0.387993,-5,0.324777,-0.325493,0.00448608,0.459833,-1.13554,1.15333,0.00920197,-1.24621,1.23485,0
1781247139576950,96.1371,-0.0846942,0.0827856,-4.99542,-0.414039,0.412617,-5,0.329345,-0.329832,0.00457764,0.466131,-1.13784,1.15342,0.00888163,-1.24571,1.23286,0
1781247139600950,96.1611,-0.114943,0.113037,-4.99527,-0.438912,0.437218,-5,0.323969,-0.324181,0.00473022,0.458336,-1.13816,1.15414,0.0084867,-1.24517,1.23074,0
1781247139616950,96.1771,-0.134972,0.133093,-4.99521,-0.463807,0.461807,-5,0.328835,-0.328714,0.00479126,0.464981,-1.13876,1.15248,0.00727785,-1.24461,1.22849,0
1781247139640950,96.2011,-0.164825,0.16301,-4.99512,-0.48871,0.48637,-5,0.323886,-0.323361,0.00488281,0.457699,-1.1389,1.15249,0.00751589,-1.24401,1.22612,0
1781247139656950,96.2171,-0.18462,0.182866,-4.99503,-0.513594,0.510877,-5,0.328973,-0.328011,0.00497437,0.464585,-1.13978,1.1526,0.00781583,-1.24339,1.22362,0
1781247139680950,96.2411,-0.214221,0.212486,-4.99496,-0.538407,0.535276,-5,0.324186,-0.32279,0.0050354,0.45751,-1.1437,1.14936,0.00729256,-1.24273,1.22101,0
1781247139696950,96.2571,-0.233886,0.232106,-4.9949,-0.563383,0.559795,-5,0.329497,-0.327689,0.00509644,0.46473,-1.14432,1.14772,0.0072721,-1.24204,1.21826,0
1781247139720950,96.2811,-0.263258,0.261386,-4.99481,-0.588113,0.58403,-5,0.324854,-0.322644,0.00518799,0.457883,-1.14528,1.14638,0.00716045,-1.24132,1.21541,0
1781247139736950,96.2971,-0.282737,0.280803,-4.99478,-0.612923,0.6083,-5,0.330186,-0.327498,0.00521851,0.465086,-1.14581,1.14368,0.00612762,-1.24057,1.21243,0
1781247139760950,96.3211,-0.311855,0.309761,-4.99469,-0.637682,0.632475,-5,0.325827,-0.322714,0.00531006,0.458624,-1.14674,1.14135,0.00697559,-1.23979,1.20934,0
1781247139776950,96.3371,-0.331188,0.328958,-4.99463,-0.662481,0.65664,-5,0.331293,-0.327682,0.00537109,0.466004,-1.14741,1.1383,0.00700066,-1.23898,1.20611,0
1781247139792950,96.3531,-0.350457,0.348066,-4.99457,-0.687272,0.680749,-5,0.336815,-0.332683,0.00543213,0.473447,-1.14748,1.13694,0.00690319,-1.23814,1.20277,0
1781247139816950,96.3771,-0.37922,0.376615,-4.99451,-0.712039,0.704782,-5,0.332819,-0.328166,0.00549316,0.467431,-1.14926,1.13536,0.00537262,-1.23726,1.1993,0
1781247139840950,96.4011,-0.407893,0.40501,-4.99448,-0.736677,0.728637,-5,0.328784,-0.323627,0.00552368,0.461372,-1.15022,1.13147,0.00701243,-1.23636,1.19573,0
1781247139856950,96.4171,-0.426935,0.42383,-4.99442,-0.761409,0.752528,-5,0.334473,-0.328699,0.00558472,0.468984,-1.14963,1.1282,0.00773467,-1.23542,1.19203,0
1781247139880950,96.4411,-0.455406,0.451881,-4.99429,-0.786116,0.776339,-5,0.330709,-0.324458,0.00570679,0.463329,-1.1499,1.12355,0.00872259,-1.23445,1.1882,0
1781247139896950,96.4571,-0.47432,0.470478,-4.9942,-0.810941,0.800204,-5,0.336621,-0.329726,0.00579834,0.471239,-1.14873,1.12116,0.00929833,-1.23345,1.18424,0
1781247139920950,96.4811,-0.502586,0.49822,-4.99405,-0.835454,0.823708,-5,0.332868,-0.325488,0.00595093,0.465595,-1.14755,1.11651,0.00823902,-1.23243,1.1802,0
1781247139936950,96.4971,-0.52326,0.518921,-4.99399,-0.860086,0.847266,-5,0.336826,-0.328345,0.00601196,0.470424,-1.14787,1.1156,0.00940009,-1.23137,1.17603,0
1781247139960950,96.5211,-0.554059,0.549629,-4.99384,-0.88471,0.870751,-5,0.330651,-0.321122,0.00616455,0.460964,-1.14769,1.11069,0.00913847,-1.23028,1.17173,0
1781247139976950,96.5371,-0.574436,0.569871,-4.99377,-0.909307,0.894144,-5,0.334871,-0.324273,0.00622559,0.466187,-1.14801,1.10817,0.00823379,-1.22916,1.16732,0
1781247140000950,96.5611,-0.604789,0.599937,-4.99365,-0.933876,0.917442,-5,0.329087,-0.317506,0.00634766,0.457327,-1.14835,1.10568,0.00840502,-1.228,1.16279,0
1781247140016950,96.5771,-0.62489,0.619808,-4.99356,-0.958501,0.940724,-5,0.33361,-0.320916,0.00643921,0.462952,-1.14852,1.10453,0.00866032,-1.22682,1.15813,0
1781247140040950,96.6011,-0.654829,0.649354,-4.99347,-0.982936,0.963756,-5,0.328107,-0.314401,0.00653076,0.454473,-1.14675,1.10096,0.0065537,-1.22561,1.15338,0
1781247140056950,96.6171,-0.674653,0.668862,-4.99344,-1.00745,0.986789,-5,0.332798,-0.317927,0.00656128,0.460299,-1.14673,1.09739,0.00543385,-1.22436,1.1485,0
1781247140081232,96.6413,-0.704213,0.697846,-4.99338,-1.03193,1.00971,-5,0.327715,-0.311865,0.00662231,0.452439,-1.14553,1.09268,0.00446563,-1.22309,1.14351,0
1781247140097232,96.6573,-0.723778,0.717005,-4.99338,-1.05638,1.03253,-5,0.332599,-0.315526,0.00662231,0.4585,-1.14473,1.08945,0.00367113,-1.22178,1.13841,0
1781247140121232,96.6813,-0.752966,0.745466,-4.99338,-1.08091,1.05535,-5,0.327945,-0.309885,0.00662231,0.451243,-1.14365,1.08293,0.00250165,-1.22044,1.13316,0
1781247140137232,96.6973,-0.772314,0.764258,-4.99341,-1.10516,1.07782,-5,0.332845,-0.313567,0.0065918,0.457333,-1.14267,1.07902,0.00094917,-1.21908,1.12786,0
1781247140161232,96.7213,-0.801188,0.792198,-4.9935,-1.12953,1.10033,-5,0.32834,-0.308131,0.00650024,0.450327,-1.14303,1.07395,-0.00041454,-1.21769,1.12242,0
1781247140177232,96.7373,-0.820367,0.810676,-4.99356,-1.15387,1.12273,-5,0.333508,-0.312052,0.00643921,0.456777,-1.1428,1.07165,-0.0010529,-1.21626,1.11686,0
1781247140193232,96.7533,-0.839455,0.829058,-4.99365,-1.17818,1.145,-5,0.338725,-0.315946,0.00634766,0.463246,-1.14033,1.06955,-0.000793076,-1.2148,1.11119,0
1781247140217232,96.7773,-0.867924,0.856412,-4.99374,-1.20244,1.16715,-5,0.334517,-0.31074,0.0062561,0.456618,-1.13798,1.0642,-0.000517684,-1.21332,1.10541,0
1781247140233232,96.7933,-0.886812,0.874498,-4.9938,-1.22667,1.18918,-5,0.33986,-0.314685,0.00619507,0.463217,-1.13677,1.06042,-7.04376e-05,-1.2118,1.09953,0
1781247140257232,96.8173,-0.915035,0.901386,-4.99387,-1.25091,1.21113,-5,0.335871,-0.30974,0.00613403,0.456931,-1.13584,1.05336,5.40291e-05,-1.21025,1.09352,0
1781247140281232,96.8413,-0.943136,0.927975,-4.99396,-1.2751,1.23294,-5,0.331964,-0.304964,0.00604248,0.450821,-1.13521,1.04645,-0.000397662,-1.20867,1.08741,0
1781247140297232,96.8573,-0.961799,0.945544,-4.99402,-1.29922,1.25459,-5,0.337417,-0.309045,0.00598145,0.457597,-1.13458,1.0411,-0.000874571,-1.20706,1.0812,0
1781247140321232,96.8813,-0.989702,0.971652,-4.99411,-1.32334,1.27615,-5,0.333642,-0.304501,0.00588989,0.451743,-1.13338,1.03451,-0.00104165,-1.20542,1.07488,0
1781247140337232,96.8973,-1.00968,0.991343,-4.99414,-1.34742,1.29757,-5,0.337735,-0.306227,0.00585938,0.455933,-1.13259,1.03059,-0.00115006,-1.20376,1.06845,0
1781247140353232,96.9133,-1.02956,1.0108,-4.99417,-1.37147,1.31887,-5,0.341911,-0.308066,0.00582886,0.460262,-1.13292,1.02597,-0.000954117,-1.20206,1.06191,0
1781247140377232,96.9373,-1.05917,1.03957,-4.9942,-1.39557,1.34011,-5,0.3364,-0.30054,0.00579834,0.451135,-1.13283,1.02008,-0.000467698,-1.20032,1.05524,0
1781247140393232,96.9533,-1.07878,1.0585,-4.9942,-1.41946,1.36105,-5,0.340678,-0.302556,0.00579834,0.45567,-1.13174,1.01616,0.000236013,-1.19857,1.04851,0
1781247140417232,96.9773,-1.108,1.0865,-4.9942,-1.44346,1.382,-5,0.335465,-0.295501,0.00579834,0.447092,-1.13,1.00911,-0.000745712,-1.19678,1.04164,0
1781247140433232,96.9933,-1.12732,1.10493,-4.99417,-1.46747,1.40285,-5,0.340151,-0.29792,0.00582886,0.452209,-1.12744,1.00483,0.000353035,-1.19495,1.03465,0
1781247140457232,97.0173,-1.15611,1.13223,-4.99414,-1.49122,1.42336,-5,0.335116,-0.291126,0.00585938,0.44395,-1.12597,0.999133,2.27935e-05,-1.19311,1.02762,0
1781247140481232,97.0413,-1.18469,1.15913,-4.99417,-1.51505,1.44382,-5,0.330361,-0.284687,0.00582886,0.436141,-1.12461,0.991754,-0.000471775,-1.19123,1.02046,0
1781247140497232,97.0573,-1.20365,1.17685,-4.9942,-1.53895,1.46424,-5,0.335304,-0.287396,0.00579834,0.441655,-1.12488,0.986071,-0.000746741,-1.18932,1.01316,0
1781247140521232,97.0813,-1.23196,1.20307,-4.99423,-1.5627,1.48442,-5,0.330742,-0.281347,0.00576782,0.434257,-1.12283,0.978273,0.0002541,-1.18738,1.0058,0
1781247140537232,97.0973,-1.25074,1.22033,-4.9942,-1.58642,1.50445,-5,0.335677,-0.284121,0.00579834,0.439815,-1.12163,0.972738,0.00153893,-1.18541,0.998328,0
1781247140561232,97.1213,-1.27878,1.2459,-4.99414,-1.61015,1.52438,-5,0.331373,-0.278475,0.00585938,0.432887,-1.12082,0.964336,0.00157973,-1.18341,0.990741,0
1781247140577232,97.1373,-1.29738,1.26273,-4.99411,-1.63366,1.544,-5,0.336277,-0.281273,0.00588989,0.438442,-1.1189,0.958013,0.0012966,-1.1814,0.983115,0
1781247140601232,97.1613,-1.32513,1.28764,-4.99402,-1.65736,1.56366,-5,0.332227,-0.27602,0.00598145,0.43197,-1.1168,0.948617,0.00297966,-1.17933,0.975316,0
1781247140617232,97.1773,-1.34355,1.30404,-4.99402,-1.68083,1.58301,-5,0.337282,-0.278974,0.00598145,0.437745,-1.11658,0.942869,0.00393035,-1.17725,0.96748,0
1781247140641232,97.2013,-1.37107,1.32831,-4.99396,-1.7044,1.60232,-5,0.333328,-0.274005,0.00604248,0.431535,-1.11507,0.933199,0.00388692,-1.17513,0.959502,0
1781247140657232,97.2173,-1.38935,1.34429,-4.99393,-1.7278,1.62136,-5,0.338451,-0.277067,0.006073,0.437438,-1.11374,0.927304,0.00412574,-1.173,0.951471,0
1781247140681232,97.2413,-1.41665,1.36798,-4.99387,-1.75137,1.64042,-5,0.334722,-0.272435,0.00613403,0.431621,-1.11107,0.917895,0.0040146,-1.17081,0.943269,0
1781247140697232,97.2573,-1.43477,1.38358,-4.99384,-1.77475,1.65918,-5,0.339976,-0.275607,0.00616455,0.4377,-1.1088,0.91157,0.0045585,-1.16861,0.935028,0
1781247140721232,97.2813,-1.46183,1.40665,-4.9938,-1.79809,1.6778,-5,0.336266,-0.271145,0.00619507,0.432011,-1.10677,0.900314,0.0029463,-1.16637,0.926687,0
1781247140737232,97.2973,-1.48058,1.42311,-4.99387,-1.82132,1.69619,-5,0.340743,-0.273083,0.00613403,0.436712,-1.1058,0.894908,0.00168836,-1.16412,0.918279,0
1781247140761232,97.3213,-1.50966,1.44927,-4.99405,-1.84464,1.71451,-5,0.334983,-0.265243,0.00595093,0.427321,-1.1036,0.887236,0.00197543,-1.16182,0.909731,0
1781247140777232,97.3373,-1.52888,1.4664,-4.99417,-1.86777,1.73256,-5,0.338882,-0.266154,0.00582886,0.430944,-1.10265,0.881251,0.00160423,-1.15951,0.901145,0
1781247140801232,97.3613,-1.5575,1.49165,-4.99432,-1.89096,1.75052,-5,0.33346,-0.258871,0.00567627,0.422187,-1.1007,0.873526,0.00278334,-1.15716,0.892425,0
1781247140817232,97.3773,-1.57645,1.50817,-4.99442,-1.9142,1.76836,-5,0.337748,-0.260194,0.00558472,0.426387,-1.10073,0.867055,0.00381517,-1.15477,0.883585,0
1781247140841232,97.4013,-1.60469,1.53254,-4.99457,-1.93714,1.78585,-5,0.332454,-0.253314,0.00543213,0.417999,-1.09903,0.858573,0.00306979,-1.15237,0.874747,0
1781247140857232,97.4173,-1.6234,1.54852,-4.99463,-1.96011,1.80322,-5,0.336713,-0.254694,0.00537109,0.422225,-1.09848,0.853982,0.00331457,-1.14994,0.865796,0
1781247140881232,97.4413,-1.65131,1.57212,-4.99475,-1.9831,1.82045,-5,0.331795,-0.248339,0.00524902,0.414473,-1.09586,0.844356,0.00297502,-1.14748,0.85673,0
1781247140897232,97.4573,-1.66979,1.58758,-4.99484,-2.00607,1.83753,-5,0.33628,-0.24995,0.00515747,0.41903,-1.09408,0.83789,0.00208819,-1.14498,0.84757,0
1781247140921232,97.4813,-1.69735,1.61036,-4.99506,-2.02901,1.85444,-5,0.331663,-0.244074,0.00494385,0.411822,-1.09162,0.827223,0.000102314,-1.14245,0.838311,0
1781247140937232,97.4973,-1.71561,1.62529,-4.99521,-2.0518,1.87109,-5,0.336198,-0.245797,0.00479126,0.416495,-1.08942,0.819358,0.000114254,-1.1399,0.82901,0
1781247140961232,97.5213,-1.74284,1.64729,-4.99542,-2.07444,1.88748,-5,0.331604,-0.240183,0.00457764,0.409475,-1.08783,0.809503,0.00010195,-1.13734,0.819669,0
1781247140977232,97.5373,-1.7609,1.66173,-4.99551,-2.09721,1.90381,-5,0.336308,-0.242076,0.00448608,0.414395,-1.08616,0.803697,0.000741896,-1.13473,0.810172,0
1781247141001232,97.5613,-1.78783,1.68306,-4.99564,-2.11994,1.91996,-5,0.332108,-0.236904,0.00436401,0.407968,-1.08285,0.794699,0.000454592,-1.13208,0.800585,0
1781247141017232,97.5773,-1.8057,1.69705,-4.99573,-2.14258,1.93589,-5,0.336883,-0.238841,0.00427246,0.412981,-1.08114,0.787629,0.000884695,-1.12942,0.790936,0
1781247141041232,97.6013,-1.83235,1.71769,-4.99585,-2.16499,1.95151,-5,0.33264,-0.233817,0.00415039,0.406616,-1.07811,0.777652,0.00024537,-1.12674,0.781283,0
1781247141057232,97.6173,-1.85002,1.73123,-4.99594,-2.1875,1.96704,-5,0.337486,-0.235819,0.00405884,0.411733,-1.07569,0.769552,0.000822316,-1.12402,0.771482,0
1781247141081515,97.6416,-1.87638,1.75119,-4.99603,-2.20998,1.98239,-5,0.333594,-0.231192,0.00396729,0.405895,-1.0725,0.759309,0.00165024,-1.12127,0.761601,0
1781247141097515,97.6576,-1.89387,1.76428,-4.99606,-2.23237,1.99752,-5,0.338498,-0.233237,0.00393677,0.411091,-1.07117,0.751628,0.00120083,-1.1185,0.751654,0
1781247141121515,97.6816,-1.92,1.78357,-4.99615,-2.25471,2.01245,-5,0.334712,-0.228878,0.00384521,0.405502,-1.06903,0.739735,0.00191356,-1.11569,0.741628,0
1781247141137515,97.6976,-1.93816,1.79746,-4.99628,-2.27694,2.02714,-5,0.338782,-0.229686,0.00372314,0.40932,-1.06763,0.732027,0.00223165,-1.11287,0.731555,0
1781247141161515,97.7216,-1.96639,1.81971,-4.99649,-2.29929,2.04175,-5,0.332896,-0.222042,0.00350952,0.400168,-1.06536,0.722795,0.00121609,-1.10999,0.721327,0
1781247141177515,97.7376,-1.98505,1.83421,-4.99661,-2.32148,2.05609,-5,0.336428,-0.221881,0.00338745,0.403022,-1.06421,0.716255,0.0012158,-1.1071,0.711073,0
1781247141201515,97.7616,-2.01281,1.85547,-4.9968,-2.3436,2.07021,-5,0.330798,-0.214743,0.00320435,0.394401,-1.062,0.706596,0.000397431,-1.10418,0.700752,0
1781247141217515,97.7776,-2.03118,1.86934,-4.99689,-2.36567,2.08413,-5,0.334496,-0.214798,0.00311279,0.397537,-1.06129,0.699399,0.00112599,-1.10124,0.690359,0
1781247141233515,97.7936,-2.04943,1.88295,-4.99698,-2.38748,2.09772,-5,0.338046,-0.214769,0.00302124,0.400513,-1.05848,0.692016,0.000956403,-1.09829,0.679995,0
1781247141257515,97.8176,-2.07659,1.90291,-4.99716,-2.40948,2.11126,-5,0.332893,-0.208343,0.00283813,0.392725,-1.05556,0.681398,0.000732211,-1.09529,0.66944,0
1781247141281515,97.8416,-2.1035,1.92236,-4.99731,-2.4314,2.12457,-5,0.327907,-0.202209,0.00268555,0.385252,-1.05261,0.670428,0.00129927,-1.09225,0.658827,0
1781247141297515,97.8576,-2.12132,1.93503,-4.99744,-2.45321,2.13763,-5,0.331894,-0.202605,0.00256348,0.388856,-1.05022,0.66283,0.00153289,-1.0892,0.648175,0
1781247141321515,97.8816,-2.14787,1.95361,-4.99759,-2.47498,2.1505,-5,0.327111,-0.196891,0.00241089,0.381803,-1.04843,0.650178,0.0003018,-1.08612,0.637448,0
1781247141337515,97.8976,-2.16547,1.9657,-4.99768,-2.49653,2.16306,-5,0.331069,-0.197359,0.00231934,0.385438,-1.04538,0.642684,-0.00113969,-1.08303,0.626731,0
1781247141361515,97.9216,-2.19167,1.98346,-4.99786,-2.51817,2.17549,-5,0.326503,-0.192036,0.00213623,0.378796,-1.04223,0.631247,-0.000711398,-1.0799,0.61588,0
1781247141377515,97.9376,-2.20902,1.99502,-4.99796,-2.53976,2.18771,-5,0.330743,-0.192696,0.00204468,0.382789,-1.0391,0.623304,-0.000838617,-1.07673,0.604961,0
1781247141401515,97.9616,-2.23485,2.01199,-4.99811,-2.56136,2.19976,-5,0.326507,-0.187771,0.00189209,0.376654,-1.03692,0.612117,-0.000476334,-1.07353,0.593943,0
1781247141417515,97.9776,-2.25199,2.02304,-4.99823,-2.5827,2.21147,-5,0.330711,-0.188433,0.00177002,0.380631,-1.03494,0.603746,-0.000294675,-1.07033,0.582964,0
1781247141441515,98.0016,-2.27754,2.03924,-4.99841,-2.60402,2.22299,-5,0.326482,-0.183745,0.00158691,0.37464,-1.03104,0.592273,-0.00120992,-1.0671,0.571909,0
1781247141457515,98.0176,-2.29446,2.04981,-4.99854,-2.62534,2.23432,-5,0.330877,-0.184518,0.00146484,0.378852,-1.02869,0.584111,-0.000398681,-1.06383,0.560758,0
1781247141481515,98.0416,-2.31971,2.06524,-4.99872,-2.64662,2.24544,-5,0.326904,-0.1802,0.00128174,0.373282,-1.02449,0.570473,7.01106e-05,-1.06053,0.549542,0
1781247141497515,98.0576,-2.33644,2.07528,-4.99881,-2.66779,2.25632,-5,0.331355,-0.181036,0.00119019,0.377586,-1.02155,0.562127,0.000473239,-1.0572,0.53829,0
1781247141521515,98.0816,-2.36138,2.08997,-4.99899,-2.68885,2.26695,-5,0.327474,-0.176976,0.00100708,0.372237,-1.0186,0.54882,-0.000690892,-1.05386,0.527006,0
1781247141537515,98.0976,-2.37966,2.10208,-4.99921,-2.7099,2.27738,-5,0.330244,-0.175298,0.000793457,0.373887,-1.01759,0.541047,-0.000400066,-1.05049,0.515644,0
1781247141561515,98.1216,-2.40679,2.11971,-4.99951,-2.73089,2.28758,-5,0.324095,-0.167875,0.000488281,0.364993,-1.01336,0.531596,0.000258686,-1.04709,0.504226,0
1781247141577515,98.1376,-2.42468,2.13113,-4.99966,-2.75179,2.29755,-5,0.327109,-0.166421,0.000335693,0.36701,-1.01037,0.526331,0.00142747,-1.04366,0.492764,0
1781247141601515,98.1616,-2.45125,2.14778,-4.99988,-2.77263,2.30729,-5,0.321386,-0.159513,0.00012207,0.358794,-1.00618,0.514673,0.00120634,-1.04021,0.481251,0
1781247141617515,98.1776,-2.46879,2.15855,-5.00003,-2.79342,2.31681,-5,0.324631,-0.158255,-3.05176e-05,0.361151,-1.00434,0.508785,0.00052336,-1.03673,0.469679,0
1781247141641515,98.2016,-2.49489,2.17424,-5.00024,-2.81418,2.32611,-5,0.319294,-0.151872,-0.000244141,0.353573,-1.00163,0.49596,0.00111959,-1.03321,0.458038,0
1781247141657515,98.2176,-2.51214,2.18438,-5.00037,-2.8347,2.33511,-5,0.322557,-0.150729,-0.000366211,0.356037,-0.999635,0.488604,3.20301e-05,-1.0297,0.446447,0
1781247141681515,98.2416,-2.53785,2.19912,-5.00055,-2.85526,2.34392,-5,0.317416,-0.1448,-0.000549316,0.348884,-0.997846,0.475101,0.000383201,-1.02614,0.434748,0
1781247141697515,98.2576,-2.55486,2.20865,-5.00064,-2.87575,2.3525,-5,0.320886,-0.143855,-0.000640869,0.351657,-0.996183,0.467751,0.000765302,-1.02256,0.423006,0
1781247141721515,98.2816,-2.58019,2.22249,-5.00076,-2.89616,2.36084,-5,0.315968,-0.138351,-0.000762939,0.344931,-0.992334,0.454335,-0.00107035,-1.01895,0.411229,0
1781247141737515,98.2976,-2.59694,2.23141,-5.00085,-2.91648,2.36894,-5,0.31954,-0.137533,-0.000854492,0.347882,-0.990256,0.444539,-0.000152652,-1.01532,0.399412,0
1781247141761515,98.3216,-2.62195,2.24431,-5.00098,-2.93676,2.37681,-5,0.314809,-0.132498,-0.000976562,0.341557,-0.989216,0.430256,0.000760828,-1.01167,0.387546,0
1781247141777515,98.3376,-2.63854,2.25262,-5.00104,-2.95698,2.38445,-5,0.318449,-0.131839,-0.0010376,0.344662,-0.988658,0.420804,0.00108175,-1.00798,0.375625,0
1781247141801515,98.3616,-2.66326,2.26465,-5.0011,-2.97711,2.39185,-5,0.313851,-0.127202,-0.00109863,0.33865,-0.9852,0.407402,0.00119656,-1.00427,0.363682,0
1781247141817515,98.3776,-2.67964,2.27238,-5.00116,-2.99715,2.399,-5,0.317509,-0.126619,-0.00115967,0.341827,-0.983349,0.398194,0.00129691,-1.00053,0.351708,0
1781247141841515,98.4016,-2.70406,2.28359,-5.00122,-3.0171,2.40591,-5,0.313044,-0.122315,-0.0012207,0.336093,-0.979665,0.385596,0.00208165,-0.996779,0.339709,0
1781247141857515,98.4176,-2.72025,2.2908,-5.00125,-3.03708,2.41261,-5,0.316826,-0.121808,-0.00125122,0.339437,-0.979431,0.37593,0.00165488,-0.99298,0.327615,0
1781247141881515,98.4416,-2.74442,2.3012,-5.00128,-3.05686,2.41903,-5,0.312437,-0.117828,-0.00128174,0.333919,-0.975435,0.361784,0.00328121,-0.98918,0.315562,0
1781247141897515,98.4576,-2.76044,2.30787,-5.00131,-3.0766,2.42521,-5,0.316161,-0.117348,-0.00131226,0.337239,-0.974121,0.351762,0.00203919,-0.985346,0.303452,0
1781247141921515,98.4816,-2.78432,2.31745,-5.00134,-3.09623,2.43115,-5,0.311909,-0.113703,-0.00134277,0.33199,-0.969724,0.336564,0.00246392,-0.981496,0.291334,0
1781247141937515,98.4976,-2.80136,2.32626,-5.00131,-3.11585,2.43686,-5,0.314491,-0.110609,-0.00131226,0.333377,-0.968361,0.328094,0.00161204,-0.977608,0.279147,0
1781247141961515,98.5216,-2.82669,2.33886,-5.00128,-3.13536,2.44233,-5,0.308674,-0.103465,-0.00128174,0.325555,-0.965614,0.315082,0.00111825,-0.973701,0.26695,0
1781247141977515,98.5376,-2.84341,2.34687,-5.00131,-3.15481,2.44755,-5,0.311406,-0.100674,-0.00131226,0.327277,-0.963834,0.306866,0.00187386,-0.969767,0.254717,0
1781247142001515,98.5616,-2.86826,2.35832,-5.00128,-3.17416,2.45252,-5,0.305898,-0.0941956,-0.00128174,0.320075,-0.960079,0.292714,0.00327083,-0.965813,0.24247,0
1781247142017515,98.5776,-2.88468,2.36558,-5.00128,-3.19334,2.45722,-5,0.30866,-0.0916426,-0.00128174,0.321979,-0.957371,0.283531,0.00305408,-0.961852,0.230256,0
1781247142033515,98.5936,-2.90099,2.37256,-5.00128,-3.21261,2.46172,-5,0.311615,-0.0891623,-0.00128174,0.324122,-0.954327,0.274599,0.00404855,-0.957834,0.217914,0
1781247142057515,98.6176,-2.92526,2.38251,-5.00128,-3.23174,2.46596,-5,0.306479,-0.0834484,-0.00128174,0.317639,-0.950994,0.261621,0.00462638,-0.953803,0.205584,0
1781247142081515,98.6416,-2.94931,2.39185,-5.00128,-3.25077,2.46994,-5,0.301466,-0.0780928,-0.00128174,0.31142,-0.947156,0.246571,0.00424708,-0.949753,0.193248,0
1781247142097802,98.6579,-2.96521,2.39774,-5.00125,-3.26974,2.47369,-5,0.30453,-0.0759459,-0.00125122,0.31386,-0.944661,0.236931,0.00596484,-0.945675,0.180882,0
1781247142121802,98.6819,-2.98888,2.40611,-5.00119,-3.2886,2.47718,-5,0.299724,-0.0710726,-0.00119019,0.308038,-0.941706,0.223678,0.00593566,-0.941577,0.168508,0
1781247142137802,98.6979,-3.00456,2.41138,-5.00116,-3.30739,2.48042,-5,0.302828,-0.0690463,-0.00115967,0.310602,-0.939302,0.214355,0.00558624,-0.937457,0.15612,0
1781247142161802,98.7219,-3.02792,2.41882,-5.00113,-3.32611,2.48343,-5,0.298192,-0.0646052,-0.00112915,0.305112,-0.935827,0.200568,0.00481062,-0.933308,0.143701,0
1781247142177802,98.7379,-3.04337,2.42348,-5.0011,-3.34475,2.48618,-5,0.301384,-0.0626972,-0.00109863,0.307838,-0.931554,0.190739,0.00579356,-0.929134,0.131265,0
1781247142201802,98.7619,-3.06635,2.43001,-5.00104,-3.36329,2.48868,-5,0.296938,-0.0586655,-0.0010376,0.302679,-0.926519,0.175852,0.00527989,-0.924941,0.118826,0
1781247142217802,98.7779,-3.08157,2.43407,-5.00104,-3.38169,2.49092,-5,0.300126,-0.0568564,-0.0010376,0.305466,-0.922487,0.165481,0.00515493,-0.920739,0.106416,0
1781247142233802,98.7939,-3.09669,2.43787,-5.00101,-3.40004,2.49293,-5,0.303355,-0.0550511,-0.00100708,0.308311,-0.920485,0.155156,0.00421962,-0.916505,0.0939706,0
1781247142257802,98.8179,-3.1192,2.44314,-5.00101,-3.41835,2.49468,-5,0.299151,-0.0515409,-0.00100708,0.30356,-0.915885,0.139463,0.00431223,-0.912239,0.0814894,0
1781247142281802,98.8419,-3.14154,2.44789,-5.00098,-3.43656,2.49619,-5,0.295021,-0.0482984,-0.000976562,0.29895,-0.911832,0.124119,0.00433942,-0.907953,0.0690055,0
1781247142297802,98.8579,-3.15633,2.45077,-5.00098,-3.45467,2.49744,-5,0.298348,-0.0466702,-0.000976562,0.301978,-0.907905,0.114339,0.00541094,-0.903646,0.0565226,0
1781247142321802,98.8819,-3.17834,2.45468,-5.00095,-3.47263,2.49844,-5,0.294292,-0.0437598,-0.000946045,0.297529,-0.901421,0.0982835,0.0046702,-0.899335,0.0440853,0
1781247142337802,98.8979,-3.19441,2.45932,-5.0011,-3.49052,2.4992,-5,0.296112,-0.0398848,-0.00109863,0.298788,-0.897956,0.0880163,0.00382058,-0.894994,0.0316242,0
1781247142361802,98.9219,-3.21823,2.46566,-5.00134,-3.50839,2.49971,-5,0.290159,-0.0340521,-0.00134277,0.292153,-0.893065,0.0740026,0.00206116,-0.890617,0.0191182,0
1781247142377802,98.9379,-3.23393,2.4695,-5.00153,-3.52615,2.49996,-5,0.292218,-0.0304658,-0.00152588,0.293806,-0.889538,0.0648586,0.00141747,-0.886224,0.00662974,0
1781247142393802,98.9539,-3.24949,2.47304,-5.00171,-3.54381,2.49997,-5,0.294322,-0.0269287,-0.00170898,0.295556,-0.886687,0.0552993,9.2871e-05,-0.881809,-0.00585942,0
1781247142417802,98.9779,-3.2726,2.47784,-5.00201,-3.56142,2.49973,-5,0.288819,-0.0218897,-0.00201416,0.289654,-0.883332,0.041855,-0.00124963,-0.877363,-0.0183738,0
1781247142441802,99.0019,-3.29544,2.48202,-5.00232,-3.57891,2.49924,-5,0.283463,-0.0172184,-0.00231934,0.283995,-0.878636,0.0281236,-0.00227597,-0.872906,-0.0308567,0
1781247142457802,99.0179,-3.31053,2.48447,-5.00253,-3.59632,2.4985,-5,0.285789,-0.014025,-0.00253296,0.286144,-0.876033,0.0190834,-0.00334011,-0.868422,-0.0433484,0
1781247142481802,99.0419,-3.33295,2.48767,-5.00287,-3.61364,2.4975,-5,0.280686,-0.00983143,-0.00286865,0.280873,-0.871917,0.00518724,-0.00431411,-0.863916,-0.0558399,0
1781247142497802,99.0579,-3.34776,2.48949,-5.00311,-3.6309,2.49626,-5,0.28314,-0.00677061,-0.00311279,0.283238,-0.868696,-0.00364189,-0.00554446,-0.85938,-0.0683462,0
1781247142521802,99.0819,-3.36978,2.49177,-5.00345,-3.64802,2.49477,-5,0.278247,-0.00300217,-0.00344849,0.278285,-0.863453,-0.0172607,-0.00444671,-0.854837,-0.0808066,0
1781247142537802,99.0979,-3.38431,2.49298,-5.00366,-3.66508,2.49303,-5,0.280774,-4.95911e-05,-0.00366211,0.280798,-0.860225,-0.0270338,-0.00389482,-0.850264,-0.0932804,0
1781247142561802,99.1219,-3.40588,2.49438,-5.004,-3.6821,2.49103,-5,0.276225,0.00334525,-0.0039978,0.276274,-0.855182,-0.0393534,-0.00348825,-0.845654,-0.10579,0
1781247142577802,99.1379,-3.42014,2.49502,-5.00418,-3.69897,2.48879,-5,0.278836,0.00623274,-0.00418091,0.278937,-0.850981,-0.0494497,-0.00267526,-0.841041,-0.11824,0
1781247142601802,99.1619,-3.4413,2.49554,-5.00449,-3.71579,2.48629,-5,0.274486,0.00924802,-0.00448608,0.274679,-0.845193,-0.0645025,-0.00324742,-0.836395,-0.130709,0
1781247142617802,99.1779,-3.45529,2.4956,-5.00467,-3.73234,2.48358,-5,0.27705,0.0120239,-0.00466919,0.27735,-0.841484,-0.0739933,-0.00368542,-0.831777,-0.143036,0
1781247142641802,99.2019,-3.4761,2.49525,-5.00494,-3.74892,2.4806,-5,0.272816,0.0146558,-0.00494385,0.273254,-0.836892,-0.0894528,-0.0030076,-0.827104,-0.155437,0
1781247142657802,99.2179,-3.48985,2.49474,-5.0051,-3.76542,2.47736,-5,0.275569,0.0173783,-0.00509644,0.276164,-0.832269,-0.0990856,-0.00156706,-0.822404,-0.167842,0
1781247142673802,99.2339,-3.5035,2.49401,-5.00522,-3.7818,2.47389,-5,0.2783,0.0201256,-0.00521851,0.279075,-0.827896,-0.10825,-0.000744787,-0.817695,-0.1802,0
1781247142697802,99.2579,-3.52377,2.49254,-5.0054,-3.79812,2.47015,-5,0.27435,0.0223911,-0.00540161,0.275315,-0.823136,-0.121911,-0.000147625,-0.812952,-0.192575,0
1781247142713802,99.2739,-3.53718,2.49131,-5.00552,-3.81433,2.46618,-5,0.277154,0.0251284,-0.00552368,0.278346,-0.818494,-0.132476,0.000284011,-0.808194,-0.204915,0
1781247142737802,99.2979,-3.55836,2.49104,-5.0058,-3.83049,2.46195,-5,0.272135,0.0290899,-0.00579834,0.273746,-0.813295,-0.147087,0.000852813,-0.803405,-0.217266,0
1781247142761802,99.3219,-3.57988,2.4911,-5.00607,-3.84646,2.45749,-5,0.266587,0.033612,-0.006073,0.268766,-0.809105,-0.162152,0.00205986,-0.79862,-0.229529,0
1781247142777802,99.3379,-3.59406,2.49079,-5.00623,-3.86238,2.45278,-5,0.268321,0.0380051,-0.00622559,0.27107,-0.806243,-0.171066,0.0033164,-0.793805,-0.241799,0
1781247142801802,99.3619,-3.6151,2.48981,-5.00641,-3.8782,2.44782,-5,0.263098,0.0419819,-0.00640869,0.266504,-0.80209,-0.184486,0.00329402,-0.788969,-0.254046,0
1781247142817802,99.3779,-3.62899,2.48881,-5.00653,-3.89393,2.44262,-5,0.264945,0.0461879,-0.00653076,0.26902,-0.799204,-0.194197,0.00324745,-0.784112,-0.266269,0
1781247142841802,99.4019,-3.64959,2.48685,-5.00668,-3.90954,2.43718,-5,0.259955,0.049664,-0.00668335,0.264741,-0.792771,-0.206535,0.00441214,-0.779242,-0.27845,0
1781247142857802,99.4179,-3.66316,2.48524,-5.00681,-3.92509,2.43149,-5,0.261936,0.0537527,-0.00680542,0.267481,-0.788729,-0.214879,0.0028253,-0.77434,-0.290636,0
1781247142881802,99.4419,-3.68331,2.48238,-5.00696,-3.94053,2.42555,-5,0.257217,0.0568287,-0.00695801,0.263512,-0.784273,-0.228676,0.00286173,-0.769425,-0.302776,0
1781247142897802,99.4579,-3.69661,2.48019,-5.00705,-3.95586,2.41938,-5,0.259256,0.0608101,-0.00704956,0.266385,-0.780913,-0.236617,0.00389512,-0.764491,-0.314885,0
1781247142921802,99.4819,-3.71633,2.47645,-5.00717,-3.97111,2.41296,-5,0.254775,0.0634942,-0.00717163,0.262666,-0.773901,-0.252695,0.00423092,-0.759536,-0.326968,0
1781247142937802,99.4979,-3.72933,2.47365,-5.00723,-3.98622,2.40631,-5,0.256892,0.0673401,-0.00723267,0.26567,-0.770133,-0.26201,0.00559809,-0.75457,-0.338999,0
1781247142961802,99.5219,-3.74864,2.46901,-5.00732,-4.00136,2.39936,-5,0.252725,0.0696449,-0.00732422,0.262248,-0.764967,-0.277232,0.0056412,-0.749545,-0.351092,0
1781247142977802,99.5379,-3.76139,2.46563,-5.00735,-4.0163,2.39222,-5,0.254912,0.0734046,-0.00735474,0.265372,-0.761275,-0.287611,0.00691631,-0.744534,-0.363069,0
1781247143001802,99.5619,-3.78034,2.46013,-5.00739,-4.03114,2.38484,-5,0.250804,0.0752845,-0.00738525,0.261963,-0.756401,-0.303135,0.00663346,-0.739505,-0.375011,0
1781247143017802,99.5779,-3.79286,2.45617,-5.00742,-4.04579,2.37727,-5,0.252933,0.0789022,-0.00741577,0.265058,-0.752233,-0.312367,0.00614342,-0.73449,-0.38684,0
1781247143041802,99.6019,-3.81144,2.44986,-5.00739,-4.06041,2.36942,-5,0.248975,0.0804336,-0.00738525,0.261749,-0.746776,-0.32628,0.00730778,-0.729429,-0.398694,0
1781247143057802,99.6179,-3.82369,2.44537,-5.00739,-4.07495,2.36133,-5,0.251254,0.0840402,-0.00738525,0.265039,-0.742534,-0.336883,0.00684255,-0.724345,-0.410518,0
1781247143081802,99.6419,-3.84191,2.43825,-5.00732,-4.0894,2.353,-5,0.247488,0.0852549,-0.00732422,0.261864,-0.737143,-0.351231,0.00931255,-0.719237,-0.422317,0
1781247143098093,99.6582,-3.85395,2.43325,-5.00726,-4.10373,2.34443,-5,0.249782,0.0888155,-0.00726318,0.265201,-0.734125,-0.360968,0.00913913,-0.714116,-0.43406,0
1781247143122093,99.6822,-3.87186,2.42539,-5.00717,-4.11804,2.33559,-5,0.246179,0.0898027,-0.00717163,0.262145,-0.728096,-0.373504,0.0103093,-0.708949,-0.445826,0
1781247143138093,99.6982,-3.88472,2.42225,-5.00708,-4.13213,2.32657,-5,0.247415,0.0956719,-0.00708008,0.265362,-0.725425,-0.382325,0.010401,-0.703806,-0.457452,0
1781247143154093,99.7142,-3.89745,2.41881,-5.00699,-4.14617,2.3173,-5,0.248724,0.101506,-0.00698853,0.268731,-0.722017,-0.390805,0.0112216,-0.698626,-0.469074,0
1781247143178093,99.7382,-3.91632,2.41313,-5.00681,-4.16011,2.30779,-5,0.243793,0.10534,-0.00680542,0.265665,-0.717601,-0.402661,0.0113913,-0.693429,-0.480651,0
1781247143202093,99.7622,-3.93491,2.40687,-5.00662,-4.17391,2.29808,-5,0.238994,0.108793,-0.00662231,0.262675,-0.713033,-0.414048,0.0123794,-0.688227,-0.49215,0
1781247143218093,99.7782,-3.94717,2.40237,-5.00647,-4.1876,2.28813,-5,0.240426,0.114241,-0.00646973,0.266266,-0.709445,-0.422493,0.0122667,-0.683008,-0.503599,0
1781247143234093,99.7942,-3.95932,2.39762,-5.00635,-4.2012,2.27795,-5,0.241878,0.119668,-0.00634766,0.269936,-0.705627,-0.431547,0.0124616,-0.677769,-0.515008,0
1781247143258093,99.8182,-3.97732,2.39002,-5.00613,-4.21475,2.2675,-5,0.237435,0.122522,-0.00613403,0.267253,-0.699598,-0.444216,0.0113397,-0.672489,-0.526414,0
1781247143282093,99.8422,-3.99509,2.38187,-5.00595,-4.22813,2.25688,-5,0.233042,0.124995,-0.00595093,0.264514,-0.693192,-0.456597,0.0118482,-0.667221,-0.537706,0
1781247143298093,99.8582,-4.00678,2.37616,-5.00583,-4.24134,2.24608,-5,0.234554,0.130087,-0.00582886,0.268277,-0.689313,-0.464543,0.0119375,-0.66196,-0.548895,0
1781247143322093,99.8822,-4.02411,2.36716,-5.00565,-4.25453,2.23498,-5,0.230419,0.132182,-0.00564575,0.265701,-0.681647,-0.47791,0.00990723,-0.656648,-0.560102,0
1781247143338093,99.8982,-4.03551,2.36087,-5.00558,-4.26765,2.22363,-5,0.23214,0.137236,-0.00558472,0.269729,-0.676969,-0.487426,0.00870544,-0.651306,-0.571281,0
1781247143362093,99.9222,-4.05242,2.351,-5.00543,-4.28057,2.21214,-5,0.228148,0.138861,-0.00543213,0.267139,-0.672606,-0.501245,0.010146,-0.645983,-0.58233,0
1781247143378093,99.9382,-4.06358,2.34416,-5.00534,-4.29344,2.20038,-5,0.229861,0.143774,-0.00534058,0.271174,-0.667085,-0.509218,0.00993396,-0.640623,-0.593363,0
1781247143402093,99.9622,-4.08009,2.33349,-5.00522,-4.30619,2.18841,-5,0.226096,0.145077,-0.00521851,0.26869,-0.660645,-0.522181,0.00993938,-0.635252,-0.604327,0
1781247143418093,99.9782,-4.09097,2.32611,-5.00513,-4.31884,2.17622,-5,0.227869,0.149888,-0.00512695,0.272794,-0.65599,-0.531512,0.00958729,-0.629863,-0.615236,0
1781247143442093,100.002,-4.10708,2.31465,-5.005,-4.33143,2.16375,-5,0.224354,0.150899,-0.00500488,0.270426,-0.648451,-0.544072,0.00802813,-0.624433,-0.626133,0
1781247143458093,100.018,-4.11769,2.30678,-5.00491,-4.34385,2.15114,-5,0.226165,0.155635,-0.00491333,0.274585,-0.643341,-0.552263,0.00944308,-0.619019,-0.636906,0
1781247143482093,100.042,-4.13341,2.29459,-5.00479,-4.35619,2.13828,-5,0.222781,0.156313,-0.00479126,0.272192,-0.63759,-0.564672,0.00982093,-0.613575,-0.647642,0
1781247143498093,100.058,-4.14379,2.28625,-5.0047,-4.36841,2.12522,-5,0.224621,0.161031,-0.00469971,0.27642,-0.634531,-0.572557,0.0101933,-0.60812,-0.658305,0
1781247143522093,100.082,-4.15921,2.2734,-5.00455,-4.3805,2.11197,-5,0.221287,0.161424,-0.00454712,0.273946,-0.627857,-0.583786,0.0111757,-0.602664,-0.668874,0
1781247143538093,100.098,-4.17028,2.26615,-5.00433,-4.39249,2.0985,-5,0.222202,0.167648,-0.0043335,0.278385,-0.624278,-0.592909,0.010896,-0.597184,-0.679394,0
1781247143562093,100.122,-4.18668,2.2548,-5.00403,-4.40438,2.08481,-5,0.217695,0.169995,-0.00402832,0.276234,-0.619048,-0.603341,0.010005,-0.591686,-0.689852,0
1781247143578093,100.138,-4.19746,2.24695,-5.00388,-4.41617,2.07089,-5,0.218702,0.176064,-0.00387573,0.280792,-0.615864,-0.610713,0.00956551,-0.586168,-0.700252,0
1781247143602093,100.162,-4.2134,2.23476,-5.00363,-4.42784,2.05677,-5,0.214439,0.177989,-0.00363159,0.278707,-0.6097,-0.621818,0.00931394,-0.580636,-0.710579,0
1781247143618093,100.178,-4.22389,2.22636,-5.00348,-4.43938,2.04248,-5,0.215495,0.183881,-0.003479,0.283306,-0.605431,-0.629591,0.00884355,-0.575103,-0.72081,0
1781247143634093,100.194,-4.23425,2.21775,-5.0033,-4.45082,2.02797,-5,0.216566,0.189779,-0.0032959,0.287971,-0.601739,-0.637103,0.0098503,-0.569551,-0.730979,0
1781247143658093,100.218,-4.2496,2.20444,-5.00302,-4.4622,2.0132,-5,0.212596,0.191243,-0.00302124,0.285972,-0.595682,-0.648211,0.011245,-0.563959,-0.741121,0
1781247143682093,100.242,-4.26467,2.19066,-5.00275,-4.47343,1.99826,-5,0.208757,0.192394,-0.00274658,0.283906,-0.587892,-0.661778,0.0116067,-0.55837,-0.751156,0
1781247143698093,100.258,-4.27456,2.18121,-5.00256,-4.48449,1.98321,-5,0.209928,0.197998,-0.00256348,0.288582,-0.583163,-0.669432,0.0107382,-0.552796,-0.761066,0
1781247143722093,100.282,-4.28921,2.16667,-5.00232,-4.49548,1.9679,-5,0.206267,0.19877,-0.00231934,0.286463,-0.578248,-0.680868,0.0107375,-0.547189,-0.770935,0
1781247143738093,100.298,-4.29887,2.15675,-5.00217,-4.50634,1.95242,-5,0.207479,0.204329,-0.00216675,0.291209,-0.574464,-0.688147,0.0104305,-0.541575,-0.780714,0
1781247143762093,100.322,-4.31314,2.14153,-5.00192,-4.51711,1.93672,-5,0.203964,0.204803,-0.00192261,0.289049,-0.567674,-0.699228,0.011519,-0.535941,-0.790427,0
1781247143778093,100.338,-4.32254,2.13116,-5.00174,-4.52775,1.92085,-5,0.205215,0.210317,-0.0017395,0.293853,-0.564276,-0.706714,0.0110038,-0.530298,-0.800055,0
1781247143794093,100.354,-4.33184,2.12062,-5.00156,-4.5383,1.90476,-5,0.206458,0.215866,-0.0015564,0.298706,-0.559581,-0.713473,0.0106798,-0.524635,-0.809614,0
1781247143818093,100.378,-4.34561,2.10451,-5.00131,-4.54873,1.88847,-5,0.203117,0.216033,-0.00131226,0.296527,-0.553621,-0.724236,0.00830524,-0.518957,-0.819094,0
1781247143842093,100.402,-4.35918,2.08802,-5.0011,-4.5591,1.87193,-5,0.199912,0.216095,-0.00109863,0.294386,-0.546403,-0.735589,0.00942815,-0.51324,-0.828535,0
1781247143858093,100.418,-4.3681,2.07682,-5.00092,-4.56931,1.85525,-5,0.201208,0.221575,-0.000915527,0.2993,-0.541871,-0.743169,0.00963571,-0.50753,-0.837862,0
1781247143882093,100.442,-4.38133,2.05971,-5.0007,-4.57941,1.8384,-5,0.198074,0.221315,-0.000701904,0.297009,-0.535951,-0.754791,0.00756564,-0.501811,-0.847097,0
1781247143898093,100.458,-4.39003,2.04811,-5.00058,-4.58939,1.82137,-5,0.199355,0.22674,-0.000579834,0.301917,-0.530837,-0.761784,0.006712,-0.496081,-0.856245,0
1781247143922093,100.482,-4.40289,2.03041,-5.0004,-4.59923,1.80419,-5,0.196333,0.226222,-0.000396729,0.299538,-0.524443,-0.772441,0.00664864,-0.490351,-0.865289,0
1781247143938093,100.498,-4.41213,2.01914,-5.00043,-4.60897,1.7868,-5,0.196846,0.23234,-0.000427246,0.304517,-0.520484,-0.779943,0.00644496,-0.484597,-0.874264,0
1781247143962093,100.522,-4.42577,2.00188,-5.00043,-4.61862,1.76921,-5,0.192852,0.232677,-0.000427246,0.30221,-0.515307,-0.790217,0.00625573,-0.478824,-0.883164,0
1781247143978093,100.538,-4.43473,1.99017,-5.00046,-4.62813,1.75146,-5,0.193401,0.238705,-0.000457764,0.30722,-0.511501,-0.796534,0.00646712,-0.473047,-0.891962,0
1781247144002093,100.562,-4.44798,1.97229,-5.00046,-4.63753,1.73355,-5,0.18955,0.238735,-0.000457764,0.304834,-0.505222,-0.80715,0.00621647,-0.467262,-0.900666,0
1781247144018093,100.578,-4.45666,1.96015,-5.00046,-4.64688,1.71532,-5,0.190221,0.244833,-0.000457764,0.310044,-0.500981,-0.814075,0.00546193,-0.461415,-0.909353,0
1781247144042093,100.602,-4.46949,1.94163,-5.00052,-4.65599,1.69718,-5,0.186497,0.244451,-0.000518799,0.30747,-0.49455,-0.824776,0.00335856,-0.455644,-0.917822,0
1781247144058093,100.618,-4.4779,1.92908,-5.00055,-4.665,1.67882,-5,0.187107,0.250263,-0.000549316,0.312475,-0.490179,-0.830899,0.00264333,-0.449844,-0.926225,0
1781247144074093,100.634,-4.4862,1.91639,-5.00058,-4.67394,1.66022,-5,0.18774,0.256166,-0.000579834,0.317597,-0.485998,-0.837152,0.00255041,-0.44401,-0.934568,0
1781247144098093,100.658,-4.49849,1.89707,-5.00064,-4.68275,1.64145,-5,0.184268,0.255619,-0.000640869,0.315112,-0.481731,-0.847118,0.00315811,-0.438165,-0.942819,0
1781247144122385,100.682,-4.51059,1.87742,-5.00067,-4.69146,1.62252,-5,0.180864,0.254907,-0.000671387,0.312554,-0.477416,-0.857035,0.00348669,-0.432306,-0.950979,0
1781247144138385,100.698,-4.51856,1.86415,-5.00067,-4.70004,1.60343,-5,0.181475,0.260714,-0.000671387,0.317656,-0.472802,-0.863328,0.00451892,-0.426441,-0.959037,0
1781247144162385,100.722,-4.53034,1.84395,-5.00064,-4.70852,1.58416,-5,0.178175,0.259789,-0.000640869,0.315019,-0.46721,-0.874771,0.00343397,-0.420556,-0.967012,0
1781247144178385,100.738,-4.53807,1.8303,-5.00064,-4.71687,1.56474,-5,0.178791,0.265558,-0.000640869,0.320137,-0.462465,-0.880822,0.00376814,-0.414667,-0.974882,0
1781247144194385,100.754,-4.54571,1.81653,-5.00067,-4.7251,1.54517,-5,0.179389,0.271357,-0.000671387,0.325293,-0.457995,-0.886674,0.00370125,-0.408767,-0.982655,0
1781247144218385,100.778,-4.55696,1.79561,-5.0007,-4.73321,1.52544,-5,0.176257,0.270165,-0.000701904,0.322578,-0.450707,-0.897097,0.00376262,-0.402856,-0.990331,0
1781247144234385,100.794,-4.56434,1.78149,-5.0007,-4.7412,1.50558,-5,0.176858,0.275906,-0.000701904,0.327725,-0.447154,-0.903764,0.00346898,-0.396941,-0.9979,0
1781247144258385,100.818,-4.57526,1.76006,-5.00073,-4.74908,1.48556,-5,0.173822,0.2745,-0.000732422,0.324908,-0.43975,-0.914164,0.00223302,-0.391013,-1.00537,0
1781247144282385,100.842,-4.58595,1.73835,-5.00076,-4.75684,1.46537,-5,0.170893,0.272974,-0.000762939,0.322056,-0.43371,-0.923871,0.00188384,-0.38507,-1.01275,0
1781247144298385,100.858,-4.59298,1.72371,-5.00076,-4.76448,1.44504,-5,0.1715,0.278669,-0.000762939,0.327215,-0.429608,-0.930045,0.00188624,-0.379118,-1.02003,0
1781247144322385,100.882,-4.60337,1.70153,-5.00079,-4.77201,1.42458,-5,0.168638,0.276957,-0.000793457,0.32426,-0.423873,-0.939501,0.00140797,-0.37316,-1.0272,0
1781247144338385,100.898,-4.61035,1.6872,-5.00085,-4.77941,1.40395,-5,0.16906,0.283257,-0.000854492,0.329873,-0.418469,-0.9452,0.00124667,-0.367186,-1.03428,0
1781247144362385,100.922,-4.62063,1.66545,-5.00095,-4.78669,1.3832,-5,0.166067,0.282246,-0.000946045,0.327478,-0.411711,-0.954639,0.00185906,-0.36121,-1.04124,0
1781247144378385,100.938,-4.62737,1.65076,-5.00101,-4.79385,1.36233,-5,0.166485,0.28843,-0.00100708,0.333032,-0.407818,-0.960097,0.000568385,-0.355227,-1.0481,0
1781247144402385,100.962,-4.63731,1.62847,-5.0011,-4.80089,1.34131,-5,0.163584,0.28716,-0.00109863,0.330487,-0.400948,-0.969365,0.00113108,-0.349234,-1.05486,0
1781247144418385,100.978,-4.6438,1.61342,-5.00116,-4.80782,1.32013,-5,0.164022,0.293291,-0.00115967,0.336042,-0.397002,-0.975238,0.000495389,-0.343225,-1.06151,0
1781247144442385,101.002,-4.65337,1.59062,-5.00125,-4.81463,1.29883,-5,0.161254,0.291782,-0.00125122,0.333379,-0.390528,-0.984151,0.000315664,-0.337211,-1.06806,0
1781247144458385,101.018,-4.65965,1.57525,-5.00131,-4.8213,1.27743,-5,0.161654,0.297813,-0.00131226,0.33886,-0.386564,-0.990323,0.000405335,-0.331195,-1.0745,0
1781247144482385,101.042,-4.66892,1.55196,-5.0014,-4.8279,1.25578,-5,0.158981,0.29618,-0.00140381,0.336154,-0.379656,-0.999088,0.000789895,-0.325136,-1.08086,0
1781247144498385,101.058,-4.67496,1.53627,-5.00146,-4.83434,1.23408,-5,0.159383,0.302195,-0.00146484,0.341653,-0.373792,-1.00497,0.000816855,-0.319091,-1.08709,0
1781247144514385,101.074,-4.68092,1.52046,-5.00153,-4.84064,1.21237,-5,0.159724,0.308092,-0.00152588,0.347037,-0.36953,-1.01097,0.00147213,-0.31307,-1.09318,0
1781247144538385,101.098,-4.68972,1.49653,-5.00159,-4.84684,1.19045,-5,0.157121,0.306082,-0.00158691,0.344058,-0.365276,-1.01807,0.00137218,-0.307017,-1.09918,0
1781247144562385,101.122,-4.69835,1.47235,-5.00168,-4.85294,1.16834,-5,0.154589,0.304012,-0.00167847,0.341063,-0.358192,-1.02596,0.00192595,-0.300935,-1.1051,0
1781247144578385,101.138,-4.70399,1.4561,-5.00171,-4.85888,1.14623,-5,0.154889,0.309873,-0.00170898,0.346431,-0.354704,-1.02968,0.00171023,-0.294879,-1.11087,0
1781247144602385,101.162,-4.71236,1.43153,-5.00177,-4.86472,1.12396,-5,0.15236,0.307574,-0.00177002,0.343247,-0.349911,-1.03807,0.0030813,-0.288804,-1.11655,0
1781247144618385,101.178,-4.71783,1.41503,-5.00177,-4.87043,1.10159,-5,0.152595,0.313448,-0.00177002,0.348623,-0.344234,-1.04273,0.00316703,-0.282723,-1.12211,0
1781247144642385,101.202,-4.72589,1.3901,-5.00177,-4.87602,1.07912,-5,0.150121,0.310981,-0.00177002,0.345324,-0.338429,-1.04976,0.00436725,-0.276639,-1.12755,0
1781247144658385,101.218,-4.73118,1.37336,-5.00174,-4.88149,1.05652,-5,0.150307,0.316842,-0.0017395,0.35069,-0.334579,-1.05468,0.00353081,-0.270543,-1.13289,0
1781247144674385,101.234,-4.73638,1.35653,-5.00174,-4.88685,1.03376,-5,0.150462,0.322771,-0.0017395,0.356122,-0.329074,-1.05868,0.00396249,-0.264425,-1.13813,0
1781247144698385,101.258,-4.74406,1.33113,-5.00174,-4.89207,1.01095,-5,0.148017,0.32018,-0.0017395,0.352742,-0.324412,-1.06564,0.00214722,-0.258315,-1.14324,0
1781247144722385,101.282,-4.75156,1.30553,-5.00174,-4.89717,0.988068,-5,0.145607,0.317461,-0.0017395,0.349265,-0.317607,-1.07221,0.00310227,-0.252204,-1.14823,0
1781247144738385,101.298,-4.75642,1.28815,-5.00177,-4.90215,0.965064,-5,0.145732,0.323082,-0.00177002,0.354433,-0.312993,-1.07663,0.00262946,-0.246082,-1.15311,0
1781247144762385,101.322,-4.76355,1.26194,-5.00189,-4.90702,0.94194,-5,0.143466,0.319996,-0.00189209,0.350689,-0.304614,-1.08272,0.000286933,-0.239947,-1.15788,0
1781247144778385,101.338,-4.76818,1.24438,-5.00201,-4.91176,0.918727,-5,0.143574,0.325652,-0.00201416,0.355903,-0.299601,-1.08625,-0.000803006,-0.233808,-1.16253,0
1781247144802385,101.362,-4.77499,1.21791,-5.0022,-4.91637,0.895436,-5,0.141381,0.322471,-0.00219727,0.352109,-0.292823,-1.09289,-0.00114486,-0.227667,-1.16707,0
1781247144818385,101.378,-4.77944,1.20018,-5.00232,-4.92086,0.872068,-5,0.141419,0.328114,-0.00231934,0.357301,-0.289319,-1.09741,-0.000629689,-0.221523,-1.17148,0
1781247144842385,101.402,-4.78598,1.17345,-5.00247,-4.92525,0.848484,-5,0.13927,0.324964,-0.00247192,0.353558,-0.281517,-1.10365,-0.000815432,-0.21534,-1.17581,0
1781247144858385,101.418,-4.79024,1.15555,-5.00256,-4.92951,0.82481,-5,0.139269,0.330739,-0.00256348,0.358874,-0.276973,-1.10672,-0.000427557,-0.209151,-1.18001,0
1781247144882385,101.442,-4.79649,1.12861,-5.00269,-4.93361,0.801301,-5,0.13712,0.327305,-0.00268555,0.354877,-0.269693,-1.11077,0.000379538,-0.203021,-1.18405,0
1781247144898385,101.458,-4.80056,1.11059,-5.00275,-4.93759,0.777687,-5,0.13703,0.332899,-0.00274658,0.360009,-0.264485,-1.11419,-0.00108949,-0.196879,-1.18798,0
1781247144922385,101.482,-4.80651,1.08343,-5.0029,-4.94146,0.753919,-5,0.134951,0.329508,-0.00289917,0.356084,-0.258139,-1.12096,-0.00185833,-0.190713,-1.19181,0
1781247144938385,101.498,-4.8104,1.06524,-5.00302,-4.94521,0.730054,-5,0.134811,0.335184,-0.00302124,0.361292,-0.255025,-1.12546,-0.00204716,-0.184536,-1.19551,0
1781247144962385,101.522,-4.81614,1.0378,-5.00317,-4.94884,0.706137,-5,0.1327,0.331666,-0.00317383,0.357242,-0.248523,-1.13204,-0.000190622,-0.178359,-1.1991,0
1781247144978385,101.538,-4.81986,1.01944,-5.0032,-4.95235,0.682095,-5,0.13249,0.337345,-0.00320435,0.362444,-0.243426,-1.13614,0.00079629,-0.172165,-1.20257,0
1781247145002385,101.562,-4.82529,0.991773,-5.00323,-4.95574,0.657948,-5,0.130443,0.333825,-0.00323486,0.35842,-0.23725,-1.14028,0.00302525,-0.165956,-1.20593,0
1781247145018385,101.578,-4.82884,0.973277,-5.0032,-4.95898,0.633889,-5,0.130147,0.339388,-0.00320435,0.363501,-0.23312,-1.14315,0.00464544,-0.159783,-1.20915,0
1781247145042385,101.602,-4.83398,0.945444,-5.00314,-4.96212,0.609676,-5,0.128132,0.335769,-0.00314331,0.3594,-0.223629,-1.14769,0.00428505,-0.153583,-1.21226,0
1781247145058385,101.618,-4.83731,0.926823,-5.00311,-4.96512,0.58544,-5,0.127813,0.341383,-0.00311279,0.364538,-0.219943,-1.15194,0.00524397,-0.147388,-1.21524,0
1781247145082385,101.642,-4.8422,0.898795,-5.00308,-4.96801,0.56108,-5,0.125806,0.337714,-0.00308228,0.360399,-0.215516,-1.15622,0.00516191,-0.141173,-1.21811,0
1781247145098385,101.658,-4.8454,0.880046,-5.00302,-4.97077,0.536689,-5,0.125373,0.343357,-0.00302124,0.365543,-0.210905,-1.15981,0.00590324,-0.134961,-1.22086,0
1781247145122679,101.683,-4.85003,0.851829,-5.00296,-4.97341,0.512262,-5,0.123376,0.339568,-0.00296021,0.361299,-0.203241,-1.16328,0.00519042,-0.12875,-1.22348,0
1781247145138679,101.699,-4.85314,0.833258,-5.00302,-4.97592,0.487756,-5,0.12278,0.345502,-0.00302124,0.366682,-0.199093,-1.16405,0.00477488,-0.122529,-1.22598,0
1781247145162679,101.723,-4.85768,0.805309,-5.00308,-4.97831,0.463239,-5,0.120627,0.34207,-0.00308228,0.362729,-0.19293,-1.16793,0.00592168,-0.116314,-1.22835,0
1781247145178679,101.739,-4.86061,0.786633,-5.00308,-4.98058,0.438589,-5,0.119962,0.348044,-0.00308228,0.368151,-0.188961,-1.16842,0.00763837,-0.110075,-1.23061,0
1781247145202679,101.763,-4.86489,0.758549,-5.00302,-4.98271,0.414014,-5,0.117821,0.344535,-0.00302124,0.364136,-0.183153,-1.17155,0.00823043,-0.103863,-1.23274,0
1781247145218679,101.779,-4.86764,0.739781,-5.00296,-4.98472,0.389344,-5,0.117085,0.350437,-0.00296021,0.369491,-0.177583,-1.17301,0.00840809,-0.0976342,-1.23475,0
1781247145234679,101.795,-4.8703,0.720986,-5.0029,-4.98661,0.36464,-5,0.116319,0.356347,-0.00289917,0.374862,-0.171563,-1.17459,0.00868313,-0.0914047,-1.23663,0
1781247145258679,101.819,-4.87411,0.69273,-5.00278,-4.98838,0.339882,-5,0.114273,0.352848,-0.0027771,0.370901,-0.164479,-1.17646,0.00889367,-0.0851684,-1.23839,0
1781247145282679,101.843,-4.87775,0.6644,-5.00272,-4.99002,0.315116,-5,0.11227,0.349284,-0.00271606,0.366894,-0.157669,-1.17808,0.00931989,-0.0789365,-1.24003,0
1781247145298679,101.859,-4.88009,0.64549,-5.00266,-4.99154,0.290309,-5,0.111447,0.355182,-0.00265503,0.372266,-0.153591,-1.17894,0.00937729,-0.0727002,-1.24154,0
1781247145322679,101.883,-4.88348,0.617083,-5.00253,-4.99293,0.265469,-5,0.109449,0.351615,-0.00253296,0.368264,-0.148062,-1.18061,0.00895739,-0.0664611,-1.24293,0
1781247145338679,101.899,-4.88566,0.598112,-5.00241,-4.99419,0.240627,-5,0.108535,0.357485,-0.00241089,0.373606,-0.14379,-1.18234,0.00935987,-0.0602266,-1.2442,0
1781247145362679,101.923,-4.88879,0.569596,-5.00226,-4.99533,0.215741,-5,0.106549,0.353855,-0.0022583,0.369556,-0.136711,-1.18415,0.00936634,-0.0539857,-1.24534,0
1781247145378679,101.939,-4.89077,0.550561,-5.00214,-4.99635,0.190794,-5,0.105581,0.359767,-0.00213623,0.374946,-0.132302,-1.18497,0.0105249,-0.0477334,-1.24635,0
1781247145402679,101.963,-4.89362,0.521981,-5.00186,-4.99725,0.165801,-5,0.103625,0.35618,-0.00186157,0.370953,-0.125248,-1.18621,0.0120732,-0.0414731,-1.24725,0
1781247145418679,101.979,-4.89543,0.502917,-5.00171,-4.99801,0.140919,-5,0.102586,0.361998,-0.00170898,0.376257,-0.120838,-1.18588,0.0113698,-0.0352437,-1.24801,0
1781247145442679,102.003,-4.89799,0.47429,-5.00146,-4.99865,0.115985,-5,0.100668,0.358306,-0.00146484,0.372182,-0.112909,-1.18738,0.0121664,-0.029004,-1.24865,0
1781247145458679,102.019,-4.89959,0.455178,-5.00128,-4.99917,0.0909181,-5,0.0995793,0.36426,-0.00128174,0.377628,-0.108308,-1.18934,0.0119684,-0.0227333,-1.24917,0
1781247145482679,102.043,-4.90187,0.426488,-5.00101,-4.99956,0.0659694,-5,0.0976982,0.360518,-0.00100708,0.373523,-0.100604,-1.18876,0.0106928,-0.0164938,-1.24956,0
1781247145498679,102.059,-4.90329,0.407356,-5.00085,-4.99983,0.0409597,-5,0.0965414,0.366396,-0.000854492,0.378903,-0.0961436,-1.18927,0.00910203,-0.0102403,-1.24983,0
1781247145522679,102.083,-4.90531,0.378659,-5.00064,-4.99997,0.0159956,-5,0.0946636,0.362663,-0.000640869,0.374815,-0.0903528,-1.1885,0.00960392,-0.00399893,-1.24997,0
1781247145538679,102.099,-4.90604,0.358988,-5.00037,-4.99999,-0.00898816,-5,0.0939565,0.367976,-0.000366211,0.379782,-0.0860998,-1.18726,0.00942436,0.00224704,-1.24999,0
1781247145562679,102.123,-4.90701,0.329528,-4.99997,-4.99988,-0.0339467,-5,0.0928698,0.363475,3.05176e-05,0.375152,-0.0798611,-1.18804,0.00933333,0.00848688,-1.24988,0
1781247145578679,102.139,-4.90762,0.309908,-4.99973,-4.99965,-0.0590202,-5,0.0920348,0.368929,0.000274658,0.380235,-0.0758303,-1.1872,0.00885235,0.0147561,-1.24965,0
1781247145602679,102.163,-4.90845,0.280558,-4.99936,-4.9993,-0.0839483,-5,0.0908489,0.364507,0.000640869,0.375658,-0.0696483,-1.18649,0.00985577,0.02099,-1.2493,0
1781247145618679,102.179,-4.90893,0.261023,-4.99908,-4.99881,-0.10892,-5,0.0898814,0.369944,0.000915527,0.380707,-0.0646976,-1.18656,0.0108123,0.0272366,-1.24881,0
1781247145642679,102.203,-4.90956,0.231767,-4.99869,-4.99821,-0.133862,-5,0.0886416,0.365628,0.00131226,0.376222,-0.0584443,-1.18567,0.0120973,0.0334775,-1.24821,0
1781247145658679,102.219,-4.90993,0.212286,-4.99838,-4.99747,-0.158823,-5,0.0875473,0.371108,0.00161743,0.381299,-0.0546014,-1.1859,0.0128783,0.0397258,-1.24748,0
1781247145682679,102.243,-4.91038,0.18311,-4.99796,-4.99662,-0.183774,-5,0.0862331,0.366883,0.00204468,0.376887,-0.0477813,-1.18569,0.011674,0.0459745,-1.24662,0
1781247145698679,102.259,-4.91063,0.16367,-4.99768,-4.99564,-0.208691,-5,0.0850101,0.372361,0.00231934,0.381949,-0.0436982,-1.18532,0.0114019,0.0522183,-1.24564,0
1781247145722679,102.283,-4.91088,0.134568,-4.99728,-4.99453,-0.233585,-5,0.0836501,0.368153,0.00271606,0.377547,-0.0363474,-1.18397,0.0101811,0.0584602,-1.24453,0
1781247145738679,102.299,-4.91097,0.115187,-4.99704,-4.9933,-0.258438,-5,0.0823264,0.373625,0.00296021,0.382599,-0.0319648,-1.18447,0.00877142,0.0646962,-1.2433,0
1781247145762679,102.323,-4.91102,0.0861577,-4.9967,-4.99194,-0.283284,-5,0.0809231,0.369441,0.0032959,0.378215,-0.0263571,-1.18291,0.0094912,0.0709352,-1.24195,0
1781247145778679,102.339,-4.91099,0.0668315,-4.99649,-4.99046,-0.308118,-5,0.0794721,0.37495,0.00350952,0.383296,-0.0220697,-1.18323,0.010063,0.0771768,-1.24047,0
1781247145802679,102.363,-4.91084,0.0378696,-4.99615,-4.98885,-0.332918,-5,0.0780106,0.370788,0.00384521,0.378925,-0.0161463,-1.18277,0.00997072,0.0834155,-1.23887,0
1781247145818679,102.379,-4.91069,0.0185874,-4.99591,-4.98712,-0.357696,-5,0.0764365,0.376284,0.00408936,0.383991,-0.0122782,-1.18257,0.0104475,0.089655,-1.23714,0
1781247145842679,102.403,-4.91033,-0.0103245,-4.99554,-4.98527,-0.382367,-5,0.074944,0.372043,0.00445557,0.379542,-0.00551909,-1.18285,0.0102893,0.0958742,-1.23529,0
1781247145858679,102.419,-4.91001,-0.02957,-4.9953,-4.98329,-0.407062,-5,0.0732789,0.377492,0.00469971,0.384568,-0.00170897,-1.18139,0.00898716,0.102107,-1.23332,0
1781247145882679,102.443,-4.90945,-0.058388,-4.995,-4.98118,-0.431792,-5,0.0717278,0.373404,0.00500488,0.380264,0.00466161,-1.17972,0.00891348,0.108356,-1.23121,0
1781247145898679,102.459,-4.90899,-0.0775569,-4.99475,-4.97896,-0.456313,-5,0.0699663,0.378756,0.00524902,0.3852,0.00998839,-1.17838,0.00848763,0.11456,-1.229,0
1781247145922679,102.483,-4.90818,-0.106272,-4.99442,-4.9766,-0.480891,-5,0.0684209,0.374619,0.00558472,0.380857,0.0164571,-1.17731,0.00885545,0.120788,-1.22666,0
1781247145938679,102.499,-4.90691,-0.126761,-4.99393,-4.97413,-0.505369,-5,0.0672174,0.378608,0.006073,0.384576,0.0211138,-1.17784,0.00842922,0.126999,-1.22419,0
1781247145962679,102.523,-4.90493,-0.157369,-4.99323,-4.97152,-0.529873,-5,0.0665941,0.372504,0.0067749,0.378471,0.0285884,-1.17752,0.00774306,0.133227,-1.2216,0
1781247145978679,102.539,-4.90355,-0.177658,-4.9928,-4.96879,-0.554269,-5,0.0652423,0.376611,0.00720215,0.382288,0.0335819,-1.17588,0.00705852,0.139438,-1.21889,0
1781247146002679,102.563,-4.90141,-0.207955,-4.99219,-4.96594,-0.578672,-5,0.0645242,0.370717,0.0078125,0.376372,0.0407184,-1.17628,0.00641319,0.14566,-1.21605,0
1781247146018679,102.579,-4.89993,-0.228076,-4.99179,-4.96297,-0.602906,-5,0.0630412,0.37483,0.00820923,0.380183,0.0454041,-1.17486,0.00654063,0.151851,-1.21311,0
1781247146034679,102.595,-4.89841,-0.248105,-4.99142,-4.95988,-0.627096,-5,0.0614681,0.378991,0.00857544,0.384039,0.0502543,-1.173,0.00647694,0.158042,-1.21004,0
1781247146058679,102.619,-4.89603,-0.278005,-4.99088,-4.95666,-0.651245,-5,0.0606294,0.37324,0.00912476,0.378242,0.0572467,-1.17063,0.0063181,0.164235,-1.20684,0
1781247146082679,102.643,-4.89357,-0.307732,-4.99039,-4.9533,-0.675402,-5,0.0597277,0.367669,0.00961304,0.372613,0.0622396,-1.16793,0.00604978,0.170442,-1.20352,0
1781247146098679,102.659,-4.89189,-0.327456,-4.99008,-4.94983,-0.699428,-5,0.0579438,0.371972,0.00991821,0.376589,0.0672838,-1.16612,0.00523254,0.176629,-1.20008,0
1781247146122679,102.683,-4.88923,-0.356908,-4.98969,-4.94624,-0.723388,-5,0.057013,0.36648,0.0103149,0.371032,0.0751979,-1.16431,0.00463724,0.182813,-1.19653,0
1781247146138975,102.699,-4.88739,-0.376472,-4.98944,-4.94253,-0.747243,-5,0.0551405,0.370771,0.0105591,0.374998,0.0794202,-1.16294,0.00554996,0.188983,-1.19286,0
1781247146162975,102.723,-4.88452,-0.405672,-4.98907,-4.93868,-0.771101,-5,0.0541615,0.365429,0.0109253,0.369582,0.0875387,-1.15902,0.00514689,0.195169,-1.18905,0
1781247146178975,102.739,-4.88252,-0.425048,-4.98886,-4.93472,-0.794822,-5,0.0521922,0.369774,0.0111389,0.373605,0.0927437,-1.15779,0.00391126,0.201334,-1.18514,0
1781247146194975,102.755,-4.88046,-0.44437,-4.98865,-4.93063,-0.818489,-5,0.0501657,0.374119,0.0113525,0.377639,0.0979823,-1.15569,0.00298814,0.207501,-1.18111,0
1781247146218975,102.779,-4.87725,-0.473227,-4.9884,-4.92642,-0.842066,-5,0.0491643,0.36884,0.0115967,0.372283,0.105535,-1.1528,0.0012339,0.213661,-1.17696,0
1781247146242975,102.803,-4.87393,-0.501925,-4.98819,-4.92209,-0.865527,-5,0.0481572,0.363602,0.0118103,0.366967,0.111758,-1.1488,0.000298894,0.219807,-1.1727,0
1781247146258975,102.819,-4.87165,-0.520974,-4.98807,-4.91764,-0.888904,-5,0.0459895,0.36793,0.0119324,0.370985,0.115825,-1.14651,0.000744488,0.225948,-1.16832,0
1781247146282975,102.843,-4.86812,-0.549443,-4.98788,-4.91306,-0.912232,-5,0.0449319,0.362789,0.0121155,0.365762,0.122941,-1.14394,-0.00169035,0.232094,-1.16381,0
1781247146298975,102.859,-4.86571,-0.568347,-4.98779,-4.90834,-0.935502,-5,0.0426378,0.367156,0.012207,0.369825,0.12697,-1.14254,-0.00189031,0.238243,-1.15918,0
1781247146322975,102.883,-4.86199,-0.596606,-4.98764,-4.90352,-0.958626,-5,0.0415349,0.36202,0.0123596,0.364604,0.133087,-1.13946,-0.00221212,0.244372,-1.15445,0
1781247146338975,102.899,-4.85937,-0.616407,-4.9877,-4.89858,-0.981639,-5,0.0392065,0.365233,0.0122986,0.367537,0.137511,-1.13758,-0.00276119,0.250491,-1.14961,0
1781247146362975,102.923,-4.85533,-0.645907,-4.98776,-4.89351,-1.00458,-5,0.038177,0.358677,0.0122375,0.36091,0.145085,-1.13298,-0.00163702,0.256611,-1.14464,0
1781247146378975,102.939,-4.85256,-0.665413,-4.98776,-4.8883,-1.02749,-5,0.0357404,0.362074,0.0122375,0.364039,0.149956,-1.1303,-0.00234446,0.262742,-1.13955,0
1781247146402975,102.963,-4.8483,-0.694494,-4.98788,-4.88301,-1.05011,-5,0.0347128,0.355613,0.0121155,0.357509,0.156095,-1.1268,-0.00363947,0.268817,-1.13438,0
1781247146418975,102.979,-4.84539,-0.713749,-4.98795,-4.87756,-1.0728,-5,0.0321741,0.359047,0.0120544,0.360687,0.159321,-1.12353,-0.00267785,0.274931,-1.12906,0
1781247146442975,103.003,-4.84093,-0.742411,-4.98804,-4.87201,-1.09528,-5,0.0310793,0.352869,0.0119629,0.354437,0.165956,-1.11816,-0.00191923,0.281013,-1.12365,0
1781247146458975,103.019,-4.8379,-0.761389,-4.9881,-4.86632,-1.11774,-5,0.0284214,0.35635,0.0119019,0.357679,0.169646,-1.11518,-0.00246089,0.287111,-1.11811,0
1781247146482975,103.043,-4.83325,-0.789642,-4.98822,-4.86052,-1.14002,-5,0.0272694,0.350383,0.0117798,0.35164,0.175667,-1.10777,-0.00264251,0.293185,-1.11247,0
1781247146498975,103.059,-4.83009,-0.808322,-4.98831,-4.8546,-1.16222,-5,0.0245066,0.353899,0.0116882,0.354939,0.179537,-1.10314,-0.00234048,0.299258,-1.10671,0
1781247146522975,103.083,-4.82528,-0.836126,-4.9884,-4.84855,-1.1843,-5,0.0232711,0.348173,0.0115967,0.349143,0.183961,-1.09659,-0.00261358,0.305323,-1.10084,0
1781247146538975,103.099,-4.82202,-0.854536,-4.98849,-4.8424,-1.20621,-5,0.0203805,0.351673,0.0115051,0.352451,0.188579,-1.09429,-0.00377135,0.311367,-1.09488,0
1781247146562975,103.123,-4.817,-0.881986,-4.98865,-4.83611,-1.22806,-5,0.0191102,0.346075,0.0113525,0.346788,0.195115,-1.08879,-0.00417001,0.31742,-1.08879,0
1781247146578975,103.139,-4.81358,-0.900167,-4.98871,-4.82969,-1.24979,-5,0.0161128,0.349622,0.0112915,0.350175,0.199668,-1.08473,-0.00358425,0.323465,-1.08259,0
1781247146602975,103.163,-4.80836,-0.927244,-4.98886,-4.82317,-1.27136,-5,0.0148058,0.344117,0.0111389,0.344616,0.205058,-1.07885,-0.00447052,0.329493,-1.07629,0
1781247146618975,103.179,-4.80481,-0.945165,-4.98895,-4.8165,-1.29288,-5,0.0116858,0.347718,0.0110474,0.34809,0.208974,-1.07369,-0.00547073,0.335535,-1.06987,0
1781247146642975,103.203,-4.79935,-0.971823,-4.98911,-4.80974,-1.31416,-5,0.010396,0.342341,0.0108948,0.342672,0.216751,-1.06436,-0.00497818,0.341537,-1.06336,0
1781247146658975,103.219,-4.79562,-0.989435,-4.98917,-4.80286,-1.33534,-5,0.00723886,0.345907,0.0108337,0.346152,0.222252,-1.05946,-0.00462327,0.347538,-1.05675,0
1781247146682975,103.243,-4.78988,-1.01565,-4.98923,-4.79585,-1.35643,-5,0.00596905,0.340779,0.0107727,0.341001,0.229867,-1.05161,-0.00328588,0.353542,-1.05001,0
1781247146698975,103.259,-4.78597,-1.03302,-4.98926,-4.78872,-1.37735,-5,0.0027504,0.344331,0.0107422,0.34451,0.233142,-1.04841,-0.00293418,0.35953,-1.04318,0
1781247146722975,103.283,-4.78003,-1.0589,-4.98935,-4.78146,-1.39815,-5,0.0014329,0.339253,0.0106506,0.339423,0.238629,-1.04233,-0.0053349,0.365513,-1.03624,0
1781247146738975,103.299,-4.77571,-1.07724,-4.98929,-4.7741,-1.41878,-5,-0.00160933,0.341538,0.0107117,0.34171,0.243712,-1.03892,-0.00566613,0.371479,-1.02921,0
1781247146762975,103.323,-4.76914,-1.1045,-4.9892,-4.76661,-1.43929,-5,-0.00252628,0.334793,0.0108032,0.334977,0.249564,-1.03118,-0.00531079,0.377442,-1.02206,0
1781247146778975,103.339,-4.76469,-1.12245,-4.98917,-4.759,-1.45969,-5,-0.00569201,0.337234,0.0108337,0.337456,0.254042,-1.02483,-0.0040659,0.383402,-1.0148,0
1781247146802975,103.363,-4.75793,-1.14908,-4.98907,-4.75127,-1.4799,-5,-0.00665379,0.33082,0.0109253,0.331067,0.259538,-1.01744,-0.0038687,0.389344,-1.00746,0
1781247146818975,103.379,-4.75337,-1.16665,-4.98904,-4.74342,-1.49999,-5,-0.00994587,0.333339,0.0109558,0.333667,0.263091,-1.01163,-0.00345923,0.395281,-1,0
1781247146842975,103.403,-4.74646,-1.1927,-4.98898,-4.73546,-1.51991,-5,-0.0110016,0.327203,0.0110168,0.327573,0.267982,-1.00354,-0.00323989,0.401203,-0.992458,0
1781247146858975,103.419,-4.7418,-1.2099,-4.98895,-4.72732,-1.53981,-5,-0.0144777,0.329902,0.0110474,0.330405,0.27238,-0.999766,-0.00483648,0.407156,-0.984758,0
1781247146882975,103.443,-4.73471,-1.23547,-4.98898,-4.71918,-1.55929,-5,-0.0155311,0.323826,0.0110168,0.324385,0.279171,-0.991605,-0.00630302,0.41302,-0.977063,0
1781247146898975,103.459,-4.72989,-1.25233,-4.98898,-4.71085,-1.57878,-5,-0.0190434,0.326449,0.0110168,0.32719,0.284467,-0.985744,-0.00545492,0.418922,-0.969207,0
1781247146922975,103.483,-4.72253,-1.27738,-4.98898,-4.70241,-1.59807,-5,-0.0201139,0.320696,0.0110168,0.321515,0.291149,-0.977455,-0.00422,0.424801,-0.96127,0
1781247146938975,103.499,-4.71755,-1.29391,-4.98898,-4.69387,-1.6172,-5,-0.0236835,0.323291,0.0110168,0.324345,0.295742,-0.972624,-0.00439961,0.430668,-0.95324,0
1781247146962975,103.523,-4.70997,-1.31846,-4.98898,-4.68518,-1.63622,-5,-0.0247846,0.317756,0.0110168,0.318912,0.302736,-0.964629,-0.00431073,0.436541,-0.945092,0
1781247146978975,103.539,-4.70483,-1.33468,-4.98901,-4.67641,-1.65501,-5,-0.0284262,0.320322,0.0109863,0.321768,0.306981,-0.959638,-0.0041218,0.442382,-0.936877,0
1781247147002975,103.563,-4.69703,-1.3588,-4.98904,-4.66751,-1.67365,-5,-0.0295234,0.314854,0.0109558,0.316425,0.312978,-0.951436,-0.00605475,0.448218,-0.92856,0
1781247147018975,103.579,-4.69175,-1.37471,-4.98907,-4.65848,-1.69214,-5,-0.0332727,0.317428,0.0109253,0.319354,0.318113,-0.94641,-0.0061212,0.454049,-0.920144,0
1781247147042975,103.603,-4.68371,-1.39835,-4.98907,-4.64934,-1.71047,-5,-0.0343714,0.312119,0.0109253,0.314196,0.325203,-0.937631,-0.00585219,0.459869,-0.911633,0
1781247147058975,103.619,-4.67826,-1.41393,-4.98911,-4.64008,-1.72862,-5,-0.0381799,0.31469,0.0108948,0.317185,0.329159,-0.929715,-0.00654726,0.465677,-0.903032,0
1781247147082975,103.643,-4.66999,-1.43703,-4.98914,-4.63071,-1.74658,-5,-0.0392756,0.309554,0.0108643,0.312224,0.334777,-0.919207,-0.00647238,0.471466,-0.894351,0
1781247147098975,103.659,-4.66441,-1.45226,-4.98914,-4.62123,-1.76438,-5,-0.0431833,0.312121,0.0108643,0.315281,0.339339,-0.91396,-0.00662969,0.477249,-0.885573,0
1781247147122975,103.683,-4.65595,-1.47487,-4.98917,-4.61163,-1.782,-5,-0.0443182,0.307121,0.0108337,0.310492,0.343545,-0.903908,-0.00650415,0.483017,-0.876712,0
1781247147139270,103.699,-4.64982,-1.49108,-4.98901,-4.6019,-1.79946,-5,-0.0479245,0.308381,0.0109863,0.312276,0.346909,-0.897808,-0.00674563,0.488783,-0.867746,0
1781247147163270,103.723,-4.64057,-1.51503,-4.98877,-4.59209,-1.81668,-5,-0.0484772,0.301645,0.0112305,0.305722,0.352879,-0.888331,-0.00558355,0.494512,-0.858732,0
1781247147179270,103.739,-4.63436,-1.53077,-4.98862,-4.58213,-1.83378,-5,-0.052227,0.303008,0.0113831,0.307687,0.357209,-0.882098,-0.0060928,0.500254,-0.849594,0
1781247147203270,103.763,-4.62496,-1.55406,-4.9884,-4.57207,-1.85068,-5,-0.0528827,0.296611,0.0115967,0.301511,0.363138,-0.872925,-0.00623957,0.505972,-0.840387,0
1781247147219270,103.779,-4.61861,-1.56937,-4.98831,-4.5619,-1.86739,-5,-0.0567122,0.298017,0.0116882,0.30359,0.369934,-0.866071,-0.00531238,0.511679,-0.831095,0
1781247147235270,103.795,-4.61221,-1.5845,-4.98822,-4.5516,-1.88393,-5,-0.0606112,0.299428,0.0117798,0.305728,0.373065,-0.860024,-0.00609856,0.51738,-0.821708,0
1781247147259270,103.819,-4.60254,-1.6069,-4.98813,-4.54118,-1.90029,-5,-0.0613575,0.293396,0.0118713,0.299978,0.379359,-0.850221,-0.00758352,0.523073,-0.812232,0
1781247147283270,103.843,-4.59277,-1.62893,-4.98807,-4.53069,-1.9164,-5,-0.0620804,0.28747,0.0119324,0.294339,0.384924,-0.84052,-0.00770126,0.528728,-0.802714,0
1781247147299270,103.859,-4.58619,-1.64342,-4.98798,-4.52007,-1.93235,-5,-0.0661273,0.288929,0.0120239,0.296643,0.389746,-0.833382,-0.00721531,0.53438,-0.793101,0
1781247147323270,103.883,-4.57623,-1.66483,-4.98788,-4.50933,-1.9481,-5,-0.0669017,0.283275,0.0121155,0.29132,0.39559,-0.822389,-0.0068288,0.540021,-0.783404,0
1781247147339270,103.899,-4.56951,-1.6789,-4.98782,-4.49848,-1.96367,-5,-0.0710278,0.284769,0.0121765,0.293746,0.400681,-0.815307,-0.00789846,0.545647,-0.77363,0
1781247147363270,103.923,-4.55933,-1.6997,-4.98785,-4.4875,-1.97905,-5,-0.0718222,0.279343,0.012146,0.288684,0.406056,-0.804742,-0.00923427,0.551266,-0.76377,0
1781247147379270,103.939,-4.55248,-1.71338,-4.98788,-4.47642,-1.99422,-5,-0.0760617,0.280843,0.0121155,0.291213,0.409937,-0.798169,-0.0100914,0.556868,-0.753836,0
1781247147403270,103.963,-4.54212,-1.73361,-4.98798,-4.46523,-2.0092,-5,-0.0768929,0.275589,0.0120239,0.286367,0.416497,-0.787589,-0.0112263,0.562458,-0.743826,0
1781247147419270,103.979,-4.53514,-1.74691,-4.98807,-4.45387,-2.02404,-5,-0.0812697,0.27713,0.0119324,0.289047,0.419507,-0.780443,-0.0115781,0.568057,-0.733698,0
1781247147435270,103.995,-4.52811,-1.76005,-4.98816,-4.44258,-2.03846,-5,-0.0855303,0.278408,0.0118408,0.29149,0.424682,-0.772927,-0.0115183,0.573556,-0.723653,0
1781247147459270,104.019,-4.51745,-1.77947,-4.98831,-4.43106,-2.05283,-5,-0.0863948,0.273351,0.0116882,0.286917,0.431183,-0.761492,-0.0109402,0.579102,-0.713426,0
1781247147483270,104.043,-4.50665,-1.79854,-4.98846,-4.41943,-2.06698,-5,-0.0872254,0.26844,0.0115356,0.282492,0.436307,-0.750282,-0.0105022,0.58463,-0.703132,0
1781247147499270,104.059,-4.4994,-1.81107,-4.98859,-4.40768,-2.08094,-5,-0.091722,0.269867,0.0114136,0.285256,0.440468,-0.743952,-0.0100905,0.590146,-0.692764,0
1781247147523270,104.083,-4.48842,-1.82963,-4.98874,-4.39582,-2.09469,-5,-0.0925937,0.265063,0.011261,0.280996,0.446523,-0.733498,-0.0097802,0.595647,-0.682327,0
1781247147539270,104.099,-4.47943,-1.8432,-4.98865,-4.38386,-2.10823,-5,-0.0955725,0.265026,0.0113525,0.281961,0.452065,-0.726193,-0.00923023,0.601133,-0.671822,0
1781247147563270,104.123,-4.46597,-1.86317,-4.98856,-4.37178,-2.12156,-5,-0.0941911,0.258382,0.0114441,0.275253,0.458548,-0.715128,-0.0102664,0.606605,-0.661249,0
1781247147579270,104.139,-4.45701,-1.87622,-4.98849,-4.3596,-2.13467,-5,-0.0974083,0.25845,0.0115051,0.276437,0.463925,-0.707353,-0.00931817,0.61206,-0.650612,0
1781247147603270,104.163,-4.44353,-1.89542,-4.98843,-4.34728,-2.1476,-5,-0.096252,0.252181,0.0115662,0.270173,0.472181,-0.696259,-0.00796981,0.617513,-0.639884,0
1781247147619270,104.179,-4.43454,-1.90796,-4.98834,-4.33477,-2.1604,-5,-0.0997639,0.252432,0.0116577,0.271681,0.476904,-0.687647,-0.00652808,0.622985,-0.629024,0
1781247147635270,104.195,-4.42552,-1.9203,-4.98828,-4.32237,-2.17276,-5,-0.103153,0.252453,0.0117188,0.272966,0.481681,-0.679436,-0.00560899,0.628346,-0.61829,0
1781247147659270,104.219,-4.41197,-1.93843,-4.98819,-4.30977,-2.18499,-5,-0.102197,0.246565,0.0118103,0.267167,0.4902,-0.666929,-0.00494626,0.633731,-0.607416,0
1781247147683270,104.243,-4.39836,-1.95612,-4.9881,-4.29705,-2.19703,-5,-0.101312,0.240906,0.0119019,0.261613,0.497633,-0.655127,-0.00606725,0.63911,-0.596461,0
1781247147699270,104.259,-4.38924,-1.96769,-4.98807,-4.28413,-2.20892,-5,-0.105116,0.241235,0.0119324,0.263412,0.503256,-0.647726,-0.00704694,0.644508,-0.585374,0
1781247147723270,104.283,-4.3755,-1.98473,-4.98801,-4.27114,-2.22056,-5,-0.104363,0.235836,0.0119934,0.258175,0.510641,-0.637101,-0.00765926,0.649874,-0.574262,0
1781247147739270,104.299,-4.3663,-1.99587,-4.98801,-4.25817,-2.23187,-5,-0.108137,0.235994,0.0119934,0.259867,0.515536,-0.629584,-0.00797894,0.655172,-0.563199,0
1781247147763270,104.323,-4.35248,-2.01228,-4.98798,-4.24494,-2.24308,-5,-0.107543,0.230806,0.0120239,0.254915,0.521008,-0.61796,-0.00827286,0.660517,-0.551948,0
1781247147779270,104.339,-4.34323,-2.02299,-4.98798,-4.23175,-2.25395,-5,-0.111484,0.230956,0.0120239,0.256737,0.525175,-0.610114,-0.00869977,0.665784,-0.54077,0
1781247147803270,104.363,-4.32932,-2.03875,-4.98798,-4.21834,-2.26468,-5,-0.110982,0.225934,0.0120239,0.252008,0.532409,-0.598586,-0.00896528,0.671083,-0.529436,0
1781247147819270,104.379,-4.31999,-2.04904,-4.98801,-4.20487,-2.27515,-5,-0.115124,0.226112,0.0119934,0.254016,0.53696,-0.589774,-0.00879797,0.676345,-0.518092,0
1781247147843270,104.403,-4.30593,-2.06414,-4.98804,-4.19134,-2.28536,-5,-0.114592,0.221227,0.0119629,0.249431,0.543714,-0.577401,-0.00894119,0.681573,-0.506733,0
1781247147859270,104.419,-4.29651,-2.074,-4.98804,-4.17761,-2.29542,-5,-0.118907,0.221422,0.0119629,0.251614,0.548057,-0.569155,-0.00873827,0.686822,-0.49524,0
1781247147883270,104.443,-4.28233,-2.08847,-4.9881,-4.16387,-2.30517,-5,-0.118458,0.216707,0.0119019,0.247257,0.554284,-0.556917,-0.0102805,0.692017,-0.48378,0
1781247147899270,104.459,-4.27282,-2.0979,-4.98816,-4.14998,-2.31473,-5,-0.12284,0.216827,0.0118408,0.249487,0.558943,-0.54791,-0.0102839,0.697211,-0.472235,0
1781247147923270,104.483,-4.2585,-2.11172,-4.98828,-4.13596,-2.32408,-5,-0.122544,0.212354,0.0117188,0.245456,0.56471,-0.534671,-0.0108372,0.7024,-0.460614,0
1781247147939270,104.499,-4.24671,-2.12159,-4.98828,-4.12188,-2.33316,-5,-0.124825,0.211571,0.0117188,0.245929,0.569928,-0.526129,-0.0107772,0.707552,-0.448991,0
1781247147963270,104.523,-4.22911,-2.13599,-4.98831,-4.10769,-2.34202,-5,-0.12142,0.206025,0.0116882,0.239428,0.577633,-0.514132,-0.0109985,0.712693,-0.43731,0
1781247147979270,104.539,-4.21742,-2.14534,-4.98834,-4.09337,-2.35065,-5,-0.124046,0.205307,0.0116577,0.240155,0.582067,-0.505031,-0.0112149,0.717822,-0.425572,0
1781247148003270,104.563,-4.19996,-2.15901,-4.9884,-4.07898,-2.35903,-5,-0.120971,0.200028,0.0115967,0.234051,0.590541,-0.492911,-0.0104484,0.722923,-0.413811,0
1781247148019270,104.579,-4.18834,-2.16787,-4.98846,-4.06436,-2.36725,-5,-0.123974,0.199387,0.0115356,0.23507,0.595886,-0.483729,-0.0111222,0.728052,-0.401905,0
1781247148035270,104.595,-4.17673,-2.17654,-4.98853,-4.04994,-2.37507,-5,-0.126796,0.198535,0.0114746,0.23585,0.600903,-0.475911,-0.0106235,0.733059,-0.3902,0
1781247148059270,104.619,-4.15937,-2.1892,-4.98865,-4.03523,-2.38276,-5,-0.124138,0.193559,0.0113525,0.230227,0.607299,-0.461947,-0.0116028,0.73811,-0.37831,0
1781247148083270,104.643,-4.14205,-2.20141,-4.98877,-4.02042,-2.3902,-5,-0.121628,0.188794,0.0112305,0.224861,0.614838,-0.448404,-0.0110234,0.743144,-0.366379,0
1781247148099270,104.659,-4.1305,-2.20932,-4.98883,-4.00551,-2.39741,-5,-0.124993,0.188092,0.0111694,0.226112,0.618841,-0.44006,-0.010711,0.748159,-0.354412,0
1781247148123270,104.683,-4.11319,-2.22087,-4.98892,-3.9905,-2.40438,-5,-0.122686,0.183505,0.0110779,0.221017,0.625612,-0.42726,-0.0105127,0.753156,-0.34241,0
1781247148139270,104.699,-4.10165,-2.22833,-4.98898,-3.97539,-2.4111,-5,-0.126264,0.18277,0.0110168,0.222416,0.6295,-0.41821,-0.0106945,0.758135,-0.330369,0
1781247148163571,104.724,-4.08437,-2.2392,-4.98907,-3.96009,-2.41762,-5,-0.124277,0.178424,0.0109253,0.217714,0.634888,-0.40468,-0.00924883,0.763121,-0.318234,0
1781247148179571,104.74,-4.07287,-2.24621,-4.98914,-3.94479,-2.42386,-5,-0.128073,0.177649,0.0108643,0.219272,0.637951,-0.395705,-0.0102904,0.768057,-0.306141,0
1781247148203571,104.764,-4.05562,-2.2564,-4.98926,-3.92945,-2.42984,-5,-0.12617,0.173444,0.0107422,0.214749,0.643649,-0.382016,-0.010623,0.772958,-0.294058,0
1781247148219571,104.78,-4.04413,-2.26296,-4.98935,-3.91388,-2.43562,-5,-0.130245,0.172663,0.0106506,0.21654,0.648289,-0.37227,-0.0105601,0.777879,-0.281847,0
1781247148235571,104.796,-4.03262,-2.26935,-4.98944,-3.89834,-2.44111,-5,-0.134272,0.171766,0.0105591,0.218275,0.652996,-0.36359,-0.0100831,0.78274,-0.269709,0
1781247148259571,104.82,-4.0153,-2.27859,-4.98959,-3.88257,-2.44641,-5,-0.13273,0.167818,0.0104065,0.214216,0.659681,-0.348708,-0.0103211,0.787625,-0.257436,0
1781247148283571,104.844,-3.99795,-2.28745,-4.98975,-3.86676,-2.45144,-5,-0.131191,0.16399,0.0102539,0.210259,0.665993,-0.33534,-0.0104256,0.792471,-0.245182,0
1781247148299571,104.86,-3.98636,-2.29312,-4.98984,-3.85083,-2.45623,-5,-0.135531,0.163104,0.0101624,0.212308,0.670296,-0.324866,-0.0101992,0.797304,-0.232889,0
1781247148323571,104.884,-3.96894,-2.30128,-4.99002,-3.83489,-2.46075,-5,-0.134051,0.159464,0.00997925,0.208562,0.675841,-0.309174,-0.0101214,0.802091,-0.220639,0
1781247148339571,104.9,-3.95594,-2.3073,-4.98993,-3.81882,-2.46503,-5,-0.137115,0.157731,0.0100708,0.209239,0.680467,-0.299432,-0.00946955,0.806869,-0.208339,0
1781247148363571,104.924,-3.93648,-2.31591,-4.98981,-3.80269,-2.46906,-5,-0.13379,0.153155,0.0101929,0.203618,0.688745,-0.284333,-0.0078685,0.811618,-0.196042,0
1781247148379571,104.94,-3.92353,-2.32138,-4.98969,-3.78643,-2.47285,-5,-0.137093,0.151476,0.0103149,0.204563,0.692789,-0.274484,-0.00728096,0.816353,-0.183707,0
1781247148403571,104.964,-3.90419,-2.3292,-4.98956,-3.77006,-2.4764,-5,-0.134125,0.147203,0.010437,0.199418,0.696207,-0.261103,-0.00571366,0.821074,-0.171339,0
1781247148419571,104.98,-3.89135,-2.33418,-4.98947,-3.7536,-2.47971,-5,-0.137754,0.145525,0.0105286,0.20066,0.700141,-0.252447,-0.0044572,0.825777,-0.158949,0
1781247148443571,105.004,-3.87212,-2.34132,-4.98932,-3.73701,-2.48277,-5,-0.135117,0.14145,0.0106812,0.195905,0.706284,-0.239715,-0.00379006,0.830466,-0.146522,0
1781247148459571,105.02,-3.85933,-2.34583,-4.98923,-3.7203,-2.48558,-5,-0.139031,0.139747,0.0107727,0.19742,0.70946,-0.230423,-0.00331949,0.83514,-0.134065,0
1781247148483571,105.044,-3.84014,-2.35226,-4.98914,-3.70364,-2.48812,-5,-0.1365,0.13586,0.0108643,0.192895,0.716334,-0.216329,-0.00615827,0.839755,-0.121697,0
1781247148499571,105.06,-3.82736,-2.35631,-4.98914,-3.68677,-2.49044,-5,-0.140596,0.134126,0.0108643,0.194616,0.719164,-0.207176,-0.00747192,0.844384,-0.109225,0
1781247148523571,105.084,-3.80821,-2.36205,-4.98917,-3.66984,-2.4925,-5,-0.138362,0.130448,0.0108337,0.190468,0.724576,-0.193939,-0.00691567,0.848979,-0.096776,0
1781247148539571,105.1,-3.79545,-2.36567,-4.98917,-3.65284,-2.49431,-5,-0.142612,0.128638,0.0108337,0.192362,0.727281,-0.185888,-0.00576922,0.85355,-0.0843227,0
1781247148563571,105.124,-3.77633,-2.37078,-4.9892,-3.63567,-2.49587,-5,-0.140653,0.125095,0.0108032,0.188544,0.7324,-0.172504,-0.00625929,0.858119,-0.071812,0
1781247148579571,105.14,-3.76359,-2.37397,-4.98926,-3.61846,-2.49718,-5,-0.145128,0.123209,0.0107422,0.190678,0.734008,-0.163394,-0.00678784,0.862654,-0.0593246,0
1781247148603571,105.164,-3.74451,-2.37841,-4.98935,-3.6012,-2.49824,-5,-0.143308,0.119829,0.0106506,0.187109,0.738897,-0.147915,-0.00694298,0.867157,-0.0468625,0
1781247148619571,105.18,-3.73179,-2.38114,-4.98941,-3.58376,-2.49906,-5,-0.148029,0.117916,0.0105896,0.189549,0.741493,-0.138071,-0.00652988,0.87166,-0.0343336,0
1781247148643571,105.204,-3.71272,-2.38488,-4.9895,-3.56626,-2.49962,-5,-0.146456,0.114738,0.010498,0.186345,0.745726,-0.123269,-0.00734429,0.876134,-0.0218237,0
1781247148659571,105.22,-3.7,-2.38716,-4.98956,-3.54875,-2.49993,-5,-0.151243,0.112767,0.010437,0.188944,0.749523,-0.115115,-0.00793813,0.880566,-0.00936523,0
1781247148683571,105.244,-3.68092,-2.39029,-4.98965,-3.53103,-2.49999,-5,-0.149886,0.109703,0.0103455,0.186031,0.751192,-0.101314,-0.00846309,0.885007,0.00317938,0
1781247148699571,105.26,-3.66823,-2.39217,-4.98972,-3.51329,-2.4998,-5,-0.154941,0.107636,0.0102844,0.188939,0.752198,-0.0918546,-0.00768379,0.889409,0.0156767,0
1781247148723571,105.284,-3.64922,-2.39466,-4.98981,-3.49554,-2.49937,-5,-0.153674,0.104708,0.0101929,0.186234,0.755493,-0.0790034,-0.00753085,0.89377,0.0281188,0
1781247148739571,105.3,-3.63479,-2.39614,-4.98981,-3.4776,-2.49868,-5,-0.15719,0.102537,0.0101929,0.187953,0.758621,-0.0704863,-0.00853406,0.898133,0.0406273,0
1781247148763571,105.324,-3.6133,-2.39802,-4.98981,-3.45965,-2.49774,-5,-0.153652,0.099721,0.0101929,0.183458,0.762661,-0.0546794,-0.0066205,0.902455,0.0530814,0
1781247148779571,105.34,-3.59905,-2.39906,-4.98984,-3.44153,-2.49656,-5,-0.15752,0.0974972,0.0101624,0.18553,0.765693,-0.0458936,-0.00679754,0.906776,0.0655891,0
1781247148803571,105.364,-3.5778,-2.40031,-4.9899,-3.42334,-2.49512,-5,-0.154454,0.09481,0.0101013,0.181513,0.768328,-0.031808,-0.0067564,0.911068,0.0780718,0
1781247148819571,105.38,-3.56371,-2.40094,-4.98993,-3.40503,-2.49343,-5,-0.158681,0.0924926,0.0100708,0.183946,0.770813,-0.0222616,-0.00611422,0.915347,0.0905765,0
1781247148843571,105.404,-3.54264,-2.40154,-4.98996,-3.3867,-2.49149,-5,-0.155949,0.0899515,0.0100403,0.180311,0.775573,-0.00777452,-0.00720063,0.919589,0.103029,0
1781247148859571,105.42,-3.52864,-2.40173,-4.99002,-3.36815,-2.4893,-5,-0.160489,0.0875657,0.00997925,0.183095,0.779393,0.00354448,-0.0072246,0.923835,0.115554,0
1781247148875571,105.436,-3.51467,-2.40174,-4.99005,-3.34969,-2.48687,-5,-0.164979,0.0851266,0.00994873,0.185913,0.782733,0.0123292,-0.0069046,0.928022,0.12796,0
1781247148899571,105.46,-3.49375,-2.40146,-4.99014,-3.33114,-2.48419,-5,-0.162615,0.082727,0.00985718,0.182714,0.785684,0.0262537,-0.00743554,0.932186,0.140353,0
1781247148923571,105.484,-3.47293,-2.40083,-4.9903,-3.31241,-2.48125,-5,-0.160516,0.0804214,0.00970459,0.179798,0.789515,0.0400056,-0.00857068,0.936347,0.152794,0
1781247148939571,105.5,-3.45907,-2.4002,-4.99042,-3.2937,-2.47808,-5,-0.165371,0.0778797,0.00958252,0.183043,0.792736,0.0500975,-0.0079264,0.940464,0.165157,0
1781247148963571,105.524,-3.43832,-2.39896,-4.9906,-3.27479,-2.47465,-5,-0.163521,0.0756907,0.00939941,0.180435,0.796603,0.0638997,-0.00857889,0.944581,0.177572,0
1781247148979571,105.54,-3.42449,-2.39792,-4.99075,-3.25585,-2.47097,-5,-0.168634,0.0730462,0.00924683,0.184007,0.800258,0.0731972,-0.00827183,0.948664,0.189941,0
1781247149003571,105.564,-3.40376,-2.39609,-4.99094,-3.2368,-2.46704,-5,-0.166965,0.0709496,0.00906372,0.181641,0.804616,0.0868656,-0.00723452,0.952731,0.202313,0
1781247149019571,105.58,-3.38996,-2.39467,-4.99106,-3.21772,-2.46287,-5,-0.17224,0.0681996,0.00894165,0.185467,0.806393,0.0959145,-0.005717,0.95676,0.214625,0
1781247149043571,105.604,-3.3693,-2.39224,-4.99121,-3.19865,-2.45848,-5,-0.170642,0.0662386,0.00878906,0.183258,0.810324,0.110502,-0.00655831,0.960749,0.226861,0
1781247149059571,105.62,-3.3555,-2.39043,-4.9913,-3.17936,-2.45381,-5,-0.176147,0.0633783,0.00869751,0.187404,0.813039,0.11975,-0.00584976,0.964744,0.239169,0
1781247149083571,105.644,-3.33483,-2.38739,-4.99146,-3.15996,-2.44889,-5,-0.17487,0.0614989,0.00854492,0.185566,0.816986,0.135132,-0.00642348,0.968718,0.251463,0
1781247149099571,105.66,-3.32105,-2.38516,-4.99155,-3.14056,-2.44374,-5,-0.18049,0.0585775,0.00845337,0.189946,0.819913,0.144182,-0.00621131,0.972653,0.263687,0
1781247149123571,105.684,-3.30033,-2.38157,-4.9917,-3.12107,-2.43835,-5,-0.179258,0.0567811,0.00830078,0.188219,0.825164,0.156142,-0.00712907,0.976567,0.275892,0
1781247149139571,105.7,-3.28411,-2.37994,-4.99176,-3.10162,-2.43274,-5,-0.182494,0.0528028,0.00823975,0.190158,0.830561,0.164443,-0.00683734,0.980433,0.287997,0
1781247149163571,105.724,-3.25993,-2.37714,-4.99188,-3.08211,-2.4269,-5,-0.177821,0.0497634,0.00811768,0.184831,0.835943,0.177954,-0.00658545,0.98427,0.300059,0
1781247149179873,105.74,-3.24393,-2.37503,-4.99194,-3.06226,-2.42074,-5,-0.181671,0.0457129,0.00805664,0.187507,0.838338,0.187832,-0.00643341,0.988135,0.312257,0
1781247149203873,105.764,-3.22009,-2.37152,-4.9921,-3.04255,-2.4144,-5,-0.177543,0.0428843,0.00790405,0.18282,0.844478,0.199539,-0.00852782,0.991933,0.32429,0
1781247149219873,105.78,-3.20426,-2.36897,-4.99222,-3.02261,-2.40778,-5,-0.181654,0.0388048,0.00778198,0.185916,0.848644,0.207698,-0.00734971,0.995736,0.336385,0
1781247149243873,105.804,-3.18062,-2.36484,-4.9924,-3.00276,-2.40096,-5,-0.177862,0.0361252,0.00759888,0.181653,0.85409,0.21977,-0.00614587,0.999483,0.348346,0
1781247149259873,105.82,-3.16491,-2.36187,-4.99249,-2.98268,-2.39386,-5,-0.182236,0.0319879,0.00750732,0.185174,0.857824,0.228466,-0.0060874,1.00323,0.360365,0
1781247149283873,105.844,-3.14142,-2.35709,-4.99265,-2.9625,-2.3865,-5,-0.178921,0.0294116,0.00735474,0.181471,0.862963,0.241195,-0.00589712,1.00696,0.372357,0
1781247149299873,105.86,-3.12583,-2.3537,-4.99277,-2.94232,-2.37894,-5,-0.183509,0.025239,0.00723267,0.185378,0.865114,0.249897,-0.00526632,1.01065,0.384273,0
1781247149323873,105.884,-3.10255,-2.34831,-4.99289,-2.92208,-2.37113,-5,-0.180465,0.0228274,0.0071106,0.182041,0.868212,0.260933,-0.00461607,1.01432,0.396144,0
1781247149339873,105.9,-3.08708,-2.34454,-4.99298,-2.90177,-2.3631,-5,-0.18531,0.0185602,0.00701904,0.186369,0.870752,0.268524,-0.00421389,1.01796,0.407972,0
1781247149363873,105.924,-3.06394,-2.3386,-4.9931,-2.88135,-2.35481,-5,-0.182585,0.0162115,0.00689697,0.183433,0.876967,0.280988,-0.00412318,1.02157,0.419782,0
1781247149379873,105.94,-3.04852,-2.33444,-4.99319,-2.861,-2.34635,-5,-0.187523,0.0119054,0.00680542,0.188024,0.879563,0.289014,-0.00485022,1.02514,0.431469,0
1781247149403873,105.964,-3.02548,-2.32789,-4.99332,-2.84049,-2.33761,-5,-0.184995,0.00971818,0.00668335,0.185371,0.88258,0.303173,-0.00510244,1.0287,0.443162,0
1781247149419873,105.98,-3.01017,-2.32333,-4.99341,-2.81986,-2.32862,-5,-0.190315,0.00529647,0.0065918,0.190503,0.884299,0.311063,-0.00548073,1.03224,0.45484,0
1781247149443873,106.004,-2.98726,-2.3162,-4.99356,-2.79919,-2.31942,-5,-0.188071,0.00321317,0.00643921,0.188209,0.8876,0.323195,-0.00578235,1.03575,0.466453,0
1781247149459873,106.02,-2.97203,-2.31127,-4.99368,-2.77844,-2.30997,-5,-0.193596,-0.0013051,0.00631714,0.193703,0.889407,0.330308,-0.00628397,1.03924,0.47803,0
1781247149483873,106.044,-2.94922,-2.30361,-4.99384,-2.75761,-2.30029,-5,-0.19161,-0.00332665,0.00616455,0.191738,0.892876,0.342195,-0.00577858,1.0427,0.489561,0
1781247149499873,106.06,-2.93401,-2.29834,-4.9939,-2.73673,-2.29039,-5,-0.197285,-0.00795269,0.00610352,0.19754,0.895411,0.349213,-0.00475101,1.04613,0.501033,0
1781247149523873,106.084,-2.91125,-2.29017,-4.99396,-2.71577,-2.28025,-5,-0.195482,-0.00992489,0.00604248,0.195827,0.898116,0.360925,-0.00299793,1.04954,0.512461,0
1781247149539873,106.1,-2.89435,-2.28512,-4.99411,-2.69477,-2.2699,-5,-0.199572,-0.0152194,0.00588989,0.200238,0.901179,0.369197,-0.00305475,1.05292,0.523819,0
1781247149563873,106.124,-2.86915,-2.27723,-4.99435,-2.67373,-2.25933,-5,-0.195418,-0.0178905,0.00564575,0.196317,0.905667,0.381003,-0.00231062,1.05627,0.535118,0
1781247149579873,106.14,-2.85245,-2.27175,-4.99454,-2.65255,-2.24851,-5,-0.199903,-0.0232399,0.00546265,0.201324,0.907526,0.388718,-0.00198183,1.0596,0.5464,0
1781247149603873,106.164,-2.82755,-2.26322,-4.99481,-2.63126,-2.23743,-5,-0.196296,-0.0257866,0.00518799,0.19805,0.912361,0.401614,-0.00105873,1.06291,0.557648,0
1781247149619873,106.18,-2.81103,-2.25732,-4.99496,-2.61004,-2.22621,-5,-0.200992,-0.0311115,0.0050354,0.203448,0.914866,0.409838,-0.00203778,1.06618,0.56877,0
1781247149635873,106.196,-2.79456,-2.25127,-4.99515,-2.58869,-2.21473,-5,-0.205868,-0.03654,0.00485229,0.209142,0.917769,0.417105,-0.00160505,1.06942,0.579867,0
1781247149659873,106.22,-2.76998,-2.24191,-4.99539,-2.56728,-2.20303,-5,-0.202694,-0.0388865,0.00460815,0.206442,0.920912,0.428006,-0.00202163,1.07264,0.590906,0
1781247149683873,106.244,-2.7455,-2.23221,-4.99561,-2.54579,-2.19109,-5,-0.199714,-0.0411129,0.00439453,0.20395,0.923954,0.440462,-0.000634547,1.07584,0.601896,0
1781247149699873,106.26,-2.72925,-2.22555,-4.99573,-2.52425,-2.17895,-5,-0.205,-0.0465989,0.00427246,0.210273,0.925808,0.447801,-0.00131358,1.07901,0.612819,0
1781247149723873,106.284,-2.70495,-2.2153,-4.99591,-2.50265,-2.16659,-5,-0.202309,-0.0487075,0.00408936,0.20813,0.929227,0.458615,-0.00175715,1.08215,0.623676,0
1781247149739873,106.3,-2.68881,-2.20828,-4.99603,-2.48098,-2.15401,-5,-0.207831,-0.0542715,0.00396729,0.214837,0.931092,0.467064,-0.00217632,1.08526,0.634476,0
1781247149763873,106.324,-2.66466,-2.19747,-4.99625,-2.45928,-2.14124,-5,-0.205384,-0.0562367,0.00375366,0.212977,0.934308,0.479093,-0.00293233,1.08835,0.645195,0
1781247149779873,106.34,-2.64861,-2.19008,-4.99637,-2.43744,-2.1282,-5,-0.211167,-0.0618739,0.00363159,0.220075,0.936776,0.487293,-0.00225307,1.09141,0.655887,0
1781247149803873,106.364,-2.62457,-2.1787,-4.99655,-2.41559,-2.11498,-5,-0.208982,-0.0637147,0.00344849,0.218506,0.940059,0.499334,-0.00217434,1.09444,0.666492,0
1781247149819873,106.38,-2.6086,-2.17094,-4.99667,-2.39363,-2.10152,-5,-0.214973,-0.0694172,0.00332642,0.225928,0.940146,0.507092,-0.00119436,1.09746,0.677054,0
1781247149835873,106.396,-2.59267,-2.16303,-4.99677,-2.37166,-2.08788,-5,-0.221009,-0.0751424,0.00323486,0.233456,0.942061,0.51558,-0.000844103,1.10043,0.687522,0
1781247149859873,106.42,-2.56881,-2.15088,-4.99695,-2.34962,-2.07402,-5,-0.219195,-0.0768564,0.00305176,0.232299,0.945474,0.527177,-0.00244483,1.10338,0.69793,0
1781247149875873,106.436,-2.55291,-2.14261,-4.9971,-2.32753,-2.05997,-5,-0.225378,-0.0826437,0.00289917,0.24007,0.949349,0.535676,-0.00185142,1.10631,0.70826,0
1781247149899873,106.46,-2.52903,-2.12993,-4.99725,-2.30539,-2.04571,-5,-0.22364,-0.0842183,0.00274658,0.238988,0.954449,0.547734,2.96001e-05,1.1092,0.718518,0
1781247149923873,106.484,-2.50516,-2.11695,-4.99738,-2.28317,-2.03123,-5,-0.221987,-0.0857172,0.00262451,0.237976,0.955983,0.558619,0.000800126,1.11207,0.728712,0
1781247149939873,106.5,-2.4872,-2.1079,-4.99768,-2.26095,-2.01659,-5,-0.226251,-0.0913069,0.00231934,0.243992,0.958486,0.566415,0.000660612,1.1149,0.73881,0
1781247149963873,106.524,-2.46044,-2.09407,-4.99808,-2.23863,-2.00172,-5,-0.221817,-0.0923586,0.00192261,0.240285,0.962293,0.579415,0.00255506,1.11771,0.748855,0
1781247149979873,106.54,-2.44273,-2.08468,-4.99829,-2.21621,-1.98661,-5,-0.226521,-0.0980688,0.00170898,0.246844,0.963935,0.588122,0.00360085,1.1205,0.758842,0
1781247150003873,106.564,-2.41631,-2.07035,-4.9985,-2.19378,-1.97134,-5,-0.222534,-0.0990107,0.00149536,0.243571,0.96872,0.599921,0.00363845,1.12326,0.768735,0
1781247150019873,106.58,-2.39878,-2.06063,-4.99866,-2.17133,-1.9559,-5,-0.227448,-0.104727,0.00134277,0.250404,0.971589,0.608233,0.00376617,1.12598,0.778533,0
1781247150035873,106.596,-2.38131,-2.05076,-4.99878,-2.14879,-1.94023,-5,-0.23252,-0.110529,0.0012207,0.257456,0.974074,0.61726,0.00389376,1.12868,0.788272,0
1781247150059873,106.62,-2.35523,-2.03572,-4.99905,-2.12623,-1.9244,-5,-0.229,-0.111322,0.000946045,0.254626,0.976556,0.628349,0.00278941,1.13135,0.797916,0
1781247150083873,106.644,-2.32929,-2.0204,-4.9993,-2.10354,-1.90832,-5,-0.225746,-0.112073,0.000701904,0.252036,0.98043,0.641242,0.00202064,1.134,0.807512,0
1781247150099873,106.66,-2.31206,-2.01002,-4.99945,-2.08084,-1.89208,-5,-0.231224,-0.117943,0.000549316,0.259568,0.981549,0.647454,0.00271149,1.13661,0.817012,0
1781247150115873,106.676,-2.29489,-1.99954,-4.9996,-2.05808,-1.87565,-5,-0.236813,-0.123894,0.000396729,0.267264,0.984179,0.655359,0.00298158,1.1392,0.82643,0
1781247150139873,106.7,-2.26922,-1.98357,-4.99982,-2.03529,-1.85904,-5,-0.233933,-0.124527,0.000183105,0.265013,0.986572,0.66797,0.00256468,1.14175,0.83576,0
1781247150163873,106.724,-2.24366,-1.96728,-5.00003,-2.01247,-1.84226,-5,-0.231193,-0.125024,-3.05176e-05,0.262833,0.988484,0.680044,0.00274033,1.14428,0.844997,0
1781247150180177,106.74,-2.22669,-1.95628,-5.00012,-1.98952,-1.82524,-5,-0.237171,-0.131036,-0.00012207,0.270962,0.990006,0.687601,0.00313615,1.14678,0.854181,0
1781247150204177,106.764,-2.2013,-1.93954,-5.00027,-1.96658,-1.80808,-5,-0.234722,-0.131465,-0.000274658,0.26903,0.992712,0.698646,0.00229068,1.14925,0.863257,0
1781247150220177,106.78,-2.18441,-1.92824,-5.00037,-1.94357,-1.79072,-5,-0.240847,-0.137523,-0.000366211,0.277345,0.994702,0.70482,0.00275635,1.1517,0.872255,0
1781247150236177,106.796,-2.16755,-1.91685,-5.00043,-1.92053,-1.77321,-5,-0.247018,-0.143648,-0.000427246,0.28575,0.997255,0.710841,0.00270602,1.15411,0.881155,0
1781247150260177,106.82,-2.1423,-1.89956,-5.00055,-1.89745,-1.75551,-5,-0.244846,-0.144048,-0.000549316,0.284077,1.00023,0.722401,0.00256097,1.15649,0.889968,0
1781247150284177,106.844,-2.11709,-1.88199,-5.00061,-1.87419,-1.73754,-5,-0.242905,-0.144448,-0.000610352,0.28261,1.00284,0.732848,0.00331402,1.15886,0.898743,0
1781247150300177,106.86,-2.10033,-1.87013,-5.00064,-1.85091,-1.71942,-5,-0.249422,-0.150716,-0.000640869,0.291422,1.00311,0.740275,0.00361768,1.1612,0.907415,0
1781247150324177,106.884,-2.07527,-1.85212,-5.0007,-1.82779,-1.70129,-5,-0.247478,-0.150831,-0.000701904,0.28982,1.00408,0.750601,0.00331401,1.16349,0.915918,0
1781247150340177,106.9,-2.05654,-1.83996,-5.00076,-1.80453,-1.6829,-5,-0.252017,-0.15706,-0.000762939,0.296953,1.00751,0.756515,0.00402981,1.16575,0.924369,0
1781247150356177,106.916,-2.03791,-1.82771,-5.00079,-1.78124,-1.66438,-5,-0.256667,-0.163335,-0.000793457,0.304232,1.00903,0.763541,0.00385165,1.16799,0.932717,0
1781247150380177,106.94,-2.01016,-1.80913,-5.00085,-1.75777,-1.64557,-5,-0.252386,-0.163562,-0.000854492,0.300752,1.01195,0.77397,0.00406687,1.17021,0.941023,0
1781247150404177,106.964,-1.98262,-1.7903,-5.00089,-1.7344,-1.62671,-5,-0.248218,-0.163586,-0.00088501,0.297277,1.01578,0.783662,0.00398141,1.17239,0.949185,0
1781247150420177,106.98,-1.96436,-1.77761,-5.00095,-1.71091,-1.60763,-5,-0.253449,-0.169983,-0.000946045,0.305175,1.01748,0.790748,0.00321088,1.17454,0.957278,0
1781247150444177,107.004,-1.9371,-1.75838,-5.00101,-1.68745,-1.58844,-5,-0.249652,-0.169933,-0.00100708,0.302001,1.02136,0.801503,0.003519,1.17666,0.965252,0
1781247150460177,107.02,-1.91901,-1.74541,-5.00101,-1.66386,-1.56903,-5,-0.255148,-0.17638,-0.00100708,0.31018,1.02334,0.808309,0.00535794,1.17876,0.973158,0
1781247150484177,107.044,-1.89196,-1.72576,-5.00107,-1.64027,-1.54949,-5,-0.251696,-0.176263,-0.00106812,0.30728,1.02651,0.818825,0.00621113,1.18082,0.980953,0
1781247150500177,107.06,-1.874,-1.71251,-5.0011,-1.61663,-1.52979,-5,-0.257374,-0.182713,-0.00109863,0.315637,1.02798,0.826096,0.00565128,1.18286,0.988652,0
1781247150524177,107.084,-1.84715,-1.69244,-5.00119,-1.59298,-1.50997,-5,-0.254173,-0.182465,-0.00119019,0.312888,1.03165,0.836245,0.0040058,1.18486,0.996242,0
1781247150540177,107.1,-1.8293,-1.67893,-5.00125,-1.56927,-1.48998,-5,-0.260029,-0.18895,-0.00125122,0.321432,1.03427,0.841883,0.00360114,1.18684,1.00374,0
1781247150564177,107.124,-1.8026,-1.65849,-5.00131,-1.54555,-1.46985,-5,-0.257057,-0.188639,-0.00131226,0.318849,1.03679,0.850957,0.00335474,1.18878,1.01113,0
1781247150580177,107.14,-1.78485,-1.64475,-5.00137,-1.5217,-1.44951,-5,-0.263153,-0.195236,-0.00137329,0.327671,1.03958,0.856869,0.00340273,1.1907,1.01844,0
1781247150604177,107.164,-1.75826,-1.62396,-5.00137,-1.49786,-1.42907,-5,-0.260394,-0.194893,-0.00137329,0.325254,1.04296,0.865361,0.00490331,1.19259,1.02564,0
1781247150620177,107.18,-1.74058,-1.61,-5.0014,-1.47399,-1.40848,-5,-0.266591,-0.201511,-0.00140381,0.334185,1.04396,0.870721,0.00491444,1.19445,1.03274,0
1781247150636177,107.196,-1.72294,-1.59595,-5.00143,-1.45011,-1.38778,-5,-0.272832,-0.208165,-0.00143433,0.343179,1.0456,0.875905,0.00524247,1.19628,1.03972,0
1781247150660177,107.22,-1.69656,-1.5747,-5.00143,-1.42618,-1.36693,-5,-0.270377,-0.207766,-0.00143433,0.340988,1.04609,0.884851,0.00609183,1.19807,1.0466,0
1781247150684177,107.244,-1.67027,-1.55325,-5.00143,-1.40222,-1.34595,-5,-0.26805,-0.207302,-0.00143433,0.338861,1.04882,0.89387,0.00547467,1.19984,1.05338,0
1781247150700177,107.26,-1.65276,-1.53883,-5.00143,-1.37821,-1.32482,-5,-0.274549,-0.214007,-0.00143433,0.348106,1.05035,0.899205,0.005909,1.20158,1.06005,0
1781247150724177,107.284,-1.62654,-1.51705,-5.0014,-1.35416,-1.30355,-5,-0.272381,-0.213502,-0.00140381,0.346088,1.05243,0.906288,0.00645651,1.20328,1.06662,0
1781247150740177,107.3,-1.60747,-1.50207,-5.00125,-1.3301,-1.28217,-5,-0.277377,-0.219898,-0.00125122,0.35397,1.05401,0.912122,0.00668147,1.20496,1.07308,0
1781247150756177,107.316,-1.5885,-1.48701,-5.00113,-1.30603,-1.26068,-5,-0.282476,-0.226325,-0.00112915,0.361963,1.05583,0.918448,0.00661996,1.2066,1.07943,0
1781247150780177,107.34,-1.56022,-1.46428,-5.00092,-1.28185,-1.23901,-5,-0.278372,-0.225272,-0.000915527,0.358105,1.05834,0.927529,0.006378,1.20822,1.08569,0
1781247150804177,107.364,-1.53209,-1.44137,-5.00073,-1.25767,-1.21724,-5,-0.274423,-0.224136,-0.000732422,0.354323,1.06219,0.935686,0.00602885,1.20981,1.09183,0
1781247150820177,107.38,-1.51343,-1.426,-5.00058,-1.23345,-1.19533,-5,-0.279984,-0.230677,-0.000579834,0.362771,1.06389,0.941991,0.00567486,1.21137,1.09786,0
1781247150844177,107.404,-1.48556,-1.40283,-5.00043,-1.20921,-1.17332,-5,-0.276347,-0.229515,-0.000427246,0.359229,1.06663,0.948517,0.00478504,1.21289,1.10378,0
1781247150860177,107.42,-1.46706,-1.38731,-5.00034,-1.185,-1.15124,-5,-0.28206,-0.236069,-0.000335693,0.367813,1.06765,0.953763,0.00531734,1.21439,1.10958,0
1781247150884177,107.444,-1.43941,-1.36391,-5.00018,-1.16065,-1.12894,-5,-0.278763,-0.234964,-0.000183105,0.364578,1.07074,0.959819,0.00439585,1.21586,1.11529,0
1781247150900177,107.46,-1.42103,-1.34824,-5.00006,-1.13632,-1.10658,-5,-0.284716,-0.241661,-6.10352e-05,0.373448,1.07294,0.964227,0.00449416,1.21729,1.12088,0
1781247150916177,107.476,-1.40268,-1.33251,-5,-1.11197,-1.08412,-5,-0.290715,-0.248387,0,0.382376,1.07551,0.968804,0.0042369,1.2187,1.12635,0
1781247150940177,107.5,-1.37526,-1.30879,-4.99991,-1.08759,-1.06155,-5,-0.287662,-0.247242,9.15527e-05,0.379313,1.07607,0.975216,0.00441025,1.22007,1.13171,0
1781247150964177,107.524,-1.34795,-1.28497,-4.99982,-1.06322,-1.03891,-5,-0.284729,-0.24606,0.000183105,0.376319,1.07701,0.980919,0.00583874,1.22141,1.13696,0
1781247150980177,107.54,-1.3298,-1.26901,-4.99969,-1.03874,-1.01608,-5,-0.291061,-0.252933,0.000305176,0.385606,1.07894,0.985508,0.00640949,1.22273,1.1421,0
1781247151004177,107.564,-1.30265,-1.24494,-4.99948,-1.01429,-0.993198,-5,-0.288361,-0.25174,0.000518799,0.382787,1.08091,0.993332,0.00522116,1.22401,1.14712,0
1781247151020177,107.58,-1.28458,-1.2288,-4.99936,-0.989784,-0.970197,-5,-0.294796,-0.258605,0.000640869,0.39215,1.08185,0.998255,0.00510443,1.22526,1.15203,0
1781247151044177,107.604,-1.25754,-1.20447,-4.99918,-0.965296,-0.947136,-5,-0.292246,-0.257333,0.000823975,0.389395,1.08403,1.00533,0.00614934,1.22648,1.15682,0
1781247151060177,107.62,-1.23955,-1.18817,-4.99905,-0.940745,-0.923943,-5,-0.29881,-0.264229,0.000946045,0.39888,1.08494,1.00808,0.00580352,1.22768,1.1615,0
1781247151076177,107.636,-1.22159,-1.17183,-4.99899,-0.916183,-0.900671,-5,-0.305412,-0.27116,0.00100708,0.408418,1.08628,1.01173,0.00435062,1.22884,1.16606,0
1781247151100177,107.66,-1.19471,-1.14722,-4.99887,-0.891605,-0.877314,-5,-0.303102,-0.269909,0.00112915,0.40586,1.08779,1.01749,0.00408552,1.22997,1.1705,0
1781247151124177,107.684,-1.16788,-1.12246,-4.99881,-0.866995,-0.853861,-5,-0.300881,-0.268602,0.00119019,0.403333,1.08867,1.02467,0.00226619,1.23106,1.17483,0
1781247151140177,107.7,-1.14848,-1.1045,-4.99875,-0.842385,-0.830343,-5,-0.306097,-0.274158,0.00125122,0.410926,1.09029,1.03041,0.00186554,1.23213,1.17904,0
1781247151156177,107.716,-1.12917,-1.08652,-4.99875,-0.817766,-0.806754,-5,-0.3114,-0.279766,0.00125122,0.418617,1.09315,1.03576,0.000720745,1.23317,1.18313,0
1781247151180487,107.741,-1.10031,-1.05953,-4.99872,-0.792946,-0.782911,-5,-0.307368,-0.276617,0.00128174,0.413514,1.09593,1.04337,0.000235677,1.23418,1.18712,0
1781247151204487,107.765,-1.07159,-1.0325,-4.99872,-0.768281,-0.759157,-5,-0.30331,-0.273338,0.00128174,0.408304,1.10051,1.05086,0.00124506,1.23516,1.19097,0
1781247151220487,107.781,-1.05251,-1.01445,-4.99869,-0.74369,-0.735417,-5,-0.308815,-0.279037,0.00131226,0.41621,1.10252,1.05539,0.00106151,1.2361,1.19469,0
1781247151236487,107.797,-1.03348,-0.996398,-4.99866,-0.718865,-0.711396,-5,-0.314612,-0.285002,0.00134277,0.42451,1.10378,1.05991,0.00165429,1.23701,1.19832,0
1781247151260487,107.821,-1.00503,-0.969287,-4.99863,-0.694229,-0.687505,-5,-0.310805,-0.281782,0.00137329,0.419527,1.10658,1.06575,0.00108939,1.23789,1.2018,0
1781247151284487,107.845,-0.97673,-0.942152,-4.99863,-0.669412,-0.663385,-5,-0.307318,-0.278767,0.00137329,0.414918,1.10737,1.07066,0.000279826,1.23875,1.20519,0
1781247151300487,107.861,-0.957939,-0.924046,-4.99863,-0.644646,-0.639265,-5,-0.313293,-0.284781,0.00137329,0.423384,1.10798,1.07503,3.52027e-05,1.23957,1.20844,0
1781247151324487,107.885,-0.929848,-0.89686,-4.99866,-0.619846,-0.615064,-5,-0.310002,-0.281795,0.00134277,0.418941,1.10888,1.07887,1.59607e-05,1.24036,1.21158,0
1781247151340487,107.901,-0.911183,-0.878736,-4.99866,-0.595043,-0.590814,-5,-0.31614,-0.287922,0.00134277,0.427605,1.10987,1.0821,-0.000151208,1.24112,1.21459,0
1781247151364487,107.925,-0.883263,-0.851487,-4.99869,-0.570169,-0.56645,-5,-0.313094,-0.285037,0.00131226,0.423409,1.11054,1.08962,0.00154229,1.24185,1.21749,0
1781247151380487,107.941,-0.864703,-0.833267,-4.99869,-0.545307,-0.542054,-5,-0.319396,-0.291213,0.00131226,0.432228,1.11156,1.09427,0.00186831,1.24254,1.22026,0
1781247151404487,107.965,-0.836946,-0.805894,-4.99866,-0.520529,-0.5177,-5,-0.316417,-0.288194,0.00134277,0.427992,1.11297,1.09871,0.00340156,1.24321,1.22291,0
1781247151420487,107.981,-0.818468,-0.787646,-4.99863,-0.495657,-0.493216,-5,-0.322811,-0.29443,0.00137329,0.436919,1.11382,1.099,0.00329938,1.24384,1.22543,0
1781247151444487,108.005,-0.790811,-0.760283,-4.99857,-0.470832,-0.468739,-5,-0.319979,-0.291543,0.00143433,0.432881,1.11591,1.10333,0.0037636,1.24445,1.22783,0
1781247151460487,108.021,-0.772394,-0.742017,-4.99854,-0.445816,-0.444041,-5,-0.326577,-0.297977,0.00146484,0.442092,1.11738,1.10585,0.00486714,1.24502,1.23012,0
1781247151484487,108.045,-0.744825,-0.71462,-4.99841,-0.421027,-0.419532,-5,-0.323798,-0.295088,0.00158691,0.438092,1.11864,1.10909,0.00586727,1.24556,1.23227,0
1781247151500487,108.061,-0.726474,-0.696344,-4.99835,-0.396057,-0.394812,-5,-0.330417,-0.301532,0.00164795,0.447325,1.11929,1.11128,0.00548127,1.24607,1.23431,0
1781247151524487,108.085,-0.698998,-0.668899,-4.99823,-0.37101,-0.369987,-5,-0.327989,-0.298912,0.00177002,0.443766,1.1205,1.1154,0.00602682,1.24655,1.23624,0
1781247151540487,108.101,-0.678998,-0.649342,-4.99811,-0.346105,-0.345275,-5,-0.332893,-0.304067,0.00189209,0.450864,1.12189,1.11811,0.00707218,1.247,1.23802,0
1781247151564487,108.125,-0.649175,-0.620081,-4.99789,-0.32129,-0.320626,-5,-0.327885,-0.299455,0.00210571,0.444057,1.1241,1.12223,0.00626409,1.24742,1.23968,0
1781247151580487,108.141,-0.62941,-0.600611,-4.99777,-0.296373,-0.295852,-5,-0.333037,-0.304759,0.00222778,0.451438,1.12428,1.1242,0.00553707,1.2478,1.24122,0
1781247151604487,108.165,-0.599943,-0.571503,-4.99762,-0.271334,-0.270934,-5,-0.328609,-0.300569,0.00238037,0.445344,1.12571,1.12625,0.00555393,1.24816,1.24264,0
1781247151620487,108.181,-0.580393,-0.552149,-4.99753,-0.246355,-0.246056,-5,-0.334038,-0.306093,0.00247192,0.453079,1.1276,1.12888,0.00499704,1.24848,1.24393,0
1781247151644487,108.205,-0.551172,-0.523159,-4.99741,-0.221396,-0.221179,-5,-0.329776,-0.301981,0.00259399,0.447159,1.12986,1.13169,0.00577162,1.24877,1.2451,0
1781247151660487,108.221,-0.531766,-0.503881,-4.99731,-0.195727,-0.195577,-5,-0.336038,-0.308303,0.00268555,0.456048,1.13194,1.13282,0.00623862,1.24904,1.24617,0
1781247151684487,108.245,-0.502757,-0.475039,-4.99719,-0.171464,-0.171364,-5,-0.331293,-0.303675,0.00280762,0.449423,1.13295,1.13373,0.00548376,1.24926,1.24706,0
1781247151700487,108.261,-0.483489,-0.45586,-4.9971,-0.14638,-0.146317,-5,-0.337109,-0.309543,0.00289917,0.457677,1.13483,1.13476,0.00624396,1.24946,1.24786,0
1781247151724487,108.285,-0.454678,-0.427151,-4.99701,-0.121436,-0.1214,-5,-0.333242,-0.305751,0.00299072,0.452265,1.13656,1.13625,0.00729237,1.24963,1.24853,0
1781247151740487,108.301,-0.435533,-0.408052,-4.99692,-0.0964973,-0.0964794,-5,-0.339036,-0.311573,0.00308228,0.46047,1.13727,1.13766,0.00742515,1.24977,1.24907,0
1781247151764487,108.325,-0.406888,-0.379458,-4.99673,-0.0711974,-0.0711902,-5,-0.335691,-0.308268,0.00326538,0.455772,1.13963,1.13908,0.00852325,1.24987,1.24949,0
1781247151780487,108.341,-0.387828,-0.360425,-4.99664,-0.0464862,-0.0464842,-5,-0.341342,-0.313941,0.00335693,0.463772,1.14065,1.13917,0.00687986,1.24995,1.24978,0
1781247151804487,108.365,-0.359323,-0.33194,-4.99652,-0.0214982,-0.021498,-5,-0.337825,-0.310442,0.003479,0.458816,1.14148,1.14072,0.00559668,1.24999,1.24995,0
1781247151820487,108.381,-0.34037,-0.312988,-4.99646,0.00348643,0.00348643,-5,-0.343856,-0.316474,0.00354004,0.467339,1.14202,1.14026,0.00391591,1.25,1.25,0
1781247151844487,108.405,-0.312049,-0.28459,-4.9964,0.0284766,0.0284762,-5,-0.340525,-0.313066,0.00360107,0.462581,1.13952,1.14263,0.00302821,1.24998,1.24992,0
1781247151860487,108.421,-0.293255,-0.265678,-4.99637,0.0535626,0.0535595,-5,-0.346818,-0.319237,0.00363159,0.47139,1.13924,1.14277,0.00335344,1.24993,1.24971,0
1781247151884487,108.445,-0.265136,-0.237377,-4.99634,0.0784961,0.0784864,-5,-0.343632,-0.315864,0.00366211,0.466762,1.14016,1.14159,0.00399831,1.24985,1.24938,0
1781247151900487,108.461,-0.246432,-0.218571,-4.99628,0.103516,0.103494,-5,-0.349948,-0.322065,0.00372314,0.475609,1.1399,1.14112,0.00341708,1.24973,1.24893,0
1781247151924487,108.485,-0.21844,-0.190427,-4.99622,0.128481,0.128439,-5,-0.346921,-0.318866,0.00378418,0.471215,1.13986,1.14101,0.00425459,1.24959,1.24835,0
1781247151940487,108.501,-0.197861,-0.16969,-4.99628,0.153451,0.153379,-5,-0.351311,-0.323068,0.00372314,0.477291,1.14023,1.14352,0.00382182,1.24941,1.24765,0
1781247151964487,108.525,-0.167196,-0.138771,-4.99634,0.178497,0.178383,-5,-0.345693,-0.317154,0.00366211,0.469152,1.14212,1.14488,0.00168842,1.2492,1.24681,0
1781247151980487,108.541,-0.14689,-0.118289,-4.99646,0.203446,0.203277,-5,-0.350336,-0.321566,0.00354004,0.475555,1.14342,1.14432,-9.71254e-07,1.24896,1.24586,0
1781247152004487,108.565,-0.116604,-0.0877538,-4.99661,0.228407,0.228169,-5,-0.345012,-0.315923,0.00338745,0.467816,1.14488,1.14613,-0.00106025,1.2487,1.24478,0
1781247152020487,108.581,-0.0965304,-0.0675068,-4.9967,0.253393,0.253068,-5,-0.349924,-0.320574,0.0032959,0.474579,1.14556,1.14657,-0.000800447,1.24839,1.24358,0
1781247152036487,108.597,-0.0765402,-0.0473476,-4.9968,0.278339,0.277907,-5,-0.354879,-0.325255,0.00320435,0.481394,1.14695,1.14696,-0.00204035,1.24806,1.24225,0
1781247152060487,108.621,-0.0466974,-0.0172782,-4.99695,0.303188,0.30263,-5,-0.349886,-0.319909,0.00305176,0.4741,1.14824,1.14571,-0.00178216,1.2477,1.24081,0
1781247152084487,108.645,-0.0169966,0.0126003,-4.99707,0.328248,0.32754,-5,-0.345245,-0.31494,0.00292969,0.467322,1.15051,1.14576,-0.00146503,1.2473,1.23923,0
1781247152100487,108.661,0.00272323,0.032415,-4.99713,0.35318,0.352298,-5,-0.350457,-0.319883,0.00286865,0.474504,1.15154,1.14498,-0.00135794,1.24688,1.23753,0
1781247152124487,108.685,0.0321868,0.0619831,-4.99722,0.378301,0.377217,-5,-0.346114,-0.315234,0.0027771,0.468161,1.15273,1.14509,-0.00092523,1.24642,1.23569,0
1781247152140487,108.701,0.0517508,0.0816223,-4.99725,0.403076,0.401764,-5,-0.351326,-0.320142,0.00274658,0.475319,1.15257,1.14565,-2.8627e-05,1.24593,1.23375,0
1781247152164487,108.725,0.0809814,0.110938,-4.99728,0.427898,0.426328,-5,-0.346917,-0.31539,0.00271606,0.46886,1.15377,1.14325,0.00133971,1.24541,1.23169,0
1781247152180487,108.741,0.100403,0.130373,-4.99725,0.452908,0.451046,-5,-0.352505,-0.320673,0.00274658,0.476548,1.15507,1.14221,0.00155893,1.24486,1.22949,0
1781247152204800,108.765,0.129459,0.159411,-4.99719,0.477893,0.475705,-5,-0.348433,-0.316294,0.00280762,0.470591,1.15528,1.14222,0.00163539,1.24428,1.22716,0
1781247152220800,108.781,0.14875,0.178695,-4.99716,0.502716,0.500169,-5,-0.353966,-0.321474,0.00283813,0.478169,1.15557,1.14187,0.00203182,1.24367,1.22473,0
1781247152244800,108.805,0.17757,0.207504,-4.9971,0.527497,0.524553,-5,-0.349927,-0.31705,0.00289917,0.472205,1.15419,1.13996,0.00218181,1.24302,1.22217,0
1781247152260800,108.821,0.196717,0.226613,-4.99704,0.552277,0.548898,-5,-0.35556,-0.322285,0.00296021,0.479895,1.15419,1.13784,0.00433456,1.24235,1.2195,0
1781247152284800,108.845,0.225342,0.255148,-4.99689,0.57714,0.573282,-5,-0.351798,-0.318134,0.00311279,0.474321,1.15454,1.13627,0.00637278,1.24164,1.21669,0
1781247152300800,108.861,0.244372,0.274085,-4.99677,0.601817,0.597442,-5,-0.357446,-0.323357,0.00323486,0.482014,1.15497,1.13315,0.00594513,1.24091,1.21378,0
1781247152324800,108.885,0.272831,0.302322,-4.99661,0.626635,0.621694,-5,-0.353804,-0.319372,0.00338745,0.476642,1.15508,1.12954,0.00520183,1.24014,1.21073,0
1781247152340800,108.901,0.292869,0.323003,-4.99664,0.651424,0.645872,-5,-0.358555,-0.322869,0.00335693,0.482512,1.15542,1.12847,0.00472521,1.23935,1.20756,0
1781247152364800,108.925,0.32276,0.353716,-4.99673,0.676303,0.670088,-5,-0.353544,-0.316372,0.00326538,0.474442,1.15604,1.12467,0.00425017,1.23851,1.20426,0
1781247152380800,108.941,0.34259,0.374001,-4.99677,0.700953,0.694031,-5,-0.358364,-0.32003,0.00323486,0.480473,1.15705,1.12419,0.00484699,1.23766,1.20087,0
1781247152404800,108.965,0.372213,0.404168,-4.99686,0.725708,0.718024,-5,-0.353495,-0.313855,0.00314331,0.47273,1.15796,1.12043,0.00472178,1.23676,1.19733,0
1781247152420800,108.981,0.391883,0.424082,-4.99689,0.750628,0.742121,-5,-0.358745,-0.318039,0.00311279,0.479433,1.15843,1.11687,0.00484171,1.23583,1.19366,0
1781247152444800,109.005,0.421234,0.453693,-4.99695,0.775219,0.765845,-5,-0.353985,-0.312151,0.00305176,0.471968,1.15726,1.11435,0.0043912,1.23488,1.1899,0
1781247152460800,109.021,0.440713,0.473279,-4.99701,0.799823,0.789523,-5,-0.35911,-0.316244,0.00299072,0.478518,1.15736,1.11225,0.00442236,1.2339,1.18603,0
1781247152484800,109.045,0.469812,0.502446,-4.99701,0.824468,0.813182,-5,-0.354656,-0.310736,0.00299072,0.471536,1.15618,1.11076,0.00669376,1.23289,1.18203,0
1781247152500800,109.061,0.489118,0.521754,-4.99701,0.849101,0.836767,-5,-0.359982,-0.315013,0.00299072,0.478361,1.15574,1.10828,0.00649709,1.23184,1.1779,0
1781247152524800,109.085,0.517981,0.550499,-4.99698,0.873814,0.860366,-5,-0.355833,-0.309867,0.00302124,0.471852,1.15646,1.1049,0.00635397,1.23076,1.17365,0
1781247152540800,109.101,0.537157,0.569522,-4.99695,0.898317,0.883699,-5,-0.36116,-0.314177,0.00305176,0.478699,1.15567,1.10151,0.00732461,1.22966,1.1693,0
1781247152564800,109.125,0.565792,0.597835,-4.99689,0.923054,0.907188,-5,-0.357261,-0.309353,0.00311279,0.472594,1.15432,1.09795,0.00495135,1.22851,1.1648,0
1781247152580800,109.141,0.584823,0.616586,-4.99686,0.947445,0.93028,-5,-0.362621,-0.313694,0.00314331,0.479487,1.15515,1.09584,0.0049493,1.22735,1.16023,0
1781247152604800,109.165,0.613311,0.644518,-4.99683,0.971991,0.953448,-5,-0.35868,-0.308931,0.00317383,0.473392,1.15526,1.09177,0.00419735,1.22615,1.15552,0
1781247152620800,109.181,0.632242,0.66302,-4.99686,0.996491,0.9765,-5,-0.364249,-0.31348,0.00314331,0.48058,1.155,1.08965,0.00458797,1.22492,1.1507,0
1781247152644800,109.205,0.660544,0.690591,-4.99683,1.02098,0.999466,-5,-0.360434,-0.308875,0.00317383,0.474685,1.15403,1.08506,0.00437611,1.22366,1.14576,0
1781247152660800,109.221,0.679367,0.708835,-4.99686,1.04583,1.0227,-5,-0.366463,-0.313862,0.00314331,0.482509,1.15428,1.08143,0.00282138,1.22235,1.14062,0
1781247152684800,109.245,0.707537,0.735994,-4.99686,1.06986,1.04509,-5,-0.362328,-0.309092,0.00314331,0.476265,1.15416,1.07555,0.00319267,1.22105,1.13554,0
1781247152700800,109.261,0.726268,0.753966,-4.99686,1.09425,1.06772,-5,-0.367982,-0.313757,0.00314331,0.483595,1.15392,1.07198,0.00377775,1.2197,1.13026,0
1781247152724800,109.285,0.754281,0.780726,-4.99686,1.11863,1.09027,-5,-0.364348,-0.309548,0.00314331,0.478099,1.15137,1.06654,0.00492906,1.21832,1.12487,0
1781247152740800,109.301,0.774642,0.801029,-4.99677,1.14298,1.11272,-5,-0.368343,-0.311691,0.00323486,0.482533,1.15079,1.06515,0.0044529,1.2169,1.11936,0
1781247152764800,109.325,0.804952,0.831129,-4.99667,1.1673,1.13504,-5,-0.362346,-0.303913,0.00332642,0.472936,1.14986,1.06262,0.0047725,1.21546,1.11374,0
1781247152780800,109.341,0.825025,0.85096,-4.99658,1.1916,1.15726,-5,-0.36657,-0.306301,0.00341797,0.477709,1.1504,1.06012,0.00556536,1.21398,1.10801,0
1781247152804800,109.365,0.854967,0.880364,-4.99646,1.21585,1.17936,-5,-0.360886,-0.298993,0.00354004,0.468666,1.15026,1.0564,0.00502985,1.21248,1.10217,0
1781247152820800,109.381,0.874812,0.89974,-4.9964,1.24008,1.20134,-5,-0.365272,-0.3016,0.00360107,0.473708,1.15039,1.05292,0.00422468,1.21094,1.09622,0
1781247152844800,109.405,0.9044,0.928454,-4.99634,1.26428,1.2232,-5,-0.359884,-0.294745,0.00366211,0.465193,1.14918,1.0472,0.00422956,1.20938,1.09016,0
1781247152860800,109.421,0.924037,0.94738,-4.99631,1.28845,1.24494,-5,-0.364412,-0.297556,0.00369263,0.470477,1.1505,1.04402,0.00290052,1.20778,1.08399,0
1781247152884800,109.445,0.953366,0.975463,-4.99628,1.31256,1.26653,-5,-0.359199,-0.291068,0.00372314,0.46234,1.15092,1.03848,0.00173327,1.20616,1.07772,0
1781247152900800,109.461,0.972833,0.993977,-4.99625,1.33668,1.28803,-5,-0.363847,-0.294053,0.00375366,0.467831,1.15008,1.034,0.000944603,1.2045,1.07133,0
1781247152924800,109.485,1.00189,1.02144,-4.99625,1.36076,1.30939,-5,-0.358865,-0.287955,0.00375366,0.460126,1.15056,1.02769,0.00137164,1.20282,1.06483,0
1781247152940800,109.501,1.02118,1.03956,-4.99625,1.38479,1.33062,-5,-0.363617,-0.291058,0.00375366,0.465775,1.14857,1.02405,0.000952567,1.2011,1.05823,0
1781247152964800,109.525,1.04996,1.06646,-4.99622,1.40875,1.35168,-5,-0.358798,-0.285218,0.00378418,0.458366,1.14764,1.01816,0.00177368,1.19936,1.05154,0
1781247152980800,109.541,1.06906,1.08421,-4.99619,1.43275,1.37267,-5,-0.363693,-0.288458,0.0038147,0.464215,1.14727,1.01378,0.00260954,1.19758,1.04472,0
1781247153004800,109.565,1.09763,1.11056,-4.99615,1.45669,1.3935,-5,-0.359054,-0.282931,0.00384521,0.457148,1.14669,1.00706,0.00245909,1.19578,1.03781,0
1781247153020800,109.581,1.1166,1.12795,-4.99612,1.48057,1.41417,-5,-0.363973,-0.28622,0.00387573,0.463048,1.14588,1.00223,0.00217042,1.19394,1.03079,0
1781247153044800,109.605,1.14494,1.15374,-4.99609,1.50443,1.43472,-5,-0.359488,-0.280977,0.00390625,0.456285,1.14497,0.99468,0.00197929,1.19208,1.02367,0
1781247153060800,109.621,1.16377,1.17076,-4.99606,1.52822,1.45509,-5,-0.364449,-0.284331,0.00393677,0.462259,1.14396,0.989146,0.00151735,1.19018,1.01645,0
1781247153084800,109.645,1.19193,1.19601,-4.99603,1.55203,1.47537,-5,-0.360103,-0.279356,0.00396729,0.455774,1.14395,0.982195,0.000765207,1.18825,1.00912,0
1781247153100800,109.661,1.21064,1.21268,-4.99603,1.57578,1.49548,-5,-0.365135,-0.282795,0.00396729,0.461857,1.14346,0.97713,0.000223182,1.1863,1.00169,0
1781247153124800,109.685,1.23862,1.23741,-4.996,1.59947,1.51543,-5,-0.360852,-0.278014,0.0039978,0.455546,1.14157,0.967518,-0.000398463,1.18432,0.994169,0
1781247153140800,109.701,1.25793,1.25629,-4.99603,1.62312,1.53522,-5,-0.365188,-0.27893,0.00396729,0.459544,1.13963,0.963806,-0.000625523,1.1823,0.986547,0
1781247153164800,109.725,1.28675,1.28413,-4.99609,1.64677,1.55489,-5,-0.360019,-0.270769,0.00390625,0.450494,1.1393,0.955272,-0.00173655,1.18026,0.978813,0
1781247153180800,109.741,1.30587,1.30238,-4.99619,1.67035,1.57439,-5,-0.364476,-0.272009,0.0038147,0.454804,1.13871,0.950499,-0.00252582,1.17819,0.970993,0
1781247153205116,109.765,1.33442,1.32933,-4.99625,1.69387,1.59371,-5,-0.359449,-0.264383,0.00375366,0.446224,1.13718,0.943693,-0.00117526,1.17608,0.96308,0
1781247153221116,109.781,1.35336,1.34703,-4.99631,1.71738,1.6129,-5,-0.364022,-0.265864,0.00369263,0.450787,1.13576,0.939637,-0.0012291,1.17395,0.955061,0
1781247153237116,109.797,1.37221,1.36452,-4.99637,1.74082,1.6319,-5,-0.368606,-0.267383,0.00363159,0.455387,1.13349,0.933517,-0.00146001,1.17179,0.946956,0
1781247153261116,109.821,1.40033,1.39033,-4.99649,1.76424,1.65076,-5,-0.363905,-0.260432,0.00350952,0.447509,1.13075,0.925452,-0.00147557,1.1696,0.938747,0
1781247153285116,109.845,1.42828,1.41572,-4.99658,1.78761,1.66946,-5,-0.359326,-0.253737,0.00341797,0.439897,1.12744,0.919093,-0.00223492,1.16738,0.930446,0
1781247153301116,109.861,1.44682,1.43241,-4.99667,1.81095,1.68799,-5,-0.364128,-0.255577,0.00332642,0.444882,1.12608,0.913859,-0.00209551,1.16513,0.922048,0
1781247153325116,109.885,1.4745,1.45709,-4.99677,1.8342,1.70632,-5,-0.359697,-0.249236,0.00323486,0.43762,1.12397,0.904584,-0.00194798,1.16286,0.913573,0
1781247153341116,109.901,1.49288,1.4733,-4.99683,1.85741,1.7245,-5,-0.364529,-0.2512,0.00317383,0.442711,1.12242,0.899333,-0.000926228,1.16055,0.905002,0
1781247153365116,109.925,1.52034,1.49726,-4.99686,1.88057,1.74249,-5,-0.360232,-0.245228,0.00314331,0.435791,1.11994,0.890037,-5.68591e-05,1.15822,0.896344,0
1781247153381116,109.941,1.53858,1.51301,-4.99689,1.90375,1.76036,-5,-0.365172,-0.247345,0.00311279,0.441066,1.11872,0.884385,7.43598e-05,1.15585,0.887574,0
1781247153405116,109.965,1.56582,1.53631,-4.99689,1.92683,1.77801,-5,-0.361009,-0.241706,0.00311279,0.434464,1.11552,0.875435,-0.000106847,1.15345,0.878731,0
1781247153421116,109.981,1.58392,1.55163,-4.99692,1.94988,1.7955,-5,-0.365963,-0.243871,0.00308228,0.439786,1.11354,0.870142,0.000345168,1.15103,0.869797,0
1781247153445116,110.005,1.61095,1.57428,-4.99692,1.97287,1.8128,-5,-0.361924,-0.238517,0.00308228,0.433461,1.11092,0.860103,-0.000736005,1.14858,0.860778,0
1781247153461116,110.021,1.62889,1.58916,-4.99692,1.99581,1.82992,-5,-0.366914,-0.24076,0.00308228,0.438863,1.10861,0.852269,-0.000117254,1.1461,0.851675,0
1781247153477116,110.037,1.64678,1.60384,-4.99695,2.0187,1.84686,-5,-0.37192,-0.243012,0.00305176,0.444284,1.1066,0.844528,0.000313035,1.14359,0.842485,0
1781247153501116,110.061,1.67351,1.62554,-4.99692,2.04153,1.8636,-5,-0.368027,-0.238063,0.00308228,0.438324,1.10461,0.833867,0.000416835,1.14106,0.833214,0
1781247153525116,110.085,1.70013,1.64684,-4.99695,2.06434,1.88018,-5,-0.364209,-0.233335,0.00305176,0.432553,1.10191,0.823339,-0.000776956,1.13849,0.823852,0
1781247153541116,110.101,1.71896,1.6631,-4.99695,2.08707,1.89656,-5,-0.368119,-0.233462,0.00305176,0.43592,1.10182,0.818248,0.000166762,1.1359,0.814412,0
1781247153565116,110.125,1.74704,1.68701,-4.99692,2.10976,1.91275,-5,-0.362714,-0.225736,0.00308228,0.427233,1.10127,0.809275,0.00183597,1.13327,0.804892,0
1781247153581116,110.141,1.76566,1.70263,-4.99689,2.13241,1.92876,-5,-0.366753,-0.22613,0.00311279,0.430874,1.10029,0.801203,0.00183041,1.13062,0.795283,0
1781247153597116,110.157,1.7842,1.71798,-4.99689,2.15502,1.94458,-5,-0.370824,-0.226608,0.00311279,0.434593,1.0998,0.794804,0.00229928,1.12794,0.785589,0
1781247153621116,110.181,1.81186,1.74056,-4.99686,2.17747,1.96014,-5,-0.365614,-0.219583,0.00314331,0.426497,1.09684,0.785052,0.00236416,1.12524,0.775862,0
1781247153645116,110.205,1.83933,1.76263,-4.99686,2.19996,1.97557,-5,-0.360632,-0.212937,0.00314331,0.418816,1.09577,0.775608,0.0020096,1.1225,0.766016,0
1781247153661116,110.221,1.85757,1.77706,-4.99686,2.2224,1.9908,-5,-0.364832,-0.213736,0.00314331,0.422842,1.09537,0.767239,0.00175643,1.11974,0.756094,0
1781247153685116,110.245,1.88481,1.79828,-4.99683,2.2449,2.00591,-5,-0.360095,-0.207631,0.00317383,0.415679,1.09342,0.757055,0.00117079,1.11693,0.746042,0
1781247153701116,110.261,1.90287,1.81217,-4.9968,2.26706,2.02063,-5,-0.364191,-0.20846,0.00320435,0.419644,1.09098,0.750808,0.00174177,1.11413,0.736045,0
1781247153725116,110.285,1.92982,1.83263,-4.9968,2.2893,2.03524,-5,-0.359484,-0.202611,0.00320435,0.412662,1.08858,0.740776,-0.000526797,1.11128,0.72591,0
1781247153741116,110.301,1.94772,1.84602,-4.9968,2.3116,2.04973,-5,-0.363888,-0.203708,0.00320435,0.41704,1.08845,0.732909,-0.000140894,1.10839,0.715649,0
1781247153765116,110.325,1.97445,1.86568,-4.9968,2.33372,2.06392,-5,-0.359264,-0.198238,0.00320435,0.410341,1.08585,0.720363,-0.000823385,1.10549,0.705377,0
1781247153781116,110.341,1.99221,1.87855,-4.9968,2.3557,2.07786,-5,-0.363485,-0.199314,0.00320435,0.414557,1.08443,0.713761,-0.000865145,1.10257,0.695069,0
1781247153805116,110.365,2.01873,1.89749,-4.99683,2.37772,2.09166,-5,-0.358991,-0.194173,0.00317383,0.408152,1.08148,0.701851,-0.001009,1.09962,0.684645,0
1781247153821116,110.381,2.03633,1.90985,-4.99683,2.39969,2.10525,-5,-0.363362,-0.195399,0.00317383,0.412581,1.07939,0.693862,-0.0013553,1.09663,0.67415,0
1781247153845116,110.405,2.06261,1.92804,-4.99683,2.42169,2.11869,-5,-0.359078,-0.190649,0.00317383,0.406564,1.07656,0.681036,-0.00203806,1.0936,0.663544,0
1781247153861116,110.421,2.08003,1.93991,-4.99683,2.44341,2.13178,-5,-0.363377,-0.191878,0.00317383,0.410938,1.07406,0.67263,-0.00214359,1.09058,0.652974,0
1781247153885116,110.445,2.10606,1.95734,-4.99683,2.4653,2.1448,-5,-0.359245,-0.18746,0.00317383,0.405226,1.07088,0.659454,-0.00111805,1.08749,0.642227,0
1781247153901116,110.461,2.12334,1.96872,-4.99683,2.48693,2.15749,-5,-0.363595,-0.188761,0.00317383,0.409685,1.06864,0.651699,-0.00120661,1.08441,0.631517,0
1781247153925116,110.485,2.14915,1.98545,-4.9968,2.50856,2.16999,-5,-0.35941,-0.184539,0.00320435,0.404031,1.06615,0.639753,-0.00311935,1.08129,0.620714,0
1781247153941116,110.501,2.16677,1.99839,-4.99667,2.53014,2.18229,-5,-0.363372,-0.183903,0.00332642,0.407272,1.06306,0.632696,-0.00266065,1.07815,0.609837,0
1781247153965116,110.525,2.19306,2.01731,-4.99646,2.55168,2.19438,-5,-0.358624,-0.177075,0.00354004,0.399974,1.06088,0.620909,-0.00341619,1.07497,0.598892,0
1781247153981116,110.541,2.2105,2.02958,-4.99634,2.57316,2.20626,-5,-0.362664,-0.17668,0.00366211,0.403428,1.05906,0.61283,-0.00298831,1.07176,0.587883,0
1781247154005116,110.565,2.23652,2.04751,-4.99615,2.59463,2.21794,-5,-0.35811,-0.170427,0.00384521,0.396615,1.05564,0.600014,-0.000446815,1.06852,0.576791,0
1781247154021116,110.581,2.25378,2.05913,-4.996,2.61597,2.22936,-5,-0.362186,-0.170235,0.0039978,0.400218,1.05406,0.590617,-0.000756974,1.06527,0.565671,0
1781247154045116,110.605,2.27958,2.07609,-4.99582,2.63732,2.24061,-5,-0.357741,-0.164513,0.00418091,0.393778,1.05279,0.578704,-0.00103111,1.06197,0.554455,0
1781247154061116,110.621,2.29669,2.08712,-4.99573,2.65833,2.25148,-5,-0.361634,-0.164361,0.00427246,0.397255,1.0504,0.57096,9.50369e-05,1.05869,0.54333,0
1781247154085116,110.645,2.32225,2.10322,-4.99551,2.67949,2.26225,-5,-0.357238,-0.159022,0.00448608,0.391059,1.04717,0.558267,0.000878508,1.05535,0.532033,0
1781247154101116,110.661,2.33919,2.11369,-4.99542,2.70048,2.27274,-5,-0.361292,-0.159043,0.00457764,0.394776,1.04353,0.551153,0.000737114,1.052,0.520738,0
1781247154125116,110.685,2.36446,2.12899,-4.99527,2.72155,2.28306,-5,-0.357091,-0.154074,0.00473022,0.388941,1.03902,0.538405,-0.00135444,1.04861,0.509318,0
1781247154141116,110.701,2.3812,2.13892,-4.99521,2.74244,2.29311,-5,-0.361234,-0.154192,0.00479126,0.392795,1.03581,0.530653,-0.00202934,1.0452,0.497903,0
1781247154165116,110.725,2.40622,2.1534,-4.99512,2.76337,2.30299,-5,-0.357147,-0.149583,0.00488281,0.387238,1.03269,0.516642,-0.000864654,1.04175,0.486379,0
1781247154181116,110.741,2.42283,2.16278,-4.99506,2.78416,2.31259,-5,-0.361333,-0.149814,0.00494385,0.391191,1.03069,0.506916,-0.00163063,1.03828,0.474845,0
1781247154205116,110.765,2.44763,2.17644,-4.99503,2.80488,2.32197,-5,-0.357253,-0.145532,0.00497437,0.38579,1.02825,0.492618,-0.00254023,1.03479,0.463265,0
1781247154221433,110.782,2.46411,2.18527,-4.995,2.8256,2.33115,-5,-0.361489,-0.14587,0.00500488,0.389843,1.02671,0.483368,-0.00231721,1.03126,0.451598,0
1781247154237433,110.798,2.48055,2.1939,-4.995,2.84619,2.34006,-5,-0.36564,-0.14616,0.00500488,0.393803,1.02415,0.474081,-0.00312281,1.02772,0.439922,0
1781247154261433,110.822,2.50508,2.20646,-4.99496,2.86664,2.34871,-5,-0.361563,-0.142256,0.0050354,0.388575,1.01985,0.460885,-0.00383621,1.02416,0.428237,0
1781247154285433,110.846,2.52951,2.21858,-4.99496,2.88708,2.35716,-5,-0.357568,-0.138576,0.0050354,0.383515,1.01712,0.447716,-0.0033764,1.02056,0.416479,0
1781247154301433,110.862,2.54574,2.22641,-4.99493,2.90747,2.36538,-5,-0.361734,-0.138967,0.00506592,0.387542,1.01534,0.437484,-0.00320775,1.01694,0.40466,0
1781247154325433,110.886,2.56999,2.23778,-4.99496,2.92778,2.37335,-5,-0.357797,-0.135569,0.0050354,0.382653,1.01122,0.424825,-0.00426813,1.01329,0.392808,0
1781247154341433,110.902,2.58664,2.24718,-4.99506,2.94802,2.38109,-5,-0.361383,-0.133918,0.00494385,0.38543,1.00895,0.417066,-0.00329295,1.00962,0.380917,0
1781247154357433,110.918,2.6032,2.25628,-4.99518,2.9681,2.38856,-5,-0.364896,-0.132282,0.00482178,0.388163,1.00588,0.407401,-0.0037799,1.00593,0.36904,0
1781247154381433,110.942,2.62791,2.2694,-4.99533,2.98824,2.39585,-5,-0.360323,-0.126444,0.00466919,0.381894,1.00429,0.393659,-0.00339105,1.0022,0.357044,0
1781247154405433,110.966,2.65251,2.28192,-4.99551,3.00819,2.40285,-5,-0.355675,-0.120932,0.00448608,0.375699,1.00252,0.379639,-0.00391252,0.998462,0.345082,0
1781247154421433,110.982,2.66884,2.28992,-4.99564,3.04801,2.41618,-5,-0.379172,-0.126262,0.00436401,0.399666,1.00028,0.370529,-0.00461431,0.990884,0.320963,0
1781247154445433,111.006,2.6932,2.30148,-4.99582,3.06782,2.42249,-5,-0.374613,-0.121006,0.00418091,0.393694,0.997427,0.358703,-0.0050888,0.987057,0.308851,0
1781247154461433,111.022,2.70936,2.30889,-4.99594,3.0875,2.42854,-5,-0.378137,-0.119652,0.00405884,0.396637,0.994446,0.349407,-0.00477604,0.983213,0.296734,0
1781247154485433,111.046,2.73349,2.31957,-4.99615,3.10713,2.43435,-5,-0.373634,-0.114785,0.00384521,0.390887,0.992315,0.336021,-0.00587435,0.979342,0.284577,0
1781247154501433,111.062,2.74952,2.32639,-4.99631,3.10713,2.43435,-5,-0.357608,-0.107966,0.00369263,0.373569,0.989753,0.326075,-0.00635887,0.979342,0.284577,0
1781247154525433,111.086,2.77342,2.33617,-4.99652,3.14612,2.44524,-5,-0.372706,-0.109075,0.003479,0.388355,0.984367,0.311807,-0.00672862,0.97153,0.260192,0
1781247154541433,111.102,2.78926,2.3424,-4.99667,3.16548,2.45031,-5,-0.376214,-0.107911,0.00332642,0.391399,0.982131,0.3027,-0.00637214,0.967592,0.247976,0
1781247154565433,111.126,2.81293,2.35137,-4.99692,3.16548,2.45031,-5,-0.352546,-0.0989463,0.00308228,0.366181,0.979268,0.290495,-0.00676718,0.967592,0.247976,0
1781247154581433,111.142,2.82864,2.35708,-4.99707,3.18491,2.45518,-5,-0.356266,-0.0981016,0.00292969,0.369538,0.976242,0.281218,-0.00812564,0.963599,0.235636,0
1781247154605433,111.166,2.8521,2.36525,-4.99725,3.22319,2.46409,-5,-0.371092,-0.0988357,0.00274658,0.384038,0.972724,0.268625,-0.00673191,0.95561,0.211105,0
1781247154621433,111.182,2.86765,2.37046,-4.99738,3.22319,2.46409,-5,-0.355534,-0.0936289,0.00262451,0.367665,0.96932,0.260004,-0.00621486,0.95561,0.211105,0
1781247154637433,111.198,2.88316,2.37547,-4.99747,3.26139,2.47207,-5,-0.378224,-0.096602,0.00253296,0.390374,0.968264,0.251053,-0.00405442,0.947476,0.186336,0
1781247154661433,111.222,2.90637,2.38258,-4.99753,3.28016,2.47565,-5,-0.37379,-0.0930703,0.00247192,0.38521,0.966473,0.235646,-0.00309631,0.943416,0.174053,0
1781247154685433,111.246,2.92951,2.38921,-4.99759,3.29899,2.479,-5,-0.369481,-0.0897932,0.00241089,0.380243,0.964473,0.221056,-0.00348695,0.939304,0.161667,0
1781247154701433,111.262,2.94488,2.39338,-4.99765,3.31774,2.48211,-5,-0.372856,-0.0887337,0.00234985,0.383276,0.963165,0.211379,-0.00312703,0.935167,0.149261,0
1781247154725433,111.286,2.96786,2.39926,-4.99771,3.33641,2.48498,-5,-0.368549,-0.0857115,0.00228882,0.378391,0.958786,0.198339,-0.00260686,0.931006,0.136836,0
1781247154741433,111.302,2.98393,2.40474,-4.99762,3.35493,2.48758,-5,-0.370997,-0.0828433,0.00238037,0.380142,0.955192,0.190813,-0.00192683,0.926838,0.124447,0
1781247154765433,111.326,3.00783,2.41244,-4.99747,3.35493,2.48758,-5,-0.347096,-0.075141,0.00253296,0.355145,0.950976,0.176373,-0.00154062,0.926838,0.124447,0
1781247154781433,111.342,3.02364,2.41724,-4.99734,3.39194,2.49207,-5,-0.368298,-0.0748348,0.00265503,0.375833,0.948916,0.167448,-0.000632547,0.918379,0.0994725,0
1781247154805433,111.366,3.04724,2.42396,-4.99719,3.41017,2.49393,-5,-0.362925,-0.0699677,0.00280762,0.369619,0.946739,0.154157,-0.000182504,0.914152,0.087077,0
1781247154821433,111.382,3.06289,2.42813,-4.99707,3.4284,2.49554,-5,-0.365511,-0.067414,0.00292969,0.371687,0.94412,0.144832,-0.000443335,0.90988,0.0746093,0
1781247154837433,111.398,3.07847,2.43204,-4.99695,3.44654,2.49691,-5,-0.368072,-0.0648687,0.00305176,0.373757,0.9437,0.134405,0.000574325,0.905586,0.0621364,0
1781247154861433,111.422,3.10173,2.43745,-4.9968,3.46468,2.49803,-5,-0.362958,-0.0605783,0.00320435,0.367993,0.940265,0.121011,-0.000163756,0.901248,0.0495959,0
1781247154885433,111.446,3.12485,2.44236,-4.99658,3.4827,2.4989,-5,-0.35785,-0.0565391,0.00341797,0.362305,0.938317,0.107804,0.000730867,0.896898,0.0370821,0
1781247154901433,111.462,3.1402,2.44534,-4.99643,3.5005,2.49951,-5,-0.360302,-0.0541708,0.00357056,0.364369,0.937632,0.097935,0.000660414,0.892556,0.02465,0
1781247154925433,111.486,3.16312,2.44939,-4.99622,3.51831,2.49988,-5,-0.355196,-0.0504885,0.00378418,0.358786,0.933753,0.0849643,0.0019323,0.888168,0.0121474,0
1781247154941433,111.502,3.17832,2.45184,-4.99606,3.53598,2.5,-5,-0.357657,-0.0481615,0.00393677,0.360906,0.932276,0.076949,0.0014229,0.883773,-0.000313602,0
1781247154965433,111.526,3.20102,2.45512,-4.99591,3.55364,2.49987,-5,-0.352623,-0.0447509,0.00408936,0.355474,0.928528,0.0634604,0.000514209,0.879333,-0.0128378,0
1781247154981433,111.542,3.21606,2.45704,-4.99582,3.57116,2.49949,-5,-0.3551,-0.0424464,0.00418091,0.357652,0.925223,0.0542571,0.000170832,0.874885,-0.0253216,0
1781247155005433,111.566,3.2385,2.45954,-4.9957,3.58862,2.49886,-5,-0.350117,-0.0393186,0.00430298,0.352345,0.921537,0.0392472,-0.000372315,0.87041,-0.0378194,0
1781247155021433,111.582,3.25339,2.46094,-4.99564,3.606,2.49797,-5,-0.352609,-0.0370369,0.00436401,0.354576,0.919307,0.0305215,-0.00152211,0.865909,-0.0503222,0
1781247155045433,111.606,3.27563,2.46266,-4.99557,3.62322,2.49685,-5,-0.347594,-0.0341818,0.00442505,0.349299,0.916501,0.0157528,-0.00216676,0.861403,-0.0627751,0
1781247155061433,111.622,3.29039,2.46357,-4.99557,3.64043,2.49546,-5,-0.350038,-0.031898,0.00442505,0.351516,0.912936,0.00697086,-0.00282268,0.856858,-0.0752702,0
1781247155077433,111.638,3.30508,2.46427,-4.99554,3.6576,2.49382,-5,-0.352521,-0.0295534,0.00445557,0.353786,0.910243,-0.00224026,-0.00256363,0.852275,-0.0878026,0
1781247155101433,111.662,3.327,2.46497,-4.99557,3.67462,2.49194,-5,-0.34762,-0.0269673,0.00442505,0.348693,0.905689,-0.0159005,-0.00309139,0.847686,-0.100285,0
1781247155117433,111.678,3.34154,2.46521,-4.99557,3.69148,2.48982,-5,-0.349947,-0.0246034,0.00442505,0.350839,0.903753,-0.024626,-0.00385448,0.843095,-0.112706,0
1781247155141433,111.702,3.36362,2.46659,-4.99576,3.70872,2.48738,-5,-0.345101,-0.020786,0.00424194,0.345753,0.901014,-0.0401937,-0.00372459,0.838354,-0.125459,0
1781247155165433,111.726,3.38575,2.46808,-4.99594,3.725,2.48481,-5,-0.339251,-0.0167379,0.00405884,0.339688,0.897994,-0.0543868,-0.00362704,0.83383,-0.137565,0
1781247155181433,111.742,3.40043,2.46876,-4.99606,3.74164,2.48194,-5,-0.341215,-0.0131779,0.00393677,0.341492,0.895514,-0.0639388,-0.00336404,0.82916,-0.14999,0
1781247155205433,111.766,3.42231,2.46932,-4.99628,3.75824,2.4788,-5,-0.335934,-0.00948048,0.00372314,0.336089,0.890878,-0.0776542,-0.00595019,0.824456,-0.162437,0
1781247155221751,111.782,3.43679,2.46941,-4.99643,3.77458,2.47545,-5,-0.337793,-0.00603819,0.00357056,0.337866,0.887529,-0.0863991,-0.00618491,0.819776,-0.174748,0
1781247155245751,111.806,3.45839,2.46911,-4.99664,3.79089,2.47184,-5,-0.332499,-0.0027287,0.00335693,0.332527,0.883612,-0.100712,-0.00667514,0.81506,-0.187083,0
1781247155261751,111.822,3.4727,2.46863,-4.99677,3.80716,2.46797,-5,-0.334452,0.000660896,0.00323486,0.334468,0.880701,-0.10999,-0.00573991,0.810307,-0.199443,0
1781247155285751,111.846,3.49404,2.46751,-4.99695,3.82333,2.46386,-5,-0.329292,0.00365806,0.00305176,0.329326,0.876121,-0.12305,-0.00503671,0.805532,-0.211788,0
1781247155301751,111.862,3.50817,2.46652,-4.99707,3.83939,2.4595,-5,-0.331222,0.00701976,0.00292969,0.331309,0.871545,-0.131364,-0.00594375,0.800744,-0.224093,0
1781247155325751,111.886,3.52921,2.46464,-4.99722,3.85536,2.45489,-5,-0.326147,0.00974798,0.0027771,0.326304,0.866662,-0.144912,-0.00433273,0.795936,-0.236378,0
1781247155341751,111.902,3.54315,2.46314,-4.99734,3.87126,2.45003,-5,-0.32811,0.0131073,0.00265503,0.328382,0.863521,-0.15437,-0.00469991,0.791097,-0.248664,0
1781247155365751,111.926,3.56392,2.4605,-4.9975,3.88702,2.44494,-5,-0.323094,0.0155537,0.00250244,0.323478,0.858235,-0.168452,-0.00496612,0.786253,-0.26089,0
1781247155381751,111.942,3.57768,2.45849,-4.99762,3.90264,2.43962,-5,-0.324959,0.0188713,0.00238037,0.325515,0.854699,-0.177802,-0.00559578,0.7814,-0.273062,0
1781247155405751,111.966,3.59819,2.4551,-4.99783,3.91821,2.43404,-5,-0.320014,0.0210533,0.00216675,0.320714,0.850165,-0.192425,-0.00680334,0.776516,-0.285236,0
1781247155421751,111.982,3.61178,2.45257,-4.99799,3.93372,2.4282,-5,-0.321938,0.0243683,0.00201416,0.322865,0.845839,-0.202821,-0.00706639,0.771599,-0.297415,0
1781247155445751,112.006,3.632,2.44842,-4.99826,3.9491,2.42213,-5,-0.317098,0.0262899,0.0017395,0.318191,0.839634,-0.216632,-0.0082834,0.766672,-0.309541,0
1781247155461751,112.022,3.6454,2.44542,-4.99844,3.96436,2.41584,-5,-0.318958,0.0295858,0.0015564,0.320331,0.835705,-0.225791,-0.00812132,0.761737,-0.321612,0
1781247155485751,112.046,3.66534,2.44057,-4.99869,3.97965,2.40924,-5,-0.314302,0.0313332,0.00131226,0.315863,0.829297,-0.240851,-0.00841173,0.756737,-0.333758,0
1781247155501751,112.062,3.67854,2.4371,-4.9989,3.99465,2.40248,-5,-0.316107,0.0346205,0.00109863,0.317999,0.826198,-0.249105,-0.00901593,0.75178,-0.345723,0
1781247155525751,112.086,3.69825,2.43157,-4.99924,4.00961,2.39545,-5,-0.311368,0.0361178,0.000762939,0.313457,0.822429,-0.261945,-0.00853328,0.746785,-0.3577,0
1781247155541751,112.102,3.71151,2.42892,-4.99954,4.02456,2.38815,-5,-0.313044,0.0407627,0.000457764,0.315687,0.819635,-0.269991,-0.00934735,0.741744,-0.369705,0
1781247155565751,112.126,3.73126,2.42448,-4.99997,4.03929,2.38067,-5,-0.308024,0.0438185,3.05176e-05,0.311126,0.813183,-0.284744,-0.00885429,0.736722,-0.381585,0
1781247155581751,112.142,3.74433,2.42124,-5.00021,4.05397,2.37292,-5,-0.309639,0.0483191,-0.000213623,0.313386,0.810288,-0.2938,-0.00885396,0.731664,-0.393468,0
1781247155605751,112.166,3.76379,2.41593,-5.00061,4.06862,2.36489,-5,-0.304831,0.0510349,-0.000610352,0.309074,0.803288,-0.308653,-0.00846677,0.726565,-0.405366,0
1781247155621751,112.182,3.77663,2.41208,-5.00082,4.08307,2.35668,-5,-0.306437,0.0553999,-0.000823975,0.311405,0.798553,-0.319117,-0.00782857,0.72148,-0.417147,0
1781247155645751,112.206,3.79574,2.40591,-5.00119,4.09746,2.34822,-5,-0.301713,0.0576923,-0.00119019,0.307182,0.792276,-0.331995,-0.00665204,0.716365,-0.428914,0
1781247155661751,112.222,3.8084,2.40154,-5.0014,4.11168,2.33956,-5,-0.303278,0.0619807,-0.00140381,0.30955,0.78935,-0.340668,-0.006728,0.711253,-0.44059,0
1781247155685751,112.246,3.82725,2.39461,-5.00174,4.12586,2.33063,-5,-0.298605,0.0639834,-0.0017395,0.305388,0.782642,-0.353399,-0.0072594,0.706104,-0.452268,0
1781247155701751,112.262,3.8397,2.38975,-5.00195,4.13993,2.32146,-5,-0.300225,0.068285,-0.00195312,0.307899,0.777734,-0.362491,-0.00667921,0.700938,-0.463899,0
1781247155725751,112.286,3.85822,2.38212,-5.0022,4.15389,2.31207,-5,-0.295673,0.0700452,-0.00219727,0.303864,0.771009,-0.373488,-0.0053809,0.695754,-0.475482,0
1781247155741751,112.302,3.87048,2.37681,-5.00235,4.16779,2.30242,-5,-0.297316,0.0743964,-0.00234985,0.306492,0.76797,-0.381439,-0.00468211,0.690539,-0.48705,0
1781247155757751,112.318,3.88267,2.37133,-5.0025,4.18156,2.29255,-5,-0.298892,0.0787797,-0.00250244,0.30911,0.763631,-0.391114,-0.00416702,0.685315,-0.498548,0
1781247155781751,112.342,3.90084,2.36273,-5.00269,4.19522,2.28247,-5,-0.294381,0.0802629,-0.00268555,0.305139,0.75864,-0.406472,-0.00311629,0.680081,-0.509984,0
1781247155805751,112.366,3.91886,2.35366,-5.00287,4.20876,2.27216,-5,-0.289908,0.0815036,-0.00286865,0.301161,0.752975,-0.421913,-0.00193034,0.674829,-0.52137,0
1781247155821751,112.382,3.93078,2.34737,-5.00296,4.22215,2.26166,-5,-0.291368,0.0857091,-0.00296021,0.303727,0.748544,-0.4307,-0.00167141,0.669583,-0.532654,0
1781247155845751,112.406,3.9485,2.33762,-5.00311,4.23544,2.25093,-5,-0.286947,0.0866838,-0.00311279,0.29977,0.741273,-0.443364,-0.00123107,0.664315,-0.543898,0
1781247155861751,112.422,3.96021,2.33089,-5.00317,4.24868,2.23994,-5,-0.288471,0.0909498,-0.00317383,0.302485,0.73765,-0.452372,0.000958597,0.659009,-0.555132,0
1781247155885751,112.446,3.97768,2.32048,-5.00327,4.26182,2.22871,-5,-0.284145,0.0917664,-0.00326538,0.298614,0.732271,-0.464872,0.0009023,0.653684,-0.566315,0
1781247155901751,112.462,3.98925,2.31333,-5.0033,4.2749,2.21723,-5,-0.285652,0.0961003,-0.0032959,0.301402,0.728484,-0.474119,0.000498264,0.648327,-0.577474,0
1781247155925751,112.486,4.00642,2.30229,-5.00336,4.2878,2.20557,-5,-0.281381,0.0967145,-0.00335693,0.297557,0.720118,-0.487357,0.000750118,0.642978,-0.588526,0
1781247155941751,112.502,4.01747,2.2957,-5.00311,4.30056,2.19374,-5,-0.283086,0.101966,-0.00311279,0.300906,0.715449,-0.495833,0.000392812,0.637632,-0.599481,0
1781247155965751,112.526,4.03394,2.28542,-5.00278,4.31322,2.18168,-5,-0.279279,0.103746,-0.0027771,0.297939,0.709329,-0.509166,0.000499139,0.632265,-0.610385,0
1781247155981751,112.542,4.04483,2.2783,-5.00256,4.32581,2.16936,-5,-0.280984,0.108942,-0.00256348,0.301375,0.703704,-0.518192,0.000733511,0.626864,-0.621267,0
1781247156005751,112.566,4.06103,2.26724,-5.00223,4.3383,2.15683,-5,-0.277264,0.110418,-0.00222778,0.29845,0.696237,-0.530875,0.00138212,0.621449,-0.632081,0
1781247156021751,112.582,4.07175,2.25961,-5.00201,4.35074,2.14401,-5,-0.27899,0.115601,-0.00201416,0.301998,0.691852,-0.5406,0.00154841,0.61599,-0.642891,0
1781247156045751,112.606,4.08769,2.24778,-5.00171,4.36292,2.13113,-5,-0.275231,0.116658,-0.00170898,0.298939,0.685646,-0.553107,0.00166641,0.610578,-0.653511,0
1781247156061751,112.622,4.09825,2.23967,-5.00153,4.37508,2.11795,-5,-0.276833,0.121719,-0.00152588,0.302414,0.681374,-0.561125,0.00177894,0.605117,-0.664133,0
1781247156085751,112.646,4.11396,2.22716,-5.00125,4.38716,2.10453,-5,-0.2732,0.122632,-0.00125122,0.299463,0.674084,-0.573497,0.00208904,0.599627,-0.674716,0
1781247156101751,112.662,4.12435,2.2186,-5.0011,4.39907,2.09096,-5,-0.274719,0.127635,-0.00109863,0.302923,0.669566,-0.581537,0.001286,0.594149,-0.685178,0
1781247156125751,112.686,4.13981,2.20543,-5.00089,4.41089,2.07715,-5,-0.271081,0.128278,-0.00088501,0.299901,0.662071,-0.593543,0.000337274,0.588643,-0.695598,0
1781247156141751,112.702,4.15003,2.19646,-5.00076,4.4226,2.06315,-5,-0.272573,0.133306,-0.000762939,0.303426,0.657198,-0.600667,0.00190231,0.583127,-0.705941,0
1781247156165751,112.726,4.16522,2.18269,-5.00052,4.43422,2.04892,-5,-0.268997,0.133776,-0.000518799,0.300426,0.649989,-0.61261,0.00175389,0.577587,-0.71623,0
1781247156181751,112.742,4.17526,2.17331,-5.00037,4.44572,2.03448,-5,-0.270462,0.138834,-0.000366211,0.304014,0.644642,-0.619752,0.00153395,0.572033,-0.726445,0
1781247156205751,112.766,4.19015,2.15898,-5.00018,4.45711,2.01985,-5,-0.26696,0.139127,-0.000183105,0.301038,0.637295,-0.630365,0.000684793,0.566468,-0.736582,0
1781247156222073,112.782,4.2,2.14922,-5.00006,4.46839,2.00501,-5,-0.268394,0.144215,-6.10352e-05,0.304685,0.632945,-0.638758,3.35264e-05,0.560887,-0.74665,0
1781247156246073,112.806,4.21465,2.13429,-4.99994,4.47955,1.98998,-5,-0.264899,0.144306,6.10352e-05,0.301655,0.626528,-0.650248,-0.000370916,0.555297,-0.756633,0
1781247156262073,112.822,4.22434,2.12416,-4.99985,4.49058,1.97477,-5,-0.266245,0.149397,0.000152588,0.305297,0.622399,-0.656035,0.000455133,0.549697,-0.766533,0
1781247156286073,112.846,4.23877,2.10874,-4.99969,4.50152,1.95933,-5,-0.262756,0.149404,0.000305176,0.302262,0.617023,-0.66639,0.000117184,0.544075,-0.776372,0
1781247156302073,112.862,4.24833,2.09826,-4.99963,4.51246,1.94355,-5,-0.264128,0.154714,0.000366211,0.306105,0.613081,-0.675124,-0.0010005,0.538385,-0.786227,0
1781247156326073,112.886,4.26256,2.08228,-4.99954,4.52306,1.92788,-5,-0.260507,0.154394,0.000457764,0.302823,0.606181,-0.685761,-0.000927553,0.532793,-0.795811,0
1781247156342073,112.902,4.27145,2.07191,-4.99939,4.53363,1.91192,-5,-0.262182,0.159991,0.000610352,0.307143,0.601477,-0.692115,-0.000642181,0.527149,-0.805381,0
1781247156366073,112.926,4.2847,2.05607,-4.99918,4.54413,1.8957,-5,-0.259433,0.160367,0.000823975,0.304998,0.594933,-0.703853,-0.0012798,0.521469,-0.814911,0
1781247156382073,112.942,4.29348,2.04529,-4.99905,4.5545,1.87932,-5,-0.261016,0.165978,0.000946045,0.309321,0.590385,-0.71139,-0.0017719,0.515786,-0.824344,0
1781247156406073,112.966,4.30657,2.02889,-4.9989,4.56476,1.86273,-5,-0.258193,0.166169,0.00109863,0.307045,0.584413,-0.718517,-0.00256705,0.510083,-0.833705,0
1781247156422073,112.982,4.31525,2.0178,-4.99884,4.57492,1.84594,-5,-0.25967,0.171864,0.00115967,0.311395,0.581535,-0.725478,-0.00358876,0.504365,-0.842986,0
1781247156446073,113.006,4.32823,2.00092,-4.99878,4.58492,1.82904,-5,-0.256686,0.171883,0.0012207,0.308922,0.577886,-0.733673,-0.00643565,0.498657,-0.852146,0
1781247156462073,113.022,4.33686,1.98952,-4.99878,4.59485,1.81187,-5,-0.257998,0.17765,0.0012207,0.313247,0.573899,-0.740479,-0.0059629,0.492907,-0.861269,0
1781247156486073,113.046,4.34969,1.97214,-4.99878,4.60465,1.79457,-5,-0.254957,0.17757,0.0012207,0.310702,0.56854,-0.751644,-0.00736858,0.487163,-0.870276,0
1781247156502073,113.062,4.35819,1.96038,-4.99881,4.61433,1.77709,-5,-0.256138,0.183295,0.00119019,0.314968,0.563448,-0.757557,-0.0076411,0.481404,-0.8792,0
1781247156526073,113.086,4.37081,1.9425,-4.99887,4.6239,1.75941,-5,-0.253086,0.183099,0.00112915,0.312376,0.556434,-0.768353,-0.00814172,0.475628,-0.888044,0
1781247156542073,113.102,4.37917,1.93041,-4.9989,4.63334,1.74158,-5,-0.254169,0.188827,0.00109863,0.316637,0.553104,-0.775069,-0.00857987,0.46985,-0.896785,0
1781247156566073,113.126,4.39161,1.91202,-4.99899,4.64269,1.72353,-5,-0.251088,0.188483,0.00100708,0.313962,0.546962,-0.7857,-0.00836662,0.464044,-0.905461,0
1781247156582073,113.142,4.39983,1.8996,-4.99905,4.6519,1.70538,-5,-0.252067,0.194228,0.000946045,0.318219,0.540748,-0.790786,-0.00796278,0.458247,-0.914015,0
1781247156606073,113.166,4.41203,1.88077,-4.99915,4.66101,1.687,-5,-0.248983,0.193768,0.000854492,0.315499,0.533853,-0.800341,-0.00738196,0.452424,-0.922501,0
1781247156622073,113.182,4.42009,1.86807,-4.99918,4.67001,1.66844,-5,-0.249921,0.199628,0.000823975,0.319863,0.530528,-0.806061,-0.00650152,0.446584,-0.930901,0
1781247156646073,113.206,4.43206,1.84881,-4.99924,4.67891,1.64968,-5,-0.246852,0.199132,0.000762939,0.31716,0.522042,-0.815638,-0.00560115,0.440721,-0.939224,0
1781247156662073,113.222,4.43996,1.83582,-4.99927,4.68763,1.6309,-5,-0.24767,0.204922,0.000732422,0.321456,0.516997,-0.821233,-0.0064434,0.434895,-0.947386,0
1781247156686073,113.246,4.45169,1.81615,-4.99933,4.69626,1.61188,-5,-0.244572,0.204269,0.000671387,0.318656,0.511346,-0.830133,-0.00475093,0.429032,-0.95549,0
1781247156702073,113.262,4.45944,1.80289,-4.99936,4.70479,1.59269,-5,-0.245345,0.210204,0.000640869,0.323079,0.50555,-0.836222,-0.00374672,0.423156,-0.963503,0
1781247156726073,113.286,4.47095,1.78281,-4.99939,4.71319,1.57333,-5,-0.242248,0.209484,0.000610352,0.320262,0.500001,-0.844879,-0.00409863,0.417267,-0.971421,0
1781247156742073,113.302,4.47759,1.769,-4.99902,4.72146,1.55386,-5,-0.243875,0.21514,0.000976562,0.325209,0.496021,-0.851723,-0.00443076,0.411383,-0.979223,0
1781247156766073,113.326,4.48752,1.7481,-4.9985,4.72964,1.5342,-5,-0.242115,0.213899,0.00149536,0.323071,0.488241,-0.860461,-0.0039289,0.405474,-0.986945,0
1781247156782073,113.342,4.4941,1.73403,-4.9982,4.73773,1.51427,-5,-0.243636,0.219761,0.00180054,0.328111,0.482648,-0.868292,-0.00381493,0.399523,-0.994611,0
1781247156806073,113.366,4.50392,1.71273,-4.99774,4.74563,1.49438,-5,-0.241714,0.218354,0.0022583,0.325744,0.476427,-0.876903,-0.00444608,0.393619,-1.0021,0
1781247156822073,113.382,4.51045,1.6984,-4.9975,4.75346,1.47421,-5,-0.243019,0.224193,0.00250244,0.330646,0.473576,-0.884042,-0.00414307,0.387668,-1.00954,0
1781247156846073,113.406,4.52021,1.67673,-4.99713,4.76112,1.45406,-5,-0.240901,0.222667,0.00286865,0.328058,0.467943,-0.891639,-0.00391476,0.381754,-1.01682,0
1781247156862073,113.422,4.52671,1.66218,-4.99692,4.76875,1.43348,-5,-0.242044,0.228694,0.00308228,0.33301,0.464914,-0.897883,-0.00402258,0.375749,-1.0241,0
1781247156886073,113.446,4.53641,1.64016,-4.99664,4.77618,1.413,-5,-0.239776,0.227157,0.00335693,0.330309,0.458034,-0.907171,-0.00484127,0.369804,-1.03119,0
1781247156902073,113.462,4.54283,1.62536,-4.99646,4.7835,1.39236,-5,-0.240666,0.232994,0.00354004,0.334991,0.455134,-0.912735,-0.00379877,0.363845,-1.03819,0
1781247156926073,113.486,4.55244,1.60299,-4.99625,4.7835,1.39236,-5,-0.231064,0.210624,0.00375366,0.312678,0.449389,-0.921224,-0.00531259,0.363845,-1.03819,0
1781247156942073,113.502,4.5588,1.58795,-4.99612,4.7978,1.3506,-5,-0.239003,0.237352,0.00387573,0.336859,0.445001,-0.928037,-0.00455573,0.35188,-1.05189,0
1781247156958073,113.518,4.56512,1.57282,-4.99603,4.80477,1.32951,-5,-0.239649,0.243308,0.00396729,0.341535,0.440803,-0.933952,-0.00498401,0.345882,-1.05859,0
1781247156982073,113.542,4.57453,1.54994,-4.99588,4.80477,1.32951,-5,-0.230246,0.220437,0.00411987,0.318783,0.43475,-0.943252,-0.00614829,0.345882,-1.05859,0
1781247157006073,113.566,4.58384,1.52688,-4.99573,4.81166,1.30818,-5,-0.227819,0.218694,0.00427246,0.315827,0.428345,-0.950934,-0.00669352,0.339847,-1.06521,0
1781247157022073,113.582,4.59001,1.51139,-4.99567,4.81839,1.28682,-5,-0.228385,0.224569,0.0043335,0.320328,0.425379,-0.956903,-0.00667688,0.33383,-1.07169,0
1781247157046073,113.606,4.59922,1.48799,-4.99554,4.8315,1.2437,-5,-0.232282,0.244285,0.00445557,0.33712,0.419846,-0.964799,-0.00675462,0.321769,-1.08434,0
1781247157062073,113.622,4.60531,1.47227,-4.99548,4.8315,1.2437,-5,-0.226194,0.228567,0.0045166,0.321601,0.415406,-0.970276,-0.00709799,0.321769,-1.08434,0
1781247157086073,113.646,4.61435,1.44855,-4.99545,4.83787,1.22199,-5,-0.223522,0.226559,0.00454712,0.318295,0.408181,-0.978459,-0.00661264,0.315735,-1.0905,0
1781247157102073,113.662,4.62031,1.43264,-4.99542,4.84412,1.20013,-5,-0.223809,0.232509,0.00457764,0.322757,0.4043,-0.982968,-0.00748132,0.309686,-1.09655,0
1781247157126073,113.686,4.62918,1.40862,-4.99542,4.85026,1.17813,-5,-0.221079,0.230485,0.00457764,0.319406,0.39831,-0.991969,-0.00750917,0.303627,-1.1025,0
1781247157142073,113.702,4.63414,1.39265,-4.99506,4.85625,1.1561,-5,-0.222112,0.236548,0.00494385,0.32452,0.395184,-0.996868,-0.00671852,0.29758,-1.10831,0
1781247157166073,113.726,4.64157,1.36854,-4.99454,4.86213,1.13391,-5,-0.220557,0.234628,0.00546265,0.322065,0.388599,-1.00314,-0.00425382,0.291516,-1.11403,0
1781247157182073,113.742,4.64652,1.35239,-4.9942,4.8679,1.11155,-5,-0.221386,0.240834,0.00579834,0.32718,0.385244,-1.00648,-0.00469318,0.285429,-1.11965,0
1781247157206073,113.766,4.6539,1.32801,-4.99371,4.87356,1.08908,-5,-0.219656,0.238932,0.00628662,0.324617,0.3787,-1.01308,-0.00389279,0.279335,-1.12516,0
1781247157222073,113.782,4.65881,1.31169,-4.99338,4.87908,1.06652,-5,-0.220275,0.245167,0.00662231,0.329655,0.374187,-1.01668,-0.00338849,0.273238,-1.13055,0
1781247157246388,113.806,4.66614,1.28706,-4.99289,4.88449,1.04384,-5,-0.218351,0.24322,0.0071106,0.326931,0.368821,-1.0243,-0.00219521,0.267131,-1.13583,0
1781247157262388,113.822,4.671,1.27053,-4.99258,4.88976,1.02111,-5,-0.218763,0.249422,0.00741577,0.331849,0.364924,-1.02993,-0.0028113,0.261032,-1.14098,0
1781247157286388,113.846,4.67826,1.24559,-4.99213,4.89493,0.998218,-5,-0.216668,0.247368,0.00787354,0.328935,0.358891,-1.0356,-0.00304907,0.254911,-1.14603,0
1781247157302388,113.862,4.68306,1.22887,-4.99188,4.89999,0.975156,-5,-0.216924,0.253714,0.00811768,0.333906,0.354194,-1.0409,-0.00365267,0.248765,-1.15099,0
1781247157326388,113.886,4.69021,1.20363,-4.99152,4.90489,0.952127,-5,-0.21468,0.2515,0.00848389,0.330775,0.349198,-1.04824,-0.00418198,0.242647,-1.1558,0
1781247157342388,113.902,4.69495,1.18671,-4.99127,4.90967,0.929034,-5,-0.214714,0.257672,0.00872803,0.335519,0.346478,-1.05182,-0.00336967,0.236532,-1.16048,0
1781247157366388,113.926,4.70203,1.1612,-4.991,4.91433,0.90581,-5,-0.212303,0.255392,0.00900269,0.332233,0.340361,-1.05831,-0.00467739,0.2304,-1.16507,0
1781247157382388,113.942,4.70671,1.14412,-4.99081,4.91888,0.882453,-5,-0.212166,0.261668,0.00918579,0.337,0.337318,-1.06197,-0.0053857,0.224252,-1.16954,0
1781247157406388,113.966,4.7137,1.1184,-4.99063,4.92333,0.858901,-5,-0.209627,0.259504,0.0093689,0.333726,0.332097,-1.06581,-0.00844857,0.218069,-1.17391,0
1781247157422388,113.982,4.71832,1.1012,-4.99054,4.92762,0.835397,-5,-0.209307,0.265799,0.00946045,0.338449,0.327503,-1.069,-0.00948763,0.211917,-1.17815,0
1781247157446388,114.006,4.72515,1.0753,-4.99048,4.9318,0.811811,-5,-0.206641,0.263488,0.00952148,0.334988,0.32089,-1.0732,-0.011574,0.20576,-1.18226,0
1781247157462388,114.022,4.72968,1.05797,-4.99048,4.93582,0.7883,-5,-0.206143,0.269669,0.00952148,0.339569,0.318439,-1.07728,-0.0126918,0.199638,-1.18623,0
1781247157486388,114.046,4.7364,1.03186,-4.99048,4.93977,0.764426,-5,-0.203367,0.267434,0.00952148,0.336109,0.313395,-1.08255,-0.0111952,0.193437,-1.19013,0
1781247157502388,114.062,4.74085,1.01438,-4.99048,4.94356,0.740665,-5,-0.20271,0.273713,0.00952148,0.340736,0.309902,-1.08614,-0.010843,0.18728,-1.19388,0
1781247157526388,114.086,4.74745,0.988064,-4.99051,4.94726,0.716662,-5,-0.199807,0.271402,0.00949097,0.337153,0.303831,-1.09117,-0.0114974,0.181075,-1.19754,0
1781247157542388,114.102,4.75122,0.970204,-4.99036,4.95424,0.668733,-5,-0.203022,0.301471,0.00964355,0.363587,0.29918,-1.09459,-0.0126633,0.168727,-1.20445,0
1781247157566388,114.126,4.756,0.942991,-4.98993,4.95758,0.64442,-5,-0.201582,0.29857,0.0100708,0.36039,0.293456,-1.0989,-0.0127156,0.162484,-1.20776,0
1781247157582388,114.142,4.75919,0.924807,-4.98969,4.96077,0.620238,-5,-0.201579,0.304568,0.0103149,0.36538,0.288874,-1.1029,-0.0121547,0.156286,-1.21092,0
1781247157598388,114.158,4.76238,0.906589,-4.98944,4.96383,0.595987,-5,-0.201451,0.310602,0.0105591,0.370361,0.285187,-1.10606,-0.0114553,0.150083,-1.21396,0
1781247157622388,114.182,4.76717,0.879187,-4.98907,4.96676,0.571752,-5,-0.199588,0.307435,0.0109253,0.366703,0.279187,-1.1119,-0.0102837,0.143895,-1.21687,0
1781247157646388,114.206,4.77194,0.851722,-4.98877,4.96958,0.54739,-5,-0.197639,0.304332,0.0112305,0.36305,0.27094,-1.11419,-0.00962898,0.137685,-1.21967,0
1781247157662388,114.222,4.77509,0.833389,-4.98856,4.97227,0.522929,-5,-0.197183,0.310461,0.0114441,0.367964,0.267168,-1.1173,-0.00864559,0.131461,-1.22235,0
1781247157686388,114.246,4.7798,0.805834,-4.98828,4.97484,0.498458,-5,-0.195038,0.307375,0.0117188,0.364221,0.260871,-1.12232,-0.00859033,0.125245,-1.2249,0
1781247157702388,114.262,4.78291,0.787413,-4.98807,4.97728,0.47395,-5,-0.194366,0.313463,0.0119324,0.369025,0.257328,-1.12521,-0.00853985,0.119028,-1.22733,0
1781247157726388,114.286,4.78756,0.759745,-4.98779,4.9796,0.449371,-5,-0.192039,0.310373,0.012207,0.365184,0.251378,-1.12795,-0.00847485,0.112803,-1.22964,0
1781247157742388,114.302,4.79062,0.741286,-4.98761,4.98179,0.424788,-5,-0.191165,0.316497,0.0123901,0.369957,0.246331,-1.12951,-0.00811271,0.106585,-1.23182,0
1781247157766388,114.326,4.79514,0.713578,-4.98743,4.98386,0.400093,-5,-0.188725,0.313484,0.0125732,0.366125,0.240975,-1.13259,-0.00863825,0.100347,-1.23389,0
1781247157782388,114.342,4.79813,0.69507,-4.98734,4.98581,0.3754,-5,-0.187678,0.319669,0.0126648,0.370907,0.237369,-1.13578,-0.00865022,0.0941172,-1.23583,0
1781247157806388,114.366,4.80258,0.667267,-4.98721,4.98763,0.350665,-5,-0.185051,0.316602,0.0127869,0.366939,0.232678,-1.13785,-0.00928899,0.0878838,-1.23764,0
1781247157822388,114.382,4.80553,0.648711,-4.98715,4.98932,0.325909,-5,-0.183795,0.322802,0.0128479,0.371681,0.22899,-1.14,-0.00993736,0.0816516,-1.23933,0
1781247157846388,114.406,4.80989,0.620825,-4.98706,4.9909,0.300992,-5,-0.181006,0.319833,0.0129395,0.367728,0.223315,-1.14347,-0.00924313,0.0753852,-1.24091,0
1781247157862388,114.422,4.81277,0.602204,-4.98703,4.99233,0.276378,-5,-0.179564,0.325826,0.01297,0.372255,0.218486,-1.14552,-0.00941668,0.0692007,-1.24234,0
1781247157886388,114.446,4.81698,0.574222,-4.98697,4.99365,0.25151,-5,-0.176676,0.322713,0.013031,0.368141,0.211309,-1.14902,-0.00895982,0.0629573,-1.24366,0
1781247157902388,114.462,4.81973,0.555541,-4.98694,4.99485,0.226602,-5,-0.175126,0.328939,0.0130615,0.372881,0.208597,-1.15062,-0.00787811,0.0567088,-1.24485,0
1781247157926388,114.486,4.8238,0.527464,-4.98694,4.99592,0.201717,-5,-0.172122,0.325747,0.0130615,0.368657,0.203268,-1.15477,-0.0091606,0.0504704,-1.24592,0
1781247157942388,114.502,4.82488,0.508513,-4.98642,4.99689,0.176312,-5,-0.172002,0.332201,0.0135803,0.374335,0.19872,-1.15711,-0.00877959,0.0441054,-1.24689,0
1781247157966388,114.526,4.82654,0.480084,-4.98572,4.99769,0.151869,-5,-0.171147,0.328216,0.0142822,0.370433,0.191329,-1.15871,-0.00988807,0.0379847,-1.24769,0
1781247157982388,114.542,4.82767,0.461122,-4.98532,4.99839,0.126904,-5,-0.170715,0.334219,0.014679,0.375581,0.185965,-1.16018,-0.00955431,0.0317361,-1.24839,0
1781247157998388,114.558,4.8288,0.442166,-4.98495,4.99896,0.10188,-5,-0.170162,0.340287,0.0150452,0.380758,0.180195,-1.16078,-0.00988197,0.0254752,-1.24896,0
1781247158022388,114.582,4.8305,0.413707,-4.98447,4.99941,0.0769505,-5,-0.168907,0.336756,0.0155334,0.377062,0.173418,-1.1636,-0.00919792,0.0192399,-1.24941,0
1781247158046388,114.606,4.83216,0.385231,-4.98401,4.99973,0.051705,-5,-0.16757,0.333526,0.0159912,0.373597,0.164333,-1.1655,-0.00811256,0.0129269,-1.24973,0
1781247158062388,114.622,4.83326,0.366241,-4.98373,4.99993,0.0270759,-5,-0.166663,0.339166,0.0162659,0.378252,0.160324,-1.16652,-0.00892645,0.00676908,-1.24993,0
1781247158086388,114.646,4.83491,0.337778,-4.98337,5,0.00194187,-5,-0.165086,0.335836,0.0166321,0.374588,0.153714,-1.16559,-0.00864069,0.000485468,-1.25,0
