timestamp_us,t_s,actual_x,actual_y,actual_z,reference_x,reference_y,reference_z,error_x,error_y,error_z,error_norm,actual_vx,actual_vy,actual_vz,reference_vx,reference_vy,reference_vz
1780599419362314,0,0.00590863,-0.00732646,-0.00979614,0,0,-5,0.00590863,-0.00732646,4.9902,4.99021,0.00254401,-0.0145343,0.0025701,0,0,0
1780599419378314,0.016,0.00589142,-0.007389,-0.00976562,0,0,-5,0.00589142,-0.007389,4.99023,4.99024,0.00184794,-0.0142095,0.00291508,0,0,0
1780599419402314,0.04,0.00575972,-0.00710494,-0.00967407,0,0,-5,0.00575972,-0.00710494,4.99033,4.99033,0.00346184,-0.0143253,0.00338522,0,0,0
1780599419418314,0.056,0.00569585,-0.00695166,-0.00958252,0,0,-5,0.00569585,-0.00695166,4.99042,4.99043,0.00390967,-0.0149352,0.00454107,0,0,0
1780599419434314,0.072,0.0056392,-0.00682798,-0.00949097,0,0,-5,0.0056392,-0.00682798,4.99051,4.99052,0.00349576,-0.0157274,0.00495402,0,0,0
1780599419458314,0.096,0.00555459,-0.0066669,-0.00933838,0,0,-5,0.00555459,-0.0066669,4.99066,4.99067,0.00272339,-0.0144152,0.00602161,0,0,0
1780599419482314,0.12,0.00546334,-0.00652342,-0.00918579,0,0,-5,0.00546334,-0.00652342,4.99081,4.99082,0.00205571,-0.0139688,0.00577324,0,0,0
1780599419498314,0.136,0.00540796,-0.00643444,-0.00909424,0,0,-5,0.00540796,-0.00643444,4.99091,4.99091,0.00263006,-0.0130604,0.00539897,0,0,0
1780599419514314,0.152,0.00535661,-0.00634185,-0.00900269,0,0,-5,0.00535661,-0.00634185,4.991,4.991,0.00226811,-0.012336,0.00669252,0,0,0
1780599419538314,0.176,0.00525664,-0.00620755,-0.0088501,0,0,-5,0.00525664,-0.00620755,4.99115,4.99116,0.000171508,-0.0121191,0.00558373,0,0,0
1780599419562314,0.2,0.00514198,-0.00611996,-0.00872803,0,0,-5,0.00514198,-0.00611996,4.99127,4.99128,0.00108146,-0.0132005,0.00502293,0,0,0
1780599419578314,0.216,0.00508122,-0.00609367,-0.00863647,0,0,-5,0.00508122,-0.00609367,4.99136,4.99137,0.000654566,-0.0137618,0.00670672,0,0,0
1780599419594314,0.232,0.00497017,-0.00610326,-0.0085144,0,0,-5,0.00497017,-0.00610326,4.99149,4.99149,0.000173442,-0.0137527,0.00557552,0,0,0
1780599419618314,0.256,0.00481451,-0.00614964,-0.0083313,0,0,-5,0.00481451,-0.00614964,4.99167,4.99167,0.00108916,-0.0147212,0.0059023,0,0,0
1780599419642314,0.28,0.00469293,-0.00624284,-0.00814819,0,0,-5,0.00469293,-0.00624284,4.99185,4.99186,0.00212632,-0.0149393,0.0055697,0,0,0
1780599419658314,0.296,0.00461795,-0.0062902,-0.00799561,0,0,-5,0.00461795,-0.0062902,4.992,4.99201,0.00192964,-0.0142556,0.0064102,0,0,0
1780599419682314,0.32,0.00451176,-0.00634895,-0.00778198,0,0,-5,0.00451176,-0.00634895,4.99222,4.99222,0.00253079,-0.0125003,0.00723963,0,0,0
1780599419698314,0.336,0.00444902,-0.00638241,-0.00759888,0,0,-5,0.00444902,-0.00638241,4.9924,4.99241,0.000975285,-0.0121743,0.00649445,0,0,0
1780599419714314,0.352,0.00435935,-0.00643031,-0.00747681,0,0,-5,0.00435935,-0.00643031,4.99252,4.99253,-0.000594709,-0.013247,0.00612964,0,0,0
1780599419738314,0.376,0.00420702,-0.00654384,-0.00720215,0,0,-5,0.00420702,-0.00654384,4.9928,4.9928,-0.000935137,-0.0139152,0.00569289,0,0,0
1780599419762314,0.4,0.00406153,-0.00668726,-0.00695801,0,0,-5,0.00406153,-0.00668726,4.99304,4.99305,-0.000403108,-0.014044,0.00518149,0,0,0
1780599419778314,0.416,0.00397678,-0.00678233,-0.00680542,0,0,-5,0.00397678,-0.00678233,4.99319,4.9932,0.000456379,-0.0127393,0.00594438,0,0,0
1780599419802314,0.44,0.00381515,-0.00644562,-0.00646973,0,0,-5,0.00381515,-0.00644562,4.99353,4.99354,0.00175901,-0.0136298,0.00492572,0,0,0
1780599419818314,0.456,0.00371318,-0.0062571,-0.00628662,0,0,-5,0.00371318,-0.0062571,4.99371,4.99372,0.0016863,-0.0127929,0.00525511,0,0,0
1780599419842314,0.48,0.00358203,-0.00598981,-0.00598145,0,0,-5,0.00358203,-0.00598981,4.99402,4.99402,0.00235879,-0.0116798,0.00586876,0,0,0
1780599419858314,0.496,0.0035054,-0.00582853,-0.00576782,0,0,-5,0.0035054,-0.00582853,4.99423,4.99424,0.00289311,-0.0122729,0.00672958,0,0,0
1780599419882314,0.52,0.00341555,-0.00564521,-0.00546265,0,0,-5,0.00341555,-0.00564521,4.99454,4.99454,0.00279003,-0.0132671,0.00649145,0,0,0
1780599419898314,0.536,0.00335474,-0.00554818,-0.00527954,0,0,-5,0.00335474,-0.00554818,4.99472,4.99472,0.00259549,-0.0127471,0.00644423,0,0,0
1780599419922314,0.56,0.00325832,-0.00541456,-0.0050354,0,0,-5,0.00325832,-0.00541456,4.99496,4.99497,0.00265878,-0.0120297,0.00610426,0,0,0
1780599419938314,0.576,0.00320924,-0.00533528,-0.00488281,0,0,-5,0.00320924,-0.00533528,4.99512,4.99512,0.00189852,-0.0127772,0.00569182,0,0,0
1780599419962314,0.6,0.00311792,-0.00525011,-0.00463867,0,0,-5,0.00311792,-0.00525011,4.99536,4.99537,0.00140584,-0.0138575,0.00671605,0,0,0
1780599419978314,0.616,0.00305561,-0.00522866,-0.00448608,0,0,-5,0.00305561,-0.00522866,4.99551,4.99552,0.000832016,-0.0148992,0.00727194,0,0,0
1780599420002314,0.64,0.00295564,-0.00524517,-0.00424194,0,0,-5,0.00295564,-0.00524517,4.99576,4.99576,-0.0012318,-0.0134488,0.00504774,0,0,0
1780599420018314,0.656,0.00286945,-0.00525143,-0.00408936,0,0,-5,0.00286945,-0.00525143,4.99591,4.99591,-0.00148388,-0.0132532,0.00577786,0,0,0
1780599420042314,0.68,0.00273541,-0.00526783,-0.00387573,0,0,-5,0.00273541,-0.00526783,4.99612,4.99613,-0.0018895,-0.0128087,0.00649104,0,0,0
1780599420058342,0.696028,0.00264164,-0.00528569,-0.00372314,0,0,-5,0.00264164,-0.00528569,4.99628,4.99628,-0.00263022,-0.0121129,0.00659972,0,0,0
1780599420082342,0.720028,0.00249136,-0.0053169,-0.003479,0,0,-5,0.00249136,-0.0053169,4.99652,4.99652,-0.0024458,-0.0118986,0.00690259,0,0,0
1780599420098342,0.736028,0.00237999,-0.00535212,-0.00332642,0,0,-5,0.00237999,-0.00535212,4.99667,4.99668,-0.0034455,-0.0121371,0.00681401,0,0,0
1780599420114342,0.752028,0.00226394,-0.00539073,-0.00317383,0,0,-5,0.00226394,-0.00539073,4.99683,4.99683,-0.00338765,-0.0118403,0.00581412,0,0,0
1780599420138342,0.776028,0.00210716,-0.00547921,-0.00302124,0,0,-5,0.00210716,-0.00547921,4.99698,4.99698,-0.00247408,-0.012627,0.00348015,0,0,0
1780599420154342,0.792028,0.00201046,-0.00557483,-0.00296021,0,0,-5,0.00201046,-0.00557483,4.99704,4.99704,-0.0022976,-0.0146491,0.00338885,0,0,0
1780599420178342,0.816028,0.00186334,-0.00575492,-0.00286865,0,0,-5,0.00186334,-0.00575492,4.99713,4.99714,-0.0032761,-0.015505,0.00139027,0,0,0
1780599420194342,0.832028,0.0017734,-0.0056294,-0.00280762,0,0,-5,0.0017734,-0.0056294,4.99719,4.9972,-0.00402914,-0.0151374,0.00140284,0,0,0
1780599420218342,0.856028,0.00164353,-0.0054425,-0.00268555,0,0,-5,0.00164353,-0.0054425,4.99731,4.99732,-0.0029328,-0.0140144,0.000573951,0,0,0
1780599420242342,0.880028,0.00155911,-0.00531101,-0.00259399,0,0,-5,0.00155911,-0.00531101,4.99741,4.99741,-0.00293864,-0.0144397,0.000194773,0,0,0
1780599420258342,0.896028,0.00151859,-0.00525068,-0.00253296,0,0,-5,0.00151859,-0.00525068,4.99747,4.99747,-0.00187099,-0.0150218,0.00029746,0,0,0
1780599420282342,0.920028,0.00144119,-0.00518445,-0.00241089,0,0,-5,0.00144119,-0.00518445,4.99759,4.99759,-0.00368029,-0.0136689,0.000598999,0,0,0
1780599420298342,0.936028,0.00136628,-0.00515486,-0.00234985,0,0,-5,0.00136628,-0.00515486,4.99765,4.99765,-0.00485406,-0.0146623,0.00112876,0,0,0
1780599420322342,0.960028,0.00123813,-0.00515615,-0.00222778,0,0,-5,0.00123813,-0.00515615,4.99777,4.99778,-0.00443953,-0.0160297,0.000904361,0,0,0
1780599420338342,0.976028,0.00115432,-0.0051955,-0.00213623,0,0,-5,0.00115432,-0.0051955,4.99786,4.99787,-0.00579985,-0.0165485,0.000624463,0,0,0
1780599420362342,1.00003,0.0010104,-0.00526598,-0.00198364,0,0,-5,0.0010104,-0.00526598,4.99802,4.99802,-0.00570451,-0.0165237,0.000494522,0,0,0
1780599420378342,1.01603,0.000928149,-0.00532688,-0.00192261,0,0,-5,0.000928149,-0.00532688,4.99808,4.99808,-0.00533324,-0.0170846,0.00057233,0,0,0
1780599420394342,1.03203,0.000904353,-0.00540954,-0.00183105,0,0,-5,0.000904353,-0.00540954,4.99817,4.99817,-0.00487088,-0.0177405,0.000415577,0,0,0
1780599420418342,1.05603,0.000879667,-0.00556048,-0.0017395,0,0,-5,0.000879667,-0.00556048,4.99826,4.99826,-0.00445711,-0.0172937,-0.00149143,0,0,0
1780599420442342,1.08003,0.000860257,-0.00573138,-0.00167847,0,0,-5,0.000860257,-0.00573138,4.99832,4.99832,-0.00453969,-0.0175204,-0.00153928,0,0,0
1780599420458342,1.09603,0.000846536,-0.0058542,-0.00164795,0,0,-5,0.000846536,-0.0058542,4.99835,4.99836,-0.00499172,-0.0172631,-0.00159814,0,0,0
1780599420482342,1.12003,0.000803715,-0.00602861,-0.0015564,0,0,-5,0.000803715,-0.00602861,4.99844,4.99845,-0.00520246,-0.0167922,-0.000676083,0,0,0
1780599420498342,1.13603,0.000777089,-0.00617322,-0.00149536,0,0,-5,0.000777089,-0.00617322,4.9985,4.99851,-0.00508352,-0.0176207,0.000256057,0,0,0
1780599420522342,1.16003,0.000750246,-0.00640197,-0.00137329,0,0,-5,0.000750246,-0.00640197,4.99863,4.99863,-0.00432607,-0.0174858,0.000352793,0,0,0
1780599420538342,1.17603,0.000735311,-0.00657028,-0.00128174,0,0,-5,0.000735311,-0.00657028,4.99872,4.99872,-0.00481641,-0.0180909,3.89971e-05,0,0,0
1780599420562342,1.20003,0.000707723,-0.00685697,-0.00115967,0,0,-5,0.000707723,-0.00685697,4.99884,4.99885,-0.00396495,-0.0193724,0.000286051,0,0,0
1780599420578342,1.21603,0.000705896,-0.00706742,-0.00109863,0,0,-5,0.000705896,-0.00706742,4.9989,4.99891,-0.00310718,-0.0189075,0.000349787,0,0,0
1780599420594342,1.23203,0.000557739,-0.00708032,-0.00128174,0,0,-5,0.000557739,-0.00708032,4.99872,4.99872,-0.00315108,-0.0196029,0.000265343,0,0,0
1780599420618342,1.25603,0.000363422,-0.00713739,-0.00152588,0,0,-5,0.000363422,-0.00713739,4.99847,4.99848,-0.00207692,-0.019795,-0.00032031,0,0,0
1780599420642342,1.28003,0.000180133,-0.00721957,-0.0017395,0,0,-5,0.000180133,-0.00721957,4.99826,4.99827,-0.00268884,-0.0196635,-0.000830006,0,0,0
1780599420658342,1.29603,6.29401e-05,-0.00731122,-0.00189209,0,0,-5,6.29401e-05,-0.00731122,4.99811,4.99811,-0.00210201,-0.0200525,-0.00027748,0,0,0
1780599420682342,1.32003,-9.10891e-05,-0.00744862,-0.00210571,0,0,-5,-9.10891e-05,-0.00744862,4.99789,4.9979,-0.00192013,-0.0184932,0.00155526,0,0,0
1780599420698342,1.33603,-0.000193674,-0.00754467,-0.00219727,0,0,-5,-0.000193674,-0.00754467,4.9978,4.99781,-0.00174741,-0.0185885,0.00221208,0,0,0
1780599420722342,1.36003,-0.000316719,-0.00767789,-0.00231934,0,0,-5,-0.000316719,-0.00767789,4.99768,4.99769,-0.00115629,-0.0163433,0.00261946,0,0,0
1780599420738342,1.37603,-0.000385691,-0.00776889,-0.00241089,0,0,-5,-0.000385691,-0.00776889,4.99759,4.9976,-0.000670217,-0.0168934,0.00372712,0,0,0
1780599420762342,1.40003,-0.000494473,-0.00793806,-0.00247192,0,0,-5,-0.000494473,-0.00793806,4.99753,4.99753,-0.000907203,-0.0175165,0.00340573,0,0,0
1780599420778342,1.41603,-0.000553349,-0.00806298,-0.00253296,0,0,-5,-0.000553349,-0.00806298,4.99747,4.99747,-0.000252799,-0.0172504,0.00219233,0,0,0
1780599420802342,1.44003,-0.000631725,-0.00826918,-0.00265503,0,0,-5,-0.000631725,-0.00826918,4.99734,4.99735,0.000981657,-0.0179366,0.0021645,0,0,0
1780599420818342,1.45603,-0.00066845,-0.00842752,-0.00271606,0,0,-5,-0.00066845,-0.00842752,4.99728,4.99729,0.00204257,-0.0175918,0.00225516,0,0,0
1780599420842342,1.48003,-0.000693775,-0.00867127,-0.00280762,0,0,-5,-0.000693775,-0.00867127,4.99719,4.9972,0.00286201,-0.0183965,0.00287586,0,0,0
1780599420858342,1.49603,-0.000685099,-0.008852,-0.00286865,0,0,-5,-0.000685099,-0.008852,4.99713,4.99714,0.00483261,-0.018029,0.00268574,0,0,0
1780599420874342,1.51203,-0.000659268,-0.0090375,-0.00292969,0,0,-5,-0.000659268,-0.0090375,4.99707,4.99708,0.00478877,-0.0178543,0.00222876,0,0,0
1780599420898342,1.53603,-0.000603772,-0.00932548,-0.00299072,0,0,-5,-0.000603772,-0.00932548,4.99701,4.99702,0.00605425,-0.0180864,0.00130865,0,0,0
1780599420914342,1.55203,-0.000551564,-0.009525,-0.00302124,0,0,-5,-0.000551564,-0.009525,4.99698,4.99699,0.00589131,-0.0174974,0.000484931,0,0,0
1780599420938342,1.57603,-0.000481013,-0.00982105,-0.00305176,0,0,-5,-0.000481013,-0.00982105,4.99695,4.99696,0.00487763,-0.0171112,-0.00123507,0,0,0
1780599420962342,1.60003,-0.000428887,-0.0101374,-0.00311279,0,0,-5,-0.000428887,-0.0101374,4.99689,4.9969,0.00495287,-0.017589,-0.000596634,0,0,0
1780599420978342,1.61603,-0.000396632,-0.0103679,-0.00314331,0,0,-5,-0.000396632,-0.0103679,4.99686,4.99687,0.00401681,-0.0187103,0.000491524,0,0,0
1780599421002342,1.64003,-0.000424781,-0.0101256,-0.00308228,0,0,-5,-0.000424781,-0.0101256,4.99692,4.99693,0.00281525,-0.0194034,0.00172809,0,0,0
1780599421018342,1.65603,-0.000454794,-0.0100111,-0.00308228,0,0,-5,-0.000454794,-0.0100111,4.99692,4.99693,0.00281998,-0.0208126,0.000971691,0,0,0
1780599421042342,1.68003,-0.000498214,-0.00990117,-0.00302124,0,0,-5,-0.000498214,-0.00990117,4.99698,4.99699,0.00266498,-0.0207671,0.00103566,0,0,0
1780599421058372,1.69606,-0.000520737,-0.00985973,-0.00299072,0,0,-5,-0.000520737,-0.00985973,4.99701,4.99702,0.00275908,-0.0214363,0.0015249,0,0,0
1780599421074372,1.71206,-0.000536206,-0.00984721,-0.00292969,0,0,-5,-0.000536206,-0.00984721,4.99707,4.99708,0.0029789,-0.022109,0.00142076,0,0,0
1780599421098372,1.73606,-0.00059604,-0.00985997,-0.00286865,0,0,-5,-0.00059604,-0.00985997,4.99713,4.99714,0.00211351,-0.0224292,0.00124187,0,0,0
1780599421122372,1.76006,-0.000649009,-0.00992436,-0.00280762,0,0,-5,-0.000649009,-0.00992436,4.99719,4.9972,0.00208001,-0.0222132,0.00120151,0,0,0
1780599421138372,1.77606,-0.000680621,-0.00997854,-0.00274658,0,0,-5,-0.000680621,-0.00997854,4.99725,4.99726,0.00286139,-0.0222551,0.00153287,0,0,0
1780599421162372,1.80006,-0.000726478,-0.0101009,-0.00268555,0,0,-5,-0.000726478,-0.0101009,4.99731,4.99732,0.00300667,-0.022965,0.00304987,0,0,0
1780599421178372,1.81606,-0.000726072,-0.0102,-0.00259399,0,0,-5,-0.000726072,-0.0102,4.99741,4.99742,0.00526078,-0.0219529,0.00361232,0,0,0
1780599421202372,1.84006,-0.000659996,-0.0103666,-0.00241089,0,0,-5,-0.000659996,-0.0103666,4.99759,4.9976,0.0056868,-0.0215881,0.00416478,0,0,0
1780599421218372,1.85606,-0.000615951,-0.0104991,-0.0022583,0,0,-5,-0.000615951,-0.0104991,4.99774,4.99775,0.00503821,-0.0217683,0.00363483,0,0,0
1780599421242372,1.88006,-0.000496337,-0.010746,-0.00210571,0,0,-5,-0.000496337,-0.010746,4.99789,4.99791,0.00572343,-0.0221404,0.00233114,0,0,0
1780599421258372,1.89606,-0.000413869,-0.0109285,-0.00201416,0,0,-5,-0.000413869,-0.0109285,4.99799,4.998,0.00588606,-0.0229304,0.00152894,0,0,0
1780599421274372,1.91206,-0.000327759,-0.0111283,-0.00192261,0,0,-5,-0.000327759,-0.0111283,4.99808,4.99809,0.00585861,-0.0226735,0.00199227,0,0,0
1780599421298372,1.93606,-0.000202727,-0.0114263,-0.0017395,0,0,-5,-0.000202727,-0.0114263,4.99826,4.99827,0.00555067,-0.0226728,0.00224702,0,0,0
1780599421314372,1.95206,-0.000113341,-0.0116489,-0.00164795,0,0,-5,-0.000113341,-0.0116489,4.99835,4.99837,0.00682204,-0.0230382,0.00245007,0,0,0
1780599421338372,1.97606,5.38909e-05,-0.0120189,-0.00149536,0,0,-5,5.38909e-05,-0.0120189,4.9985,4.99852,0.00826116,-0.0245538,0.00346113,0,0,0
1780599421362372,2.00006,0.000239583,-0.0124533,-0.00134277,0,0,-5,0.000239583,-0.0124533,4.99866,4.99867,0.00779505,-0.0260472,0.00284839,0,0,0
1780599421378372,2.01606,0.000390786,-0.0127438,-0.00128174,0,0,-5,0.000390786,-0.0127438,4.99872,4.99873,0.00743579,-0.0257179,0.00126381,0,0,0
1780599421402372,2.04006,0.00037809,-0.0125054,-0.0012207,0,0,-5,0.00037809,-0.0125054,4.99878,4.99879,0.00723754,-0.025085,0.00134103,0,0,0
1780599421418372,2.05606,0.00037226,-0.0123671,-0.00115967,0,0,-5,0.00037226,-0.0123671,4.99884,4.99886,0.00716187,-0.02426,0.0016408,0,0,0
1780599421442372,2.08006,0.000391101,-0.0122185,-0.00109863,0,0,-5,0.000391101,-0.0122185,4.9989,4.99892,0.00838027,-0.0250383,0.00266183,0,0,0
1780599421458372,2.09606,0.000425212,-0.0121537,-0.0010376,0,0,-5,0.000425212,-0.0121537,4.99896,4.99898,0.00924779,-0.0259393,0.002662,0,0,0
1780599421474372,2.11206,0.000467481,-0.0121368,-0.00100708,0,0,-5,0.000467481,-0.0121368,4.99899,4.99901,0.00883268,-0.0273049,0.00224667,0,0,0
1780599421498372,2.13606,0.000531832,-0.0121893,-0.000976562,0,0,-5,0.000531832,-0.0121893,4.99902,4.99904,0.00871621,-0.0292561,0.00326062,0,0,0
1780599421522372,2.16006,0.000612165,-0.012352,-0.000915527,0,0,-5,0.000612165,-0.012352,4.99908,4.9991,0.00929269,-0.0321334,0.003545,0,0,0
1780599421538372,2.17606,0.00069083,-0.0125121,-0.00088501,0,0,-5,0.00069083,-0.0125121,4.99911,4.99913,0.010268,-0.0335781,0.00387772,0,0,0
1780599421562372,2.20006,0.000811498,-0.0128242,-0.000823975,0,0,-5,0.000811498,-0.0128242,4.99918,4.99919,0.00960159,-0.034621,0.00442954,0,0,0
1780599421578372,2.21606,0.000881987,-0.0130656,-0.000793457,0,0,-5,0.000881987,-0.0130656,4.99921,4.99922,0.00846207,-0.0355209,0.00410564,0,0,0
1780599421602372,2.24006,0.000954557,-0.0134941,-0.000732422,0,0,-5,0.000954557,-0.0134941,4.99927,4.99929,0.00810278,-0.0377903,0.00359936,0,0,0
1780599421618372,2.25606,0.00100468,-0.0138235,-0.000701904,0,0,-5,0.00100468,-0.0138235,4.9993,4.99932,0.00780925,-0.0381063,0.00248711,0,0,0
1780599421642372,2.28006,0.00109417,-0.0143447,-0.000640869,0,0,-5,0.00109417,-0.0143447,4.99936,4.99938,0.00828556,-0.0385531,0.00339239,0,0,0
1780599421658372,2.29606,0.00114937,-0.0147057,-0.000579834,0,0,-5,0.00114937,-0.0147057,4.99942,4.99944,0.0078664,-0.0382036,0.00404143,0,0,0
1780599421682372,2.32006,0.00122752,-0.0152423,-0.000488281,0,0,-5,0.00122752,-0.0152423,4.99951,4.99954,0.00804465,-0.0381684,0.00236903,0,0,0
1780599421698372,2.33606,0.00127115,-0.0156307,-0.000427246,0,0,-5,0.00127115,-0.0156307,4.99957,4.9996,0.00584296,-0.0391409,0.000760392,0,0,0
1780599421722372,2.36006,0.00130659,-0.0162365,-0.000335693,0,0,-5,0.00130659,-0.0162365,4.99966,4.99969,0.00537712,-0.0387368,0.00224276,0,0,0
1780599421738372,2.37606,0.00134158,-0.0166525,-0.000274658,0,0,-5,0.00134158,-0.0166525,4.99973,4.99975,0.00608185,-0.0392123,0.00239337,0,0,0
1780599421762372,2.40006,0.0014014,-0.0173104,-0.000152588,0,0,-5,0.0014014,-0.0173104,4.99985,4.99988,0.00633992,-0.0393041,0.00284202,0,0,0
1780599421778372,2.41606,0.00145778,-0.0177691,-6.10352e-05,0,0,-5,0.00145778,-0.0177691,4.99994,4.99997,0.00717073,-0.0396084,0.0026083,0,0,0
1780599421802372,2.44006,0.0010558,-0.0172515,9.15527e-05,0,0,-5,0.0010558,-0.0172515,5.00009,5.00012,0.00613794,-0.0398187,0.0029284,0,0,0
1780599421818372,2.45606,0.000798668,-0.0169696,0.000213623,0,0,-5,0.000798668,-0.0169696,5.00021,5.00024,0.00504826,-0.040319,0.00244958,0,0,0
1780599421842372,2.48006,0.000422129,-0.0166492,0.000335693,0,0,-5,0.000422129,-0.0166492,5.00034,5.00036,0.00459756,-0.0407912,0.00282914,0,0,0
1780599421858372,2.49606,0.000183418,-0.0165028,0.000427246,0,0,-5,0.000183418,-0.0165028,5.00043,5.00045,0.00398488,-0.0420843,0.0030552,0,0,0
1780599421882372,2.52006,-0.000162487,-0.0163667,0.000549316,0,0,-5,-0.000162487,-0.0163667,5.00055,5.00058,0.00383387,-0.0422188,0.00330636,0,0,0
1780599421898372,2.53606,-0.000376315,-0.0163185,0.000640869,0,0,-5,-0.000376315,-0.0163185,5.00064,5.00067,0.00358487,-0.0410355,0.00216365,0,0,0
1780599421922372,2.56006,-0.00066939,-0.016271,0.000762939,0,0,-5,-0.00066939,-0.016271,5.00076,5.00079,0.0051672,-0.0394416,0.00209869,0,0,0
1780599421938372,2.57606,-0.000824149,-0.0162605,0.000854492,0,0,-5,-0.000824149,-0.0162605,5.00085,5.00088,0.00525683,-0.0391208,0.00147747,0,0,0
1780599421962372,2.60006,-0.00101869,-0.0162964,0.000946045,0,0,-5,-0.00101869,-0.0162964,5.00095,5.00097,0.00612186,-0.0391923,0.00162943,0,0,0
1780599421978372,2.61606,-0.00113167,-0.0163524,0.0010376,0,0,-5,-0.00113167,-0.0163524,5.00104,5.00106,0.00654057,-0.0386735,0.00118575,0,0,0
1780599422002372,2.64006,-0.00129253,-0.0164322,0.00112915,0,0,-5,-0.00129253,-0.0164322,5.00113,5.00116,0.00831779,-0.0382746,0.000464185,0,0,0
1780599422018372,2.65606,-0.00136622,-0.0165033,0.0012207,0,0,-5,-0.00136622,-0.0165033,5.00122,5.00125,0.00964375,-0.0379196,0.000315895,0,0,0
1780599422034372,2.67206,-0.00142207,-0.0166128,0.00125122,0,0,-5,-0.00142207,-0.0166128,5.00125,5.00128,0.00897868,-0.0388405,-0.0012424,0,0,0
1780599422058372,2.69606,-0.00151447,-0.0168426,0.00134277,0,0,-5,-0.00151447,-0.0168426,5.00134,5.00137,0.00814811,-0.0392703,-0.00187847,0,0,0
1780599422082400,2.72009,-0.00161936,-0.0171304,0.00140381,0,0,-5,-0.00161936,-0.0171304,5.0014,5.00143,0.00608726,-0.038928,-0.00308418,0,0,0
1780599422098400,2.73609,-0.00170399,-0.0173513,0.00143433,0,0,-5,-0.00170399,-0.0173513,5.00143,5.00146,0.00572148,-0.0396665,-0.00267995,0,0,0
1780599422122400,2.76009,-0.00180219,-0.0177481,0.00146484,0,0,-5,-0.00180219,-0.0177481,5.00146,5.0015,0.00637028,-0.0411132,-0.00340387,0,0,0
1780599422138400,2.77609,-0.00185611,-0.0180538,0.00149536,0,0,-5,-0.00185611,-0.0180538,5.0015,5.00153,0.00643561,-0.0411491,-0.00316106,0,0,0
1780599422162400,2.80009,-0.00190927,-0.0185361,0.00149536,0,0,-5,-0.00190927,-0.0185361,5.0015,5.00153,0.00789349,-0.0413476,-0.00373816,0,0,0
1780599422178400,2.81609,-0.00192132,-0.01889,0.00152588,0,0,-5,-0.00192132,-0.01889,5.00153,5.00156,0.00831132,-0.0410159,-0.00343609,0,0,0
1780599422202400,2.84009,-0.0015275,-0.0182291,0.00149536,0,0,-5,-0.0015275,-0.0182291,5.0015,5.00153,0.00780228,-0.0393591,-0.00433832,0,0,0
1780599422218400,2.85609,-0.00127726,-0.0178504,0.00146484,0,0,-5,-0.00127726,-0.0178504,5.00146,5.0015,0.00759565,-0.0396201,-0.00515653,0,0,0
1780599422242400,2.88009,-0.000911661,-0.0173947,0.00140381,0,0,-5,-0.000911661,-0.0173947,5.0014,5.00143,0.00728216,-0.040674,-0.00367825,0,0,0
1780599422258400,2.89609,-0.000682166,-0.0171641,0.00140381,0,0,-5,-0.000682166,-0.0171641,5.0014,5.00143,0.00726937,-0.0419809,-0.00287321,0,0,0
1780599422282400,2.92009,-0.000341608,-0.0169264,0.00137329,0,0,-5,-0.000341608,-0.0169264,5.00137,5.0014,0.00751577,-0.0426971,-0.00174583,0,0,0
1780599422298400,2.93609,-0.000132049,-0.0168288,0.00137329,0,0,-5,-0.000132049,-0.0168288,5.00137,5.0014,0.0067754,-0.0428625,-0.00124601,0,0,0
1780599422322400,2.96009,0.000177662,-0.016746,0.00137329,0,0,-5,0.000177662,-0.016746,5.00137,5.0014,0.00717286,-0.0426844,-0.00110601,0,0,0
1780599422338400,2.97609,0.000385302,-0.0167252,0.00137329,0,0,-5,0.000385302,-0.0167252,5.00137,5.0014,0.00791558,-0.0414673,-0.00158629,0,0,0
1780599422362400,3.00009,0.000724875,-0.0167601,0.00131226,0,0,-5,0.000724875,-0.0167601,5.00131,5.00134,0.00851618,-0.042653,-0.00108201,0,0,0
1780599422378400,3.01609,0.000975024,-0.0168303,0.00131226,0,0,-5,0.000975024,-0.0168303,5.00131,5.00134,0.00919716,-0.0432931,-0.000340291,0,0,0
1780599422402400,3.04009,0.00134467,-0.016986,0.00125122,0,0,-5,0.00134467,-0.016986,5.00125,5.00128,0.00895277,-0.0422692,-0.00080731,0,0,0
1780599422418400,3.05609,0.00160215,-0.0171144,0.0012207,0,0,-5,0.00160215,-0.0171144,5.00122,5.00125,0.0104301,-0.0413009,-0.00139419,0,0,0
1780599422442400,3.08009,0.00199872,-0.0173398,0.00115967,0,0,-5,0.00199872,-0.0173398,5.00116,5.00119,0.0105219,-0.0412308,-0.0020384,0,0,0
1780599422458400,3.09609,0.00225889,-0.0175198,0.00109863,0,0,-5,0.00225889,-0.0175198,5.0011,5.00113,0.0108832,-0.0412985,-0.00272327,0,0,0
1780599422482400,3.12009,0.00265667,-0.0178591,0.0010376,0,0,-5,0.00265667,-0.0178591,5.00104,5.00107,0.0114895,-0.0428366,-0.00318951,0,0,0
1780599422498400,3.13609,0.00292219,-0.018132,0.000976562,0,0,-5,0.00292219,-0.018132,5.00098,5.00101,0.0111256,-0.0436879,-0.00288068,0,0,0
1780599422522400,3.16009,0.00328954,-0.0186149,0.00088501,0,0,-5,0.00328954,-0.0186149,5.00089,5.00092,0.0118509,-0.0439784,-0.00319446,0,0,0
1780599422538400,3.17609,0.00354294,-0.0189756,0.000823975,0,0,-5,0.00354294,-0.0189756,5.00082,5.00086,0.0124878,-0.0448682,-0.00251856,0,0,0
1780599422562400,3.20009,0.00393787,-0.0195388,0.000732422,0,0,-5,0.00393787,-0.0195388,5.00073,5.00077,0.0137057,-0.0435548,-0.00463526,0,0,0
1780599422578400,3.21609,0.00421886,-0.0199256,0.000610352,0,0,-5,0.00421886,-0.0199256,5.00061,5.00065,0.0146429,-0.0430661,-0.00498087,0,0,0
1780599422602400,3.24009,0.00484691,-0.0192384,0.000305176,0,0,-5,0.00484691,-0.0192384,5.00031,5.00034,0.0154062,-0.0412386,-0.00501084,0,0,0
1780599422618400,3.25609,0.00527365,-0.0188358,9.15527e-05,0,0,-5,0.00527365,-0.0188358,5.00009,5.00013,0.0161717,-0.0411422,-0.00499873,0,0,0
1780599422642400,3.28009,0.00589789,-0.0183261,-0.000183105,0,0,-5,0.00589789,-0.0183261,4.99982,4.99985,0.0157989,-0.0411026,-0.00351442,0,0,0
1780599422658400,3.29609,0.0063076,-0.018062,-0.000335693,0,0,-5,0.0063076,-0.018062,4.99966,4.9997,0.0172298,-0.0413396,-0.00358326,0,0,0
1780599422674400,3.31209,0.00673277,-0.0178521,-0.000488281,0,0,-5,0.00673277,-0.0178521,4.99951,4.99955,0.0184463,-0.0416022,-0.00270235,0,0,0
1780599422698400,3.33609,0.00736902,-0.0176222,-0.000732422,0,0,-5,0.00736902,-0.0176222,4.99927,4.9993,0.0177721,-0.0417756,-0.00412687,0,0,0
1780599422722400,3.36009,0.00799862,-0.0174607,-0.000976562,0,0,-5,0.00799862,-0.0174607,4.99902,4.99906,0.0194809,-0.0407198,-0.00462854,0,0,0
1780599422738400,3.37609,0.0084228,-0.0174111,-0.00112915,0,0,-5,0.0084228,-0.0174111,4.99887,4.99891,0.0192884,-0.0416079,-0.00426749,0,0,0
1780599422762400,3.40009,0.00905412,-0.017416,-0.00137329,0,0,-5,0.00905412,-0.017416,4.99863,4.99867,0.0194511,-0.0415686,-0.00588601,0,0,0
1780599422778400,3.41609,0.00946949,-0.0174486,-0.0015564,0,0,-5,0.00946949,-0.0174486,4.99844,4.99848,0.0198434,-0.0406846,-0.006592,0,0,0
1780599422802400,3.44009,0.0101159,-0.0175476,-0.00183105,0,0,-5,0.0101159,-0.0175476,4.99817,4.99821,0.0190505,-0.041573,-0.00552506,0,0,0
1780599422818400,3.45609,0.0105476,-0.0176793,-0.00198364,0,0,-5,0.0105476,-0.0176793,4.99802,4.99806,0.0194506,-0.0428539,-0.00616294,0,0,0
1780599422842400,3.48009,0.0111903,-0.0179205,-0.00222778,0,0,-5,0.0111903,-0.0179205,4.99777,4.99782,0.0198823,-0.0422058,-0.00658064,0,0,0
1780599422858400,3.49609,0.0116249,-0.0181151,-0.00241089,0,0,-5,0.0116249,-0.0181151,4.99759,4.99764,0.0207381,-0.042221,-0.00829849,0,0,0
1780599422874400,3.51209,0.0120595,-0.0183398,-0.00259399,0,0,-5,0.0120595,-0.0183398,4.99741,4.99745,0.0223638,-0.0438096,-0.00797003,0,0,0
1780599422898400,3.53609,0.0127494,-0.0187815,-0.00283813,0,0,-5,0.0127494,-0.0187815,4.99716,4.99721,0.0234313,-0.0456524,-0.00729416,0,0,0
1780599422922400,3.56009,0.0134442,-0.0193054,-0.00308228,0,0,-5,0.0134442,-0.0193054,4.99692,4.99697,0.0240266,-0.0460304,-0.00565299,0,0,0
1780599422938400,3.57609,0.0139137,-0.0196634,-0.00320435,0,0,-5,0.0139137,-0.0196634,4.9968,4.99685,0.0242737,-0.0452689,-0.00608332,0,0,0
1780599422954400,3.59209,0.0144002,-0.0200247,-0.00335693,0,0,-5,0.0144002,-0.0200247,4.99664,4.9967,0.0257326,-0.0455586,-0.00508683,0,0,0
1780599422978400,3.61609,0.0151437,-0.0206173,-0.00354004,0,0,-5,0.0151437,-0.0206173,4.99646,4.99653,0.0260236,-0.0465711,-0.00440544,0,0,0
1780599423002400,3.64009,0.0148683,-0.0199811,-0.00375366,0,0,-5,0.0148683,-0.0199811,4.99625,4.99631,0.0244296,-0.0471447,-0.00617565,0,0,0
1780599423018400,3.65609,0.0147102,-0.0196181,-0.00393677,0,0,-5,0.0147102,-0.0196181,4.99606,4.99612,0.024468,-0.0464947,-0.00706279,0,0,0
1780599423042400,3.68009,0.0145135,-0.0191631,-0.00418091,0,0,-5,0.0145135,-0.0191631,4.99582,4.99588,0.0236377,-0.0458449,-0.0070819,0,0,0
1780599423058400,3.69609,0.0144067,-0.0189264,-0.00436401,0,0,-5,0.0144067,-0.0189264,4.99564,4.99569,0.0238919,-0.0460833,-0.00657317,0,0,0
1780599423082431,3.72012,0.0143015,-0.0186558,-0.00460815,0,0,-5,0.0143015,-0.0186558,4.99539,4.99545,0.0247661,-0.0458189,-0.00798306,0,0,0
1780599423098431,3.73612,0.0142825,-0.018513,-0.00482178,0,0,-5,0.0142825,-0.018513,4.99518,4.99523,0.0254581,-0.0448869,-0.00784661,0,0,0
1780599423122431,3.76012,0.0143019,-0.0183817,-0.00506592,0,0,-5,0.0143019,-0.0183817,4.99493,4.99499,0.0262581,-0.0457842,-0.00702092,0,0,0
1780599423138431,3.77612,0.0143438,-0.0183506,-0.00524902,0,0,-5,0.0143438,-0.0183506,4.99475,4.99481,0.0266029,-0.0457917,-0.00679572,0,0,0
1780599423162431,3.80012,0.0144349,-0.0183808,-0.00552368,0,0,-5,0.0144349,-0.0183808,4.99448,4.99453,0.0257986,-0.0457369,-0.00728275,0,0,0
1780599423178431,3.81612,0.014499,-0.0184367,-0.00570679,0,0,-5,0.014499,-0.0184367,4.99429,4.99435,0.0251224,-0.0449455,-0.00779409,0,0,0
1780599423202431,3.84012,0.0146155,-0.0185672,-0.00595093,0,0,-5,0.0146155,-0.0185672,4.99405,4.9941,0.0254939,-0.0442335,-0.00767152,0,0,0
1780599423218431,3.85612,0.0147178,-0.0186884,-0.00613403,0,0,-5,0.0147178,-0.0186884,4.99387,4.99392,0.0249259,-0.0442232,-0.00693737,0,0,0
1780599423242431,3.88012,0.0148213,-0.0189219,-0.00634766,0,0,-5,0.0148213,-0.0189219,4.99365,4.99371,0.0231116,-0.0440404,-0.00450674,0,0,0
1780599423258431,3.89612,0.0148935,-0.0191067,-0.00646973,0,0,-5,0.0148935,-0.0191067,4.99353,4.99359,0.0229982,-0.0427357,-0.00477223,0,0,0
1780599423282431,3.92012,0.015034,-0.0194061,-0.00665283,0,0,-5,0.015034,-0.0194061,4.99335,4.99341,0.0223214,-0.041555,-0.00465614,0,0,0
1780599423298431,3.93612,0.0151156,-0.0196165,-0.0067749,0,0,-5,0.0151156,-0.0196165,4.99323,4.99329,0.0214998,-0.0402153,-0.00390349,0,0,0
1780599423322431,3.96012,0.0152366,-0.0199401,-0.00695801,0,0,-5,0.0152366,-0.0199401,4.99304,4.99311,0.0196877,-0.0383629,-0.00440827,0,0,0
1780599423338431,3.97612,0.0152947,-0.0201591,-0.00708008,0,0,-5,0.0152947,-0.0201591,4.99292,4.99298,0.0177489,-0.0369431,-0.00441275,0,0,0
1780599423362431,4.00012,0.0153756,-0.0205079,-0.00726318,0,0,-5,0.0153756,-0.0205079,4.99274,4.9928,0.0170235,-0.0360654,-0.00481282,0,0,0
1780599423378431,4.01612,0.0154233,-0.0207631,-0.00738525,0,0,-5,0.0154233,-0.0207631,4.99261,4.99268,0.0157555,-0.0352486,-0.00536268,0,0,0
1780599423402431,4.04012,0.0150815,-0.0200352,-0.00762939,0,0,-5,0.0150815,-0.0200352,4.99237,4.99243,0.0149688,-0.0327614,-0.00573083,0,0,0
1780599423418431,4.05612,0.0148697,-0.0195892,-0.0078125,0,0,-5,0.0148697,-0.0195892,4.99219,4.99225,0.0144361,-0.0321876,-0.00626884,0,0,0
1780599423442431,4.08012,0.0145672,-0.0190171,-0.00805664,0,0,-5,0.0145672,-0.0190171,4.99194,4.992,0.0134754,-0.032305,-0.00428583,0,0,0
1780599423458431,4.09612,0.0143783,-0.0186834,-0.00817871,0,0,-5,0.0143783,-0.0186834,4.99182,4.99188,0.0122994,-0.0308207,-0.00333731,0,0,0
1780599423482431,4.12012,0.0141024,-0.0182103,-0.00839233,0,0,-5,0.0141024,-0.0182103,4.99161,4.99166,0.0115013,-0.0279645,-0.00289906,0,0,0
1780599423498431,4.13612,0.0139249,-0.0179056,-0.00848389,0,0,-5,0.0139249,-0.0179056,4.99152,4.99157,0.0107946,-0.027169,-0.00118724,0,0,0
1780599423522431,4.16012,0.0136502,-0.0174846,-0.00860596,0,0,-5,0.0136502,-0.0174846,4.99139,4.99144,0.00845354,-0.0245042,-0.0017752,0,0,0
1780599423538431,4.17612,0.0134561,-0.0172075,-0.00872803,0,0,-5,0.0134561,-0.0172075,4.99127,4.99132,0.00696224,-0.0225349,-0.00169051,0,0,0
1780599423554431,4.19212,0.0132397,-0.0169318,-0.00881958,0,0,-5,0.0132397,-0.0169318,4.99118,4.99123,0.00367048,-0.0203521,-0.00217112,0,0,0
1780599423578431,4.21612,0.0128324,-0.01648,-0.00894165,0,0,-5,0.0128324,-0.01648,4.99106,4.9911,-0.0016524,-0.0138766,-0.00126609,0,0,0
1780599423602431,4.24012,0.0123155,-0.0159309,-0.00906372,0,0,-5,0.0123155,-0.0159309,4.99094,4.99098,-0.00792786,-0.00690992,-0.00120792,0,0,0
1780599423618431,4.25612,0.0118892,-0.0154977,-0.00912476,0,0,-5,0.0118892,-0.0154977,4.99088,4.99091,-0.0135373,-0.00147598,-0.00176159,0,0,0
1780599423634431,4.27212,0.0113873,-0.0150037,-0.00921631,0,0,-5,0.0113873,-0.0150037,4.99078,4.99082,-0.0190784,0.00496914,-0.00302373,0,0,0
1780599423658431,4.29612,0.0104831,-0.0140865,-0.0093689,0,0,-5,0.0104831,-0.0140865,4.99063,4.99066,-0.0261197,0.01622,-0.00384855,0,0,0
1780599423682431,4.32012,0.00945271,-0.0129202,-0.00952148,0,0,-5,0.00945271,-0.0129202,4.99048,4.9905,-0.0308479,0.0299292,-0.00321372,0,0,0
1780599423698431,4.33612,0.00872423,-0.0119984,-0.00961304,0,0,-5,0.00872423,-0.0119984,4.99039,4.99041,-0.0339924,0.0382827,-0.00415387,0,0,0
1780599423722431,4.36012,0.00753887,-0.01043,-0.00979614,0,0,-5,0.00753887,-0.01043,4.9902,4.99022,-0.0387187,0.0493412,-0.00883207,0,0,0
1780599423738431,4.37612,0.00670847,-0.00925303,-0.0100098,0,0,-5,0.00670847,-0.00925303,4.98999,4.99,-0.0404779,0.057154,-0.0120759,0,0,0
1780599423754431,4.39212,0.00585828,-0.00797398,-0.0102844,0,0,-5,0.00585828,-0.00797398,4.98972,4.98973,-0.042317,0.0646505,-0.0166417,0,0,0
1780599423778431,4.41612,0.0045232,-0.00591957,-0.0108337,0,0,-5,0.0045232,-0.00591957,4.98917,4.98917,-0.0468885,0.0706588,-0.0256894,0,0,0
1780599423802431,4.44012,0.0029488,-0.00314553,-0.0117493,0,0,-5,0.0029488,-0.00314553,4.98825,4.98825,-0.0490813,0.0754631,-0.0389821,0,0,0
1780599423818431,4.45612,0.00188782,-0.00129949,-0.0125732,0,0,-5,0.00188782,-0.00129949,4.98743,4.98743,-0.0501366,0.0771928,-0.0488905,0,0,0
1780599423842431,4.48012,0.000340749,0.00145795,-0.0140686,0,0,-5,0.000340749,0.00145795,4.98593,4.98593,-0.0477074,0.0788922,-0.0658917,0,0,0
1780599423858431,4.49612,-0.000639151,0.0032749,-0.0153198,0,0,-5,-0.000639151,0.0032749,4.98468,4.98468,-0.0449489,0.0797124,-0.0791535,0,0,0
1780599423882431,4.52012,-0.00197136,0.0059436,-0.0176086,0,0,-5,-0.00197136,0.0059436,4.98239,4.9824,-0.0387166,0.0790484,-0.102349,0,0,0
1780599423898431,4.53612,-0.00276271,0.00768104,-0.0195007,0,0,-5,-0.00276271,0.00768104,4.9805,4.98051,-0.0340858,0.079601,-0.121756,0,0,0
1780599423922431,4.56012,-0.0037919,0.0102345,-0.0228882,0,0,-5,-0.0037919,0.0102345,4.97711,4.97712,-0.0266223,0.0782349,-0.150663,0,0,0
1780599423938431,4.57612,-0.00436062,0.0118943,-0.0255432,0,0,-5,-0.00436062,0.0118943,4.97446,4.97447,-0.0210066,0.078206,-0.172742,0,0,0
1780599423962431,4.60012,-0.00501598,0.0143578,-0.0302429,0,0,-5,-0.00501598,0.0143578,4.96976,4.96978,-0.0116714,0.0790187,-0.208249,0,0,0
1780599423978431,4.61612,-0.00530871,0.0159646,-0.033844,0,0,-5,-0.00530871,0.0159646,4.96616,4.96618,-0.00424191,0.0784562,-0.233687,0,0,0
1780599424002431,4.64012,-0.00552101,0.0183451,-0.0400696,0,0,-5,-0.00552101,0.0183451,4.95993,4.95997,0.00645858,0.0796882,-0.275391,0,0,0
1780599424018431,4.65612,-0.00550354,0.0199204,-0.0447998,0,0,-5,-0.00550354,0.0199204,4.9552,4.95524,0.014974,0.0793441,-0.311179,0,0,0
1780599424042431,4.68012,-0.00518807,0.0222266,-0.0531616,0,0,-5,-0.00518807,0.0222266,4.94684,4.94689,0.0290585,0.0782544,-0.379171,0,0,0
1780599424058431,4.69612,-0.00479348,0.0237213,-0.0597534,0,0,-5,-0.00479348,0.0237213,4.94025,4.94031,0.0373464,0.0771753,-0.439756,0,0,0
1780599424082431,4.72012,-0.00392729,0.0259233,-0.0717163,0,0,-5,-0.00392729,0.0259233,4.92828,4.92835,0.0519271,0.0770117,-0.553748,0,0,0
1780599424098466,4.73615,-0.00315077,0.0273651,-0.0812988,0,0,-5,-0.00315077,0.0273651,4.9187,4.91878,0.0607851,0.0764064,-0.637123,0,0,0
1780599424122466,4.76015,-0.00171894,0.0294765,-0.0981445,0,0,-5,-0.00171894,0.0294765,4.90186,4.90194,0.0719921,0.0758621,-0.76022,0,0,0
1780599424138466,4.77615,-0.00061686,0.030878,-0.110992,0,0,-5,-0.00061686,0.030878,4.88901,4.88911,0.0799244,0.0764145,-0.839193,0,0,0
1780599424162466,4.80015,0.00126426,0.0329615,-0.132568,0,0,-5,0.00126426,0.0329615,4.86743,4.86754,0.0891871,0.0775806,-0.948996,0,0,0
1780599424178466,4.81615,0.00263863,0.0343562,-0.148346,0,0,-5,0.00263863,0.0343562,4.85165,4.85178,0.0952171,0.0787626,-1.01292,0,0,0
1780599424202466,4.84015,0.00193354,0.037991,-0.171906,0,0,-5,0.00193354,0.037991,4.82809,4.82824,0.100166,0.0843936,-1.08866,0,0,0
1780599424218466,4.85615,0.00164084,0.0404183,-0.188599,0,0,-5,0.00164084,0.0404183,4.8114,4.81157,0.102204,0.088547,-1.13,0,0,0
1780599424242466,4.88015,0.00141997,0.0440894,-0.214844,0,0,-5,0.00141997,0.0440894,4.78516,4.78536,0.103793,0.0951419,-1.17872,0,0,0
1780599424258466,4.89615,0.00138691,0.0465653,-0.233002,0,0,-5,0.00138691,0.0465653,4.767,4.76723,0.103635,0.100522,-1.20451,0,0,0
1780599424282466,4.92015,0.00146363,0.0503587,-0.261047,0,0,-5,0.00146363,0.0503587,4.73895,4.73922,0.103397,0.10982,-1.2383,0,0,0
1780599424298466,4.93615,0.0016072,0.0529687,-0.280212,0,0,-5,0.0016072,0.0529687,4.71979,4.72009,0.103782,0.116886,-1.2569,0,0,0
1780599424322466,4.96015,0.00194169,0.0570115,-0.309601,0,0,-5,0.00194169,0.0570115,4.6904,4.69075,0.102474,0.127506,-1.28546,0,0,0
1780599424338466,4.97615,0.00223148,0.0598062,-0.32962,0,0,-5,0.00223148,0.0598062,4.67038,4.67076,0.101976,0.135517,-1.30414,0,0,0
1780599424362466,5.00015,0.0027272,0.0641793,-0.360291,0,0,-5,0.0027272,0.0641793,4.63971,4.64015,0.0993536,0.147729,-1.33603,0,0,0
1780599424378466,5.01615,0.00309345,0.0672054,-0.381226,0,0,-5,0.00309345,0.0672054,4.61877,4.61926,0.0971829,0.155702,-1.35967,0,0,0
1780599424402466,5.04015,0.00366772,0.0719227,-0.413483,0,0,-5,0.00366772,0.0719227,4.58652,4.58708,0.0937247,0.167751,-1.40237,0,0,0
1780599424418466,5.05615,0.00406923,0.075179,-0.435608,0,0,-5,0.00406923,0.075179,4.56439,4.56501,0.0901999,0.175101,-1.43363,0,0,0
1780599424442466,5.08015,0.00465394,0.0802219,-0.46991,0,0,-5,0.00465394,0.0802219,4.53009,4.5308,0.0847094,0.185662,-1.49317,0,0,0
1780599424458466,5.09615,0.00503426,0.083686,-0.493713,0,0,-5,0.00503426,0.083686,4.50629,4.50707,0.081444,0.192614,-1.5408,0,0,0
1780599424482466,5.12015,0.00560094,0.0890479,-0.530914,0,0,-5,0.00560094,0.0890479,4.46909,4.46998,0.0779614,0.203083,-1.61862,0,0,0
1780599424498466,5.13615,0.00598953,0.092711,-0.556824,0,0,-5,0.00598953,0.092711,4.44318,4.44415,0.0750111,0.208252,-1.67284,0,0,0
1780599424522466,5.16015,0.00655884,0.0983085,-0.597321,0,0,-5,0.00655884,0.0983085,4.40268,4.40378,0.0712293,0.215479,-1.75099,0,0,0
1780599424538466,5.17615,0.00694538,0.102091,-0.625366,0,0,-5,0.00694538,0.102091,4.37463,4.37583,0.0693224,0.218709,-1.79806,0,0,0
1780599424562466,5.20015,0.00753941,0.1078,-0.668793,0,0,-5,0.00753941,0.1078,4.33121,4.33256,0.0662627,0.22157,-1.85961,0,0,0
1780599424578466,5.21615,0.00791974,0.111609,-0.698547,0,0,-5,0.00791974,0.111609,4.30145,4.30291,0.062828,0.222019,-1.89658,0,0,0
1780599424602466,5.24015,0.00683951,0.117449,-0.741699,0,0,-5,0.00683951,0.117449,4.2583,4.25993,0.0586408,0.22005,-1.94399,0,0,0
1780599424618466,5.25615,0.0061709,0.12127,-0.77121,0,0,-5,0.0061709,0.12127,4.22879,4.23053,0.0562594,0.216855,-1.97177,0,0,0
1780599424642466,5.28015,0.00524772,0.126854,-0.816406,0,0,-5,0.00524772,0.126854,4.18359,4.18552,0.0531119,0.210407,-2.00871,0,0,0
1780599424658466,5.29615,0.00467455,0.130449,-0.847137,0,0,-5,0.00467455,0.130449,4.15286,4.15491,0.0510418,0.204814,-2.03126,0,0,0
1780599424674466,5.31215,0.00415167,0.133922,-0.878326,0,0,-5,0.00415167,0.133922,4.12167,4.12385,0.0496008,0.19809,-2.05178,0,0,0
1780599424698466,5.33615,0.00343621,0.138914,-0.925812,0,0,-5,0.00343621,0.138914,4.07419,4.07656,0.0478496,0.188708,-2.07898,0,0,0
1780599424722466,5.36015,0.00280589,0.143597,-0.974091,0,0,-5,0.00280589,0.143597,4.02591,4.02847,0.0465862,0.175559,-2.10446,0,0,0
1780599424738466,5.37615,0.00246633,0.146517,-1.00668,0,0,-5,0.00246633,0.146517,3.99332,3.996,0.0475234,0.166477,-2.11948,0,0,0
1780599424762466,5.40015,0.00205693,0.1506,-1.05612,0,0,-5,0.00205693,0.1506,3.94388,3.94675,0.0473431,0.152472,-2.13979,0,0,0
1780599424778466,5.41615,0.00184105,0.153114,-1.08939,0,0,-5,0.00184105,0.153114,3.91061,3.91361,0.0475186,0.142979,-2.15252,0,0,0
1780599424802466,5.44015,0.00159577,0.156563,-1.13983,0,0,-5,0.00159577,0.156563,3.86017,3.86334,0.0460998,0.12671,-2.17053,0,0,0
1780599424818466,5.45615,0.00146961,0.158627,-1.17377,0,0,-5,0.00146961,0.158627,3.82623,3.82952,0.0451965,0.115299,-2.18145,0,0,0
1780599424842466,5.48015,0.00132483,0.161358,-1.22504,0,0,-5,0.00132483,0.161358,3.77496,3.77841,0.0440221,0.098748,-2.19535,0,0,0
1780599424858466,5.49615,0.00127038,0.162946,-1.25949,0,0,-5,0.00127038,0.162946,3.74051,3.74406,0.0438252,0.0873876,-2.20594,0,0,0
1780599424882466,5.52015,0.00122983,0.164974,-1.31155,0,0,-5,0.00122983,0.164974,3.68845,3.69213,0.041364,0.0703242,-2.21753,0,0,0
1780599424898466,5.53615,0.00121566,0.166086,-1.34647,0,0,-5,0.00121566,0.166086,3.65353,3.65731,0.0404235,0.0584441,-2.2259,0,0,0
1780599424922466,5.56015,0.00123164,0.167394,-1.39914,0,0,-5,0.00123164,0.167394,3.60086,3.60475,0.0397996,0.0424718,-2.23823,0,0,0
1780599424938466,5.57615,0.00128779,0.168049,-1.43445,0,0,-5,0.00128779,0.168049,3.56555,3.56951,0.0404352,0.0311635,-2.24498,0,0,0
1780599424962466,5.60015,0.00141379,0.168681,-1.48767,0,0,-5,0.00141379,0.168681,3.51233,3.51638,0.0389856,0.0155318,-2.2548,0,0,0
1780599424978466,5.61615,0.0015166,0.168894,-1.52332,0,0,-5,0.0015166,0.168894,3.47668,3.48078,0.0385352,0.00518865,-2.2616,0,0,0
1780599425002466,5.64015,-0.000470777,0.172977,-1.5748,0,0,-5,-0.000470777,0.172977,3.4252,3.42957,0.0371889,-0.00513267,-2.27011,0,0,0
1780599425018466,5.65615,-0.0017004,0.175404,-1.60934,0,0,-5,-0.0017004,0.175404,3.39066,3.39519,0.0357411,-0.0124473,-2.27552,0,0,0
1780599425042466,5.68015,-0.0034221,0.178594,-1.66156,0,0,-5,-0.0034221,0.178594,3.33844,3.34322,0.0341191,-0.0234209,-2.28565,0,0,0
1780599425058466,5.69615,-0.0044943,0.180436,-1.69662,0,0,-5,-0.0044943,0.180436,3.30338,3.3083,0.0324902,-0.0308944,-2.29211,0,0,0
1780599425082466,5.72015,-0.00600594,0.182789,-1.74957,0,0,-5,-0.00600594,0.182789,3.25043,3.25557,0.0313248,-0.0412556,-2.30182,0,0,0
1780599425098500,5.73619,-0.00692924,0.184119,-1.78516,0,0,-5,-0.00692924,0.184119,3.21484,3.22012,0.0310222,-0.0459352,-2.30851,0,0,0
1780599425122500,5.76019,-0.00822384,0.185805,-1.83884,0,0,-5,-0.00822384,0.185805,3.16116,3.16663,0.0299234,-0.0535348,-2.31654,0,0,0
1780599425138500,5.77619,-0.00902678,0.18673,-1.87482,0,0,-5,-0.00902678,0.18673,3.12518,3.13077,0.0281624,-0.0582664,-2.32183,0,0,0
1780599425154500,5.79219,-0.00978755,0.187498,-1.91092,0,0,-5,-0.00978755,0.187498,3.08908,3.09478,0.0286493,-0.0631101,-2.32729,0,0,0
1780599425178500,5.81619,-0.0108114,0.18836,-1.96542,0,0,-5,-0.0108114,0.18836,3.03458,3.04044,0.0279394,-0.0703991,-2.33448,0,0,0
1780599425202500,5.84019,-0.0117679,0.188913,-2.0202,0,0,-5,-0.0117679,0.188913,2.9798,2.9858,0.0260019,-0.0752054,-2.34073,0,0,0
1780599425218500,5.85619,-0.0123497,0.189122,-2.05688,0,0,-5,-0.0123497,0.189122,2.94312,2.94921,0.0257608,-0.080209,-2.34588,0,0,0
1780599425234500,5.87219,-0.0128986,0.189194,-2.09372,0,0,-5,-0.0128986,0.189194,2.90628,2.91246,0.0247094,-0.0834188,-2.35195,0,0,0
1780599425258500,5.89619,-0.0136539,0.189101,-2.14923,0,0,-5,-0.0136539,0.189101,2.85077,2.85707,0.0241314,-0.0878183,-2.35727,0,0,0
1780599425282500,5.92019,-0.014329,0.188761,-2.20486,0,0,-5,-0.014329,0.188761,2.79514,2.80154,0.0233637,-0.0926557,-2.35683,0,0,0
1780599425298500,5.93619,-0.0147285,0.188393,-2.24197,0,0,-5,-0.0147285,0.188393,2.75803,2.76449,0.0238715,-0.0961426,-2.35341,0,0,0
1780599425314500,5.95219,-0.0150826,0.187926,-2.27908,0,0,-5,-0.0150826,0.187926,2.72092,2.72744,0.0233659,-0.0981524,-2.34909,0,0,0
1780599425338500,5.97619,-0.0155511,0.187093,-2.33463,0,0,-5,-0.0155511,0.187093,2.66537,2.67198,0.023666,-0.0995562,-2.33669,0,0,0
1780599425362500,6.00019,-0.0159389,0.18609,-2.38989,0,0,-5,-0.0159389,0.18609,2.61011,2.61678,0.0241008,-0.102526,-2.32086,0,0,0
1780599425378500,6.01619,-0.0161356,0.185325,-2.42651,0,0,-5,-0.0161356,0.185325,2.57349,2.5802,0.0253725,-0.104136,-2.3062,0,0,0
1780599425402500,6.04019,-0.0191971,0.186861,-2.479,0,0,-5,-0.0191971,0.186861,2.521,2.52798,0.0239385,-0.104734,-2.2813,0,0,0
1780599425418500,6.05619,-0.0211307,0.187722,-2.51373,0,0,-5,-0.0211307,0.187722,2.48627,2.49343,0.0218974,-0.105465,-2.26281,0,0,0
1780599425442500,6.08019,-0.0238441,0.18878,-2.56543,0,0,-5,-0.0238441,0.18878,2.43457,2.44199,0.0216518,-0.105457,-2.23235,0,0,0
1780599425458500,6.09619,-0.0255428,0.189336,-2.59961,0,0,-5,-0.0255428,0.189336,2.40039,2.40798,0.0205024,-0.106104,-2.2107,0,0,0
1780599425474500,6.11219,-0.0271641,0.18977,-2.63351,0,0,-5,-0.0271641,0.18977,2.36649,2.37424,0.0195498,-0.107299,-2.18837,0,0,0
1780599425498500,6.13619,-0.0294683,0.190219,-2.68387,0,0,-5,-0.0294683,0.190219,2.31613,2.32412,0.0176368,-0.108372,-2.15388,0,0,0
1780599425522500,6.16019,-0.0316328,0.190419,-2.73346,0,0,-5,-0.0316328,0.190419,2.26654,2.27475,0.016021,-0.109365,-2.11675,0,0,0
1780599425538500,6.17619,-0.0330145,0.190432,-2.7662,0,0,-5,-0.0330145,0.190432,2.2338,2.24214,0.013527,-0.110546,-2.09099,0,0,0
1780599425562500,6.20019,-0.0349862,0.190275,-2.81461,0,0,-5,-0.0349862,0.190275,2.18539,2.19394,0.0122344,-0.111084,-2.05274,0,0,0
1780599425578500,6.21619,-0.0362279,0.190063,-2.84641,0,0,-5,-0.0362279,0.190063,2.15359,2.16227,0.0121214,-0.111918,-2.02647,0,0,0
1780599425602500,6.24019,-0.0379733,0.189561,-2.89346,0,0,-5,-0.0379733,0.189561,2.10654,2.11539,0.0117524,-0.11412,-1.98698,0,0,0
1780599425618500,6.25619,-0.0390571,0.189117,-2.92441,0,0,-5,-0.0390571,0.189117,2.07559,2.08456,0.0128656,-0.115499,-1.96202,0,0,0
1780599425642500,6.28019,-0.0405517,0.188267,-2.97015,0,0,-5,-0.0405517,0.188267,2.02985,2.03896,0.0136721,-0.118682,-1.92338,0,0,0
1780599425658500,6.29619,-0.0414652,0.18759,-3.00015,0,0,-5,-0.0414652,0.18759,1.99985,2.00905,0.01429,-0.119535,-1.89688,0,0,0
1780599425682500,6.32019,-0.0427207,0.186432,-3.04449,0,0,-5,-0.0427207,0.186432,1.95551,1.96484,0.0145361,-0.121345,-1.85691,0,0,0
1780599425698500,6.33619,-0.0434888,0.185561,-3.07358,0,0,-5,-0.0434888,0.185561,1.92642,1.93583,0.014941,-0.121889,-1.82926,0,0,0
1780599425722500,6.36019,-0.0445189,0.184105,-3.11639,0,0,-5,-0.0445189,0.184105,1.88361,1.89311,0.0159781,-0.12618,-1.78765,0,0,0
1780599425738500,6.37619,-0.0451437,0.183017,-3.14441,0,0,-5,-0.0451437,0.183017,1.85559,1.86514,0.0158591,-0.12718,-1.75953,0,0,0
1780599425762500,6.40019,-0.0459871,0.181264,-3.18573,0,0,-5,-0.0459871,0.181264,1.81427,1.82388,0.0165192,-0.129246,-1.71936,0,0,0
1780599425778500,6.41619,-0.0464929,0.180009,-3.21277,0,0,-5,-0.0464929,0.180009,1.78723,1.79688,0.0163379,-0.13017,-1.69191,0,0,0
1780599425802500,6.44019,-0.0494156,0.179722,-3.25305,0,0,-5,-0.0494156,0.179722,1.74695,1.75686,0.0139288,-0.131297,-1.65235,0,0,0
1780599425818500,6.45619,-0.051251,0.179392,-3.27939,0,0,-5,-0.051251,0.179392,1.72061,1.7307,0.0142191,-0.13213,-1.62548,0,0,0
1780599425842500,6.48019,-0.0538298,0.178704,-3.31815,0,0,-5,-0.0538298,0.178704,1.68185,1.69218,0.0124355,-0.133208,-1.58573,0,0,0
1780599425858500,6.49619,-0.0554536,0.178132,-3.34344,0,0,-5,-0.0554536,0.178132,1.65656,1.66703,0.0115703,-0.133684,-1.55944,0,0,0
1780599425882500,6.52019,-0.0577398,0.177113,-3.38068,0,0,-5,-0.0577398,0.177113,1.61932,1.63,0.0112195,-0.135137,-1.52092,0,0,0
1780599425898500,6.53619,-0.0591628,0.176317,-3.40503,0,0,-5,-0.0591628,0.176317,1.59497,1.60578,0.0110966,-0.136658,-1.49482,0,0,0
1780599425922500,6.56019,-0.0611689,0.174958,-3.44077,0,0,-5,-0.0611689,0.174958,1.55923,1.57021,0.0103614,-0.137268,-1.4575,0,0,0
1780599425938500,6.57619,-0.0624171,0.173966,-3.46411,0,0,-5,-0.0624171,0.173966,1.53589,1.54697,0.0104422,-0.138449,-1.43385,0,0,0
1780599425962500,6.60019,-0.064169,0.172351,-3.49844,0,0,-5,-0.064169,0.172351,1.50156,1.51278,0.0109328,-0.13947,-1.39725,0,0,0
1780599425978500,6.61619,-0.0652442,0.171184,-3.52084,0,0,-5,-0.0652442,0.171184,1.47916,1.49046,0.0116055,-0.139594,-1.3741,0,0,0
1780599426002500,6.64019,-0.0667305,0.169311,-3.55371,0,0,-5,-0.0667305,0.169311,1.44629,1.45769,0.0115956,-0.141114,-1.33934,0,0,0
1780599426018500,6.65619,-0.0676449,0.167977,-3.57526,0,0,-5,-0.0676449,0.167977,1.42474,1.43621,0.0125554,-0.142222,-1.31674,0,0,0
1780599426042500,6.68019,-0.0688904,0.165856,-3.60681,0,0,-5,-0.0688904,0.165856,1.39319,1.40472,0.0131056,-0.143381,-1.28141,0,0,0
1780599426058500,6.69619,-0.0696375,0.164364,-3.62738,0,0,-5,-0.0696375,0.164364,1.37262,1.38418,0.0147441,-0.144375,-1.25899,0,0,0
1780599426082500,6.72019,-0.0706202,0.162016,-3.65756,0,0,-5,-0.0706202,0.162016,1.34244,1.35402,0.016287,-0.14519,-1.22607,0,0,0
1780599426098500,6.73619,-0.0712013,0.160392,-3.67725,0,0,-5,-0.0712013,0.160392,1.32275,1.33434,0.016365,-0.145669,-1.20522,0,0,0
1780599426114537,6.75222,-0.0717374,0.158721,-3.69659,0,0,-5,-0.0717374,0.158721,1.30341,1.31499,0.0170219,-0.145818,-1.18421,0,0,0
1780599426138537,6.77622,-0.0724498,0.156125,-3.72498,0,0,-5,-0.0724498,0.156125,1.27502,1.28659,0.0172883,-0.147465,-1.15307,0,0,0
1780599426162537,6.80022,-0.0730411,0.153405,-3.75266,0,0,-5,-0.0730411,0.153405,1.24734,1.25886,0.0189177,-0.148876,-1.12201,0,0,0
1780599426178537,6.81622,-0.0733658,0.151529,-3.77072,0,0,-5,-0.0733658,0.151529,1.22928,1.24075,0.0197965,-0.149706,-1.10225,0,0,0
1780599426202537,6.84022,-0.0768533,0.149597,-3.79794,0,0,-5,-0.0768533,0.149597,1.20206,1.21377,0.0184191,-0.150483,-1.07269,0,0,0
1780599426218537,6.85622,-0.0790179,0.148239,-3.81564,0,0,-5,-0.0790179,0.148239,1.18436,1.19621,0.0189691,-0.149003,-1.05233,0,0,0
1780599426242537,6.88022,-0.0820185,0.146142,-3.84164,0,0,-5,-0.0820185,0.146142,1.15836,1.17042,0.0203086,-0.14811,-1.02347,0,0,0
1780599426258537,6.89622,-0.0838674,0.144686,-3.85855,0,0,-5,-0.0838674,0.144686,1.14145,1.15363,0.020736,-0.147417,-1.00491,0,0,0
1780599426282537,6.92022,-0.0864463,0.142426,-3.8833,0,0,-5,-0.0864463,0.142426,1.1167,1.12906,0.0201995,-0.146576,-0.977781,0,0,0
1780599426298537,6.93622,-0.088048,0.140868,-3.89941,0,0,-5,-0.088048,0.140868,1.10059,1.11305,0.0199198,-0.146127,-0.959592,0,0,0
1780599426322537,6.96022,-0.0902775,0.138471,-3.923,0,0,-5,-0.0902775,0.138471,1.077,1.08961,0.0201538,-0.144646,-0.933824,0,0,0
1780599426338537,6.97622,-0.0916529,0.136833,-3.93839,0,0,-5,-0.0916529,0.136833,1.06161,1.07431,0.0226923,-0.145091,-0.917319,0,0,0
1780599426362537,7.00022,-0.0935077,0.134295,-3.96091,0,0,-5,-0.0935077,0.134295,1.03909,1.0519,0.0242563,-0.145134,-0.893695,0,0,0
1780599426378537,7.01622,-0.0946281,0.132551,-3.97565,0,0,-5,-0.0946281,0.132551,1.02435,1.03722,0.024837,-0.145724,-0.877984,0,0,0
1780599426402537,7.04022,-0.0961542,0.12988,-3.99719,0,0,-5,-0.0961542,0.12988,1.00281,1.01574,0.0263598,-0.144131,-0.853226,0,0,0
1780599426418537,7.05622,-0.0970671,0.128073,-4.0112,0,0,-5,-0.0970671,0.128073,0.9888,1.00177,0.0270261,-0.144554,-0.836922,0,0,0
1780599426442537,7.08022,-0.0982767,0.125279,-4.03171,0,0,-5,-0.0982767,0.125279,0.968292,0.981297,0.0291836,-0.145342,-0.812906,0,0,0
1780599426458537,7.09622,-0.0989796,0.123373,-4.04504,0,0,-5,-0.0989796,0.123373,0.954956,0.967966,0.029688,-0.145922,-0.797793,0,0,0
1780599426482537,7.12022,-0.0999042,0.120483,-4.06454,0,0,-5,-0.0999042,0.120483,0.935455,0.948459,0.0317324,-0.143817,-0.776692,0,0,0
1780599426498537,7.13622,-0.100431,0.118539,-4.0773,0,0,-5,-0.100431,0.118539,0.922699,0.935688,0.032027,-0.143558,-0.763326,0,0,0
1780599426522537,7.16022,-0.1011,0.115588,-4.09595,0,0,-5,-0.1011,0.115588,0.904053,0.917002,0.0331592,-0.142902,-0.743011,0,0,0
1780599426538537,7.17622,-0.101457,0.113583,-4.10809,0,0,-5,-0.101457,0.113583,0.891907,0.904816,0.0345991,-0.143723,-0.72868,0,0,0
1780599426562537,7.20022,-0.101863,0.11053,-4.12589,0,0,-5,-0.101863,0.11053,0.874115,0.886944,0.0356517,-0.143622,-0.708685,0,0,0
1780599426578537,7.21622,-0.10206,0.108466,-4.13748,0,0,-5,-0.10206,0.108466,0.862518,0.875282,0.0371273,-0.144309,-0.696411,0,0,0
1780599426602537,7.24022,-0.105167,0.106036,-4.15533,0,0,-5,-0.105167,0.106036,0.844666,0.857767,0.0382233,-0.144187,-0.678895,0,0,0
1780599426618537,7.25622,-0.107052,0.104377,-4.16696,0,0,-5,-0.107052,0.104377,0.833038,0.846349,0.0394443,-0.143282,-0.668055,0,0,0
1780599426642537,7.28022,-0.109649,0.101836,-4.18399,0,0,-5,-0.109649,0.101836,0.81601,0.829617,0.0381511,-0.142278,-0.650938,0,0,0
1780599426658537,7.29622,-0.111244,0.10011,-4.1951,0,0,-5,-0.111244,0.10011,0.804901,0.818696,0.0386861,-0.143127,-0.640733,0,0,0
1780599426682537,7.32022,-0.113401,0.0974459,-4.21136,0,0,-5,-0.113401,0.0974459,0.788635,0.802684,0.0398926,-0.143096,-0.624583,0,0,0
1780599426698537,7.33622,-0.11471,0.0956266,-4.22192,0,0,-5,-0.11471,0.0956266,0.778076,0.792279,0.0397628,-0.143206,-0.613192,0,0,0
1780599426722537,7.36022,-0.116486,0.0928542,-4.2374,0,0,-5,-0.116486,0.0928542,0.762604,0.777017,0.0403506,-0.142014,-0.595967,0,0,0
1780599426738537,7.37622,-0.117552,0.0909835,-4.24744,0,0,-5,-0.117552,0.0909835,0.752563,0.767104,0.0410821,-0.142037,-0.584128,0,0,0
1780599426762537,7.40022,-0.118986,0.088131,-4.26212,0,0,-5,-0.118986,0.088131,0.737885,0.752594,0.0414283,-0.141639,-0.570518,0,0,0
1780599426778537,7.41622,-0.119833,0.0862143,-4.2717,0,0,-5,-0.119833,0.0862143,0.728302,0.743113,0.042292,-0.140681,-0.560563,0,0,0
1780599426802537,7.44022,-0.120946,0.0833037,-4.28574,0,0,-5,-0.120946,0.0833037,0.714264,0.729205,0.0433173,-0.140335,-0.545426,0,0,0
1780599426818537,7.45622,-0.121577,0.0813469,-4.29486,0,0,-5,-0.121577,0.0813469,0.705139,0.720152,0.0435615,-0.139733,-0.535974,0,0,0
1780599426834537,7.47222,-0.122142,0.0793884,-4.3038,0,0,-5,-0.122142,0.0793884,0.696198,0.711275,0.0432882,-0.138049,-0.526655,0,0,0
1780599426858537,7.49622,-0.122838,0.07647,-4.31689,0,0,-5,-0.122838,0.07647,0.683105,0.698262,0.0451509,-0.135603,-0.511763,0,0,0
1780599426882537,7.52022,-0.123359,0.0735363,-4.32959,0,0,-5,-0.123359,0.0735363,0.67041,0.68562,0.0473492,-0.135403,-0.497724,0,0,0
1780599426898537,7.53622,-0.123598,0.0715621,-4.33786,0,0,-5,-0.123598,0.0715621,0.66214,0.677368,0.048644,-0.135183,-0.488887,0,0,0
1780599426922537,7.56022,-0.123827,0.0685529,-4.35001,0,0,-5,-0.123827,0.0685529,0.649994,0.665225,0.0499405,-0.1356,-0.477629,0,0,0
1780599426938537,7.57622,-0.123887,0.0665341,-4.35794,0,0,-5,-0.123887,0.0665341,0.642059,0.657278,0.0516845,-0.134767,-0.469049,0,0,0
1780599426962537,7.60022,-0.123835,0.0635082,-4.36954,0,0,-5,-0.123835,0.0635082,0.630463,0.64564,0.0538835,-0.133535,-0.457917,0,0,0
1780599426978537,7.61622,-0.123714,0.0614954,-4.3772,0,0,-5,-0.123714,0.0614954,0.622803,0.637942,0.0548464,-0.132015,-0.44988,0,0,0
1780599426994537,7.63222,-0.126031,0.0589846,-4.38541,0,0,-5,-0.126031,0.0589846,0.614594,0.630149,0.0540702,-0.131276,-0.442739,0,0,0
1780599427018537,7.65622,-0.12923,0.0552538,-4.39734,0,0,-5,-0.12923,0.0552538,0.602661,0.618833,0.0532795,-0.130824,-0.430007,0,0,0
1780599427042537,7.68022,-0.132119,0.0515387,-4.40894,0,0,-5,-0.132119,0.0515387,0.591064,0.607839,0.0527575,-0.13173,-0.419113,0,0,0
1780599427058537,7.69622,-0.133877,0.049064,-4.41647,0,0,-5,-0.133877,0.049064,0.583527,0.600694,0.0527351,-0.131013,-0.412522,0,0,0
1780599427082537,7.72022,-0.136276,0.0453952,-4.42752,0,0,-5,-0.136276,0.0453952,0.572479,0.590224,0.0531305,-0.13046,-0.401972,0,0,0
1780599427098537,7.73622,-0.137707,0.0429659,-4.43466,0,0,-5,-0.137707,0.0429659,0.565338,0.583452,0.0548544,-0.129567,-0.394676,0,0,0
1780599427122577,7.76026,-0.139627,0.0393706,-4.44516,0,0,-5,-0.139627,0.0393706,0.55484,0.573492,0.0554401,-0.128752,-0.386296,0,0,0
1780599427138577,7.77626,-0.140762,0.0369886,-4.452,0,0,-5,-0.140762,0.0369886,0.548004,0.567001,0.0559623,-0.127808,-0.379704,0,0,0
1780599427162577,7.80026,-0.142293,0.0334432,-4.46201,0,0,-5,-0.142293,0.0334432,0.537994,0.557498,0.0556545,-0.12703,-0.368778,0,0,0
1780599427178577,7.81626,-0.143184,0.031098,-4.46848,0,0,-5,-0.143184,0.031098,0.531525,0.55135,0.0568811,-0.126206,-0.362443,0,0,0
1780599427202577,7.84026,-0.14433,0.0275921,-4.47797,0,0,-5,-0.14433,0.0275921,0.522034,0.542321,0.0581856,-0.126188,-0.353559,0,0,0
1780599427218577,7.85626,-0.144964,0.0252798,-4.48413,0,0,-5,-0.144964,0.0252798,0.515869,0.536446,0.0600634,-0.124876,-0.347299,0,0,0
1780599427242577,7.88026,-0.145726,0.0218521,-4.49316,0,0,-5,-0.145726,0.0218521,0.506836,0.527822,0.0613826,-0.123077,-0.339119,0,0,0
1780599427258577,7.89626,-0.146111,0.0196092,-4.49902,0,0,-5,-0.146111,0.0196092,0.500977,0.522217,0.0630551,-0.12117,-0.333815,0,0,0
1780599427282577,7.92026,-0.146509,0.0163006,-4.50766,0,0,-5,-0.146509,0.0163006,0.49234,0.513935,0.065347,-0.119011,-0.327863,0,0,0
1780599427298577,7.93626,-0.146659,0.0141377,-4.51331,0,0,-5,-0.146659,0.0141377,0.486694,0.508508,0.066175,-0.116238,-0.32338,0,0,0
1780599427322577,7.96026,-0.146733,0.0109789,-4.52161,0,0,-5,-0.146733,0.0109789,0.478394,0.500511,0.0686714,-0.113208,-0.316337,0,0,0
1780599427338577,7.97626,-0.146653,0.008918,-4.52704,0,0,-5,-0.146653,0.008918,0.472961,0.495257,0.070902,-0.111136,-0.311165,0,0,0
1780599427354577,7.99226,-0.146498,0.00687966,-4.53238,0,0,-5,-0.146498,0.00687966,0.467621,0.49008,0.0714281,-0.110717,-0.306088,0,0,0
1780599427378577,8.01626,-0.146133,0.00385345,-4.54019,0,0,-5,-0.146133,0.00385345,0.459808,0.482487,0.0730549,-0.109103,-0.29831,0,0,0
1780599427394577,8.03226,-0.147544,0.0015795,-4.54553,0,0,-5,-0.147544,0.0015795,0.454468,0.477821,0.0737505,-0.108128,-0.294167,0,0,0
1780599427418577,8.05626,-0.149394,-0.00178288,-4.55334,0,0,-5,-0.149394,-0.00178288,0.446655,0.47098,0.0747464,-0.10663,-0.288264,0,0,0
1780599427442577,8.08026,-0.150939,-0.00506003,-4.56091,0,0,-5,-0.150939,-0.00506003,0.439087,0.464333,0.0763165,-0.105034,-0.28057,0,0,0
1780599427458577,8.09626,-0.15181,-0.00720597,-4.56586,0,0,-5,-0.15181,-0.00720597,0.434143,0.459977,0.076591,-0.103806,-0.277302,0,0,0
1780599427474577,8.11226,-0.152565,-0.00931046,-4.57071,0,0,-5,-0.152565,-0.00931046,0.429291,0.45569,0.0766346,-0.101993,-0.273451,0,0,0
1780599427498577,8.13626,-0.153487,-0.0124105,-4.57788,0,0,-5,-0.153487,-0.0124105,0.422119,0.449329,0.0777526,-0.101031,-0.267596,0,0,0
1780599427522577,8.16026,-0.154196,-0.0154334,-4.58487,0,0,-5,-0.154196,-0.0154334,0.415131,0.443112,0.0781889,-0.0988696,-0.262685,0,0,0
1780599427538577,8.17626,-0.154547,-0.0174143,-4.58945,0,0,-5,-0.154547,-0.0174143,0.410553,0.439024,0.0783104,-0.0979508,-0.258913,0,0,0
1780599427562577,8.20026,-0.154903,-0.0203143,-4.59622,0,0,-5,-0.154903,-0.0203143,0.403778,0.432949,0.0795383,-0.0952682,-0.253225,0,0,0
1780599427578577,8.21626,-0.155023,-0.0222039,-4.60062,0,0,-5,-0.155023,-0.0222039,0.399384,0.42899,0.0813385,-0.0936386,-0.248408,0,0,0
1780599427602577,8.24026,-0.155026,-0.0249675,-4.60706,0,0,-5,-0.155026,-0.0249675,0.392944,0.423157,0.0825869,-0.0911332,-0.243482,0,0,0
1780599427618577,8.25626,-0.154913,-0.0267643,-4.6113,0,0,-5,-0.154913,-0.0267643,0.388702,0.41929,0.084637,-0.0893094,-0.241134,0,0,0
1780599427634577,8.27226,-0.154702,-0.0285069,-4.61548,0,0,-5,-0.154702,-0.0285069,0.384521,0.415454,0.0858014,-0.0866089,-0.238296,0,0,0
1780599427658577,8.29626,-0.154242,-0.0310558,-4.62158,0,0,-5,-0.154242,-0.0310558,0.378418,0.409823,0.0867884,-0.0848756,-0.232426,0,0,0
1780599427674577,8.31226,-0.15383,-0.0327175,-4.62558,0,0,-5,-0.15383,-0.0327175,0.37442,0.406109,0.0890752,-0.0829529,-0.228729,0,0,0
1780599427698577,8.33626,-0.153051,-0.0351397,-4.63141,0,0,-5,-0.153051,-0.0351397,0.368591,0.400648,0.0914539,-0.080425,-0.222196,0,0,0
1780599427722577,8.36026,-0.152095,-0.0374614,-4.63708,0,0,-5,-0.152095,-0.0374614,0.362915,0.395277,0.0937916,-0.0765366,-0.218233,0,0,0
1780599427738577,8.37626,-0.151356,-0.0389524,-4.64078,0,0,-5,-0.151356,-0.0389524,0.359222,0.391748,0.0955562,-0.0741343,-0.215186,0,0,0
1780599427762577,8.40026,-0.15012,-0.0411331,-4.64624,0,0,-5,-0.15012,-0.0411331,0.35376,0.386489,0.0967766,-0.0724143,-0.210939,0,0,0
1780599427778577,8.41626,-0.149226,-0.0425432,-4.64978,0,0,-5,-0.149226,-0.0425432,0.35022,0.383056,0.0975812,-0.0700936,-0.207815,0,0,0
1780599427802577,8.44026,-0.150056,-0.044926,-4.655,0,0,-5,-0.150056,-0.044926,0.345001,0.378894,0.097645,-0.0675173,-0.203631,0,0,0
1780599427818577,8.45626,-0.150471,-0.0464527,-4.65842,0,0,-5,-0.150471,-0.0464527,0.341583,0.376136,0.0967776,-0.065509,-0.201349,0,0,0
1780599427842577,8.48026,-0.150896,-0.0486506,-4.66345,0,0,-5,-0.150896,-0.0486506,0.336548,0.372023,0.0974811,-0.0622752,-0.199197,0,0,0
1780599427858577,8.49626,-0.151052,-0.0500616,-4.66678,0,0,-5,-0.151052,-0.0500616,0.333221,0.369269,0.0981991,-0.0607694,-0.196543,0,0,0
1780599427882577,8.52026,-0.151096,-0.0520971,-4.67169,0,0,-5,-0.151096,-0.0520971,0.328308,0.365144,0.0994005,-0.0581069,-0.192394,0,0,0
1780599427898577,8.53626,-0.151001,-0.053403,-4.6749,0,0,-5,-0.151001,-0.053403,0.325104,0.362417,0.0998657,-0.0561155,-0.190681,0,0,0
1780599427922577,8.56026,-0.150673,-0.0552809,-4.67966,0,0,-5,-0.150673,-0.0552809,0.320343,0.358299,0.102402,-0.0535399,-0.187282,0,0,0
1780599427938577,8.57626,-0.150344,-0.0564911,-4.68277,0,0,-5,-0.150344,-0.0564911,0.31723,0.355569,0.101549,-0.0519017,-0.185269,0,0,0
1780599427962577,8.60026,-0.149744,-0.0582053,-4.68738,0,0,-5,-0.149744,-0.0582053,0.312622,0.351488,0.101326,-0.0477917,-0.181021,0,0,0
1780599427978577,8.61626,-0.14925,-0.0592981,-4.6904,0,0,-5,-0.14925,-0.0592981,0.309601,0.348776,0.102395,-0.0468068,-0.178389,0,0,0
1780599428002577,8.64026,-0.148353,-0.0608741,-4.69485,0,0,-5,-0.148353,-0.0608741,0.305145,0.344714,0.103989,-0.0435195,-0.177485,0,0,0
1780599428018577,8.65626,-0.147669,-0.0618622,-4.69778,0,0,-5,-0.147669,-0.0618622,0.302216,0.342005,0.103897,-0.0415248,-0.176107,0,0,0
1780599428042577,8.68026,-0.14655,-0.0632789,-4.70212,0,0,-5,-0.14655,-0.0632789,0.297882,0.337957,0.10344,-0.0394438,-0.172804,0,0,0
1780599428058577,8.69626,-0.145739,-0.0641817,-4.70499,0,0,-5,-0.145739,-0.0641817,0.295013,0.335249,0.103855,-0.0369122,-0.171343,0,0,0
1780599428082577,8.72026,-0.144393,-0.06546,-4.70917,0,0,-5,-0.144393,-0.06546,0.290833,0.331237,0.10515,-0.0342271,-0.167195,0,0,0
1780599428098577,8.73626,-0.14342,-0.0662605,-4.71191,0,0,-5,-0.14342,-0.0662605,0.288086,0.328562,0.105968,-0.0318064,-0.165232,0,0,0
1780599428122577,8.76026,-0.141856,-0.0673959,-4.71597,0,0,-5,-0.141856,-0.0673959,0.284027,0.324556,0.107216,-0.0296396,-0.162496,0,0,0
1780599428138617,8.7763,-0.140731,-0.068114,-4.7186,0,0,-5,-0.140731,-0.068114,0.281403,0.321919,0.108455,-0.0287056,-0.159622,0,0,0
1780599428162617,8.8003,-0.138946,-0.0691633,-4.7225,0,0,-5,-0.138946,-0.0691633,0.277496,0.317952,0.109169,-0.0277262,-0.156442,0,0,0
1780599428178617,8.8163,-0.137707,-0.0698303,-4.72507,0,0,-5,-0.137707,-0.0698303,0.274933,0.315321,0.108969,-0.0264341,-0.15362,0,0,0
1780599428194617,8.8323,-0.137964,-0.0700067,-4.72769,0,0,-5,-0.137964,-0.0700067,0.272308,0.313188,0.107412,-0.0242982,-0.15291,0,0,0
1780599428218617,8.8563,-0.138198,-0.0702578,-4.73154,0,0,-5,-0.138198,-0.0702578,0.268463,0.310012,0.105262,-0.0220107,-0.148619,0,0,0
1780599428242617,8.8803,-0.138246,-0.0704646,-4.73532,0,0,-5,-0.138246,-0.0704646,0.264679,0.30681,0.104591,-0.0189762,-0.145769,0,0,0
1780599428258617,8.8963,-0.138165,-0.0705691,-4.73779,0,0,-5,-0.138165,-0.0705691,0.262207,0.304667,0.104291,-0.0156297,-0.14468,0,0,0
1780599428282617,8.9203,-0.137893,-0.0706637,-4.74149,0,0,-5,-0.137893,-0.0706637,0.258514,0.301393,0.103968,-0.0118548,-0.142411,0,0,0
1780599428298617,8.9363,-0.137605,-0.0706873,-4.74393,0,0,-5,-0.137605,-0.0706873,0.256073,0.299174,0.105094,-0.00991884,-0.142478,0,0,0
1780599428314617,8.9523,-0.137226,-0.0707087,-4.74634,0,0,-5,-0.137226,-0.0707087,0.253662,0.296943,0.105377,-0.0100246,-0.141161,0,0,0
1780599428338617,8.9763,-0.136543,-0.0707155,-4.74991,0,0,-5,-0.136543,-0.0707155,0.250092,0.293582,0.103263,-0.00698194,-0.141072,0,0,0
1780599428362617,9.0003,-0.135769,-0.0706899,-4.75345,0,0,-5,-0.135769,-0.0706899,0.246552,0.290203,0.101663,-0.00518935,-0.140043,0,0,0
1780599428378617,9.0163,-0.135177,-0.0706504,-4.7558,0,0,-5,-0.135177,-0.0706504,0.244202,0.287921,0.10272,-0.00328677,-0.137239,0,0,0
1780599428402617,9.0403,-0.134152,-0.0705607,-4.75922,0,0,-5,-0.134152,-0.0705607,0.240784,0.284521,0.103249,-0.00193061,-0.135596,0,0,0
1780599428418617,9.0563,-0.133393,-0.0704911,-4.76151,0,0,-5,-0.133393,-0.0704911,0.238495,0.28221,0.103601,-0.000297085,-0.132327,0,0,0
1780599428442617,9.0803,-0.132148,-0.0703617,-4.7648,0,0,-5,-0.132148,-0.0703617,0.235199,0.278805,0.103631,0.00163171,-0.12815,0,0,0
1780599428458617,9.0963,-0.131252,-0.0702494,-4.76697,0,0,-5,-0.131252,-0.0702494,0.233032,0.276525,0.104154,0.00322902,-0.126931,0,0,0
1780599428482617,9.1203,-0.129826,-0.0700495,-4.77014,0,0,-5,-0.129826,-0.0700495,0.229858,0.273124,0.102849,0.00585215,-0.124399,0,0,0
1780599428498617,9.1363,-0.128828,-0.0699073,-4.77225,0,0,-5,-0.128828,-0.0699073,0.227753,0.270841,0.102767,0.00524095,-0.123458,0,0,0
1780599428522617,9.1603,-0.127231,-0.0696793,-4.77533,0,0,-5,-0.127231,-0.0696793,0.22467,0.267432,0.103768,0.0080168,-0.121963,0,0,0
1780599428538617,9.1763,-0.126113,-0.0694902,-4.77737,0,0,-5,-0.126113,-0.0694902,0.222626,0.265133,0.103106,0.0100023,-0.120752,0,0,0
1780599428562617,9.2003,-0.124374,-0.0691499,-4.7804,0,0,-5,-0.124374,-0.0691499,0.219604,0.26168,0.103387,0.0129952,-0.119769,0,0,0
1780599428578617,9.2163,-0.123163,-0.0689002,-4.78244,0,0,-5,-0.123163,-0.0689002,0.21756,0.259323,0.103218,0.0149968,-0.118991,0,0,0
1780599428602617,9.2403,-0.12324,-0.0685826,-4.78589,0,0,-5,-0.12324,-0.0685826,0.214111,0.256389,0.102355,0.0165281,-0.116047,0,0,0
1780599428618617,9.2563,-0.123183,-0.0683398,-4.78815,0,0,-5,-0.123183,-0.0683398,0.211853,0.254413,0.101887,0.0185855,-0.11444,0,0,0
1780599428642617,9.2803,-0.12295,-0.0679272,-4.79144,0,0,-5,-0.12295,-0.0679272,0.208557,0.25145,0.10082,0.0208679,-0.111828,0,0,0
1780599428658617,9.2963,-0.122714,-0.0676342,-4.79361,0,0,-5,-0.122714,-0.0676342,0.20639,0.249459,0.0997641,0.0211409,-0.111757,0,0,0
1780599428682617,9.3203,-0.122257,-0.0671814,-4.79675,0,0,-5,-0.122257,-0.0671814,0.203247,0.246515,0.0971935,0.0232727,-0.108995,0,0,0
1780599428698617,9.3363,-0.121884,-0.0668452,-4.79883,0,0,-5,-0.121884,-0.0668452,0.201172,0.244528,0.0975804,0.0241288,-0.107933,0,0,0
1780599428722617,9.3603,-0.121166,-0.066339,-4.80182,0,0,-5,-0.121166,-0.066339,0.198181,0.241573,0.0988645,0.0241378,-0.10496,0,0,0
1780599428738617,9.3763,-0.120594,-0.0660036,-4.80377,0,0,-5,-0.120594,-0.0660036,0.196228,0.239593,0.0999137,0.0243003,-0.104317,0,0,0
1780599428762617,9.4003,-0.119611,-0.0654746,-4.80664,0,0,-5,-0.119611,-0.0654746,0.193359,0.236604,0.100879,0.0262629,-0.101359,0,0,0
1780599428778617,9.4163,-0.118866,-0.065093,-4.80853,0,0,-5,-0.118866,-0.065093,0.191467,0.234576,0.101094,0.0276987,-0.100693,0,0,0
1780599428802617,9.4403,-0.117669,-0.0644936,-4.81131,0,0,-5,-0.117669,-0.0644936,0.18869,0.231537,0.100159,0.0286522,-0.100219,0,0,0
1780599428818617,9.4563,-0.116808,-0.0640869,-4.81314,0,0,-5,-0.116808,-0.0640869,0.186859,0.229494,0.100545,0.0287875,-0.0997635,0,0,0
1780599428834617,9.4723,-0.115905,-0.063674,-4.81494,0,0,-5,-0.115905,-0.063674,0.185059,0.227453,0.0996861,0.0292986,-0.0986223,0,0,0
1780599428858617,9.4963,-0.114468,-0.0630474,-4.8176,0,0,-5,-0.114468,-0.0630474,0.182404,0.224386,0.100373,0.0292415,-0.0959557,0,0,0
1780599428882617,9.5203,-0.112906,-0.06244,-4.82016,0,0,-5,-0.112906,-0.06244,0.17984,0.221335,0.101774,0.0286091,-0.0952528,0,0,0
1780599428898617,9.5363,-0.111802,-0.0620417,-4.82184,0,0,-5,-0.111802,-0.0620417,0.178162,0.219295,0.102187,0.0286248,-0.0937971,0,0,0
1780599428922617,9.5603,-0.110068,-0.0614474,-4.82431,0,0,-5,-0.110068,-0.0614474,0.17569,0.216235,0.102195,0.0282141,-0.0921595,0,0,0
1780599428938617,9.5763,-0.108868,-0.0610613,-4.82593,0,0,-5,-0.108868,-0.0610613,0.174072,0.2142,0.102072,0.0276641,-0.0914875,0,0,0
1780599428962617,9.6003,-0.107004,-0.0604996,-4.82831,0,0,-5,-0.107004,-0.0604996,0.171692,0.211159,0.103212,0.0269599,-0.0889311,0,0,0
1780599428978617,9.6163,-0.105703,-0.0601359,-4.82983,0,0,-5,-0.105703,-0.0601359,0.170166,0.209155,0.103397,0.0262949,-0.0880322,0,0,0
1780599429002617,9.6403,-0.104639,-0.0595793,-4.8324,0,0,-5,-0.104639,-0.0595793,0.167603,0.206372,0.102619,0.0266491,-0.0853794,0,0,0
1780599429018617,9.6563,-0.103875,-0.0591953,-4.83405,0,0,-5,-0.103875,-0.0591953,0.165955,0.204536,0.102237,0.0270382,-0.0842523,0,0,0
1780599429042617,9.6803,-0.102619,-0.0586349,-4.83643,0,0,-5,-0.102619,-0.0586349,0.163574,0.201805,0.102418,0.0263829,-0.0821534,0,0,0
1780599429058617,9.6963,-0.101721,-0.0582652,-4.83804,0,0,-5,-0.101721,-0.0582652,0.161957,0.19993,0.101644,0.0268143,-0.081633,0,0,0
1780599429082617,9.7203,-0.100318,-0.0577137,-4.84036,0,0,-5,-0.100318,-0.0577137,0.159637,0.197177,0.0998644,0.0259903,-0.0793329,0,0,0
1780599429098617,9.7363,-0.0993453,-0.0573587,-4.84189,0,0,-5,-0.0993453,-0.0573587,0.158112,0.195343,0.0999722,0.0255037,-0.0793787,0,0,0
1780599429122617,9.7603,-0.0978097,-0.0568134,-4.84415,0,0,-5,-0.0978097,-0.0568134,0.155853,0.192574,0.0990893,0.0264973,-0.0781721,0,0,0
1780599429138662,9.77635,-0.0967394,-0.0564429,-4.84561,0,0,-5,-0.0967394,-0.0564429,0.154388,0.190736,0.0991654,0.0267238,-0.0773677,0,0,0
1780599429154662,9.79235,-0.0956425,-0.0560758,-4.84708,0,0,-5,-0.0956425,-0.0560758,0.152924,0.188885,0.0978388,0.0261107,-0.0770115,0,0,0
1780599429178662,9.81635,-0.0939604,-0.0555282,-4.84921,0,0,-5,-0.0939604,-0.0555282,0.150787,0.186142,0.0966514,0.0262982,-0.0759806,0,0,0
1780599429202662,9.84035,-0.0922187,-0.0549773,-4.85129,0,0,-5,-0.0922187,-0.0549773,0.148712,0.183418,0.0967083,0.0264377,-0.0748196,0,0,0
1780599429218662,9.85635,-0.091011,-0.0546004,-4.85266,0,0,-5,-0.091011,-0.0546004,0.147339,0.181585,0.0974883,0.0271818,-0.0747207,0,0,0
1780599429242662,9.88035,-0.0891129,-0.0540375,-4.85471,0,0,-5,-0.0891129,-0.0540375,0.145294,0.178806,0.0982036,0.027098,-0.0729793,0,0,0
1780599429258662,9.89635,-0.0878233,-0.0536589,-4.85608,0,0,-5,-0.0878233,-0.0536589,0.143921,0.176933,0.0971235,0.0266575,-0.0711158,0,0,0
1780599429282662,9.92035,-0.085843,-0.0530977,-4.85803,0,0,-5,-0.085843,-0.0530977,0.141968,0.174193,0.0976309,0.027,-0.0684811,0,0,0
1780599429298662,9.93635,-0.0844904,-0.0527172,-4.85931,0,0,-5,-0.0844904,-0.0527172,0.140686,0.172367,0.0972402,0.0273314,-0.068056,0,0,0
1780599429314662,9.95235,-0.0831214,-0.0523384,-4.8606,0,0,-5,-0.0831214,-0.0523384,0.139404,0.170535,0.09688,0.026923,-0.067272,0,0,0
1780599429338662,9.97635,-0.0810087,-0.0517872,-4.86246,0,0,-5,-0.0810087,-0.0517872,0.137543,0.167816,0.0976614,0.026581,-0.066344,0,0,0
1780599429362662,10.0003,-0.0788712,-0.0512305,-4.86426,0,0,-5,-0.0788712,-0.0512305,0.135742,0.16514,0.0966336,0.0263387,-0.0655777,0,0,0
1780599429378662,10.0163,-0.0774316,-0.0508601,-4.86548,0,0,-5,-0.0774316,-0.0508601,0.134521,0.163335,0.0953943,0.0267394,-0.0656718,0,0,0
1780599429402662,10.0403,-0.0768362,-0.0489356,-4.86752,0,0,-5,-0.0768362,-0.0489356,0.132477,0.160775,0.0932482,0.0274495,-0.0665866,0,0,0
1780599429418662,10.0563,-0.0763814,-0.0476967,-4.86887,0,0,-5,-0.0763814,-0.0476967,0.131134,0.159076,0.0929041,0.0281127,-0.0660659,0,0,0
1780599429442662,10.0803,-0.0755861,-0.0459011,-4.87082,0,0,-5,-0.0755861,-0.0459011,0.129181,0.15655,0.0923717,0.0283617,-0.0644594,0,0,0
1780599429458662,10.0963,-0.0749921,-0.0447432,-4.8721,0,0,-5,-0.0749921,-0.0447432,0.127899,0.154868,0.0919056,0.02922,-0.0634313,0,0,0
1780599429482662,10.1203,-0.0740238,-0.0430508,-4.87396,0,0,-5,-0.0740238,-0.0430508,0.126038,0.152376,0.0904814,0.030339,-0.0615031,0,0,0
1780599429498662,10.1363,-0.0733298,-0.0419459,-4.87518,0,0,-5,-0.0733298,-0.0419459,0.124817,0.150718,0.0894138,0.0300822,-0.0606961,0,0,0
1780599429514662,10.1523,-0.0726067,-0.0408781,-4.87637,0,0,-5,-0.0726067,-0.0408781,0.123627,0.149085,0.088443,0.0298118,-0.0588275,0,0,0
1780599429538662,10.1763,-0.071472,-0.0393234,-4.87811,0,0,-5,-0.071472,-0.0393234,0.121887,0.146667,0.0874106,0.0295163,-0.0595931,0,0,0
1780599429562662,10.2003,-0.0702747,-0.0378452,-4.87982,0,0,-5,-0.0702747,-0.0378452,0.120178,0.144269,0.0858976,0.0288604,-0.0587439,0,0,0
1780599429578662,10.2163,-0.0694431,-0.0368909,-4.88092,0,0,-5,-0.0694431,-0.0368909,0.11908,0.1427,0.0852013,0.0300107,-0.0577891,0,0,0
1780599429602662,10.2403,-0.0681553,-0.0354659,-4.88257,0,0,-5,-0.0681553,-0.0354659,0.117432,0.140332,0.0837507,0.0312256,-0.056549,0,0,0
1780599429618662,10.2563,-0.0672702,-0.0345359,-4.88361,0,0,-5,-0.0672702,-0.0345359,0.116394,0.138801,0.0827427,0.0318388,-0.056484,0,0,0
1780599429642662,10.2803,-0.0658916,-0.0331893,-4.88519,0,0,-5,-0.0658916,-0.0331893,0.114807,0.136469,0.0825939,0.0305252,-0.0549998,0,0,0
1780599429658662,10.2963,-0.0649433,-0.0323295,-4.8862,0,0,-5,-0.0649433,-0.0323295,0.1138,0.134957,0.0816628,0.0304632,-0.05353,0,0,0
1780599429682662,10.3203,-0.0634959,-0.0310789,-4.8877,0,0,-5,-0.0634959,-0.0310789,0.112305,0.132703,0.0809598,0.0304005,-0.0526143,0,0,0
1780599429698662,10.3363,-0.0624958,-0.0302748,-4.88864,0,0,-5,-0.0624958,-0.0302748,0.111359,0.131237,0.0807798,0.0286682,-0.0499445,0,0,0
1780599429722662,10.3603,-0.0609763,-0.0291417,-4.89001,0,0,-5,-0.0609763,-0.0291417,0.109985,0.12909,0.07865,0.0280025,-0.0487779,0,0,0
1780599429738662,10.3763,-0.0599363,-0.0284187,-4.89087,0,0,-5,-0.0599363,-0.0284187,0.109131,0.127709,0.0799134,0.0264991,-0.0473583,0,0,0
1780599429762662,10.4003,-0.0583264,-0.0274114,-4.89218,0,0,-5,-0.0583264,-0.0274114,0.107819,0.125611,0.0798371,0.0246437,-0.0481012,0,0,0
1780599429778662,10.4163,-0.0572156,-0.0267859,-4.89307,0,0,-5,-0.0572156,-0.0267859,0.106934,0.124201,0.0805382,0.0235126,-0.0489708,0,0,0
1780599429802662,10.4403,-0.0568257,-0.0256621,-4.89407,0,0,-5,-0.0568257,-0.0256621,0.105927,0.122915,0.0804897,0.0233262,-0.0495247,0,0,0
1780599429818662,10.4563,-0.056485,-0.024952,-4.89474,0,0,-5,-0.056485,-0.024952,0.105255,0.122032,0.0805285,0.0229088,-0.0496521,0,0,0
1780599429842662,10.4803,-0.0558712,-0.023927,-4.89578,0,0,-5,-0.0558712,-0.023927,0.104218,0.120646,0.0800335,0.0225098,-0.0495103,0,0,0
1780599429858662,10.4963,-0.0554137,-0.0232588,-4.89648,0,0,-5,-0.0554137,-0.0232588,0.103516,0.119696,0.0783389,0.0236489,-0.0497311,0,0,0
1780599429882662,10.5203,-0.0546741,-0.0222818,-4.89752,0,0,-5,-0.0546741,-0.0222818,0.102478,0.118269,0.0764734,0.0234136,-0.0484663,0,0,0
1780599429898662,10.5363,-0.054143,-0.0216435,-4.89819,0,0,-5,-0.054143,-0.0216435,0.101807,0.117322,0.0762341,0.0235716,-0.0486652,0,0,0
1780599429922662,10.5603,-0.0532928,-0.0207375,-4.89926,0,0,-5,-0.0532928,-0.0207375,0.100739,0.115838,0.0742703,0.0223352,-0.0480353,0,0,0
1780599429938662,10.5763,-0.0527056,-0.0201693,-4.89993,0,0,-5,-0.0527056,-0.0201693,0.100067,0.114883,0.0721687,0.0212794,-0.0463553,0,0,0
1780599429962662,10.6003,-0.051801,-0.0193569,-4.90094,0,0,-5,-0.051801,-0.0193569,0.0990601,0.11345,0.0707555,0.0211639,-0.0461912,0,0,0
1780599429978662,10.6163,-0.0511714,-0.0188328,-4.90161,0,0,-5,-0.0511714,-0.0188328,0.0983887,0.112488,0.0690581,0.0207475,-0.0458258,0,0,0
1780599429994662,10.6323,-0.0505337,-0.0183239,-4.90228,0,0,-5,-0.0505337,-0.0183239,0.0977173,0.111526,0.0686104,0.0210096,-0.0455131,0,0,0
1780599430018662,10.6563,-0.0495312,-0.0175803,-4.90326,0,0,-5,-0.0495312,-0.0175803,0.0967407,0.110096,0.0669454,0.0208847,-0.0444966,0,0,0
1780599430042662,10.6803,-0.0484823,-0.0168851,-4.90424,0,0,-5,-0.0484823,-0.0168851,0.0957642,0.108657,0.0673921,0.0187955,-0.0436237,0,0,0
1780599430058662,10.6963,-0.0477285,-0.0164519,-4.90488,0,0,-5,-0.0477285,-0.0164519,0.0951233,0.10769,0.0682931,0.0185898,-0.0433603,0,0,0
1780599430082662,10.7203,-0.046528,-0.0158567,-4.90582,0,0,-5,-0.046528,-0.0158567,0.0941772,0.106234,0.0682636,0.0156191,-0.0419818,0,0,0
1780599430098662,10.7363,-0.0457193,-0.0155111,-4.9064,0,0,-5,-0.0457193,-0.0155111,0.0935974,0.105315,0.0667442,0.0144843,-0.041358,0,0,0
1780599430122662,10.7603,-0.0444863,-0.0150022,-4.90732,0,0,-5,-0.0444863,-0.0150022,0.0926819,0.103894,0.0661891,0.0145411,-0.0414599,0,0,0
1780599430138662,10.7763,-0.0436491,-0.0146838,-4.90796,0,0,-5,-0.0436491,-0.0146838,0.092041,0.102919,0.0642742,0.0141542,-0.0410528,0,0,0
1780599430162707,10.8004,-0.0424033,-0.0142356,-4.90884,0,0,-5,-0.0424033,-0.0142356,0.091156,0.101539,0.0629799,0.0127264,-0.0395731,0,0,0
1780599430178707,10.8164,-0.0415559,-0.0139713,-4.90942,0,0,-5,-0.0415559,-0.0139713,0.0905762,0.100629,0.0621486,0.0118547,-0.0387079,0,0,0
1780599430202707,10.8404,-0.0413686,-0.0123039,-4.91022,0,0,-5,-0.0413686,-0.0123039,0.0897827,0.0996177,0.0605435,0.0113735,-0.0378026,0,0,0
1780599430218707,10.8564,-0.0411878,-0.0112549,-4.91071,0,0,-5,-0.0411878,-0.0112549,0.0892944,0.0989778,0.0604214,0.0122998,-0.0370722,0,0,0
1780599430242707,10.8804,-0.040856,-0.00976307,-4.91147,0,0,-5,-0.040856,-0.00976307,0.0885315,0.0979916,0.0584644,0.0109884,-0.0372587,0,0,0
1780599430258707,10.8964,-0.0405981,-0.00883781,-4.91196,0,0,-5,-0.0405981,-0.00883781,0.0880432,0.0973546,0.0578766,0.00993819,-0.0365839,0,0,0
1780599430282707,10.9204,-0.0401514,-0.00752447,-4.91272,0,0,-5,-0.0401514,-0.00752447,0.0872803,0.096367,0.0567425,0.0111589,-0.035799,0,0,0
1780599430298707,10.9364,-0.0398116,-0.0066815,-4.91321,0,0,-5,-0.0398116,-0.0066815,0.086792,0.0957207,0.0560566,0.0107734,-0.0356667,0,0,0
1780599430322707,10.9604,-0.0392613,-0.00549654,-4.91394,0,0,-5,-0.0392613,-0.00549654,0.0860596,0.0947518,0.0545322,0.00971058,-0.0359863,0,0,0
1780599430338707,10.9764,-0.0388697,-0.00475949,-4.91446,0,0,-5,-0.0388697,-0.00475949,0.0855408,0.0940783,0.0534131,0.00978417,-0.0369744,0,0,0
1780599430354707,10.9924,-0.0384607,-0.00405449,-4.91498,0,0,-5,-0.0384607,-0.00405449,0.085022,0.0934045,0.0527002,0.00887758,-0.0367639,0,0,0
1780599430378707,11.0164,-0.0378243,-0.00307177,-4.91574,0,0,-5,-0.0378243,-0.00307177,0.084259,0.0924105,0.0504879,0.00793109,-0.0361038,0,0,0
1780599430394707,11.0324,-0.0373799,-0.00246272,-4.91626,0,0,-5,-0.0373799,-0.00246272,0.0837402,0.0917374,0.0510132,0.00739748,-0.0370521,0,0,0
1780599430418707,11.0564,-0.0366629,-0.00160286,-4.91708,0,0,-5,-0.0366629,-0.00160286,0.0829163,0.0906744,0.0500201,0.00691127,-0.0371541,0,0,0
1780599430442707,11.0804,-0.0359103,-0.000818043,-4.91794,0,0,-5,-0.0359103,-0.000818043,0.0820618,0.0895787,0.0488859,0.00659733,-0.0383934,0,0,0
1780599430458707,11.0964,-0.0353893,-0.000328454,-4.91849,0,0,-5,-0.0353893,-0.000328454,0.0815125,0.0888639,0.0493704,0.00586889,-0.0382217,0,0,0
1780599430482707,11.1204,-0.0345682,0.000366278,-4.91937,0,0,-5,-0.0345682,0.000366278,0.0806274,0.0877262,0.0481631,0.00595504,-0.038125,0,0,0
1780599430498707,11.1364,-0.034002,0.000801307,-4.91998,0,0,-5,-0.034002,0.000801307,0.0800171,0.0869455,0.0481565,0.00583773,-0.0391302,0,0,0
1780599430522707,11.1604,-0.0331373,0.00140912,-4.9209,0,0,-5,-0.0331373,0.00140912,0.0791016,0.0857737,0.0470324,0.00531404,-0.0402231,0,0,0
1780599430538707,11.1764,-0.0325435,0.00177895,-4.92154,0,0,-5,-0.0325435,0.00177895,0.0784607,0.0849607,0.0471441,0.00430422,-0.0406606,0,0,0
1780599430562707,11.2004,-0.0316219,0.00227034,-4.92252,0,0,-5,-0.0316219,0.00227034,0.0774841,0.0837191,0.0464619,0.00314739,-0.0405488,0,0,0
1780599430578707,11.2164,-0.0310002,0.00256941,-4.92319,0,0,-5,-0.0310002,0.00256941,0.0768127,0.0828723,0.0451124,0.00259002,-0.040707,0,0,0
1780599430602707,11.2404,-0.0312502,0.00452546,-4.92392,0,0,-5,-0.0312502,0.00452546,0.0760803,0.0823728,0.0436616,0.00204215,-0.0395512,0,0,0
1780599430618707,11.2564,-0.0313693,0.00573955,-4.92438,0,0,-5,-0.0313693,0.00573955,0.0756226,0.0820716,0.043072,0.00195214,-0.0389993,0,0,0
1780599430642707,11.2804,-0.0314655,0.00745762,-4.92508,0,0,-5,-0.0314655,0.00745762,0.0749207,0.0816015,0.0425043,0.00241191,-0.0378873,0,0,0
1780599430658707,11.2964,-0.0314772,0.00853276,-4.92554,0,0,-5,-0.0314772,0.00853276,0.0744629,0.0812917,0.0421626,0.00185727,-0.0370584,0,0,0
1780599430682707,11.3204,-0.031415,0.0100201,-4.92624,0,0,-5,-0.031415,0.0100201,0.073761,0.0807959,0.0426729,0.00123074,-0.0377055,0,0,0
1780599430698707,11.3364,-0.0313207,0.010963,-4.92673,0,0,-5,-0.0313207,0.010963,0.0732727,0.0804367,0.0431032,0.00198302,-0.0377361,0,0,0
1780599430722707,11.3604,-0.0310983,0.0122997,-4.92743,0,0,-5,-0.0310983,0.0122997,0.0725708,0.0799056,0.043321,0.00204139,-0.0380401,0,0,0
1780599430738707,11.3764,-0.0308994,0.013141,-4.92792,0,0,-5,-0.0308994,0.013141,0.0720825,0.0795195,0.0440607,0.00244711,-0.0369922,0,0,0
1780599430754707,11.3924,-0.0306489,0.0139375,-4.92841,0,0,-5,-0.0306489,0.0139375,0.0715942,0.079116,0.0448425,0.00118362,-0.0370889,0,0,0
1780599430778707,11.4164,-0.0302145,0.0150554,-4.92911,0,0,-5,-0.0302145,0.0150554,0.0708923,0.0785194,0.04388,0.0015781,-0.0350731,0,0,0
1780599430802707,11.4404,-0.0297351,0.0160968,-4.92981,0,0,-5,-0.0297351,0.0160968,0.0701904,0.0779101,0.0436979,0.00127326,-0.0357878,0,0,0
1780599430818707,11.4564,-0.0293863,0.0167344,-4.93027,0,0,-5,-0.0293863,0.0167344,0.0697327,0.0774999,0.0436005,8.52146e-05,-0.036399,0,0,0
1780599430842707,11.4804,-0.0288017,0.0176029,-4.931,0,0,-5,-0.0288017,0.0176029,0.0690002,0.0768143,0.0445346,-0.00103625,-0.036522,0,0,0
1780599430858707,11.4964,-0.0283674,0.018125,-4.93152,0,0,-5,-0.0283674,0.018125,0.0684814,0.0763082,0.0451092,-0.00219064,-0.0363373,0,0,0
1780599430882707,11.5204,-0.0276779,0.0188291,-4.93225,0,0,-5,-0.0276779,0.0188291,0.067749,0.075568,0.0438086,-0.00296455,-0.0348346,0,0,0
1780599430898707,11.5364,-0.0272145,0.0192579,-4.93274,0,0,-5,-0.0272145,0.0192579,0.0672607,0.07507,0.0433408,-0.0031745,-0.0347058,0,0,0
1780599430922707,11.5604,-0.0264816,0.0198383,-4.93344,0,0,-5,-0.0264816,0.0198383,0.0665588,0.0743297,0.0430571,-0.00413619,-0.0329094,0,0,0
1780599430938707,11.5764,-0.0259737,0.0201735,-4.9339,0,0,-5,-0.0259737,0.0201735,0.0661011,0.0738306,0.0426799,-0.00567458,-0.0324214,0,0,0
1780599430962707,11.6004,-0.0252126,0.0205915,-4.93457,0,0,-5,-0.0252126,0.0205915,0.0654297,0.0730803,0.0409625,-0.00682557,-0.0324994,0,0,0
1780599430978707,11.6164,-0.0246885,0.0208347,-4.93506,0,0,-5,-0.0246885,0.0208347,0.0649414,0.0725327,0.0411412,-0.00740548,-0.0331473,0,0,0
1780599431002707,11.6404,-0.0257919,0.0213632,-4.93588,0,0,-5,-0.0257919,0.0213632,0.0641174,0.0723371,0.0380581,-0.0095095,-0.0327769,0,0,0
1780599431018707,11.6564,-0.0264539,0.0216594,-4.93643,0,0,-5,-0.0264539,0.0216594,0.0635681,0.0721792,0.0378711,-0.0103291,-0.0329607,0,0,0
1780599431042707,11.6804,-0.0273484,0.0220266,-4.93729,0,0,-5,-0.0273484,0.0220266,0.0627136,0.0718756,0.0351941,-0.0120138,-0.0356424,0,0,0
1780599431058707,11.6964,-0.0278984,0.022233,-4.93787,0,0,-5,-0.0278984,0.022233,0.0621338,0.0716466,0.0339131,-0.0116113,-0.0353373,0,0,0
1780599431082707,11.7204,-0.02865,0.0224904,-4.93875,0,0,-5,-0.02865,0.0224904,0.0612488,0.0712605,0.0318519,-0.0123643,-0.0351307,0,0,0
1780599431098707,11.7364,-0.0290984,0.0226334,-4.93933,0,0,-5,-0.0290984,0.0226334,0.0606689,0.0709909,0.0309842,-0.0123432,-0.0359676,0,0,0
1780599431122707,11.7604,-0.0296903,0.0227904,-4.94025,0,0,-5,-0.0296903,0.0227904,0.0597534,0.070508,0.0305535,-0.0141083,-0.0363528,0,0,0
1780599431138707,11.7764,-0.0300302,0.0228562,-4.94089,0,0,-5,-0.0300302,0.0228562,0.0591125,0.0701321,0.0305006,-0.014174,-0.035304,0,0,0
1780599431162707,11.8004,-0.0304623,0.022906,-4.94177,0,0,-5,-0.0304623,0.022906,0.0582275,0.0695923,0.0294658,-0.0153534,-0.0324936,0,0,0
1780599431178757,11.8164,-0.0307029,0.0229054,-4.94232,0,0,-5,-0.0307029,0.0229054,0.0576782,0.0692395,0.0290711,-0.0159291,-0.0313066,0,0,0
1780599431202757,11.8404,-0.0309878,0.022875,-4.94312,0,0,-5,-0.0309878,0.022875,0.0568848,0.0686978,0.0291118,-0.0153266,-0.0293982,0,0,0
1780599431218757,11.8564,-0.0311264,0.0228304,-4.94363,0,0,-5,-0.0311264,0.0228304,0.056366,0.0683169,0.0297939,-0.0167561,-0.0293016,0,0,0
1780599431234757,11.8724,-0.0312104,0.0227505,-4.94415,0,0,-5,-0.0312104,0.0227505,0.0558472,0.0679013,0.0302525,-0.0177044,-0.0293698,0,0,0
1780599431258757,11.8964,-0.0312957,0.0225772,-4.94489,0,0,-5,-0.0312957,0.0225772,0.0551147,0.0672814,0.0287954,-0.0185427,-0.0278883,0,0,0
1780599431274757,11.9124,-0.0313179,0.0224407,-4.94534,0,0,-5,-0.0313179,0.0224407,0.054657,0.0668714,0.0281267,-0.0189138,-0.02715,0,0,0
1780599431298757,11.9364,-0.0313319,0.0222178,-4.94604,0,0,-5,-0.0313319,0.0222178,0.0539551,0.0662304,0.0260673,-0.0189256,-0.0262994,0,0,0
1780599431322757,11.9604,-0.031327,0.0219413,-4.94669,0,0,-5,-0.031327,0.0219413,0.0533142,0.0656141,0.0248428,-0.0202934,-0.0260584,0,0,0
1780599431338757,11.9764,-0.0312909,0.0217275,-4.94714,0,0,-5,-0.0312909,0.0217275,0.0528564,0.0651537,0.0242274,-0.0215207,-0.0260869,0,0,0
1780599431354757,11.9924,-0.0312488,0.0214825,-4.9476,0,0,-5,-0.0312488,0.0214825,0.0523987,0.0646808,0.023212,-0.0219991,-0.0254164,0,0,0
1780599431378757,12.0164,-0.0311496,0.0210589,-4.94824,0,0,-5,-0.0311496,0.0210589,0.0517578,0.0639738,0.0224483,-0.0249037,-0.0249357,0,0,0
1780599431402757,12.0404,-0.0322204,0.0217725,-4.94879,0,0,-5,-0.0322204,0.0217725,0.0512085,0.0643001,0.0225317,-0.0241287,-0.0240538,0,0,0
1780599431418757,12.0564,-0.0328715,0.0221958,-4.94916,0,0,-5,-0.0328715,0.0221958,0.0508423,0.0644835,0.0210671,-0.0238027,-0.024363,0,0,0
1780599431442757,12.0804,-0.0337663,0.022759,-4.94968,0,0,-5,-0.0337663,0.022759,0.0503235,0.0647348,0.0199521,-0.0248902,-0.0219833,0,0,0
1780599431458757,12.0964,-0.0343021,0.0230457,-4.94998,0,0,-5,-0.0343021,0.0230457,0.0500183,0.0648812,0.0205647,-0.0271824,-0.0207351,0,0,0
1780599431482757,12.1204,-0.034979,0.023372,-4.95044,0,0,-5,-0.034979,0.023372,0.0495605,0.0650079,0.0225569,-0.028164,-0.0208585,0,0,0
1780599431498757,12.1364,-0.0353532,0.0235287,-4.95078,0,0,-5,-0.0353532,0.0235287,0.0492249,0.0650118,0.0228072,-0.029227,-0.0218878,0,0,0
1780599431522757,12.1604,-0.0358231,0.0236747,-4.95129,0,0,-5,-0.0358231,0.0236747,0.0487061,0.0649313,0.0229603,-0.0298326,-0.0221293,0,0,0
1780599431538757,12.1764,-0.0360889,0.0237493,-4.9516,0,0,-5,-0.0360889,0.0237493,0.0484009,0.0648774,0.0227167,-0.0289262,-0.020098,0,0,0
1780599431562757,12.2004,-0.0364027,0.0238034,-4.95206,0,0,-5,-0.0364027,0.0238034,0.0479431,0.0647325,0.0239931,-0.0297422,-0.0186036,0,0,0
1780599431578757,12.2164,-0.0365513,0.0237958,-4.95233,0,0,-5,-0.0365513,0.0237958,0.0476685,0.0646105,0.0246691,-0.0297108,-0.0183156,0,0,0
1780599431594757,12.2324,-0.0366636,0.0237515,-4.95264,0,0,-5,-0.0366636,0.0237515,0.0473633,0.0644332,0.0240602,-0.0312728,-0.0192243,0,0,0
1780599431618757,12.2564,-0.0367603,0.0236232,-4.95309,0,0,-5,-0.0367603,0.0236232,0.0469055,0.0641054,0.0255671,-0.0304844,-0.0202822,0,0,0
1780599431634757,12.2724,-0.0367605,0.0235158,-4.9534,0,0,-5,-0.0367605,0.0235158,0.0466003,0.0638429,0.0263211,-0.0307768,-0.019572,0,0,0
1780599431658757,12.2964,-0.0367169,0.0233129,-4.95386,0,0,-5,-0.0367169,0.0233129,0.0461426,0.0634094,0.0261313,-0.029548,-0.0209811,0,0,0
1780599431674757,12.3124,-0.036642,0.0231757,-4.95419,0,0,-5,-0.036642,0.0231757,0.0458069,0.0630716,0.0269556,-0.0287481,-0.0210876,0,0,0
1780599431698757,12.3364,-0.0364424,0.0229371,-4.95468,0,0,-5,-0.0364424,0.0229371,0.0453186,0.0625135,0.0287241,-0.0279152,-0.0216134,0,0,0
1780599431714757,12.3524,-0.0362674,0.0227854,-4.95505,0,0,-5,-0.0362674,0.0227854,0.0449524,0.0620904,0.028546,-0.0260692,-0.0217734,0,0,0
1780599431738757,12.3764,-0.0359462,0.0225232,-4.95557,0,0,-5,-0.0359462,0.0225232,0.0444336,0.061431,0.0302275,-0.0276595,-0.0229305,0,0,0
1780599431762757,12.4004,-0.0355387,0.0221884,-4.95612,0,0,-5,-0.0355387,0.0221884,0.0438843,0.0606725,0.0309755,-0.0288646,-0.0239386,0,0,0
1780599431778757,12.4164,-0.0352468,0.0219343,-4.95651,0,0,-5,-0.0352468,0.0219343,0.0434875,0.0601217,0.0304249,-0.0293482,-0.0245176,0,0,0
1780599431802757,12.4404,-0.0361633,0.0225317,-4.95724,0,0,-5,-0.0361633,0.0225317,0.0427551,0.0603611,0.0291783,-0.0277066,-0.0239304,0,0,0
1780599431818757,12.4564,-0.0366986,0.0228785,-4.95773,0,0,-5,-0.0366986,0.0228785,0.0422668,0.0604707,0.029697,-0.0280008,-0.0239746,0,0,0
1780599431842757,12.4804,-0.0374029,0.0232859,-4.95844,0,0,-5,-0.0374029,0.0232859,0.0415649,0.0605711,0.0282455,-0.0305771,-0.02254,0,0,0
1780599431858757,12.4964,-0.0378188,0.0234772,-4.95886,0,0,-5,-0.0378188,0.0234772,0.0411377,0.0606115,0.0282188,-0.0312436,-0.0222223,0,0,0
1780599431882757,12.5204,-0.038352,0.0236776,-4.95953,0,0,-5,-0.038352,0.0236776,0.0404663,0.0605725,0.0278342,-0.0323133,-0.0220371,0,0,0
1780599431898757,12.5364,-0.0386448,0.0237509,-4.95999,0,0,-5,-0.0386448,0.0237509,0.0400085,0.0604831,0.0281183,-0.0333808,-0.0220428,0,0,0
1780599431922757,12.5604,-0.0389823,0.0237684,-4.96063,0,0,-5,-0.0389823,0.0237684,0.0393677,0.0602858,0.0298151,-0.0355502,-0.0218511,0,0,0
1780599431938757,12.5764,-0.0391251,0.0237235,-4.96106,0,0,-5,-0.0391251,0.0237235,0.0389404,0.0600827,0.0316173,-0.0353011,-0.0206539,0,0,0
1780599431962757,12.6004,-0.0392396,0.0235952,-4.96164,0,0,-5,-0.0392396,0.0235952,0.0383606,0.0597329,0.032382,-0.0365274,-0.0191107,0,0,0
1780599431978757,12.6164,-0.0392642,0.0234704,-4.96201,0,0,-5,-0.0392642,0.0234704,0.0379944,0.0594652,0.0328358,-0.0359109,-0.0172096,0,0,0
1780599432002757,12.6404,-0.0392277,0.0232435,-4.96249,0,0,-5,-0.0392277,0.0232435,0.0375061,0.0590405,0.0318788,-0.035609,-0.0155021,0,0,0
1780599432018757,12.6564,-0.039178,0.0230657,-4.9628,0,0,-5,-0.039178,0.0230657,0.0372009,0.0587439,0.0320071,-0.0352777,-0.0159067,0,0,0
1780599432042757,12.6804,-0.0390385,0.0227846,-4.96329,0,0,-5,-0.0390385,0.0227846,0.0367126,0.058232,0.0328167,-0.0330532,-0.0171321,0,0,0
1780599432058757,12.6964,-0.0389015,0.0226019,-4.96359,0,0,-5,-0.0389015,0.0226019,0.0364075,0.0578764,0.033262,-0.0319627,-0.0168585,0,0,0
1780599432082757,12.7204,-0.0386327,0.0223187,-4.96408,0,0,-5,-0.0386327,0.0223187,0.0359192,0.0572782,0.033858,-0.0314363,-0.0166789,0,0,0
1780599432098757,12.7364,-0.0384121,0.0221055,-4.96439,0,0,-5,-0.0384121,0.0221055,0.035614,0.0568551,0.0345951,-0.0311108,-0.0169416,0,0,0
1780599432122757,12.7604,-0.0379994,0.02176,-4.96487,0,0,-5,-0.0379994,0.02176,0.0351257,0.0561361,0.0357926,-0.0316383,-0.0178179,0,0,0
1780599432138757,12.7764,-0.0376899,0.0214917,-4.96521,0,0,-5,-0.0376899,0.0214917,0.03479,0.0556126,0.0363338,-0.0321402,-0.0180631,0,0,0
1780599432162757,12.8004,-0.0371572,0.0210445,-4.9657,0,0,-5,-0.0371572,0.0210445,0.0343018,0.0547735,0.0376736,-0.0329303,-0.0177812,0,0,0
1780599432178807,12.8165,-0.0367859,0.0207176,-4.966,0,0,-5,-0.0367859,0.0207176,0.0339966,0.0542051,0.0369604,-0.0333149,-0.0170699,0,0,0
1780599432202807,12.8405,-0.0383668,0.021263,-4.96576,0,0,-5,-0.0383668,0.021263,0.0342407,0.0556467,0.0345552,-0.0338833,-0.0173995,0,0,0
1780599432218807,12.8565,-0.039332,0.021565,-4.96561,0,0,-5,-0.039332,0.021565,0.0343933,0.0565239,0.0343148,-0.0334826,-0.0167785,0,0,0
1780599432242807,12.8805,-0.0406352,0.0219293,-4.96542,0,0,-5,-0.0406352,0.0219293,0.0345764,0.0576857,0.0338344,-0.0341059,-0.0169136,0,0,0
1780599432258807,12.8965,-0.0414062,0.0221138,-4.96533,0,0,-5,-0.0414062,0.0221138,0.034668,0.0583555,0.0346611,-0.0342626,-0.0169938,0,0,0
1780599432274807,12.9125,-0.0421071,0.0222549,-4.96527,0,0,-5,-0.0421071,0.0222549,0.034729,0.0589439,0.0333812,-0.0351552,-0.0169688,0,0,0
1780599432298807,12.9365,-0.0430891,0.0223685,-4.96518,0,0,-5,-0.0430891,0.0223685,0.0348206,0.0597452,0.0309199,-0.0356552,-0.0166421,0,0,0
1780599432322807,12.9605,-0.0439415,0.0224134,-4.96515,0,0,-5,-0.0439415,0.0224134,0.0348511,0.0603971,0.0311727,-0.0363259,-0.0170135,0,0,0
1780599432338807,12.9765,-0.0444378,0.0223886,-4.96512,0,0,-5,-0.0444378,0.0223886,0.0348816,0.0607675,0.0311958,-0.0365055,-0.0165808,0,0,0
1780599432362807,13.0005,-0.0450796,0.0222951,-4.96512,0,0,-5,-0.0450796,0.0222951,0.0348816,0.0612043,0.0309896,-0.036469,-0.0153368,0,0,0
1780599432378807,13.0165,-0.0454551,0.0222112,-4.96512,0,0,-5,-0.0454551,0.0222112,0.0348816,0.061451,0.0304743,-0.0352538,-0.0157965,0,0,0
1780599432394807,13.0325,-0.045789,0.0221086,-4.96515,0,0,-5,-0.045789,0.0221086,0.0348511,0.0616443,0.0296703,-0.0344159,-0.0162311,0,0,0
1780599432418807,13.0565,-0.0462341,0.0219192,-4.96527,0,0,-5,-0.0462341,0.0219192,0.034729,0.0618397,0.027924,-0.0350841,-0.0169409,0,0,0
1780599432434807,13.0725,-0.0465025,0.0217616,-4.96536,0,0,-5,-0.0465025,0.0217616,0.0346375,0.0619339,0.026689,-0.0348063,-0.0175186,0,0,0
1780599432458807,13.0965,-0.0468376,0.0214746,-4.96555,0,0,-5,-0.0468376,0.0214746,0.0344543,0.061984,0.0272587,-0.0342679,-0.0179445,0,0,0
1780599432482807,13.1205,-0.0470748,0.0211757,-4.96573,0,0,-5,-0.0470748,0.0211757,0.0342712,0.0619593,0.0275581,-0.0331784,-0.0166981,0,0,0
1780599432498807,13.1365,-0.0471823,0.0209628,-4.96585,0,0,-5,-0.0471823,0.0209628,0.0341492,0.0619013,0.027603,-0.0322009,-0.0162179,0,0,0
1780599432522807,13.1605,-0.0472915,0.0206377,-4.96603,0,0,-5,-0.0472915,0.0206377,0.0339661,0.0617745,0.0264591,-0.030988,-0.0170466,0,0,0
1780599432538807,13.1765,-0.0473476,0.0204147,-4.96622,0,0,-5,-0.0473476,0.0204147,0.033783,0.0616429,0.0248043,-0.0302165,-0.0180958,0,0,0
1780599432562807,13.2005,-0.0473843,0.0200452,-4.96655,0,0,-5,-0.0473843,0.0200452,0.0334473,0.0613661,0.0256245,-0.0302289,-0.0196991,0,0,0
1780599432578807,13.2165,-0.0473708,0.0197888,-4.96677,0,0,-5,-0.0473708,0.0197888,0.0332336,0.061156,0.0257773,-0.0304379,-0.0192394,0,0,0
1780599432602807,13.2405,-0.0485372,0.0204589,-4.96674,0,0,-5,-0.0485372,0.0204589,0.0332642,0.0622971,0.0258837,-0.0300375,-0.0174705,0,0,0
1780599432618807,13.2565,-0.0492289,0.0208549,-4.96667,0,0,-5,-0.0492289,0.0208549,0.0333252,0.0629998,0.0263238,-0.0298094,-0.0169045,0,0,0
1780599432642807,13.2805,-0.0501556,0.0213691,-4.96664,0,0,-5,-0.0501556,0.0213691,0.0333557,0.0639127,0.0257745,-0.0284207,-0.0164247,0,0,0
1780599432658807,13.2965,-0.0506976,0.0216831,-4.96664,0,0,-5,-0.0506976,0.0216831,0.0333557,0.0644439,0.0266161,-0.0279176,-0.0173923,0,0,0
1780599432682807,13.3205,-0.0513853,0.0220729,-4.96671,0,0,-5,-0.0513853,0.0220729,0.0332947,0.0650861,0.0278516,-0.0281733,-0.0192123,0,0,0
1780599432698807,13.3365,-0.0517636,0.0222823,-4.9668,0,0,-5,-0.0517636,0.0222823,0.0332031,0.0654097,0.0287028,-0.0283518,-0.0193277,0,0,0
1780599432722807,13.3605,-0.0522118,0.0225065,-4.96692,0,0,-5,-0.0522118,0.0225065,0.0330811,0.0657797,0.030457,-0.0293793,-0.0194444,0,0,0
1780599432738807,13.3765,-0.0524437,0.0226093,-4.96704,0,0,-5,-0.0524437,0.0226093,0.032959,0.065938,0.0304929,-0.02995,-0.0194054,0,0,0
1780599432762807,13.4005,-0.0526781,0.0227222,-4.96719,0,0,-5,-0.0526781,0.0227222,0.0328064,0.0660874,0.0326494,-0.0288227,-0.0182916,0,0,0
1780599432778807,13.4165,-0.0527707,0.0227503,-4.96729,0,0,-5,-0.0527707,0.0227503,0.0327148,0.0661255,0.0327592,-0.0301053,-0.0191165,0,0,0
1780599432794807,13.4325,-0.0528211,0.02274,-4.96744,0,0,-5,-0.0528211,0.02274,0.0325623,0.0660869,0.0335815,-0.0300756,-0.0196651,0,0,0
1780599432818807,13.4565,-0.052812,0.0226827,-4.96765,0,0,-5,-0.052812,0.0226827,0.0323486,0.0659549,0.033588,-0.0300364,-0.0198078,0,0,0
1780599432842807,13.4805,-0.0527182,0.0225511,-4.96793,0,0,-5,-0.0527182,0.0225511,0.032074,0.0657001,0.0350992,-0.0313128,-0.0203192,0,0,0
1780599432858807,13.4965,-0.0526002,0.022427,-4.96811,0,0,-5,-0.0526002,0.022427,0.0318909,0.0654735,0.0353828,-0.0310783,-0.0200626,0,0,0
1780599432882807,13.5205,-0.0523487,0.0221864,-4.96838,0,0,-5,-0.0523487,0.0221864,0.0316162,0.0650554,0.0363899,-0.0319119,-0.020031,0,0,0
1780599432898807,13.5365,-0.0521225,0.0220005,-4.9686,0,0,-5,-0.0521225,0.0220005,0.0314026,0.0647062,0.0384961,-0.0316855,-0.0202967,0,0,0
1780599432914807,13.5525,-0.0518408,0.0217922,-4.96881,0,0,-5,-0.0518408,0.0217922,0.031189,0.0643049,0.0399012,-0.0315049,-0.0204485,0,0,0
1780599432938807,13.5765,-0.0513342,0.0214585,-4.96912,0,0,-5,-0.0513342,0.0214585,0.0308838,0.0636355,0.0413232,-0.0310887,-0.0195939,0,0,0
1780599432962807,13.6005,-0.0507737,0.0210918,-4.96945,0,0,-5,-0.0507737,0.0210918,0.0305481,0.0628968,0.0407716,-0.0314214,-0.0195517,0,0,0
1780599432978807,13.6165,-0.0503641,0.0208192,-4.96967,0,0,-5,-0.0503641,0.0208192,0.0303345,0.0623712,0.0413698,-0.0317091,-0.0182483,0,0,0
1780599433002807,13.6405,-0.0516862,0.0221572,-4.9696,0,0,-5,-0.0516862,0.0221572,0.0303955,0.0639241,0.0408053,-0.0313744,-0.0181452,0,0,0
1780599433018807,13.6565,-0.0524804,0.0229642,-4.9696,0,0,-5,-0.0524804,0.0229642,0.0303955,0.0648493,0.039818,-0.0312341,-0.0183639,0,0,0
1780599433042807,13.6805,-0.0535443,0.0240702,-4.96964,0,0,-5,-0.0535443,0.0240702,0.030365,0.0660939,0.0382716,-0.0299454,-0.018336,0,0,0
1780599433058807,13.6965,-0.0541877,0.0247329,-4.96967,0,0,-5,-0.0541877,0.0247329,0.0303345,0.0668446,0.0373525,-0.0309031,-0.0176442,0,0,0
1780599433082807,13.7205,-0.0550361,0.0256029,-4.9697,0,0,-5,-0.0550361,0.0256029,0.030304,0.067844,0.0375467,-0.0305387,-0.016383,0,0,0
1780599433098807,13.7365,-0.0555118,0.0261223,-4.96973,0,0,-5,-0.0555118,0.0261223,0.0302734,0.0684135,0.0380889,-0.0299745,-0.0162813,0,0,0
1780599433122807,13.7605,-0.0561094,0.0268205,-4.96982,0,0,-5,-0.0561094,0.0268205,0.0301819,0.0691271,0.0377421,-0.0296452,-0.0163571,0,0,0
1780599433138807,13.7765,-0.0564406,0.0272255,-4.96988,0,0,-5,-0.0564406,0.0272255,0.0301208,0.0695272,0.0375573,-0.0296142,-0.0162276,0,0,0
1780599433162807,13.8005,-0.0568744,0.0277372,-4.96997,0,0,-5,-0.0568744,0.0277372,0.0300293,0.0700415,0.0358581,-0.0309367,-0.015997,0,0,0
1780599433178859,13.8165,-0.0571286,0.0280277,-4.97006,0,0,-5,-0.0571286,0.0280277,0.0299377,0.0703242,0.0349985,-0.0293777,-0.0156593,0,0,0
1780599433202859,13.8405,-0.0574252,0.0284142,-4.97021,0,0,-5,-0.0574252,0.0284142,0.0297852,0.0706553,0.0350764,-0.0290797,-0.015108,0,0,0
1780599433218859,13.8565,-0.0575644,0.028628,-4.97028,0,0,-5,-0.0575644,0.028628,0.0297241,0.070829,0.0355693,-0.0288995,-0.0140889,0,0,0
1780599433242859,13.8805,-0.0576844,0.0288868,-4.97043,0,0,-5,-0.0576844,0.0288868,0.0295715,0.0709677,0.0361889,-0.0289,-0.0142809,0,0,0
1780599433258859,13.8965,-0.0577151,0.0290156,-4.97052,0,0,-5,-0.0577151,0.0290156,0.02948,0.0710071,0.0359751,-0.0283531,-0.0146309,0,0,0
1780599433282859,13.9205,-0.0576907,0.0291626,-4.9707,0,0,-5,-0.0576907,0.0291626,0.0292969,0.0709717,0.0364167,-0.0280059,-0.0152007,0,0,0
1780599433298859,13.9365,-0.0576219,0.0292347,-4.97083,0,0,-5,-0.0576219,0.0292347,0.0291748,0.0708951,0.0363166,-0.0269849,-0.0156231,0,0,0
1780599433314859,13.9525,-0.0575334,0.0292793,-4.97098,0,0,-5,-0.0575334,0.0292793,0.0290222,0.0707789,0.0360112,-0.0278476,-0.0166859,0,0,0
1780599433338859,13.9765,-0.0573292,0.0292708,-4.97125,0,0,-5,-0.0573292,0.0292708,0.0287476,0.070497,0.0365704,-0.0292458,-0.0183373,0,0,0
1780599433362859,14.0005,-0.0570296,0.0292073,-4.97156,0,0,-5,-0.0570296,0.0292073,0.0284424,0.0701029,0.0388666,-0.0267773,-0.0190642,0,0,0
1780599433378859,14.0165,-0.0567673,0.0291617,-4.97177,0,0,-5,-0.0567673,0.0291617,0.0282288,0.0697839,0.0397342,-0.0264798,-0.0195312,0,0,0
1780599433402859,14.0405,-0.0580892,0.0299761,-4.97183,0,0,-5,-0.0580892,0.0299761,0.0281677,0.0711783,0.0388236,-0.0264348,-0.0198275,0,0,0
1780599433418859,14.0565,-0.0588747,0.0304592,-4.97189,0,0,-5,-0.0588747,0.0304592,0.0281067,0.0719999,0.0390419,-0.0255617,-0.0203784,0,0,0
1780599433442859,14.0805,-0.059905,0.0311289,-4.97205,0,0,-5,-0.059905,0.0311289,0.0279541,0.0730688,0.0388343,-0.0241271,-0.0198977,0,0,0
1780599433458859,14.0965,-0.0605058,0.0315314,-4.97214,0,0,-5,-0.0605058,0.0315314,0.0278625,0.0736987,0.0392645,-0.0241611,-0.0187623,0,0,0
1780599433482859,14.1205,-0.0612627,0.0320663,-4.97229,0,0,-5,-0.0612627,0.0320663,0.02771,0.074493,0.0409042,-0.0233986,-0.0176937,0,0,0
1780599433498859,14.1365,-0.0616776,0.0323711,-4.97241,0,0,-5,-0.0616776,0.0323711,0.0275879,0.0749207,0.0405235,-0.0237776,-0.0174994,0,0,0
1780599433514859,14.1525,-0.0620306,0.0326341,-4.97256,0,0,-5,-0.0620306,0.0326341,0.0274353,0.0752694,0.0416329,-0.0240763,-0.0182426,0,0,0
1780599433538859,14.1765,-0.0624486,0.0329562,-4.97281,0,0,-5,-0.0624486,0.0329562,0.0271912,0.0756657,0.0410077,-0.0247643,-0.0188335,0,0,0
1780599433562859,14.2005,-0.0627467,0.0331795,-4.97308,0,0,-5,-0.0627467,0.0331795,0.0269165,0.0759113,0.0418089,-0.0263859,-0.0196235,0,0,0
1780599433578859,14.2165,-0.0628819,0.0332679,-4.97327,0,0,-5,-0.0628819,0.0332679,0.0267334,0.0759971,0.0420729,-0.0263394,-0.0194415,0,0,0
1780599433602859,14.2405,-0.0629768,0.0333685,-4.97357,0,0,-5,-0.0629768,0.0333685,0.0264282,0.0760131,0.0431226,-0.025452,-0.0187523,0,0,0
1780599433618859,14.2565,-0.0629793,0.0334101,-4.97379,0,0,-5,-0.0629793,0.0334101,0.0262146,0.0759594,0.0427967,-0.0252784,-0.0188794,0,0,0
1780599433642859,14.2805,-0.0629089,0.0334053,-4.97409,0,0,-5,-0.0629089,0.0334053,0.0259094,0.0757941,0.0430123,-0.0266945,-0.0184446,0,0,0
1780599433658859,14.2965,-0.0628125,0.0333524,-4.9743,0,0,-5,-0.0628125,0.0333524,0.0256958,0.0756179,0.0433754,-0.0271267,-0.0176448,0,0,0
1780599433682859,14.3205,-0.0625644,0.0332316,-4.97458,0,0,-5,-0.0625644,0.0332316,0.0254211,0.0752654,0.0460503,-0.0268256,-0.017132,0,0,0
1780599433698859,14.3365,-0.0623216,0.0331281,-4.97476,0,0,-5,-0.0623216,0.0331281,0.025238,0.074956,0.0471627,-0.026717,-0.0143126,0,0,0
1780599433722859,14.3605,-0.0618787,0.0329194,-4.97504,0,0,-5,-0.0618787,0.0329194,0.0249634,0.0744032,0.0472903,-0.0269618,-0.0145668,0,0,0
1780599433738859,14.3765,-0.0615541,0.0327582,-4.97522,0,0,-5,-0.0615541,0.0327582,0.0247803,0.0740004,0.0476254,-0.026819,-0.0145889,0,0,0
1780599433762859,14.4005,-0.0609865,0.0324774,-4.97546,0,0,-5,-0.0609865,0.0324774,0.0245361,0.0733223,0.0487261,-0.0264204,-0.0138962,0,0,0
1780599433778859,14.4165,-0.0605677,0.0322819,-4.97565,0,0,-5,-0.0605677,0.0322819,0.024353,0.072826,0.048493,-0.0262966,-0.0140201,0,0,0
1780599433802859,14.4405,-0.0613957,0.0337346,-4.97513,0,0,-5,-0.0613957,0.0337346,0.0248718,0.0743375,0.0473606,-0.0271496,-0.0137404,0,0,0
1780599433818859,14.4565,-0.0618744,0.0346013,-4.97485,0,0,-5,-0.0618744,0.0346013,0.0251465,0.0752199,0.0460721,-0.0277781,-0.013835,0,0,0
1780599433842859,14.4805,-0.0624869,0.0357761,-4.97443,0,0,-5,-0.0624869,0.0357761,0.0255737,0.0764105,0.0455702,-0.0271259,-0.0129519,0,0,0
1780599433858859,14.4965,-0.0628232,0.0364708,-4.97418,0,0,-5,-0.0628232,0.0364708,0.0258179,0.0770937,0.0450076,-0.0277044,-0.0122802,0,0,0
1780599433874859,14.5125,-0.0631068,0.037111,-4.97394,0,0,-5,-0.0631068,0.037111,0.026062,0.0777105,0.0447058,-0.0272898,-0.0112791,0,0,0
1780599433898859,14.5365,-0.0634352,0.0379678,-4.9736,0,0,-5,-0.0634352,0.0379678,0.0263977,0.0785011,0.0444369,-0.0271735,-0.0123699,0,0,0
1780599433922859,14.5605,-0.0636419,0.038694,-4.97336,0,0,-5,-0.0636419,0.038694,0.0266418,0.0791031,0.0446573,-0.0285327,-0.0128172,0,0,0
1780599433938859,14.5765,-0.0637266,0.039101,-4.97324,0,0,-5,-0.0637266,0.039101,0.0267639,0.0794121,0.0437887,-0.0291853,-0.0131357,0,0,0
1780599433962859,14.6005,-0.0637517,0.0396247,-4.97305,0,0,-5,-0.0637517,0.0396247,0.026947,0.079753,0.0457752,-0.02925,-0.0147334,0,0,0
1780599433978859,14.6165,-0.0636981,0.0399064,-4.97299,0,0,-5,-0.0636981,0.0399064,0.0270081,0.0798712,0.0458249,-0.0303221,-0.0157839,0,0,0
1780599434002859,14.6405,-0.0635453,0.0402422,-4.97296,0,0,-5,-0.0635453,0.0402422,0.0270386,0.0799283,0.0453401,-0.030432,-0.0163133,0,0,0
1780599434018859,14.6565,-0.0634093,0.0404196,-4.97296,0,0,-5,-0.0634093,0.0404196,0.0270386,0.0799097,0.044978,-0.030726,-0.0173055,0,0,0
1780599434042859,14.6805,-0.0631234,0.0406343,-4.97302,0,0,-5,-0.0631234,0.0406343,0.0269775,0.0797716,0.0456505,-0.0296144,-0.0167458,0,0,0
1780599434058859,14.6965,-0.0628758,0.0407488,-4.97305,0,0,-5,-0.0628758,0.0407488,0.026947,0.0796239,0.0468326,-0.0291537,-0.0167623,0,0,0
1780599434074859,14.7125,-0.0625892,0.0408332,-4.97311,0,0,-5,-0.0625892,0.0408332,0.026886,0.0794205,0.0465316,-0.0288927,-0.017029,0,0,0
1780599434098859,14.7365,-0.0621098,0.0408936,-4.97321,0,0,-5,-0.0621098,0.0408936,0.0267944,0.0790434,0.0461974,-0.029986,-0.0172093,0,0,0
1780599434122859,14.7605,-0.0615694,0.0408766,-4.97336,0,0,-5,-0.0615694,0.0408766,0.0266418,0.0785587,0.0464348,-0.0303523,-0.0182832,0,0,0
1780599434138859,14.7765,-0.0611681,0.0408086,-4.97348,0,0,-5,-0.0611681,0.0408086,0.0265198,0.0781676,0.0471494,-0.0318532,-0.0185944,0,0,0
1780599434162859,14.8005,-0.0604861,0.0406451,-4.97366,0,0,-5,-0.0604861,0.0406451,0.0263367,0.0774869,0.0485879,-0.0311874,-0.0177677,0,0,0
1780599434178859,14.8165,-0.0599777,0.0405086,-4.97379,0,0,-5,-0.0599777,0.0405086,0.0262146,0.0769771,0.0493753,-0.0316576,-0.0174053,0,0,0
1780599434202912,14.8406,-0.0610182,0.0412143,-4.97351,0,0,-5,-0.0610182,0.0412143,0.0264893,0.078253,0.0486326,-0.0303414,-0.0167237,0,0,0
1780599434218912,14.8566,-0.0616161,0.0416299,-4.97333,0,0,-5,-0.0616161,0.0416299,0.0266724,0.0790001,0.048827,-0.0305638,-0.0174321,0,0,0
1780599434242912,14.8806,-0.0623615,0.0421562,-4.97318,0,0,-5,-0.0623615,0.0421562,0.026825,0.0799105,0.0490824,-0.031098,-0.0188712,0,0,0
1780599434258912,14.8966,-0.0627703,0.0424338,-4.97308,0,0,-5,-0.0627703,0.0424338,0.0269165,0.0804067,0.0486856,-0.0321413,-0.018394,0,0,0
1780599434282912,14.9206,-0.063249,0.0427548,-4.97299,0,0,-5,-0.063249,0.0427548,0.0270081,0.0809805,0.0500839,-0.0320988,-0.0186138,0,0,0
1780599434298912,14.9366,-0.0634814,0.0429274,-4.97296,0,0,-5,-0.0634814,0.0429274,0.0270386,0.0812634,0.0501753,-0.0318011,-0.0184567,0,0,0
1780599434322912,14.9606,-0.0637395,0.0430913,-4.97293,0,0,-5,-0.0637395,0.0430913,0.0270691,0.0815618,0.0490023,-0.033473,-0.0187936,0,0,0
1780599434338912,14.9766,-0.0638521,0.0431499,-4.97293,0,0,-5,-0.0638521,0.0431499,0.0270691,0.0816807,0.0492456,-0.0330991,-0.0183044,0,0,0
1780599434362912,15.0006,-0.0639237,0.0431865,-4.97296,0,0,-5,-0.0639237,0.0431865,0.0270386,0.0817459,0.0495778,-0.0322889,-0.0182891,0,0,0
1780599434378912,15.0166,-0.0638974,0.0431745,-4.97302,0,0,-5,-0.0638974,0.0431745,0.0269775,0.0816989,0.0509262,-0.0331966,-0.0184657,0,0,0
1780599434402912,15.0406,-0.0637337,0.0430801,-4.97305,0,0,-5,-0.0637337,0.0430801,0.026947,0.0815109,0.0525439,-0.0346493,-0.01859,0,0,0
1780599434418912,15.0566,-0.0635646,0.0429558,-4.97311,0,0,-5,-0.0635646,0.0429558,0.026886,0.0812928,0.0529881,-0.0354206,-0.0188766,0,0,0
1780599434442912,15.0806,-0.0632258,0.0427199,-4.97324,0,0,-5,-0.0632258,0.0427199,0.0267639,0.0808628,0.0527084,-0.0356428,-0.0189634,0,0,0
1780599434458912,15.0966,-0.0629363,0.0425194,-4.9733,0,0,-5,-0.0629363,0.0425194,0.0267029,0.0805104,0.0540562,-0.0369997,-0.0193291,0,0,0
1780599434482912,15.1206,-0.0624213,0.0421498,-4.97339,0,0,-5,-0.0624213,0.0421498,0.0266113,0.0798823,0.0542335,-0.0370317,-0.0196491,0,0,0
1780599434498912,15.1366,-0.0620448,0.0418731,-4.97348,0,0,-5,-0.0620448,0.0418731,0.0265198,0.0794116,0.053008,-0.0375454,-0.0201311,0,0,0
1780599434522912,15.1606,-0.0614442,0.0413867,-4.97366,0,0,-5,-0.0614442,0.0413867,0.0263367,0.0786249,0.0528234,-0.0394376,-0.0206293,0,0,0
1780599434538912,15.1766,-0.0609982,0.0410172,-4.97379,0,0,-5,-0.0609982,0.0410172,0.0262146,0.078041,0.0534904,-0.0399352,-0.0204281,0,0,0
1780599434562912,15.2006,-0.0602621,0.0404447,-4.97394,0,0,-5,-0.0602621,0.0404447,0.026062,0.0771137,0.0533747,-0.0387594,-0.019844,0,0,0
1780599434578912,15.2166,-0.0597414,0.040049,-4.97406,0,0,-5,-0.0597414,0.040049,0.0259399,0.0764581,0.0535351,-0.038937,-0.0193766,0,0,0
1780599434594912,15.2326,-0.0603655,0.0408054,-4.97391,0,0,-5,-0.0603655,0.0408054,0.0260925,0.0773944,0.0535239,-0.0399116,-0.0192738,0,0,0
1780599434618912,15.2566,-0.0611666,0.0418092,-4.97375,0,0,-5,-0.0611666,0.0418092,0.0262451,0.0786013,0.0518423,-0.0381495,-0.0196651,0,0,0
1780599434642912,15.2806,-0.0618378,0.0426915,-4.97369,0,0,-5,-0.0618378,0.0426915,0.0263062,0.0796146,0.0509537,-0.0377475,-0.0198129,0,0,0
1780599434658912,15.2966,-0.0621981,0.0432044,-4.97366,0,0,-5,-0.0621981,0.0432044,0.0263367,0.0801801,0.0515976,-0.0371881,-0.020007,0,0,0
1780599434682912,15.3206,-0.0626189,0.0438878,-4.97366,0,0,-5,-0.0626189,0.0438878,0.0263367,0.0808758,0.0512406,-0.0361847,-0.0199705,0,0,0
1780599434698912,15.3366,-0.0628297,0.0442874,-4.97366,0,0,-5,-0.0628297,0.0442874,0.0263367,0.0812562,0.0512354,-0.0352072,-0.0202021,0,0,0
1780599434722912,15.3606,-0.063047,0.0448326,-4.97369,0,0,-5,-0.063047,0.0448326,0.0263062,0.0817123,0.0504743,-0.0337172,-0.0191996,0,0,0
1780599434738912,15.3766,-0.0631383,0.0451466,-4.97372,0,0,-5,-0.0631383,0.0451466,0.0262756,0.0819456,0.0496366,-0.0335184,-0.019113,0,0,0
1780599434762912,15.4006,-0.0631999,0.0455454,-4.97375,0,0,-5,-0.0631999,0.0455454,0.0262451,0.0822035,0.0494484,-0.0333565,-0.017905,0,0,0
1780599434778912,15.4166,-0.0631872,0.0457566,-4.97379,0,0,-5,-0.0631872,0.0457566,0.0262146,0.0823012,0.0486415,-0.0332945,-0.0185507,0,0,0
1780599434802912,15.4406,-0.0630827,0.0459969,-4.97388,0,0,-5,-0.0630827,0.0459969,0.026123,0.0823259,0.0504162,-0.0338565,-0.0201241,0,0,0
1780599434818912,15.4566,-0.0629383,0.0460944,-4.974,0,0,-5,-0.0629383,0.0460944,0.026001,0.0822312,0.0506764,-0.0344184,-0.019875,0,0,0
1780599434834912,15.4726,-0.0627479,0.0461494,-4.97412,0,0,-5,-0.0627479,0.0461494,0.0258789,0.0820779,0.0514341,-0.0352042,-0.0203899,0,0,0
1780599434858912,15.4966,-0.0623521,0.0461336,-4.97437,0,0,-5,-0.0623521,0.0461336,0.0256348,0.0816899,0.0531929,-0.03746,-0.0206451,0,0,0
1780599434882912,15.5206,-0.0618401,0.0460008,-4.97461,0,0,-5,-0.0618401,0.0460008,0.0253906,0.0811478,0.0541258,-0.0384071,-0.019408,0,0,0
1780599434898912,15.5366,-0.0614527,0.0458671,-4.97476,0,0,-5,-0.0614527,0.0458671,0.025238,0.0807291,0.0534859,-0.0394446,-0.0183064,0,0,0
1780599434922912,15.5606,-0.0608213,0.0455741,-4.97498,0,0,-5,-0.0608213,0.0455741,0.0250244,0.0800154,0.0539422,-0.0406364,-0.0173192,0,0,0
1780599434938912,15.5766,-0.0603483,0.0453284,-4.97516,0,0,-5,-0.0603483,0.0453284,0.0248413,0.0794586,0.0548758,-0.0419956,-0.0179481,0,0,0
1780599434962912,15.6006,-0.0595621,0.044903,-4.97543,0,0,-5,-0.0595621,0.044903,0.0245667,0.0785331,0.0559535,-0.0421624,-0.019797,0,0,0
1780599434978912,15.6166,-0.0589883,0.0445727,-4.97565,0,0,-5,-0.0589883,0.0445727,0.024353,0.0778423,0.0566227,-0.0431447,-0.0196543,0,0,0
1780599435002912,15.6406,-0.0597827,0.0451459,-4.97562,0,0,-5,-0.0597827,0.0451459,0.0243835,0.0787825,0.0563197,-0.0431499,-0.0197711,0,0,0
1780599435018912,15.6566,-0.0602301,0.0454547,-4.97562,0,0,-5,-0.0602301,0.0454547,0.0243835,0.0792991,0.0547954,-0.0433757,-0.0196085,0,0,0
1780599435042912,15.6806,-0.0607926,0.0457888,-4.97565,0,0,-5,-0.0607926,0.0457888,0.024353,0.0799089,0.0533943,-0.0438483,-0.0203469,0,0,0
1780599435058912,15.6966,-0.0610991,0.0459463,-4.97565,0,0,-5,-0.0610991,0.0459463,0.024353,0.0802324,0.0534036,-0.0444315,-0.0190446,0,0,0
1780599435082912,15.7206,-0.0614447,0.046082,-4.97571,0,0,-5,-0.0614447,0.046082,0.024292,0.080555,0.0525994,-0.0441415,-0.0194829,0,0,0
1780599435098912,15.7366,-0.0616041,0.0461254,-4.97574,0,0,-5,-0.0616041,0.0461254,0.0242615,0.0806922,0.0528019,-0.044158,-0.0188545,0,0,0
1780599435122912,15.7606,-0.0617159,0.0461212,-4.97583,0,0,-5,-0.0617159,0.0461212,0.0241699,0.0807478,0.054778,-0.0430866,-0.018965,0,0,0
1780599435138912,15.7766,-0.0617088,0.0460786,-4.97589,0,0,-5,-0.0617088,0.0460786,0.0241089,0.0806998,0.0545987,-0.0437473,-0.0188766,0,0,0
1780599435162912,15.8006,-0.0616019,0.0459153,-4.97604,0,0,-5,-0.0616019,0.0459153,0.0239563,0.0804793,0.0556789,-0.0447173,-0.0204003,0,0,0
1780599435178912,15.8166,-0.0614563,0.0457552,-4.97617,0,0,-5,-0.0614563,0.0457552,0.0238342,0.0802402,0.0566045,-0.0459883,-0.0201114,0,0,0
1780599435202912,15.8406,-0.0611544,0.0454462,-4.97635,0,0,-5,-0.0611544,0.0454462,0.0236511,0.0797784,0.0555502,-0.0451183,-0.0204679,0,0,0
1780599435218966,15.8567,-0.0609177,0.0452066,-4.97647,0,0,-5,-0.0609177,0.0452066,0.0235291,0.0794243,0.0549371,-0.0453167,-0.0194234,0,0,0
1780599435242966,15.8807,-0.0604817,0.0447867,-4.97668,0,0,-5,-0.0604817,0.0447867,0.0233154,0.0787876,0.0559886,-0.0448486,-0.0196912,0,0,0
1780599435258966,15.8967,-0.0601306,0.0444938,-4.97684,0,0,-5,-0.0601306,0.0444938,0.0231628,0.0783065,0.0569022,-0.0436098,-0.0200019,0,0,0
1780599435282966,15.9207,-0.05954,0.0440231,-4.97708,0,0,-5,-0.05954,0.0440231,0.0229187,0.0775133,0.0567829,-0.042883,-0.019934,0,0,0
1780599435298966,15.9367,-0.0590996,0.0436921,-4.97726,0,0,-5,-0.0590996,0.0436921,0.0227356,0.0769329,0.0573517,-0.0427167,-0.0190375,0,0,0
1780599435322966,15.9607,-0.0583715,0.0431366,-4.97748,0,0,-5,-0.0583715,0.0431366,0.022522,0.075995,0.0566073,-0.0433415,-0.0179178,0,0,0
1780599435338966,15.9767,-0.0578592,0.0427193,-4.97763,0,0,-5,-0.0578592,0.0427193,0.0223694,0.0753194,0.0564204,-0.0443488,-0.0181734,0,0,0
1780599435354966,15.9927,-0.0573133,0.0422749,-4.97778,0,0,-5,-0.0573133,0.0422749,0.0222168,0.0746027,0.0575601,-0.0440674,-0.01708,0,0,0
1780599435378966,16.0167,-0.0564256,0.0415828,-4.97803,0,0,-5,-0.0564256,0.0415828,0.0219727,0.073456,0.0584127,-0.0439056,-0.0171674,0,0,0
1780599435402966,16.0407,-0.0571177,0.0423221,-4.97812,0,0,-5,-0.0571177,0.0423221,0.0218811,0.0743799,0.0604871,-0.0453189,-0.0167217,0,0,0
1780599435418966,16.0567,-0.0574738,0.0427221,-4.97818,0,0,-5,-0.0574738,0.0427221,0.0218201,0.0748634,0.060153,-0.045154,-0.0164408,0,0,0
1780599435442966,16.0807,-0.057872,0.0432093,-4.9783,0,0,-5,-0.057872,0.0432093,0.021698,0.0754123,0.0594884,-0.04532,-0.0147351,0,0,0
1780599435458966,16.0967,-0.0580659,0.0434695,-4.97836,0,0,-5,-0.0580659,0.0434695,0.021637,0.0756928,0.0596025,-0.0449905,-0.0149575,0,0,0
1780599435482966,16.1207,-0.0582086,0.0437535,-4.97842,0,0,-5,-0.0582086,0.0437535,0.0215759,0.0759482,0.0601868,-0.0458894,-0.0144425,0,0,0
1780599435498966,16.1367,-0.058238,0.0438825,-4.97849,0,0,-5,-0.058238,0.0438825,0.0215149,0.0760278,0.059313,-0.0450911,-0.0120405,0,0,0
1780599435522966,16.1607,-0.0582104,0.043988,-4.97855,0,0,-5,-0.0582104,0.043988,0.0214539,0.0760504,0.0577482,-0.0458454,-0.0125325,0,0,0
1780599435538966,16.1767,-0.0581383,0.0440012,-4.97861,0,0,-5,-0.0581383,0.0440012,0.0213928,0.0759857,0.058587,-0.0462073,-0.0124502,0,0,0
1780599435554966,16.1927,-0.0580184,0.043967,-4.97867,0,0,-5,-0.0580184,0.043967,0.0213318,0.0758569,0.0571724,-0.0462012,-0.0144266,0,0,0
1780599435578966,16.2167,-0.0577883,0.0438173,-4.97885,0,0,-5,-0.0577883,0.0438173,0.0211487,0.0755428,0.0561779,-0.0470517,-0.0146739,0,0,0
1780599435602966,16.2407,-0.0574723,0.0436076,-4.97903,0,0,-5,-0.0574723,0.0436076,0.0209656,0.0751282,0.0563665,-0.0460469,-0.0169485,0,0,0
1780599435618966,16.2567,-0.0572162,0.0434217,-4.97928,0,0,-5,-0.0572162,0.0434217,0.0207214,0.0747564,0.056152,-0.0465825,-0.0181527,0,0,0
1780599435642966,16.2807,-0.0567612,0.0430829,-4.97961,0,0,-5,-0.0567612,0.0430829,0.0203857,0.0741184,0.0565951,-0.0465307,-0.0181588,0,0,0
1780599435658966,16.2967,-0.0564045,0.0428173,-4.97986,0,0,-5,-0.0564045,0.0428173,0.0201416,0.0736239,0.0563773,-0.0464389,-0.0186251,0,0,0
1780599435682966,16.3207,-0.0558205,0.0423732,-4.98022,0,0,-5,-0.0558205,0.0423732,0.0197754,0.0728181,0.0559244,-0.046041,-0.0187732,0,0,0
1780599435698966,16.3367,-0.0554003,0.0420395,-4.9805,0,0,-5,-0.0554003,0.0420395,0.0195007,0.0722273,0.0552495,-0.0466884,-0.0180514,0,0,0
1780599435722966,16.3607,-0.0547289,0.0415081,-4.98087,0,0,-5,-0.0547289,0.0415081,0.0191345,0.0713044,0.05443,-0.0451515,-0.0177012,0,0,0
1780599435738966,16.3767,-0.0542528,0.0411343,-4.98114,0,0,-5,-0.0542528,0.0411343,0.0188599,0.0706476,0.0547492,-0.0450683,-0.0181675,0,0,0
1780599435754966,16.3927,-0.053763,0.040739,-4.98138,0,0,-5,-0.053763,0.040739,0.0186157,0.0699762,0.0529313,-0.0450208,-0.0177682,0,0,0
1780599435778966,16.4167,-0.0530234,0.0401107,-4.98178,0,0,-5,-0.0530234,0.0401107,0.018219,0.0689368,0.0516099,-0.0448724,-0.0160531,0,0,0
1780599435802966,16.4407,-0.0541401,0.0409145,-4.98227,0,0,-5,-0.0541401,0.0409145,0.0177307,0.0701393,0.0502903,-0.0450479,-0.0180381,0,0,0
1780599435818966,16.4567,-0.0547915,0.0413646,-4.98264,0,0,-5,-0.0547915,0.0413646,0.0173645,0.0708143,0.0493698,-0.0446061,-0.0192398,0,0,0
1780599435834966,16.4727,-0.055369,0.0417793,-4.98303,0,0,-5,-0.055369,0.0417793,0.0169678,0.0714082,0.0492271,-0.0420305,-0.0205616,0,0,0
1780599435858966,16.4967,-0.0561126,0.0423289,-4.98358,0,0,-5,-0.0561126,0.0423289,0.0164185,0.0721798,0.0493733,-0.041471,-0.0181592,0,0,0
1780599435882966,16.5207,-0.0566883,0.0427525,-4.98416,0,0,-5,-0.0566883,0.0427525,0.0158386,0.0727475,0.0486313,-0.0418054,-0.0180044,0,0,0
1780599435898966,16.5367,-0.0570032,0.0429755,-4.98453,0,0,-5,-0.0570032,0.0429755,0.0154724,0.0730456,0.0481296,-0.0416065,-0.0175328,0,0,0
1780599435922966,16.5607,-0.0573915,0.0432083,-4.98508,0,0,-5,-0.0573915,0.0432083,0.0149231,0.073372,0.0470539,-0.0422145,-0.016871,0,0,0
1780599435938966,16.5767,-0.0575868,0.0433,-4.98541,0,0,-5,-0.0575868,0.0433,0.0145874,0.0735114,0.0469071,-0.0427192,-0.0169469,0,0,0
1780599435962966,16.6007,-0.0577774,0.043348,-4.98593,0,0,-5,-0.0577774,0.043348,0.0140686,0.073588,0.0466786,-0.0438897,-0.0158505,0,0,0
1780599435978966,16.6167,-0.0578544,0.043311,-4.98624,0,0,-5,-0.0578544,0.043311,0.0137634,0.073569,0.0470693,-0.0440738,-0.0161306,0,0,0
1780599436002966,16.6407,-0.0578608,0.0431834,-4.98676,0,0,-5,-0.0578608,0.0431834,0.0132446,0.0734037,0.0477817,-0.044757,-0.0165392,0,0,0
1780599436018966,16.6567,-0.0578055,0.043052,-4.98706,0,0,-5,-0.0578055,0.043052,0.0129395,0.0732283,0.0481146,-0.0444178,-0.0165265,0,0,0
1780599436042966,16.6807,-0.057629,0.042797,-4.98749,0,0,-5,-0.057629,0.042797,0.0125122,0.0728646,0.0493269,-0.0440946,-0.0142629,0,0,0
1780599436058966,16.6967,-0.0574506,0.0425952,-4.98773,0,0,-5,-0.0574506,0.0425952,0.0122681,0.0725633,0.0497337,-0.0437956,-0.0147849,0,0,0
1780599436082966,16.7207,-0.0570859,0.0422311,-4.98813,0,0,-5,-0.0570859,0.0422311,0.0118713,0.0719944,0.0506968,-0.0445846,-0.0131103,0,0,0
1780599436098966,16.7367,-0.0567983,0.0419426,-4.98837,0,0,-5,-0.0567983,0.0419426,0.0116272,0.0715571,0.0507252,-0.0451293,-0.013482,0,0,0
1780599436122966,16.7607,-0.0563005,0.0414662,-4.98877,0,0,-5,-0.0563005,0.0414662,0.0112305,0.0708189,0.0510367,-0.0442868,-0.0146135,0,0,0
1780599436138966,16.7767,-0.0559198,0.0411349,-4.98904,0,0,-5,-0.0559198,0.0411349,0.0109558,0.070279,0.0516812,-0.042927,-0.0155178,0,0,0
1780599436162966,16.8007,-0.0552892,0.04061,-4.98944,0,0,-5,-0.0552892,0.04061,0.0105591,0.0694086,0.0515733,-0.0429401,-0.014491,0,0,0
1780599436178966,16.8167,-0.0548381,0.0402371,-4.98969,0,0,-5,-0.0548381,0.0402371,0.0103149,0.0687942,0.0509902,-0.0425491,-0.0143601,0,0,0
1780599436202966,16.8407,-0.0557845,0.0410906,-4.98975,0,0,-5,-0.0557845,0.0410906,0.0102539,0.0700392,0.0498289,-0.0420781,-0.0132167,0,0,0
1780599436219022,16.8567,-0.0563335,0.0415745,-4.98978,0,0,-5,-0.0563335,0.0415745,0.0102234,0.0707561,0.0493669,-0.041092,-0.0133711,0,0,0
1780599436243022,16.8807,-0.0570219,0.0421878,-4.98987,0,0,-5,-0.0570219,0.0421878,0.0101318,0.0716516,0.0485202,-0.0421753,-0.0120537,0,0,0
1780599436259022,16.8967,-0.0574174,0.0425138,-4.98993,0,0,-5,-0.0574174,0.0425138,0.0100708,0.0721499,0.047722,-0.0423985,-0.0109429,0,0,0
1780599436283022,16.9207,-0.057892,0.0428955,-4.98996,0,0,-5,-0.057892,0.0428955,0.0100403,0.0727483,0.0473632,-0.0423707,-0.00893608,0,0,0
1780599436299022,16.9367,-0.0581473,0.0430928,-4.98999,0,0,-5,-0.0581473,0.0430928,0.0100098,0.0730636,0.0467842,-0.0419385,-0.00783639,0,0,0
1780599436323022,16.9607,-0.0584122,0.0432922,-4.98993,0,0,-5,-0.0584122,0.0432922,0.0100708,0.0734004,0.0463937,-0.0425211,-0.00709108,0,0,0
1780599436339022,16.9767,-0.0585472,0.0433668,-4.98993,0,0,-5,-0.0585472,0.0433668,0.0100708,0.0735519,0.045199,-0.0425611,-0.00745242,0,0,0
1780599436363022,17.0007,-0.0586589,0.0433861,-4.9899,0,0,-5,-0.0586589,0.0433861,0.0101013,0.0736563,0.0451464,-0.043167,-0.00559246,0,0,0
1780599436379022,17.0167,-0.0586772,0.0433513,-4.98987,0,0,-5,-0.0586772,0.0433513,0.0101318,0.0736546,0.0449338,-0.042724,-0.00497097,0,0,0
1780599436403022,17.0407,-0.0586508,0.0432213,-4.98978,0,0,-5,-0.0586508,0.0432213,0.0102234,0.0735698,0.0442953,-0.0437824,-0.00487128,0,0,0
1780599436419022,17.0567,-0.0585764,0.043089,-4.98975,0,0,-5,-0.0585764,0.043089,0.0102539,0.073437,0.0446085,-0.0435768,-0.00550308,0,0,0
1780599436443022,17.0807,-0.0583829,0.042829,-4.98972,0,0,-5,-0.0583829,0.042829,0.0102844,0.0731345,0.0460626,-0.0432236,-0.00642556,0,0,0
1780599436459022,17.0967,-0.0581827,0.0426277,-4.98972,0,0,-5,-0.0581827,0.0426277,0.0102844,0.0728568,0.0466032,-0.0422198,-0.0054454,0,0,0
1780599436483022,17.1207,-0.0578027,0.0423184,-4.98969,0,0,-5,-0.0578027,0.0423184,0.0103149,0.0723768,0.0476484,-0.040794,-0.00671988,0,0,0
1780599436499022,17.1367,-0.0575038,0.0420888,-4.98972,0,0,-5,-0.0575038,0.0420888,0.0102844,0.0719995,0.0473933,-0.0404107,-0.00648214,0,0,0
1780599436523022,17.1607,-0.0570088,0.0416715,-4.98978,0,0,-5,-0.0570088,0.0416715,0.0102234,0.0713514,0.0464482,-0.0419861,-0.00711486,0,0,0
1780599436539022,17.1767,-0.0566368,0.0413484,-4.98981,0,0,-5,-0.0566368,0.0413484,0.0101929,0.0708612,0.0480739,-0.0426296,-0.00756192,0,0,0
1780599436563022,17.2007,-0.0560229,0.0408149,-4.9899,0,0,-5,-0.0560229,0.0408149,0.0101013,0.0700461,0.0475668,-0.0423225,-0.00805392,0,0,0
1780599436579022,17.2167,-0.0555814,0.0404291,-4.98996,0,0,-5,-0.0555814,0.0404291,0.0100403,0.0694594,0.0479892,-0.0425983,-0.00817048,0,0,0
1780599436603022,17.2407,-0.0561725,0.0409098,-4.98987,0,0,-5,-0.0561725,0.0409098,0.0101318,0.0702255,0.0485316,-0.0421021,-0.0075742,0,0,0
1780599436619022,17.2567,-0.0564784,0.0411573,-4.98981,0,0,-5,-0.0564784,0.0411573,0.0101929,0.0706231,0.0482601,-0.0430334,-0.00856542,0,0,0
1780599436643022,17.2807,-0.0568198,0.0414267,-4.98975,0,0,-5,-0.0568198,0.0414267,0.0102539,0.071062,0.0489051,-0.042707,-0.00732278,0,0,0
1780599436659022,17.2967,-0.0569697,0.0415503,-4.98972,0,0,-5,-0.0569697,0.0415503,0.0102844,0.0712583,0.04923,-0.0426234,-0.0061748,0,0,0
1780599436675022,17.3127,-0.0570609,0.0416346,-4.98965,0,0,-5,-0.0570609,0.0416346,0.0103455,0.0713892,0.049169,-0.0422434,-0.00705384,0,0,0
1780599436699022,17.3367,-0.0571289,0.0416863,-4.98962,0,0,-5,-0.0571289,0.0416863,0.010376,0.0714781,0.0479236,-0.0420984,-0.0073869,0,0,0
1780599436723022,17.3607,-0.0570944,0.0416489,-4.98962,0,0,-5,-0.0570944,0.0416489,0.010376,0.0714287,0.0488035,-0.042622,-0.00890019,0,0,0
1780599436739022,17.3767,-0.0570027,0.0415693,-4.98962,0,0,-5,-0.0570027,0.0415693,0.010376,0.071309,0.048969,-0.0430542,-0.00907543,0,0,0
1780599436763022,17.4007,-0.0567968,0.0413851,-4.98972,0,0,-5,-0.0567968,0.0413851,0.0102844,0.0710238,0.0490425,-0.0427958,-0.00884035,0,0,0
1780599436779022,17.4167,-0.0566037,0.0412254,-4.98975,0,0,-5,-0.0566037,0.0412254,0.0102539,0.0707718,0.049161,-0.0429974,-0.009495,0,0,0
1780599436803022,17.4407,-0.0562658,0.0409129,-4.98987,0,0,-5,-0.0562658,0.0409129,0.0101318,0.0703019,0.0476494,-0.0434043,-0.00939003,0,0,0
1780599436819022,17.4567,-0.0560098,0.0406632,-4.98987,0,0,-5,-0.0560098,0.0406632,0.0101318,0.0699517,0.0476216,-0.043572,-0.00886267,0,0,0
1780599436843022,17.4807,-0.0555731,0.0402588,-4.98993,0,0,-5,-0.0555731,0.0402588,0.0100708,0.0693582,0.0476362,-0.0429547,-0.00988673,0,0,0
1780599436859022,17.4967,-0.0552369,0.0399616,-4.98996,0,0,-5,-0.0552369,0.0399616,0.0100403,0.068912,0.0481781,-0.0423169,-0.00977495,0,0,0
1780599436883022,17.5207,-0.0546767,0.0394734,-4.99005,0,0,-5,-0.0546767,0.0394734,0.00994873,0.0681665,0.0484423,-0.0422895,-0.00890139,0,0,0
1780599436899022,17.5367,-0.0542625,0.0391321,-4.99008,0,0,-5,-0.0542625,0.0391321,0.00991821,0.0676322,0.0482236,-0.0415537,-0.00958252,0,0,0
1780599436923022,17.5607,-0.0535822,0.0385864,-4.9902,0,0,-5,-0.0535822,0.0385864,0.00979614,0.0667528,0.0483609,-0.0413414,-0.0101375,0,0,0
1780599436939022,17.5767,-0.0530929,0.0381953,-4.9903,0,0,-5,-0.0530929,0.0381953,0.00970459,0.0661205,0.0493487,-0.0417167,-0.0100755,0,0,0
1780599436963022,17.6007,-0.052295,0.0375556,-4.99042,0,0,-5,-0.052295,0.0375556,0.00958252,0.0650924,0.0497118,-0.041591,-0.0114207,0,0,0
1780599436979022,17.6167,-0.0517166,0.0371049,-4.99054,0,0,-5,-0.0517166,0.0371049,0.00946045,0.0643497,0.0514634,-0.0430536,-0.0113714,0,0,0
1780599437003022,17.6407,-0.0524942,0.0381033,-4.99066,0,0,-5,-0.0524942,0.0381033,0.00933838,0.065534,0.0518317,-0.0434751,-0.0120679,0,0,0
1780599437019022,17.6567,-0.05292,0.0386743,-4.99072,0,0,-5,-0.05292,0.0386743,0.00927734,0.0661989,0.0512997,-0.0436652,-0.0109024,0,0,0
1780599437035022,17.6727,-0.0532793,0.039177,-4.99081,0,0,-5,-0.0532793,0.039177,0.00918579,0.0667676,0.0512473,-0.0435747,-0.0100895,0,0,0
1780599437059022,17.6967,-0.0537271,0.0398276,-4.99094,0,0,-5,-0.0537271,0.0398276,0.00906372,0.0674906,0.0487172,-0.0426142,-0.00942702,0,0,0
1780599437083022,17.7207,-0.0540675,0.0403572,-4.99109,0,0,-5,-0.0540675,0.0403572,0.00891113,0.0680544,0.0500637,-0.0428255,-0.0106922,0,0,0
1780599437099022,17.7367,-0.0541928,0.0406412,-4.99118,0,0,-5,-0.0541928,0.0406412,0.00881958,0.0683107,0.0511577,-0.0422148,-0.00944905,0,0,0
1780599437123022,17.7607,-0.0542819,0.0410124,-4.9913,0,0,-5,-0.0542819,0.0410124,0.00869751,0.0685871,0.0506128,-0.039591,-0.00808037,0,0,0
1780599437139022,17.7767,-0.0542968,0.041226,-4.99136,0,0,-5,-0.0542968,0.041226,0.00863647,0.0687191,0.0502821,-0.0394949,-0.0078387,0,0,0
1780599437163022,17.8007,-0.0542224,0.0414621,-4.99146,0,0,-5,-0.0542224,0.0414621,0.00854492,0.0687909,0.0503819,-0.0393644,-0.00786946,0,0,0
1780599437179022,17.8167,-0.05412,0.0415657,-4.99149,0,0,-5,-0.05412,0.0415657,0.0085144,0.068769,0.0505698,-0.0392135,-0.00745068,0,0,0
1780599437195022,17.8327,-0.0539569,0.0416331,-4.99155,0,0,-5,-0.0539569,0.0416331,0.00845337,0.068674,0.0504354,-0.0384781,-0.00735187,0,0,0
1780599437219083,17.8568,-0.0536504,0.0416804,-4.99164,0,0,-5,-0.0536504,0.0416804,0.00836182,0.068451,0.0505314,-0.0372874,-0.0063694,0,0,0
1780599437235083,17.8728,-0.0533953,0.0416755,-4.9917,0,0,-5,-0.0533953,0.0416755,0.00830078,0.0682408,0.0497913,-0.0379899,-0.00638638,0,0,0
1780599437259083,17.8968,-0.0529846,0.0415721,-4.99179,0,0,-5,-0.0529846,0.0415721,0.00820923,0.0678454,0.0492001,-0.0393153,-0.00562818,0,0,0
1780599437283083,17.9208,-0.0524887,0.0413904,-4.99185,0,0,-5,-0.0524887,0.0413904,0.00814819,0.0673396,0.0499758,-0.0389447,-0.00562416,0,0,0
1780599437299083,17.9368,-0.0521149,0.0412345,-4.99191,0,0,-5,-0.0521149,0.0412345,0.00808716,0.0669451,0.0497465,-0.0384517,-0.00492825,0,0,0
1780599437315083,17.9528,-0.0517141,0.0410592,-4.99194,0,0,-5,-0.0517141,0.0410592,0.00805664,0.0665216,0.0495851,-0.0378075,-0.00467014,0,0,0
1780599437339083,17.9768,-0.0510606,0.0407485,-4.99207,0,0,-5,-0.0510606,0.0407485,0.00793457,0.0658072,0.049657,-0.0382664,-0.00717665,0,0,0
1780599437363083,18.0008,-0.0503341,0.0403753,-4.99222,0,0,-5,-0.0503341,0.0403753,0.00778198,0.0649943,0.0498876,-0.0385274,-0.00698886,0,0,0
1780599437379083,18.0168,-0.0498213,0.0401037,-4.99234,0,0,-5,-0.0498213,0.0401037,0.00765991,0.0644139,0.0499162,-0.0375668,-0.00784079,0,0,0
1780599437403083,18.0408,-0.0502527,0.0408703,-4.9924,0,0,-5,-0.0502527,0.0408703,0.00759888,0.0652185,0.0493693,-0.0368349,-0.00859326,0,0,0
1780599437419083,18.0568,-0.0504514,0.0413168,-4.99246,0,0,-5,-0.0504514,0.0413168,0.00753784,0.0656448,0.0506798,-0.03624,-0.00857418,0,0,0
1780599437443083,18.0808,-0.0506118,0.0418952,-4.99258,0,0,-5,-0.0506118,0.0418952,0.00741577,0.0661192,0.0520581,-0.0360202,-0.00883045,0,0,0
1780599437459083,18.0968,-0.0506573,0.0422195,-4.99265,0,0,-5,-0.0506573,0.0422195,0.00735474,0.0663532,0.0501907,-0.035595,-0.00944225,0,0,0
1780599437483083,18.1208,-0.0506284,0.0426337,-4.99277,0,0,-5,-0.0506284,0.0426337,0.00723267,0.0665821,0.0512119,-0.0345413,-0.00956611,0,0,0
1780599437499083,18.1368,-0.0505514,0.0428619,-4.99286,0,0,-5,-0.0505514,0.0428619,0.00714111,0.0666602,0.0504224,-0.0342097,-0.00769096,0,0,0
1780599437523083,18.1608,-0.0503413,0.0431367,-4.99295,0,0,-5,-0.0503413,0.0431367,0.00704956,0.0666687,0.0513536,-0.032991,-0.00659983,0,0,0
1780599437539083,18.1768,-0.0501423,0.0432828,-4.99295,0,0,-5,-0.0501423,0.0432828,0.00704956,0.0666134,0.0522223,-0.0326914,-0.00593435,0,0,0
1780599437555083,18.1928,-0.0499027,0.0434039,-4.99298,0,0,-5,-0.0499027,0.0434039,0.00701904,0.066509,0.0517916,-0.0315868,-0.0061155,0,0,0
1780599437579083,18.2168,-0.0494699,0.0435431,-4.99304,0,0,-5,-0.0494699,0.0435431,0.00695801,0.0662699,0.0529167,-0.0309185,-0.00679905,0,0,0
1780599437603083,18.2408,-0.0489424,0.0436148,-4.9931,0,0,-5,-0.0489424,0.0436148,0.00689697,0.065918,0.05328,-0.0305972,-0.00605485,0,0,0
1780599437619083,18.2568,-0.0485552,0.0436248,-4.99316,0,0,-5,-0.0485552,0.0436248,0.00683594,0.0656312,0.0531524,-0.0307827,-0.00550732,0,0,0
1780599437643083,18.2808,-0.0479129,0.0435717,-4.99323,0,0,-5,-0.0479129,0.0435717,0.0067749,0.0651155,0.0539384,-0.03139,-0.00546145,0,0,0
1780599437659083,18.2968,-0.0474379,0.0434988,-4.99326,0,0,-5,-0.0474379,0.0434988,0.00674438,0.0647147,0.054729,-0.0316927,-0.00567412,0,0,0
1780599437683083,18.3208,-0.0466616,0.0433117,-4.99335,0,0,-5,-0.0466616,0.0433117,0.00665283,0.0640115,0.0547653,-0.0324427,-0.00447729,0,0,0
1780599437699083,18.3368,-0.046109,0.0431555,-4.99341,0,0,-5,-0.046109,0.0431555,0.0065918,0.0634972,0.0551316,-0.0326251,-0.00500326,0,0,0
1780599437723083,18.3608,-0.0452395,0.0428485,-4.9935,0,0,-5,-0.0452395,0.0428485,0.00650024,0.0626487,0.0549083,-0.0339949,-0.00388419,0,0,0
1780599437739083,18.3768,-0.0446323,0.0425986,-4.99353,0,0,-5,-0.0446323,0.0425986,0.00646973,0.0620366,0.0548453,-0.035041,-0.00427426,0,0,0
1780599437763083,18.4008,-0.0436672,0.0421556,-4.99359,0,0,-5,-0.0436672,0.0421556,0.00640869,0.0610327,0.0555492,-0.0364263,-0.00448131,0,0,0
1780599437779083,18.4168,-0.0429979,0.0418139,-4.99362,0,0,-5,-0.0429979,0.0418139,0.00637817,0.060315,0.0550882,-0.0375233,-0.00464221,0,0,0
1780599437803083,18.4408,-0.0432787,0.0423914,-4.99362,0,0,-5,-0.0432787,0.0423914,0.00637817,0.060916,0.0547265,-0.0371105,-0.00736192,0,0,0
1780599437819083,18.4568,-0.0433978,0.0427093,-4.99365,0,0,-5,-0.0433978,0.0427093,0.00634766,0.0612189,0.0535341,-0.0375883,-0.00859859,0,0,0
1780599437843083,18.4808,-0.0435012,0.0430978,-4.99374,0,0,-5,-0.0435012,0.0430978,0.0062561,0.0615541,0.0527847,-0.0360403,-0.00797202,0,0,0
1780599437859083,18.4968,-0.0435138,0.0433135,-4.99377,0,0,-5,-0.0435138,0.0433135,0.00622559,0.0617112,0.0521606,-0.0360167,-0.00738545,0,0,0
1780599437883083,18.5208,-0.0434617,0.0435418,-4.99384,0,0,-5,-0.0434617,0.0435418,0.00616455,0.0618289,0.0513205,-0.0359335,-0.00515264,0,0,0
1780599437899083,18.5368,-0.0433839,0.0436554,-4.99384,0,0,-5,-0.0433839,0.0436554,0.00616455,0.0618544,0.0499572,-0.0355199,-0.00409042,0,0,0
1780599437923083,18.5608,-0.0432305,0.0437319,-4.99377,0,0,-5,-0.0432305,0.0437319,0.00622559,0.061807,0.0491356,-0.03666,-0.0022022,0,0,0
1780599437939083,18.5768,-0.0430943,0.0437196,-4.99374,0,0,-5,-0.0430943,0.0437196,0.0062561,0.0617063,0.0479983,-0.037506,-0.00191718,0,0,0
1780599437963083,18.6008,-0.0428275,0.0436373,-4.99368,0,0,-5,-0.0428275,0.0436373,0.00631714,0.061468,0.0477034,-0.0372703,-0.00129953,0,0,0
1780599437979083,18.6168,-0.0426081,0.0435383,-4.99368,0,0,-5,-0.0426081,0.0435383,0.00631714,0.0612449,0.0476268,-0.0370008,-0.00285802,0,0,0
1780599438003083,18.6408,-0.042235,0.0433483,-4.99371,0,0,-5,-0.042235,0.0433483,0.00628662,0.0608473,0.0463588,-0.0367373,-0.00288102,0,0,0
1780599438019083,18.6568,-0.0419492,0.0431908,-4.99371,0,0,-5,-0.0419492,0.0431908,0.00628662,0.0605368,0.0469161,-0.0366425,-0.00217908,0,0,0
1780599438043083,18.6808,-0.0414358,0.0429124,-4.99371,0,0,-5,-0.0414358,0.0429124,0.00628662,0.0599827,0.0486495,-0.0362148,-0.00341897,0,0,0
1780599438059083,18.6968,-0.0410347,0.0426948,-4.99374,0,0,-5,-0.0410347,0.0426948,0.0062561,0.0595468,0.0487128,-0.0367011,-0.00394566,0,0,0
1780599438083083,18.7208,-0.0403801,0.0423037,-4.9938,0,0,-5,-0.0403801,0.0423037,0.00619507,0.0588093,0.0491019,-0.0373988,-0.00547632,0,0,0
1780599438099083,18.7368,-0.0399246,0.0420136,-4.99387,0,0,-5,-0.0399246,0.0420136,0.00613403,0.0582815,0.0476648,-0.0373482,-0.00573732,0,0,0
1780599438115083,18.7528,-0.0394488,0.041698,-4.99396,0,0,-5,-0.0394488,0.041698,0.00604248,0.0577186,0.0484792,-0.0369844,-0.00564041,0,0,0
1780599438139083,18.7768,-0.0386827,0.0412026,-4.99405,0,0,-5,-0.0386827,0.0412026,0.00595093,0.056828,0.0483741,-0.0377381,-0.0035035,0,0,0
1780599438163083,18.8008,-0.0378581,0.0406246,-4.99414,0,0,-5,-0.0378581,0.0406246,0.00585938,0.0558384,0.0494667,-0.0391585,-0.00408649,0,0,0
1780599438179083,18.8168,-0.0372778,0.0401981,-4.99423,0,0,-5,-0.0372778,0.0401981,0.00576782,0.0551252,0.0491868,-0.039974,-0.0035218,0,0,0
1780599438203083,18.8408,-0.0378634,0.0404376,-4.99414,0,0,-5,-0.0378634,0.0404376,0.00585938,0.0557061,0.0481399,-0.041522,-0.00374649,0,0,0
1780599438219083,18.8568,-0.0381874,0.0405233,-4.99408,0,0,-5,-0.0381874,0.0405233,0.00592041,0.0559952,0.0475961,-0.0418616,-0.00300658,0,0,0
1780599438235145,18.8728,-0.0384487,0.040575,-4.99402,0,0,-5,-0.0384487,0.040575,0.00598145,0.0562175,0.0476823,-0.0409912,-0.00231108,0,0,0
1780599438259145,18.8968,-0.0387451,0.0405797,-4.99393,0,0,-5,-0.0387451,0.0405797,0.006073,0.0564338,0.0459926,-0.0406851,-0.00224465,0,0,0
1780599438283145,18.9208,-0.0389636,0.0405156,-4.99387,0,0,-5,-0.0389636,0.0405156,0.00613403,0.0565447,0.0447177,-0.0402375,-0.00261776,0,0,0
1780599438299145,18.9368,-0.0390683,0.0404319,-4.9938,0,0,-5,-0.0390683,0.0404319,0.00619507,0.0565636,0.0433718,-0.0400815,-0.00340841,0,0,0
1780599438323145,18.9608,-0.0391714,0.0402441,-4.99377,0,0,-5,-0.0391714,0.0402441,0.00622559,0.0565044,0.0423153,-0.0406328,-0.00373996,0,0,0
1780599438339145,18.9768,-0.0391975,0.0400814,-4.99374,0,0,-5,-0.0391975,0.0400814,0.0062561,0.0564101,0.041686,-0.0398107,-0.00344176,0,0,0
1780599438363145,19.0008,-0.0391673,0.0397864,-4.99368,0,0,-5,-0.0391673,0.0397864,0.00631714,0.0561867,0.0416499,-0.0409853,-0.00340465,0,0,0
1780599438379145,19.0168,-0.0391002,0.0395435,-4.99368,0,0,-5,-0.0391002,0.0395435,0.00631714,0.0559681,0.0418083,-0.040978,-0.00373871,0,0,0
1780599438395145,19.0328,-0.0389825,0.0392717,-4.99365,0,0,-5,-0.0389825,0.0392717,0.00634766,0.0556973,0.0431632,-0.0410561,-0.00356328,0,0,0
1780599438419145,19.0568,-0.0387363,0.038809,-4.99365,0,0,-5,-0.0387363,0.038809,0.00634766,0.055199,0.0419779,-0.0421707,-0.00455078,0,0,0
1780599438435145,19.0728,-0.038531,0.0384644,-4.99365,0,0,-5,-0.038531,0.0384644,0.00634766,0.0548128,0.0427448,-0.042117,-0.00457655,0,0,0
1780599438459145,19.0968,-0.0381382,0.0378966,-4.99368,0,0,-5,-0.0381382,0.0378966,0.00631714,0.0541349,0.0445319,-0.0419329,-0.00407817,0,0,0
1780599438483145,19.1208,-0.0376556,0.0372923,-4.99365,0,0,-5,-0.0376556,0.0372923,0.00634766,0.0533756,0.0452193,-0.042312,-0.00239914,0,0,0
1780599438499145,19.1368,-0.0372916,0.0368513,-4.99362,0,0,-5,-0.0372916,0.0368513,0.00637817,0.0528144,0.0450895,-0.0432685,-0.00192206,0,0,0
1780599438523145,19.1608,-0.0367058,0.0361621,-4.99359,0,0,-5,-0.0367058,0.0361621,0.00640869,0.0519238,0.0446832,-0.0418878,-0.00257812,0,0,0
1780599438539145,19.1768,-0.0363082,0.0356908,-4.99359,0,0,-5,-0.0363082,0.0356908,0.00640869,0.0513146,0.0430145,-0.0424249,-0.00305329,0,0,0
1780599438555145,19.1928,-0.0359053,0.0351817,-4.99359,0,0,-5,-0.0359053,0.0351817,0.00640869,0.0506756,0.0429451,-0.0432929,-0.00267876,0,0,0
1780599438579145,19.2168,-0.0352548,0.0343701,-4.99362,0,0,-5,-0.0352548,0.0343701,0.00637817,0.0496476,0.0423792,-0.0441357,-0.00343277,0,0,0
1780599438595145,19.2328,-0.0357075,0.0347709,-4.99347,0,0,-5,-0.0357075,0.0347709,0.00653076,0.0502662,0.0428406,-0.0446305,-0.00513581,0,0,0
1780599438619145,19.2568,-0.0362821,0.0352431,-4.99335,0,0,-5,-0.0362821,0.0352431,0.00665283,0.0510169,0.0408321,-0.045203,-0.00490154,0,0,0
1780599438643145,19.2808,-0.0367406,0.0356018,-4.99323,0,0,-5,-0.0367406,0.0356018,0.0067749,0.0516067,0.0410083,-0.0436084,-0.00380055,0,0,0
1780599438659145,19.2968,-0.0369825,0.0357843,-4.99313,0,0,-5,-0.0369825,0.0357843,0.00686646,0.051917,0.0408843,-0.0443074,-0.00427658,0,0,0
1780599438683145,19.3208,-0.0372434,0.0359492,-4.99304,0,0,-5,-0.0372434,0.0359492,0.00695801,0.0522286,0.0410679,-0.0450915,-0.00415722,0,0,0
1780599438699145,19.3368,-0.0373616,0.0359925,-4.99298,0,0,-5,-0.0373616,0.0359925,0.00701904,0.0523509,0.040852,-0.0458177,-0.00484426,0,0,0
1780599438723145,19.3608,-0.037456,0.0359562,-4.99292,0,0,-5,-0.037456,0.0359562,0.00708008,0.0524016,0.0403631,-0.0465937,-0.00571113,0,0,0
1780599438739145,19.3768,-0.0374694,0.0358772,-4.99286,0,0,-5,-0.0374694,0.0358772,0.00714111,0.0523653,0.0407006,-0.0465629,-0.00487814,0,0,0
1780599438763145,19.4008,-0.0374371,0.0356836,-4.99283,0,0,-5,-0.0374371,0.0356836,0.00717163,0.0522139,0.0388329,-0.0467504,-0.00520533,0,0,0
1780599438779145,19.4168,-0.0374138,0.0355223,-4.99283,0,0,-5,-0.0374138,0.0355223,0.00717163,0.052087,0.0368452,-0.0458355,-0.00637366,0,0,0
1780599438803145,19.4408,-0.0373527,0.0352311,-4.99289,0,0,-5,-0.0373527,0.0352311,0.0071106,0.0518364,0.0359972,-0.0451406,-0.00687255,0,0,0
1780599438819145,19.4568,-0.0372858,0.0350105,-4.99292,0,0,-5,-0.0372858,0.0350105,0.00708008,0.0516342,0.0340947,-0.0445104,-0.00703992,0,0,0
1780599438835145,19.4728,-0.0372082,0.0347636,-4.99292,0,0,-5,-0.0372082,0.0347636,0.00708008,0.0514109,0.0341068,-0.0448286,-0.00679793,0,0,0
1780599438859145,19.4968,-0.0370284,0.0343478,-4.99295,0,0,-5,-0.0370284,0.0343478,0.00704956,0.0509957,0.0338347,-0.0438364,-0.00535671,0,0,0
1780599438883145,19.5208,-0.0368054,0.0339077,-4.99298,0,0,-5,-0.0368054,0.0339077,0.00701904,0.0505335,0.033203,-0.0411326,-0.00567503,0,0,0
1780599438899145,19.5368,-0.0366384,0.0336164,-4.99301,0,0,-5,-0.0366384,0.0336164,0.00698853,0.0502123,0.0325124,-0.0411359,-0.00662545,0,0,0
1780599438923145,19.5608,-0.0363537,0.0331373,-4.99304,0,0,-5,-0.0363537,0.0331373,0.00695801,0.0496799,0.0315478,-0.0410902,-0.00617772,0,0,0
1780599438939145,19.5768,-0.0361486,0.032789,-4.9931,0,0,-5,-0.0361486,0.032789,0.00689697,0.0492891,0.0314659,-0.0414759,-0.00570346,0,0,0
1780599438963145,19.6008,-0.0357921,0.0322214,-4.99316,0,0,-5,-0.0357921,0.0322214,0.00683594,0.0486418,0.0318168,-0.0411867,-0.00634448,0,0,0
1780599438979145,19.6168,-0.0355219,0.031819,-4.99319,0,0,-5,-0.0355219,0.031819,0.00680542,0.0481723,0.032146,-0.0409886,-0.00708929,0,0,0
1780599439003145,19.6408,-0.0355581,0.0326309,-4.99347,0,0,-5,-0.0355581,0.0326309,0.00653076,0.0487012,0.0326235,-0.0388196,-0.00727199,0,0,0
1780599439019145,19.6568,-0.0355328,0.0331102,-4.99368,0,0,-5,-0.0355328,0.0331102,0.00631714,0.0489773,0.0326711,-0.0388022,-0.00760447,0,0,0
1780599439043145,19.6808,-0.0354141,0.0337096,-4.99393,0,0,-5,-0.0354141,0.0337096,0.006073,0.0492684,0.0334759,-0.0388061,-0.0066386,0,0,0
1780599439059145,19.6968,-0.0352993,0.0340516,-4.99408,0,0,-5,-0.0352993,0.0340516,0.00592041,0.0494025,0.0333986,-0.0376995,-0.00698058,0,0,0
1780599439083145,19.7208,-0.0350724,0.0344873,-4.99432,0,0,-5,-0.0350724,0.0344873,0.00567627,0.0495143,0.0329544,-0.0363511,-0.00719702,0,0,0
1780599439099145,19.7368,-0.0349085,0.0347358,-4.99448,0,0,-5,-0.0349085,0.0347358,0.00552368,0.049555,0.0317165,-0.035541,-0.00699156,0,0,0
1780599439123145,19.7608,-0.0346284,0.0350521,-4.99469,0,0,-5,-0.0346284,0.0350521,0.00531006,0.0495577,0.0313779,-0.0335428,-0.00753285,0,0,0
1780599439139145,19.7768,-0.0344227,0.035227,-4.99484,0,0,-5,-0.0344227,0.035227,0.00515747,0.0495223,0.0312443,-0.0334613,-0.00773267,0,0,0
1780599439163145,19.8008,-0.0340527,0.0354094,-4.99512,0,0,-5,-0.0340527,0.0354094,0.00488281,0.0493685,0.0316035,-0.0342074,-0.00804002,0,0,0
1780599439179145,19.8168,-0.033779,0.0354758,-4.99527,0,0,-5,-0.033779,0.0354758,0.00473022,0.0492131,0.0321067,-0.0339075,-0.00829002,0,0,0
1780599439195145,19.8328,-0.0334876,0.0355173,-4.99545,0,0,-5,-0.0334876,0.0355173,0.00454712,0.0490262,0.0316813,-0.033427,-0.00754283,0,0,0
1780599439219145,19.8568,-0.033035,0.0355294,-4.99573,0,0,-5,-0.033035,0.0355294,0.00427246,0.0487022,0.0325462,-0.0340543,-0.00713085,0,0,0
1780599439243145,19.8808,-0.0325211,0.0354546,-4.99597,0,0,-5,-0.0325211,0.0354546,0.00402832,0.0482792,0.0328043,-0.0346392,-0.00702168,0,0,0
1780599439259207,19.8969,-0.0321592,0.0353611,-4.99612,0,0,-5,-0.0321592,0.0353611,0.00387573,0.0479546,0.0326143,-0.0343244,-0.00612828,0,0,0
1780599439283207,19.9209,-0.0315888,0.0351809,-4.99634,0,0,-5,-0.0315888,0.0351809,0.00366211,0.0474231,0.0329277,-0.033655,-0.00591156,0,0,0
1780599439299207,19.9369,-0.0311835,0.0350333,-4.99649,0,0,-5,-0.0311835,0.0350333,0.00350952,0.0470325,0.0325796,-0.0340411,-0.00562406,0,0,0
1780599439323207,19.9609,-0.0305797,0.0347617,-4.9967,0,0,-5,-0.0305797,0.0347617,0.0032959,0.046415,0.0316455,-0.0338251,-0.0063569,0,0,0
1780599439339207,19.9769,-0.0301563,0.0345588,-4.99686,0,0,-5,-0.0301563,0.0345588,0.00314331,0.0459739,0.0326654,-0.0336749,-0.00660885,0,0,0
1780599439363207,20.0009,-0.0295118,0.0341926,-4.99707,0,0,-5,-0.0295118,0.0341926,0.00292969,0.0452621,0.0317591,-0.0325448,-0.00610095,0,0,0
1780599439379207,20.0169,-0.0290654,0.0339352,-4.99722,0,0,-5,-0.0290654,0.0339352,0.0027771,0.0447673,0.0325573,-0.0327078,-0.00512112,0,0,0
1780599439403207,20.0409,-0.0293661,0.0342861,-4.99731,0,0,-5,-0.0293661,0.0342861,0.00268555,0.045223,0.0311355,-0.0334615,-0.00363997,0,0,0
1780599439419207,20.0569,-0.029529,0.0344588,-4.99734,0,0,-5,-0.029529,0.0344588,0.00265503,0.0454578,0.030828,-0.033062,-0.00303151,0,0,0
1780599439443207,20.0809,-0.0297341,0.0346512,-4.99741,0,0,-5,-0.0297341,0.0346512,0.00259399,0.0457335,0.0275621,-0.0333669,-0.0030663,0,0,0
1780599439459207,20.0969,-0.0298487,0.0347297,-4.99747,0,0,-5,-0.0298487,0.0347297,0.00253296,0.0458641,0.0280242,-0.0333571,-0.0033907,0,0,0
1780599439483207,20.1209,-0.0299474,0.0347766,-4.99753,0,0,-5,-0.0299474,0.0347766,0.00247192,0.0459605,0.027823,-0.033345,-0.00249278,0,0,0
1780599439499207,20.1369,-0.0299738,0.0347826,-4.99756,0,0,-5,-0.0299738,0.0347826,0.00244141,0.0459807,0.0281992,-0.0317059,-0.00172392,0,0,0
1780599439523207,20.1609,-0.0299457,0.0347476,-4.99762,0,0,-5,-0.0299457,0.0347476,0.00238037,0.0459326,0.028516,-0.0313923,-0.00162845,0,0,0
1780599439539207,20.1769,-0.0298975,0.0346946,-4.99762,0,0,-5,-0.0298975,0.0346946,0.00238037,0.0458611,0.0276738,-0.0317364,-0.00139484,0,0,0
1780599439563207,20.2009,-0.0297725,0.0345372,-4.99765,0,0,-5,-0.0297725,0.0345372,0.00234985,0.045659,0.0287547,-0.0334136,-0.00131249,0,0,0
1780599439579207,20.2169,-0.0296422,0.0343869,-4.99768,0,0,-5,-0.0296422,0.0343869,0.00231934,0.0454588,0.0287811,-0.0331712,-0.00236314,0,0,0
1780599439603207,20.2409,-0.0294418,0.0341338,-4.99777,0,0,-5,-0.0294418,0.0341338,0.00222778,0.045132,0.0269469,-0.0327022,-0.00267739,0,0,0
1780599439619207,20.2569,-0.0292949,0.0339401,-4.9978,0,0,-5,-0.0292949,0.0339401,0.00219727,0.0448882,0.0258233,-0.0326366,-0.00286138,0,0,0
1780599439643207,20.2809,-0.0290852,0.0335789,-4.99792,0,0,-5,-0.0290852,0.0335789,0.0020752,0.0444724,0.0241827,-0.0335096,-0.00265275,0,0,0
1780599439659207,20.2969,-0.0289252,0.0333128,-4.99796,0,0,-5,-0.0289252,0.0333128,0.00204468,0.0441655,0.0244574,-0.0332997,-0.00176735,0,0,0
1780599439683207,20.3209,-0.0286102,0.0328779,-4.99805,0,0,-5,-0.0286102,0.0328779,0.00195312,0.043627,0.0268154,-0.0334818,-0.00336051,0,0,0
1780599439699207,20.3369,-0.0283679,0.0325626,-4.99814,0,0,-5,-0.0283679,0.0325626,0.00186157,0.0432265,0.0264452,-0.0335182,-0.00351451,0,0,0
1780599439723207,20.3609,-0.0279789,0.0320435,-4.99823,0,0,-5,-0.0279789,0.0320435,0.00177002,0.0425763,0.0265492,-0.0349132,-0.00251619,0,0,0
1780599439739207,20.3769,-0.0277019,0.0316649,-4.99829,0,0,-5,-0.0277019,0.0316649,0.00170898,0.0421068,0.026593,-0.0357132,-0.00274352,0,0,0
1780599439763207,20.4009,-0.0272702,0.0310511,-4.99841,0,0,-5,-0.0272702,0.0310511,0.00158691,0.0413564,0.0258272,-0.0346568,-0.00286826,0,0,0
1780599439779207,20.4169,-0.0269578,0.0306398,-4.99847,0,0,-5,-0.0269578,0.0306398,0.00152588,0.0408392,0.0262809,-0.0348676,-0.0023123,0,0,0
1780599439803207,20.4409,-0.0269627,0.0308286,-4.99835,0,0,-5,-0.0269627,0.0308286,0.00164795,0.040989,0.0255848,-0.0353899,-0.00188997,0,0,0
1780599439819207,20.4569,-0.0269238,0.0309049,-4.99829,0,0,-5,-0.0269238,0.0309049,0.00170898,0.0410235,0.0266481,-0.03501,-0.00238838,0,0,0
1780599439843207,20.4809,-0.0268155,0.030962,-4.9982,0,0,-5,-0.0268155,0.030962,0.00180054,0.0409995,0.0253685,-0.0345305,-0.00404884,0,0,0
1780599439859207,20.4969,-0.0267287,0.0309582,-4.99814,0,0,-5,-0.0267287,0.0309582,0.00186157,0.0409426,0.0247034,-0.0347119,-0.00442764,0,0,0
1780599439883207,20.5209,-0.0265738,0.030885,-4.99808,0,0,-5,-0.0265738,0.030885,0.00192261,0.040789,0.0235903,-0.0341386,-0.00381584,0,0,0
1780599439899207,20.5369,-0.0264517,0.0308181,-4.99805,0,0,-5,-0.0264517,0.0308181,0.00195312,0.0406603,0.0240341,-0.0331161,-0.00403291,0,0,0
1780599439923207,20.5609,-0.0262065,0.0306688,-4.99799,0,0,-5,-0.0262065,0.0306688,0.00201416,0.0403908,0.0249008,-0.0332504,-0.00526142,0,0,0
1780599439939207,20.5769,-0.0260232,0.030523,-4.99796,0,0,-5,-0.0260232,0.030523,0.00204468,0.0401627,0.0238171,-0.0343968,-0.00553407,0,0,0
1780599439955207,20.5929,-0.0258149,0.0303491,-4.99792,0,0,-5,-0.0258149,0.0303491,0.0020752,0.0398971,0.0253942,-0.0336772,-0.00473221,0,0,0
1780599439979207,20.6169,-0.0254241,0.0300636,-4.99792,0,0,-5,-0.0254241,0.0300636,0.0020752,0.0394273,0.0280744,-0.0338996,-0.00514017,0,0,0
1780599440003207,20.6409,-0.0249609,0.0297359,-4.99796,0,0,-5,-0.0249609,0.0297359,0.00204468,0.0388774,0.0278756,-0.0324579,-0.00617694,0,0,0
1780599440019207,20.6569,-0.0246422,0.029504,-4.99799,0,0,-5,-0.0246422,0.029504,0.00201416,0.0384939,0.0273506,-0.0319894,-0.00605795,0,0,0
1780599440043207,20.6809,-0.0241365,0.0291327,-4.99802,0,0,-5,-0.0241365,0.0291327,0.00198364,0.0378843,0.027827,-0.0317514,-0.00444322,0,0,0
1780599440059207,20.6969,-0.0237882,0.0288655,-4.99802,0,0,-5,-0.0237882,0.0288655,0.00198364,0.0374571,0.027392,-0.0313333,-0.00271718,0,0,0
1780599440075207,20.7129,-0.0234171,0.0285767,-4.99799,0,0,-5,-0.0234171,0.0285767,0.00201416,0.0370006,0.0275184,-0.031135,-0.00197669,0,0,0
1780599440099207,20.7369,-0.0228397,0.028129,-4.99796,0,0,-5,-0.0228397,0.028129,0.00204468,0.0362915,0.0279995,-0.0308426,-0.000941943,0,0,0
1780599440123207,20.7609,-0.0222366,0.0276319,-4.99789,0,0,-5,-0.0222366,0.0276319,0.00210571,0.0355306,0.027817,-0.0322125,0.000525646,0,0,0
1780599440139207,20.7769,-0.0218222,0.0272652,-4.99783,0,0,-5,-0.0218222,0.0272652,0.00216675,0.0349899,0.027598,-0.0330545,0.00125396,0,0,0
1780599440163207,20.8009,-0.0211867,0.026673,-4.99777,0,0,-5,-0.0211867,0.026673,0.00222778,0.0341363,0.0272852,-0.0340867,0.000960564,0,0,0
1780599440179207,20.8169,-0.0207566,0.0262552,-4.99771,0,0,-5,-0.0207566,0.0262552,0.00228882,0.0335471,0.0271633,-0.0333563,0.00201828,0,0,0
1780599440203207,20.8409,-0.0205737,0.0267261,-4.99765,0,0,-5,-0.0205737,0.0267261,0.00234985,0.0338095,0.0263987,-0.0324427,0.00119744,0,0,0
1780599440219207,20.8569,-0.0204316,0.0270054,-4.99762,0,0,-5,-0.0204316,0.0270054,0.00238037,0.0339471,0.0258281,-0.0321981,0.00157385,0,0,0
1780599440243207,20.8809,-0.0202041,0.0273441,-4.99756,0,0,-5,-0.0202041,0.0273441,0.00244141,0.0340861,0.0246188,-0.0322464,0.00043938,0,0,0
1780599440259274,20.897,-0.0200342,0.0275222,-4.99756,0,0,-5,-0.0200342,0.0275222,0.00244141,0.0341292,0.0249469,-0.0317208,-0.0003005,0,0,0
1780599440283274,20.921,-0.0197328,0.0277122,-4.99753,0,0,-5,-0.0197328,0.0277122,0.00247192,0.0341095,0.0252548,-0.0326589,-0.000638885,0,0,0
1780599440299274,20.937,-0.0195078,0.0277785,-4.99753,0,0,-5,-0.0195078,0.0277785,0.00247192,0.0340339,0.0252015,-0.032946,-0.00266593,0,0,0
1780599440323274,20.961,-0.0191388,0.0278168,-4.99756,0,0,-5,-0.0191388,0.0278168,0.00244141,0.0338531,0.0250837,-0.0318064,-0.00179289,0,0,0
1780599440339274,20.977,-0.0188807,0.027824,-4.99756,0,0,-5,-0.0188807,0.027824,0.00244141,0.0337138,0.0247996,-0.0311373,-0.00164095,0,0,0
1780599440363274,21.001,-0.0184961,0.0277724,-4.99756,0,0,-5,-0.0184961,0.0277724,0.00244141,0.033457,0.0231194,-0.0326815,-0.000100712,0,0,0
1780599440379274,21.017,-0.0182399,0.0276896,-4.99753,0,0,-5,-0.0182399,0.0276896,0.00247192,0.0332493,0.0222155,-0.0320351,0.00163845,0,0,0
1780599440403274,21.041,-0.0178503,0.0275282,-4.9975,0,0,-5,-0.0178503,0.0275282,0.00250244,0.0329044,0.0217142,-0.0322469,0.00107338,0,0,0
1780599440419274,21.057,-0.0175802,0.0273726,-4.99744,0,0,-5,-0.0175802,0.0273726,0.00256348,0.0326327,0.0223603,-0.0339814,0.0007353,0,0,0
1780599440443274,21.081,-0.0171274,0.0270657,-4.99741,0,0,-5,-0.0171274,0.0270657,0.00259399,0.0321345,0.0227016,-0.0340248,-0.000103208,0,0,0
1780599440459274,21.097,-0.0168199,0.0268365,-4.99741,0,0,-5,-0.0168199,0.0268365,0.00259399,0.0317779,0.0229402,-0.0338838,-0.00122361,0,0,0
1780599440483274,21.121,-0.0163191,0.0264668,-4.99741,0,0,-5,-0.0163191,0.0264668,0.00259399,0.0312015,0.0236064,-0.0328582,-0.000659685,0,0,0
1780599440499274,21.137,-0.0159789,0.026186,-4.99741,0,0,-5,-0.0159789,0.026186,0.00259399,0.0307857,0.022967,-0.0344348,-0.000313352,0,0,0
1780599440523274,21.161,-0.0154646,0.0257257,-4.99744,0,0,-5,-0.0154646,0.0257257,0.00256348,0.0301253,0.0228012,-0.0327088,-0.00234725,0,0,0
1780599440539274,21.177,-0.0151143,0.0254132,-4.99747,0,0,-5,-0.0151143,0.0254132,0.00253296,0.0296764,0.0224004,-0.0329725,-0.00264062,0,0,0
1780599440563274,21.201,-0.0146082,0.0248948,-4.99756,0,0,-5,-0.0146082,0.0248948,0.00244141,0.0289674,0.0214832,-0.0329805,-0.0037019,0,0,0
1780599440579274,21.217,-0.014261,0.0245434,-4.99762,0,0,-5,-0.014261,0.0245434,0.00238037,0.0284855,0.0204328,-0.0322718,-0.00347629,0,0,0
1780599440603274,21.241,-0.0132586,0.0251748,-4.99771,0,0,-5,-0.0132586,0.0251748,0.00228882,0.0285447,0.018846,-0.0309736,-0.00339046,0,0,0
1780599440619274,21.257,-0.0126082,0.0255554,-4.9978,0,0,-5,-0.0126082,0.0255554,0.00219727,0.028581,0.0198567,-0.0295541,-0.002891,0,0,0
1780599440643274,21.281,-0.0116319,0.0260478,-4.99786,0,0,-5,-0.0116319,0.0260478,0.00213623,0.0286069,0.0203627,-0.0302296,-0.00278769,0,0,0
1780599440659274,21.297,-0.0109698,0.0263063,-4.99792,0,0,-5,-0.0109698,0.0263063,0.0020752,0.0285774,0.0212997,-0.0301971,-0.00213292,0,0,0
1780599440683274,21.321,-0.00998613,0.0266116,-4.99796,0,0,-5,-0.00998613,0.0266116,0.00204468,0.028497,0.0211104,-0.0298394,-0.0019474,0,0,0
1780599440699274,21.337,-0.00934691,0.0267794,-4.99802,0,0,-5,-0.00934691,0.0267794,0.00198364,0.028433,0.0204579,-0.0293739,-0.00127766,0,0,0
1780599440723274,21.361,-0.00839453,0.0269697,-4.99805,0,0,-5,-0.00839453,0.0269697,0.00195312,0.0283134,0.0211225,-0.0293555,-0.00101257,0,0,0
1780599440739274,21.377,-0.00775763,0.0270519,-4.99805,0,0,-5,-0.00775763,0.0270519,0.00195312,0.0282099,0.0218534,-0.0293483,-0.000104451,0,0,0
1780599440763274,21.401,-0.0068188,0.0271135,-4.99808,0,0,-5,-0.0068188,0.0271135,0.00192261,0.0280238,0.0212493,-0.0285318,0.00013219,0,0,0
1780599440779274,21.417,-0.00620374,0.0271369,-4.99811,0,0,-5,-0.00620374,0.0271369,0.00189209,0.0279012,0.0212024,-0.0281013,-0.000750932,0,0,0
1780599440803274,21.441,-0.00530755,0.0271339,-4.99817,0,0,-5,-0.00530755,0.0271339,0.00183105,0.0277087,0.021004,-0.0282157,-0.00161702,0,0,0
1780599440819274,21.457,-0.00472336,0.0270881,-4.9982,0,0,-5,-0.00472336,0.0270881,0.00180054,0.0275557,0.0210741,-0.0285524,-0.00189507,0,0,0
1780599440843274,21.481,-0.00385437,0.0269746,-4.99832,0,0,-5,-0.00385437,0.0269746,0.00167847,0.0273002,0.0208607,-0.0289137,-0.00385386,0,0,0
1780599440859274,21.497,-0.00329382,0.0268626,-4.99844,0,0,-5,-0.00329382,0.0268626,0.0015564,0.0271085,0.0200324,-0.0285638,-0.0037738,0,0,0
1780599440883274,21.521,-0.00245239,0.0266713,-4.9986,0,0,-5,-0.00245239,0.0266713,0.00140381,0.0268205,0.0214022,-0.0280149,-0.00501363,0,0,0
1780599440899274,21.537,-0.00188299,0.0265165,-4.99872,0,0,-5,-0.00188299,0.0265165,0.00128174,0.0266142,0.0218714,-0.0279097,-0.00512784,0,0,0
1780599440923274,21.561,-0.00104397,0.0262629,-4.99887,0,0,-5,-0.00104397,0.0262629,0.00112915,0.0263079,0.0208994,-0.0281481,-0.00330663,0,0,0
1780599440939274,21.577,-0.000487219,0.0260722,-4.99893,0,0,-5,-0.000487219,0.0260722,0.00106812,0.0260986,0.0207355,-0.0280091,-0.00312821,0,0,0
1780599440963274,21.601,0.000371038,0.0257505,-4.99905,0,0,-5,0.000371038,0.0257505,0.000946045,0.0257706,0.0227269,-0.0285783,-0.00378825,0,0,0
1780599440979274,21.617,0.000941943,0.0254969,-4.99915,0,0,-5,0.000941943,0.0254969,0.000854492,0.0255286,0.0218424,-0.0296771,-0.00463651,0,0,0
1780599441003274,21.641,0.00232453,0.0260475,-4.99936,0,0,-5,0.00232453,0.0260475,0.000640869,0.0261589,0.0201168,-0.0307367,-0.00421865,0,0,0
1780599441019274,21.657,0.00320322,0.0263549,-4.99951,0,0,-5,0.00320322,0.0263549,0.000488281,0.0265534,0.0194586,-0.029814,-0.00434373,0,0,0
1780599441043274,21.681,0.00446978,0.0267457,-4.99969,0,0,-5,0.00446978,0.0267457,0.000305176,0.0271183,0.0186449,-0.028708,-0.00301438,0,0,0
1780599441059274,21.697,0.00527898,0.0269661,-4.99982,0,0,-5,0.00527898,0.0269661,0.000183105,0.0274786,0.0186658,-0.0295037,-0.00243178,0,0,0
1780599441083274,21.721,0.00645312,0.0272268,-5,0,0,-5,0.00645312,0.0272268,0,0.0279811,0.0180583,-0.0292846,-0.00228093,0,0,0
1780599441099274,21.737,0.00721103,0.0273516,-5.00009,0,0,-5,0.00721103,0.0273516,-9.15527e-05,0.0282863,0.0181339,-0.0292569,-0.00228487,0,0,0
1780599441123274,21.761,0.00832709,0.0274687,-5.00024,0,0,-5,0.00832709,0.0274687,-0.000244141,0.0287042,0.0186839,-0.0301625,-0.00162697,0,0,0
1780599441139274,21.777,0.00905078,0.0275167,-5.00034,0,0,-5,0.00905078,0.0275167,-0.000335693,0.0289689,0.0189761,-0.0288455,-0.00163145,0,0,0
1780599441163274,21.801,0.0101268,0.0275223,-5.00052,0,0,-5,0.0101268,0.0275223,-0.000518799,0.0293309,0.0172302,-0.0297346,-0.00249287,0,0,0
1780599441179274,21.817,0.0107969,0.0274756,-5.00061,0,0,-5,0.0107969,0.0274756,-0.000610352,0.0295271,0.0165256,-0.031465,-0.00179377,0,0,0
1780599441203274,21.841,0.0117286,0.0273318,-5.00076,0,0,-5,0.0117286,0.0273318,-0.000762939,0.0297518,0.0130887,-0.031412,-0.0030505,0,0,0
1780599441219274,21.857,0.012308,0.0272028,-5.00085,0,0,-5,0.012308,0.0272028,-0.000854492,0.0298699,0.0133894,-0.0319678,-0.00224839,0,0,0
1780599441243274,21.881,0.0131583,0.0269433,-5.00101,0,0,-5,0.0131583,0.0269433,-0.00100708,0.0300016,0.0128159,-0.0322694,-0.00238014,0,0,0
1780599441259346,21.897,0.0136994,0.0267436,-5.0011,0,0,-5,0.0136994,0.0267436,-0.00109863,0.0300682,0.0120582,-0.0327332,-0.00268653,0,0,0
1780599441283346,21.921,0.0144666,0.0263899,-5.00122,0,0,-5,0.0144666,0.0263899,-0.0012207,0.0301198,0.0110477,-0.0333437,-0.0020114,0,0,0
1780599441299346,21.937,0.0149558,0.0261153,-5.00128,0,0,-5,0.0149558,0.0261153,-0.00128174,0.0301218,0.0102766,-0.0344998,-0.00253626,0,0,0
1780599441323346,21.961,0.0156432,0.0256616,-5.00137,0,0,-5,0.0156432,0.0256616,-0.00137329,0.0300851,0.00939506,-0.0332164,-0.00405126,0,0,0
1780599441339346,21.977,0.0160811,0.0253448,-5.00146,0,0,-5,0.0160811,0.0253448,-0.00146484,0.0300517,0.00931065,-0.0341169,-0.00375403,0,0,0
1780599441363346,22.001,0.0167039,0.024815,-5.00156,0,0,-5,0.0167039,0.024815,-0.0015564,0.0299538,0.00700644,-0.0352273,-0.00374102,0,0,0
1780599441379346,22.017,0.0170939,0.0244235,-5.00162,0,0,-5,0.0170939,0.0244235,-0.00161743,0.0298551,0.00817659,-0.0353459,-0.00163142,0,0,0
1780599441403346,22.041,0.0187855,0.0248689,-5.0014,0,0,-5,0.0187855,0.0248689,-0.00140381,0.0311982,0.00844039,-0.0343937,-0.000416964,0,0,0
1780599441419346,22.057,0.0198599,0.0251129,-5.00125,0,0,-5,0.0198599,0.0251129,-0.00125122,0.0320412,0.00765559,-0.0341538,0.000135013,0,0,0
1780599441443346,22.081,0.0213813,0.0254011,-5.00098,0,0,-5,0.0213813,0.0254011,-0.000976562,0.0332164,0.00771318,-0.0340525,0.00157348,0,0,0
1780599441459346,22.097,0.0223546,0.0255462,-5.00079,0,0,-5,0.0223546,0.0255462,-0.000793457,0.0339553,0.0074288,-0.0339128,0.00190464,0,0,0
1780599441483346,22.121,0.0237302,0.0256853,-5.00055,0,0,-5,0.0237302,0.0256853,-0.000549316,0.0349736,0.00703891,-0.0344065,0.00118244,0,0,0
1780599441499346,22.137,0.0245971,0.0257344,-5.00043,0,0,-5,0.0245971,0.0257344,-0.000427246,0.0356014,0.00607192,-0.0346104,0.000433103,0,0,0
1780599441523346,22.161,0.0258352,0.0257399,-5.00027,0,0,-5,0.0258352,0.0257399,-0.000274658,0.0364702,0.00652918,-0.0336946,0.00148029,0,0,0
1780599441539346,22.177,0.0266244,0.0257254,-5.00018,0,0,-5,0.0266244,0.0257254,-0.000183105,0.0370228,0.00608434,-0.0331223,0.00191196,0,0,0
1780599441563346,22.201,0.0277369,0.0256494,-5,0,0,-5,0.0277369,0.0256494,0,0.0377787,0.00578078,-0.0324821,0.00247349,0,0,0
1780599441579346,22.217,0.0284469,0.0255812,-4.99988,0,0,-5,0.0284469,0.0255812,0.00012207,0.0382575,0.00568962,-0.0318993,0.0036695,0,0,0
1780599441603346,22.241,0.0294469,0.0254268,-4.99969,0,0,-5,0.0294469,0.0254268,0.000305176,0.0389067,0.00452818,-0.0325832,0.00469504,0,0,0
1780599441619346,22.257,0.0300761,0.0252902,-4.99954,0,0,-5,0.0300761,0.0252902,0.000457764,0.0392985,0.0047602,-0.0323662,0.00516365,0,0,0
1780599441643346,22.281,0.0309937,0.0250298,-4.99936,0,0,-5,0.0309937,0.0250298,0.000640869,0.0398436,0.00466282,-0.0327821,0.00519664,0,0,0
1780599441659346,22.297,0.0315683,0.024817,-4.99927,0,0,-5,0.0315683,0.024817,0.000732422,0.0401619,0.00370225,-0.0329921,0.00384197,0,0,0
1780599441675346,22.313,0.0321112,0.0245871,-4.99918,0,0,-5,0.0321112,0.0245871,0.000823975,0.0404516,0.00254883,-0.0326597,0.0046889,0,0,0
1780599441699346,22.337,0.0328413,0.0242096,-4.99902,0,0,-5,0.0328413,0.0242096,0.000976562,0.0408119,0.00120521,-0.0325917,0.00322301,0,0,0
1780599441723346,22.361,0.0335417,0.0237634,-4.99884,0,0,-5,0.0335417,0.0237634,0.00115967,0.0411229,0.00161319,-0.0340742,0.00271633,0,0,0
1780599441739346,22.377,0.0339879,0.0234439,-4.99872,0,0,-5,0.0339879,0.0234439,0.00128174,0.041309,0.00170293,-0.0337119,0.00207241,0,0,0
1780599441763346,22.401,0.0346097,0.0229266,-4.9986,0,0,-5,0.0346097,0.0229266,0.00140381,0.0415384,0.000256963,-0.0342742,0.00083612,0,0,0
1780599441779346,22.417,0.0349977,0.0225467,-4.9985,0,0,-5,0.0349977,0.0225467,0.00149536,0.0416584,-0.00031681,-0.0351961,0.000647275,0,0,0
1780599441803346,22.441,0.0363447,0.0224474,-4.99893,0,0,-5,0.0363447,0.0224474,0.00106812,0.0427313,-0.00218037,-0.0355865,-8.25048e-05,0,0,0
1780599441819346,22.457,0.0371707,0.0223491,-4.99921,0,0,-5,0.0371707,0.0223491,0.000793457,0.0433795,-0.00261395,-0.0347646,-0.000512718,0,0,0
1780599441843346,22.481,0.0383333,0.0221552,-4.9996,0,0,-5,0.0383333,0.0221552,0.000396729,0.044277,-0.00259639,-0.0344808,-0.000371161,0,0,0
1780599441859346,22.497,0.0390798,0.0219998,-4.99988,0,0,-5,0.0390798,0.0219998,0.00012207,0.0448468,-0.00134016,-0.033897,-0.00039994,0,0,0
1780599441883346,22.521,0.0401561,0.021764,-5.00024,0,0,-5,0.0401561,0.021764,-0.000244141,0.0456754,-0.00109097,-0.0316367,-0.00105741,0,0,0
1780599441899346,22.537,0.0408325,0.0215942,-5.00052,0,0,-5,0.0408325,0.0215942,-0.000518799,0.0461938,-0.00119348,-0.0318202,-0.0016873,0,0,0
1780599441923346,22.561,0.0417722,0.021275,-5.00085,0,0,-5,0.0417722,0.021275,-0.000854492,0.0468858,-0.00260864,-0.0327213,-0.00219464,0,0,0
1780599441939346,22.577,0.0423402,0.0210296,-5.00107,0,0,-5,0.0423402,0.0210296,-0.00106812,0.0472872,-0.00459014,-0.0328249,-0.00269976,0,0,0
1780599441963346,22.601,0.043091,0.020624,-5.0014,0,0,-5,0.043091,0.020624,-0.00140381,0.0477929,-0.00661061,-0.0325221,-0.00282446,0,0,0
1780599441979346,22.617,0.0435346,0.0203225,-5.00162,0,0,-5,0.0435346,0.0203225,-0.00161743,0.0480717,-0.00826957,-0.0339625,-0.00436932,0,0,0
1780599442003346,22.641,0.0441181,0.0198223,-5.00192,0,0,-5,0.0441181,0.0198223,-0.00192261,0.0484048,-0.00970225,-0.033773,-0.00389443,0,0,0
1780599442019346,22.657,0.04446,0.0194732,-5.00211,0,0,-5,0.04446,0.0194732,-0.00210571,0.0485832,-0.0110111,-0.0331151,-0.00301637,0,0,0
1780599442035346,22.673,0.0447695,0.0191325,-5.00223,0,0,-5,0.0447695,0.0191325,-0.00222778,0.0487373,-0.0113052,-0.0315806,-0.00144609,0,0,0
1780599442059346,22.697,0.0451689,0.0186109,-5.00241,0,0,-5,0.0451689,0.0186109,-0.00241089,0.0489122,-0.0127303,-0.0317608,0.000150241,0,0,0
1780599442083346,22.721,0.0454906,0.018053,-5.00256,0,0,-5,0.0454906,0.018053,-0.00256348,0.0490089,-0.0150207,-0.0314046,-0.000646678,0,0,0
1780599442099346,22.737,0.0456474,0.0176599,-5.00269,0,0,-5,0.0456474,0.0176599,-0.00268555,0.049018,-0.0167325,-0.0311501,-0.000820662,0,0,0
1780599442123346,22.761,0.0457711,0.0170803,-5.00284,0,0,-5,0.0457711,0.0170803,-0.00283813,0.0489365,-0.0208051,-0.0296276,-0.000427009,0,0,0
1780599442139346,22.777,0.045812,0.0166939,-5.00293,0,0,-5,0.045812,0.0166939,-0.00292969,0.0488468,-0.0208844,-0.0290834,-0.00050101,0,0,0
1780599442163346,22.801,0.0458216,0.0161248,-5.00302,0,0,-5,0.0458216,0.0161248,-0.00302124,0.0486699,-0.0225437,-0.0280744,0.000257744,0,0,0
1780599442179346,22.817,0.0457959,0.0157436,-5.00308,0,0,-5,0.0457959,0.0157436,-0.00308228,0.0485245,-0.0229176,-0.0272136,0.00126712,0,0,0
1780599442203346,22.841,0.0471399,0.0168513,-5.00296,0,0,-5,0.0471399,0.0168513,-0.00296021,0.0501487,-0.0220093,-0.0273327,0.00325619,0,0,0
1780599442219346,22.857,0.0479604,0.0175033,-5.00287,0,0,-5,0.0479604,0.0175033,-0.00286865,0.051135,-0.0225839,-0.0267834,0.00527971,0,0,0
1780599442243346,22.881,0.0490929,0.0184135,-5.00272,0,0,-5,0.0490929,0.0184135,-0.00271606,0.0525028,-0.0214818,-0.0243293,0.00687214,0,0,0
1780599442259346,22.897,0.0498068,0.018966,-5.00256,0,0,-5,0.0498068,0.018966,-0.00256348,0.0533573,-0.0200443,-0.024739,0.00797546,0,0,0
1780599442283416,22.9211,0.0508069,0.0197072,-5.00235,0,0,-5,0.0508069,0.0197072,-0.00234985,0.0545457,-0.0201431,-0.0237934,0.00632079,0,0,0
1780599442299416,22.9371,0.0514201,0.0201631,-5.0022,0,0,-5,0.0514201,0.0201631,-0.00219727,0.0552757,-0.0197191,-0.0228732,0.00617403,0,0,0
1780599442323416,22.9611,0.0522553,0.0207892,-5.00201,0,0,-5,0.0522553,0.0207892,-0.00201416,0.0562749,-0.0206325,-0.0212587,0.00561438,0,0,0
1780599442339416,22.9771,0.0527604,0.0211748,-5.00189,0,0,-5,0.0527604,0.0211748,-0.00189209,0.0568824,-0.0203299,-0.0209402,0.00449047,0,0,0
1780599442363416,23.0011,0.0534265,0.021704,-5.00186,0,0,-5,0.0534265,0.021704,-0.00186157,0.0576968,-0.0221592,-0.0203544,0.00559763,0,0,0
1780599442379416,23.0171,0.0538097,0.0220133,-5.0018,0,0,-5,0.0538097,0.0220133,-0.00180054,0.0581662,-0.0220324,-0.020126,0.00573469,0,0,0
1780599442403416,23.0411,0.0543357,0.0224344,-5.00171,0,0,-5,0.0543357,0.0224344,-0.00170898,0.0588098,-0.0212286,-0.019403,0.00668483,0,0,0
1780599442419416,23.0571,0.0546556,0.0226688,-5.00165,0,0,-5,0.0546556,0.0226688,-0.00164795,0.0591931,-0.0216055,-0.0194849,0.00654463,0,0,0
1780599442443416,23.0811,0.0550701,0.0229659,-5.0015,0,0,-5,0.0550701,0.0229659,-0.00149536,0.0596857,-0.0228863,-0.0200645,0.00642386,0,0,0
1780599442459416,23.0971,0.0552928,0.0231209,-5.00143,0,0,-5,0.0552928,0.0231209,-0.00143433,0.0599493,-0.0225561,-0.0195833,0.00585963,0,0,0
1780599442483416,23.1211,0.0555838,0.0233085,-5.00125,0,0,-5,0.0555838,0.0233085,-0.00125122,0.0602861,-0.0236352,-0.0197722,0.00639482,0,0,0
1780599442499416,23.1371,0.0557262,0.0234032,-5.00113,0,0,-5,0.0557262,0.0234032,-0.00112915,0.0604516,-0.024807,-0.0197916,0.00604219,0,0,0
1780599442523416,23.1611,0.0558728,0.0235083,-5.00095,0,0,-5,0.0558728,0.0235083,-0.000946045,0.0606243,-0.0254363,-0.020196,0.00520134,0,0,0
1780599442539416,23.1771,0.0559457,0.0235414,-5.00082,0,0,-5,0.0559457,0.0235414,-0.000823975,0.0607025,-0.0248129,-0.0200064,0.0054403,0,0,0
1780599442563416,23.2011,0.0560204,0.023579,-5.00067,0,0,-5,0.0560204,0.023579,-0.000671387,0.0607841,-0.0253035,-0.0184278,0.00458958,0,0,0
1780599442579416,23.2171,0.0560268,0.0235833,-5.00055,0,0,-5,0.0560268,0.0235833,-0.000549316,0.0607905,-0.0264498,-0.0180018,0.00457229,0,0,0
1780599442595416,23.2331,0.0565934,0.0242008,-5.00043,0,0,-5,0.0565934,0.0242008,-0.000427246,0.0615522,-0.0268944,-0.0175103,0.00519612,0,0,0
1780599442619416,23.2571,0.0573442,0.025037,-5.00021,0,0,-5,0.0573442,0.025037,-0.000213623,0.062572,-0.0278508,-0.0177406,0.00364087,0,0,0
1780599442643416,23.2811,0.0579681,0.0257784,-5.00003,0,0,-5,0.0579681,0.0257784,-3.05176e-05,0.0634415,-0.0284567,-0.0173339,0.00226093,0,0,0
1780599442659416,23.2971,0.0583139,0.0262197,-4.99994,0,0,-5,0.0583139,0.0262197,6.10352e-05,0.0639374,-0.0298587,-0.0176741,0.00257941,0,0,0
1780599442683416,23.3211,0.0587211,0.0268108,-4.99982,0,0,-5,0.0587211,0.0268108,0.000183105,0.0645525,-0.0305859,-0.0179237,0.000978279,0,0,0
1780599442699416,23.3371,0.0589505,0.0271425,-4.99979,0,0,-5,0.0589505,0.0271425,0.000213623,0.0648994,-0.0305662,-0.0192022,0.000457466,0,0,0
1780599442723416,23.3611,0.0592325,0.0275389,-4.99973,0,0,-5,0.0592325,0.0275389,0.000274658,0.0653219,-0.030413,-0.0200623,-0.000421083,0,0,0
1780599442739416,23.3771,0.0593747,0.0277625,-4.99969,0,0,-5,0.0593747,0.0277625,0.000305176,0.0655455,-0.031329,-0.0191291,-4.83483e-05,0,0,0
1780599442763416,23.4011,0.0595133,0.0280544,-4.99963,0,0,-5,0.0595133,0.0280544,0.000366211,0.0657953,-0.0316494,-0.0191123,-0.000553411,0,0,0
1780599442779416,23.4171,0.0595813,0.0282147,-4.9996,0,0,-5,0.0595813,0.0282147,0.000396729,0.0659254,-0.031025,-0.0178995,-0.00160306,0,0,0
1780599442803416,23.4411,0.0596209,0.0283949,-4.99957,0,0,-5,0.0596209,0.0283949,0.000427246,0.0660386,-0.0337326,-0.0190897,-0.000229754,0,0,0
1780599442819416,23.4571,0.0595771,0.0284738,-4.99954,0,0,-5,0.0595771,0.0284738,0.000457764,0.0660333,-0.0346338,-0.0195439,-1.04614e-05,0,0,0
1780599442843416,23.4811,0.0594453,0.0285493,-4.99951,0,0,-5,0.0594453,0.0285493,0.000488281,0.0659473,-0.035664,-0.0187025,-0.000658224,0,0,0
1780599442859416,23.4971,0.0593325,0.0285801,-4.99948,0,0,-5,0.0593325,0.0285801,0.000518799,0.0658592,-0.035745,-0.0182322,0.000334735,0,0,0
1780599442883416,23.5211,0.0590843,0.0285804,-4.99939,0,0,-5,0.0590843,0.0285804,0.000610352,0.0656367,-0.0375173,-0.0187551,0.000637668,0,0,0
1780599442899416,23.5371,0.0588806,0.0285502,-4.99936,0,0,-5,0.0588806,0.0285502,0.000640869,0.0654404,-0.0376783,-0.0192028,0.00134375,0,0,0
1780599442923416,23.5611,0.058538,0.0284396,-4.99927,0,0,-5,0.058538,0.0284396,0.000732422,0.0650849,-0.0388182,-0.0206331,0.00118006,0,0,0
1780599442939416,23.5771,0.0582808,0.0283324,-4.99921,0,0,-5,0.0582808,0.0283324,0.000793457,0.0648075,-0.0377774,-0.0215355,0.00025018,0,0,0
1780599442963416,23.6011,0.0578759,0.0281241,-4.99915,0,0,-5,0.0578759,0.0281241,0.000854492,0.0643531,-0.0374746,-0.0215389,0.000523689,0,0,0
1780599442979416,23.6171,0.0575818,0.027963,-4.99908,0,0,-5,0.0575818,0.027963,0.000915527,0.064019,-0.0381266,-0.022035,-0.000294721,0,0,0
1780599443003416,23.6411,0.0582174,0.0283099,-4.99872,0,0,-5,0.0582174,0.0283099,0.00128174,0.0647484,-0.0385456,-0.0239863,-0.000734591,0,0,0
1780599443019416,23.6571,0.0585757,0.0284764,-4.9985,0,0,-5,0.0585757,0.0284764,0.00149536,0.0651479,-0.0378241,-0.0244582,-0.000185332,0,0,0
1780599443043416,23.6811,0.0590296,0.0286496,-4.99817,0,0,-5,0.0590296,0.0286496,0.00183105,0.0656403,-0.0382212,-0.0259191,-0.000280393,0,0,0
1780599443059416,23.6971,0.0592806,0.0287021,-4.99792,0,0,-5,0.0592806,0.0287021,0.0020752,0.0658962,-0.0371041,-0.0268482,0.000162252,0,0,0
1780599443083416,23.7211,0.0595919,0.0287296,-4.99756,0,0,-5,0.0595919,0.0287296,0.00244141,0.0662008,-0.037281,-0.0256131,0.00178328,0,0,0
1780599443099416,23.7371,0.0597394,0.0287382,-4.99731,0,0,-5,0.0597394,0.0287382,0.00268555,0.0663467,-0.0379307,-0.0249348,0.00122062,0,0,0
1780599443123416,23.7611,0.059857,0.028683,-4.99695,0,0,-5,0.059857,0.028683,0.00305176,0.0664446,-0.0392933,-0.0268268,0.00202767,0,0,0
1780599443139416,23.7771,0.0598852,0.0286008,-4.9967,0,0,-5,0.0598852,0.0286008,0.0032959,0.0664462,-0.0397628,-0.0263696,0.00187376,0,0,0
1780599443163416,23.8011,0.0598505,0.0284283,-4.9964,0,0,-5,0.0598505,0.0284283,0.00360107,0.0663567,-0.0399286,-0.0278895,0.000822215,0,0,0
1780599443179416,23.8171,0.0597888,0.0282735,-4.99615,0,0,-5,0.0597888,0.0282735,0.00384521,0.0662486,-0.0401969,-0.0279233,0.000888962,0,0,0
1780599443203416,23.8411,0.0596459,0.0280095,-4.99582,0,0,-5,0.0596459,0.0280095,0.00418091,0.0660276,-0.039752,-0.0282885,0.00242667,0,0,0
1780599443219416,23.8571,0.059513,0.0278025,-4.99561,0,0,-5,0.059513,0.0278025,0.00439453,0.0658338,-0.0394194,-0.0289869,0.00251141,0,0,0
1780599443243416,23.8811,0.0592665,0.027448,-4.99524,0,0,-5,0.0592665,0.027448,0.00476074,0.0654872,-0.0401172,-0.0289066,0.00267795,0,0,0
1780599443259416,23.8971,0.0590606,0.0271896,-4.99496,0,0,-5,0.0590606,0.0271896,0.0050354,0.0652134,-0.0404108,-0.0287211,0.00244637,0,0,0
1780599443283489,23.9212,0.0587433,0.0267976,-4.9946,0,0,-5,0.0587433,0.0267976,0.00540161,0.0647925,-0.0387232,-0.0282463,0.00238297,0,0,0
1780599443299489,23.9372,0.0585238,0.0265244,-4.99438,0,0,-5,0.0585238,0.0265244,0.00561523,0.0644989,-0.0369574,-0.0274467,-0.000250371,0,0,0
1780599443323489,23.9612,0.0581917,0.0261231,-4.99408,0,0,-5,0.0581917,0.0261231,0.00592041,0.0640605,-0.0369584,-0.0265374,-0.000459243,0,0,0
1780599443339489,23.9772,0.0579408,0.0258345,-4.99393,0,0,-5,0.0579408,0.0258345,0.006073,0.0637294,-0.0375572,-0.0265522,-0.00216328,0,0,0
1780599443363489,24.0012,0.0574945,0.0253711,-4.99371,0,0,-5,0.0574945,0.0253711,0.00628662,0.0631572,-0.0390541,-0.0276471,-0.00284028,0,0,0
1780599443379489,24.0172,0.0571643,0.0250367,-4.99362,0,0,-5,0.0571643,0.0250367,0.00637817,0.0627318,-0.0394891,-0.0277542,-0.00426711,0,0,0
1780599443403489,24.0412,0.0581584,0.0253879,-4.99323,0,0,-5,0.0581584,0.0253879,0.0067749,0.0638188,-0.0402359,-0.028002,-0.00449459,0,0,0
1780599443419489,24.0572,0.0587455,0.0255632,-4.99298,0,0,-5,0.0587455,0.0255632,0.00701904,0.0644499,-0.0402057,-0.0298787,-0.00547563,0,0,0
1780599443435489,24.0732,0.0592657,0.0256851,-4.99277,0,0,-5,0.0592657,0.0256851,0.00723267,0.0649958,-0.0405252,-0.0295955,-0.00567357,0,0,0
1780599443459489,24.0972,0.0599219,0.0258259,-4.99249,0,0,-5,0.0599219,0.0258259,0.00750732,0.0656808,-0.0414573,-0.0281169,-0.00718156,0,0,0
1780599443475489,24.1132,0.0602743,0.0259011,-4.99228,0,0,-5,0.0602743,0.0259011,0.00772095,0.0660566,-0.0420086,-0.0274882,-0.00678914,0,0,0
1780599443499489,24.1372,0.0606891,0.0259605,-4.992,0,0,-5,0.0606891,0.0259605,0.00799561,0.066491,-0.0434381,-0.0261801,-0.0072735,0,0,0
1780599443523489,24.1612,0.0609352,0.025978,-4.99179,0,0,-5,0.0609352,0.025978,0.00820923,0.0667484,-0.0460389,-0.0264164,-0.00731005,0,0,0
1780599443539489,24.1772,0.0610244,0.0259465,-4.99167,0,0,-5,0.0610244,0.0259465,0.0083313,0.0668327,-0.0463697,-0.0273095,-0.00696229,0,0,0
1780599443563489,24.2012,0.061091,0.0258411,-4.99149,0,0,-5,0.061091,0.0258411,0.0085144,0.0668757,-0.0465833,-0.0268316,-0.00729981,0,0,0
1780599443579489,24.2172,0.0610689,0.0257473,-4.99139,0,0,-5,0.0610689,0.0257473,0.00860596,0.0668311,-0.0474222,-0.0276439,-0.0075563,0,0,0
1780599443603489,24.2412,0.0609657,0.0255452,-4.9913,0,0,-5,0.0609657,0.0255452,0.00869751,0.066671,-0.047245,-0.0282001,-0.00740109,0,0,0
1780599443619489,24.2572,0.0608513,0.0253764,-4.99124,0,0,-5,0.0608513,0.0253764,0.00875854,0.0665098,-0.0474778,-0.0290668,-0.00749141,0,0,0
1780599443643489,24.2812,0.0606239,0.0250527,-4.99121,0,0,-5,0.0606239,0.0250527,0.00878906,0.0661827,-0.0470185,-0.0299697,-0.0077066,0,0,0
1780599443659489,24.2972,0.0604366,0.0248032,-4.99118,0,0,-5,0.0604366,0.0248032,0.00881958,0.0659209,-0.0471384,-0.0310891,-0.0080978,0,0,0
1780599443683489,24.3212,0.0600844,0.0243737,-4.99118,0,0,-5,0.0600844,0.0243737,0.00881958,0.065437,-0.0471962,-0.0310413,-0.00864673,0,0,0
1780599443699489,24.3372,0.05983,0.0240755,-4.99118,0,0,-5,0.05983,0.0240755,0.00881958,0.0650926,-0.0475256,-0.031202,-0.00863267,0,0,0
1780599443723489,24.3612,0.0593777,0.0235888,-4.99118,0,0,-5,0.0593777,0.0235888,0.00881958,0.0644975,-0.0487138,-0.0312901,-0.00831183,0,0,0
1780599443739489,24.3772,0.0590425,0.02325,-4.99118,0,0,-5,0.0590425,0.02325,0.00881958,0.0640653,-0.0480543,-0.0304986,-0.00808946,0,0,0
1780599443763489,24.4012,0.0585059,0.0227319,-4.99115,0,0,-5,0.0585059,0.0227319,0.0088501,0.0633878,-0.0479081,-0.0306113,-0.00614974,0,0,0
1780599443779489,24.4172,0.0581481,0.0223632,-4.99112,0,0,-5,0.0581481,0.0223632,0.00888062,0.0629299,-0.0476291,-0.0308604,-0.0052623,0,0,0
1780599443803489,24.4412,0.0590646,0.022181,-4.99084,0,0,-5,0.0590646,0.022181,0.00915527,0.063753,-0.0493181,-0.0303401,-0.00456855,0,0,0
1780599443819489,24.4572,0.0595788,0.0220432,-4.99066,0,0,-5,0.0595788,0.0220432,0.00933838,0.0642086,-0.0488495,-0.0299232,-0.00394524,0,0,0
1780599443843489,24.4812,0.0602401,0.0217993,-4.99039,0,0,-5,0.0602401,0.0217993,0.00961304,0.0647803,-0.0482485,-0.0298383,-0.00349763,0,0,0
1780599443859489,24.4972,0.0606063,0.0216203,-4.9902,0,0,-5,0.0606063,0.0216203,0.00979614,0.0650886,-0.0490236,-0.0290724,-0.0036846,0,0,0
1780599443883489,24.5212,0.0610327,0.0213115,-4.99002,0,0,-5,0.0610327,0.0213115,0.00997925,0.0654121,-0.0487331,-0.0290221,-0.00513521,0,0,0
1780599443899489,24.5372,0.0612609,0.0211025,-4.98993,0,0,-5,0.0612609,0.0211025,0.0100708,0.0655716,-0.0484137,-0.0278942,-0.00580888,0,0,0
1780599443923489,24.5612,0.061528,0.0207472,-4.98981,0,0,-5,0.061528,0.0207472,0.0101929,0.065727,-0.0483871,-0.0284279,-0.00667857,0,0,0
1780599443939489,24.5772,0.0616397,0.0204833,-4.98975,0,0,-5,0.0616397,0.0204833,0.0102539,0.0657584,-0.0488108,-0.0292112,-0.00758312,0,0,0
1780599443963489,24.6012,0.0617076,0.0200483,-4.98969,0,0,-5,0.0617076,0.0200483,0.0103149,0.0656975,-0.0490642,-0.028985,-0.00869748,0,0,0
1780599443979489,24.6172,0.0617156,0.0197461,-4.98962,0,0,-5,0.0617156,0.0197461,0.010376,0.0656231,-0.047712,-0.0292172,-0.00889407,0,0,0
1780599443995489,24.6332,0.0617023,0.019418,-4.98959,0,0,-5,0.0617023,0.019418,0.0104065,0.0655174,-0.0474669,-0.0299207,-0.00931066,0,0,0
1780599444019489,24.6572,0.0616232,0.0188954,-4.98956,0,0,-5,0.0616232,0.0188954,0.010437,0.0652946,-0.0466817,-0.0299271,-0.00948067,0,0,0
1780599444043489,24.6812,0.061473,0.0183555,-4.98962,0,0,-5,0.061473,0.0183555,0.010376,0.0649886,-0.0464076,-0.0290404,-0.0102826,0,0,0
1780599444059489,24.6972,0.0613546,0.0179742,-4.98965,0,0,-5,0.0613546,0.0179742,0.0103455,0.0647649,-0.0461017,-0.0284861,-0.0101855,0,0,0
1780599444083489,24.7212,0.0611218,0.0173949,-4.98978,0,0,-5,0.0611218,0.0173949,0.0102234,0.0643659,-0.0464163,-0.0277203,-0.0107009,0,0,0
1780599444099489,24.7372,0.0609171,0.0169979,-4.98984,0,0,-5,0.0609171,0.0169979,0.0101624,0.0640555,-0.047375,-0.0290727,-0.00999834,0,0,0
1780599444123489,24.7612,0.0605378,0.0163564,-4.98993,0,0,-5,0.0605378,0.0163564,0.0100708,0.063512,-0.0477439,-0.0301351,-0.010345,0,0,0
1780599444139489,24.7772,0.0602519,0.015906,-4.99002,0,0,-5,0.0602519,0.015906,0.00997925,0.06311,-0.0468881,-0.0301955,-0.0118122,0,0,0
1780599444163489,24.8012,0.0597569,0.015203,-4.99014,0,0,-5,0.0597569,0.015203,0.00985718,0.0624435,-0.0486769,-0.0305175,-0.0114658,0,0,0
1780599444179489,24.8172,0.0593758,0.0147286,-4.99023,0,0,-5,0.0593758,0.0147286,0.00976562,0.0619499,-0.0497787,-0.0303222,-0.0123721,0,0,0
1780599444203489,24.8412,0.0602562,0.0141202,-4.9899,0,0,-5,0.0602562,0.0141202,0.0101013,0.0627075,-0.050583,-0.0274203,-0.011963,0,0,0
1780599444219489,24.8572,0.0607404,0.0137297,-4.98965,0,0,-5,0.0607404,0.0137297,0.0103455,0.0631263,-0.0513412,-0.0266268,-0.0119387,0,0,0
1780599444243489,24.8812,0.0613345,0.0131497,-4.98938,0,0,-5,0.0613345,0.0131497,0.0106201,0.0636209,-0.050504,-0.0264036,-0.0125705,0,0,0
1780599444259489,24.8972,0.061663,0.0127554,-4.98923,0,0,-5,0.061663,0.0127554,0.0107727,0.0638833,-0.0508308,-0.0261826,-0.011722,0,0,0
1780599444283489,24.9212,0.0620242,0.0121553,-4.98907,0,0,-5,0.0620242,0.0121553,0.0109253,0.0641414,-0.0516358,-0.0256756,-0.0122188,0,0,0
1780599444299562,24.9372,0.0621868,0.0117609,-4.98898,0,0,-5,0.0621868,0.0117609,0.0110168,0.0642409,-0.053014,-0.0249201,-0.013165,0,0,0
1780599444323562,24.9612,0.0623323,0.0111583,-4.98886,0,0,-5,0.0623323,0.0111583,0.0111389,0.0642954,-0.0517051,-0.0254344,-0.0124576,0,0,0
1780599444339562,24.9772,0.0623765,0.0107461,-4.9888,0,0,-5,0.0623765,0.0107461,0.0112,0.0642787,-0.0515184,-0.0249892,-0.0135394,0,0,0
1780599444363562,25.0012,0.0623788,0.0101367,-4.98871,0,0,-5,0.0623788,0.0101367,0.0112915,0.0641978,-0.0502586,-0.0247507,-0.0128186,0,0,0
1780599444379562,25.0172,0.0623333,0.00972303,-4.98862,0,0,-5,0.0623333,0.00972303,0.0113831,0.0641058,-0.0506974,-0.024511,-0.0130645,0,0,0
1780599444403562,25.0412,0.0621758,0.00909678,-4.98853,0,0,-5,0.0621758,0.00909678,0.0114746,0.0638768,-0.0510039,-0.0245428,-0.0118937,0,0,0
1780599444419562,25.0572,0.0620187,0.00866168,-4.98846,0,0,-5,0.0620187,0.00866168,0.0115356,0.0636742,-0.0514585,-0.025819,-0.0130915,0,0,0
1780599444443562,25.0812,0.0617045,0.00800124,-4.98843,0,0,-5,0.0617045,0.00800124,0.0115662,0.063287,-0.0516553,-0.024893,-0.0134183,0,0,0
1780599444459562,25.0972,0.0614514,0.00756568,-4.98843,0,0,-5,0.0614514,0.00756568,0.0115662,0.0629865,-0.0523169,-0.0252225,-0.0131164,0,0,0
1780599444483562,25.1212,0.0609916,0.00688228,-4.98846,0,0,-5,0.0609916,0.00688228,0.0115356,0.0624533,-0.05192,-0.0254515,-0.0144521,0,0,0
1780599444499562,25.1372,0.0606547,0.00642023,-4.98849,0,0,-5,0.0606547,0.00642023,0.0115051,0.0620691,-0.0518894,-0.0250129,-0.0134487,0,0,0
1780599444523562,25.1612,0.0600893,0.00571994,-4.98856,0,0,-5,0.0600893,0.00571994,0.0114441,0.0614362,-0.0523981,-0.0267274,-0.0132472,0,0,0
1780599444539562,25.1772,0.0596748,0.00524161,-4.98862,0,0,-5,0.0596748,0.00524161,0.0113831,0.0609765,-0.0520969,-0.0254743,-0.0139454,0,0,0
1780599444563562,25.2012,0.0590127,0.00454546,-4.98874,0,0,-5,0.0590127,0.00454546,0.011261,0.0602493,-0.0525457,-0.0244573,-0.0142437,0,0,0
1780599444579562,25.2172,0.0585342,0.00409229,-4.98886,0,0,-5,0.0585342,0.00409229,0.0111389,0.059725,-0.0532363,-0.0237678,-0.014657,0,0,0
1780599444603562,25.2412,0.0594681,0.00389513,-4.98892,0,0,-5,0.0594681,0.00389513,0.0110779,0.0606164,-0.0524881,-0.0233871,-0.0150267,0,0,0
1780599444619562,25.2572,0.0600005,0.0037532,-4.98895,0,0,-5,0.0600005,0.0037532,0.0110474,0.0611244,-0.0526676,-0.0241645,-0.0146684,0,0,0
1780599444643562,25.2812,0.0606914,0.00349176,-4.98898,0,0,-5,0.0606914,0.00349176,0.0110168,0.0617819,-0.0513218,-0.0236885,-0.0139659,0,0,0
1780599444659562,25.2972,0.0610748,0.00331226,-4.98901,0,0,-5,0.0610748,0.00331226,0.0109863,0.0621434,-0.0505126,-0.0234464,-0.0137717,0,0,0
1780599444683562,25.3212,0.0615514,0.00303887,-4.98904,0,0,-5,0.0615514,0.00303887,0.0109558,0.0625927,-0.0508432,-0.0221183,-0.0147927,0,0,0
1780599444699562,25.3372,0.0617883,0.00285047,-4.98911,0,0,-5,0.0617883,0.00285047,0.0108948,0.0628062,-0.0515756,-0.0225427,-0.0144551,0,0,0
1780599444723562,25.3612,0.0620348,0.00256471,-4.98923,0,0,-5,0.0620348,0.00256471,0.0107727,0.0630154,-0.0512254,-0.020667,-0.0137547,0,0,0
1780599444739562,25.3772,0.0621409,0.00238,-4.98929,0,0,-5,0.0621409,0.00238,0.0107117,0.0631023,-0.0516753,-0.020343,-0.0130766,0,0,0
1780599444763562,25.4012,0.0622024,0.00208829,-4.98938,0,0,-5,0.0622024,0.00208829,0.0106201,0.063137,-0.0523586,-0.0192781,-0.0124641,0,0,0
1780599444779562,25.4172,0.0621859,0.0018954,-4.98947,0,0,-5,0.0621859,0.0018954,0.0105286,0.0630994,-0.0520032,-0.018429,-0.0126952,0,0,0
1780599444803562,25.4412,0.0620857,0.00161244,-4.98959,0,0,-5,0.0620857,0.00161244,0.0104065,0.0629724,-0.0523556,-0.0177691,-0.0126879,0,0,0
1780599444819562,25.4572,0.0619648,0.00141221,-4.98969,0,0,-5,0.0619648,0.00141221,0.0103149,0.0628333,-0.0519709,-0.0181229,-0.0119429,0,0,0
1780599444843562,25.4812,0.0617331,0.00108192,-4.98984,0,0,-5,0.0617331,0.00108192,0.0101624,0.0625733,-0.0503693,-0.0191139,-0.0110311,0,0,0
1780599444859562,25.4972,0.0615585,0.00083396,-4.9899,0,0,-5,0.0615585,0.00083396,0.0101013,0.0623874,-0.0503747,-0.0198455,-0.0108656,0,0,0
1780599444883562,25.5212,0.0612069,0.000457752,-4.99002,0,0,-5,0.0612069,0.000457752,0.00997925,0.0620168,-0.0510778,-0.0181492,-0.0105073,0,0,0
1780599444899562,25.5372,0.0609257,0.000203248,-4.99011,0,0,-5,0.0609257,0.000203248,0.0098877,0.0617232,-0.0512916,-0.0184272,-0.0114355,0,0,0
1780599444923562,25.5612,0.0604441,-0.000186536,-4.99026,0,0,-5,0.0604441,-0.000186536,0.00973511,0.0612234,-0.0507644,-0.0175703,-0.0130908,0,0,0
1780599444939562,25.5772,0.0600892,-0.000455146,-4.99036,0,0,-5,0.0600892,-0.000455146,0.00964355,0.0608599,-0.0515057,-0.0180217,-0.0130729,0,0,0
1780599444963562,25.6012,0.0594643,-0.000865878,-4.99048,0,0,-5,0.0594643,-0.000865878,0.00952148,0.060228,-0.0538289,-0.0175729,-0.013862,0,0,0
1780599444979562,25.6172,0.0589973,-0.00114702,-4.9906,0,0,-5,0.0589973,-0.00114702,0.00939941,0.0597524,-0.0541203,-0.017936,-0.0137238,0,0,0
1780599445003562,25.6412,0.0600174,-0.00186018,-4.99042,0,0,-5,0.0600174,-0.00186018,0.00958252,0.0608061,-0.054861,-0.0162125,-0.0124621,0,0,0
1780599445019562,25.6572,0.0605939,-0.00230654,-4.99026,0,0,-5,0.0605939,-0.00230654,0.00973511,0.0614143,-0.0541531,-0.015537,-0.0110548,0,0,0
1780599445043562,25.6812,0.0613293,-0.00296772,-4.99005,0,0,-5,0.0613293,-0.00296772,0.00994873,0.0622018,-0.0542616,-0.0166027,-0.011781,0,0,0
1780599445059562,25.6972,0.0617267,-0.00340832,-4.98999,0,0,-5,0.0617267,-0.00340832,0.0100098,0.0626258,-0.0548381,-0.0163896,-0.0132497,0,0,0
1780599445075562,25.7132,0.0620388,-0.00383934,-4.98993,0,0,-5,0.0620388,-0.00383934,0.0100708,0.062968,-0.0562476,-0.0160017,-0.014071,0,0,0
1780599445099562,25.7372,0.0623571,-0.00445606,-4.98993,0,0,-5,0.0623571,-0.00445606,0.0100708,0.0633221,-0.0577797,-0.0147322,-0.0141295,0,0,0
1780599445123562,25.7612,0.0625218,-0.0050332,-4.9899,0,0,-5,0.0625218,-0.0050332,0.0101013,0.0635322,-0.0576059,-0.0139822,-0.0126936,0,0,0
1780599445139562,25.7772,0.0625602,-0.00540977,-4.98987,0,0,-5,0.0625602,-0.00540977,0.0101318,0.0636058,-0.0587718,-0.0135704,-0.0121572,0,0,0
1780599445163562,25.8012,0.0625001,-0.00594777,-4.98987,0,0,-5,0.0625001,-0.00594777,0.0101318,0.0635948,-0.0593235,-0.0121196,-0.0118985,0,0,0
1780599445179562,25.8172,0.0623908,-0.00628758,-4.98984,0,0,-5,0.0623908,-0.00628758,0.0101624,0.0635249,-0.0596346,-0.0116684,-0.0110323,0,0,0
1780599445203562,25.8412,0.0621499,-0.00676507,-4.98984,0,0,-5,0.0621499,-0.00676507,0.0101624,0.0633376,-0.058265,-0.0101539,-0.0113157,0,0,0
1780599445219562,25.8572,0.0619402,-0.00706783,-4.98984,0,0,-5,0.0619402,-0.00706783,0.0101624,0.063165,-0.059195,-0.00995191,-0.0111809,0,0,0
1780599445243562,25.8812,0.0615339,-0.00752017,-4.98987,0,0,-5,0.0615339,-0.00752017,0.0101318,0.0628142,-0.0590772,-0.00947891,-0.01168,0,0,0
1780599445259562,25.8972,0.0612376,-0.00781179,-4.9899,0,0,-5,0.0612376,-0.00781179,0.0101013,0.0625548,-0.0579882,-0.0095119,-0.0103831,0,0,0
1780599445283562,25.9212,0.0607352,-0.00825868,-4.9899,0,0,-5,0.0607352,-0.00825868,0.0101013,0.0621209,-0.0582333,-0.010939,-0.00940563,0,0,0
1780599445299639,25.9373,0.0603589,-0.00856691,-4.9899,0,0,-5,0.0603589,-0.00856691,0.0101013,0.061795,-0.0581903,-0.0107998,-0.00987709,0,0,0
1780599445323639,25.9613,0.0597347,-0.00901643,-4.98996,0,0,-5,0.0597347,-0.00901643,0.0100403,0.06124,-0.0575773,-0.0105697,-0.0108412,0,0,0
1780599445339639,25.9773,0.0593014,-0.00930997,-4.98999,0,0,-5,0.0593014,-0.00930997,0.0100098,0.0608566,-0.0569372,-0.0101482,-0.0106654,0,0,0
1780599445363639,26.0013,0.0585894,-0.00972698,-4.99008,0,0,-5,0.0585894,-0.00972698,0.00991821,0.0602139,-0.0578067,-0.00892104,-0.00987605,0,0,0
1780599445379639,26.0173,0.0580819,-0.00998864,-4.99017,0,0,-5,0.0580819,-0.00998864,0.00982666,0.0597482,-0.0574839,-0.00894203,-0.00938628,0,0,0
1780599445403639,26.0413,0.0593114,-0.0102234,-4.98984,0,0,-5,0.0593114,-0.0102234,0.0101624,0.061038,-0.0553799,-0.00783684,-0.0100386,0,0,0
1780599445419639,26.0573,0.0600313,-0.010356,-4.98969,0,0,-5,0.0600313,-0.010356,0.0103149,0.0617851,-0.0559925,-0.00603839,-0.0107405,0,0,0
1780599445443639,26.0813,0.0609551,-0.0105291,-4.98947,0,0,-5,0.0609551,-0.0105291,0.0105286,0.0627474,-0.0553608,-0.00456549,-0.0110442,0,0,0
1780599445459639,26.0973,0.061488,-0.0106251,-4.98935,0,0,-5,0.061488,-0.0106251,0.0106506,0.0633017,-0.0544281,-0.00408401,-0.0125163,0,0,0
1780599445483639,26.1213,0.0621476,-0.0107601,-4.9892,0,0,-5,0.0621476,-0.0107601,0.0108032,0.0639907,-0.0559537,-0.00241482,-0.0101231,0,0,0
1780599445499639,26.1373,0.0624944,-0.0108369,-4.98907,0,0,-5,0.0624944,-0.0108369,0.0109253,0.064361,-0.0549466,-0.00282819,-0.00884464,0,0,0
1780599445523639,26.1613,0.0629335,-0.0109587,-4.98889,0,0,-5,0.0629335,-0.0109587,0.0111084,0.0648391,-0.0532316,-0.00226083,-0.0093135,0,0,0
1780599445539639,26.1773,0.0631685,-0.01104,-4.9888,0,0,-5,0.0631685,-0.01104,0.0112,0.0650967,-0.0536688,-0.00214598,-0.00962486,0,0,0
1780599445563639,26.2013,0.0634157,-0.0111573,-4.98868,0,0,-5,0.0634157,-0.0111573,0.011322,0.0653775,-0.0528104,-0.00192087,-0.00957832,0,0,0
1780599445579639,26.2173,0.0635255,-0.0112401,-4.98862,0,0,-5,0.0635255,-0.0112401,0.0113831,0.0655088,-0.0522404,-0.00255314,-0.0103518,0,0,0
1780599445603639,26.2413,0.0636415,-0.0113678,-4.98853,0,0,-5,0.0636415,-0.0113678,0.0114746,0.0656592,-0.0498177,-0.00176669,-0.00928915,0,0,0
1780599445619639,26.2573,0.0636884,-0.011436,-4.98849,0,0,-5,0.0636884,-0.011436,0.0115051,0.0657218,-0.0497142,-0.000108267,-0.00855861,0,0,0
1780599445635639,26.2733,0.063678,-0.0114898,-4.98843,0,0,-5,0.063678,-0.0114898,0.0115662,0.0657319,-0.0504415,0.000592653,-0.00822608,0,0,0
1780599445659639,26.2973,0.0635719,-0.0115469,-4.98834,0,0,-5,0.0635719,-0.0115469,0.0116577,0.0656553,-0.0510791,0.00113275,-0.00739875,0,0,0
1780599445675639,26.3133,0.0634451,-0.0115992,-4.98831,0,0,-5,0.0634451,-0.0115992,0.0116882,0.0655472,-0.0517101,-0.000417587,-0.00799082,0,0,0
1780599445699639,26.3373,0.0631767,-0.0117028,-4.98825,0,0,-5,0.0631767,-0.0117028,0.0117493,0.0653169,-0.0521519,-0.000389266,-0.00901443,0,0,0
1780599445723639,26.3613,0.0628219,-0.0118057,-4.98819,0,0,-5,0.0628219,-0.0118057,0.0118103,0.0650035,-0.051907,-0.000944556,-0.00890674,0,0,0
1780599445739639,26.3773,0.0625454,-0.0118773,-4.98819,0,0,-5,0.0625454,-0.0118773,0.0118103,0.0647493,-0.052343,-0.000873299,-0.00936606,0,0,0
1780599445755639,26.3933,0.0622499,-0.0119488,-4.98819,0,0,-5,0.0622499,-0.0119488,0.0118103,0.0644772,-0.0518369,-0.00084166,-0.00924469,0,0,0
1780599445779639,26.4173,0.0617514,-0.0120571,-4.98813,0,0,-5,0.0617514,-0.0120571,0.0118713,0.0640276,-0.0515653,-0.000775193,-0.0097938,0,0,0
1780599445803639,26.4413,0.0626593,-0.0121237,-4.98782,0,0,-5,0.0626593,-0.0121237,0.0121765,0.0649726,-0.0515708,-0.00167895,-0.0106131,0,0,0
1780599445819639,26.4573,0.0631651,-0.0121775,-4.98767,0,0,-5,0.0631651,-0.0121775,0.0123291,0.0654991,-0.0511968,-0.00182175,-0.0102854,0,0,0
1780599445843639,26.4813,0.0638073,-0.0122658,-4.98743,0,0,-5,0.0638073,-0.0122658,0.0125732,0.0661809,-0.0509105,-0.00217511,-0.00993198,0,0,0
1780599445859639,26.4973,0.0641559,-0.0123248,-4.9873,0,0,-5,0.0641559,-0.0123248,0.0126953,0.0665511,-0.0505916,-0.00113492,-0.0101626,0,0,0
1780599445875639,26.5133,0.0644379,-0.01237,-4.98721,0,0,-5,0.0644379,-0.01237,0.0127869,0.0668488,-0.0506058,-5.22294e-05,-0.0111573,0,0,0
1780599445899639,26.5373,0.0647722,-0.0123885,-4.98712,0,0,-5,0.0647722,-0.0123885,0.0128784,0.067192,-0.0505063,0.0032119,-0.0124364,0,0,0
1780599445923639,26.5613,0.0649763,-0.012366,-4.98703,0,0,-5,0.0649763,-0.012366,0.01297,0.0674022,-0.050886,0.0035004,-0.0126394,0,0,0
1780599445939639,26.5773,0.0650382,-0.0123557,-4.98703,0,0,-5,0.0650382,-0.0123557,0.01297,0.0674599,-0.0512045,0.0025224,-0.01299,0,0,0
1780599445963639,26.6013,0.0650614,-0.0123691,-4.98703,0,0,-5,0.0650614,-0.0123691,0.01297,0.0674848,-0.0498123,0.00185684,-0.0137342,0,0,0
1780599445979639,26.6173,0.0650371,-0.0123737,-4.98706,0,0,-5,0.0650371,-0.0123737,0.0129395,0.0674564,-0.0489376,0.00212907,-0.0144603,0,0,0
1780599446003639,26.6413,0.064941,-0.0124036,-4.98712,0,0,-5,0.064941,-0.0124036,0.0128784,0.0673575,-0.0488034,0.00130882,-0.013169,0,0,0
1780599446019639,26.6573,0.0648405,-0.012429,-4.98715,0,0,-5,0.0648405,-0.012429,0.0128479,0.0672595,-0.0485735,0.00138248,-0.0127928,0,0,0
1780599446043639,26.6813,0.064625,-0.012462,-4.98721,0,0,-5,0.064625,-0.012462,0.0127869,0.0670462,-0.0478773,0.00172975,-0.0120893,0,0,0
1780599446059639,26.6973,0.0644647,-0.0124797,-4.98727,0,0,-5,0.0644647,-0.0124797,0.0127258,0.0668834,-0.0469238,0.00204979,-0.0116054,0,0,0
1780599446083639,26.7213,0.0641634,-0.01247,-4.98737,0,0,-5,0.0641634,-0.01247,0.0126343,0.0665738,-0.0472522,0.00398153,-0.0113001,0,0,0
1780599446099639,26.7373,0.0639097,-0.0124576,-4.9874,0,0,-5,0.0639097,-0.0124576,0.0126038,0.0663212,-0.047627,0.00347894,-0.0117611,0,0,0
1780599446115639,26.7533,0.0636242,-0.012435,-4.98749,0,0,-5,0.0636242,-0.012435,0.0125122,0.0660244,-0.0470419,0.00507654,-0.0121584,0,0,0
1780599446139639,26.7773,0.0631543,-0.0123687,-4.98767,0,0,-5,0.0631543,-0.0123687,0.0123291,0.0655245,-0.0465698,0.00579526,-0.0121536,0,0,0
1780599446155639,26.7933,0.0628038,-0.0123245,-4.98779,0,0,-5,0.0628038,-0.0123245,0.012207,0.0651554,-0.0470327,0.00585465,-0.0114026,0,0,0
1780599446179639,26.8173,0.062223,-0.0122424,-4.98798,0,0,-5,0.062223,-0.0122424,0.0120239,0.0645457,-0.0477837,0.00589347,-0.0124373,0,0,0
1780599446203639,26.8413,0.0633224,-0.0122222,-4.98788,0,0,-5,0.0633224,-0.0122222,0.0121155,0.0656193,-0.0488251,0.00714757,-0.0119564,0,0,0
1780599446219639,26.8573,0.0639405,-0.0121986,-4.98782,0,0,-5,0.0639405,-0.0121986,0.0121765,0.0662228,-0.049376,0.00629102,-0.0119823,0,0,0
1780599446235639,26.8733,0.0644788,-0.0121815,-4.98776,0,0,-5,0.0644788,-0.0121815,0.0122375,0.0667507,-0.0495318,0.00649026,-0.0115617,0,0,0
1780599446259639,26.8973,0.065142,-0.0121528,-4.98773,0,0,-5,0.065142,-0.0121528,0.0122681,0.067392,-0.0496273,0.005827,-0.0133635,0,0,0
1780599446283639,26.9213,0.0656642,-0.0121318,-4.98773,0,0,-5,0.0656642,-0.0121318,0.0122681,0.0678931,-0.0498523,0.00521658,-0.0137535,0,0,0
1780599446299639,26.9373,0.0659277,-0.0121232,-4.98773,0,0,-5,0.0659277,-0.0121232,0.0122681,0.0681464,-0.0505813,0.00453428,-0.0126336,0,0,0
1780599446323717,26.9614,0.0662048,-0.0121101,-4.98776,0,0,-5,0.0662048,-0.0121101,0.0122375,0.0684068,-0.0516018,0.00541001,-0.0149493,0,0,0
1780599446339717,26.9774,0.0663064,-0.0120821,-4.98782,0,0,-5,0.0663064,-0.0120821,0.0121765,0.0684893,-0.0519558,0.0060296,-0.0141945,0,0,0
1780599446363717,27.0014,0.0663569,-0.0120256,-4.98792,0,0,-5,0.0663569,-0.0120256,0.012085,0.068512,-0.0523406,0.00656914,-0.0145352,0,0,0
1780599446379717,27.0174,0.0663238,-0.0119838,-4.98801,0,0,-5,0.0663238,-0.0119838,0.0119934,0.0684566,-0.0533476,0.00629049,-0.0149649,0,0,0
1780599446403717,27.0414,0.0661703,-0.0119023,-4.98813,0,0,-5,0.0661703,-0.0119023,0.0118713,0.0682723,-0.0535461,0.00783249,-0.014225,0,0,0
1780599446419717,27.0574,0.0660096,-0.0118281,-4.98822,0,0,-5,0.0660096,-0.0118281,0.0117798,0.0680877,-0.0541673,0.00894005,-0.0139949,0,0,0
1780599446435717,27.0734,0.0658124,-0.0117395,-4.98831,0,0,-5,0.0658124,-0.0117395,0.0116882,0.0678653,-0.0544321,0.00919255,-0.0141744,0,0,0
1780599446459717,27.0974,0.0654676,-0.0115858,-4.98846,0,0,-5,0.0654676,-0.0115858,0.0115356,0.0674782,-0.0542651,0.00904151,-0.0145629,0,0,0
1780599446483717,27.1214,0.0650346,-0.0114369,-4.98859,0,0,-5,0.0650346,-0.0114369,0.0114136,0.0670117,-0.0534584,0.00956535,-0.0142379,0,0,0
1780599446499717,27.1374,0.0647098,-0.011325,-4.98859,0,0,-5,0.0647098,-0.011325,0.0114136,0.0666775,-0.0534188,0.0104006,-0.0128503,0,0,0
1780599446523717,27.1614,0.064161,-0.011114,-4.98859,0,0,-5,0.064161,-0.011114,0.0114136,0.0661091,-0.0544015,0.012148,-0.0111945,0,0,0
1780599446539717,27.1774,0.0637348,-0.0109508,-4.98862,0,0,-5,0.0637348,-0.0109508,0.0113831,0.0656629,-0.055017,0.0133076,-0.0106056,0,0,0
1780599446563717,27.2014,0.0630304,-0.0106814,-4.98862,0,0,-5,0.0630304,-0.0106814,0.0113831,0.0649346,-0.0559349,0.0148058,-0.0101127,0,0,0
1780599446579717,27.2174,0.0625113,-0.0104758,-4.98865,0,0,-5,0.0625113,-0.0104758,0.0113525,0.0643916,-0.0557227,0.0158271,-0.0105943,0,0,0
1780599446595717,27.2334,0.0629827,-0.0108103,-4.98831,0,0,-5,0.0629827,-0.0108103,0.0116882,0.0649638,-0.0563225,0.0167548,-0.0104442,0,0,0
1780599446619717,27.2574,0.0635263,-0.0112597,-4.98788,0,0,-5,0.0635263,-0.0112597,0.0121155,0.0656442,-0.0570274,0.0162853,-0.00881927,0,0,0
1780599446643717,27.2814,0.0639179,-0.0116696,-4.98746,0,0,-5,0.0639179,-0.0116696,0.0125427,0.066174,-0.0563345,0.0160427,-0.00955945,0,0,0
1780599446659717,27.2974,0.0641063,-0.0118972,-4.98721,0,0,-5,0.0641063,-0.0118972,0.0127869,0.0664429,-0.0561729,0.01706,-0.00910777,0,0,0
1780599446683717,27.3214,0.0642714,-0.0121956,-4.98688,0,0,-5,0.0642714,-0.0121956,0.0131226,0.0667214,-0.0569051,0.016569,-0.00951501,0,0,0
1780599446699717,27.3374,0.0643042,-0.0123739,-4.98666,0,0,-5,0.0643042,-0.0123739,0.0133362,0.0668281,-0.0573615,0.0165445,-0.00862534,0,0,0
1780599446715717,27.3534,0.0642709,-0.0125297,-4.98645,0,0,-5,0.0642709,-0.0125297,0.0135498,0.066868,-0.0581888,0.0167469,-0.00877685,0,0,0
1780599446739717,27.3774,0.064118,-0.0127407,-4.98618,0,0,-5,0.064118,-0.0127407,0.0138245,0.0668173,-0.058472,0.0157585,-0.00994217,0,0,0
1780599446763717,27.4014,0.0638426,-0.0129341,-4.98593,0,0,-5,0.0638426,-0.0129341,0.0140686,0.0666415,-0.0592896,0.0150761,-0.00899995,0,0,0
1780599446779717,27.4174,0.0635927,-0.0130376,-4.98578,0,0,-5,0.0635927,-0.0130376,0.0142212,0.0664549,-0.060401,0.016667,-0.0101265,0,0,0
1780599446803717,27.4414,0.0631259,-0.0131646,-4.98563,0,0,-5,0.0631259,-0.0131646,0.0143738,0.0660666,-0.0606607,0.0153675,-0.0131499,0,0,0
1780599446819717,27.4574,0.0627598,-0.0132405,-4.98557,0,0,-5,0.0627598,-0.0132405,0.0144348,0.0657455,-0.0609251,0.0152485,-0.0142214,0,0,0
1780599446835717,27.4734,0.0623546,-0.013304,-4.98553,0,0,-5,0.0623546,-0.013304,0.0144653,0.0653784,-0.0604781,0.0155313,-0.014412,0,0,0
1780599446859717,27.4974,0.0617089,-0.013371,-4.98557,0,0,-5,0.0617089,-0.013371,0.0144348,0.0647699,-0.0594893,0.0154856,-0.0143201,0,0,0
1780599446883717,27.5214,0.0609784,-0.0134237,-4.98566,0,0,-5,0.0609784,-0.0134237,0.0143433,0.0640647,-0.0607603,0.015626,-0.0151271,0,0,0
1780599446899717,27.5374,0.0604518,-0.0134371,-4.98572,0,0,-5,0.0604518,-0.0134371,0.0142822,0.0635528,-0.0595818,0.0157508,-0.0154305,0,0,0
1780599446923717,27.5614,0.0596236,-0.0134596,-4.98587,0,0,-5,0.0596236,-0.0134596,0.0141296,0.0627358,-0.0598261,0.0144365,-0.0158915,0,0,0
1780599446939717,27.5774,0.0590249,-0.0134663,-4.98596,0,0,-5,0.0590249,-0.0134663,0.0140381,0.0621478,-0.0605545,0.0147541,-0.014903,0,0,0
1780599446963717,27.6014,0.0580671,-0.0134743,-4.98615,0,0,-5,0.0580671,-0.0134743,0.013855,0.0611989,-0.0611132,0.0141583,-0.0149802,0,0,0
1780599446979717,27.6174,0.0573846,-0.0134758,-4.98624,0,0,-5,0.0573846,-0.0134758,0.0137634,0.0605312,-0.0616711,0.0135766,-0.0146071,0,0,0
1780599447003717,27.6414,0.0577386,-0.0141573,-4.98593,0,0,-5,0.0577386,-0.0141573,0.0140686,0.0610909,-0.058791,0.0142977,-0.0132963,0,0,0
1780599447019717,27.6574,0.0579194,-0.014574,-4.98572,0,0,-5,0.0579194,-0.014574,0.0142822,0.0614088,-0.0574761,0.0138095,-0.0130398,0,0,0
1780599447043717,27.6814,0.0580856,-0.0151689,-4.98544,0,0,-5,0.0580856,-0.0151689,0.0145569,0.0617733,-0.0576774,0.0130687,-0.0124908,0,0,0
1780599447059717,27.6974,0.0581221,-0.0155188,-4.98526,0,0,-5,0.0581221,-0.0155188,0.01474,0.0619377,-0.0575198,0.0136753,-0.010527,0,0,0
1780599447083717,27.7214,0.0581118,-0.0160026,-4.98505,0,0,-5,0.0581118,-0.0160026,0.0149536,0.0621021,-0.0556863,0.0135052,-0.0127707,0,0,0
1780599447099717,27.7374,0.0580554,-0.0162953,-4.98495,0,0,-5,0.0580554,-0.0162953,0.0150452,0.0621476,-0.0554698,0.0129859,-0.0143391,0,0,0
1780599447123717,27.7614,0.0578963,-0.016736,-4.98486,0,0,-5,0.0578963,-0.016736,0.0151367,0.0621385,-0.0543917,0.010422,-0.0153586,0,0,0
1780599447139717,27.7774,0.0577419,-0.0170174,-4.98483,0,0,-5,0.0577419,-0.0170174,0.0151672,0.0620787,-0.0549673,0.0105981,-0.0165367,0,0,0
1780599447163717,27.8014,0.0574131,-0.017398,-4.98483,0,0,-5,0.0574131,-0.017398,0.0151672,0.0618789,-0.0561197,0.0113975,-0.0169126,0,0,0
1780599447179717,27.8174,0.0571234,-0.0176184,-4.98486,0,0,-5,0.0571234,-0.0176184,0.0151367,0.0616653,-0.0566936,0.0111284,-0.0164991,0,0,0
1780599447195717,27.8334,0.0567965,-0.0178296,-4.98489,0,0,-5,0.0567965,-0.0178296,0.0151062,0.0614161,-0.0559232,0.0111997,-0.0175449,0,0,0
1780599447219717,27.8574,0.0562529,-0.0181065,-4.98499,0,0,-5,0.0562529,-0.0181065,0.0150146,0.0609728,-0.0557605,0.011499,-0.0182108,0,0,0
1780599447243717,27.8814,0.0556571,-0.0183594,-4.98508,0,0,-5,0.0556571,-0.0183594,0.0149231,0.0604771,-0.0545627,0.0103222,-0.0181683,0,0,0
1780599447259717,27.8974,0.0552202,-0.0185147,-4.98517,0,0,-5,0.0552202,-0.0185147,0.0148315,0.0601003,-0.0555894,0.0103531,-0.0175194,0,0,0
1780599447283717,27.9214,0.0544979,-0.0187157,-4.98529,0,0,-5,0.0544979,-0.0187157,0.0147095,0.0594699,-0.0553142,0.0110305,-0.0166858,0,0,0
1780599447299717,27.9374,0.0539562,-0.0188286,-4.98535,0,0,-5,0.0539562,-0.0188286,0.0146484,0.0589946,-0.0555971,0.0112672,-0.0167974,0,0,0
1780599447323717,27.9614,0.0530951,-0.0189515,-4.9855,0,0,-5,0.0530951,-0.0189515,0.0144958,0.0582098,-0.0550798,0.0131315,-0.0162639,0,0,0
1780599447339796,27.9775,0.0525072,-0.0189921,-4.9856,0,0,-5,0.0525072,-0.0189921,0.0144043,0.0576645,-0.0540044,0.0141437,-0.0158075,0,0,0
1780599447355796,27.9935,0.0519082,-0.0190181,-4.98566,0,0,-5,0.0519082,-0.0190181,0.0143433,0.0571129,-0.0544282,0.0138614,-0.0161325,0,0,0
1780599447379796,28.0175,0.0509554,-0.0190477,-4.98578,0,0,-5,0.0509554,-0.0190477,0.0142212,0.0562273,-0.0537924,0.0129752,-0.0167879,0,0,0
1780599447403796,28.0415,0.051572,-0.0203027,-4.98544,0,0,-5,0.051572,-0.0203027,0.0145569,0.0573042,-0.0535281,0.0116535,-0.0164217,0,0,0
1780599447419796,28.0575,0.0518823,-0.0210805,-4.98523,0,0,-5,0.0518823,-0.0210805,0.0147705,0.0579166,-0.0547047,0.0121708,-0.0155231,0,0,0
1780599447443796,28.0815,0.0522048,-0.0221637,-4.98492,0,0,-5,0.0522048,-0.0221637,0.0150757,0.0586843,-0.0536932,0.012696,-0.0143412,0,0,0
1780599447459796,28.0975,0.0523616,-0.0228304,-4.98477,0,0,-5,0.0523616,-0.0228304,0.0152283,0.0591174,-0.0525792,0.0119236,-0.0149072,0,0,0
1780599447483796,28.1215,0.052519,-0.0237736,-4.98459,0,0,-5,0.052519,-0.0237736,0.0154114,0.0596736,-0.0520613,0.012048,-0.0163264,0,0,0
1780599447499796,28.1375,0.0525523,-0.0243422,-4.9845,0,0,-5,0.0525523,-0.0243422,0.0155029,0.0599552,-0.0526622,0.012224,-0.0161203,0,0,0
1780599447523796,28.1615,0.0524954,-0.0251327,-4.98441,0,0,-5,0.0524954,-0.0251327,0.0155945,0.0602545,-0.052826,0.0119428,-0.0158815,0,0,0
1780599447539796,28.1775,0.0523968,-0.02562,-4.98438,0,0,-5,0.0523968,-0.02562,0.015625,0.0603817,-0.0526525,0.0127463,-0.0166064,0,0,0
1780599447563796,28.2015,0.0522024,-0.0262554,-4.98434,0,0,-5,0.0522024,-0.0262554,0.0156555,0.0604941,-0.0509863,0.0142122,-0.0141486,0,0,0
1780599447579796,28.2175,0.0520379,-0.0266295,-4.98434,0,0,-5,0.0520379,-0.0266295,0.0156555,0.0605158,-0.0508756,0.0144179,-0.0148832,0,0,0
1780599447595796,28.2335,0.0518514,-0.0269734,-4.98434,0,0,-5,0.0518514,-0.0269734,0.0156555,0.0605081,-0.0499547,0.0154162,-0.0144233,0,0,0
1780599447619796,28.2575,0.0515159,-0.0274093,-4.98434,0,0,-5,0.0515159,-0.0274093,0.0156555,0.0604173,-0.0496482,0.0166574,-0.0137206,0,0,0
1780599447643796,28.2815,0.0511046,-0.0277641,-4.98438,0,0,-5,0.0511046,-0.0277641,0.015625,0.0602218,-0.0495434,0.0167614,-0.0155989,0,0,0
1780599447659796,28.2975,0.050802,-0.0279746,-4.98444,0,0,-5,0.050802,-0.0279746,0.015564,0.0600471,-0.0489633,0.0175488,-0.0163771,0,0,0
1780599447675796,28.3135,0.0504867,-0.0281595,-4.98453,0,0,-5,0.0504867,-0.0281595,0.0154724,0.0598436,-0.0478391,0.0168209,-0.01803,0,0,0
1780599447699796,28.3375,0.0500043,-0.0284298,-4.98474,0,0,-5,0.0500043,-0.0284298,0.0152588,0.0595106,-0.0454156,0.0152349,-0.0184295,0,0,0
1780599447723796,28.3615,0.0494741,-0.0286839,-4.98499,0,0,-5,0.0494741,-0.0286839,0.0150146,0.0591261,-0.0465472,0.0142459,-0.0182378,0,0,0
1780599447739796,28.3775,0.0490876,-0.028835,-4.98514,0,0,-5,0.0490876,-0.028835,0.0148621,0.0588382,-0.046647,0.0145299,-0.0178424,0,0,0
1780599447763796,28.4015,0.0484658,-0.0290024,-4.98532,0,0,-5,0.0484658,-0.0290024,0.014679,0.0583571,-0.0460875,0.0157528,-0.0162564,0,0,0
1780599447779796,28.4175,0.0480312,-0.0290877,-4.98541,0,0,-5,0.0480312,-0.0290877,0.0145874,0.0580162,-0.0455217,0.0157937,-0.0147904,0,0,0
1780599447795796,28.4335,0.0485049,-0.0306466,-4.98529,0,0,-5,0.0485049,-0.0306466,0.0147095,0.059231,-0.0443004,0.0159399,-0.0150615,0,0,0
1780599447819796,28.4575,0.0491154,-0.0328241,-4.98514,0,0,-5,0.0491154,-0.0328241,0.0148621,0.0609149,-0.0426005,0.0164295,-0.0147226,0,0,0
1780599447835796,28.4735,0.0494665,-0.0341651,-4.98508,0,0,-5,0.0494665,-0.0341651,0.0149231,0.0619426,-0.0421177,0.0161437,-0.0132527,0,0,0
1780599447859796,28.4975,0.0499138,-0.0360498,-4.98499,0,0,-5,0.0499138,-0.0360498,0.0150146,0.0633752,-0.0406239,0.0155428,-0.0134917,0,0,0
1780599447883796,28.5215,0.0502828,-0.0377672,-4.98492,0,0,-5,0.0502828,-0.0377672,0.0150757,0.0646683,-0.0382851,0.0154818,-0.0130182,0,0,0
1780599447899796,28.5375,0.0504862,-0.0388394,-4.98489,0,0,-5,0.0504862,-0.0388394,0.0151062,0.0654641,-0.0379504,0.0152546,-0.0121238,0,0,0
1780599447923796,28.5615,0.0507091,-0.0403362,-4.98483,0,0,-5,0.0507091,-0.0403362,0.0151672,0.0665468,-0.0379724,0.0150654,-0.010528,0,0,0
1780599447939796,28.5775,0.0508025,-0.0412641,-4.9848,0,0,-5,0.0508025,-0.0412641,0.0151978,0.0671907,-0.038301,0.0149985,-0.0113628,0,0,0
1780599447963796,28.6015,0.0508673,-0.0425379,-4.98477,0,0,-5,0.0508673,-0.0425379,0.0152283,0.0680357,-0.0378818,0.0170594,-0.0116058,0,0,0
1780599447979796,28.6175,0.0508694,-0.043294,-4.98477,0,0,-5,0.0508694,-0.043294,0.0152283,0.0685125,-0.037742,0.0179206,-0.0118456,0,0,0
1780599448003796,28.6415,0.0508323,-0.044331,-4.98483,0,0,-5,0.0508323,-0.044331,0.0151672,0.0691318,-0.0377506,0.0175337,-0.0128638,0,0,0
1780599448019796,28.6575,0.0507575,-0.044965,-4.98489,0,0,-5,0.0507575,-0.044965,0.0151062,0.0694721,-0.0390545,0.0183658,-0.0134401,0,0,0
1780599448043796,28.6815,0.050539,-0.0458303,-4.98502,0,0,-5,0.050539,-0.0458303,0.0149841,0.0698508,-0.0409572,0.0180405,-0.0141792,0,0,0
1780599448059796,28.6975,0.0503431,-0.0463553,-4.98511,0,0,-5,0.0503431,-0.0463553,0.0148926,0.0700359,-0.0411712,0.0179883,-0.014189,0,0,0
1780599448083796,28.7215,0.0499858,-0.0470447,-4.98529,0,0,-5,0.0499858,-0.0470447,0.0147095,0.0702008,-0.0412286,0.0196635,-0.0151104,0,0,0
1780599448099796,28.7375,0.0497257,-0.0474546,-4.98541,0,0,-5,0.0497257,-0.0474546,0.0145874,0.0702665,-0.03983,0.0186707,-0.0145051,0,0,0
1780599448123796,28.7615,0.0492981,-0.0480267,-4.98557,0,0,-5,0.0492981,-0.0480267,0.0144348,0.0703223,-0.040837,0.0185003,-0.014372,0,0,0
1780599448139796,28.7775,0.0489613,-0.0483617,-4.98569,0,0,-5,0.0489613,-0.0483617,0.0143127,0.0702917,-0.0409068,0.020012,-0.0145164,0,0,0
1780599448155796,28.7935,0.0485883,-0.0486623,-4.98584,0,0,-5,0.0485883,-0.0486623,0.0141602,0.0702094,-0.0421674,0.0199697,-0.0143431,0,0,0
1780599448179796,28.8175,0.0479688,-0.0490427,-4.98608,0,0,-5,0.0479688,-0.0490427,0.013916,0.0699989,-0.0428414,0.0216864,-0.0151144,0,0,0
1780599448203796,28.8415,0.048212,-0.0512559,-4.98584,0,0,-5,0.048212,-0.0512559,0.0141602,0.0717779,-0.0435208,0.0212535,-0.0148042,0,0,0
1780599448219796,28.8575,0.0483032,-0.0526327,-4.98572,0,0,-5,0.0483032,-0.0526327,0.0142822,0.0728518,-0.0435435,0.0215601,-0.0145303,0,0,0
1780599448243796,28.8815,0.0483732,-0.054526,-4.9856,0,0,-5,0.0483732,-0.054526,0.0144043,0.0743003,-0.0430543,0.0216214,-0.0145488,0,0,0
1780599448259796,28.8975,0.0483595,-0.0556832,-4.9855,0,0,-5,0.0483595,-0.0556832,0.0144958,0.0751624,-0.0433678,0.0222395,-0.0157635,0,0,0
1780599448283796,28.9215,0.0482599,-0.0572719,-4.98547,0,0,-5,0.0482599,-0.0572719,0.0145264,0.0762896,-0.0428092,0.0237597,-0.0164674,0,0,0
1780599448299796,28.9375,0.0481655,-0.058232,-4.9855,0,0,-5,0.0481655,-0.058232,0.0144958,0.0769481,-0.0415289,0.0238226,-0.0175905,0,0,0
1780599448323796,28.9615,0.0479904,-0.0595288,-4.98553,0,0,-5,0.0479904,-0.0595288,0.0144653,0.0778203,-0.0409477,0.0249046,-0.0175118,0,0,0
1780599448339875,28.9776,0.0478344,-0.0603092,-4.9856,0,0,-5,0.0478344,-0.0603092,0.0144043,0.0783123,-0.0406577,0.0253155,-0.0180355,0,0,0
1780599448363875,29.0016,0.0475272,-0.0613629,-4.98572,0,0,-5,0.0475272,-0.0613629,0.0142822,0.0789191,-0.042994,0.0265184,-0.0164312,0,0,0
1780599448379875,29.0176,0.0472569,-0.0619854,-4.98575,0,0,-5,0.0472569,-0.0619854,0.0142517,0.0792371,-0.0430743,0.0270086,-0.0157722,0,0,0
1780599448403875,29.0416,0.0468061,-0.0628102,-4.98584,0,0,-5,0.0468061,-0.0628102,0.0141602,0.0796017,-0.0431989,0.0275226,-0.0144807,0,0,0
1780599448419875,29.0576,0.0464676,-0.0632917,-4.98587,0,0,-5,0.0464676,-0.0632917,0.0141296,0.0797792,-0.0436981,0.0282457,-0.0146104,0,0,0
1780599448443875,29.0816,0.04596,-0.0639137,-4.98596,0,0,-5,0.04596,-0.0639137,0.0140381,0.0799647,-0.041267,0.0278724,-0.0135898,0,0,0
1780599448459875,29.0976,0.0456192,-0.0642749,-4.98602,0,0,-5,0.0456192,-0.0642749,0.0139771,0.0800483,-0.0404338,0.028873,-0.0118327,0,0,0
1780599448475875,29.1136,0.0452712,-0.0645802,-4.98608,0,0,-5,0.0452712,-0.0645802,0.013916,0.0800858,-0.0390589,0.0293789,-0.0118999,0,0,0
1780599448499875,29.1376,0.0447201,-0.0649704,-4.98624,0,0,-5,0.0447201,-0.0649704,0.0137634,0.0800654,-0.0399652,0.0290826,-0.0139965,0,0,0
1780599448523875,29.1616,0.044119,-0.0652579,-4.98642,0,0,-5,0.044119,-0.0652579,0.0135803,0.0799343,-0.0392122,0.0316333,-0.0142595,0,0,0
1780599448539875,29.1776,0.0437013,-0.0653802,-4.98651,0,0,-5,0.0437013,-0.0653802,0.0134888,0.0797892,-0.0396928,0.0315542,-0.0151047,0,0,0
1780599448563875,29.2016,0.0430466,-0.0654881,-4.98672,0,0,-5,0.0430466,-0.0654881,0.0132751,0.0794854,-0.0388871,0.0328561,-0.0153509,0,0,0
1780599448579875,29.2176,0.0425913,-0.0655261,-4.98688,0,0,-5,0.0425913,-0.0655261,0.0131226,0.0792458,-0.0386643,0.0322886,-0.0153652,0,0,0
1780599448603875,29.2416,0.0422987,-0.0672916,-4.98679,0,0,-5,0.0422987,-0.0672916,0.0132141,0.0805726,-0.0381605,0.0322408,-0.0153626,0,0,0
1780599448619875,29.2576,0.0420633,-0.0683695,-4.98676,0,0,-5,0.0420633,-0.0683695,0.0132446,0.081358,-0.0381214,0.0320924,-0.0150824,0,0,0
1780599448643875,29.2816,0.0416808,-0.0698502,-4.98672,0,0,-5,0.0416808,-0.0698502,0.0132751,0.082417,-0.0374149,0.0316082,-0.014626,0,0,0
1780599448659875,29.2976,0.0414102,-0.0707422,-4.98669,0,0,-5,0.0414102,-0.0707422,0.0133057,0.083044,-0.0362071,0.0315825,-0.0147794,0,0,0
1780599448683875,29.3216,0.0409637,-0.0719283,-4.98672,0,0,-5,0.0409637,-0.0719283,0.0132751,0.0838328,-0.037177,0.03317,-0.0157801,0,0,0
1780599448699875,29.3376,0.0406317,-0.0726267,-4.98679,0,0,-5,0.0406317,-0.0726267,0.0132141,0.0842626,-0.0372446,0.0332941,-0.0159699,0,0,0
1780599448723875,29.3616,0.0401046,-0.0735344,-4.98688,0,0,-5,0.0401046,-0.0735344,0.0131226,0.0847814,-0.0380445,0.0349443,-0.0169059,0,0,0
1780599448739875,29.3776,0.0397162,-0.0740524,-4.98694,0,0,-5,0.0397162,-0.0740524,0.0130615,0.0850396,-0.0392839,0.0343333,-0.0173291,0,0,0
1780599448763875,29.4016,0.03908,-0.074729,-4.987,0,0,-5,0.03908,-0.074729,0.0130005,0.0853269,-0.0393918,0.0360235,-0.0170343,0,0,0
1780599448779875,29.4176,0.0386428,-0.0750813,-4.98703,0,0,-5,0.0386428,-0.0750813,0.01297,0.0854323,-0.0384473,0.0379343,-0.0147932,0,0,0
1780599448803875,29.4416,0.037981,-0.0754913,-4.98706,0,0,-5,0.037981,-0.0754913,0.0129395,0.0854922,-0.0380811,0.039513,-0.0138708,0,0,0
1780599448819875,29.4576,0.0375238,-0.0756752,-4.98706,0,0,-5,0.0375238,-0.0756752,0.0129395,0.0854529,-0.0383403,0.0409084,-0.0133376,0,0,0
1780599448843875,29.4816,0.0367922,-0.0758517,-4.98709,0,0,-5,0.0367922,-0.0758517,0.0129089,0.0852865,-0.0388302,0.0414233,-0.0128588,0,0,0
1780599448859875,29.4976,0.036285,-0.0759163,-4.98712,0,0,-5,0.036285,-0.0759163,0.0128784,0.0851219,-0.0383777,0.0418163,-0.0130835,0,0,0
1780599448875875,29.5136,0.0357564,-0.0759256,-4.98715,0,0,-5,0.0357564,-0.0759256,0.0128479,0.0849016,-0.0385816,0.0433335,-0.012068,0,0,0
1780599448899875,29.5376,0.0349623,-0.0758643,-4.98724,0,0,-5,0.0349623,-0.0758643,0.0127563,0.0845014,-0.0370077,0.042566,-0.0114663,0,0,0
1780599448915875,29.5536,0.0344299,-0.0757692,-4.98727,0,0,-5,0.0344299,-0.0757692,0.0127258,0.0841923,-0.0370705,0.0442901,-0.0102494,0,0,0
1780599448939875,29.5776,0.0336152,-0.0755217,-4.98734,0,0,-5,0.0336152,-0.0755217,0.0126648,0.0836296,-0.0368203,0.0463946,-0.00899472,0,0,0
1780599448955875,29.5936,0.0330737,-0.0752921,-4.98737,0,0,-5,0.0330737,-0.0752921,0.0126343,0.0832009,-0.0356072,0.0477341,-0.00900159,0,0,0
1780599448979875,29.6176,0.032265,-0.0748598,-4.98743,0,0,-5,0.032265,-0.0748598,0.0125732,0.0824809,-0.0359018,0.0486899,-0.00781763,0,0,0
1780599448995875,29.6336,0.0317031,-0.0762072,-4.98712,0,0,-5,0.0317031,-0.0762072,0.0128784,0.0835373,-0.0363283,0.0488536,-0.00873203,0,0,0
1780599449019875,29.6576,0.0308388,-0.0780076,-4.98672,0,0,-5,0.0308388,-0.0780076,0.0132751,0.0849261,-0.0364695,0.0492643,-0.0093907,0,0,0
1780599449043875,29.6816,0.0299554,-0.079596,-4.98639,0,0,-5,0.0299554,-0.079596,0.0136108,0.0861284,-0.0363617,0.0483691,-0.00939566,0,0,0
1780599449059875,29.6976,0.0293709,-0.0805446,-4.98621,0,0,-5,0.0293709,-0.0805446,0.0137939,0.0868352,-0.0357903,0.048187,-0.00902833,0,0,0
1780599449075875,29.7136,0.0287751,-0.0814165,-4.98602,0,0,-5,0.0287751,-0.0814165,0.0139771,0.0874758,-0.0366301,0.0470521,-0.00963139,0,0,0
1780599449099875,29.7376,0.0278453,-0.0825876,-4.98584,0,0,-5,0.0278453,-0.0825876,0.0141602,0.0882982,-0.037251,0.0478259,-0.0109208,0,0,0
1780599449123875,29.7616,0.0269027,-0.0835652,-4.98569,0,0,-5,0.0269027,-0.0835652,0.0143127,0.0889481,-0.0371826,0.0475415,-0.011386,0,0,0
1780599449139875,29.7776,0.0262715,-0.0841384,-4.98563,0,0,-5,0.0262715,-0.0841384,0.0143738,0.0893088,-0.037212,0.0480421,-0.0121652,0,0,0
1780599449163875,29.8016,0.0253195,-0.0848657,-4.98557,0,0,-5,0.0253195,-0.0848657,0.0144348,0.0897308,-0.0367751,0.0488852,-0.012817,0,0,0
1780599449179875,29.8176,0.0246782,-0.0852535,-4.9856,0,0,-5,0.0246782,-0.0852535,0.0144043,0.0899147,-0.0373973,0.0495403,-0.0132613,0,0,0
1780599449203875,29.8416,0.0237228,-0.0857292,-4.98563,0,0,-5,0.0237228,-0.0857292,0.0143738,0.0901048,-0.036452,0.0490213,-0.0145264,0,0,0
1780599449219875,29.8576,0.0230727,-0.0859735,-4.98569,0,0,-5,0.0230727,-0.0859735,0.0143127,0.090159,-0.0377137,0.0495184,-0.0150357,0,0,0
1780599449243875,29.8816,0.0220611,-0.086235,-4.98581,0,0,-5,0.0220611,-0.086235,0.0141907,0.0901362,-0.0393425,0.0493177,-0.0145329,0,0,0
1780599449259875,29.8976,0.0213762,-0.086356,-4.98587,0,0,-5,0.0213762,-0.086356,0.0141296,0.0900775,-0.0382167,0.0480789,-0.0135527,0,0,0
1780599449283875,29.9216,0.0203294,-0.0864476,-4.98599,0,0,-5,0.0203294,-0.0864476,0.0140076,0.0899038,-0.039689,0.0501308,-0.0140383,0,0,0
1780599449299875,29.9376,0.0196072,-0.0864228,-4.98608,0,0,-5,0.0196072,-0.0864228,0.013916,0.0897051,-0.0389063,0.0499918,-0.0141379,0,0,0
1780599449315875,29.9536,0.0188976,-0.0863635,-4.98618,0,0,-5,0.0188976,-0.0863635,0.0138245,0.0894812,-0.0385731,0.050371,-0.0150174,0,0,0
1780599449339957,29.9776,0.0178426,-0.0861738,-4.98636,0,0,-5,0.0178426,-0.0861738,0.0136414,0.0890526,-0.0378737,0.0511882,-0.0134319,0,0,0
1780599449363957,30.0016,0.0168309,-0.0859003,-4.98654,0,0,-5,0.0168309,-0.0859003,0.0134583,0.0885622,-0.034819,0.0507551,-0.0146468,0,0,0
1780599449379957,30.0176,0.0161826,-0.0856734,-4.98672,0,0,-5,0.0161826,-0.0856734,0.0132751,0.0881932,-0.0336342,0.0512844,-0.0145312,0,0,0
1780599449403957,30.0416,0.0152947,-0.0868454,-4.98672,0,0,-5,0.0152947,-0.0868454,0.0132751,0.0891755,-0.0326618,0.0508734,-0.0172446,0,0,0
1780599449419957,30.0576,0.0147134,-0.0875235,-4.98676,0,0,-5,0.0147134,-0.0875235,0.0132446,0.0897344,-0.0318409,0.0510507,-0.0177713,0,0,0
1780599449443957,30.0816,0.0138595,-0.088392,-4.98685,0,0,-5,0.0138595,-0.088392,0.0131531,0.0904336,-0.0318224,0.0516395,-0.0175059,0,0,0
1780599449459957,30.0976,0.0132731,-0.0888746,-4.98697,0,0,-5,0.0132731,-0.0888746,0.013031,0.0908002,-0.032452,0.0515846,-0.0181963,0,0,0
1780599449475957,30.1136,0.0126921,-0.0892736,-4.98709,0,0,-5,0.0126921,-0.0892736,0.0129089,0.0910907,-0.0315311,0.0525846,-0.0193581,0,0,0
1780599449499957,30.1376,0.0118128,-0.0897344,-4.9873,0,0,-5,0.0118128,-0.0897344,0.0126953,0.0913946,-0.0323725,0.0534766,-0.0197625,0,0,0
1780599449523957,30.1616,0.0109042,-0.0900357,-4.98758,0,0,-5,0.0109042,-0.0900357,0.0124207,0.0915401,-0.0328682,0.055171,-0.0201942,0,0,0
1780599449539957,30.1776,0.0102945,-0.0901428,-4.98779,0,0,-5,0.0102945,-0.0901428,0.012207,0.0915462,-0.0329104,0.055337,-0.0201319,0,0,0
1780599449563957,30.2016,0.00939816,-0.0902008,-4.98807,0,0,-5,0.00939816,-0.0902008,0.0119324,0.0914707,-0.0317459,0.0562244,-0.017464,0,0,0
1780599449579957,30.2176,0.00881081,-0.0901551,-4.98825,0,0,-5,0.00881081,-0.0901551,0.0117493,0.0913435,-0.0306327,0.0577776,-0.0173139,0,0,0
1780599449595957,30.2336,0.00822856,-0.0900537,-4.98843,0,0,-5,0.00822856,-0.0900537,0.0115662,0.0911655,-0.0312777,0.0572976,-0.017856,0,0,0
1780599449619957,30.2576,0.00735066,-0.0898135,-4.98874,0,0,-5,0.00735066,-0.0898135,0.011261,0.0908147,-0.0304066,0.0585991,-0.0185025,0,0,0
1780599449643957,30.2816,0.00650401,-0.0894407,-4.98901,0,0,-5,0.00650401,-0.0894407,0.0109863,0.0903474,-0.0291554,0.0602593,-0.0160505,0,0,0
1780599449659957,30.2976,0.0059461,-0.0891283,-4.98917,0,0,-5,0.0059461,-0.0891283,0.0108337,0.089981,-0.0287877,0.060522,-0.0141792,0,0,0
1780599449683957,30.3216,0.00510452,-0.0885587,-4.98941,0,0,-5,0.00510452,-0.0885587,0.0105896,0.0893355,-0.0293772,0.0623352,-0.0167019,0,0,0
1780599449699957,30.3376,0.00453978,-0.0881192,-4.98956,0,0,-5,0.00453978,-0.0881192,0.010437,0.0888512,-0.0291679,0.0631396,-0.0159647,0,0,0
1780599449723957,30.3616,0.00368542,-0.0873652,-4.98975,0,0,-5,0.00368542,-0.0873652,0.0102539,0.0880421,-0.0290702,0.0651274,-0.0162374,0,0,0
1780599449739957,30.3776,0.00312366,-0.086811,-4.9899,0,0,-5,0.00312366,-0.086811,0.0101013,0.0874525,-0.028447,0.0650736,-0.0145448,0,0,0
1780599449755957,30.3936,0.00257028,-0.0862257,-4.99002,0,0,-5,0.00257028,-0.0862257,0.00997925,0.0868392,-0.0282949,0.0650902,-0.0147629,0,0,0
1780599449779957,30.4176,0.00175858,-0.0852801,-4.9902,0,0,-5,0.00175858,-0.0852801,0.00979614,0.0858589,-0.0265536,0.0663104,-0.0138315,0,0,0
1780599449803957,30.4416,0.000715391,-0.0864586,-4.98987,0,0,-5,0.000715391,-0.0864586,0.0101318,0.0870532,-0.0241668,0.0661886,-0.0145794,0,0,0
1780599449819957,30.4576,6.28163e-05,-0.0871266,-4.98969,0,0,-5,6.28163e-05,-0.0871266,0.0103149,0.0877351,-0.0223736,0.0653111,-0.0144782,0,0,0
1780599449843957,30.4816,-0.000854865,-0.0879635,-4.98944,0,0,-5,-0.000854865,-0.0879635,0.0105591,0.0885991,-0.0200635,0.066065,-0.0129963,0,0,0
1780599449859957,30.4976,-0.00142885,-0.0884166,-4.98929,0,0,-5,-0.00142885,-0.0884166,0.0107117,0.0890746,-0.019052,0.0654595,-0.0117116,0,0,0
1780599449883957,30.5216,-0.00224692,-0.0889455,-4.98907,0,0,-5,-0.00224692,-0.0889455,0.0109253,0.0896421,-0.0168424,0.0666207,-0.0109551,0,0,0
1780599449899957,30.5376,-0.00276513,-0.0891883,-4.98895,0,0,-5,-0.00276513,-0.0891883,0.0110474,0.0899125,-0.0165806,0.0671339,-0.0102822,0,0,0
1780599449923957,30.5616,-0.00350054,-0.0894153,-4.98877,0,0,-5,-0.00350054,-0.0894153,0.0112305,0.0901858,-0.0146923,0.0675141,-0.0110586,0,0,0
1780599449939957,30.5776,-0.00395101,-0.0894819,-4.98871,0,0,-5,-0.00395101,-0.0894819,0.0112915,0.090278,-0.0129234,0.0682561,-0.0106387,0,0,0
1780599449963957,30.6016,-0.00459088,-0.0894667,-4.98856,0,0,-5,-0.00459088,-0.0894667,0.0114441,0.0903124,-0.0125128,0.0684979,-0.0100715,0,0,0
1780599449979957,30.6176,-0.00500552,-0.0893751,-4.98849,0,0,-5,-0.00500552,-0.0893751,0.0115051,0.0902515,-0.0120667,0.0688422,-0.00958028,0,0,0
1780599450003957,30.6416,-0.00560941,-0.0891455,-4.98837,0,0,-5,-0.00560941,-0.0891455,0.0116272,0.0900754,-0.0110595,0.0698484,-0.00902607,0,0,0
1780599450019957,30.6576,-0.00599231,-0.0889094,-4.98831,0,0,-5,-0.00599231,-0.0889094,0.0116882,0.0898743,-0.010169,0.0698972,-0.00907894,0,0,0
1780599450043957,30.6816,-0.00654505,-0.0884683,-4.98822,0,0,-5,-0.00654505,-0.0884683,0.0117798,0.0894888,-0.00977239,0.0702196,-0.00870321,0,0,0
1780599450059957,30.6976,-0.00689492,-0.0880978,-4.98816,0,0,-5,-0.00689492,-0.0880978,0.0118408,0.089157,-0.0094321,0.071625,-0.00871617,0,0,0
1780599450083957,30.7216,-0.0073954,-0.0874306,-4.98813,0,0,-5,-0.0073954,-0.0874306,0.0118713,0.0885422,-0.00826121,0.0724092,-0.0104276,0,0,0
1780599450099957,30.7376,-0.00771662,-0.0869271,-4.98813,0,0,-5,-0.00771662,-0.0869271,0.0118713,0.0880727,-0.00872253,0.0734837,-0.0119152,0,0,0
1780599450123957,30.7616,-0.008194,-0.0860785,-4.98819,0,0,-5,-0.008194,-0.0860785,0.0118103,0.0872704,-0.00905049,0.0743286,-0.0125583,0,0,0
1780599450139957,30.7776,-0.00852843,-0.0854539,-4.98825,0,0,-5,-0.00852843,-0.0854539,0.0117493,0.0866785,-0.00981918,0.0752145,-0.0134094,0,0,0
1780599450163957,30.8016,-0.00902323,-0.08442,-4.98834,0,0,-5,-0.00902323,-0.08442,0.0116577,0.0856974,-0.00904471,0.0767815,-0.0127143,0,0,0
1780599450179957,30.8176,-0.00933713,-0.0836676,-4.98843,0,0,-5,-0.00933713,-0.0836676,0.0115662,0.0849778,-0.00861081,0.0774477,-0.0125726,0,0,0
1780599450203957,30.8416,-0.00974548,-0.0844025,-4.98801,0,0,-5,-0.00974548,-0.0844025,0.0119934,0.0858056,-0.00777842,0.0769391,-0.0119913,0,0,0
1780599450219957,30.8576,-0.0100216,-0.0847882,-4.98773,0,0,-5,-0.0100216,-0.0847882,0.0122681,0.0862553,-0.00815911,0.0768555,-0.0112526,0,0,0
1780599450235957,30.8736,-0.0102815,-0.0850877,-4.98749,0,0,-5,-0.0102815,-0.0850877,0.0125122,0.0866151,-0.00708782,0.0763278,-0.0104988,0,0,0
1780599450259957,30.8976,-0.0106423,-0.0854089,-4.98712,0,0,-5,-0.0106423,-0.0854089,0.0128784,0.0870276,-0.00666489,0.0758653,-0.00882937,0,0,0
1780599450283957,30.9216,-0.01101,-0.0855654,-4.98679,0,0,-5,-0.01101,-0.0855654,0.0132141,0.087277,-0.00781688,0.0756953,-0.00817052,0,0,0
1780599450299957,30.9376,-0.011261,-0.085571,-4.98657,0,0,-5,-0.011261,-0.085571,0.0134277,0.0873471,-0.00770375,0.0764666,-0.00975849,0,0,0
1780599450323957,30.9616,-0.0116257,-0.0854525,-4.98633,0,0,-5,-0.0116257,-0.0854525,0.0136719,0.0873167,-0.0075091,0.0771315,-0.0110439,0,0,0
1780599450339957,30.9776,-0.0118597,-0.085282,-4.98618,0,0,-5,-0.0118597,-0.085282,0.0138245,0.0872055,-0.00699196,0.0781668,-0.0104099,0,0,0
1780599450364043,31.0017,-0.012196,-0.0849076,-4.98599,0,0,-5,-0.012196,-0.0849076,0.0140076,0.0869152,-0.00681845,0.078452,-0.010128,0,0,0
1780599450380043,31.0177,-0.0124141,-0.08459,-4.98587,0,0,-5,-0.0124141,-0.08459,0.0141296,0.0866558,-0.00511416,0.078498,-0.0114382,0,0,0
1780599450404043,31.0417,-0.0126815,-0.0840201,-4.98581,0,0,-5,-0.0126815,-0.0840201,0.0141907,0.0861486,-0.00361191,0.0783239,-0.0124544,0,0,0
1780599450420043,31.0577,-0.0128514,-0.0835777,-4.98578,0,0,-5,-0.0128514,-0.0835777,0.0142212,0.0857475,-0.00262965,0.0791219,-0.0127857,0,0,0
1780599450444043,31.0817,-0.0130682,-0.0828528,-4.98578,0,0,-5,-0.0130682,-0.0828528,0.0142212,0.0850741,-0.000937358,0.0770036,-0.0132729,0,0,0
1780599450460043,31.0977,-0.0131925,-0.0823261,-4.98581,0,0,-5,-0.0131925,-0.0823261,0.0141907,0.0845755,-0.000267045,0.0771319,-0.0137672,0,0,0
1780599450484043,31.1217,-0.0133676,-0.0814628,-4.98584,0,0,-5,-0.0133676,-0.0814628,0.0141602,0.0837579,0.00022616,0.0773415,-0.0144549,0,0,0
1780599450500043,31.1377,-0.0134683,-0.0808568,-4.9859,0,0,-5,-0.0134683,-0.0808568,0.0140991,0.0831745,0.0010244,0.0757316,-0.0138727,0,0,0
1780599450524043,31.1617,-0.0136161,-0.0798989,-4.98596,0,0,-5,-0.0136161,-0.0798989,0.0140381,0.0822575,0.000293391,0.0756939,-0.0122461,0,0,0
1780599450540043,31.1777,-0.0137244,-0.0792084,-4.98599,0,0,-5,-0.0137244,-0.0792084,0.0140076,0.0815999,-0.000180495,0.0761819,-0.0116776,0,0,0
1780599450564043,31.2017,-0.0138999,-0.0781066,-4.98599,0,0,-5,-0.0138999,-0.0781066,0.0140076,0.0805609,-0.000790256,0.076283,-0.00968007,0,0,0
1780599450580043,31.2177,-0.0140255,-0.0773377,-4.98602,0,0,-5,-0.0140255,-0.0773377,0.0139771,0.0798323,-0.000585866,0.0760222,-0.00939712,0,0,0
1780599450604043,31.2417,-0.0150106,-0.0793825,-4.98566,0,0,-5,-0.0150106,-0.0793825,0.0143433,0.0820526,-0.000630172,0.0758778,-0.0105324,0,0,0
1780599450620043,31.2577,-0.0156316,-0.0805929,-4.9855,0,0,-5,-0.0156316,-0.0805929,0.0144958,0.0833648,-0.000527806,0.0742461,-0.0113969,0,0,0
1780599450644043,31.2817,-0.0165226,-0.0822111,-4.98529,0,0,-5,-0.0165226,-0.0822111,0.0147095,0.0851354,-0.00043323,0.0727839,-0.0125297,0,0,0
1780599450660043,31.2977,-0.017086,-0.0831742,-4.98517,0,0,-5,-0.017086,-0.0831742,0.0148315,0.0861966,-0.00109442,0.0712417,-0.0144861,0,0,0
1780599450684043,31.3217,-0.0178796,-0.0844568,-4.98508,0,0,-5,-0.0178796,-0.0844568,0.0149231,0.0876089,0.000707563,0.069612,-0.0143023,0,0,0
1780599450700043,31.3377,-0.0183667,-0.0851896,-4.98502,0,0,-5,-0.0183667,-0.0851896,0.0149841,0.0884259,0.000689496,0.0706014,-0.0136601,0,0,0
1780599450724043,31.3617,-0.0190517,-0.086094,-4.98495,0,0,-5,-0.0190517,-0.086094,0.0150452,0.0894511,0.0017282,0.0701899,-0.0144032,0,0,0
1780599450740043,31.3777,-0.0194701,-0.0866036,-4.98495,0,0,-5,-0.0194701,-0.0866036,0.0150452,0.0900313,0.00231337,0.0690989,-0.0139998,0,0,0
1780599450764043,31.4017,-0.0200468,-0.0872678,-4.98492,0,0,-5,-0.0200468,-0.0872678,0.0150757,0.090801,0.00258077,0.0668614,-0.0134365,0,0,0
1780599450780043,31.4177,-0.0204031,-0.0876313,-4.98492,0,0,-5,-0.0204031,-0.0876313,0.0150757,0.0912294,0.00378819,0.066409,-0.013569,0,0,0
1780599450804043,31.4417,-0.02088,-0.0880244,-4.98495,0,0,-5,-0.02088,-0.0880244,0.0150452,0.0917095,0.00505314,0.067871,-0.0134917,0,0,0
1780599450820043,31.4577,-0.0211685,-0.0881824,-4.98499,0,0,-5,-0.0211685,-0.0881824,0.0150146,0.0919222,0.00538105,0.0682294,-0.0127271,0,0,0
1780599450844043,31.4817,-0.0215604,-0.0883141,-4.98502,0,0,-5,-0.0215604,-0.0883141,0.0149841,0.0921344,0.00639963,0.0673233,-0.0128918,0,0,0
1780599450860043,31.4977,-0.0217945,-0.0883414,-4.98505,0,0,-5,-0.0217945,-0.0883414,0.0149536,0.0922107,0.00650287,0.065724,-0.0124652,0,0,0
1780599450884043,31.5217,-0.0221197,-0.0882856,-4.98511,0,0,-5,-0.0221197,-0.0882856,0.0148926,0.0922248,0.00697983,0.0666504,-0.0125217,0,0,0
1780599450900043,31.5377,-0.0223087,-0.0881676,-4.98517,0,0,-5,-0.0223087,-0.0881676,0.0148315,0.0921476,0.00777686,0.0671252,-0.0131193,0,0,0
1780599450924043,31.5617,-0.0225646,-0.0878619,-4.98532,0,0,-5,-0.0225646,-0.0878619,0.014679,0.0918931,0.00787727,0.0681627,-0.013628,0,0,0
1780599450940043,31.5777,-0.0227132,-0.0875935,-4.98541,0,0,-5,-0.0227132,-0.0875935,0.0145874,0.0916586,0.00837775,0.0681702,-0.0136438,0,0,0
1780599450964043,31.6017,-0.0228912,-0.0871065,-4.9856,0,0,-5,-0.0228912,-0.0871065,0.0144043,0.0912087,0.00961764,0.0682827,-0.0157957,0,0,0
1780599450980043,31.6177,-0.0229962,-0.0867306,-4.98575,0,0,-5,-0.0229962,-0.0867306,0.0142517,0.0908523,0.00856522,0.0684521,-0.0161334,0,0,0
1780599451004043,31.6417,-0.0230855,-0.0877685,-4.98526,0,0,-5,-0.0230855,-0.0877685,0.01474,0.091943,0.00806885,0.0695497,-0.0163304,0,0,0
1780599451020043,31.6577,-0.0231324,-0.0883383,-4.98492,0,0,-5,-0.0231324,-0.0883383,0.0150757,0.0925529,0.00850502,0.0695711,-0.0156211,0,0,0
1780599451036043,31.6737,-0.0231861,-0.0888164,-4.98459,0,0,-5,-0.0231861,-0.0888164,0.0154114,0.0930777,0.00751322,0.069472,-0.0136936,0,0,0
1780599451060043,31.6977,-0.0232691,-0.0893833,-4.98413,0,0,-5,-0.0232691,-0.0893833,0.0158691,0.0937158,0.00646621,0.0699092,-0.0128276,0,0,0
1780599451084043,31.7217,-0.0233656,-0.0897728,-4.98367,0,0,-5,-0.0233656,-0.0897728,0.0163269,0.0941896,0.00541503,0.0683224,-0.0119034,0,0,0
1780599451100043,31.7377,-0.0234291,-0.0899611,-4.9834,0,0,-5,-0.0234291,-0.0899611,0.0166016,0.0944327,0.00527119,0.068141,-0.0124372,0,0,0
1780599451124043,31.7617,-0.0235241,-0.0900927,-4.98303,0,0,-5,-0.0235241,-0.0900927,0.0169678,0.0946466,0.00442232,0.0694752,-0.0128236,0,0,0
1780599451140043,31.7777,-0.0235787,-0.0900936,-4.98282,0,0,-5,-0.0235787,-0.0900936,0.0171814,0.0946996,0.00499938,0.0692692,-0.0132351,0,0,0
1780599451164043,31.8017,-0.0236449,-0.0899652,-4.98254,0,0,-5,-0.0236449,-0.0899652,0.0174561,0.0946442,0.00493381,0.0697907,-0.0135521,0,0,0
1780599451180043,31.8177,-0.0236901,-0.0898037,-4.98236,0,0,-5,-0.0236901,-0.0898037,0.0176392,0.0945361,0.0042904,0.0707787,-0.0132028,0,0,0
1780599451204043,31.8417,-0.023758,-0.0894474,-4.98218,0,0,-5,-0.023758,-0.0894474,0.0178223,0.0942492,0.00446968,0.0708869,-0.0144136,0,0,0
1780599451220043,31.8577,-0.0237923,-0.0891428,-4.98206,0,0,-5,-0.0237923,-0.0891428,0.0179443,0.0939921,0.00540174,0.0711843,-0.0154924,0,0,0
1780599451244043,31.8817,-0.0238146,-0.0885957,-4.98199,0,0,-5,-0.0238146,-0.0885957,0.0180054,0.0934908,0.0064922,0.070903,-0.0162356,0,0,0
1780599451260043,31.8977,-0.0238164,-0.0881617,-4.98196,0,0,-5,-0.0238164,-0.0881617,0.0180359,0.0930859,0.00604575,0.0718895,-0.016834,0,0,0
1780599451284043,31.9217,-0.0238195,-0.0874379,-4.98196,0,0,-5,-0.0238195,-0.0874379,0.0180359,0.0924016,0.00621848,0.0711945,-0.0163095,0,0,0
1780599451300043,31.9377,-0.0238172,-0.0869104,-4.98199,0,0,-5,-0.0238172,-0.0869104,0.0180054,0.0918959,0.00604484,0.0707162,-0.0154622,0,0,0
1780599451324043,31.9617,-0.0238067,-0.0860429,-4.98199,0,0,-5,-0.0238067,-0.0860429,0.0180054,0.0910733,0.00547375,0.0710942,-0.0158291,0,0,0
1780599451340043,31.9777,-0.023807,-0.0854265,-4.98206,0,0,-5,-0.023807,-0.0854265,0.0179443,0.090479,0.00486766,0.0707098,-0.0161737,0,0,0
1780599451364129,32.0018,-0.0238098,-0.0844205,-4.98215,0,0,-5,-0.0238098,-0.0844205,0.0178528,0.0895122,0.00496812,0.0719299,-0.0152998,0,0,0
1780599451380129,32.0178,-0.0238046,-0.0836961,-4.98221,0,0,-5,-0.0238046,-0.0836961,0.0177917,0.0888158,0.00488117,0.072416,-0.0150078,0,0,0
1780599451404129,32.0418,-0.0241805,-0.0853215,-4.98145,0,0,-5,-0.0241805,-0.0853215,0.0185547,0.090602,0.00488106,0.0716168,-0.015417,0,0,0
1780599451420129,32.0578,-0.0243987,-0.0862636,-4.98102,0,0,-5,-0.0243987,-0.0862636,0.0189819,0.0916353,0.00604887,0.0712955,-0.0155894,0,0,0
1780599451444129,32.0818,-0.0246817,-0.0875008,-4.98041,0,0,-5,-0.0246817,-0.0875008,0.0195923,0.0930023,0.00612795,0.0699084,-0.0129361,0,0,0
1780599451460129,32.0978,-0.0248599,-0.0882068,-4.98004,0,0,-5,-0.0248599,-0.0882068,0.0199585,0.0937912,0.00537746,0.0700898,-0.0143761,0,0,0
1780599451484129,32.1218,-0.0251196,-0.0890752,-4.97961,0,0,-5,-0.0251196,-0.0890752,0.0203857,0.094768,0.00620393,0.0705924,-0.0160365,0,0,0
1780599451500129,32.1378,-0.0252545,-0.089532,-4.97937,0,0,-5,-0.0252545,-0.089532,0.0206299,0.0952857,0.00712051,0.0708814,-0.0163338,0,0,0
1780599451516129,32.1538,-0.0253689,-0.0899108,-4.97919,0,0,-5,-0.0253689,-0.0899108,0.020813,0.0957116,0.00751395,0.07115,-0.0173129,0,0,0
1780599451540129,32.1778,-0.0254989,-0.0903028,-4.97897,0,0,-5,-0.0254989,-0.0903028,0.0210266,0.0961609,0.00815498,0.0729098,-0.0185213,0,0,0
1780599451564129,32.2018,-0.0255899,-0.090504,-4.97885,0,0,-5,-0.0255899,-0.090504,0.0211487,0.0964006,0.0094101,0.0740004,-0.0193177,0,0,0
1780599451580129,32.2178,-0.0256238,-0.0905386,-4.97876,0,0,-5,-0.0256238,-0.0905386,0.0212402,0.0964623,0.0101442,0.0746028,-0.0192245,0,0,0
1780599451596129,32.2338,-0.0256447,-0.0905162,-4.97873,0,0,-5,-0.0256447,-0.0905162,0.0212708,0.0964535,0.0101025,0.0729281,-0.0193883,0,0,0
1780599451620129,32.2578,-0.0256453,-0.0903831,-4.9787,0,0,-5,-0.0256453,-0.0903831,0.0213013,0.0963355,0.0113538,0.0726003,-0.0197643,0,0,0
1780599451636129,32.2738,-0.0256233,-0.0902296,-4.9787,0,0,-5,-0.0256233,-0.0902296,0.0213013,0.0961856,0.0116727,0.0718531,-0.021291,0,0,0
1780599451660129,32.2978,-0.0255499,-0.0899079,-4.97879,0,0,-5,-0.0255499,-0.0899079,0.0212097,0.0958441,0.0139838,0.0722352,-0.0212957,0,0,0
1780599451684129,32.3218,-0.0254234,-0.0894737,-4.97888,0,0,-5,-0.0254234,-0.0894737,0.0211182,0.0953827,0.0147428,0.071568,-0.0197686,0,0,0
1780599451700129,32.3378,-0.0253202,-0.0891232,-4.97897,0,0,-5,-0.0253202,-0.0891232,0.0210266,0.0950062,0.0151048,0.0720183,-0.0196079,0,0,0
1780599451724129,32.3618,-0.0251325,-0.0884867,-4.9791,0,0,-5,-0.0251325,-0.0884867,0.0209045,0.094332,0.0170263,0.0731697,-0.0199593,0,0,0
1780599451740129,32.3778,-0.0249759,-0.0879977,-4.97922,0,0,-5,-0.0249759,-0.0879977,0.0207825,0.0938046,0.0174737,0.073694,-0.0207009,0,0,0
1780599451764129,32.4018,-0.0247286,-0.087182,-4.97943,0,0,-5,-0.0247286,-0.087182,0.0205688,0.0929262,0.0184001,0.0730775,-0.020965,0,0,0
1780599451780129,32.4178,-0.0245443,-0.0865973,-4.97958,0,0,-5,-0.0245443,-0.0865973,0.0204163,0.0922949,0.0183235,0.0730007,-0.0191844,0,0,0
1780599451804129,32.4418,-0.0245268,-0.0872229,-4.97919,0,0,-5,-0.0245268,-0.0872229,0.020813,0.0929655,0.0178398,0.0727654,-0.0186025,0,0,0
1780599451820129,32.4578,-0.0244944,-0.0875231,-4.97894,0,0,-5,-0.0244944,-0.0875231,0.0210571,0.0932934,0.0181853,0.0730843,-0.0180448,0,0,0
1780599451844129,32.4818,-0.0244178,-0.0878512,-4.97864,0,0,-5,-0.0244178,-0.0878512,0.0213623,0.0936505,0.0188055,0.0708323,-0.0189437,0,0,0
1780599451860129,32.4978,-0.0243418,-0.0880043,-4.97845,0,0,-5,-0.0243418,-0.0880043,0.0215454,0.0938162,0.0189817,0.0696939,-0.0190675,0,0,0
1780599451884129,32.5218,-0.0242221,-0.0881143,-4.97827,0,0,-5,-0.0242221,-0.0881143,0.0217285,0.0939307,0.0176741,0.0703333,-0.0184599,0,0,0
1780599451900129,32.5378,-0.0241335,-0.088101,-4.97812,0,0,-5,-0.0241335,-0.088101,0.0218811,0.0939308,0.0183493,0.0705541,-0.0170025,0,0,0
1780599451924129,32.5618,-0.0239778,-0.0879872,-4.97797,0,0,-5,-0.0239778,-0.0879872,0.0220337,0.0938199,0.018317,0.0683023,-0.0163136,0,0,0
1780599451940129,32.5778,-0.0238641,-0.0878612,-4.97787,0,0,-5,-0.0238641,-0.0878612,0.0221252,0.0936943,0.0174035,0.0677577,-0.0163596,0,0,0
1780599451964129,32.6018,-0.0236925,-0.0875665,-4.97778,0,0,-5,-0.0236925,-0.0875665,0.0222168,0.093396,0.0179357,0.0682823,-0.0166582,0,0,0
1780599451980129,32.6178,-0.0235618,-0.0872956,-4.97772,0,0,-5,-0.0235618,-0.0872956,0.0222778,0.0931235,0.01771,0.0688522,-0.0177591,0,0,0
1780599452004129,32.6418,-0.0233692,-0.0867876,-4.97769,0,0,-5,-0.0233692,-0.0867876,0.0223083,0.092606,0.0174048,0.0689886,-0.0194305,0,0,0
1780599452020129,32.6578,-0.0232307,-0.0863827,-4.97772,0,0,-5,-0.0232307,-0.0863827,0.0222778,0.0921843,0.0177339,0.0701748,-0.0183941,0,0,0
1780599452036129,32.6738,-0.0230819,-0.0859247,-4.97772,0,0,-5,-0.0230819,-0.0859247,0.0222778,0.0917177,0.0174507,0.070482,-0.0186883,0,0,0
1780599452060129,32.6978,-0.0228474,-0.0851321,-4.97781,0,0,-5,-0.0228474,-0.0851321,0.0221863,0.090894,0.0182917,0.0719393,-0.0197447,0,0,0
1780599452084129,32.7218,-0.0225865,-0.084222,-4.97794,0,0,-5,-0.0225865,-0.084222,0.0220642,0.0899463,0.0183905,0.0731497,-0.0200253,0,0,0
1780599452100129,32.7378,-0.022415,-0.08355,-4.97803,0,0,-5,-0.022415,-0.08355,0.0219727,0.0892515,0.0176827,0.0731477,-0.0181035,0,0,0
1780599452116129,32.7538,-0.0222486,-0.0828581,-4.97812,0,0,-5,-0.0222486,-0.0828581,0.0218811,0.0885395,0.017396,0.0722982,-0.0179982,0,0,0
1780599452140129,32.7778,-0.0219977,-0.0817588,-4.97827,0,0,-5,-0.0219977,-0.0817588,0.0217285,0.0874101,0.0168468,0.0726629,-0.0190957,0,0,0
1780599452156129,32.7938,-0.0218328,-0.0809793,-4.97842,0,0,-5,-0.0218328,-0.0809793,0.0215759,0.0866016,0.016581,0.0737989,-0.0201423,0,0,0
1780599452180129,32.8178,-0.0215972,-0.0797217,-4.9787,0,0,-5,-0.0215972,-0.0797217,0.0213013,0.0852979,0.0152099,0.0761903,-0.021773,0,0,0
1780599452196129,32.8338,-0.0219265,-0.0799119,-4.97858,0,0,-5,-0.0219265,-0.0799119,0.0214233,0.08559,0.0160106,0.0767588,-0.0216647,0,0,0
1780599452220129,32.8578,-0.0223405,-0.0800521,-4.97845,0,0,-5,-0.0223405,-0.0800521,0.0215454,0.0858583,0.0166709,0.0755636,-0.0205378,0,0,0
1780599452244129,32.8818,-0.0227309,-0.0800321,-4.97836,0,0,-5,-0.0227309,-0.0800321,0.021637,0.085965,0.0135448,0.0767791,-0.0197856,0,0,0
1780599452260129,32.8978,-0.0229939,-0.0799265,-4.97833,0,0,-5,-0.0229939,-0.0799265,0.0216675,0.0859444,0.0127132,0.076513,-0.0201972,0,0,0
1780599452284129,32.9218,-0.0233529,-0.0796861,-4.97833,0,0,-5,-0.0233529,-0.0796861,0.0216675,0.0858179,0.0126052,0.0743502,-0.0205847,0,0,0
1780599452300129,32.9378,-0.0235656,-0.0794639,-4.97836,0,0,-5,-0.0235656,-0.0794639,0.021637,0.0856622,0.0130401,0.0747131,-0.0199202,0,0,0
1780599452316129,32.9538,-0.0237583,-0.0791834,-4.97839,0,0,-5,-0.0237583,-0.0791834,0.0216064,0.0854477,0.0129247,0.0742824,-0.02127,0,0,0
1780599452340129,32.9778,-0.0240263,-0.0786476,-4.97849,0,0,-5,-0.0240263,-0.0786476,0.0215149,0.0850035,0.0116639,0.0761318,-0.0204961,0,0,0
1780599452364217,33.0019,-0.0242834,-0.0779805,-4.97864,0,0,-5,-0.0242834,-0.0779805,0.0213623,0.0844215,0.0111888,0.0767704,-0.0203887,0,0,0
1780599452380217,33.0179,-0.024438,-0.0774595,-4.97876,0,0,-5,-0.024438,-0.0774595,0.0212402,0.0839544,0.0104524,0.0782502,-0.0223336,0,0,0
1780599452404217,33.0419,-0.024652,-0.0765783,-4.97897,0,0,-5,-0.024652,-0.0765783,0.0210266,0.0831509,0.01008,0.0779692,-0.0222745,0,0,0
1780599452420217,33.0579,-0.0247749,-0.0759428,-4.9791,0,0,-5,-0.0247749,-0.0759428,0.0209045,0.0825719,0.0106803,0.077827,-0.0228644,0,0,0
1780599452444217,33.0819,-0.024909,-0.0749014,-4.97931,0,0,-5,-0.024909,-0.0749014,0.0206909,0.0816014,0.0115596,0.0797995,-0.0222483,0,0,0
1780599452460217,33.0979,-0.0249695,-0.0741515,-4.97946,0,0,-5,-0.0249695,-0.0741515,0.0205383,0.0808934,0.0127046,0.0794551,-0.0230696,0,0,0
1780599452484217,33.1219,-0.0250117,-0.0729628,-4.97974,0,0,-5,-0.0250117,-0.0729628,0.0202637,0.0797482,0.0136166,0.0794867,-0.0223459,0,0,0
1780599452500217,33.1379,-0.0250052,-0.0721291,-4.97992,0,0,-5,-0.0250052,-0.0721291,0.0200806,0.0789373,0.0148461,0.0798733,-0.0218818,0,0,0
1780599452524217,33.1619,-0.0249507,-0.0707921,-4.98022,0,0,-5,-0.0249507,-0.0707921,0.0197754,0.0776217,0.0150602,0.0806141,-0.0222623,0,0,0
1780599452540217,33.1779,-0.0249008,-0.069853,-4.98044,0,0,-5,-0.0249008,-0.069853,0.0195618,0.0766952,0.0153505,0.0813305,-0.0226631,0,0,0
1780599452564217,33.2019,-0.0248167,-0.0683829,-4.9808,0,0,-5,-0.0248167,-0.0683829,0.0191956,0.0752367,0.0149248,0.0812482,-0.0230535,0,0,0
1780599452580217,33.2179,-0.0247398,-0.0673696,-4.98105,0,0,-5,-0.0247398,-0.0673696,0.0189514,0.0742286,0.0164556,0.0826214,-0.0222618,0,0,0
1780599452604217,33.2419,-0.0250997,-0.0674317,-4.98093,0,0,-5,-0.0250997,-0.0674317,0.0190735,0.0744367,0.0165534,0.0817245,-0.0203303,0,0,0
1780599452620217,33.2579,-0.0253072,-0.067384,-4.98083,0,0,-5,-0.0253072,-0.067384,0.019165,0.0744873,0.0168108,0.0817417,-0.0190503,0,0,0
1780599452644217,33.2819,-0.0255546,-0.0671899,-4.9808,0,0,-5,-0.0255546,-0.0671899,0.0191956,0.0744042,0.0180363,0.0802708,-0.0192251,0,0,0
1780599452660217,33.2979,-0.0256745,-0.0670014,-4.9808,0,0,-5,-0.0256745,-0.0670014,0.0191956,0.0742754,0.0185197,0.079381,-0.0206651,0,0,0
1780599452684217,33.3219,-0.0258037,-0.0666103,-4.9809,0,0,-5,-0.0258037,-0.0666103,0.019104,0.0739441,0.018996,0.0790847,-0.0215856,0,0,0
1780599452700217,33.3379,-0.0258635,-0.0662827,-4.98096,0,0,-5,-0.0258635,-0.0662827,0.019043,0.0736543,0.0190467,0.0788201,-0.0199787,0,0,0
1780599452724217,33.3619,-0.0259513,-0.0657103,-4.98108,0,0,-5,-0.0259513,-0.0657103,0.0189209,0.073139,0.0167218,0.0779625,-0.0207835,0,0,0
1780599452740217,33.3779,-0.0260083,-0.0652749,-4.98117,0,0,-5,-0.0260083,-0.0652749,0.0188293,0.0727447,0.016732,0.0774174,-0.0208812,0,0,0
1780599452764217,33.4019,-0.0260546,-0.0645439,-4.98141,0,0,-5,-0.0260546,-0.0645439,0.0185852,0.0720429,0.0179261,0.0773507,-0.0222974,0,0,0
1780599452780217,33.4179,-0.0260412,-0.0640021,-4.9816,0,0,-5,-0.0260412,-0.0640021,0.0184021,0.0715056,0.0190173,0.0774179,-0.0211951,0,0,0
1780599452804217,33.4419,-0.0259953,-0.0631356,-4.98187,0,0,-5,-0.0259953,-0.0631356,0.0181274,0.0706432,0.018134,0.076324,-0.0206819,0,0,0
1780599452820217,33.4579,-0.025954,-0.0625186,-4.98209,0,0,-5,-0.025954,-0.0625186,0.0179138,0.0700221,0.0181561,0.075706,-0.0205439,0,0,0
1780599452836217,33.4739,-0.0259009,-0.0618676,-4.98233,0,0,-5,-0.0259009,-0.0618676,0.0176697,0.0693591,0.0178501,0.0764592,-0.0213411,0,0,0
1780599452860217,33.4979,-0.0257834,-0.0608271,-4.9827,0,0,-5,-0.0257834,-0.0608271,0.0173035,0.0682944,0.0197807,0.0755534,-0.0198935,0,0,0
1780599452876217,33.5139,-0.0256767,-0.0600992,-4.98291,0,0,-5,-0.0256767,-0.0600992,0.0170898,0.0675519,0.0198669,0.0756877,-0.0197218,0,0,0
1780599452900217,33.5379,-0.0255018,-0.0589583,-4.98325,0,0,-5,-0.0255018,-0.0589583,0.0167542,0.0663862,0.0189313,0.0744479,-0.0190887,0,0,0
1780599452924217,33.5619,-0.0253206,-0.0577821,-4.98355,0,0,-5,-0.0253206,-0.0577821,0.016449,0.0651956,0.0181737,0.0734942,-0.0201698,0,0,0
1780599452940217,33.5779,-0.0251832,-0.0569599,-4.9838,0,0,-5,-0.0251832,-0.0569599,0.0162048,0.0643523,0.0190939,0.0744959,-0.0198096,0,0,0
1780599452964217,33.6019,-0.024948,-0.0556566,-4.98416,0,0,-5,-0.024948,-0.0556566,0.0158386,0.0630153,0.0200024,0.0758184,-0.019618,0,0,0
1780599452980217,33.6179,-0.0247683,-0.0547338,-4.98444,0,0,-5,-0.0247683,-0.0547338,0.015564,0.0620604,0.0200609,0.0762385,-0.0192254,0,0,0
1780599453004217,33.6419,-0.0254724,-0.0549347,-4.98459,0,0,-5,-0.0254724,-0.0549347,0.0154114,0.0624834,0.0182326,0.0744753,-0.0187755,0,0,0
1780599453020217,33.6579,-0.0259131,-0.0549871,-4.98471,0,0,-5,-0.0259131,-0.0549871,0.0152893,0.0626804,0.0173522,0.0749316,-0.0181775,0,0,0
1780599453044217,33.6819,-0.0265053,-0.0549197,-4.98492,0,0,-5,-0.0265053,-0.0549197,0.0150757,0.062817,0.0181524,0.0756975,-0.0169342,0,0,0
1780599453060217,33.6979,-0.0268557,-0.054789,-4.98505,0,0,-5,-0.0268557,-0.054789,0.0149536,0.0628225,0.0178257,0.0756173,-0.0174113,0,0,0
1780599453084217,33.7219,-0.0273378,-0.0544993,-4.98532,0,0,-5,-0.0273378,-0.0544993,0.014679,0.0627137,0.0169872,0.0743278,-0.0172078,0,0,0
1780599453100217,33.7379,-0.0276327,-0.0542476,-4.98547,0,0,-5,-0.0276327,-0.0542476,0.0145264,0.062589,0.0162743,0.0744585,-0.0156928,0,0,0
1780599453124217,33.7619,-0.0280533,-0.0537838,-4.98569,0,0,-5,-0.0280533,-0.0537838,0.0143127,0.062326,0.0154954,0.0730126,-0.0154875,0,0,0
1780599453140217,33.7779,-0.0283005,-0.0534337,-4.98584,0,0,-5,-0.0283005,-0.0534337,0.0141602,0.0621014,0.01625,0.0723738,-0.0152874,0,0,0
1780599453164217,33.8019,-0.0286228,-0.0528229,-4.98608,0,0,-5,-0.0286228,-0.0528229,0.013916,0.0616699,0.0157548,0.0730884,-0.0162532,0,0,0
1780599453180217,33.8179,-0.0288145,-0.05235,-4.98627,0,0,-5,-0.0288145,-0.05235,0.0137329,0.0613139,0.0159968,0.0729287,-0.0168346,0,0,0
1780599453204217,33.8419,-0.0290653,-0.0515638,-4.9866,0,0,-5,-0.0290653,-0.0515638,0.0133972,0.0606886,0.0154388,0.0733613,-0.0158778,0,0,0
1780599453220217,33.8579,-0.0292051,-0.0509908,-4.98679,0,0,-5,-0.0292051,-0.0509908,0.0132141,0.0602297,0.015179,0.0731711,-0.0145387,0,0,0
1780599453236217,33.8739,-0.0293274,-0.0503832,-4.98697,0,0,-5,-0.0293274,-0.0503832,0.013031,0.0597358,0.0156329,0.0730664,-0.014027,0,0,0
1780599453260217,33.8979,-0.0294733,-0.0494135,-4.98721,0,0,-5,-0.0294733,-0.0494135,0.0127869,0.0589396,0.0150103,0.0718702,-0.0142936,0,0,0
1780599453284217,33.9219,-0.0296146,-0.0484181,-4.98746,0,0,-5,-0.0296146,-0.0484181,0.0125427,0.0581262,0.0131156,0.0693633,-0.0152488,0,0,0
1780599453300217,33.9379,-0.0297068,-0.0477486,-4.98764,0,0,-5,-0.0297068,-0.0477486,0.0123596,0.0575776,0.0122706,0.0676433,-0.0146899,0,0,0
1780599453316217,33.9539,-0.0297999,-0.0470693,-4.98782,0,0,-5,-0.0297999,-0.0470693,0.0121765,0.0570247,0.0115282,0.0671548,-0.0158341,0,0,0
1780599453340217,33.9779,-0.0299083,-0.0460058,-4.9881,0,0,-5,-0.0299083,-0.0460058,0.0119019,0.0561488,0.0122632,0.0673502,-0.0170736,0,0,0
1780599453356217,33.9939,-0.0299352,-0.0452699,-4.98834,0,0,-5,-0.0299352,-0.0452699,0.0116577,0.0555102,0.012285,0.0666868,-0.0175562,0,0,0
1780599453380304,34.018,-0.0299725,-0.0441356,-4.98868,0,0,-5,-0.0299725,-0.0441356,0.011322,0.0545389,0.0113555,0.0665318,-0.0167157,0,0,0
1780599453404304,34.042,-0.0306901,-0.0453095,-4.98871,0,0,-5,-0.0306901,-0.0453095,0.0112915,0.0558778,0.0114798,0.0648524,-0.0165807,0,0,0
1780599453420304,34.058,-0.0311268,-0.0459885,-4.98877,0,0,-5,-0.0311268,-0.0459885,0.0112305,0.0566564,0.0112548,0.0647863,-0.0157979,0,0,0
1780599453444304,34.082,-0.0317179,-0.0468434,-4.9888,0,0,-5,-0.0317179,-0.0468434,0.0112,0.0576694,0.0115417,0.063842,-0.0142463,0,0,0
1780599453460304,34.098,-0.0320694,-0.0473242,-4.98883,0,0,-5,-0.0320694,-0.0473242,0.0111694,0.0582476,0.0124085,0.0623918,-0.0126821,0,0,0
1780599453484304,34.122,-0.0325212,-0.0479343,-4.98886,0,0,-5,-0.0325212,-0.0479343,0.0111389,0.0589864,0.0130548,0.0608316,-0.0102688,0,0,0
1780599453500304,34.138,-0.032788,-0.0482552,-4.98883,0,0,-5,-0.032788,-0.0482552,0.0111694,0.0594001,0.0141066,0.061299,-0.00944006,0,0,0
1780599453524304,34.162,-0.0331269,-0.048622,-4.98883,0,0,-5,-0.0331269,-0.048622,0.0111694,0.0598853,0.0144042,0.0600046,-0.0082142,0,0,0
1780599453540304,34.178,-0.0333248,-0.0487983,-4.98883,0,0,-5,-0.0333248,-0.0487983,0.0111694,0.0601379,0.0149012,0.058999,-0.00847942,0,0,0
1780599453564304,34.202,-0.0335872,-0.0489808,-4.98889,0,0,-5,-0.0335872,-0.0489808,0.0111084,0.0604203,0.0138685,0.0572229,-0.00872976,0,0,0
1780599453580304,34.218,-0.0337338,-0.0490393,-4.98895,0,0,-5,-0.0337338,-0.0490393,0.0110474,0.0605382,0.0143677,0.0585697,-0.00822336,0,0,0
1780599453604304,34.242,-0.0339253,-0.0489995,-4.98904,0,0,-5,-0.0339253,-0.0489995,0.0109558,0.0605962,0.014151,0.0587337,-0.0100711,0,0,0
1780599453620304,34.258,-0.0340208,-0.0489027,-4.98911,0,0,-5,-0.0340208,-0.0489027,0.0108948,0.0605606,0.0146726,0.0591891,-0.00984595,0,0,0
1780599453644304,34.282,-0.0341382,-0.0486609,-4.98923,0,0,-5,-0.0341382,-0.0486609,0.0107727,0.0604098,0.0151235,0.0596305,-0.0100239,0,0,0
1780599453660304,34.298,-0.0341968,-0.0484392,-4.98932,0,0,-5,-0.0341968,-0.0484392,0.0106812,0.0602484,0.0152603,0.059848,-0.0109618,0,0,0
1780599453684304,34.322,-0.0342492,-0.0480274,-4.98947,0,0,-5,-0.0342492,-0.0480274,0.0105286,0.0599207,0.0158658,0.0594929,-0.0126161,0,0,0
1780599453700304,34.338,-0.0342563,-0.0477093,-4.98959,0,0,-5,-0.0342563,-0.0477093,0.0104065,0.0596487,0.0162147,0.0588481,-0.0124511,0,0,0
1780599453724304,34.362,-0.0342322,-0.0471808,-4.98978,0,0,-5,-0.0342322,-0.0471808,0.0102234,0.059181,0.0166918,0.0578845,-0.0107692,0,0,0
1780599453740304,34.378,-0.0341977,-0.0467797,-4.98987,0,0,-5,-0.0341977,-0.0467797,0.0101318,0.0588259,0.016724,0.058141,-0.0112793,0,0,0
1780599453764304,34.402,-0.0341039,-0.0461339,-4.99011,0,0,-5,-0.0341039,-0.0461339,0.0098877,0.0582166,0.0179287,0.0574133,-0.0126546,0,0,0
1780599453780304,34.418,-0.0340083,-0.0456861,-4.99026,0,0,-5,-0.0340083,-0.0456861,0.00973511,0.0577803,0.0181774,0.0564077,-0.0121752,0,0,0
1780599453804304,34.442,-0.034387,-0.0477763,-4.99014,0,0,-5,-0.034387,-0.0477763,0.00985718,0.0596842,0.0188139,0.05536,-0.0131806,0,0,0
1780599453820304,34.458,-0.0345925,-0.0490496,-4.99011,0,0,-5,-0.0345925,-0.0490496,0.0098877,0.0608299,0.0193322,0.052913,-0.0137794,0,0,0
1780599453844304,34.482,-0.03485,-0.0507943,-4.99008,0,0,-5,-0.03485,-0.0507943,0.00991821,0.0623935,0.0187959,0.0512398,-0.0147698,0,0,0
1780599453860304,34.498,-0.0350011,-0.0518652,-4.99008,0,0,-5,-0.0350011,-0.0518652,0.00991821,0.0633517,0.0182364,0.0486202,-0.0142844,0,0,0
1780599453884304,34.522,-0.0352079,-0.0533321,-4.99005,0,0,-5,-0.0352079,-0.0533321,0.00994873,0.0646753,0.0172292,0.0470583,-0.0127313,0,0,0
1780599453900304,34.538,-0.0353185,-0.0542153,-4.99005,0,0,-5,-0.0353185,-0.0542153,0.00994873,0.065465,0.0180244,0.046783,-0.0125925,0,0,0
1780599453924304,34.562,-0.0354549,-0.0553798,-4.99005,0,0,-5,-0.0354549,-0.0553798,0.00994873,0.0665053,0.0172641,0.0456868,-0.012213,0,0,0
1780599453940304,34.578,-0.0355388,-0.0560805,-4.99005,0,0,-5,-0.0355388,-0.0560805,0.00994873,0.0671342,0.0165888,0.0444195,-0.0132295,0,0,0
1780599453964304,34.602,-0.0356514,-0.0570085,-4.99011,0,0,-5,-0.0356514,-0.0570085,0.0098877,0.0679614,0.0156536,0.0446025,-0.0125484,0,0,0
1780599453980304,34.618,-0.0357063,-0.0575284,-4.99014,0,0,-5,-0.0357063,-0.0575284,0.00985718,0.0684223,0.0166634,0.045356,-0.0108548,0,0,0
1780599454004304,34.642,-0.0357353,-0.0581797,-4.9902,0,0,-5,-0.0357353,-0.0581797,0.00979614,0.0689772,0.017604,0.0451599,-0.0104206,0,0,0
1780599454020304,34.658,-0.0357246,-0.0585397,-4.99023,0,0,-5,-0.0357246,-0.0585397,0.00976562,0.0692713,0.0177796,0.0447616,-0.0102106,0,0,0
1780599454044304,34.682,-0.035671,-0.0589817,-4.9903,0,0,-5,-0.035671,-0.0589817,0.00970459,0.0696092,0.0183899,0.0440167,-0.00959861,0,0,0
1780599454060304,34.698,-0.0356196,-0.0592257,-4.99036,0,0,-5,-0.0356196,-0.0592257,0.00964355,0.0697814,0.0186109,0.0433324,-0.0100302,0,0,0
1780599454084304,34.722,-0.0355188,-0.0594712,-4.99048,0,0,-5,-0.0355188,-0.0594712,0.00952148,0.0699218,0.0190376,0.0461025,-0.011042,0,0,0
1780599454100304,34.738,-0.0354198,-0.0595491,-4.99057,0,0,-5,-0.0354198,-0.0595491,0.00942993,0.0699255,0.0200612,0.0460957,-0.0115394,0,0,0
1780599454124304,34.762,-0.035238,-0.0595785,-4.99066,0,0,-5,-0.035238,-0.0595785,0.00933838,0.0698464,0.0200975,0.0470655,-0.0108743,0,0,0
1780599454140304,34.778,-0.0351039,-0.0595078,-4.99072,0,0,-5,-0.0351039,-0.0595078,0.00927734,0.0697103,0.0206236,0.0486515,-0.0113772,0,0,0
1780599454164304,34.802,-0.0348515,-0.059313,-4.99084,0,0,-5,-0.0348515,-0.059313,0.00915527,0.0694008,0.0217273,0.048465,-0.0103254,0,0,0
1780599454180304,34.818,-0.0346747,-0.059127,-4.99094,0,0,-5,-0.0346747,-0.059127,0.00906372,0.069141,0.0201028,0.0488792,-0.00996823,0,0,0
1780599454204304,34.842,-0.0350617,-0.0611205,-4.99081,0,0,-5,-0.0350617,-0.0611205,0.00918579,0.0710593,0.0210548,0.0464454,-0.00923188,0,0,0
1780599454220304,34.858,-0.0352843,-0.0623386,-4.99075,0,0,-5,-0.0352843,-0.0623386,0.00924683,0.0722259,0.0211898,0.0459691,-0.00892771,0,0,0
1780599454244304,34.882,-0.0355615,-0.0639836,-4.99069,0,0,-5,-0.0355615,-0.0639836,0.00930786,0.0737913,0.0215667,0.0457575,-0.0100686,0,0,0
1780599454260304,34.898,-0.035718,-0.0649498,-4.99072,0,0,-5,-0.035718,-0.0649498,0.00927734,0.0747016,0.0200281,0.046665,-0.0102411,0,0,0
1780599454276304,34.914,-0.0358754,-0.0658217,-4.99075,0,0,-5,-0.0358754,-0.0658217,0.00924683,0.0755317,0.0195149,0.0460314,-0.010027,0,0,0
1780599454300304,34.938,-0.03606,-0.0669641,-4.99081,0,0,-5,-0.03606,-0.0669641,0.00918579,0.0766087,0.0194987,0.0472218,-0.0100758,0,0,0
1780599454324304,34.962,-0.0361968,-0.0678933,-4.99091,0,0,-5,-0.0361968,-0.0678933,0.00909424,0.0774753,0.0201052,0.0480317,-0.00979171,0,0,0
1780599454340304,34.978,-0.0362675,-0.0684275,-4.99097,0,0,-5,-0.0362675,-0.0684275,0.0090332,0.0779695,0.0187821,0.0472593,-0.0102908,0,0,0
1780599454364304,35.002,-0.0363615,-0.0691021,-4.99109,0,0,-5,-0.0363615,-0.0691021,0.00891113,0.0785918,0.0194116,0.0474324,-0.0101984,0,0,0
1780599454380396,35.0181,-0.0364,-0.0694609,-4.99118,0,0,-5,-0.0364,-0.0694609,0.00881958,0.0789149,0.0183926,0.0484017,-0.0109816,0,0,0
1780599454404396,35.0421,-0.0364387,-0.0698797,-4.9913,0,0,-5,-0.0364387,-0.0698797,0.00869751,0.0792881,0.019087,0.0483381,-0.0101933,0,0,0
1780599454420396,35.0581,-0.0364171,-0.0700807,-4.99139,0,0,-5,-0.0364171,-0.0700807,0.00860596,0.0794454,0.0201856,0.0483518,-0.0101649,0,0,0
1780599454444396,35.0821,-0.0363362,-0.0702978,-4.99152,0,0,-5,-0.0363362,-0.0702978,0.00848389,0.0795869,0.0206766,0.0472893,-0.00934849,0,0,0
1780599454460396,35.0981,-0.0362676,-0.0703842,-4.99161,0,0,-5,-0.0362676,-0.0703842,0.00839233,0.0796223,0.0207826,0.0475426,-0.00979607,0,0,0
1780599454484396,35.1221,-0.0361177,-0.0703855,-4.99179,0,0,-5,-0.0361177,-0.0703855,0.00820923,0.0795362,0.0216612,0.0493245,-0.0105844,0,0,0
1780599454500396,35.1381,-0.0359842,-0.070303,-4.99188,0,0,-5,-0.0359842,-0.070303,0.00811768,0.0793932,0.0219043,0.0502307,-0.0086683,0,0,0
1780599454524396,35.1621,-0.0357576,-0.0700736,-4.99207,0,0,-5,-0.0357576,-0.0700736,0.00793457,0.0790688,0.0214253,0.0519858,-0.0075074,0,0,0
1780599454540396,35.1781,-0.0356028,-0.0698434,-4.99222,0,0,-5,-0.0356028,-0.0698434,0.00778198,0.0787795,0.0215373,0.0530756,-0.0074693,0,0,0
1780599454564396,35.2021,-0.0353581,-0.0693958,-4.99243,0,0,-5,-0.0353581,-0.0693958,0.00756836,0.0782513,0.0207525,0.0538979,-0.00782732,0,0,0
1780599454580396,35.2181,-0.0351889,-0.0690555,-4.99255,0,0,-5,-0.0351889,-0.0690555,0.00744629,0.0778613,0.0216652,0.0539612,-0.00649718,0,0,0
1780599454604396,35.2421,-0.0350957,-0.0705919,-4.99252,0,0,-5,-0.0350957,-0.0705919,0.00747681,0.0791886,0.0208803,0.0553058,-0.00763463,0,0,0
1780599454620396,35.2581,-0.0350191,-0.0714847,-4.99249,0,0,-5,-0.0350191,-0.0714847,0.00750732,0.0799547,0.0209107,0.0549907,-0.00774227,0,0,0
1780599454644396,35.2821,-0.0348974,-0.0726566,-4.99249,0,0,-5,-0.0348974,-0.0726566,0.00750732,0.0809517,0.0205674,0.0539311,-0.00861362,0,0,0
1780599454660396,35.2981,-0.0347826,-0.0733394,-4.99252,0,0,-5,-0.0347826,-0.0733394,0.00747681,0.0815132,0.0219742,0.0527489,-0.00843227,0,0,0
1780599454684396,35.3221,-0.0345697,-0.0742127,-4.99252,0,0,-5,-0.0345697,-0.0742127,0.00747681,0.08221,0.0221231,0.0538194,-0.00792531,0,0,0
1780599454700396,35.3381,-0.0344077,-0.0746781,-4.99252,0,0,-5,-0.0344077,-0.0746781,0.00747681,0.0825628,0.0222786,0.0547801,-0.00691341,0,0,0
1780599454724396,35.3621,-0.0341569,-0.075217,-4.99255,0,0,-5,-0.0341569,-0.075217,0.00744629,0.0829442,0.0222582,0.0555091,-0.0073641,0,0,0
1780599454740396,35.3781,-0.0339748,-0.0754871,-4.99258,0,0,-5,-0.0339748,-0.0754871,0.00741577,0.0831118,0.0224514,0.0555827,-0.00867548,0,0,0
1780599454764396,35.4021,-0.0336477,-0.0757743,-4.99268,0,0,-5,-0.0336477,-0.0757743,0.00732422,0.0832319,0.0244039,0.0551684,-0.00739657,0,0,0
1780599454780396,35.4181,-0.0334051,-0.0758895,-4.99274,0,0,-5,-0.0334051,-0.0758895,0.00726318,0.0832339,0.0245359,0.0560087,-0.00806446,0,0,0
1780599454796396,35.4341,-0.0331493,-0.0759315,-4.99283,0,0,-5,-0.0331493,-0.0759315,0.00717163,0.0831619,0.0250237,0.0562203,-0.00922762,0,0,0
1780599454820396,35.4581,-0.0327418,-0.0758985,-4.99295,0,0,-5,-0.0327418,-0.0758985,0.00704956,0.0829597,0.0256222,0.0558994,-0.00919393,0,0,0
1780599454844396,35.4821,-0.0323009,-0.0757321,-4.99304,0,0,-5,-0.0323009,-0.0757321,0.00695801,0.0826264,0.0257457,0.0579666,-0.00856904,0,0,0
1780599454860396,35.4981,-0.0320032,-0.0755391,-4.9931,0,0,-5,-0.0320032,-0.0755391,0.00689697,0.0823282,0.0255375,0.0585575,-0.00888442,0,0,0
1780599454876396,35.5141,-0.0317088,-0.0753111,-4.99319,0,0,-5,-0.0317088,-0.0753111,0.00680542,0.0819971,0.0249239,0.0566717,-0.00974856,0,0,0
1780599454900396,35.5381,-0.0312532,-0.0749101,-4.99329,0,0,-5,-0.0312532,-0.0749101,0.00671387,0.0814454,0.0250974,0.0560406,-0.00928218,0,0,0
1780599454924396,35.5621,-0.0307732,-0.0744346,-4.99341,0,0,-5,-0.0307732,-0.0744346,0.0065918,0.0808143,0.0253242,0.0555642,-0.0106945,0,0,0
1780599454940396,35.5781,-0.0304401,-0.074081,-4.99353,0,0,-5,-0.0304401,-0.074081,0.00646973,0.0803521,0.0258502,0.0555961,-0.0128017,0,0,0
1780599454964396,35.6021,-0.0299066,-0.07345,-4.99371,0,0,-5,-0.0299066,-0.07345,0.00628662,0.079554,0.0280339,0.0579986,-0.0121268,0,0,0
1780599454980396,35.6181,-0.0295033,-0.0729665,-4.9938,0,0,-5,-0.0295033,-0.0729665,0.00619507,0.0789489,0.0300372,0.0580759,-0.01211,0,0,0
1780599455004396,35.6421,-0.0297872,-0.0743117,-4.99393,0,0,-5,-0.0297872,-0.0743117,0.006073,0.0802894,0.0306332,0.057967,-0.0101985,0,0,0
1780599455020396,35.6581,-0.0299419,-0.075083,-4.99396,0,0,-5,-0.0299419,-0.075083,0.00604248,0.0810586,0.0292709,0.0586229,-0.00879418,0,0,0
1780599455044396,35.6821,-0.0301516,-0.0760448,-4.99405,0,0,-5,-0.0301516,-0.0760448,0.00595093,0.0820204,0.0277042,0.0591491,-0.0083209,0,0,0
1780599455060396,35.6981,-0.0302723,-0.076573,-4.99411,0,0,-5,-0.0302723,-0.076573,0.00588989,0.0825502,0.0267324,0.0595227,-0.00852208,0,0,0
1780599455084396,35.7221,-0.030408,-0.0772045,-4.99423,0,0,-5,-0.030408,-0.0772045,0.00576782,0.0831772,0.0268827,0.060017,-0.00726275,0,0,0
1780599455100396,35.7381,-0.0304621,-0.0775271,-4.99429,0,0,-5,-0.0304621,-0.0775271,0.00570679,0.0834922,0.0275092,0.0594282,-0.00689142,0,0,0
1780599455124396,35.7621,-0.0304585,-0.077904,-4.99442,0,0,-5,-0.0304585,-0.077904,0.00558472,0.0838328,0.0293701,0.0577204,-0.00594205,0,0,0
1780599455140396,35.7781,-0.0304297,-0.0780928,-4.99451,0,0,-5,-0.0304297,-0.0780928,0.00549316,0.0839919,0.0287599,0.0568418,-0.00519918,0,0,0
1780599455164396,35.8021,-0.0303504,-0.0782736,-4.9946,0,0,-5,-0.0303504,-0.0782736,0.00540161,0.0841253,0.028442,0.0571316,-0.00614243,0,0,0
1780599455180396,35.8181,-0.030272,-0.0783082,-4.99469,0,0,-5,-0.030272,-0.0783082,0.00531006,0.0841235,0.0286852,0.0580823,-0.00654764,0,0,0
1780599455204396,35.8421,-0.0301184,-0.0782539,-4.99484,0,0,-5,-0.0301184,-0.0782539,0.00515747,0.0840083,0.0280619,0.057589,-0.00683663,0,0,0
1780599455220396,35.8581,-0.0300178,-0.0781492,-4.99493,0,0,-5,-0.0300178,-0.0781492,0.00506592,0.0838691,0.0276456,0.0578747,-0.00544492,0,0,0
1780599455244396,35.8821,-0.0298319,-0.0778955,-4.99503,0,0,-5,-0.0298319,-0.0778955,0.00497437,0.0835607,0.0283382,0.0579148,-0.00510709,0,0,0
1780599455260396,35.8981,-0.0296852,-0.0776663,-4.99509,0,0,-5,-0.0296852,-0.0776663,0.00491333,0.083291,0.0271951,0.0584228,-0.0062581,0,0,0
1780599455276396,35.9141,-0.0295508,-0.0773927,-4.99515,0,0,-5,-0.0295508,-0.0773927,0.00485229,0.0829845,0.0258573,0.0582322,-0.00442926,0,0,0
1780599455300396,35.9381,-0.0293596,-0.0768875,-4.99521,0,0,-5,-0.0293596,-0.0768875,0.00479126,0.0824417,0.0243094,0.0594341,-0.00189837,0,0,0
1780599455324396,35.9621,-0.0291635,-0.0762524,-4.99521,0,0,-5,-0.0291635,-0.0762524,0.00479126,0.0817796,0.0231225,0.0609465,-0.000648253,0,0,0
1780599455340396,35.9781,-0.0290066,-0.0757715,-4.99521,0,0,-5,-0.0290066,-0.0757715,0.00479126,0.0812752,0.0252145,0.0612934,-0.000412602,0,0,0
1780599455364396,36.0021,-0.0287221,-0.0749673,-4.99518,0,0,-5,-0.0287221,-0.0749673,0.00482178,0.0804258,0.0252804,0.0627639,-0.000313767,0,0,0
1780599455380489,36.0182,-0.0285222,-0.0743778,-4.99521,0,0,-5,-0.0285222,-0.0743778,0.00479126,0.079803,0.0248868,0.0624407,-0.00168744,0,0,0
1780599455396489,36.0342,-0.0289525,-0.0752543,-4.99506,0,0,-5,-0.0289525,-0.0752543,0.00494385,0.0807831,0.0242635,0.0632128,-0.00234514,0,0,0
1780599455420489,36.0582,-0.0295066,-0.0763753,-4.99481,0,0,-5,-0.0295066,-0.0763753,0.00518799,0.0820411,0.0257468,0.0632539,-0.00188112,0,0,0
1780599455444489,36.0822,-0.0299554,-0.0772573,-4.99466,0,0,-5,-0.0299554,-0.0772573,0.00534058,0.0830334,0.0254294,0.0654071,-0.00453924,0,0,0
1780599455460489,36.0982,-0.0302153,-0.0777088,-4.99457,0,0,-5,-0.0302153,-0.0777088,0.00543213,0.0835531,0.0257454,0.0651398,-0.00502704,0,0,0
1780599455484489,36.1222,-0.0305121,-0.0782473,-4.99442,0,0,-5,-0.0305121,-0.0782473,0.00558472,0.0841714,0.02706,0.0645023,-0.00551653,0,0,0
1780599455500489,36.1382,-0.0306716,-0.078531,-4.99432,0,0,-5,-0.0306716,-0.078531,0.00567627,0.084499,0.0268394,0.0625041,-0.00512889,0,0,0
1780599455524489,36.1622,-0.0308492,-0.0788529,-4.99423,0,0,-5,-0.0308492,-0.0788529,0.00576782,0.0848689,0.0278868,0.0624512,-0.00522188,0,0,0
1780599455540489,36.1782,-0.0309245,-0.0789855,-4.99417,0,0,-5,-0.0309245,-0.0789855,0.00582886,0.0850236,0.027618,0.0618862,-0.00589428,0,0,0
1780599455556489,36.1942,-0.030985,-0.0790417,-4.99411,0,0,-5,-0.030985,-0.0790417,0.00588989,0.085102,0.026695,0.0637749,-0.00604791,0,0,0
1780599455580489,36.2182,-0.0310462,-0.0789793,-4.99405,0,0,-5,-0.0310462,-0.0789793,0.00595093,0.0850706,0.0253051,0.0650628,-0.00567499,0,0,0
1780599455604489,36.2422,-0.031073,-0.0787722,-4.99402,0,0,-5,-0.031073,-0.0787722,0.00598145,0.0848904,0.0261654,0.0647427,-0.00670936,0,0,0
1780599455620489,36.2582,-0.0310582,-0.0785847,-4.99402,0,0,-5,-0.0310582,-0.0785847,0.00598145,0.084711,0.0256918,0.0634954,-0.00700138,0,0,0
1780599455636489,36.2742,-0.0310031,-0.0783536,-4.99402,0,0,-5,-0.0310031,-0.0783536,0.00598145,0.0844763,0.0277025,0.063915,-0.00754015,0,0,0
1780599455660489,36.2982,-0.0308624,-0.0779009,-4.99405,0,0,-5,-0.0308624,-0.0779009,0.00595093,0.0840027,0.0271298,0.0650932,-0.00723059,0,0,0
1780599455684489,36.3222,-0.0306958,-0.0773266,-4.99411,0,0,-5,-0.0306958,-0.0773266,0.00588989,0.0834046,0.0275991,0.0653075,-0.00658759,0,0,0
1780599455700489,36.3382,-0.0305449,-0.0768699,-4.99417,0,0,-5,-0.0305449,-0.0768699,0.00582886,0.0829214,0.0278087,0.0673845,-0.00585018,0,0,0
1780599455724489,36.3622,-0.0303112,-0.0760906,-4.9942,0,0,-5,-0.0303112,-0.0760906,0.00579834,0.0821107,0.0267907,0.0668503,-0.00420823,0,0,0
1780599455740489,36.3782,-0.0301505,-0.0755309,-4.99423,0,0,-5,-0.0301505,-0.0755309,0.00576782,0.0815306,0.0263534,0.067191,-0.00474437,0,0,0
1780599455764489,36.4022,-0.0298822,-0.0745996,-4.99426,0,0,-5,-0.0298822,-0.0745996,0.0057373,0.0805665,0.0261119,0.0683253,-0.00605473,0,0,0
1780599455780489,36.4182,-0.0296887,-0.0739348,-4.99432,0,0,-5,-0.0296887,-0.0739348,0.00567627,0.0798748,0.0261227,0.0676947,-0.00623177,0,0,0
1780599455804489,36.4422,-0.0296671,-0.0744916,-4.99411,0,0,-5,-0.0296671,-0.0744916,0.00588989,0.0803979,0.0264111,0.0659778,-0.00643677,0,0,0
1780599455820489,36.4582,-0.0296219,-0.0747778,-4.99396,0,0,-5,-0.0296219,-0.0747778,0.00604248,0.0806579,0.026883,0.0656232,-0.0055291,0,0,0
1780599455844489,36.4822,-0.0294967,-0.0750621,-4.99377,0,0,-5,-0.0294967,-0.0750621,0.00622559,0.0808897,0.0270314,0.0652126,-0.00566742,0,0,0
1780599455860489,36.4982,-0.029389,-0.0751771,-4.99368,0,0,-5,-0.029389,-0.0751771,0.00631714,0.0809643,0.0280802,0.0650247,-0.00526683,0,0,0
1780599455884489,36.5222,-0.0291732,-0.0752251,-4.9935,0,0,-5,-0.0291732,-0.0752251,0.00650024,0.0809454,0.0281788,0.0649075,-0.00487781,0,0,0
1780599455900489,36.5382,-0.0290221,-0.0751791,-4.99341,0,0,-5,-0.0290221,-0.0751791,0.0065918,0.0808556,0.0276941,0.0647809,-0.00510103,0,0,0
1780599455924489,36.5622,-0.0287417,-0.0750163,-4.99332,0,0,-5,-0.0287417,-0.0750163,0.00668335,0.0806114,0.0295953,0.064317,-0.00581408,0,0,0
1780599455940489,36.5782,-0.0285143,-0.0748326,-4.99329,0,0,-5,-0.0285143,-0.0748326,0.00671387,0.0803621,0.0297703,0.0656488,-0.00650986,0,0,0
1780599455964489,36.6022,-0.0281477,-0.0744498,-4.99326,0,0,-5,-0.0281477,-0.0744498,0.00674438,0.0798784,0.0299584,0.0645864,-0.00724383,0,0,0
1780599455980489,36.6182,-0.0278884,-0.074162,-4.99326,0,0,-5,-0.0278884,-0.074162,0.00674438,0.0795189,0.0288987,0.063107,-0.00751371,0,0,0
1780599456004489,36.6422,-0.0274943,-0.0736672,-4.99332,0,0,-5,-0.0274943,-0.0736672,0.00668335,0.0789142,0.0277232,0.0624802,-0.00821855,0,0,0
1780599456020489,36.6582,-0.0272468,-0.0732805,-4.99335,0,0,-5,-0.0272468,-0.0732805,0.00665283,0.0784645,0.0266637,0.0633676,-0.00827889,0,0,0
1780599456044489,36.6822,-0.0268544,-0.0726289,-4.99344,0,0,-5,-0.0268544,-0.0726289,0.00656128,0.0777121,0.0262544,0.0627056,-0.00893089,0,0,0
1780599456060489,36.6982,-0.0265922,-0.0721495,-4.9935,0,0,-5,-0.0265922,-0.0721495,0.00650024,0.0771683,0.025909,0.062511,-0.00840708,0,0,0
1780599456076489,36.7142,-0.0263218,-0.0716436,-4.99356,0,0,-5,-0.0263218,-0.0716436,0.00643921,0.0765971,0.026748,0.0611628,-0.0086282,0,0,0
1780599456100489,36.7382,-0.0258701,-0.0708291,-4.99365,0,0,-5,-0.0258701,-0.0708291,0.00634766,0.0756724,0.0275094,0.0617448,-0.00876061,0,0,0
1780599456124489,36.7622,-0.0254197,-0.0699387,-4.99377,0,0,-5,-0.0254197,-0.0699387,0.00622559,0.0746749,0.0262752,0.0622275,-0.00976279,0,0,0
1780599456140489,36.7782,-0.0251205,-0.0692942,-4.99387,0,0,-5,-0.0251205,-0.0692942,0.00613403,0.0739619,0.025987,0.0627505,-0.00978366,0,0,0
1780599456164489,36.8022,-0.0246798,-0.0682736,-4.99399,0,0,-5,-0.0246798,-0.0682736,0.00601196,0.0728459,0.0252615,0.0625741,-0.0107158,0,0,0
1780599456180489,36.8182,-0.0243827,-0.0675511,-4.99408,0,0,-5,-0.0243827,-0.0675511,0.00592041,0.0720605,0.0251853,0.0634988,-0.0103605,0,0,0
1780599456204489,36.8422,-0.02509,-0.0677535,-4.99393,0,0,-5,-0.02509,-0.0677535,0.006073,0.0725047,0.0242463,0.0625611,-0.00953625,0,0,0
1780599456220489,36.8582,-0.0255165,-0.0678227,-4.99384,0,0,-5,-0.0255165,-0.0678227,0.00616455,0.0727255,0.0240058,0.0614831,-0.00970496,0,0,0
1780599456244489,36.8822,-0.0261033,-0.0678119,-4.99377,0,0,-5,-0.0261033,-0.0678119,0.00622559,0.0729287,0.0220391,0.0622779,-0.00942397,0,0,0
1780599456260489,36.8982,-0.0264596,-0.0677155,-4.99371,0,0,-5,-0.0264596,-0.0677155,0.00628662,0.0729728,0.0225178,0.0631239,-0.00938104,0,0,0
1780599456276489,36.9142,-0.0267776,-0.0675715,-4.99368,0,0,-5,-0.0267776,-0.0675715,0.00631714,0.0729578,0.0225734,0.0625646,-0.00749351,0,0,0
1780599456300489,36.9382,-0.0271795,-0.0672574,-4.99365,0,0,-5,-0.0271795,-0.0672574,0.00634766,0.0728188,0.0225903,0.0627267,-0.00829282,0,0,0
1780599456324489,36.9622,-0.0275182,-0.0668454,-4.99362,0,0,-5,-0.0275182,-0.0668454,0.00637817,0.0725689,0.0221917,0.0624017,-0.00572473,0,0,0
1780599456340489,36.9782,-0.0277144,-0.0665014,-4.99356,0,0,-5,-0.0277144,-0.0665014,0.00643921,0.0723325,0.0225898,0.0627549,-0.00400184,0,0,0
1780599456364489,37.0022,-0.0279408,-0.0659341,-4.99347,0,0,-5,-0.0279408,-0.0659341,0.00653076,0.0719072,0.0232918,0.0616293,-0.00217339,0,0,0
1780599456380489,37.0182,-0.0280616,-0.0655139,-4.99341,0,0,-5,-0.0280616,-0.0655139,0.0065918,0.0715749,0.0230184,0.0613581,-0.0020006,0,0,0
1780599456404582,37.0423,-0.0282084,-0.0647985,-4.99332,0,0,-5,-0.0282084,-0.0647985,0.00668335,0.0709875,0.0221631,0.0630834,-0.00292718,0,0,0
1780599456420582,37.0583,-0.0282866,-0.0642633,-4.99329,0,0,-5,-0.0282866,-0.0642633,0.00671387,0.0705335,0.0225921,0.0637071,-0.00377772,0,0,0
1780599456444582,37.0823,-0.0283537,-0.0633558,-4.99326,0,0,-5,-0.0283537,-0.0633558,0.00674438,0.0697379,0.0222872,0.0649569,-0.00438157,0,0,0
1780599456460582,37.0983,-0.0283753,-0.0627081,-4.99323,0,0,-5,-0.0283753,-0.0627081,0.0067749,0.0691618,0.0227876,0.065888,-0.00452487,0,0,0
1780599456484582,37.1223,-0.0283601,-0.061639,-4.99323,0,0,-5,-0.0283601,-0.061639,0.0067749,0.0681877,0.023,0.0668016,-0.00532427,0,0,0
1780599456500582,37.1383,-0.0283249,-0.0608896,-4.99326,0,0,-5,-0.0283249,-0.0608896,0.00674438,0.0674932,0.0234631,0.0688726,-0.00594587,0,0,0
1780599456524582,37.1623,-0.0282142,-0.0596698,-4.99335,0,0,-5,-0.0282142,-0.0596698,0.00665283,0.0663384,0.0246423,0.0694757,-0.00590535,0,0,0
1780599456540582,37.1783,-0.0281098,-0.0588327,-4.99341,0,0,-5,-0.0281098,-0.0588327,0.0065918,0.0655355,0.0248594,0.0689676,-0.00582254,0,0,0
1780599456564582,37.2023,-0.0279085,-0.0575436,-4.99353,0,0,-5,-0.0279085,-0.0575436,0.00646973,0.0642807,0.0259865,0.069193,-0.00649109,0,0,0
1780599456580582,37.2183,-0.0277492,-0.0566534,-4.99362,0,0,-5,-0.0277492,-0.0566534,0.00637817,0.0634059,0.0266934,0.0693042,-0.00530829,0,0,0
1780599456604582,37.2423,-0.0290778,-0.0569944,-4.99335,0,0,-5,-0.0290778,-0.0569944,0.00665283,0.0643284,0.0250364,0.0669793,-0.00506073,0,0,0
1780599456620582,37.2583,-0.0298912,-0.0571496,-4.99319,0,0,-5,-0.0298912,-0.0571496,0.00680542,0.0648527,0.0251932,0.0670494,-0.00342484,0,0,0
1780599456644582,37.2823,-0.0310017,-0.057249,-4.99292,0,0,-5,-0.0310017,-0.057249,0.00708008,0.065488,0.025674,0.0668502,-0.00444339,0,0,0
1780599456660582,37.2983,-0.0316678,-0.0572439,-4.99277,0,0,-5,-0.0316678,-0.0572439,0.00723267,0.0658181,0.0252617,0.0656632,-0.00485818,0,0,0
1780599456676582,37.3143,-0.0322853,-0.0571932,-4.99265,0,0,-5,-0.0322853,-0.0571932,0.00735474,0.066087,0.0248824,0.0649197,-0.00585442,0,0,0
1780599456700582,37.3383,-0.0331409,-0.0570314,-4.99249,0,0,-5,-0.0331409,-0.0570314,0.00750732,0.0663872,0.0239825,0.0633429,-0.00598054,0,0,0
1780599456724582,37.3623,-0.0339105,-0.0567678,-4.99237,0,0,-5,-0.0339105,-0.0567678,0.00762939,0.0665637,0.023877,0.0637773,-0.00606119,0,0,0
1780599456740582,37.3783,-0.0343627,-0.0565231,-4.99231,0,0,-5,-0.0343627,-0.0565231,0.00769043,0.0665943,0.0251947,0.0643272,-0.0064584,0,0,0
1780599456764582,37.4023,-0.0349331,-0.0560583,-4.99225,0,0,-5,-0.0349331,-0.0560583,0.00775146,0.0665052,0.025677,0.0646956,-0.00620984,0,0,0
1780599456780582,37.4183,-0.0352527,-0.055691,-4.99219,0,0,-5,-0.0352527,-0.055691,0.0078125,0.0663722,0.0265539,0.0638677,-0.00545294,0,0,0
1780599456804582,37.4423,-0.0356461,-0.0550736,-4.9921,0,0,-5,-0.0356461,-0.0550736,0.00790405,0.0660774,0.0269059,0.0633427,-0.00639446,0,0,0
1780599456820582,37.4583,-0.0358604,-0.0546137,-4.99207,0,0,-5,-0.0358604,-0.0546137,0.00793457,0.0658148,0.0269625,0.063465,-0.00669111,0,0,0
1780599456844582,37.4823,-0.0361334,-0.0538706,-4.99203,0,0,-5,-0.0361334,-0.0538706,0.00796509,0.0653537,0.0269853,0.0634921,-0.00747223,0,0,0
1780599456860582,37.4983,-0.0362821,-0.053333,-4.99207,0,0,-5,-0.0362821,-0.053333,0.00793457,0.0649905,0.0263726,0.0623881,-0.00779158,0,0,0
1780599456876582,37.5143,-0.0364059,-0.0527901,-4.9921,0,0,-5,-0.0364059,-0.0527901,0.00790405,0.0646116,0.02628,0.0608063,-0.00721025,0,0,0
1780599456900582,37.5383,-0.0365495,-0.0519218,-4.99213,0,0,-5,-0.0365495,-0.0519218,0.00787354,0.0639823,0.0254691,0.0614006,-0.00727112,0,0,0
1780599456924582,37.5623,-0.0366527,-0.0509855,-4.99222,0,0,-5,-0.0366527,-0.0509855,0.00778198,0.0632732,0.0252115,0.0611641,-0.00713872,0,0,0
1780599456940582,37.5783,-0.0366855,-0.0503315,-4.99228,0,0,-5,-0.0366855,-0.0503315,0.00772095,0.0627591,0.0254363,0.060485,-0.00654113,0,0,0
1780599456964582,37.6023,-0.0366855,-0.0493143,-4.99234,0,0,-5,-0.0366855,-0.0493143,0.00765991,0.0619386,0.0259557,0.0603435,-0.00545589,0,0,0
1780599456980582,37.6183,-0.0366573,-0.0485999,-4.9924,0,0,-5,-0.0366573,-0.0485999,0.00759888,0.061347,0.024992,0.0613295,-0.00456206,0,0,0
1780599457004582,37.6423,-0.0376615,-0.0480534,-4.99203,0,0,-5,-0.0376615,-0.0480534,0.00796509,0.0615707,0.023629,0.0610189,-0.00463742,0,0,0
1780599457020582,37.6583,-0.038258,-0.0476445,-4.99182,0,0,-5,-0.038258,-0.0476445,0.00817871,0.0616488,0.0248914,0.0606097,-0.00465363,0,0,0
1780599457044582,37.6823,-0.0390586,-0.0469406,-4.99155,0,0,-5,-0.0390586,-0.0469406,0.00845337,0.0616478,0.0239846,0.0619996,-0.00464639,0,0,0
1780599457060582,37.6983,-0.0395453,-0.0464066,-4.99139,0,0,-5,-0.0395453,-0.0464066,0.00860596,0.0615749,0.0235656,0.0621703,-0.00547147,0,0,0
1780599457084582,37.7223,-0.0401832,-0.0455419,-4.99118,0,0,-5,-0.0401832,-0.0455419,0.00881958,0.0613721,0.0244938,0.0617701,-0.0047092,0,0,0
1780599457100582,37.7383,-0.0405453,-0.0449406,-4.99106,0,0,-5,-0.0405453,-0.0449406,0.00894165,0.0611844,0.0251423,0.0611884,-0.00388177,0,0,0
1780599457116582,37.7543,-0.040871,-0.0443034,-4.99094,0,0,-5,-0.040871,-0.0443034,0.00906372,0.0609539,0.0242658,0.0625672,-0.0034693,0,0,0
1780599457140582,37.7783,-0.0412863,-0.0432696,-4.99075,0,0,-5,-0.0412863,-0.0432696,0.00924683,0.0605171,0.0253125,0.063984,-0.00349235,0,0,0
1780599457164582,37.8023,-0.041614,-0.0421558,-4.99057,0,0,-5,-0.041614,-0.0421558,0.00942993,0.0599813,0.0265181,0.0640397,-0.0044929,0,0,0
1780599457180582,37.8183,-0.0417865,-0.0413778,-4.99048,0,0,-5,-0.0417865,-0.0413778,0.00952148,0.0595726,0.0254086,0.0641472,-0.00510718,0,0,0
1780599457196582,37.8343,-0.0419478,-0.040571,-4.99039,0,0,-5,-0.0419478,-0.040571,0.00961304,0.0591442,0.0256783,0.0644368,-0.00614391,0,0,0
1780599457220582,37.8583,-0.0421013,-0.0393369,-4.99036,0,0,-5,-0.0421013,-0.0393369,0.00964355,0.0584201,0.0275677,0.063506,-0.00795775,0,0,0
1780599457244582,37.8823,-0.0421474,-0.0380724,-4.99036,0,0,-5,-0.0421474,-0.0380724,0.00964355,0.05761,0.0291069,0.0617235,-0.00892879,0,0,0
1780599457260582,37.8983,-0.0421313,-0.0372393,-4.99039,0,0,-5,-0.0421313,-0.0372393,0.00961304,0.0570458,0.0294651,0.0606979,-0.00873213,0,0,0
1780599457276582,37.9143,-0.0420708,-0.0363951,-4.99042,0,0,-5,-0.0420708,-0.0363951,0.00958252,0.056448,0.0312505,0.0610657,-0.00859459,0,0,0
1780599457300582,37.9383,-0.0419133,-0.0351104,-4.99042,0,0,-5,-0.0419133,-0.0351104,0.00958252,0.0555094,0.0309372,0.0592565,-0.00911198,0,0,0
1780599457316582,37.9543,-0.0417766,-0.0342492,-4.99045,0,0,-5,-0.0417766,-0.0342492,0.009552,0.0548592,0.0317436,0.0591089,-0.00898299,0,0,0
1780599457340582,37.9783,-0.0415383,-0.0329654,-4.99054,0,0,-5,-0.0415383,-0.0329654,0.00946045,0.053867,0.0313516,0.0573587,-0.0103824,0,0,0
1780599457364582,38.0023,-0.0412582,-0.0317084,-4.99063,0,0,-5,-0.0412582,-0.0317084,0.0093689,0.0528718,0.031643,0.0553635,-0.0108475,0,0,0
1780599457380582,38.0183,-0.0410481,-0.0308695,-4.99069,0,0,-5,-0.0410481,-0.0308695,0.00930786,0.0521968,0.0315082,0.055208,-0.00970872,0,0,0
1780599457404582,38.0423,-0.042425,-0.0310431,-4.99008,0,0,-5,-0.042425,-0.0310431,0.00991821,0.053497,0.0315342,0.0543862,-0.00905005,0,0,0
1780599457420680,38.0584,-0.0432491,-0.0311056,-4.98972,0,0,-5,-0.0432491,-0.0311056,0.0102844,0.0542569,0.0322288,0.0532081,-0.00933768,0,0,0
1780599457444680,38.0824,-0.0443567,-0.0311117,-4.98923,0,0,-5,-0.0443567,-0.0311117,0.0107727,0.0552405,0.0314629,0.052731,-0.00792991,0,0,0
1780599457460680,38.0984,-0.0450227,-0.0310638,-4.98895,0,0,-5,-0.0450227,-0.0310638,0.0110474,0.0558036,0.0318357,0.0520276,-0.00939588,0,0,0
1780599457476680,38.1144,-0.0456415,-0.0309859,-4.98868,0,0,-5,-0.0456415,-0.0309859,0.011322,0.0563158,0.0327587,0.0515842,-0.00885019,0,0,0
1780599457500680,38.1384,-0.0464688,-0.0307908,-4.98837,0,0,-5,-0.0464688,-0.0307908,0.0116272,0.056944,0.0320072,0.0519055,-0.0105068,0,0,0
1780599457524680,38.1624,-0.0471905,-0.0305076,-4.98813,0,0,-5,-0.0471905,-0.0305076,0.0118713,0.0574333,0.0312423,0.0510882,-0.0107096,0,0,0
1780599457540680,38.1784,-0.0476188,-0.0302696,-4.98801,0,0,-5,-0.0476188,-0.0302696,0.0119934,0.0576857,0.0305158,0.0515879,-0.0116146,0,0,0
1780599457564680,38.2024,-0.048176,-0.0298443,-4.98782,0,0,-5,-0.048176,-0.0298443,0.0121765,0.0579644,0.0314118,0.0512733,-0.0115063,0,0,0
1780599457580680,38.2184,-0.0484804,-0.0295152,-4.9877,0,0,-5,-0.0484804,-0.0295152,0.0122986,0.0580753,0.0317705,0.0513748,-0.0104641,0,0,0
1780599457604680,38.2424,-0.0488617,-0.028971,-4.98758,0,0,-5,-0.0488617,-0.028971,0.0124207,0.0581469,0.0309547,0.0517026,-0.0110548,0,0,0
1780599457620680,38.2584,-0.0490895,-0.0285783,-4.98749,0,0,-5,-0.0490895,-0.0285783,0.0125122,0.058164,0.031358,0.0502192,-0.0103659,0,0,0
1780599457644680,38.2824,-0.0493335,-0.027966,-4.98734,0,0,-5,-0.0493335,-0.027966,0.0126648,0.0581058,0.0329018,0.049794,-0.0103668,0,0,0
1780599457660680,38.2984,-0.0494274,-0.0275318,-4.98727,0,0,-5,-0.0494274,-0.0275318,0.0127258,0.0579915,0.0339559,0.0488183,-0.00961037,0,0,0
1780599457684680,38.3224,-0.0495029,-0.0268578,-4.98718,0,0,-5,-0.0495029,-0.0268578,0.0128174,0.0577595,0.0337647,0.0475994,-0.00929496,0,0,0
1780599457700680,38.3384,-0.0495321,-0.0263923,-4.98709,0,0,-5,-0.0495321,-0.0263923,0.0129089,0.0575901,0.0328551,0.047202,-0.00895995,0,0,0
1780599457724680,38.3624,-0.0495133,-0.0256746,-4.98703,0,0,-5,-0.0495133,-0.0256746,0.01297,0.0572623,0.0336729,0.0465888,-0.0107864,0,0,0
1780599457740680,38.3784,-0.0494618,-0.0251619,-4.987,0,0,-5,-0.0494618,-0.0251619,0.0130005,0.0569965,0.0330133,0.0470562,-0.0110621,0,0,0
1780599457764680,38.4024,-0.049377,-0.0243579,-4.98703,0,0,-5,-0.049377,-0.0243579,0.01297,0.0565652,0.0312496,0.0473609,-0.0128164,0,0,0
1780599457780680,38.4184,-0.0493112,-0.0237877,-4.98706,0,0,-5,-0.0493112,-0.0237877,0.0129395,0.0562573,0.0309546,0.0474705,-0.0135974,0,0,0
1780599457804680,38.4424,-0.050875,-0.0244068,-4.9866,0,0,-5,-0.050875,-0.0244068,0.0133972,0.0579952,0.0300554,0.0460625,-0.0140746,0,0,0
1780599457820680,38.4584,-0.0518311,-0.0247455,-4.98636,0,0,-5,-0.0518311,-0.0247455,0.0136414,0.0590329,0.0298236,0.0468106,-0.014436,0,0,0
1780599457844680,38.4824,-0.0531471,-0.0251514,-4.98602,0,0,-5,-0.0531471,-0.0251514,0.0139771,0.0604365,0.0286489,0.0446184,-0.0148411,0,0,0
1780599457860680,38.4984,-0.0539604,-0.0253778,-4.98584,0,0,-5,-0.0539604,-0.0253778,0.0141602,0.0612884,0.0278335,0.0430045,-0.0149283,0,0,0
1780599457884680,38.5224,-0.0550784,-0.0256552,-4.9856,0,0,-5,-0.0550784,-0.0256552,0.0144043,0.0624444,0.0273706,0.0430848,-0.0137712,0,0,0
1780599457900680,38.5384,-0.055742,-0.0257678,-4.98544,0,0,-5,-0.055742,-0.0257678,0.0145569,0.0631114,0.0286283,0.0431845,-0.0131034,0,0,0
1780599457924680,38.5624,-0.0565879,-0.0258758,-4.98523,0,0,-5,-0.0565879,-0.0258758,0.0147705,0.0639525,0.0301573,0.0413698,-0.0131727,0,0,0
1780599457940680,38.5784,-0.0570797,-0.0259172,-4.98508,0,0,-5,-0.0570797,-0.0259172,0.0149231,0.0644399,0.0300518,0.0402118,-0.0132918,0,0,0
1780599457964680,38.6024,-0.057732,-0.0259343,-4.98492,0,0,-5,-0.057732,-0.0259343,0.0150757,0.0650603,0.0299569,0.038916,-0.0135177,0,0,0
1780599457980680,38.6184,-0.0581116,-0.0259015,-4.98483,0,0,-5,-0.0581116,-0.0259015,0.0151672,0.0654056,0.0304001,0.0387922,-0.0150599,0,0,0
1780599458004680,38.6424,-0.0585875,-0.025777,-4.98474,0,0,-5,-0.0585875,-0.025777,0.0152588,0.0658011,0.0306046,0.0403881,-0.014139,0,0,0
1780599458020680,38.6584,-0.0588472,-0.0256443,-4.98468,0,0,-5,-0.0588472,-0.0256443,0.0153198,0.0659949,0.0318287,0.0387779,-0.0143874,0,0,0
1780599458044680,38.6824,-0.0591537,-0.0254199,-4.98462,0,0,-5,-0.0591537,-0.0254199,0.0153809,0.0661959,0.0301344,0.0383611,-0.0144188,0,0,0
1780599458060680,38.6984,-0.0593273,-0.0252477,-4.98465,0,0,-5,-0.0593273,-0.0252477,0.0153503,0.0662783,0.0306665,0.0361545,-0.0150205,0,0,0
1780599458084680,38.7224,-0.0595161,-0.0249929,-4.98471,0,0,-5,-0.0595161,-0.0249929,0.0152893,0.0663368,0.0298456,0.0338354,-0.0164774,0,0,0
1780599458100680,38.7384,-0.0596115,-0.024821,-4.9848,0,0,-5,-0.0596115,-0.024821,0.0151978,0.0663369,0.029988,0.0326203,-0.016214,0,0,0
1780599458116680,38.7544,-0.0596666,-0.0246283,-4.98489,0,0,-5,-0.0596666,-0.0246283,0.0151062,0.0662937,0.0305433,0.0330142,-0.016077,0,0,0
1780599458140680,38.7784,-0.0596587,-0.0243029,-4.98499,0,0,-5,-0.0596587,-0.0243029,0.0150146,0.0661455,0.0328548,0.0320014,-0.0169823,0,0,0
1780599458164680,38.8024,-0.0595574,-0.0239423,-4.98514,0,0,-5,-0.0595574,-0.0239423,0.0148621,0.0658878,0.0335703,0.0322377,-0.017168,0,0,0
1780599458180680,38.8184,-0.0594418,-0.0236536,-4.98526,0,0,-5,-0.0594418,-0.0236536,0.01474,0.0656513,0.034043,0.0338731,-0.0175047,0,0,0
1780599458196680,38.8344,-0.060461,-0.0244951,-4.98495,0,0,-5,-0.060461,-0.0244951,0.0150452,0.066947,0.0344281,0.0327772,-0.0173732,0,0,0
1780599458220680,38.8584,-0.0618449,-0.0256346,-4.9845,0,0,-5,-0.0618449,-0.0256346,0.0155029,0.0687187,0.033565,0.0315588,-0.0176973,0,0,0
1780599458236680,38.8744,-0.0626747,-0.0263261,-4.98422,0,0,-5,-0.0626747,-0.0263261,0.0157776,0.0697862,0.0337947,0.0309398,-0.016361,0,0,0
1780599458260680,38.8984,-0.0637905,-0.02726,-4.98386,0,0,-5,-0.0637905,-0.02726,0.0161438,0.0712247,0.0342003,0.0305602,-0.0158182,0,0,0
1780599458284680,38.9224,-0.0647445,-0.0280699,-4.98358,0,0,-5,-0.0647445,-0.0280699,0.0164185,0.0724524,0.0349249,0.0292104,-0.0158101,0,0,0
1780599458300680,38.9384,-0.0653006,-0.0285458,-4.98343,0,0,-5,-0.0653006,-0.0285458,0.016571,0.0731685,0.034769,0.0296719,-0.016063,0,0,0
1780599458316680,38.9544,-0.0657941,-0.0289603,-4.98328,0,0,-5,-0.0657941,-0.0289603,0.0167236,0.0738055,0.0354024,0.0300164,-0.0158511,0,0,0
1780599458340680,38.9784,-0.0663903,-0.0294871,-4.98309,0,0,-5,-0.0663903,-0.0294871,0.0169067,0.0745855,0.0368606,0.0296784,-0.0153243,0,0,0
1780599458364680,39.0024,-0.0668388,-0.0299298,-4.98291,0,0,-5,-0.0668388,-0.0299298,0.0170898,0.0752016,0.0375437,0.0280192,-0.0145178,0,0,0
1780599458380680,39.0184,-0.067074,-0.0301858,-4.98282,0,0,-5,-0.067074,-0.0301858,0.0171814,0.0755335,0.03814,0.0275972,-0.0145373,0,0,0
1780599458404680,39.0424,-0.0673183,-0.0305165,-4.9827,0,0,-5,-0.0673183,-0.0305165,0.0173035,0.0759106,0.0399064,0.02652,-0.0144729,0,0,0
1780599458420776,39.0585,-0.0674048,-0.0306993,-4.9826,0,0,-5,-0.0674048,-0.0306993,0.017395,0.0760819,0.04074,0.0266852,-0.0141947,0,0,0
1780599458444776,39.0825,-0.0674537,-0.0308998,-4.98248,0,0,-5,-0.0674537,-0.0308998,0.0175171,0.0762342,0.0420892,0.0264745,-0.0139401,0,0,0
1780599458460776,39.0985,-0.0674065,-0.0309967,-4.98245,0,0,-5,-0.0674065,-0.0309967,0.0175476,0.0762388,0.0436004,0.0262985,-0.0143566,0,0,0
1780599458484776,39.1225,-0.0672642,-0.0310766,-4.98239,0,0,-5,-0.0672642,-0.0310766,0.0176086,0.0761597,0.0426802,0.0273253,-0.0137678,0,0,0
1780599458500776,39.1385,-0.0671306,-0.0310815,-4.98239,0,0,-5,-0.0671306,-0.0310815,0.0176086,0.0760436,0.0437809,0.026681,-0.0139386,0,0,0
1780599458516776,39.1545,-0.0669626,-0.0310627,-4.98242,0,0,-5,-0.0669626,-0.0310627,0.0175781,0.0758807,0.0429295,0.0264683,-0.015132,0,0,0
1780599458540776,39.1785,-0.0666633,-0.0310179,-4.98248,0,0,-5,-0.0666633,-0.0310179,0.0175171,0.0755841,0.043687,0.0242612,-0.0155719,0,0,0
1780599458564776,39.2025,-0.0662852,-0.0309436,-4.9826,0,0,-5,-0.0662852,-0.0309436,0.017395,0.0751919,0.0439634,0.0241169,-0.0144593,0,0,0
1780599458580776,39.2185,-0.0659976,-0.0308554,-4.98267,0,0,-5,-0.0659976,-0.0308554,0.017334,0.0748879,0.0444204,0.0252471,-0.0154566,0,0,0
1780599458604776,39.2425,-0.0671503,-0.0311572,-4.98233,0,0,-5,-0.0671503,-0.0311572,0.0176697,0.0761062,0.0439131,0.0274582,-0.0160611,0,0,0
1780599458620776,39.2585,-0.0678194,-0.0312956,-4.98212,0,0,-5,-0.0678194,-0.0312956,0.0178833,0.076803,0.0445123,0.0269511,-0.0173072,0,0,0
1780599458644776,39.2825,-0.0686865,-0.0314385,-4.98187,0,0,-5,-0.0686865,-0.0314385,0.0181274,0.0776841,0.0438972,0.0272991,-0.0194119,0,0,0
1780599458660776,39.2985,-0.0691894,-0.0314878,-4.98178,0,0,-5,-0.0691894,-0.0314878,0.018219,0.0781703,0.043409,0.0274028,-0.0192904,0,0,0
1780599458684776,39.3225,-0.0698479,-0.0314912,-4.98169,0,0,-5,-0.0698479,-0.0314912,0.0183105,0.0787763,0.0425436,0.0275628,-0.0201117,0,0,0
1780599458700776,39.3385,-0.0702228,-0.0314556,-4.98172,0,0,-5,-0.0702228,-0.0314556,0.01828,0.0790877,0.0419344,0.0278423,-0.0201628,0,0,0
1780599458716776,39.3545,-0.0705517,-0.0313847,-4.98172,0,0,-5,-0.0705517,-0.0313847,0.01828,0.0793518,0.0423222,0.0289054,-0.0209424,0,0,0
1780599458740776,39.3785,-0.070901,-0.0311962,-4.98184,0,0,-5,-0.070901,-0.0311962,0.018158,0.0795604,0.0448164,0.0296615,-0.0217027,0,0,0
1780599458756776,39.3945,-0.0710555,-0.0310416,-4.98193,0,0,-5,-0.0710555,-0.0310416,0.0180664,0.079617,0.0452292,0.0295896,-0.0214324,0,0,0
1780599458780776,39.4185,-0.0711884,-0.0307559,-4.98212,0,0,-5,-0.0711884,-0.0307559,0.0178833,0.0795834,0.0457897,0.0303184,-0.0221264,0,0,0
1780599458804776,39.4425,-0.0712024,-0.0304108,-4.98233,0,0,-5,-0.0712024,-0.0304108,0.0176697,0.0794154,0.0463008,0.0301376,-0.0222453,0,0,0
1780599458820776,39.4585,-0.0711665,-0.0301637,-4.98248,0,0,-5,-0.0711665,-0.0301637,0.0175171,0.079255,0.0465823,0.0295315,-0.0208193,0,0,0
1780599458844776,39.4825,-0.0710138,-0.0297463,-4.9827,0,0,-5,-0.0710138,-0.0297463,0.0173035,0.0789127,0.0483572,0.0300368,-0.020813,0,0,0
1780599458860776,39.4985,-0.0708456,-0.0294446,-4.98282,0,0,-5,-0.0708456,-0.0294446,0.0171814,0.0786211,0.0490182,0.030492,-0.0194736,0,0,0
1780599458876776,39.5145,-0.0706424,-0.0291174,-4.98294,0,0,-5,-0.0706424,-0.0291174,0.0170593,0.0782891,0.0490014,0.0313975,-0.0194342,0,0,0
1780599458900776,39.5385,-0.0702638,-0.0285781,-4.98322,0,0,-5,-0.0702638,-0.0285781,0.0167847,0.077688,0.0497712,0.0309834,-0.019882,0,0,0
1780599458924776,39.5625,-0.0698137,-0.0280065,-4.98349,0,0,-5,-0.0698137,-0.0280065,0.01651,0.0770123,0.0491651,0.0307752,-0.0197555,0,0,0
1780599458940776,39.5785,-0.0694732,-0.0276178,-4.98367,0,0,-5,-0.0694732,-0.0276178,0.0163269,0.0765235,0.0493472,0.0298003,-0.0194293,0,0,0
1780599458964776,39.6025,-0.0689195,-0.0270287,-4.98401,0,0,-5,-0.0689195,-0.0270287,0.0159912,0.0757375,0.0509077,0.0297127,-0.0188773,0,0,0
1780599458980776,39.6185,-0.0685017,-0.0266249,-4.98422,0,0,-5,-0.0685017,-0.0266249,0.0157776,0.0751685,0.0505707,0.0297461,-0.0185862,0,0,0
1780599458996776,39.6345,-0.0689945,-0.0274301,-4.98407,0,0,-5,-0.0689945,-0.0274301,0.0159302,0.075937,0.0508321,0.0293134,-0.0180425,0,0,0
1780599459020776,39.6585,-0.0696057,-0.0285034,-4.98383,0,0,-5,-0.0696057,-0.0285034,0.0161743,0.0769351,0.051345,0.0301316,-0.0172088,0,0,0
1780599459044776,39.6825,-0.0700629,-0.0294125,-4.98367,0,0,-5,-0.0700629,-0.0294125,0.0163269,0.0777205,0.0525145,0.0304108,-0.0171534,0,0,0
1780599459060776,39.6985,-0.0702814,-0.0299498,-4.98355,0,0,-5,-0.0702814,-0.0299498,0.016449,0.0781475,0.0527602,0.0300209,-0.0160258,0,0,0
1780599459084776,39.7225,-0.0704854,-0.0306439,-4.98343,0,0,-5,-0.0704854,-0.0306439,0.016571,0.0786247,0.0539467,0.0307343,-0.016889,0,0,0
1780599459100776,39.7385,-0.0705434,-0.0310287,-4.98337,0,0,-5,-0.0705434,-0.0310287,0.0166321,0.0788402,0.0540791,0.0309871,-0.016117,0,0,0
1780599459116776,39.7545,-0.0705568,-0.0313743,-4.98334,0,0,-5,-0.0705568,-0.0313743,0.0166626,0.0789952,0.0538454,0.0296669,-0.0158217,0,0,0
1780599459140776,39.7785,-0.0704849,-0.0318166,-4.98328,0,0,-5,-0.0704849,-0.0318166,0.0167236,0.0791208,0.054597,0.0295193,-0.0158,0,0,0
1780599459164776,39.8025,-0.070307,-0.0321734,-4.98325,0,0,-5,-0.070307,-0.0321734,0.0167542,0.0791132,0.0544229,0.0290198,-0.0159313,0,0,0
1780599459180776,39.8185,-0.0701407,-0.0323798,-4.98325,0,0,-5,-0.0701407,-0.0323798,0.0167542,0.0790498,0.054776,0.0286517,-0.0168393,0,0,0
1780599459204776,39.8425,-0.0697943,-0.0326288,-4.98325,0,0,-5,-0.0697943,-0.0326288,0.0167542,0.0788453,0.0564638,0.0282832,-0.0168788,0,0,0
1780599459220776,39.8585,-0.0694967,-0.0327414,-4.98328,0,0,-5,-0.0694967,-0.0327414,0.0167236,0.0786224,0.0569357,0.0290008,-0.0172402,0,0,0
1780599459244776,39.8825,-0.0689863,-0.032852,-4.98331,0,0,-5,-0.0689863,-0.032852,0.0166931,0.0782114,0.0576265,0.0281989,-0.0168678,0,0,0
1780599459260776,39.8985,-0.0685832,-0.032882,-4.98334,0,0,-5,-0.0685832,-0.032882,0.0166626,0.0778622,0.0592553,0.029253,-0.0169491,0,0,0
1780599459284776,39.9225,-0.0678971,-0.0328629,-4.9834,0,0,-5,-0.0678971,-0.0328629,0.0166016,0.0772373,0.0596529,0.0297919,-0.016403,0,0,0
1780599459300776,39.9385,-0.0673904,-0.0328018,-4.98343,0,0,-5,-0.0673904,-0.0328018,0.016571,0.0767595,0.0605015,0.0297432,-0.0169621,0,0,0
1780599459324776,39.9625,-0.0665479,-0.0326482,-4.98355,0,0,-5,-0.0665479,-0.0326482,0.016449,0.0759283,0.0616329,0.0308062,-0.0173914,0,0,0
1780599459340776,39.9785,-0.0659505,-0.0324952,-4.98364,0,0,-5,-0.0659505,-0.0324952,0.0163574,0.0753191,0.0612944,0.0317893,-0.0179919,0,0,0
1780599459364776,40.0025,-0.064979,-0.0322063,-4.9837,0,0,-5,-0.064979,-0.0322063,0.0162964,0.074331,0.0636044,0.0320819,-0.0189803,0,0,0
1780599459380776,40.0185,-0.0642807,-0.0319844,-4.9838,0,0,-5,-0.0642807,-0.0319844,0.0162048,0.0736044,0.0636555,0.03179,-0.0196555,0,0,0
1780599459404776,40.0425,-0.0648075,-0.0327712,-4.98331,0,0,-5,-0.0648075,-0.0327712,0.0166931,0.0745159,0.0626341,0.0304331,-0.018217,0,0,0
1780599459420878,40.0586,-0.0650822,-0.0332154,-4.983,0,0,-5,-0.0650822,-0.0332154,0.0169983,0.0750193,0.0622731,0.0315157,-0.0181661,0,0,0
1780599459444878,40.0826,-0.0653667,-0.0337764,-4.9826,0,0,-5,-0.0653667,-0.0337764,0.017395,0.0756058,0.0623845,0.0321999,-0.0169936,0,0,0
1780599459460878,40.0986,-0.0654895,-0.0340685,-4.98236,0,0,-5,-0.0654895,-0.0340685,0.0176392,0.0758992,0.0619711,0.0330743,-0.0162987,0,0,0
1780599459484878,40.1226,-0.0655494,-0.0343978,-4.98206,0,0,-5,-0.0655494,-0.0343978,0.0179443,0.0761705,0.0623854,0.0335931,-0.0160389,0,0,0
1780599459500878,40.1386,-0.0655326,-0.0345595,-4.98187,0,0,-5,-0.0655326,-0.0345595,0.0181274,0.0762724,0.0616113,0.0343631,-0.0156213,0,0,0
1780599459524878,40.1626,-0.0654246,-0.0347172,-4.98163,0,0,-5,-0.0654246,-0.0347172,0.0183716,0.0763097,0.0618255,0.0344707,-0.0164723,0,0,0
1780599459540878,40.1786,-0.0652915,-0.0347671,-4.98151,0,0,-5,-0.0652915,-0.0347671,0.0184937,0.0762479,0.0620417,0.0349586,-0.0159868,0,0,0
1780599459564878,40.2026,-0.0650163,-0.0347857,-4.98135,0,0,-5,-0.0650163,-0.0347857,0.0186462,0.0760582,0.0610304,0.0344305,-0.016333,0,0,0
1780599459580878,40.2186,-0.0647862,-0.0347624,-4.98126,0,0,-5,-0.0647862,-0.0347624,0.0187378,0.0758735,0.0612708,0.0334843,-0.0165228,0,0,0
1780599459604878,40.2426,-0.0644034,-0.0346981,-4.98117,0,0,-5,-0.0644034,-0.0346981,0.0188293,0.0755401,0.0599259,0.0326349,-0.0163852,0,0,0
1780599459620878,40.2586,-0.0641071,-0.0346051,-4.98114,0,0,-5,-0.0641071,-0.0346051,0.0188599,0.0752525,0.0597782,0.0336248,-0.0160572,0,0,0
1780599459644878,40.2826,-0.0635928,-0.0344165,-4.98108,0,0,-5,-0.0635928,-0.0344165,0.0189209,0.0747431,0.0596242,0.0333722,-0.016614,0,0,0
1780599459660878,40.2986,-0.063214,-0.034261,-4.98108,0,0,-5,-0.063214,-0.034261,0.0189209,0.0743494,0.0598844,0.0330975,-0.0152999,0,0,0
1780599459684878,40.3226,-0.0625875,-0.0339669,-4.98105,0,0,-5,-0.0625875,-0.0339669,0.0189514,0.0736892,0.0592335,0.0333448,-0.0154142,0,0,0
1780599459700878,40.3386,-0.0621287,-0.0337489,-4.98108,0,0,-5,-0.0621287,-0.0337489,0.0189209,0.0731913,0.0602775,0.0324424,-0.0172515,0,0,0
1780599459724878,40.3626,-0.0613673,-0.0334093,-4.98111,0,0,-5,-0.0613673,-0.0334093,0.0188904,0.0723808,0.059452,0.0313802,-0.0172481,0,0,0
1780599459740878,40.3786,-0.0608548,-0.0331672,-4.98117,0,0,-5,-0.0608548,-0.0331672,0.0188293,0.0718186,0.0581399,0.0313719,-0.0177514,0,0,0
1780599459764878,40.4026,-0.0600464,-0.032764,-4.98129,0,0,-5,-0.0600464,-0.032764,0.0187073,0.0709156,0.0583343,0.0321722,-0.0191598,0,0,0
1780599459780878,40.4186,-0.0594688,-0.0324545,-4.98141,0,0,-5,-0.0594688,-0.0324545,0.0185852,0.0702513,0.0589987,0.0326378,-0.018985,0,0,0
1780599459804878,40.4426,-0.0602677,-0.0329863,-4.98093,0,0,-5,-0.0602677,-0.0329863,0.0190735,0.0713028,0.0582869,0.0326216,-0.0194223,0,0,0
1780599459820878,40.4586,-0.0607301,-0.0332775,-4.98065,0,0,-5,-0.0607301,-0.0332775,0.0193481,0.0719019,0.0568895,0.0320374,-0.0185184,0,0,0
1780599459844878,40.4826,-0.0612954,-0.0336402,-4.98032,0,0,-5,-0.0612954,-0.0336402,0.0196838,0.0726378,0.0574083,0.032004,-0.0206681,0,0,0
1780599459860878,40.4986,-0.0615745,-0.033822,-4.98016,0,0,-5,-0.0615745,-0.033822,0.0198364,0.0729989,0.0580085,0.032037,-0.0221319,0,0,0
1780599459884878,40.5226,-0.0619075,-0.0340232,-4.97998,0,0,-5,-0.0619075,-0.0340232,0.0200195,0.0734228,0.057629,0.0312338,-0.0211449,0,0,0
1780599459900878,40.5386,-0.0620586,-0.0341211,-4.97989,0,0,-5,-0.0620586,-0.0341211,0.0201111,0.0736205,0.0583968,0.0317207,-0.0208798,0,0,0
1780599459924878,40.5626,-0.0621681,-0.0341876,-4.9798,0,0,-5,-0.0621681,-0.0341876,0.0202026,0.0737686,0.0585335,0.0317648,-0.0205033,0,0,0
1780599459940878,40.5786,-0.0621729,-0.0341925,-4.9798,0,0,-5,-0.0621729,-0.0341925,0.0202026,0.073775,0.0587139,0.0311904,-0.0206591,0,0,0
1780599459964878,40.6026,-0.0621006,-0.0341498,-4.9798,0,0,-5,-0.0621006,-0.0341498,0.0202026,0.0736942,0.0578685,0.0316724,-0.0195541,0,0,0
1780599459980878,40.6186,-0.0619992,-0.0340804,-4.97983,0,0,-5,-0.0619992,-0.0340804,0.0201721,0.0735682,0.057912,0.0315048,-0.0206112,0,0,0
1780599460004878,40.6426,-0.0617695,-0.0339401,-4.97992,0,0,-5,-0.0617695,-0.0339401,0.0200806,0.0732846,0.0574761,0.0301808,-0.021784,0,0,0
1780599460020878,40.6586,-0.0615683,-0.0338269,-4.97998,0,0,-5,-0.0615683,-0.0338269,0.0200195,0.0730459,0.0571127,0.0302797,-0.0220411,0,0,0
1780599460036878,40.6746,-0.0613335,-0.0337003,-4.98007,0,0,-5,-0.0613335,-0.0337003,0.019928,0.0727642,0.0565303,0.0289978,-0.022022,0,0,0
1780599460060878,40.6986,-0.0609117,-0.0334899,-4.98022,0,0,-5,-0.0609117,-0.0334899,0.0197754,0.0722694,0.0565106,0.0283576,-0.0209196,0,0,0
1780599460076878,40.7146,-0.0605921,-0.0333294,-4.98029,0,0,-5,-0.0605921,-0.0333294,0.0197144,0.071909,0.0561545,0.0279008,-0.0194457,0,0,0
1780599460100878,40.7386,-0.0600419,-0.0330348,-4.98038,0,0,-5,-0.0600419,-0.0330348,0.0196228,0.0712838,0.0578986,0.0291974,-0.0175995,0,0,0
1780599460124878,40.7626,-0.0593862,-0.0326546,-4.98044,0,0,-5,-0.0593862,-0.0326546,0.0195618,0.0705387,0.0584315,0.0314945,-0.0165776,0,0,0
1780599460140878,40.7786,-0.058908,-0.0323644,-4.98053,0,0,-5,-0.058908,-0.0323644,0.0194702,0.0699764,0.0587052,0.0312094,-0.0175244,0,0,0
1780599460156878,40.7946,-0.0583944,-0.0320576,-4.98065,0,0,-5,-0.0583944,-0.0320576,0.0193481,0.0693682,0.0591694,0.0313063,-0.0177855,0,0,0
1780599460180878,40.8186,-0.0575301,-0.0315488,-4.98087,0,0,-5,-0.0575301,-0.0315488,0.0191345,0.0683459,0.0610824,0.0314406,-0.017721,0,0,0
1780599460204878,40.8426,-0.0580768,-0.0321396,-4.98047,0,0,-5,-0.0580768,-0.0321396,0.0195312,0.0691906,0.0606907,0.0306386,-0.0177874,0,0,0
1780599460220878,40.8586,-0.0583539,-0.0324776,-4.98019,0,0,-5,-0.0583539,-0.0324776,0.0198059,0.0696581,0.0605624,0.0312916,-0.0186613,0,0,0
1780599460244878,40.8826,-0.0586487,-0.0328846,-4.97986,0,0,-5,-0.0586487,-0.0328846,0.0201416,0.0701909,0.0607992,0.030881,-0.0188747,0,0,0
1780599460260878,40.8986,-0.0587705,-0.0331067,-4.97968,0,0,-5,-0.0587705,-0.0331067,0.0203247,0.0704494,0.0603526,0.0312829,-0.0178278,0,0,0
1780599460284878,40.9226,-0.0588428,-0.0333577,-4.97943,0,0,-5,-0.0588428,-0.0333577,0.0205688,0.0706985,0.0601848,0.030074,-0.0171803,0,0,0
1780599460300878,40.9386,-0.0588308,-0.0334842,-4.97934,0,0,-5,-0.0588308,-0.0334842,0.0206604,0.0707751,0.0598003,0.0309327,-0.0170821,0,0,0
1780599460324878,40.9626,-0.0587593,-0.0335823,-4.97919,0,0,-5,-0.0587593,-0.0335823,0.020813,0.0708069,0.0596024,0.0317722,-0.0165675,0,0,0
1780599460340878,40.9786,-0.0586463,-0.0336123,-4.97913,0,0,-5,-0.0586463,-0.0336123,0.020874,0.0707453,0.0596388,0.0306624,-0.0173346,0,0,0
1780599460364878,41.0026,-0.0583959,-0.033621,-4.97906,0,0,-5,-0.0583959,-0.033621,0.0209351,0.0705601,0.0599816,0.0294666,-0.0167878,0,0,0
1780599460380878,41.0186,-0.0581567,-0.0335999,-4.97906,0,0,-5,-0.0581567,-0.0335999,0.0209351,0.0703522,0.061056,0.0293311,-0.0165963,0,0,0
1780599460404878,41.0426,-0.0577204,-0.033514,-4.97906,0,0,-5,-0.0577204,-0.033514,0.0209351,0.0699507,0.0608767,0.0296546,-0.0175954,0,0,0
1780599460420878,41.0586,-0.0573787,-0.0334211,-4.9791,0,0,-5,-0.0573787,-0.0334211,0.0209045,0.0696153,0.0611324,0.0293356,-0.0179764,0,0,0
1780599460444980,41.0827,-0.0567945,-0.0332643,-4.97913,0,0,-5,-0.0567945,-0.0332643,0.020874,0.0690496,0.0613733,0.0280487,-0.0182386,0,0,0
1780599460460980,41.0987,-0.0563669,-0.033132,-4.97919,0,0,-5,-0.0563669,-0.033132,0.020813,0.0686159,0.060649,0.0287257,-0.0180451,0,0,0
1780599460484980,41.1227,-0.0556794,-0.0329165,-4.97928,0,0,-5,-0.0556794,-0.0329165,0.0207214,0.0679196,0.0599551,0.0270267,-0.0182566,0,0,0
1780599460500980,41.1387,-0.0551889,-0.0327594,-4.97937,0,0,-5,-0.0551889,-0.0327594,0.0206299,0.0674135,0.0604911,0.0270378,-0.0180024,0,0,0
1780599460524980,41.1627,-0.0543853,-0.0324459,-4.97955,0,0,-5,-0.0543853,-0.0324459,0.0204468,0.0665475,0.0604531,0.0294405,-0.0189739,0,0,0
1780599460540980,41.1787,-0.0538133,-0.0321977,-4.97971,0,0,-5,-0.0538133,-0.0321977,0.0202942,0.0659122,0.0608345,0.0292486,-0.0196051,0,0,0
1780599460564980,41.2027,-0.052925,-0.0317896,-4.97998,0,0,-5,-0.052925,-0.0317896,0.0200195,0.0649031,0.0597179,0.0298113,-0.0207104,0,0,0
1780599460580980,41.2187,-0.0522945,-0.0314943,-4.98019,0,0,-5,-0.0522945,-0.0314943,0.0198059,0.0641785,0.0610725,0.0296773,-0.0209833,0,0,0
1780599460604980,41.2427,-0.0532353,-0.031767,-4.98001,0,0,-5,-0.0532353,-0.031767,0.019989,0.065136,0.0617599,0.0298796,-0.0211572,0,0,0
1780599460620980,41.2587,-0.0537578,-0.0318884,-4.97995,0,0,-5,-0.0537578,-0.0318884,0.02005,0.0656413,0.0611933,0.0314309,-0.0209975,0,0,0
1780599460644980,41.2827,-0.0543863,-0.0319701,-4.97989,0,0,-5,-0.0543863,-0.0319701,0.0201111,0.0662149,0.0616232,0.0319849,-0.022934,0,0,0
1780599460660980,41.2987,-0.0547098,-0.0319767,-4.97986,0,0,-5,-0.0547098,-0.0319767,0.0201416,0.0664933,0.0620984,0.0323288,-0.0231756,0,0,0
1780599460684980,41.3227,-0.0550673,-0.0319219,-4.97989,0,0,-5,-0.0550673,-0.0319219,0.0201111,0.0667523,0.0622777,0.0309386,-0.0233158,0,0,0
1780599460700980,41.3387,-0.0552255,-0.0318778,-4.97992,0,0,-5,-0.0552255,-0.0318778,0.0200806,0.0668526,0.0615106,0.0300342,-0.022385,0,0,0
1780599460724980,41.3627,-0.0553776,-0.0317584,-4.97998,0,0,-5,-0.0553776,-0.0317584,0.0200195,0.0669033,0.0605846,0.0311625,-0.0208683,0,0,0
1780599460740980,41.3787,-0.0554322,-0.0316344,-4.98004,0,0,-5,-0.0554322,-0.0316344,0.0199585,0.0668715,0.0592805,0.0308055,-0.0201007,0,0,0
1780599460764980,41.4027,-0.0554391,-0.0314143,-4.98013,0,0,-5,-0.0554391,-0.0314143,0.0198669,0.0667462,0.0589349,0.0300329,-0.0188703,0,0,0
1780599460780980,41.4187,-0.055379,-0.0312423,-4.98016,0,0,-5,-0.055379,-0.0312423,0.0198364,0.0666062,0.0585417,0.0304235,-0.0177002,0,0,0
1780599460804980,41.4427,-0.0552218,-0.0309277,-4.98022,0,0,-5,-0.0552218,-0.0309277,0.0197754,0.0663102,0.0582206,0.0311053,-0.0179658,0,0,0
1780599460820980,41.4587,-0.0550749,-0.030691,-4.98029,0,0,-5,-0.0550749,-0.030691,0.0197144,0.0660593,0.0573587,0.0305966,-0.0174754,0,0,0
1780599460844980,41.4827,-0.0547928,-0.0303159,-4.98038,0,0,-5,-0.0547928,-0.0303159,0.0196228,0.0656228,0.0568133,0.0302274,-0.016953,0,0,0
1780599460860980,41.4987,-0.0545516,-0.0300414,-4.9805,0,0,-5,-0.0545516,-0.0300414,0.0195007,0.0652583,0.0565711,0.0304269,-0.0183407,0,0,0
1780599460884980,41.5227,-0.0541726,-0.0296113,-4.98071,0,0,-5,-0.0541726,-0.0296113,0.0192871,0.0646799,0.0568074,0.0302281,-0.0197067,0,0,0
1780599460900980,41.5387,-0.0538748,-0.0293003,-4.98087,0,0,-5,-0.0538748,-0.0293003,0.0191345,0.0642427,0.0570288,0.0308516,-0.0200362,0,0,0
1780599460924980,41.5627,-0.053355,-0.0287784,-4.98114,0,0,-5,-0.053355,-0.0287784,0.0188599,0.0634873,0.0571476,0.0318445,-0.0199812,0,0,0
1780599460940980,41.5787,-0.0529617,-0.0284132,-4.98138,0,0,-5,-0.0529617,-0.0284132,0.0186157,0.062919,0.0579438,0.0314574,-0.019809,0,0,0
1780599460956980,41.5947,-0.0525336,-0.0280473,-4.98163,0,0,-5,-0.0525336,-0.0280473,0.0183716,0.0623213,0.0578324,0.0304118,-0.0192102,0,0,0
1780599460980980,41.6187,-0.0518304,-0.0274883,-4.98199,0,0,-5,-0.0518304,-0.0274883,0.0180054,0.0613693,0.0577443,0.0299423,-0.019682,0,0,0
1780599460996980,41.6347,-0.0527838,-0.0275129,-4.98184,0,0,-5,-0.0527838,-0.0275129,0.018158,0.0622319,0.058094,0.0295475,-0.0202907,0,0,0
1780599461020980,41.6587,-0.0540287,-0.027484,-4.9816,0,0,-5,-0.0540287,-0.027484,0.0184021,0.0633491,0.0571491,0.0308646,-0.0184918,0,0,0
1780599461044980,41.6827,-0.0551041,-0.0273978,-4.98138,0,0,-5,-0.0551041,-0.0273978,0.0186157,0.0642934,0.0571462,0.0303471,-0.0172166,0,0,0
1780599461060980,41.6987,-0.0557218,-0.027304,-4.98126,0,0,-5,-0.0557218,-0.027304,0.0187378,0.0648192,0.0563675,0.0302239,-0.01645,0,0,0
1780599461084980,41.7227,-0.0564867,-0.0271378,-4.98111,0,0,-5,-0.0564867,-0.0271378,0.0188904,0.0654527,0.0575784,0.0295434,-0.0158208,0,0,0
1780599461100980,41.7387,-0.0569025,-0.0269978,-4.98105,0,0,-5,-0.0569025,-0.0269978,0.0189514,0.0657718,0.057472,0.0290832,-0.0160586,0,0,0
1780599461124980,41.7627,-0.0574051,-0.0267607,-4.98102,0,0,-5,-0.0574051,-0.0267607,0.0189819,0.0661196,0.0574641,0.0291227,-0.0165798,0,0,0
1780599461140980,41.7787,-0.0576487,-0.0265649,-4.98102,0,0,-5,-0.0576487,-0.0265649,0.0189819,0.0662524,0.0581447,0.0303974,-0.0177817,0,0,0
1780599461164980,41.8027,-0.057896,-0.026212,-4.98105,0,0,-5,-0.057896,-0.026212,0.0189514,0.0663187,0.0572504,0.0304828,-0.0183751,0,0,0
1780599461180980,41.8187,-0.0580114,-0.0259573,-4.98111,0,0,-5,-0.0580114,-0.0259573,0.0188904,0.066302,0.0563958,0.0301702,-0.0191587,0,0,0
1780599461204980,41.8427,-0.0580727,-0.0255353,-4.98126,0,0,-5,-0.0580727,-0.0255353,0.0187378,0.0661483,0.0576039,0.0312398,-0.0194935,0,0,0
1780599461220980,41.8587,-0.0580264,-0.0252205,-4.98138,0,0,-5,-0.0580264,-0.0252205,0.0186157,0.0659521,0.0585137,0.031806,-0.020179,0,0,0
1780599461236980,41.8747,-0.0579335,-0.0248899,-4.98151,0,0,-5,-0.0579335,-0.0248899,0.0184937,0.06571,0.0583569,0.0317075,-0.0198901,0,0,0
1780599461260980,41.8987,-0.0577214,-0.0243576,-4.98175,0,0,-5,-0.0577214,-0.0243576,0.0182495,0.0652541,0.0568545,0.0327098,-0.0204463,0,0,0
1780599461284980,41.9227,-0.0574217,-0.0237718,-4.98199,0,0,-5,-0.0574217,-0.0237718,0.0180054,0.0647035,0.0568851,0.0323398,-0.0194136,0,0,0
1780599461300980,41.9387,-0.0571695,-0.0233734,-4.98212,0,0,-5,-0.0571695,-0.0233734,0.0178833,0.0642999,0.0572061,0.0327061,-0.0190894,0,0,0
1780599461324980,41.9627,-0.0567526,-0.0227394,-4.9823,0,0,-5,-0.0567526,-0.0227394,0.0177002,0.0636493,0.0561237,0.0322764,-0.0182081,0,0,0
1780599461340980,41.9787,-0.0564387,-0.0223092,-4.98242,0,0,-5,-0.0564387,-0.0223092,0.0175781,0.0631824,0.0555242,0.0326783,-0.0187021,0,0,0
1780599461364980,42.0027,-0.055916,-0.0216126,-4.98264,0,0,-5,-0.055916,-0.0216126,0.0173645,0.0624118,0.0550176,0.0337733,-0.0183434,0,0,0
1780599461380980,42.0187,-0.0555258,-0.0211346,-4.98282,0,0,-5,-0.0555258,-0.0211346,0.0171814,0.0618465,0.0556461,0.0332959,-0.0194725,0,0,0
1780599461404980,42.0427,-0.0579464,-0.0210558,-4.98224,0,0,-5,-0.0579464,-0.0210558,0.0177612,0.0641607,0.054075,0.0322216,-0.0181459,0,0,0
1780599461420980,42.0587,-0.0594229,-0.0209646,-4.9819,0,0,-5,-0.0594229,-0.0209646,0.0180969,0.0655599,0.0527487,0.0331391,-0.0164742,0,0,0
1780599461444980,42.0827,-0.0614567,-0.0207542,-4.98141,0,0,-5,-0.0614567,-0.0207542,0.0185852,0.0674765,0.0505728,0.034299,-0.0149781,0,0,0
1780599461461083,42.0988,-0.0626891,-0.0205587,-4.98111,0,0,-5,-0.0626891,-0.0205587,0.0188904,0.0686253,0.0506276,0.0349467,-0.0158396,0,0,0
1780599461485083,42.1228,-0.0643399,-0.0202089,-4.98071,0,0,-5,-0.0643399,-0.0202089,0.0192871,0.0701429,0.05028,0.034516,-0.0162525,0,0,0
1780599461501083,42.1388,-0.0653309,-0.0199539,-4.9805,0,0,-5,-0.0653309,-0.0199539,0.0195007,0.0710392,0.0492166,0.0354761,-0.0168412,0,0,0
1780599461525083,42.1628,-0.066678,-0.0194977,-4.98022,0,0,-5,-0.066678,-0.0194977,0.0197754,0.07223,0.0480391,0.0359199,-0.0179363,0,0,0
1780599461541083,42.1788,-0.0674738,-0.0191719,-4.98007,0,0,-5,-0.0674738,-0.0191719,0.019928,0.0729206,0.0491853,0.0361108,-0.0192623,0,0,0
1780599461565083,42.2028,-0.0685016,-0.0186319,-4.97998,0,0,-5,-0.0685016,-0.0186319,0.0200195,0.0737591,0.0490597,0.0362528,-0.0220253,0,0,0
1780599461581083,42.2188,-0.0690919,-0.0182606,-4.97995,0,0,-5,-0.0690919,-0.0182606,0.02005,0.0742236,0.0489313,0.036224,-0.0219563,0,0,0
1780599461605083,42.2428,-0.0698245,-0.0176652,-4.98001,0,0,-5,-0.0698245,-0.0176652,0.019989,0.0747467,0.0492166,0.0372528,-0.0233033,0,0,0
1780599461621083,42.2588,-0.0702278,-0.0172547,-4.98007,0,0,-5,-0.0702278,-0.0172547,0.019928,0.075012,0.0490534,0.036788,-0.0231674,0,0,0
1780599461645083,42.2828,-0.0707268,-0.01657,-4.98019,0,0,-5,-0.0707268,-0.01657,0.0198059,0.0752936,0.0478998,0.0396063,-0.0226553,0,0,0
1780599461661083,42.2988,-0.0710024,-0.0160896,-4.98026,0,0,-5,-0.0710024,-0.0160896,0.0197449,0.0754326,0.0479961,0.0384315,-0.022077,0,0,0
1780599461685083,42.3228,-0.0713036,-0.0153735,-4.98035,0,0,-5,-0.0713036,-0.0153735,0.0196533,0.0755434,0.0482414,0.0381975,-0.0207669,0,0,0
1780599461701083,42.3388,-0.0714276,-0.0148771,-4.98044,0,0,-5,-0.0714276,-0.0148771,0.0195618,0.0755373,0.0484995,0.0383806,-0.021024,0,0,0
1780599461717083,42.3548,-0.0715031,-0.0143625,-4.98053,0,0,-5,-0.0715031,-0.0143625,0.0194702,0.0754855,0.0489861,0.0393515,-0.0201981,0,0,0
1780599461741083,42.3788,-0.0715002,-0.0135494,-4.98068,0,0,-5,-0.0715002,-0.0135494,0.0193176,0.075293,0.0494815,0.0398369,-0.0195402,0,0,0
1780599461765083,42.4028,-0.0713714,-0.0127091,-4.98087,0,0,-5,-0.0713714,-0.0127091,0.0191345,0.0749769,0.0512169,0.0411023,-0.0201964,0,0,0
1780599461781083,42.4188,-0.0712098,-0.0121291,-4.98099,0,0,-5,-0.0712098,-0.0121291,0.0190125,0.0746956,0.0516546,0.0412486,-0.01933,0,0,0
1780599461797083,42.4348,-0.0730281,-0.012506,-4.98087,0,0,-5,-0.0730281,-0.012506,0.0191345,0.0765221,0.0511446,0.0400791,-0.0185918,0,0,0
1780599461821083,42.4588,-0.0755137,-0.0130217,-4.98077,0,0,-5,-0.0755137,-0.0130217,0.0192261,0.0790033,0.0502743,0.0367202,-0.0202102,0,0,0
1780599461845083,42.4828,-0.0777382,-0.0134784,-4.98077,0,0,-5,-0.0777382,-0.0134784,0.0192261,0.0812068,0.0490916,0.0348692,-0.0206548,0,0,0
1780599461861083,42.4988,-0.0790861,-0.0137438,-4.98077,0,0,-5,-0.0790861,-0.0137438,0.0192261,0.0825418,0.0486406,0.0348318,-0.020429,0,0,0
1780599461885083,42.5228,-0.0808969,-0.014076,-4.9808,0,0,-5,-0.0808969,-0.014076,0.0191956,0.0843262,0.0492585,0.0331094,-0.0190333,0,0,0
1780599461901083,42.5388,-0.0819651,-0.0142635,-4.98083,0,0,-5,-0.0819651,-0.0142635,0.019165,0.0853758,0.0501525,0.0332744,-0.0189905,0,0,0
1780599461925083,42.5628,-0.0833857,-0.0144892,-4.9809,0,0,-5,-0.0833857,-0.0144892,0.019104,0.0867645,0.0498134,0.0310765,-0.0187551,0,0,0
1780599461941083,42.5788,-0.0842066,-0.0146208,-4.98096,0,0,-5,-0.0842066,-0.0146208,0.019043,0.0875623,0.0513386,0.0306887,-0.0186482,0,0,0
1780599461965083,42.6028,-0.0852707,-0.014743,-4.98105,0,0,-5,-0.0852707,-0.014743,0.0189514,0.0885867,0.0514441,0.0315216,-0.0179829,0,0,0
1780599461981083,42.6188,-0.0858715,-0.0147776,-4.98114,0,0,-5,-0.0858715,-0.0147776,0.0188599,0.0891514,0.0525428,0.0313633,-0.0171311,0,0,0
1780599462005083,42.6428,-0.086604,-0.0147882,-4.98126,0,0,-5,-0.086604,-0.0147882,0.0187378,0.0898334,0.0531569,0.0308115,-0.0173216,0,0,0
1780599462021083,42.6588,-0.086991,-0.0147544,-4.98129,0,0,-5,-0.086991,-0.0147544,0.0187073,0.0901947,0.0539162,0.0315474,-0.0179142,0,0,0
1780599462037083,42.6748,-0.0872815,-0.0146918,-4.98135,0,0,-5,-0.0872815,-0.0146918,0.0186462,0.0904522,0.0557357,0.03133,-0.018197,0,0,0
1780599462061083,42.6988,-0.0875413,-0.0145529,-4.98154,0,0,-5,-0.0875413,-0.0145529,0.0184631,0.090643,0.0577257,0.0308029,-0.0208062,0,0,0
1780599462077083,42.7148,-0.0876191,-0.0144391,-4.98169,0,0,-5,-0.0876191,-0.0144391,0.0183105,0.0906691,0.0583035,0.0306073,-0.0210009,0,0,0
1780599462101083,42.7388,-0.0876252,-0.0142212,-4.98203,0,0,-5,-0.0876252,-0.0142212,0.0179749,0.0905732,0.058564,0.0310446,-0.021199,0,0,0
1780599462125083,42.7628,-0.0874924,-0.0139543,-4.98239,0,0,-5,-0.0874924,-0.0139543,0.0176086,0.0903311,0.0611226,0.0303666,-0.021193,0,0,0
1780599462141083,42.7788,-0.0873035,-0.0137552,-4.98264,0,0,-5,-0.0873035,-0.0137552,0.0173645,0.0900702,0.062198,0.0308221,-0.0205746,0,0,0
1780599462165083,42.8028,-0.0869286,-0.0134139,-4.983,0,0,-5,-0.0869286,-0.0134139,0.0169983,0.0895849,0.0619337,0.0313393,-0.019113,0,0,0
1780599462181083,42.8188,-0.0866068,-0.0131468,-4.98322,0,0,-5,-0.0866068,-0.0131468,0.0167847,0.0891925,0.0637934,0.0310365,-0.0176912,0,0,0
1780599462205083,42.8428,-0.0878842,-0.0144191,-4.98318,0,0,-5,-0.0878842,-0.0144191,0.0168152,0.0906327,0.0625793,0.029432,-0.0181206,0,0,0
1780599462221083,42.8588,-0.0886063,-0.015196,-4.98318,0,0,-5,-0.0886063,-0.015196,0.0168152,0.0914589,0.0634172,0.027524,-0.0170924,0,0,0
1780599462245083,42.8828,-0.0895044,-0.0162994,-4.98325,0,0,-5,-0.0895044,-0.0162994,0.0167542,0.0925063,0.063939,0.0257974,-0.016786,0,0,0
1780599462261083,42.8988,-0.0899858,-0.0169698,-4.98331,0,0,-5,-0.0899858,-0.0169698,0.0166931,0.093081,0.0647922,0.0252765,-0.0163146,0,0,0
1780599462277083,42.9148,-0.0903679,-0.0175932,-4.98337,0,0,-5,-0.0903679,-0.0175932,0.0166321,0.0935549,0.0654968,0.0242248,-0.0163821,0,0,0
1780599462301083,42.9388,-0.0907769,-0.0184557,-4.98349,0,0,-5,-0.0907769,-0.0184557,0.01651,0.0940938,0.0659284,0.0238863,-0.0156938,0,0,0
1780599462325083,42.9628,-0.0910152,-0.0191936,-4.98367,0,0,-5,-0.0910152,-0.0191936,0.0163269,0.094439,0.0664494,0.0244328,-0.0160261,0,0,0
1780599462341083,42.9788,-0.0910836,-0.0196226,-4.9838,0,0,-5,-0.0910836,-0.0196226,0.0162048,0.094572,0.0670041,0.0244617,-0.0168956,0,0,0
1780599462365083,43.0028,-0.0910805,-0.0201801,-4.98407,0,0,-5,-0.0910805,-0.0201801,0.0159302,0.0946397,0.0663278,0.0245878,-0.0182295,0,0,0
1780599462381083,43.0188,-0.0909907,-0.0204907,-4.98428,0,0,-5,-0.0909907,-0.0204907,0.0157166,0.0945843,0.0681478,0.0253217,-0.0182669,0,0,0
1780599462405083,43.0428,-0.0907333,-0.0208545,-4.98462,0,0,-5,-0.0907333,-0.0208545,0.0153809,0.0943611,0.0682418,0.0267494,-0.0166801,0,0,0
1780599462421083,43.0588,-0.0904843,-0.0210391,-4.98483,0,0,-5,-0.0904843,-0.0210391,0.0151672,0.0941281,0.0691027,0.0268205,-0.0164824,0,0,0
1780599462445083,43.0828,-0.0899938,-0.021252,-4.98511,0,0,-5,-0.0899938,-0.021252,0.0148926,0.0936606,0.0701124,0.027752,-0.0153088,0,0,0
1780599462461188,43.0989,-0.0896169,-0.0213434,-4.98529,0,0,-5,-0.0896169,-0.0213434,0.0147095,0.0932904,0.0705987,0.027155,-0.0162294,0,0,0
1780599462485188,43.1229,-0.0889428,-0.021439,-4.98557,0,0,-5,-0.0889428,-0.021439,0.0144348,0.0926219,0.072195,0.0275887,-0.0160731,0,0,0
1780599462501188,43.1389,-0.0884134,-0.0214581,-4.98575,0,0,-5,-0.0884134,-0.0214581,0.0142517,0.0920895,0.0733673,0.0272338,-0.0153877,0,0,0
1780599462517188,43.1549,-0.0878293,-0.0214412,-4.98596,0,0,-5,-0.0878293,-0.0214412,0.0140381,0.091492,0.0741243,0.0285697,-0.0152867,0,0,0
1780599462541188,43.1789,-0.0868902,-0.0213754,-4.98633,0,0,-5,-0.0868902,-0.0213754,0.0136719,0.0905192,0.0753048,0.0266609,-0.0146597,0,0,0
1780599462565188,43.2029,-0.0858267,-0.021289,-4.98666,0,0,-5,-0.0858267,-0.021289,0.0133362,0.0894277,0.0762264,0.0268362,-0.0142448,0,0,0
1780599462581188,43.2189,-0.0850719,-0.0211917,-4.98691,0,0,-5,-0.0850719,-0.0211917,0.013092,0.0886438,0.0765389,0.026653,-0.0153796,0,0,0
1780599462605188,43.2429,-0.0862698,-0.0225769,-4.98688,0,0,-5,-0.0862698,-0.0225769,0.0131226,0.0901355,0.0769964,0.023508,-0.0157485,0,0,0
1780599462621188,43.2589,-0.0869262,-0.0234456,-4.98688,0,0,-5,-0.0869262,-0.0234456,0.0131226,0.0909839,0.0780791,0.0235751,-0.0170951,0,0,0
1780599462645188,43.2829,-0.0876963,-0.024622,-4.98691,0,0,-5,-0.0876963,-0.024622,0.013092,0.0920233,0.0778277,0.0225646,-0.0176539,0,0,0
1780599462661188,43.2989,-0.0881001,-0.0253547,-4.98697,0,0,-5,-0.0881001,-0.0253547,0.013031,0.0925975,0.0778152,0.0211136,-0.0179096,0,0,0
1780599462685188,43.3229,-0.0885325,-0.0263585,-4.98703,0,0,-5,-0.0885325,-0.0263585,0.01297,0.0932791,0.078934,0.0211986,-0.017145,0,0,0
1780599462701188,43.3389,-0.0887156,-0.0269624,-4.98712,0,0,-5,-0.0887156,-0.0269624,0.0128784,0.0936124,0.0775902,0.0206885,-0.0166616,0,0,0
1780599462725188,43.3629,-0.0888597,-0.0277997,-4.98721,0,0,-5,-0.0888597,-0.0277997,0.0127869,0.0939807,0.0784951,0.0192758,-0.0155903,0,0,0
1780599462741188,43.3789,-0.0888551,-0.0282998,-4.9873,0,0,-5,-0.0888551,-0.0282998,0.0126953,0.0941131,0.0791216,0.0202681,-0.0152712,0,0,0
1780599462765188,43.4029,-0.0887116,-0.0289632,-4.98743,0,0,-5,-0.0887116,-0.0289632,0.0125732,0.0941632,0.0791451,0.0204947,-0.0145219,0,0,0
1780599462781188,43.4189,-0.0885378,-0.029344,-4.98752,0,0,-5,-0.0885378,-0.029344,0.0124817,0.0941052,0.0781328,0.0201798,-0.0147412,0,0,0
1780599462805188,43.4429,-0.0881834,-0.0298524,-4.9877,0,0,-5,-0.0881834,-0.0298524,0.0122986,0.0939081,0.0785544,0.0200515,-0.0147402,0,0,0
1780599462821188,43.4589,-0.0878835,-0.0301467,-4.98785,0,0,-5,-0.0878835,-0.0301467,0.012146,0.0937009,0.0769474,0.0203681,-0.0142076,0,0,0
1780599462845188,43.4829,-0.0873288,-0.0304897,-4.98804,0,0,-5,-0.0873288,-0.0304897,0.0119629,0.0932687,0.0791134,0.022272,-0.0137525,0,0,0
1780599462861188,43.4989,-0.0868707,-0.0306636,-4.98819,0,0,-5,-0.0868707,-0.0306636,0.0118103,0.0928777,0.0793854,0.0223143,-0.0153827,0,0,0
1780599462885188,43.5229,-0.0861316,-0.0308844,-4.98846,0,0,-5,-0.0861316,-0.0308844,0.0115356,0.0922256,0.0776807,0.0209195,-0.0149361,0,0,0
1780599462901188,43.5389,-0.0855904,-0.0309946,-4.98862,0,0,-5,-0.0855904,-0.0309946,0.0113831,0.0917385,0.0777667,0.0213147,-0.0143637,0,0,0
1780599462925188,43.5629,-0.0847182,-0.0311367,-4.98889,0,0,-5,-0.0847182,-0.0311367,0.0111084,0.0909399,0.0769786,0.0194307,-0.0146428,0,0,0
1780599462941188,43.5789,-0.0840791,-0.0311969,-4.98907,0,0,-5,-0.0840791,-0.0311969,0.0109253,0.0903433,0.0777198,0.0210658,-0.0139636,0,0,0
1780599462965188,43.6029,-0.0830445,-0.0312323,-4.98932,0,0,-5,-0.0830445,-0.0312323,0.0106812,0.0893641,0.0781471,0.0210133,-0.0133147,0,0,0
1780599462981188,43.6189,-0.0822911,-0.0312244,-4.98947,0,0,-5,-0.0822911,-0.0312244,0.0105286,0.0886433,0.0797827,0.0211461,-0.014002,0,0,0
1780599463005188,43.6429,-0.0838114,-0.0334198,-4.98938,0,0,-5,-0.0838114,-0.0334198,0.0106201,0.0908516,0.0804867,0.0202749,-0.0136931,0,0,0
1780599463021188,43.6589,-0.0846925,-0.0347875,-4.98935,0,0,-5,-0.0846925,-0.0347875,0.0106506,0.0921761,0.079012,0.0204617,-0.0119836,0,0,0
1780599463045188,43.6829,-0.0858326,-0.036668,-4.98926,0,0,-5,-0.0858326,-0.036668,0.0107422,0.0939531,0.0774553,0.0201063,-0.00958137,0,0,0
1780599463061188,43.6989,-0.086474,-0.0378221,-4.98917,0,0,-5,-0.086474,-0.0378221,0.0108337,0.0950033,0.0775388,0.0199745,-0.00845197,0,0,0
1780599463085188,43.7229,-0.0872298,-0.0394269,-4.98901,0,0,-5,-0.0872298,-0.0394269,0.0109863,0.0963547,0.078507,0.019156,-0.00673454,0,0,0
1780599463101188,43.7389,-0.0876061,-0.0404214,-4.98892,0,0,-5,-0.0876061,-0.0404214,0.0110779,0.0971156,0.0799043,0.017984,-0.00611612,0,0,0
1780599463125188,43.7629,-0.0879767,-0.0418138,-4.98877,0,0,-5,-0.0879767,-0.0418138,0.0112305,0.0980531,0.0803931,0.0169789,-0.00683428,0,0,0
1780599463141188,43.7789,-0.0881161,-0.0426793,-4.98871,0,0,-5,-0.0881161,-0.0426793,0.0112915,0.0985569,0.0809895,0.015962,-0.00767146,0,0,0
1780599463165188,43.8029,-0.0881878,-0.0438615,-4.98868,0,0,-5,-0.0881878,-0.0438615,0.011322,0.0991418,0.0809805,0.0168165,-0.00986784,0,0,0
1780599463181188,43.8189,-0.0881498,-0.0445877,-4.98868,0,0,-5,-0.0881498,-0.0445877,0.011322,0.0994316,0.0802854,0.0163218,-0.0094151,0,0,0
1780599463205188,43.8429,-0.0879847,-0.0455919,-4.98871,0,0,-5,-0.0879847,-0.0455919,0.0112915,0.0997368,0.0789625,0.0157885,-0.0101665,0,0,0
1780599463221188,43.8589,-0.0878099,-0.0462001,-4.98877,0,0,-5,-0.0878099,-0.0462001,0.0112305,0.0998556,0.0780698,0.0154285,-0.0108871,0,0,0
1780599463245188,43.8829,-0.0874445,-0.0470187,-4.98889,0,0,-5,-0.0874445,-0.0470187,0.0111084,0.0999034,0.0788654,0.0168893,-0.0111453,0,0,0
1780599463261188,43.8989,-0.0871197,-0.0474933,-4.98895,0,0,-5,-0.0871197,-0.0474933,0.0110474,0.0998374,0.0794182,0.0176153,-0.0102887,0,0,0
1780599463277188,43.9149,-0.0867402,-0.0479083,-4.98904,0,0,-5,-0.0867402,-0.0479083,0.0109558,0.0996951,0.0783321,0.0188471,-0.00974673,0,0,0
1780599463301188,43.9389,-0.0860797,-0.0484318,-4.98917,0,0,-5,-0.0860797,-0.0484318,0.0108337,0.0993615,0.0802831,0.0197746,-0.0104152,0,0,0
1780599463325188,43.9629,-0.0852781,-0.0488708,-4.98929,0,0,-5,-0.0852781,-0.0488708,0.0107117,0.0988709,0.0811375,0.0196496,-0.0106277,0,0,0
1780599463341188,43.9789,-0.0846815,-0.0491017,-4.98941,0,0,-5,-0.0846815,-0.0491017,0.0105896,0.0984585,0.081316,0.0210741,-0.0110443,0,0,0
1780599463365188,44.0029,-0.0836924,-0.0493689,-4.98956,0,0,-5,-0.0836924,-0.0493689,0.010437,0.0977274,0.0815933,0.0216792,-0.0107988,0,0,0
1780599463381188,44.0189,-0.0829896,-0.0494838,-4.98969,0,0,-5,-0.0829896,-0.0494838,0.0103149,0.0971716,0.0812718,0.0228552,-0.00961793,0,0,0
1780599463405188,44.0429,-0.0843214,-0.0505787,-4.98956,0,0,-5,-0.0843214,-0.0505787,0.010437,0.0988799,0.0810909,0.0238791,-0.00910333,0,0,0
1780599463421188,44.0589,-0.0850654,-0.0512114,-4.98947,0,0,-5,-0.0850654,-0.0512114,0.0105286,0.0998478,0.0810615,0.024529,-0.0102217,0,0,0
1780599463445188,44.0829,-0.0859529,-0.052018,-4.98941,0,0,-5,-0.0859529,-0.052018,0.0105896,0.101024,0.0818659,0.0264544,-0.0102897,0,0,0
1780599463461297,44.099,-0.086407,-0.0524639,-4.98938,0,0,-5,-0.086407,-0.0524639,0.0106201,0.101644,0.0825343,0.0282835,-0.00915588,0,0,0
1780599463485297,44.123,-0.0868751,-0.0530026,-4.98935,0,0,-5,-0.0868751,-0.0530026,0.0106506,0.102323,0.0841687,0.0296584,-0.0106409,0,0,0
1780599463501297,44.139,-0.0870517,-0.0532794,-4.98938,0,0,-5,-0.0870517,-0.0532794,0.0106201,0.102613,0.0851655,0.0307989,-0.0112777,0,0,0
1780599463525297,44.163,-0.0871772,-0.0535989,-4.98941,0,0,-5,-0.0871772,-0.0535989,0.0105896,0.102883,0.0844552,0.0316046,-0.0102477,0,0,0
1780599463541297,44.179,-0.0871745,-0.053749,-4.98944,0,0,-5,-0.0871745,-0.053749,0.0105591,0.102956,0.0837272,0.0324072,-0.00954458,0,0,0
1780599463565297,44.203,-0.087031,-0.0538761,-4.98947,0,0,-5,-0.087031,-0.0538761,0.0105286,0.102897,0.0852206,0.0333959,-0.00974114,0,0,0
1780599463581297,44.219,-0.0868222,-0.0539048,-4.98953,0,0,-5,-0.0868222,-0.0539048,0.0104675,0.10273,0.086613,0.0346157,-0.00975837,0,0,0
1780599463605297,44.243,-0.0864041,-0.0538683,-4.98959,0,0,-5,-0.0864041,-0.0538683,0.0104065,0.102351,0.0839236,0.0344949,-0.00880346,0,0,0
1780599463621297,44.259,-0.0860791,-0.0538067,-4.98965,0,0,-5,-0.0860791,-0.0538067,0.0103455,0.102038,0.0832744,0.0349784,-0.00798198,0,0,0
1780599463645297,44.283,-0.0854862,-0.0536198,-4.98972,0,0,-5,-0.0854862,-0.0536198,0.0102844,0.101433,0.0830874,0.0371398,-0.00669939,0,0,0
1780599463661297,44.299,-0.0850304,-0.0534384,-4.98978,0,0,-5,-0.0850304,-0.0534384,0.0102234,0.100947,0.0828087,0.0369553,-0.00624676,0,0,0
1780599463677297,44.315,-0.084533,-0.0532305,-4.98981,0,0,-5,-0.084533,-0.0532305,0.0101929,0.100415,0.0827152,0.0383319,-0.00535301,0,0,0
1780599463701297,44.339,-0.0836827,-0.0528458,-4.98987,0,0,-5,-0.0836827,-0.0528458,0.0101318,0.0994893,0.0830215,0.0382235,-0.00564976,0,0,0
1780599463725297,44.363,-0.0827204,-0.052402,-4.98999,0,0,-5,-0.0827204,-0.052402,0.0100098,0.0984318,0.0838349,0.0390967,-0.00724143,0,0,0
1780599463741297,44.379,-0.0820304,-0.0520642,-4.99008,0,0,-5,-0.0820304,-0.0520642,0.00991821,0.0976629,0.0832148,0.0402118,-0.00697839,0,0,0
1780599463757297,44.395,-0.0813219,-0.051686,-4.99014,0,0,-5,-0.0813219,-0.051686,0.00985718,0.09686,0.0813951,0.0405948,-0.00592379,0,0,0
1780599463781297,44.419,-0.0801985,-0.0510873,-4.99036,0,0,-5,-0.0801985,-0.0510873,0.00964355,0.0955757,0.0815439,0.0409897,-0.0075688,0,0,0
1780599463805297,44.443,-0.0821735,-0.0516523,-4.99023,0,0,-5,-0.0821735,-0.0516523,0.00976562,0.0975491,0.0800148,0.0415023,-0.00811533,0,0,0
1780599463821297,44.459,-0.0833253,-0.0519574,-4.99017,0,0,-5,-0.0833253,-0.0519574,0.00982666,0.0986876,0.0800529,0.040698,-0.00825648,0,0,0
1780599463837297,44.475,-0.084357,-0.052231,-4.99014,0,0,-5,-0.084357,-0.052231,0.00985718,0.0997063,0.0789841,0.0392917,-0.00880396,0,0,0
1780599463861297,44.499,-0.0856941,-0.0525461,-4.99011,0,0,-5,-0.0856941,-0.0525461,0.0098877,0.101007,0.0788535,0.0396355,-0.00863933,0,0,0
1780599463885297,44.523,-0.0868108,-0.0527567,-4.99014,0,0,-5,-0.0868108,-0.0527567,0.00985718,0.102062,0.0764035,0.0397479,-0.0101219,0,0,0
1780599463901297,44.539,-0.0874535,-0.0528342,-4.9902,0,0,-5,-0.0874535,-0.0528342,0.00979614,0.102643,0.0754132,0.040144,-0.0104864,0,0,0
1780599463925297,44.563,-0.0882513,-0.0528549,-4.99033,0,0,-5,-0.0882513,-0.0528549,0.00967407,0.103322,0.075319,0.0408468,-0.00993786,0,0,0
1780599463941297,44.579,-0.088665,-0.0528274,-4.99039,0,0,-5,-0.088665,-0.0528274,0.00961304,0.103656,0.0753964,0.0402757,-0.0100453,0,0,0
1780599463965297,44.603,-0.0891336,-0.0527185,-4.99051,0,0,-5,-0.0891336,-0.0527185,0.00949097,0.103991,0.0753657,0.039959,-0.00951422,0,0,0
1780599463981297,44.619,-0.0893452,-0.0526129,-4.99057,0,0,-5,-0.0893452,-0.0526129,0.00942993,0.104113,0.0745932,0.0397594,-0.00875685,0,0,0
1780599464005297,44.643,-0.0895134,-0.0524037,-4.99066,0,0,-5,-0.0895134,-0.0524037,0.00933838,0.104144,0.0753544,0.0391544,-0.00698746,0,0,0
1780599464021297,44.659,-0.0895452,-0.0522207,-4.99072,0,0,-5,-0.0895452,-0.0522207,0.00927734,0.104074,0.0753117,0.0400732,-0.00693979,0,0,0
1780599464045297,44.683,-0.0894461,-0.0518953,-4.99084,0,0,-5,-0.0894461,-0.0518953,0.00915527,0.103815,0.076211,0.0391774,-0.00727849,0,0,0
1780599464061297,44.699,-0.089294,-0.0516493,-4.99097,0,0,-5,-0.089294,-0.0516493,0.0090332,0.10355,0.0760946,0.039824,-0.00736694,0,0,0
1780599464085297,44.723,-0.0889643,-0.0512125,-4.99115,0,0,-5,-0.0889643,-0.0512125,0.0088501,0.103032,0.0752467,0.0399192,-0.0084792,0,0,0
1780599464101297,44.739,-0.0886865,-0.0508895,-4.9913,0,0,-5,-0.0886865,-0.0508895,0.00869751,0.102619,0.0743727,0.040091,-0.00983198,0,0,0
1780599464117297,44.755,-0.0883552,-0.0505389,-4.99149,0,0,-5,-0.0883552,-0.0505389,0.0085144,0.102144,0.0751113,0.0406627,-0.0106429,0,0,0
1780599464141297,44.779,-0.087765,-0.0499536,-4.99176,0,0,-5,-0.087765,-0.0499536,0.00823975,0.101321,0.074826,0.0415132,-0.0109018,0,0,0
1780599464165297,44.803,-0.0870633,-0.0493059,-4.99203,0,0,-5,-0.0870633,-0.0493059,0.00796509,0.100372,0.0757272,0.0426599,-0.0100682,0,0,0
1780599464181297,44.819,-0.086529,-0.0488279,-4.99222,0,0,-5,-0.086529,-0.0488279,0.00778198,0.0996593,0.0759516,0.043829,-0.00963386,0,0,0
1780599464205297,44.843,-0.0889081,-0.0491513,-4.99216,0,0,-5,-0.0889081,-0.0491513,0.00784302,0.101892,0.0738919,0.0433681,-0.00919669,0,0,0
1780599464221297,44.859,-0.0903249,-0.0492935,-4.9921,0,0,-5,-0.0903249,-0.0492935,0.00790405,0.103203,0.0740008,0.0443733,-0.00737638,0,0,0
1780599464237297,44.875,-0.091602,-0.0493777,-4.99203,0,0,-5,-0.091602,-0.0493777,0.00796509,0.104367,0.07375,0.0443288,-0.00701387,0,0,0
1780599464261297,44.899,-0.0932962,-0.0494066,-4.99194,0,0,-5,-0.0932962,-0.0494066,0.00805664,0.105878,0.0731123,0.0450078,-0.00606784,0,0,0
1780599464285297,44.923,-0.0947099,-0.0493502,-4.99185,0,0,-5,-0.0947099,-0.0493502,0.00814819,0.107107,0.0733669,0.0447172,-0.00534474,0,0,0
1780599464301297,44.939,-0.0955247,-0.0492515,-4.99176,0,0,-5,-0.0955247,-0.0492515,0.00823975,0.107789,0.0725553,0.0454371,-0.00393727,0,0,0
1780599464325297,44.963,-0.0965444,-0.0490246,-4.99164,0,0,-5,-0.0965444,-0.0490246,0.00836182,0.108601,0.073428,0.0454812,-0.00453461,0,0,0
1780599464341297,44.979,-0.0970874,-0.0488164,-4.99158,0,0,-5,-0.0970874,-0.0488164,0.00842285,0.108995,0.0740847,0.0470029,-0.00554039,0,0,0
1780599464365297,45.003,-0.0977192,-0.0484429,-4.99155,0,0,-5,-0.0977192,-0.0484429,0.00845337,0.109395,0.0748703,0.0462405,-0.00666658,0,0,0
1780599464381297,45.019,-0.0980194,-0.0481552,-4.99155,0,0,-5,-0.0980194,-0.0481552,0.00845337,0.109536,0.0755886,0.0468383,-0.00655999,0,0,0
1780599464405297,45.043,-0.098288,-0.0476737,-4.99158,0,0,-5,-0.098288,-0.0476737,0.00842285,0.109564,0.0770093,0.0462375,-0.0074352,0,0,0
1780599464421297,45.059,-0.0983694,-0.0473436,-4.99164,0,0,-5,-0.0983694,-0.0473436,0.00836182,0.109489,0.0764824,0.0437885,-0.0068404,0,0,0
1780599464445297,45.083,-0.0983798,-0.0468266,-4.99173,0,0,-5,-0.0983798,-0.0468266,0.00827026,0.109269,0.0759449,0.0446342,-0.00725289,0,0,0
1780599464461297,45.099,-0.0982894,-0.0464477,-4.99179,0,0,-5,-0.0982894,-0.0464477,0.00820923,0.109021,0.0766622,0.04427,-0.00759612,0,0,0
1780599464485408,45.1231,-0.0980147,-0.0458424,-4.99191,0,0,-5,-0.0980147,-0.0458424,0.00808716,0.108507,0.077789,0.0439103,-0.00791836,0,0,0
1780599464501408,45.1391,-0.097736,-0.0454105,-4.99203,0,0,-5,-0.097736,-0.0454105,0.00796509,0.108064,0.0787262,0.0439432,-0.00784533,0,0,0
1780599464525408,45.1631,-0.0971987,-0.0446982,-4.99222,0,0,-5,-0.0971987,-0.0446982,0.00778198,0.107266,0.0786583,0.0454372,-0.00800458,0,0,0
1780599464541408,45.1791,-0.096771,-0.0441954,-4.99237,0,0,-5,-0.096771,-0.0441954,0.00762939,0.106659,0.0785124,0.0448746,-0.00891863,0,0,0
1780599464565408,45.2031,-0.0960334,-0.0434173,-4.99261,0,0,-5,-0.0960334,-0.0434173,0.00738525,0.10565,0.0792788,0.0452492,-0.00790129,0,0,0
1780599464581408,45.2191,-0.0954649,-0.0428648,-4.99283,0,0,-5,-0.0954649,-0.0428648,0.00717163,0.104892,0.0799066,0.0461036,-0.00822823,0,0,0
1780599464597408,45.2351,-0.0969631,-0.0427359,-4.99277,0,0,-5,-0.0969631,-0.0427359,0.00723267,0.10621,0.0803817,0.0464354,-0.00881812,0,0,0
1780599464621408,45.2591,-0.0989439,-0.0424928,-4.99268,0,0,-5,-0.0989439,-0.0424928,0.00732422,0.107931,0.0796115,0.0450593,-0.00806416,0,0,0
1780599464637408,45.2751,-0.100089,-0.0423004,-4.99265,0,0,-5,-0.100089,-0.0423004,0.00735474,0.108909,0.0801868,0.044291,-0.00792565,0,0,0
1780599464661408,45.2991,-0.101555,-0.0419647,-4.99261,0,0,-5,-0.101555,-0.0419647,0.00738525,0.110132,0.0801209,0.0437536,-0.00893885,0,0,0
1780599464685408,45.3231,-0.102744,-0.0415906,-4.99261,0,0,-5,-0.102744,-0.0415906,0.00738525,0.111089,0.080759,0.0425023,-0.00896258,0,0,0
1780599464701408,45.3391,-0.103386,-0.041299,-4.99258,0,0,-5,-0.103386,-0.041299,0.00741577,0.111576,0.0809986,0.0440559,-0.00765245,0,0,0
1780599464725408,45.3631,-0.104147,-0.040796,-4.99258,0,0,-5,-0.104147,-0.040796,0.00741577,0.112097,0.0810801,0.0441773,-0.0081652,0,0,0
1780599464741408,45.3791,-0.10453,-0.0404252,-4.99258,0,0,-5,-0.10453,-0.0404252,0.00741577,0.11232,0.0809394,0.0441808,-0.00841578,0,0,0
1780599464765408,45.4031,-0.104941,-0.039831,-4.99265,0,0,-5,-0.104941,-0.039831,0.00735474,0.112486,0.0806369,0.0431647,-0.00839018,0,0,0
1780599464781408,45.4191,-0.105112,-0.0394295,-4.99265,0,0,-5,-0.105112,-0.0394295,0.00735474,0.112505,0.0811274,0.0419769,-0.00728058,0,0,0
1780599464805408,45.4431,-0.105211,-0.0388159,-4.99268,0,0,-5,-0.105211,-0.0388159,0.00732422,0.112382,0.0811905,0.041453,-0.00724259,0,0,0
1780599464821408,45.4591,-0.10517,-0.0383777,-4.99268,0,0,-5,-0.10517,-0.0383777,0.00732422,0.112193,0.0825006,0.0415869,-0.00776386,0,0,0
1780599464845408,45.4831,-0.104945,-0.0377051,-4.99274,0,0,-5,-0.104945,-0.0377051,0.00726318,0.111749,0.0841939,0.0414667,-0.00862165,0,0,0
1780599464861408,45.4991,-0.104689,-0.0372236,-4.9928,0,0,-5,-0.104689,-0.0372236,0.00720215,0.111343,0.0853174,0.041407,-0.00825964,0,0,0
1780599464885408,45.5231,-0.104171,-0.0364755,-4.99289,0,0,-5,-0.104171,-0.0364755,0.0071106,0.110601,0.0856965,0.0422473,-0.00755875,0,0,0
1780599464901408,45.5391,-0.10375,-0.0359399,-4.99295,0,0,-5,-0.10375,-0.0359399,0.00704956,0.110024,0.0853595,0.0430593,-0.00757935,0,0,0
1780599464925408,45.5631,-0.103008,-0.0350938,-4.99307,0,0,-5,-0.103008,-0.0350938,0.00692749,0.109042,0.0858478,0.0433332,-0.00616311,0,0,0
1780599464941408,45.5791,-0.102438,-0.0345209,-4.99313,0,0,-5,-0.102438,-0.0345209,0.00686646,0.108316,0.0871803,0.0418033,-0.00684862,0,0,0
1780599464957408,45.5951,-0.1018,-0.0339574,-4.99323,0,0,-5,-0.1018,-0.0339574,0.0067749,0.107528,0.0877827,0.0413544,-0.00665448,0,0,0
1780599464981408,45.6191,-0.100719,-0.0330964,-4.99335,0,0,-5,-0.100719,-0.0330964,0.00665283,0.106226,0.0893301,0.040059,-0.00739669,0,0,0
1780599464997408,45.6351,-0.101632,-0.0330865,-4.99329,0,0,-5,-0.101632,-0.0330865,0.00671387,0.107093,0.0897279,0.0393178,-0.00795178,0,0,0
1780599465021408,45.6591,-0.102747,-0.0330187,-4.99323,0,0,-5,-0.102747,-0.0330187,0.0067749,0.108134,0.0904866,0.0386689,-0.00920651,0,0,0
1780599465045408,45.6831,-0.103597,-0.0328717,-4.99323,0,0,-5,-0.103597,-0.0328717,0.0067749,0.108898,0.0893228,0.0385859,-0.00967116,0,0,0
1780599465061408,45.6991,-0.104043,-0.0327398,-4.99323,0,0,-5,-0.104043,-0.0327398,0.0067749,0.109283,0.0890825,0.0383297,-0.010959,0,0,0
1780599465085408,45.7231,-0.104539,-0.032494,-4.99326,0,0,-5,-0.104539,-0.032494,0.00674438,0.10968,0.0882131,0.0380828,-0.0104313,0,0,0
1780599465101408,45.7391,-0.104762,-0.0323028,-4.99326,0,0,-5,-0.104762,-0.0323028,0.00674438,0.109836,0.0878882,0.0375459,-0.0107444,0,0,0
1780599465125408,45.7631,-0.104921,-0.0319696,-4.99332,0,0,-5,-0.104921,-0.0319696,0.00668335,0.109887,0.087363,0.0375732,-0.0111171,0,0,0
1780599465141408,45.7791,-0.104942,-0.0317155,-4.99338,0,0,-5,-0.104942,-0.0317155,0.00662231,0.10983,0.0859718,0.0369756,-0.0106493,0,0,0
1780599465165408,45.8031,-0.10484,-0.031284,-4.99347,0,0,-5,-0.10484,-0.031284,0.00653076,0.109603,0.0863275,0.0381505,-0.0106476,0,0,0
1780599465181408,45.8191,-0.104675,-0.0309705,-4.99353,0,0,-5,-0.104675,-0.0309705,0.00646973,0.109352,0.0861529,0.0379903,-0.0106446,0,0,0
1780599465205408,45.8431,-0.10429,-0.0304608,-4.99365,0,0,-5,-0.10429,-0.0304608,0.00634766,0.108833,0.0868422,0.037778,-0.0100379,0,0,0
1780599465221408,45.8591,-0.103941,-0.0300891,-4.99374,0,0,-5,-0.103941,-0.0300891,0.0062561,0.108389,0.0874579,0.0384578,-0.0100766,0,0,0
1780599465237408,45.8751,-0.103513,-0.0296986,-4.9938,0,0,-5,-0.103513,-0.0296986,0.00619507,0.107867,0.0878316,0.0386354,-0.00876787,0,0,0
1780599465261408,45.8991,-0.102752,-0.0290662,-4.9939,0,0,-5,-0.102752,-0.0290662,0.00610352,0.106958,0.0877834,0.0383124,-0.00725899,0,0,0
1780599465285408,45.9231,-0.101863,-0.0284351,-4.99399,0,0,-5,-0.101863,-0.0284351,0.00601196,0.105929,0.089739,0.037314,-0.00627502,0,0,0
1780599465301408,45.9391,-0.101175,-0.0279965,-4.99405,0,0,-5,-0.101175,-0.0279965,0.00595093,0.105146,0.0916707,0.0373789,-0.00713416,0,0,0
1780599465325408,45.9631,-0.100021,-0.0273251,-4.99417,0,0,-5,-0.100021,-0.0273251,0.00582886,0.10385,0.0917172,0.0363891,-0.00482745,0,0,0
1780599465341408,45.9791,-0.099191,-0.0268678,-4.9942,0,0,-5,-0.099191,-0.0268678,0.00579834,0.102929,0.0916591,0.0359124,-0.00429979,0,0,0
1780599465365408,46.0031,-0.0978491,-0.0261737,-4.99426,0,0,-5,-0.0978491,-0.0261737,0.0057373,0.101452,0.0933939,0.0349145,-0.00358157,0,0,0
1780599465381408,46.0191,-0.0968796,-0.0257172,-4.99426,0,0,-5,-0.0968796,-0.0257172,0.0057373,0.100399,0.0939385,0.033534,-0.00236058,0,0,0
1780599465397408,46.0351,-0.0979056,-0.0257297,-4.99429,0,0,-5,-0.0979056,-0.0257297,0.00570679,0.101391,0.0933984,0.0324129,-0.00145677,0,0,0
1780599465421408,46.0591,-0.0991772,-0.0256901,-4.99432,0,0,-5,-0.0991772,-0.0256901,0.00567627,0.102608,0.0938999,0.0325907,-0.00218728,0,0,0
1780599465445408,46.0831,-0.100166,-0.0255869,-4.99429,0,0,-5,-0.100166,-0.0255869,0.00570679,0.10354,0.0933086,0.0325786,-0.00138463,0,0,0
1780599465461408,46.0991,-0.100683,-0.0254772,-4.99426,0,0,-5,-0.100683,-0.0254772,0.0057373,0.104014,0.0935394,0.0328716,-0.000974272,0,0,0
1780599465485408,46.1231,-0.10124,-0.0252674,-4.99426,0,0,-5,-0.10124,-0.0252674,0.0057373,0.104504,0.094344,0.0322192,-0.000745022,0,0,0
1780599465501520,46.1392,-0.101479,-0.0250955,-4.99423,0,0,-5,-0.101479,-0.0250955,0.00576782,0.104695,0.0938288,0.0323641,-0.00105215,0,0,0
1780599465525520,46.1632,-0.101665,-0.0247989,-4.99426,0,0,-5,-0.101665,-0.0247989,0.0057373,0.104803,0.093476,0.0325507,-0.00250544,0,0,0
1780599465541520,46.1792,-0.101679,-0.0245695,-4.99429,0,0,-5,-0.101679,-0.0245695,0.00570679,0.104761,0.0928527,0.0324275,-0.00304167,0,0,0
1780599465557520,46.1952,-0.101624,-0.0243205,-4.99432,0,0,-5,-0.101624,-0.0243205,0.00567627,0.104648,0.092386,0.0328842,-0.00478357,0,0,0
1780599465581520,46.2192,-0.101383,-0.0238853,-4.99448,0,0,-5,-0.101383,-0.0238853,0.00552368,0.104305,0.0926294,0.0338178,-0.00580708,0,0,0
1780599465597520,46.2352,-0.101123,-0.0235726,-4.9946,0,0,-5,-0.101123,-0.0235726,0.00540161,0.103975,0.0937766,0.0334523,-0.0049423,0,0,0
1780599465621520,46.2592,-0.100592,-0.0230852,-4.99475,0,0,-5,-0.100592,-0.0230852,0.00524902,0.10334,0.0929522,0.0324515,-0.00467653,0,0,0
1780599465645520,46.2832,-0.0999217,-0.022581,-4.9949,0,0,-5,-0.0999217,-0.022581,0.00509644,0.102568,0.0930641,0.0321449,-0.00625482,0,0,0
1780599465661520,46.2992,-0.099386,-0.0222276,-4.99506,0,0,-5,-0.099386,-0.0222276,0.00494385,0.101961,0.0947267,0.0320447,-0.00587571,0,0,0
1780599465685520,46.3232,-0.0984659,-0.0217013,-4.99524,0,0,-5,-0.0984659,-0.0217013,0.00476074,0.100941,0.0932292,0.0306154,-0.00561373,0,0,0
1780599465701520,46.3392,-0.0977956,-0.0213437,-4.99536,0,0,-5,-0.0977956,-0.0213437,0.00463867,0.100205,0.0927877,0.0298388,-0.00454137,0,0,0
1780599465725520,46.3632,-0.0967257,-0.0207804,-4.99561,0,0,-5,-0.0967257,-0.0207804,0.00439453,0.0990303,0.091071,0.030279,-0.00368774,0,0,0
1780599465741520,46.3792,-0.0959606,-0.0203903,-4.99573,0,0,-5,-0.0959606,-0.0203903,0.00427246,0.098196,0.0913093,0.0300112,-0.00404726,0,0,0
1780599465765520,46.4032,-0.0947337,-0.0197916,-4.996,0,0,-5,-0.0947337,-0.0197916,0.0039978,0.0968616,0.0905503,0.0295868,-0.0053524,0,0,0
1780599465781520,46.4192,-0.0938649,-0.0193827,-4.99612,0,0,-5,-0.0938649,-0.0193827,0.00387573,0.0959236,0.0912928,0.0292256,-0.00541825,0,0,0
1780599465805520,46.4432,-0.094743,-0.0186699,-4.99625,0,0,-5,-0.094743,-0.0186699,0.00375366,0.0966379,0.0917582,0.0282003,-0.00596237,0,0,0
1780599465821520,46.4592,-0.0951791,-0.018207,-4.99634,0,0,-5,-0.0951791,-0.018207,0.00366211,0.0969741,0.0917426,0.0269032,-0.0058249,0,0,0
1780599465845520,46.4832,-0.0956211,-0.0175049,-4.99649,0,0,-5,-0.0956211,-0.0175049,0.00350952,0.0972734,0.0920711,0.0273951,-0.0050045,0,0,0
1780599465861520,46.4992,-0.0957899,-0.0170294,-4.99658,0,0,-5,-0.0957899,-0.0170294,0.00341797,0.0973518,0.0924513,0.0279285,-0.00605517,0,0,0
1780599465885520,46.5232,-0.0958705,-0.0162867,-4.99677,0,0,-5,-0.0958705,-0.0162867,0.00323486,0.0972978,0.0917603,0.0283276,-0.00479294,0,0,0
1780599465901520,46.5392,-0.0958196,-0.0157734,-4.99683,0,0,-5,-0.0958196,-0.0157734,0.00317383,0.097161,0.0919742,0.0298195,-0.00348511,0,0,0
1780599465917520,46.5552,-0.0956875,-0.0152445,-4.99692,0,0,-5,-0.0956875,-0.0152445,0.00308228,0.0969433,0.0922608,0.029123,-0.00410047,0,0,0
1780599465941520,46.5792,-0.0953603,-0.0144544,-4.9971,0,0,-5,-0.0953603,-0.0144544,0.00289917,0.0964931,0.0921474,0.0296171,-0.00550847,0,0,0
1780599465965520,46.6032,-0.0948756,-0.0136653,-4.99728,0,0,-5,-0.0948756,-0.0136653,0.00271606,0.0958932,0.0910781,0.0282166,-0.0054526,0,0,0
1780599465981520,46.6192,-0.0944665,-0.0131466,-4.99744,0,0,-5,-0.0944665,-0.0131466,0.00256348,0.0954113,0.091666,0.0283232,-0.00553358,0,0,0
1780599465997520,46.6352,-0.093991,-0.0126201,-4.99756,0,0,-5,-0.093991,-0.0126201,0.00244141,0.0948659,0.0904728,0.0286271,-0.00599217,0,0,0
1780599466021520,46.6592,-0.0931898,-0.0118263,-4.99774,0,0,-5,-0.0931898,-0.0118263,0.0022583,0.0939644,0.0905749,0.0278026,-0.00527708,0,0,0
1780599466045520,46.6832,-0.0922706,-0.0110525,-4.99796,0,0,-5,-0.0922706,-0.0110525,0.00204468,0.0929527,0.0900291,0.027174,-0.00628534,0,0,0
1780599466061520,46.6992,-0.0915971,-0.0105292,-4.99811,0,0,-5,-0.0915971,-0.0105292,0.00189209,0.0922197,0.0894724,0.0280118,-0.00534511,0,0,0
1780599466077520,46.7152,-0.090884,-0.00999116,-4.99826,0,0,-5,-0.090884,-0.00999116,0.0017395,0.0914481,0.0894541,0.0288439,-0.00570374,0,0,0
1780599466101520,46.7392,-0.0896976,-0.00920619,-4.99844,0,0,-5,-0.0896976,-0.00920619,0.0015564,0.0901822,0.0909142,0.0271997,-0.00439139,0,0,0
1780599466125520,46.7632,-0.0883853,-0.00841318,-4.99863,0,0,-5,-0.0883853,-0.00841318,0.00137329,0.0887954,0.0910368,0.0279864,-0.00338105,0,0,0
1780599466141520,46.7792,-0.0874546,-0.00787072,-4.99878,0,0,-5,-0.0874546,-0.00787072,0.0012207,0.0878166,0.0913491,0.0286244,-0.00340943,0,0,0
1780599466165520,46.8032,-0.0859649,-0.00702832,-4.99896,0,0,-5,-0.0859649,-0.00702832,0.0010376,0.0862579,0.0917397,0.0298752,-0.00376783,0,0,0
1780599466181520,46.8192,-0.0849223,-0.00644864,-4.99908,0,0,-5,-0.0849223,-0.00644864,0.000915527,0.0851717,0.0925995,0.0302605,-0.00381056,0,0,0
1780599466205520,46.8432,-0.0849911,-0.00538802,-4.99918,0,0,-5,-0.0849911,-0.00538802,0.000823975,0.0851657,0.0918085,0.0289396,-0.00335158,0,0,0
1780599466221520,46.8592,-0.0849275,-0.00470145,-4.99924,0,0,-5,-0.0849275,-0.00470145,0.000762939,0.0850609,0.0919254,0.0283642,-0.00271352,0,0,0
1780599466245520,46.8832,-0.0846907,-0.00372584,-4.9993,0,0,-5,-0.0846907,-0.00372584,0.000701904,0.0847756,0.0913624,0.0259854,-0.000299863,0,0,0
1780599466261520,46.8992,-0.0844404,-0.00310804,-4.9993,0,0,-5,-0.0844404,-0.00310804,0.000701904,0.0845005,0.0900566,0.0250761,0.000447917,0,0,0
1780599466285520,46.9232,-0.0839549,-0.00217632,-4.99933,0,0,-5,-0.0839549,-0.00217632,0.000671387,0.0839858,0.0883324,0.0260639,-0.000331134,0,0,0
1780599466301520,46.9392,-0.083565,-0.00155915,-4.99936,0,0,-5,-0.083565,-0.00155915,0.000640869,0.083582,0.0882649,0.0255379,-0.00164159,0,0,0
1780599466325520,46.9632,-0.0828805,-0.000675968,-4.99942,0,0,-5,-0.0828805,-0.000675968,0.000579834,0.0828852,0.0872659,0.0231067,-0.00154463,0,0,0
1780599466341520,46.9792,-0.0823517,-0.000117487,-4.99948,0,0,-5,-0.0823517,-0.000117487,0.000518799,0.0823535,0.0879847,0.0225277,-0.000732442,0,0,0
1780599466365520,47.0032,-0.0814281,0.000705395,-4.99957,0,0,-5,-0.0814281,0.000705395,0.000427246,0.0814323,0.0888264,0.0224343,-0.00172849,0,0,0
1780599466381520,47.0192,-0.0807426,0.001244,-4.99963,0,0,-5,-0.0807426,0.001244,0.000366211,0.080753,0.0885239,0.0222802,-0.00243851,0,0,0
1780599466397520,47.0352,-0.0800102,0.00178456,-4.99969,0,0,-5,-0.0800102,0.00178456,0.000305176,0.0800307,0.088387,0.0226489,-0.00292858,0,0,0
1780599466421520,47.0592,-0.0788329,0.00258344,-4.99985,0,0,-5,-0.0788329,0.00258344,0.000152588,0.0788754,0.0876815,0.023246,-0.00273707,0,0,0
1780599466437520,47.0752,-0.0780039,0.00313596,-4.99994,0,0,-5,-0.0780039,0.00313596,6.10352e-05,0.0780669,0.086735,0.0241711,-0.00193043,0,0,0
1780599466461520,47.0992,-0.0766884,0.00394511,-5,0,0,-5,-0.0766884,0.00394511,0,0.0767898,0.0866455,0.0232065,0.0004679,0,0,0
1780599466485520,47.1232,-0.0753009,0.0047386,-5.00003,0,0,-5,-0.0753009,0.0047386,-3.05176e-05,0.0754499,0.0872748,0.022703,0.001536,0,0,0
1780599466501631,47.1393,-0.0743302,0.00525341,-5.00006,0,0,-5,-0.0743302,0.00525341,-6.10352e-05,0.0745157,0.0864995,0.0215203,0.000668782,0,0,0
1780599466525631,47.1633,-0.0728221,0.00600745,-5.00015,0,0,-5,-0.0728221,0.00600745,-0.000152588,0.0730697,0.0867068,0.0215472,4.90429e-05,0,0,0
1780599466541631,47.1793,-0.0717637,0.006501,-5.00018,0,0,-5,-0.0717637,0.006501,-0.000183105,0.0720577,0.0873568,0.0213058,0.000622619,0,0,0
1780599466565631,47.2033,-0.0701244,0.00724031,-5.00027,0,0,-5,-0.0701244,0.00724031,-0.000274658,0.0704977,0.0868826,0.0211215,0.000470455,0,0,0
1780599466581631,47.2193,-0.0690009,0.00773231,-5.00034,0,0,-5,-0.0690009,0.00773231,-0.000335693,0.0694336,0.0863681,0.0217387,0.000818266,0,0,0
1780599466605631,47.2433,-0.0692864,0.00854085,-5.00055,0,0,-5,-0.0692864,0.00854085,-0.000549316,0.069813,0.0846082,0.0200654,0.000914036,0,0,0
1780599466621631,47.2593,-0.0693733,0.00905871,-5.00067,0,0,-5,-0.0693733,0.00905871,-0.000671387,0.0699655,0.0844084,0.0192367,0.000950371,0,0,0
1780599466645631,47.2833,-0.0693614,0.00980192,-5.00085,0,0,-5,-0.0693614,0.00980192,-0.000854492,0.0700557,0.0826123,0.0182705,0.00194973,0,0,0
1780599466661631,47.2993,-0.0692765,0.0102739,-5.00095,0,0,-5,-0.0692765,0.0102739,-0.000946045,0.0700406,0.0820542,0.0171909,0.00227836,0,0,0
1780599466685631,47.3233,-0.0690176,0.0109482,-5.0011,0,0,-5,-0.0690176,0.0109482,-0.00109863,0.0698892,0.0815227,0.0153192,0.0017626,0,0,0
1780599466701631,47.3393,-0.0687712,0.0113596,-5.00122,0,0,-5,-0.0687712,0.0113596,-0.0012207,0.0697137,0.0805795,0.0136484,0.00128141,0,0,0
1780599466725631,47.3633,-0.0682873,0.0119402,-5.00137,0,0,-5,-0.0682873,0.0119402,-0.00137329,0.0693369,0.0811659,0.012856,0.000758708,0,0,0
1780599466741631,47.3793,-0.0678944,0.0123154,-5.0015,0,0,-5,-0.0678944,0.0123154,-0.00149536,0.0690185,0.0803104,0.0130038,-0.000264747,0,0,0
1780599466765631,47.4033,-0.0672148,0.0128808,-5.00171,0,0,-5,-0.0672148,0.0128808,-0.00170898,0.0684592,0.0801242,0.0141813,-0.000308352,0,0,0
1780599466781631,47.4193,-0.0666963,0.013259,-5.00186,0,0,-5,-0.0666963,0.013259,-0.00186157,0.0680269,0.0803371,0.0132407,-0.000383397,0,0,0
1780599466805631,47.4433,-0.0658288,0.0138152,-5.00208,0,0,-5,-0.0658288,0.0138152,-0.0020752,0.0672949,0.0799321,0.0137276,-6.14149e-05,0,0,0
1780599466821631,47.4593,-0.0652086,0.0141784,-5.00223,0,0,-5,-0.0652086,0.0141784,-0.00222778,0.0667694,0.0786064,0.0129708,9.96615e-05,0,0,0
1780599466837631,47.4753,-0.0645646,0.0145291,-5.00238,0,0,-5,-0.0645646,0.0145291,-0.00238037,0.066222,0.0773314,0.0127466,-6.50559e-05,0,0,0
1780599466861631,47.4993,-0.0635365,0.0150392,-5.00259,0,0,-5,-0.0635365,0.0150392,-0.00259399,0.0653437,0.0768567,0.0114443,-0.000665033,0,0,0
1780599466885631,47.5233,-0.0624334,0.0155087,-5.00281,0,0,-5,-0.0624334,0.0155087,-0.00280762,0.0643921,0.0757716,0.0100051,-0.000506705,0,0,0
1780599466901631,47.5393,-0.0616697,0.0157995,-5.00296,0,0,-5,-0.0616697,0.0157995,-0.00296021,0.0637302,0.0748475,0.00828543,-0.000448905,0,0,0
1780599466925631,47.5633,-0.0604375,0.0161956,-5.00311,0,0,-5,-0.0604375,0.0161956,-0.00311279,0.0626473,0.0763827,0.00657865,0.000684386,0,0,0
1780599466941631,47.5793,-0.0595766,0.0164343,-5.00323,0,0,-5,-0.0595766,0.0164343,-0.00323486,0.0618863,0.0755002,0.00584784,0.000540841,0,0,0
1780599466965631,47.6033,-0.0582521,0.0167676,-5.00336,0,0,-5,-0.0582521,0.0167676,-0.00335693,0.0607103,0.0738949,0.00460342,0.000219154,0,0,0
1780599466981631,47.6193,-0.0573517,0.0169737,-5.00345,0,0,-5,-0.0573517,0.0169737,-0.00344849,0.0599101,0.0731357,0.00457562,0.000796389,0,0,0
1780599467005631,47.6433,-0.0575947,0.0174471,-5.00345,0,0,-5,-0.0575947,0.0174471,-0.00344849,0.0602781,0.0724101,0.002389,0.00179804,0,0,0
1780599467021631,47.6593,-0.0576659,0.0177357,-5.00342,0,0,-5,-0.0576659,0.0177357,-0.00341797,0.0604284,0.0728854,0.00235069,0.00264676,0,0,0
1780599467045631,47.6833,-0.0576226,0.0181531,-5.00339,0,0,-5,-0.0576226,0.0181531,-0.00338745,0.0605092,0.0730501,0.00166191,0.00227704,0,0,0
1780599467061631,47.6993,-0.0575185,0.0184122,-5.00339,0,0,-5,-0.0575185,0.0184122,-0.00338745,0.0604885,0.0726468,0.00152407,0.00236544,0,0,0
1780599467085631,47.7233,-0.0572469,0.018757,-5.00336,0,0,-5,-0.0572469,0.018757,-0.00335693,0.0603349,0.0725068,-0.000303973,0.00319272,0,0,0
1780599467101631,47.7393,-0.0569954,0.0189616,-5.00333,0,0,-5,-0.0569954,0.0189616,-0.00332642,0.0601588,0.0724347,-0.0011219,0.00346219,0,0,0
1780599467125631,47.7633,-0.0564981,0.019237,-5.0033,0,0,-5,-0.0564981,0.019237,-0.0032959,0.0597742,0.0732943,-0.00201297,0.00481583,0,0,0
1780599467141631,47.7793,-0.0561042,0.019407,-5.00323,0,0,-5,-0.0561042,0.019407,-0.00323486,0.059454,0.0719301,-0.00184248,0.00547252,0,0,0
1780599467157631,47.7953,-0.0556807,0.019573,-5.00317,0,0,-5,-0.0556807,0.019573,-0.00317383,0.059106,0.0711458,-0.00227474,0.00409286,0,0,0
1780599467181631,47.8193,-0.0549708,0.0198077,-5.00311,0,0,-5,-0.0549708,0.0198077,-0.00311279,0.0585135,0.0706095,-0.00201046,0.00509248,0,0,0
1780599467205631,47.8433,-0.0541826,0.020024,-5.00299,0,0,-5,-0.0541826,0.020024,-0.00299072,0.0578417,0.0706592,-0.00297342,0.00607887,0,0,0
1780599467221631,47.8593,-0.0536127,0.0201466,-5.0029,0,0,-5,-0.0536127,0.0201466,-0.00289917,0.0573464,0.0692457,-0.00365282,0.00601222,0,0,0
1780599467237631,47.8753,-0.0530185,0.0202597,-5.00284,0,0,-5,-0.0530185,0.0202597,-0.00283813,0.0568284,0.068566,-0.00383808,0.00611361,0,0,0
1780599467261631,47.8993,-0.0520794,0.0203852,-5.00266,0,0,-5,-0.0520794,0.0203852,-0.00265503,0.0559899,0.0672207,-0.00519062,0.00683497,0,0,0
1780599467285631,47.9233,-0.0511013,0.020525,-5.0025,0,0,-5,-0.0511013,0.020525,-0.00250244,0.0551261,0.0661727,-0.00414493,0.0067128,0,0,0
1780599467301631,47.9393,-0.050423,0.020601,-5.00238,0,0,-5,-0.050423,0.020601,-0.00238037,0.0545211,0.065322,-0.00502305,0.00759916,0,0,0
1780599467325631,47.9633,-0.0493783,0.0207018,-5.0022,0,0,-5,-0.0493783,0.0207018,-0.00219727,0.0535874,0.0639125,-0.00536993,0.00929315,0,0,0
1780599467341631,47.9793,-0.0486479,0.0207593,-5.00208,0,0,-5,-0.0486479,0.0207593,-0.0020752,0.0529327,0.0650354,-0.00612531,0.00866868,0,0,0
1780599467357631,47.9953,-0.0478679,0.0207997,-5.00195,0,0,-5,-0.0478679,0.0207997,-0.00195312,0.0522281,0.0664105,-0.00668075,0.00825507,0,0,0
1780599467381631,48.0193,-0.0466541,0.020843,-5.0018,0,0,-5,-0.0466541,0.020843,-0.00180054,0.05113,0.0652846,-0.00667254,0.00594073,0,0,0
1780599467405631,48.0433,-0.0475796,0.0211778,-5.00146,0,0,-5,-0.0475796,0.0211778,-0.00146484,0.0521005,0.0652712,-0.00652985,0.00437912,0,0,0
1780599467421631,48.0593,-0.0480851,0.0213858,-5.00125,0,0,-5,-0.0480851,0.0213858,-0.00125122,0.0526412,0.0651431,-0.0070162,0.00436007,0,0,0
1780599467445631,48.0833,-0.0487027,0.0216382,-5.00098,0,0,-5,-0.0487027,0.0216382,-0.000976562,0.0533022,0.0634664,-0.00919702,0.00271315,0,0,0
1780599467461631,48.0993,-0.0490261,0.0217718,-5.00082,0,0,-5,-0.0490261,0.0217718,-0.000823975,0.0536493,0.0626493,-0.00899518,0.00365422,0,0,0
1780599467485631,48.1233,-0.0493968,0.0219783,-5.00061,0,0,-5,-0.0493968,0.0219783,-0.000610352,0.0540691,0.0612945,-0.00752763,0.00223242,0,0,0
1780599467501748,48.1394,-0.0495802,0.0221172,-5.00049,0,0,-5,-0.0495802,0.0221172,-0.000488281,0.0542918,0.0594625,-0.00727319,0.00185158,0,0,0
1780599467525748,48.1634,-0.0498033,0.0223013,-5.00034,0,0,-5,-0.0498033,0.0223013,-0.000335693,0.0545695,0.0551845,-0.00792994,0.00154625,0,0,0
1780599467541748,48.1794,-0.04993,0.0224217,-5.00027,0,0,-5,-0.04993,0.0224217,-0.000274658,0.054734,0.0532648,-0.00686262,0.00181017,0,0,0
1780599467565748,48.2034,-0.0500399,0.0225823,-5.00015,0,0,-5,-0.0500399,0.0225823,-0.000152588,0.0548997,0.0527822,-0.00714146,0.00194468,0,0,0
1780599467581748,48.2194,-0.0500591,0.0226815,-5.00009,0,0,-5,-0.0500591,0.0226815,-9.15527e-05,0.0549579,0.0511903,-0.00716048,0.00117846,0,0,0
1780599467605748,48.2434,-0.0500221,0.0228145,-5.00003,0,0,-5,-0.0500221,0.0228145,-3.05176e-05,0.0549792,0.0508283,-0.00655869,0.0016368,0,0,0
1780599467621748,48.2594,-0.0499474,0.0229068,-5,0,0,-5,-0.0499474,0.0229068,0,0.0549496,0.0494672,-0.00658302,0.00272677,0,0,0
1780599467645748,48.2834,-0.0497827,0.0229952,-4.99997,0,0,-5,-0.0497827,0.0229952,3.05176e-05,0.054837,0.0481087,-0.00912829,0.00274346,0,0,0
1780599467661748,48.2994,-0.0496379,0.023023,-4.99994,0,0,-5,-0.0496379,0.023023,6.10352e-05,0.0547173,0.0478003,-0.0090987,0.00251254,0,0,0
1780599467685748,48.3234,-0.0493362,0.0230827,-4.99991,0,0,-5,-0.0493362,0.0230827,9.15527e-05,0.0544691,0.0474553,-0.00846734,0.00243135,0,0,0
1780599467701748,48.3394,-0.0490913,0.0231224,-4.99988,0,0,-5,-0.0490913,0.0231224,0.00012207,0.0542643,0.0476147,-0.00811131,0.00170862,0,0,0
1780599467725748,48.3634,-0.0486419,0.0231574,-4.99991,0,0,-5,-0.0486419,0.0231574,9.15527e-05,0.0538731,0.0480217,-0.00991612,0.00174525,0,0,0
1780599467741748,48.3794,-0.0483204,0.023143,-4.99991,0,0,-5,-0.0483204,0.023143,9.15527e-05,0.0535768,0.046133,-0.0117097,0.00146063,0,0,0
1780599467765748,48.4034,-0.0477705,0.0230791,-4.99994,0,0,-5,-0.0477705,0.0230791,6.10352e-05,0.0530534,0.0467859,-0.0126296,0.00108078,0,0,0
1780599467781748,48.4194,-0.0473659,0.0230263,-4.99997,0,0,-5,-0.0473659,0.0230263,3.05176e-05,0.0526663,0.0462776,-0.0122453,0.000842803,0,0,0
1780599467805748,48.4434,-0.0470865,0.0238673,-4.99991,0,0,-5,-0.0470865,0.0238673,9.15527e-05,0.0527901,0.0461438,-0.0121858,0.00208359,0,0,0
1780599467821748,48.4594,-0.0468576,0.0244022,-4.99985,0,0,-5,-0.0468576,0.0244022,0.000152588,0.0528311,0.0456135,-0.0115095,0.00150254,0,0,0
1780599467845748,48.4834,-0.0464522,0.025117,-4.99979,0,0,-5,-0.0464522,0.025117,0.000213623,0.0528084,0.0456927,-0.0135955,-0.000127646,0,0,0
1780599467861748,48.4994,-0.0461281,0.0255365,-4.99976,0,0,-5,-0.0461281,0.0255365,0.000244141,0.0527254,0.0463261,-0.0135492,0.000109974,0,0,0
1780599467877748,48.5154,-0.0457685,0.0259295,-4.99973,0,0,-5,-0.0457685,0.0259295,0.000274658,0.0526039,0.0466364,-0.0131798,-0.000471934,0,0,0
1780599467901748,48.5394,-0.0451597,0.026459,-4.99969,0,0,-5,-0.0451597,0.026459,0.000305176,0.0523409,0.0472675,-0.0141877,-0.00127956,0,0,0
1780599467925748,48.5634,-0.0444726,0.0269095,-4.99973,0,0,-5,-0.0444726,0.0269095,0.000274658,0.0519809,0.0475035,-0.0153547,-0.00205731,0,0,0
1780599467941748,48.5794,-0.0439813,0.027184,-4.99973,0,0,-5,-0.0439813,0.027184,0.000274658,0.0517049,0.0474538,-0.0139234,-0.00193656,0,0,0
1780599467957748,48.5954,-0.0434566,0.0274513,-4.99979,0,0,-5,-0.0434566,0.0274513,0.000213623,0.0514013,0.0490726,-0.0137292,-0.000970517,0,0,0
1780599467981748,48.6194,-0.0425946,0.0278041,-4.99982,0,0,-5,-0.0425946,0.0278041,0.000183105,0.0508665,0.049465,-0.0143625,0.000340917,0,0,0
1780599468005748,48.6434,-0.0416819,0.0280879,-4.99982,0,0,-5,-0.0416819,0.0280879,0.000183105,0.0502627,0.0486293,-0.0149974,-0.000221326,0,0,0
1780599468021748,48.6594,-0.0410688,0.0282561,-4.99985,0,0,-5,-0.0410688,0.0282561,0.000152588,0.0498505,0.0483747,-0.0148976,-0.000258613,0,0,0
1780599468045748,48.6834,-0.0401045,0.0284865,-4.99991,0,0,-5,-0.0401045,0.0284865,9.15527e-05,0.0491921,0.0487352,-0.014673,0.00022699,0,0,0
1780599468061748,48.6994,-0.0394428,0.0286201,-4.99991,0,0,-5,-0.0394428,0.0286201,9.15527e-05,0.0487325,0.0484034,-0.0146818,0.000496131,0,0,0
1780599468085748,48.7234,-0.0384211,0.0287855,-4.99994,0,0,-5,-0.0384211,0.0287855,6.10352e-05,0.0480083,0.0481535,-0.0153557,0.000922964,0,0,0
1780599468101748,48.7394,-0.0377226,0.0288629,-4.99988,0,0,-5,-0.0377226,0.0288629,0.00012207,0.0474982,0.0490466,-0.0158653,0.0011425,0,0,0
1780599468125748,48.7634,-0.0366174,0.0289568,-4.99985,0,0,-5,-0.0366174,0.0289568,0.000152588,0.0466836,0.0503447,-0.015738,0.00014192,0,0,0
1780599468141748,48.7794,-0.0358535,0.0290055,-4.99982,0,0,-5,-0.0358535,0.0290055,0.000183105,0.0461175,0.05033,-0.0151117,0.000464247,0,0,0
1780599468165748,48.8034,-0.034694,0.0290697,-4.99982,0,0,-5,-0.034694,0.0290697,0.000183105,0.0452632,0.049475,-0.0155881,-0.00064466,0,0,0
1780599468181748,48.8194,-0.0339325,0.0290804,-4.99985,0,0,-5,-0.0339325,0.0290804,0.000152588,0.044689,0.0485265,-0.0166782,-0.00177272,0,0,0
1780599468205748,48.8434,-0.03369,0.029597,-5,0,0,-5,-0.03369,0.029597,0,0.0448441,0.0484459,-0.0170795,-0.00234618,0,0,0
1780599468221748,48.8594,-0.0334764,0.0299012,-5.00009,0,0,-5,-0.0334764,0.0299012,-9.15527e-05,0.044886,0.0479628,-0.0170265,-0.00244644,0,0,0
1780599468237748,48.8754,-0.0332191,0.0301795,-5.00018,0,0,-5,-0.0332191,0.0301795,-0.000183105,0.0448814,0.0488135,-0.0173156,-0.00203349,0,0,0
1780599468261748,48.8994,-0.0327574,0.0305295,-5.00034,0,0,-5,-0.0327574,0.0305295,-0.000335693,0.0447796,0.048128,-0.0182198,-0.00133668,0,0,0
1780599468285748,48.9234,-0.0322473,0.0308019,-5.00043,0,0,-5,-0.0322473,0.0308019,-0.000427246,0.0445963,0.04793,-0.0200246,-0.00136615,0,0,0
1780599468301748,48.9394,-0.0318628,0.0309236,-5.00052,0,0,-5,-0.0318628,0.0309236,-0.000518799,0.0444047,0.0484713,-0.0216964,-0.000253079,0,0,0
1780599468325748,48.9634,-0.0312286,0.0310439,-5.00064,0,0,-5,-0.0312286,0.0310439,-0.000640869,0.0440381,0.0476901,-0.0220856,-0.000829526,0,0,0
1780599468341748,48.9794,-0.0307762,0.0311002,-5.0007,0,0,-5,-0.0307762,0.0311002,-0.000701904,0.0437595,0.0475599,-0.0225347,-0.00160706,0,0,0
1780599468365748,49.0034,-0.0300636,0.0311187,-5.00085,0,0,-5,-0.0300636,0.0311187,-0.000854492,0.0432773,0.0471981,-0.0238044,-0.00339735,0,0,0
1780599468381748,49.0194,-0.0295494,0.0311123,-5.00095,0,0,-5,-0.0295494,0.0311123,-0.000946045,0.042919,0.0469933,-0.0229929,-0.00443882,0,0,0
1780599468405748,49.0434,-0.0287487,0.0310662,-5.0011,0,0,-5,-0.0287487,0.0310662,-0.00109863,0.0423415,0.0457282,-0.0233106,-0.00516895,0,0,0
1780599468421748,49.0594,-0.0282115,0.0310078,-5.00122,0,0,-5,-0.0282115,0.0310078,-0.0012207,0.0419388,0.0451853,-0.0245523,-0.00500255,0,0,0
1780599468445748,49.0834,-0.027402,0.0308761,-5.00137,0,0,-5,-0.027402,0.0308761,-0.00137329,0.0413048,0.0433989,-0.0245844,-0.00330639,0,0,0
1780599468461748,49.0994,-0.0268682,0.0307672,-5.00143,0,0,-5,-0.0268682,0.0307672,-0.00143433,0.0408727,0.0408837,-0.0248186,-0.00212365,0,0,0
1780599468485748,49.1234,-0.0260837,0.0306015,-5.0015,0,0,-5,-0.0260837,0.0306015,-0.00149536,0.0402374,0.0398049,-0.0235776,0.00131252,0,0,0
1780599468501748,49.1394,-0.0255543,0.0304862,-5.0015,0,0,-5,-0.0255543,0.0304862,-0.00149536,0.0398079,0.0395709,-0.0230927,0.0030024,0,0,0
1780599468525869,49.1636,-0.024708,0.0302888,-5.00146,0,0,-5,-0.024708,0.0302888,-0.00146484,0.0391158,0.0388607,-0.0233261,0.00390745,0,0,0
1780599468541869,49.1796,-0.0241444,0.0301379,-5.00143,0,0,-5,-0.0241444,0.0301379,-0.00143433,0.0386433,0.0383258,-0.0241829,0.00367644,0,0,0
1780599468565869,49.2036,-0.0232969,0.0298813,-5.00137,0,0,-5,-0.0232969,0.0298813,-0.00137329,0.0379147,0.0366121,-0.0240319,0.00398246,0,0,0
1780599468581869,49.2196,-0.0227359,0.0297008,-5.00134,0,0,-5,-0.0227359,0.0297008,-0.00134277,0.0374281,0.0361739,-0.0243852,0.00432624,0,0,0
1780599468605869,49.2436,-0.0220115,0.0303045,-5.00116,0,0,-5,-0.0220115,0.0303045,-0.00115967,0.0374729,0.0358539,-0.0249648,0.00388103,0,0,0
1780599468621869,49.2596,-0.0215127,0.030658,-5.00107,0,0,-5,-0.0215127,0.030658,-0.00106812,0.037468,0.0356334,-0.0251547,0.00333094,0,0,0
1780599468645869,49.2836,-0.0207479,0.0311141,-5.00092,0,0,-5,-0.0207479,0.0311141,-0.000915527,0.0374086,0.0351196,-0.0255691,0.00325173,0,0,0
1780599468661869,49.2996,-0.0202358,0.0313603,-5.00082,0,0,-5,-0.0202358,0.0313603,-0.000823975,0.0373314,0.0345899,-0.0262164,0.00258968,0,0,0
1780599468685869,49.3236,-0.0194511,0.0316719,-5.00073,0,0,-5,-0.0194511,0.0316719,-0.000732422,0.0371752,0.0348138,-0.0266037,0.00190485,0,0,0
1780599468701869,49.3396,-0.0189072,0.0318298,-5.0007,0,0,-5,-0.0189072,0.0318298,-0.000701904,0.0370285,0.0355887,-0.0263759,0.00197509,0,0,0
1780599468717869,49.3556,-0.018337,0.0319732,-5.00064,0,0,-5,-0.018337,0.0319732,-0.000640869,0.0368638,0.0366406,-0.0257903,0.00178641,0,0,0
1780599468741869,49.3796,-0.0174735,0.0321494,-5.00058,0,0,-5,-0.0174735,0.0321494,-0.000579834,0.0365956,0.0356396,-0.0256873,0.00358255,0,0,0
1780599468765869,49.4036,-0.0166165,0.0322698,-5.00055,0,0,-5,-0.0166165,0.0322698,-0.000549316,0.0363008,0.0349894,-0.0249257,0.00273213,0,0,0
1780599468781869,49.4196,-0.0160325,0.0323291,-5.00055,0,0,-5,-0.0160325,0.0323291,-0.000549316,0.0360904,0.0348618,-0.0260184,0.00247235,0,0,0
1780599468805869,49.4436,-0.0151531,0.0323439,-5.00055,0,0,-5,-0.0151531,0.0323439,-0.000549316,0.0357218,0.0342408,-0.0261332,0.00142322,0,0,0
1780599468821869,49.4596,-0.0145718,0.0323398,-5.00061,0,0,-5,-0.0145718,0.0323398,-0.000610352,0.0354764,0.0332007,-0.0256705,0.000338916,0,0,0
1780599468837869,49.4756,-0.0139913,0.032325,-5.00067,0,0,-5,-0.0139913,0.032325,-0.000671387,0.0352294,0.0329276,-0.0249477,7.00519e-05,0,0,0
1780599468861869,49.4996,-0.0131251,0.0322856,-5.00076,0,0,-5,-0.0131251,0.0322856,-0.000762939,0.0348599,0.0325283,-0.0244853,0.000872981,0,0,0
1780599468885869,49.5236,-0.0122597,0.0321897,-5.00082,0,0,-5,-0.0122597,0.0321897,-0.000823975,0.0344551,0.0321462,-0.0252993,0.00057661,0,0,0
1780599468901869,49.5396,-0.0116799,0.0321081,-5.00089,0,0,-5,-0.0116799,0.0321081,-0.00088501,0.034178,0.0322695,-0.0250788,-0.000130472,0,0,0
1780599468925869,49.5636,-0.0107902,0.0319485,-5.00095,0,0,-5,-0.0107902,0.0319485,-0.000946045,0.0337347,0.032126,-0.0252368,-0.000995533,0,0,0
1780599468941869,49.5796,-0.0101964,0.0318234,-5.00104,0,0,-5,-0.0101964,0.0318234,-0.0010376,0.0334331,0.0330229,-0.0250892,-0.000867079,0,0,0
1780599468965869,49.6036,-0.00927011,0.0315957,-5.00113,0,0,-5,-0.00927011,0.0315957,-0.00112915,0.0329469,0.0337685,-0.0264727,-0.000366363,0,0,0
1780599468981869,49.6196,-0.00865301,0.0314127,-5.00119,0,0,-5,-0.00865301,0.0314127,-0.00119019,0.0326045,0.0326504,-0.0270063,-0.00100146,0,0,0
1780599469005869,49.6436,-0.00734142,0.0320973,-5.00143,0,0,-5,-0.00734142,0.0320973,-0.00143433,0.0329574,0.0342896,-0.0258737,-0.001658,0,0,0
1780599469021869,49.6596,-0.0064756,0.0325111,-5.00159,0,0,-5,-0.0064756,0.0325111,-0.00158691,0.0331877,0.0338266,-0.0260311,-0.00115964,0,0,0
1780599469045869,49.6836,-0.00520134,0.0330595,-5.00186,0,0,-5,-0.00520134,0.0330595,-0.00186157,0.0335179,0.0339343,-0.0248794,-0.00115023,0,0,0
1780599469061869,49.6996,-0.00435111,0.0333876,-5.00201,0,0,-5,-0.00435111,0.0333876,-0.00201416,0.0337301,0.0336557,-0.0249759,-0.00104717,0,0,0
1780599469085869,49.7236,-0.00309885,0.033804,-5.00226,0,0,-5,-0.00309885,0.033804,-0.0022583,0.0340207,0.033147,-0.0261254,-0.00165333,0,0,0
1780599469101869,49.7396,-0.00228457,0.034021,-5.00241,0,0,-5,-0.00228457,0.034021,-0.00241089,0.0341827,0.0325394,-0.0269434,-0.00247887,0,0,0
1780599469125869,49.7636,-0.00107932,0.0342893,-5.00266,0,0,-5,-0.00107932,0.0342893,-0.00265503,0.0344089,0.0320639,-0.0265514,-0.000706413,0,0,0
1780599469141869,49.7796,-0.000291311,0.0344309,-5.00278,0,0,-5,-0.000291311,0.0344309,-0.0027771,0.0345439,0.031453,-0.0262651,-0.000236091,0,0,0
1780599469165869,49.8036,0.000866918,0.0346012,-5.00296,0,0,-5,0.000866918,0.0346012,-0.00296021,0.0347384,0.0309606,-0.0265507,-0.000875981,0,0,0
1780599469181869,49.8196,0.00161821,0.0346774,-5.00308,0,0,-5,0.00161821,0.0346774,-0.00308228,0.0348517,0.0298841,-0.0270838,0.000410482,0,0,0
1780599469205869,49.8436,0.00271757,0.0347382,-5.00323,0,0,-5,0.00271757,0.0347382,-0.00323486,0.0349942,0.0289077,-0.0266005,0.00139032,0,0,0
1780599469221869,49.8596,0.00342175,0.0347674,-5.00333,0,0,-5,0.00342175,0.0347674,-0.00332642,0.0350934,0.0269151,-0.0257297,0.00189362,0,0,0
1780599469245869,49.8836,0.0044264,0.0347937,-5.00342,0,0,-5,0.0044264,0.0347937,-0.00341797,0.0352403,0.0262385,-0.0242199,0.00197402,0,0,0
1780599469261869,49.8996,0.00508583,0.034799,-5.00348,0,0,-5,0.00508583,0.034799,-0.003479,0.0353403,0.0255744,-0.024122,0.00172696,0,0,0
1780599469285869,49.9236,0.00606392,0.0347586,-5.00354,0,0,-5,0.00606392,0.0347586,-0.00354004,0.0354608,0.02594,-0.0243215,0.00273,0,0,0
1780599469301869,49.9396,0.00670854,0.0347203,-5.00357,0,0,-5,0.00670854,0.0347203,-0.00357056,0.0355422,0.025337,-0.023629,0.00212498,0,0,0
1780599469325869,49.9636,0.00765264,0.0346501,-5.0036,0,0,-5,0.00765264,0.0346501,-0.00360107,0.0356673,0.0245815,-0.0223614,0.000689166,0,0,0
1780599469341869,49.9796,0.00827526,0.0345878,-5.00363,0,0,-5,0.00827526,0.0345878,-0.00363159,0.035749,0.0249097,-0.0232215,0.000419165,0,0,0
1780599469365869,50.0036,0.00922767,0.0344562,-5.00372,0,0,-5,0.00922767,0.0344562,-0.00372314,0.0358642,0.026475,-0.0227892,-0.00123439,0,0,0
1780599469381869,50.0196,0.00984834,0.0343471,-5.00385,0,0,-5,0.00984834,0.0343471,-0.00384521,0.0359375,0.0245436,-0.0239375,-0.00200895,0,0,0
1780599469405869,50.0436,0.0107524,0.0351144,-5.00433,0,0,-5,0.0107524,0.0351144,-0.0043335,0.0369786,0.023054,-0.023339,-0.00332985,0,0,0
1780599469421869,50.0596,0.0113396,0.03557,-5.00467,0,0,-5,0.0113396,0.03557,-0.00466919,0.0376246,0.0224855,-0.0231669,-0.0033438,0,0,0
1780599469445869,50.0836,0.012216,0.0361698,-5.00516,0,0,-5,0.012216,0.0361698,-0.00515747,0.0385238,0.0220775,-0.0240532,-0.00186705,0,0,0
1780599469461869,50.0996,0.0127788,0.0365118,-5.00546,0,0,-5,0.0127788,0.0365118,-0.00546265,0.0390673,0.0206594,-0.0242009,-0.0012726,0,0,0
1780599469485869,50.1236,0.0135971,0.0369589,-5.00586,0,0,-5,0.0135971,0.0369589,-0.00585938,0.0398142,0.0205797,-0.0237851,-0.000774574,0,0,0
1780599469501869,50.1396,0.0141334,0.0372174,-5.0061,0,0,-5,0.0141334,0.0372174,-0.00610352,0.0402759,0.0199382,-0.0237504,0.000305054,0,0,0
1780599469525869,50.1636,0.0149314,0.0375632,-5.00644,0,0,-5,0.0149314,0.0375632,-0.00643921,0.0409317,0.0202889,-0.0234047,0.00200184,0,0,0
1780599469541989,50.1797,0.015462,0.0377601,-5.00665,0,0,-5,0.015462,0.0377601,-0.00665283,0.041342,0.0200825,-0.0218655,0.00159409,0,0,0
1780599469565989,50.2037,0.0162265,0.0380428,-5.00693,0,0,-5,0.0162265,0.0380428,-0.00692749,0.041935,0.018951,-0.0205976,0.00305474,0,0,0
1780599469581989,50.2197,0.0167216,0.0382136,-5.00708,0,0,-5,0.0167216,0.0382136,-0.00708008,0.0423086,0.0181147,-0.0204177,0.00397048,0,0,0
1780599469605989,50.2437,0.0174349,0.0384413,-5.00726,0,0,-5,0.0174349,0.0384413,-0.00726318,0.0428307,0.0167234,-0.0192681,0.00435387,0,0,0
1780599469621989,50.2597,0.0178862,0.0385692,-5.00739,0,0,-5,0.0178862,0.0385692,-0.00738525,0.0431514,0.0157386,-0.019161,0.00543084,0,0,0
1780599469645989,50.2837,0.0185268,0.038711,-5.00751,0,0,-5,0.0185268,0.038711,-0.00750732,0.0435677,0.0135158,-0.0199982,0.00626896,0,0,0
1780599469661989,50.2997,0.018919,0.0387679,-5.00757,0,0,-5,0.018919,0.0387679,-0.00756836,0.0437968,0.0129231,-0.019669,0.00620742,0,0,0
1780599469685989,50.3237,0.019493,0.0388487,-5.00766,0,0,-5,0.019493,0.0388487,-0.00765991,0.0441347,0.012136,-0.0181931,0.00525391,0,0,0
1780599469701989,50.3397,0.0198453,0.0388948,-5.00769,0,0,-5,0.0198453,0.0388948,-0.00769043,0.0443372,0.0101329,-0.0175872,0.00598489,0,0,0
1780599469725989,50.3637,0.0203256,0.0389463,-5.00778,0,0,-5,0.0203256,0.0389463,-0.00778198,0.044615,0.00854861,-0.0179184,0.00618228,0,0,0
1780599469741989,50.3797,0.0206202,0.0389534,-5.00778,0,0,-5,0.0206202,0.0389534,-0.00778198,0.0447562,0.00827639,-0.0183464,0.00863827,0,0,0
1780599469765989,50.4037,0.0210381,0.0389335,-5.00775,0,0,-5,0.0210381,0.0389335,-0.00775146,0.0449278,0.00638566,-0.0180068,0.0105048,0,0,0
1780599469781989,50.4197,0.0213016,0.0388963,-5.00772,0,0,-5,0.0213016,0.0388963,-0.00772095,0.0450143,0.0066191,-0.0187948,0.0116632,0,0,0
1780599469805989,50.4437,0.0215418,0.0396029,-5.00766,0,0,-5,0.0215418,0.0396029,-0.00765991,0.0457287,0.00699606,-0.0192267,0.0116198,0,0,0
1780599469821989,50.4597,0.0217081,0.0400278,-5.00763,0,0,-5,0.0217081,0.0400278,-0.00762939,0.04617,0.00649205,-0.0187512,0.0109161,0,0,0
1780599469845989,50.4837,0.0219283,0.0405951,-5.00754,0,0,-5,0.0219283,0.0405951,-0.00753784,0.0467507,0.0046512,-0.0192752,0.0115208,0,0,0
1780599469861989,50.4997,0.0220558,0.0409227,-5.00748,0,0,-5,0.0220558,0.0409227,-0.00747681,0.0470853,0.0033563,-0.0190405,0.0108197,0,0,0
1780599469885989,50.5237,0.0222264,0.0413671,-5.00739,0,0,-5,0.0222264,0.0413671,-0.00738525,0.0475373,0.00258083,-0.0193785,0.0108755,0,0,0
1780599469901989,50.5397,0.0223266,0.0416184,-5.00732,0,0,-5,0.0223266,0.0416184,-0.00732422,0.0477935,0.00125255,-0.0192604,0.0100023,0,0,0
1780599469917989,50.5557,0.0224129,0.041844,-5.00723,0,0,-5,0.0224129,0.041844,-0.00723267,0.0480163,0.000598423,-0.0194044,0.0109648,0,0,0
1780599469941989,50.5797,0.0225423,0.0421342,-5.00714,0,0,-5,0.0225423,0.0421342,-0.00714111,0.048316,-0.000433006,-0.0188245,0.0110185,0,0,0
1780599469965989,50.6037,0.0226708,0.0423762,-5.00702,0,0,-5,0.0226708,0.0423762,-0.00701904,0.0485693,-0.00157226,-0.0191801,0.011422,0,0,0
1780599469981989,50.6197,0.0227388,0.0424969,-5.00693,0,0,-5,0.0227388,0.0424969,-0.00692749,0.0486932,-0.00144624,-0.019163,0.0115598,0,0,0
1780599470005989,50.6437,0.0228257,0.0426388,-5.00681,0,0,-5,0.0228257,0.0426388,-0.00680542,0.0488405,-0.00303817,-0.0202071,0.0100835,0,0,0
1780599470021989,50.6597,0.0228789,0.0426879,-5.00677,0,0,-5,0.0228789,0.0426879,-0.0067749,0.048904,-0.00309462,-0.0207461,0.00835665,0,0,0
1780599470045989,50.6837,0.022945,0.0427151,-5.00671,0,0,-5,0.022945,0.0427151,-0.00671387,0.0489503,-0.00343237,-0.0205446,0.00675003,0,0,0
1780599470061989,50.6997,0.022995,0.0427139,-5.00671,0,0,-5,0.022995,0.0427139,-0.00671387,0.0489727,-0.00295106,-0.020527,0.00562624,0,0,0
1780599470085989,50.7237,0.0230763,0.0426769,-5.00671,0,0,-5,0.0230763,0.0426769,-0.00671387,0.0489787,-0.00379662,-0.0204557,0.00419143,0,0,0
1780599470101989,50.7397,0.0231263,0.0426336,-5.00671,0,0,-5,0.0231263,0.0426336,-0.00671387,0.0489646,-0.00442673,-0.0204905,0.00473213,0,0,0
1780599470125989,50.7637,0.0232016,0.0425191,-5.00668,0,0,-5,0.0232016,0.0425191,-0.00668335,0.0488964,-0.00388486,-0.0219667,0.00622408,0,0,0
1780599470141989,50.7797,0.0232545,0.0424125,-5.00665,0,0,-5,0.0232545,0.0424125,-0.00665283,0.0488247,-0.00426284,-0.0226665,0.00733518,0,0,0
1780599470165989,50.8037,0.0233205,0.0421916,-5.00653,0,0,-5,0.0233205,0.0421916,-0.00653076,0.048648,-0.00498639,-0.0247145,0.00736201,0,0,0
1780599470181989,50.8197,0.023341,0.0420089,-5.0065,0,0,-5,0.023341,0.0420089,-0.00650024,0.0484954,-0.00657271,-0.0255695,0.00497535,0,0,0
1780599470205989,50.8437,0.0234352,0.0426038,-5.00647,0,0,-5,0.0234352,0.0426038,-0.00646973,0.0490525,-0.00601185,-0.0244516,0.00290036,0,0,0
1780599470221989,50.8597,0.0234928,0.0429669,-5.00647,0,0,-5,0.0234928,0.0429669,-0.00646973,0.0493956,-0.00653361,-0.0240158,0.00395645,0,0,0
1780599470237989,50.8757,0.0235337,0.0432981,-5.00644,0,0,-5,0.0235337,0.0432981,-0.00643921,0.0496993,-0.00693587,-0.0233932,0.0058977,0,0,0
1780599470261989,50.8997,0.0235983,0.0437301,-5.00638,0,0,-5,0.0235983,0.0437301,-0.00637817,0.0500987,-0.00627474,-0.024018,0.00595959,0,0,0
1780599470285989,50.9237,0.0236636,0.0440639,-5.00632,0,0,-5,0.0236636,0.0440639,-0.00631714,0.0504133,-0.00625536,-0.025158,0.00491022,0,0,0
1780599470301989,50.9397,0.023706,0.0442377,-5.00629,0,0,-5,0.023706,0.0442377,-0.00628662,0.0505813,-0.00704823,-0.0253339,0.00630196,0,0,0
1780599470317989,50.9557,0.0237298,0.0443718,-5.00623,0,0,-5,0.0237298,0.0443718,-0.00622559,0.0507023,-0.00782053,-0.0260743,0.00725136,0,0,0
1780599470341989,50.9797,0.0237494,0.0445096,-5.0061,0,0,-5,0.0237494,0.0445096,-0.00610352,0.0508173,-0.00831665,-0.0267335,0.00705881,0,0,0
1780599470365989,51.0037,0.0237587,0.044565,-5.00601,0,0,-5,0.0237587,0.044565,-0.00601196,0.0508592,-0.00878893,-0.0277164,0.00701088,0,0,0
1780599470381989,51.0197,0.0237468,0.0445638,-5.00595,0,0,-5,0.0237468,0.0445638,-0.00595093,0.0508454,-0.0103171,-0.0281816,0.00629351,0,0,0
1780599470397989,51.0357,0.0237196,0.0445185,-5.00589,0,0,-5,0.0237196,0.0445185,-0.00588989,0.0507859,-0.0100576,-0.0298956,0.00728217,0,0,0
1780599470421989,51.0597,0.0236773,0.044372,-5.00577,0,0,-5,0.0236773,0.044372,-0.00576782,0.0506237,-0.0106782,-0.0305878,0.00776218,0,0,0
1780599470445989,51.0837,0.0236361,0.0441822,-5.00568,0,0,-5,0.0236361,0.0441822,-0.00567627,0.0504277,-0.0104977,-0.0313396,0.00881675,0,0,0
1780599470461989,51.0997,0.0236093,0.0440325,-5.00558,0,0,-5,0.0236093,0.0440325,-0.00558472,0.0502737,-0.00995321,-0.0304882,0.00894525,0,0,0
1780599470477989,51.1157,0.0235902,0.0438539,-5.00549,0,0,-5,0.0235902,0.0438539,-0.00549316,0.0500983,-0.00963914,-0.0316339,0.00934655,0,0,0
1780599470501989,51.1397,0.0235727,0.0435313,-5.00534,0,0,-5,0.0235727,0.0435313,-0.00534058,0.0497913,-0.00850025,-0.0324138,0.00980102,0,0,0
1780599470525989,51.1637,0.0235385,0.043161,-5.00516,0,0,-5,0.0235385,0.043161,-0.00515747,0.0494321,-0.01009,-0.0326637,0.00927091,0,0,0
1780599470542111,51.1798,0.0234997,0.0428925,-5.00504,0,0,-5,0.0234997,0.0428925,-0.0050354,0.0491666,-0.0103174,-0.0327297,0.00857043,0,0,0
1780599470566111,51.2038,0.0234229,0.0424804,-5.00488,0,0,-5,0.0234229,0.0424804,-0.00488281,0.0487551,-0.0113846,-0.0320614,0.00894395,0,0,0
1780599470582111,51.2198,0.0233623,0.0421947,-5.00479,0,0,-5,0.0233623,0.0421947,-0.00479126,0.048468,-0.0114982,-0.0313312,0.0078295,0,0,0
1780599470606111,51.2438,0.0232489,0.0424852,-5.00464,0,0,-5,0.0232489,0.0424852,-0.00463867,0.048652,-0.0124421,-0.0316902,0.00694594,0,0,0
1780599470622111,51.2598,0.0231626,0.0426431,-5.00455,0,0,-5,0.0231626,0.0426431,-0.00454712,0.0487403,-0.0123738,-0.0304674,0.00679326,0,0,0
1780599470638111,51.2758,0.023072,0.0427811,-5.00449,0,0,-5,0.023072,0.0427811,-0.00448608,0.0488125,-0.0124563,-0.0302281,0.00764152,0,0,0
1780599470662111,51.2998,0.0229375,0.0429227,-5.00433,0,0,-5,0.0229375,0.0429227,-0.0043335,0.0488596,-0.0128725,-0.0300885,0.00982347,0,0,0
1780599470686111,51.3238,0.022793,0.0430047,-5.00412,0,0,-5,0.022793,0.0430047,-0.00411987,0.0488457,-0.013575,-0.02985,0.0105936,0,0,0
1780599470702111,51.3398,0.0226841,0.043014,-5.004,0,0,-5,0.0226841,0.043014,-0.0039978,0.048793,-0.0138469,-0.0310232,0.0108365,0,0,0
1780599470726111,51.3638,0.0225335,0.0429572,-5.00381,0,0,-5,0.0225335,0.0429572,-0.0038147,0.0486583,-0.0128689,-0.0320561,0.00965996,0,0,0
1780599470742111,51.3798,0.0224459,0.0428708,-5.00369,0,0,-5,0.0224459,0.0428708,-0.00369263,0.0485321,-0.0126951,-0.0327113,0.00973954,0,0,0
1780599470766111,51.4038,0.0223085,0.0427066,-5.00351,0,0,-5,0.0223085,0.0427066,-0.00350952,0.0483098,-0.0122612,-0.0314442,0.00937429,0,0,0
1780599470782111,51.4198,0.0222271,0.0425894,-5.00342,0,0,-5,0.0222271,0.0425894,-0.00341797,0.0481621,-0.0123868,-0.0315321,0.00946043,0,0,0
1780599470806111,51.4438,0.0221166,0.0423726,-5.00327,0,0,-5,0.0221166,0.0423726,-0.00326538,0.0479087,-0.0116041,-0.0319362,0.00861794,0,0,0
1780599470822111,51.4598,0.0220497,0.0421971,-5.00317,0,0,-5,0.0220497,0.0421971,-0.00317383,0.0477165,-0.0112888,-0.0317744,0.00684644,0,0,0
1780599470838111,51.4758,0.0219879,0.0420069,-5.00311,0,0,-5,0.0219879,0.0420069,-0.00311279,0.0475156,-0.0106691,-0.0314138,0.0074255,0,0,0
1780599470862111,51.4998,0.0218741,0.0417009,-5.00299,0,0,-5,0.0218741,0.0417009,-0.00299072,0.0471846,-0.0118592,-0.0318787,0.00682295,0,0,0
1780599470886111,51.5238,0.0217691,0.0413361,-5.00287,0,0,-5,0.0217691,0.0413361,-0.00286865,0.046806,-0.00945322,-0.0331569,0.00761532,0,0,0
1780599470902111,51.5398,0.0217203,0.0410659,-5.00278,0,0,-5,0.0217203,0.0410659,-0.0027771,0.0465392,-0.00971129,-0.0325484,0.00701474,0,0,0
1780599470926111,51.5638,0.0216482,0.0406547,-5.00269,0,0,-5,0.0216482,0.0406547,-0.00268555,0.0461374,-0.00920341,-0.0317107,0.0062307,0,0,0
1780599470942111,51.5798,0.0215954,0.0403735,-5.00262,0,0,-5,0.0215954,0.0403735,-0.00262451,0.0458614,-0.0098409,-0.0321676,0.00640629,0,0,0
1780599470966111,51.6038,0.0214818,0.0399277,-5.00256,0,0,-5,0.0214818,0.0399277,-0.00256348,0.0454122,-0.0110982,-0.0311746,0.00516769,0,0,0
1780599470982111,51.6198,0.0213944,0.0396225,-5.00253,0,0,-5,0.0213944,0.0396225,-0.00253296,0.0451008,-0.0111353,-0.0314108,0.00370497,0,0,0
1780599471006111,51.6438,0.0213088,0.0395909,-5.00232,0,0,-5,0.0213088,0.0395909,-0.00231934,0.0450209,-0.0108563,-0.0321221,0.00413963,0,0,0
1780599471022111,51.6598,0.0212558,0.0395346,-5.0022,0,0,-5,0.0212558,0.0395346,-0.00219727,0.0449402,-0.0103771,-0.0318477,0.00466547,0,0,0
1780599471046111,51.6838,0.0211881,0.0394132,-5.00208,0,0,-5,0.0211881,0.0394132,-0.0020752,0.0447955,-0.0100571,-0.0312762,0.00389147,0,0,0
1780599471062111,51.6998,0.0211312,0.0393115,-5.00204,0,0,-5,0.0211312,0.0393115,-0.00204468,0.0446778,-0.0110605,-0.0305799,0.00362141,0,0,0
1780599471086111,51.7238,0.0210311,0.0391214,-5.00195,0,0,-5,0.0210311,0.0391214,-0.00195312,0.044459,-0.0112405,-0.0312684,0.00313204,0,0,0
1780599471102111,51.7398,0.0209576,0.0389581,-5.00192,0,0,-5,0.0209576,0.0389581,-0.00192261,0.0442792,-0.0120086,-0.0315659,0.00265676,0,0,0
1780599471126111,51.7638,0.0208321,0.0386705,-5.00192,0,0,-5,0.0208321,0.0386705,-0.00192261,0.0439669,-0.0121203,-0.0318376,0.00237642,0,0,0
1780599471142111,51.7798,0.0207534,0.0384547,-5.00192,0,0,-5,0.0207534,0.0384547,-0.00192261,0.0437397,-0.0111763,-0.0322285,0.00170001,0,0,0
1780599471158111,51.7958,0.0206896,0.0382149,-5.00192,0,0,-5,0.0206896,0.0382149,-0.00192261,0.0434987,-0.010643,-0.0325667,0.00176494,0,0,0
1780599471182111,51.8198,0.020585,0.0378018,-5.00195,0,0,-5,0.020585,0.0378018,-0.00195312,0.0430875,-0.0116427,-0.0339678,0.00114367,0,0,0
1780599471206111,51.8438,0.0204792,0.0373623,-5.00204,0,0,-5,0.0204792,0.0373623,-0.00204468,0.0426558,-0.0105013,-0.0333743,0.00143601,0,0,0
1780599471222111,51.8598,0.0204209,0.0370538,-5.00211,0,0,-5,0.0204209,0.0370538,-0.00210571,0.0423608,-0.00992503,-0.033667,0.00275833,0,0,0
1780599471238111,51.8758,0.0203611,0.0367317,-5.00214,0,0,-5,0.0203611,0.0367317,-0.00213623,0.0420518,-0.00967873,-0.0336764,0.00236545,0,0,0
1780599471262111,51.8998,0.0202826,0.0362272,-5.0022,0,0,-5,0.0202826,0.0362272,-0.00219727,0.0415767,-0.0101406,-0.0344378,0.00128731,0,0,0
1780599471286111,51.9238,0.0201724,0.0356743,-5.00223,0,0,-5,0.0201724,0.0356743,-0.00222778,0.0410432,-0.0112344,-0.0337033,0.00118673,0,0,0
1780599471302111,51.9398,0.0200848,0.0353081,-5.00226,0,0,-5,0.0200848,0.0353081,-0.0022583,0.0406837,-0.0117097,-0.0338129,0.00114879,0,0,0
1780599471326111,51.9638,0.0199309,0.0347122,-5.00235,0,0,-5,0.0199309,0.0347122,-0.00234985,0.0400961,-0.0132305,-0.0347865,0.000915976,0,0,0
1780599471342111,51.9798,0.0198182,0.034311,-5.00241,0,0,-5,0.0198182,0.034311,-0.00241089,0.0396966,-0.0129171,-0.0335281,0.000903326,0,0,0
1780599471366111,52.0038,0.0196573,0.0336847,-5.0025,0,0,-5,0.0196573,0.0336847,-0.00250244,0.039081,-0.0123541,-0.0350298,0.000821515,0,0,0
1780599471382111,52.0198,0.0195433,0.033239,-5.00256,0,0,-5,0.0195433,0.033239,-0.00256348,0.0386438,-0.0136591,-0.0355084,0.00218201,0,0,0
1780599471406111,52.0438,0.0192501,0.0324879,-5.00275,0,0,-5,0.0192501,0.0324879,-0.00274658,0.0378625,-0.0134956,-0.0360028,0.0027529,0,0,0
1780599471422111,52.0598,0.0190541,0.0319762,-5.00287,0,0,-5,0.0190541,0.0319762,-0.00286865,0.0373331,-0.0141873,-0.0353599,0.00176505,0,0,0
1780599471446111,52.0838,0.0187786,0.0312045,-5.00305,0,0,-5,0.0187786,0.0312045,-0.00305176,0.0365468,-0.0135551,-0.0354211,0.00180681,0,0,0
1780599471462111,52.0998,0.0185893,0.0306781,-5.00314,0,0,-5,0.0185893,0.0306781,-0.00314331,0.0360082,-0.0138377,-0.035926,0.00254152,0,0,0
1780599471486111,52.1238,0.0183127,0.0298818,-5.0033,0,0,-5,0.0183127,0.0298818,-0.0032959,0.0352014,-0.0148176,-0.0356337,0.00200466,0,0,0
1780599471502111,52.1398,0.0181131,0.0293379,-5.00342,0,0,-5,0.0181131,0.0293379,-0.00341797,0.034648,-0.0157191,-0.0360328,0.00142836,0,0,0
1780599471526111,52.1638,0.0178042,0.0285065,-5.00357,0,0,-5,0.0178042,0.0285065,-0.00357056,0.0337988,-0.016056,-0.0365889,0.00217446,0,0,0
1780599471542234,52.1799,0.0175954,0.0279297,-5.00366,0,0,-5,0.0175954,0.0279297,-0.00366211,0.0332126,-0.0160576,-0.0375452,0.00268588,0,0,0
1780599471566234,52.2039,0.0172852,0.02705,-5.00375,0,0,-5,0.0172852,0.02705,-0.00375366,0.0323198,-0.0160397,-0.0369984,0.00390907,0,0,0
1780599471582234,52.2199,0.0170837,0.0264729,-5.00378,0,0,-5,0.0170837,0.0264729,-0.00378418,0.0317331,-0.0158929,-0.0363414,0.00443101,0,0,0
1780599471606234,52.2439,0.0167711,0.0256078,-5.00385,0,0,-5,0.0167711,0.0256078,-0.00384521,0.0308515,-0.0167358,-0.0364096,0.00506693,0,0,0
1780599471622234,52.2599,0.0165482,0.0250172,-5.00385,0,0,-5,0.0165482,0.0250172,-0.00384521,0.0302406,-0.0173463,-0.0371324,0.00551864,0,0,0
1780599471646234,52.2839,0.0162032,0.0241143,-5.00381,0,0,-5,0.0162032,0.0241143,-0.0038147,0.0293018,-0.0180783,-0.0378624,0.00534794,0,0,0
1780599471662234,52.2999,0.015973,0.0234975,-5.00381,0,0,-5,0.015973,0.0234975,-0.0038147,0.0286674,-0.0176754,-0.0390322,0.00490503,0,0,0
1780599471686234,52.3239,0.015624,0.0225602,-5.00378,0,0,-5,0.015624,0.0225602,-0.00378418,0.0277018,-0.0186222,-0.038471,0.00494489,0,0,0
1780599471702234,52.3399,0.0153869,0.0219348,-5.00375,0,0,-5,0.0153869,0.0219348,-0.00375366,0.0270552,-0.0179208,-0.0385538,0.00601772,0,0,0
1780599471718234,52.3559,0.01516,0.0213149,-5.00369,0,0,-5,0.01516,0.0213149,-0.00369263,0.0264157,-0.0179288,-0.0376982,0.00658133,0,0,0
1780599471742234,52.3799,0.0148094,0.0203993,-5.00363,0,0,-5,0.0148094,0.0203993,-0.00363159,0.0254684,-0.0180719,-0.0372293,0.00641299,0,0,0
1780599471758234,52.3959,0.0145764,0.0197828,-5.00357,0,0,-5,0.0145764,0.0197828,-0.00357056,0.024831,-0.018361,-0.0377842,0.00642545,0,0,0
1780599471782234,52.4199,0.0142246,0.0188404,-5.00351,0,0,-5,0.0142246,0.0188404,-0.00350952,0.0238667,-0.0186075,-0.0386048,0.00552655,0,0,0
1780599471806234,52.4439,0.0140534,0.0187471,-5.00354,0,0,-5,0.0140534,0.0187471,-0.00354004,0.0236956,-0.018895,-0.0389899,0.00287291,0,0,0
1780599471822234,52.4599,0.0139295,0.0186632,-5.00354,0,0,-5,0.0139295,0.0186632,-0.00354004,0.0235558,-0.019067,-0.0371031,0.00191994,0,0,0
1780599471846234,52.4839,0.0137191,0.0185354,-5.00354,0,0,-5,0.0137191,0.0185354,-0.00354004,0.0233304,-0.0196988,-0.0354833,0.00344337,0,0,0
1780599471862234,52.4999,0.013557,0.0184312,-5.00354,0,0,-5,0.013557,0.0184312,-0.00354004,0.0231524,-0.0209635,-0.0347644,0.00287274,0,0,0
1780599471878234,52.5159,0.0133754,0.0183077,-5.00357,0,0,-5,0.0133754,0.0183077,-0.00357056,0.0229526,-0.0210464,-0.0346005,0.00389182,0,0,0
1780599471902234,52.5399,0.0130975,0.018097,-5.00357,0,0,-5,0.0130975,0.018097,-0.00357056,0.0226229,-0.020647,-0.0335696,0.00439213,0,0,0
1780599471918234,52.5559,0.0129074,0.0179377,-5.00357,0,0,-5,0.0129074,0.0179377,-0.00357056,0.0223855,-0.0208824,-0.0332832,0.00439968,0,0,0
1780599471942234,52.5799,0.0126208,0.0176872,-5.00357,0,0,-5,0.0126208,0.0176872,-0.00357056,0.0220197,-0.0197301,-0.0323777,0.00420677,0,0,0
1780599471966234,52.6039,0.0123616,0.0173921,-5.00357,0,0,-5,0.0123616,0.0173921,-0.00357056,0.0216343,-0.0184074,-0.0327263,0.00374409,0,0,0
1780599471982234,52.6199,0.0121811,0.017178,-5.00354,0,0,-5,0.0121811,0.017178,-0.00354004,0.021354,-0.0196529,-0.0324007,0.0032598,0,0,0
1780599472006234,52.6439,0.0118944,0.0168411,-5.00354,0,0,-5,0.0118944,0.0168411,-0.00354004,0.0209196,-0.0192348,-0.0318692,0.00287962,0,0,0
1780599472022234,52.6599,0.0116946,0.0165929,-5.00357,0,0,-5,0.0116946,0.0165929,-0.00357056,0.0206116,-0.0198661,-0.0319663,0.00322273,0,0,0
1780599472046234,52.6839,0.0113922,0.0162175,-5.0036,0,0,-5,0.0113922,0.0162175,-0.00360107,0.0201434,-0.0189813,-0.0304904,0.0022434,0,0,0
1780599472062234,52.6999,0.0111946,0.0159776,-5.0036,0,0,-5,0.0111946,0.0159776,-0.00360107,0.0198386,-0.0186875,-0.0296799,0.0025496,0,0,0
1780599472086234,52.7239,0.0109033,0.0155903,-5.00363,0,0,-5,0.0109033,0.0155903,-0.00363159,0.0193682,-0.0178929,-0.0307086,0.00321107,0,0,0
1780599472102234,52.7399,0.0107211,0.0153144,-5.00363,0,0,-5,0.0107211,0.0153144,-0.00363159,0.0190437,-0.0170528,-0.0294089,0.00325189,0,0,0
1780599472126234,52.7639,0.0104596,0.0149126,-5.0036,0,0,-5,0.0104596,0.0149126,-0.00360107,0.0185676,-0.0165186,-0.0289931,0.00434265,0,0,0
1780599472142234,52.7799,0.0102904,0.0146274,-5.00357,0,0,-5,0.0102904,0.0146274,-0.00357056,0.0182374,-0.0160045,-0.0290208,0.00455019,0,0,0
1780599472166234,52.8039,0.0100338,0.0141999,-5.00348,0,0,-5,0.0100338,0.0141999,-0.003479,0.0177319,-0.0159431,-0.0280683,0.00512143,0,0,0
1780599472182234,52.8199,0.00986116,0.0139063,-5.00342,0,0,-5,0.00986116,0.0139063,-0.00341797,0.0173871,-0.0163236,-0.0278692,0.0060263,0,0,0
1780599472206234,52.8439,0.0103678,0.0135006,-5.00372,0,0,-5,0.0103678,0.0135006,-0.00372314,0.0174247,-0.0161612,-0.0294644,0.0056165,0,0,0
1780599472222234,52.8599,0.0106754,0.0132118,-5.00391,0,0,-5,0.0106754,0.0132118,-0.00390625,0.0174291,-0.0159739,-0.0287122,0.00459585,0,0,0
1780599472246234,52.8839,0.0110815,0.01277,-5.00418,0,0,-5,0.0110815,0.01277,-0.00418091,0.017417,-0.0160957,-0.0282121,0.00425855,0,0,0
1780599472262234,52.8999,0.0113202,0.0124649,-5.00439,0,0,-5,0.0113202,0.0124649,-0.00439453,0.0174021,-0.0167179,-0.0287648,0.0023345,0,0,0
1780599472286234,52.9239,0.0116209,0.0119853,-5.00464,0,0,-5,0.0116209,0.0119853,-0.00463867,0.0173266,-0.0174624,-0.028177,0.0022944,0,0,0
1780599472302234,52.9399,0.0117898,0.0116574,-5.00482,0,0,-5,0.0117898,0.0116574,-0.00482178,0.0172668,-0.0169955,-0.0284614,0.00223859,0,0,0
1780599472326234,52.9639,0.0120151,0.0111646,-5.00504,0,0,-5,0.0120151,0.0111646,-0.0050354,0.0171571,-0.0176409,-0.0274624,0.00253978,0,0,0
1780599472342234,52.9799,0.0121245,0.0108367,-5.00519,0,0,-5,0.0121245,0.0108367,-0.00518799,0.017069,-0.0197702,-0.0273081,0.00328317,0,0,0
1780599472366234,53.0039,0.0122227,0.0103312,-5.0054,0,0,-5,0.0122227,0.0103312,-0.00540161,0.016891,-0.0189875,-0.0281133,0.00410689,0,0,0
1780599472382234,53.0199,0.0122873,0.00998677,-5.00552,0,0,-5,0.0122873,0.00998677,-0.00552368,0.0167698,-0.0189751,-0.0272509,0.00444458,0,0,0
1780599472398234,53.0359,0.0123306,0.00964088,-5.00565,0,0,-5,0.0123306,0.00964088,-0.00564575,0.0166392,-0.0193569,-0.0268301,0.0042045,0,0,0
1780599472422234,53.0599,0.0123802,0.00911595,-5.0058,0,0,-5,0.0123802,0.00911595,-0.00579834,0.0164314,-0.0190152,-0.026007,0.00477161,0,0,0
1780599472446234,53.0839,0.0124053,0.00859719,-5.00592,0,0,-5,0.0124053,0.00859719,-0.00592041,0.0162128,-0.0181691,-0.0261264,0.00430672,0,0,0
1780599472462234,53.0999,0.0124095,0.00823479,-5.00601,0,0,-5,0.0124095,0.00823479,-0.00601196,0.0160608,-0.0188271,-0.0261643,0.003137,0,0,0
1780599472486234,53.1239,0.0123819,0.00767968,-5.00616,0,0,-5,0.0123819,0.00767968,-0.00616455,0.0158206,-0.0194431,-0.0261225,0.0027637,0,0,0
1780599472502234,53.1399,0.0123499,0.00731852,-5.00623,0,0,-5,0.0123499,0.00731852,-0.00622559,0.0156473,-0.0198281,-0.0244518,0.00268112,0,0,0
1780599472526234,53.1639,0.0122713,0.00680727,-5.00635,0,0,-5,0.0122713,0.00680727,-0.00634766,0.0154019,-0.0194271,-0.0226699,0.00370604,0,0,0
1780599472542234,53.1799,0.0122063,0.00647858,-5.00638,0,0,-5,0.0122063,0.00647858,-0.00637817,0.01522,-0.020004,-0.0224938,0.00505778,0,0,0
1780599472566360,53.204,0.0120852,0.00597896,-5.00638,0,0,-5,0.0120852,0.00597896,-0.00637817,0.0149158,-0.0201976,-0.0217099,0.00610358,0,0,0
1780599472582360,53.22,0.0119753,0.00566002,-5.00641,0,0,-5,0.0119753,0.00566002,-0.00640869,0.0147145,-0.021909,-0.0204156,0.0059658,0,0,0
1780599472606360,53.244,0.0132093,0.00600881,-5.00662,0,0,-5,0.0132093,0.00600881,-0.00662231,0.0159514,-0.0224233,-0.0183785,0.0070679,0,0,0
1780599472622360,53.26,0.0139589,0.00622634,-5.00677,0,0,-5,0.0139589,0.00622634,-0.0067749,0.0167187,-0.0220825,-0.0183369,0.00754164,0,0,0
1780599472638360,53.276,0.014671,0.00641429,-5.0069,0,0,-5,0.014671,0.00641429,-0.00689697,0.0174341,-0.0216414,-0.0180288,0.00623304,0,0,0
1780599472662360,53.3,0.0156513,0.00664823,-5.00708,0,0,-5,0.0156513,0.00664823,-0.00708008,0.0184198,-0.0211761,-0.0188336,0.00642535,0,0,0
1780599472678360,53.316,0.0162632,0.00676479,-5.0072,0,0,-5,0.0162632,0.00676479,-0.00720215,0.0190296,-0.0198068,-0.019189,0.00651359,0,0,0
1780599472702360,53.34,0.0171471,0.0068975,-5.00735,0,0,-5,0.0171471,0.0068975,-0.00735474,0.019892,-0.0174628,-0.0186372,0.00600862,0,0,0
1780599472726360,53.364,0.0179721,0.00699275,-5.00748,0,0,-5,0.0179721,0.00699275,-0.00747681,0.0206833,-0.0169945,-0.0185797,0.00787704,0,0,0
1780599472742360,53.38,0.0184836,0.00703229,-5.00751,0,0,-5,0.0184836,0.00703229,-0.00750732,0.0211531,-0.016414,-0.0189778,0.00856713,0,0,0
1780599472766360,53.404,0.0192052,0.00705006,-5.00757,0,0,-5,0.0192052,0.00705006,-0.00756836,0.0218134,-0.0163905,-0.0187001,0.00933191,0,0,0
1780599472782360,53.42,0.0196419,0.00706338,-5.0076,0,0,-5,0.0196419,0.00706338,-0.00759888,0.0222135,-0.0157595,-0.0173383,0.0101987,0,0,0
1780599472806360,53.444,0.020252,0.00706987,-5.00763,0,0,-5,0.020252,0.00706987,-0.00762939,0.0227669,-0.0163627,-0.017869,0.00902754,0,0,0
1780599472822360,53.46,0.0206093,0.007049,-5.00763,0,0,-5,0.0206093,0.007049,-0.00762939,0.023079,-0.0160017,-0.0171397,0.00861134,0,0,0
1780599472838360,53.476,0.020947,0.00702693,-5.00766,0,0,-5,0.020947,0.00702693,-0.00765991,0.0233844,-0.0153648,-0.0169925,0.00918774,0,0,0
1780599472862360,53.5,0.0214349,0.00696965,-5.00769,0,0,-5,0.0214349,0.00696965,-0.00769043,0.0238154,-0.0140239,-0.0171611,0.00877461,0,0,0
1780599472886360,53.524,0.021869,0.00688558,-5.00769,0,0,-5,0.021869,0.00688558,-0.00769043,0.0241828,-0.0146601,-0.0161701,0.00717449,0,0,0
1780599472902360,53.54,0.022118,0.00683002,-5.00772,0,0,-5,0.022118,0.00683002,-0.00772095,0.0244022,-0.0144751,-0.0152243,0.00601475,0,0,0
1780599472926360,53.564,0.0224676,0.00673589,-5.00775,0,0,-5,0.0224676,0.00673589,-0.00775146,0.0247032,-0.0137246,-0.0155062,0.00542448,0,0,0
1780599472942360,53.58,0.0226822,0.00665712,-5.00778,0,0,-5,0.0226822,0.00665712,-0.00778198,0.0248869,-0.0135702,-0.015533,0.00586736,0,0,0
1780599472966360,53.604,0.0229582,0.00651759,-5.00784,0,0,-5,0.0229582,0.00651759,-0.00784302,0.0251211,-0.0143823,-0.0150445,0.00448115,0,0,0
1780599472982360,53.62,0.0231038,0.00642769,-5.00787,0,0,-5,0.0231038,0.00642769,-0.00787354,0.0252407,-0.0154297,-0.0138639,0.00549838,0,0,0
1780599473006360,53.644,0.0249738,0.00655692,-5.00821,0,0,-5,0.0249738,0.00655692,-0.00820923,0.0270939,-0.0156733,-0.0129232,0.00580099,0,0,0
1780599473022360,53.66,0.0261374,0.00661591,-5.00839,0,0,-5,0.0261374,0.00661591,-0.00839233,0.0282377,-0.0151801,-0.0146056,0.00595375,0,0,0
1780599473038360,53.676,0.0272259,0.00664513,-5.00858,0,0,-5,0.0272259,0.00664513,-0.00857544,0.0293077,-0.0165787,-0.0143705,0.00639366,0,0,0
1780599473062360,53.7,0.0286955,0.00667047,-5.00879,0,0,-5,0.0286955,0.00667047,-0.00878906,0.0307437,-0.0174508,-0.0136307,0.00510946,0,0,0
1780599473086360,53.724,0.0300033,0.00665295,-5.00897,0,0,-5,0.0300033,0.00665295,-0.00897217,0.032015,-0.018422,-0.0144441,0.00533728,0,0,0
1780599473102360,53.74,0.0308068,0.00663958,-5.00909,0,0,-5,0.0308068,0.00663958,-0.00909424,0.0328001,-0.0178449,-0.0125997,0.00657298,0,0,0
1780599473118360,53.756,0.0315767,0.00663388,-5.00916,0,0,-5,0.0315767,0.00663388,-0.00915527,0.0335397,-0.0164679,-0.0125108,0.00840352,0,0,0
1780599473142360,53.78,0.0326526,0.00660389,-5.00919,0,0,-5,0.0326526,0.00660389,-0.00918579,0.034557,-0.0168981,-0.01123,0.00901851,0,0,0
1780599473166360,53.804,0.0336027,0.00657599,-5.00919,0,0,-5,0.0336027,0.00657599,-0.00918579,0.0354509,-0.0175759,-0.0112412,0.0100507,0,0,0
1780599473182360,53.82,0.0341821,0.00653484,-5.00912,0,0,-5,0.0341821,0.00653484,-0.00912476,0.0359775,-0.0174536,-0.0123093,0.0106355,0,0,0
1780599473206360,53.844,0.034982,0.00645597,-5.00903,0,0,-5,0.034982,0.00645597,-0.0090332,0.0367018,-0.0176348,-0.0107321,0.0112525,0,0,0
1780599473222360,53.86,0.0354676,0.00642027,-5.00897,0,0,-5,0.0354676,0.00642027,-0.00897217,0.0371439,-0.0171761,-0.0097212,0.0101758,0,0,0
1780599473246360,53.884,0.0361279,0.00635568,-5.00885,0,0,-5,0.0361279,0.00635568,-0.0088501,0.0377352,-0.0185577,-0.00950335,0.0101845,0,0,0
1780599473262360,53.9,0.0365005,0.00631538,-5.00876,0,0,-5,0.0365005,0.00631538,-0.00875854,0.0380642,-0.0191866,-0.0088506,0.0098258,0,0,0
1780599473286360,53.924,0.0369903,0.00626173,-5.00861,0,0,-5,0.0369903,0.00626173,-0.00860596,0.0384909,-0.0197374,-0.00773539,0.00907005,0,0,0
1780599473302360,53.94,0.0372737,0.00622644,-5.00851,0,0,-5,0.0372737,0.00622644,-0.0085144,0.0387375,-0.0194006,-0.00797859,0.00867216,0,0,0
1780599473326360,53.964,0.0376437,0.00617186,-5.00839,0,0,-5,0.0376437,0.00617186,-0.00839233,0.0390586,-0.0205273,-0.00741134,0.00895598,0,0,0
1780599473342360,53.98,0.0378431,0.00613583,-5.0083,0,0,-5,0.0378431,0.00613583,-0.00830078,0.0392256,-0.0213634,-0.00746273,0.00860017,0,0,0
1780599473366360,54.004,0.0380772,0.00605269,-5.00818,0,0,-5,0.0380772,0.00605269,-0.00817871,0.0394132,-0.0215704,-0.00889981,0.00861552,0,0,0
1780599473382360,54.02,0.0382129,0.00597721,-5.00812,0,0,-5,0.0382129,0.00597721,-0.00811768,0.0395202,-0.0201976,-0.00902199,0.0065143,0,0,0
1780599473406360,54.044,0.0403897,0.00595096,-5.00836,0,0,-5,0.0403897,0.00595096,-0.00836182,0.0416733,-0.0188963,-0.00976931,0.00607823,0,0,0
1780599473422360,54.06,0.0417479,0.00591959,-5.00851,0,0,-5,0.0417479,0.00591959,-0.0085144,0.0430165,-0.0179916,-0.0100054,0.00503626,0,0,0
1780599473446360,54.084,0.0436343,0.00583925,-5.00873,0,0,-5,0.0436343,0.00583925,-0.00872803,0.0448801,-0.0185869,-0.0112612,0.00397476,0,0,0
1780599473462360,54.1,0.0448003,0.00576027,-5.00888,0,0,-5,0.0448003,0.00576027,-0.00888062,0.0460338,-0.0180078,-0.0122475,0.00448264,0,0,0
1780599473478360,54.116,0.0459026,0.00566564,-5.00903,0,0,-5,0.0459026,0.00566564,-0.0090332,0.0471248,-0.0178708,-0.0127849,0.0049051,0,0,0
1780599473502360,54.14,0.0474218,0.00550575,-5.00925,0,0,-5,0.0474218,0.00550575,-0.00924683,0.0486276,-0.0185581,-0.0118597,0.00466813,0,0,0
1780599473526360,54.164,0.0488003,0.00534209,-5.00943,0,0,-5,0.0488003,0.00534209,-0.00942993,0.0499893,-0.0188509,-0.0125338,0.00376002,0,0,0
1780599473542360,54.18,0.0496462,0.00521848,-5.00955,0,0,-5,0.0496462,0.00521848,-0.009552,0.0508253,-0.0184928,-0.0127423,0.00457206,0,0,0
1780599473566491,54.2042,0.0508173,0.00500883,-5.0097,0,0,-5,0.0508173,0.00500883,-0.00970459,0.0519775,-0.0188595,-0.01357,0.00615784,0,0,0
1780599473582491,54.2202,0.0515221,0.00484711,-5.00977,0,0,-5,0.0515221,0.00484711,-0.00976562,0.0526629,-0.0195624,-0.0146762,0.00715012,0,0,0
1780599473606491,54.2442,0.0524758,0.0045954,-5.00983,0,0,-5,0.0524758,0.0045954,-0.00982666,0.0535853,-0.0199813,-0.014128,0.0073143,0,0,0
1780599473622491,54.2602,0.0530608,0.00442731,-5.00986,0,0,-5,0.0530608,0.00442731,-0.00985718,0.0541499,-0.0205384,-0.014253,0.00758519,0,0,0
1780599473638491,54.2762,0.0535798,0.00425405,-5.00986,0,0,-5,0.0535798,0.00425405,-0.00985718,0.0546448,-0.0220278,-0.0142955,0.00886507,0,0,0
1780599473662491,54.3002,0.0542662,0.00397315,-5.00986,0,0,-5,0.0542662,0.00397315,-0.00985718,0.0552972,-0.0216029,-0.0145547,0.00986367,0,0,0
1780599473686491,54.3242,0.0548748,0.00368183,-5.00977,0,0,-5,0.0548748,0.00368183,-0.00976562,0.0558585,-0.0215731,-0.0147554,0.00875067,0,0,0
1780599473702491,54.3402,0.0552254,0.00348296,-5.0097,0,0,-5,0.0552254,0.00348296,-0.00970459,0.0561797,-0.0231267,-0.014542,0.00777946,0,0,0
1780599473726491,54.3642,0.0556344,0.00318158,-5.00964,0,0,-5,0.0556344,0.00318158,-0.00964355,0.0565536,-0.0252778,-0.0140997,0.00754158,0,0,0
1780599473742491,54.3802,0.0558351,0.00297954,-5.00958,0,0,-5,0.0558351,0.00297954,-0.00958252,0.0567298,-0.0273096,-0.0144907,0.0088302,0,0,0
1780599473766491,54.4042,0.0560673,0.00267374,-5.00952,0,0,-5,0.0560673,0.00267374,-0.00952148,0.0569329,-0.0275703,-0.0137025,0.0083412,0,0,0
