timestamp_us,t_s,actual_x,actual_y,actual_z,reference_x,reference_y,reference_z,error_x,error_y,error_z,error_norm,actual_vx,actual_vy,actual_vz,reference_vx,reference_vy,reference_vz
1780639875301916,0,-0.0174556,-0.0227977,0.0141296,0,0,-5,-0.0174556,-0.0227977,5.01413,5.01421,0.000262279,-0.053783,0.0189442,0,0,0
1780639875325916,0.024,-0.017515,-0.0227305,0.0142517,0,0,-5,-0.017515,-0.0227305,5.01425,5.01433,-0.000387137,-0.0543783,0.0185794,0,0,0
1780639875341916,0.04,-0.0175739,-0.022744,0.0143127,0,0,-5,-0.0175739,-0.022744,5.01431,5.0144,-0.000901766,-0.0548643,0.0195197,0,0,0
1780639875357916,0.056,-0.0176365,-0.0228194,0.0144043,0,0,-5,-0.0176365,-0.0228194,5.0144,5.01449,-0.000727169,-0.0547276,0.0197323,0,0,0
1780639875381916,0.08,-0.0177355,-0.0229924,0.0145569,0,0,-5,-0.0177355,-0.0229924,5.01456,5.01464,-0.000449178,-0.0542109,0.0178332,0,0,0
1780639875405916,0.104,-0.0178427,-0.023268,0.014679,0,0,-5,-0.0178427,-0.023268,5.01468,5.01476,-0.00113726,-0.0555835,0.0171102,0,0,0
1780639875421916,0.12,-0.0179179,-0.0235149,0.01474,0,0,-5,-0.0179179,-0.0235149,5.01474,5.01483,-0.000376716,-0.0567937,0.0170664,0,0,0
1780639875445916,0.144,-0.0180314,-0.0239506,0.0148926,0,0,-5,-0.0180314,-0.0239506,5.01489,5.01498,-0.000545369,-0.0571905,0.0162904,0,0,0
1780639875461916,0.16,-0.0181005,-0.0242758,0.0149841,0,0,-5,-0.0181005,-0.0242758,5.01498,5.01508,0.000140972,-0.0567268,0.0168526,0,0,0
1780639875477916,0.176,-0.0181747,-0.0246452,0.0151062,0,0,-5,-0.0181747,-0.0246452,5.01511,5.0152,-0.000345293,-0.0583407,0.0168118,0,0,0
1780639875501916,0.2,-0.0182801,-0.0252641,0.0153198,0,0,-5,-0.0182801,-0.0252641,5.01532,5.01542,0.000495148,-0.0578047,0.0153189,0,0,0
1780639875525916,0.224,-0.0183961,-0.0259353,0.0155029,0,0,-5,-0.0183961,-0.0259353,5.0155,5.0156,-8.11852e-05,-0.0581753,0.0161614,0,0,0
1780639875541916,0.24,-0.0184692,-0.0264268,0.015686,0,0,-5,-0.0184692,-0.0264268,5.01569,5.01579,0.000482337,-0.059782,0.0156039,0,0,0
1780639875557916,0.256,-0.0185526,-0.0269547,0.0158386,0,0,-5,-0.0185526,-0.0269547,5.01584,5.01595,-0.000561677,-0.0609972,0.0154278,0,0,0
1780639875581916,0.28,-0.0187131,-0.0278023,0.0160828,0,0,-5,-0.0187131,-0.0278023,5.01608,5.01619,-0.000981741,-0.0607601,0.0157282,0,0,0
1780639875605916,0.304,-0.018473,-0.0275878,0.0160828,0,0,-5,-0.018473,-0.0275878,5.01608,5.01619,-0.00172961,-0.0605163,0.014302,0,0,0
1780639875621916,0.32,-0.0181942,-0.0271588,0.0159607,0,0,-5,-0.0181942,-0.0271588,5.01596,5.01607,-0.00109216,-0.0601467,0.0151444,0,0,0
1780639875645916,0.344,-0.0178033,-0.0266283,0.0158691,0,0,-5,-0.0178033,-0.0266283,5.01587,5.01597,-0.00100027,-0.0597816,0.0154355,0,0,0
1780639875661916,0.36,-0.0175652,-0.0263467,0.0158386,0,0,-5,-0.0175652,-0.0263467,5.01584,5.01594,-0.000647429,-0.0590994,0.015761,0,0,0
1780639875677916,0.376,-0.0173369,-0.0261094,0.0158386,0,0,-5,-0.0173369,-0.0261094,5.01584,5.01594,-0.000641222,-0.0577293,0.0156742,0,0,0
1780639875701916,0.4,-0.0170179,-0.0258519,0.0158386,0,0,-5,-0.0170179,-0.0258519,5.01584,5.01593,0.000672668,-0.058723,0.0169975,0,0,0
1780639875725916,0.424,-0.0166728,-0.0257329,0.0158997,0,0,-5,-0.0166728,-0.0257329,5.0159,5.01599,0.00264815,-0.0592928,0.017542,0,0,0
1780639875741916,0.44,-0.0164346,-0.0257274,0.0159607,0,0,-5,-0.0164346,-0.0257274,5.01596,5.01605,0.00288826,-0.0593745,0.0174904,0,0,0
1780639875757916,0.456,-0.0162221,-0.0257686,0.0160217,0,0,-5,-0.0162221,-0.0257686,5.01602,5.01611,0.00241619,-0.0593295,0.0176817,0,0,0
1780639875781916,0.48,-0.0159274,-0.0259236,0.0161743,0,0,-5,-0.0159274,-0.0259236,5.01617,5.01627,0.00193129,-0.0605806,0.0186391,0,0,0
1780639875797916,0.496,-0.0157597,-0.0260996,0.0162964,0,0,-5,-0.0157597,-0.0260996,5.0163,5.01639,0.00152439,-0.0612052,0.0185677,0,0,0
1780639875821916,0.52,-0.0155065,-0.0264125,0.0164795,0,0,-5,-0.0155065,-0.0264125,5.01648,5.01657,0.00241048,-0.0589995,0.0178704,0,0,0
1780639875845916,0.544,-0.0152657,-0.0267905,0.0166931,0,0,-5,-0.0152657,-0.0267905,5.01669,5.01679,0.00224281,-0.0592697,0.0186468,0,0,0
1780639875861916,0.56,-0.0151274,-0.0270924,0.0168152,0,0,-5,-0.0151274,-0.0270924,5.01682,5.01691,0.00161848,-0.0601862,0.0182526,0,0,0
1780639875885916,0.584,-0.0149537,-0.0276113,0.0170288,0,0,-5,-0.0149537,-0.0276113,5.01703,5.01713,0.00226787,-0.0591794,0.0176339,0,0,0
1780639875901916,0.6,-0.0148416,-0.0279915,0.0171814,0,0,-5,-0.0148416,-0.0279915,5.01718,5.01728,0.00223367,-0.0595273,0.0180462,0,0,0
1780639875925916,0.624,-0.0146698,-0.028641,0.017395,0,0,-5,-0.0146698,-0.028641,5.0174,5.0175,0.00394098,-0.0604292,0.016778,0,0,0
1780639875941916,0.64,-0.0145467,-0.0291101,0.0175476,0,0,-5,-0.0145467,-0.0291101,5.01755,5.01765,0.00395966,-0.0612297,0.0184422,0,0,0
1780639875965916,0.664,-0.0143637,-0.0299048,0.0178223,0,0,-5,-0.0143637,-0.0299048,5.01782,5.01793,0.00453595,-0.063184,0.018391,0,0,0
1780639875981916,0.68,-0.0142493,-0.030487,0.0180054,0,0,-5,-0.0142493,-0.030487,5.01801,5.01812,0.00465459,-0.0637791,0.0182427,0,0,0
1780639876005916,0.704,-0.0139552,-0.030253,0.018219,0,0,-5,-0.0139552,-0.030253,5.01822,5.01833,0.00631184,-0.063695,0.0189571,0,0,0
1780639876021916,0.72,-0.0137026,-0.0297921,0.0183716,0,0,-5,-0.0137026,-0.0297921,5.01837,5.01848,0.00760477,-0.0635732,0.0189477,0,0,0
1780639876045916,0.744,-0.0133244,-0.0292524,0.0186157,0,0,-5,-0.0133244,-0.0292524,5.01862,5.01872,0.00855571,-0.0639716,0.0193606,0,0,0
1780639876061916,0.76,-0.0130612,-0.0289796,0.0187988,0,0,-5,-0.0130612,-0.0289796,5.0188,5.0189,0.0101241,-0.0646129,0.0184765,0,0,0
1780639876085916,0.784,-0.0126623,-0.0287205,0.0190735,0,0,-5,-0.0126623,-0.0287205,5.01907,5.01917,0.00997197,-0.0655961,0.016943,0,0,0
1780639876101916,0.8,-0.0124234,-0.028621,0.0192261,0,0,-5,-0.0124234,-0.028621,5.01923,5.01932,0.00862506,-0.0650147,0.0171329,0,0,0
1780639876125916,0.824,-0.012081,-0.0285573,0.0195618,0,0,-5,-0.012081,-0.0285573,5.01956,5.01966,0.0103685,-0.0638716,0.0162091,0,0,0
1780639876141916,0.84,-0.0118356,-0.0285765,0.0197449,0,0,-5,-0.0118356,-0.0285765,5.01974,5.01984,0.0113404,-0.0642517,0.0166097,0,0,0
1780639876165990,0.864074,-0.0114767,-0.0286685,0.02005,0,0,-5,-0.0114767,-0.0286685,5.02005,5.02015,0.012434,-0.0640441,0.0165824,0,0,0
1780639876181990,0.880074,-0.0112215,-0.028797,0.0202637,0,0,-5,-0.0112215,-0.028797,5.02026,5.02036,0.0130337,-0.0645938,0.0163632,0,0,0
1780639876205990,0.904074,-0.0108462,-0.0290918,0.0205994,0,0,-5,-0.0108462,-0.0290918,5.0206,5.0207,0.0130554,-0.0657809,0.0154218,0,0,0
1780639876221990,0.920074,-0.0105945,-0.0293536,0.020813,0,0,-5,-0.0105945,-0.0293536,5.02081,5.02091,0.0136483,-0.066012,0.0142308,0,0,0
1780639876245990,0.944074,-0.0102168,-0.0298357,0.0210876,0,0,-5,-0.0102168,-0.0298357,5.02109,5.02119,0.0146077,-0.066653,0.0129013,0,0,0
1780639876261990,0.960074,-0.00996457,-0.0302075,0.0213013,0,0,-5,-0.00996457,-0.0302075,5.0213,5.0214,0.015146,-0.0668562,0.012494,0,0,0
1780639876277990,0.976074,-0.00971545,-0.0306245,0.0215454,0,0,-5,-0.00971545,-0.0306245,5.02155,5.02165,0.0145621,-0.0682437,0.0128429,0,0,0
1780639876301990,1.00007,-0.00938464,-0.0313688,0.0218506,0,0,-5,-0.00938464,-0.0313688,5.02185,5.02196,0.014486,-0.0707238,0.012845,0,0,0
1780639876325990,1.02407,-0.00909721,-0.0322575,0.0221863,0,0,-5,-0.00909721,-0.0322575,5.02219,5.0223,0.0128654,-0.0734977,0.0129028,0,0,0
1780639876341990,1.04007,-0.00891141,-0.032904,0.0223999,0,0,-5,-0.00891141,-0.032904,5.0224,5.02252,0.0139365,-0.0740517,0.0131001,0,0,0
1780639876365990,1.06407,-0.00863912,-0.0339108,0.0227356,0,0,-5,-0.00863912,-0.0339108,5.02274,5.02286,0.0146069,-0.0732573,0.0137161,0,0,0
1780639876381990,1.08007,-0.00844673,-0.0346144,0.0229492,0,0,-5,-0.00844673,-0.0346144,5.02295,5.02308,0.0154328,-0.0736862,0.0137492,0,0,0
1780639876397990,1.09607,-0.00821213,-0.0347733,0.0230103,0,0,-5,-0.00821213,-0.0347733,5.02301,5.02314,0.0165662,-0.0731661,0.0144754,0,0,0
1780639876421990,1.12007,-0.00779625,-0.0342636,0.0228882,0,0,-5,-0.00779625,-0.0342636,5.02289,5.02301,0.0174441,-0.0728749,0.0146081,0,0,0
1780639876437990,1.13607,-0.00748965,-0.0340181,0.0228271,0,0,-5,-0.00748965,-0.0340181,5.02283,5.02295,0.0192296,-0.0722475,0.0140082,0,0,0
1780639876461990,1.16007,-0.00702491,-0.0337713,0.0227661,0,0,-5,-0.00702491,-0.0337713,5.02277,5.02288,0.0189667,-0.0714603,0.0150649,0,0,0
1780639876485990,1.18407,-0.00658516,-0.0336498,0.0227966,0,0,-5,-0.00658516,-0.0336498,5.0228,5.02291,0.0184852,-0.0706045,0.0146987,0,0,0
1780639876501990,1.20007,-0.00629466,-0.0336452,0.0228271,0,0,-5,-0.00629466,-0.0336452,5.02283,5.02294,0.0181863,-0.0704229,0.0148968,0,0,0
1780639876517990,1.21607,-0.00600184,-0.0336754,0.0229797,0,0,-5,-0.00600184,-0.0336754,5.02298,5.0231,0.0183581,-0.0684217,0.0156161,0,0,0
1780639876541990,1.24007,-0.00556996,-0.0337794,0.0230713,0,0,-5,-0.00556996,-0.0337794,5.02307,5.02319,0.0200479,-0.0672743,0.0144838,0,0,0
1780639876557990,1.25607,-0.00526082,-0.0339125,0.0231018,0,0,-5,-0.00526082,-0.0339125,5.0231,5.02322,0.0212285,-0.0681916,0.0148563,0,0,0
1780639876581990,1.28007,-0.0047931,-0.0342034,0.0231628,0,0,-5,-0.0047931,-0.0342034,5.02316,5.02328,0.021156,-0.066792,0.014134,0,0,0
1780639876605990,1.30407,-0.00430343,-0.0345788,0.0232849,0,0,-5,-0.00430343,-0.0345788,5.02328,5.02341,0.0227233,-0.0674361,0.0147151,0,0,0
1780639876621990,1.32007,-0.00396723,-0.0348903,0.0233154,0,0,-5,-0.00396723,-0.0348903,5.02332,5.02344,0.0231572,-0.0674458,0.0140557,0,0,0
1780639876645990,1.34407,-0.00343145,-0.0354426,0.0233459,0,0,-5,-0.00343145,-0.0354426,5.02335,5.02347,0.0254918,-0.0683929,0.0140159,0,0,0
1780639876661990,1.36007,-0.00305459,-0.0358685,0.023407,0,0,-5,-0.00305459,-0.0358685,5.02341,5.02354,0.0261106,-0.0689619,0.0143337,0,0,0
1780639876685990,1.38407,-0.00245415,-0.0365766,0.0235291,0,0,-5,-0.00245415,-0.0365766,5.02353,5.02366,0.0280421,-0.0687337,0.0147467,0,0,0
1780639876701990,1.40007,-0.00205145,-0.0371051,0.0236206,0,0,-5,-0.00205145,-0.0371051,5.02362,5.02376,0.0272607,-0.0700426,0.0143055,0,0,0
1780639876725990,1.42407,-0.00143086,-0.037967,0.0237427,0,0,-5,-0.00143086,-0.037967,5.02374,5.02389,0.0283435,-0.0699392,0.0142468,0,0,0
1780639876741990,1.44007,-0.0010067,-0.0385824,0.0238647,0,0,-5,-0.0010067,-0.0385824,5.02386,5.02401,0.0287944,-0.0704864,0.0141538,0,0,0
1780639876765990,1.46407,-0.000394466,-0.0395957,0.0240173,0,0,-5,-0.000394466,-0.0395957,5.02402,5.02417,0.0283886,-0.0712329,0.012578,0,0,0
1780639876781990,1.48007,1.8325e-05,-0.0403237,0.0241089,0,0,-5,1.8325e-05,-0.0403237,5.02411,5.02427,0.02915,-0.0729478,0.0112235,0,0,0
1780639876805990,1.50407,0.000463427,-0.0400585,0.0240784,0,0,-5,0.000463427,-0.0400585,5.02408,5.02424,0.0296915,-0.0713284,0.00997878,0,0,0
1780639876821990,1.52007,0.000702102,-0.0394839,0.0239868,0,0,-5,0.000702102,-0.0394839,5.02399,5.02414,0.0290654,-0.0704234,0.00915978,0,0,0
1780639876845990,1.54407,0.00107245,-0.0387762,0.0238953,0,0,-5,0.00107245,-0.0387762,5.0239,5.02405,0.0297812,-0.0700474,0.00757237,0,0,0
1780639876861990,1.56007,0.001335,-0.0384054,0.0238037,0,0,-5,0.001335,-0.0384054,5.0238,5.02395,0.0293131,-0.0695908,0.00729241,0,0,0
1780639876885990,1.58407,0.00174059,-0.0379633,0.0237122,0,0,-5,0.00174059,-0.0379633,5.02371,5.02386,0.0306092,-0.0685064,0.00724603,0,0,0
1780639876901990,1.60007,0.00202379,-0.0377599,0.0236511,0,0,-5,0.00202379,-0.0377599,5.02365,5.02379,0.029403,-0.0691373,0.00724171,0,0,0
1780639876925990,1.62407,0.00245018,-0.0375867,0.0235291,0,0,-5,0.00245018,-0.0375867,5.02353,5.02367,0.0302532,-0.0697171,0.00663356,0,0,0
1780639876941990,1.64007,0.00275237,-0.037547,0.023468,0,0,-5,0.00275237,-0.037547,5.02347,5.02361,0.0308418,-0.0689569,0.00651967,0,0,0
1780639876957990,1.65607,0.00308361,-0.0375506,0.0234375,0,0,-5,0.00308361,-0.0375506,5.02344,5.02358,0.0320509,-0.0681308,0.00726634,0,0,0
1780639876981990,1.68007,0.00359874,-0.037652,0.023407,0,0,-5,0.00359874,-0.037652,5.02341,5.02355,0.0318869,-0.06895,0.00720316,0,0,0
1780639877005990,1.70407,0.00414733,-0.037905,0.0234375,0,0,-5,0.00414733,-0.037905,5.02344,5.02358,0.033628,-0.0701062,0.00715267,0,0,0
1780639877021990,1.72007,0.00453646,-0.0381433,0.0234375,0,0,-5,0.00453646,-0.0381433,5.02344,5.02358,0.0340858,-0.0710591,0.00667043,0,0,0
1780639877037990,1.73607,0.00493421,-0.038438,0.023468,0,0,-5,0.00493421,-0.038438,5.02347,5.02362,0.0342225,-0.0715246,0.00701998,0,0,0
1780639877061990,1.76007,0.005534,-0.0389731,0.0234375,0,0,-5,0.005534,-0.0389731,5.02344,5.02359,0.0335955,-0.0718085,0.00716453,0,0,0
1780639877085990,1.78407,0.00613924,-0.0396151,0.023407,0,0,-5,0.00613924,-0.0396151,5.02341,5.02357,0.033764,-0.0726387,0.00737978,0,0,0
1780639877101990,1.80007,0.00654595,-0.0400955,0.023407,0,0,-5,0.00654595,-0.0400955,5.02341,5.02357,0.0340472,-0.0725318,0.00577939,0,0,0
1780639877125990,1.82407,0.00720235,-0.0408795,0.0233765,0,0,-5,0.00720235,-0.0408795,5.02338,5.02355,0.0357,-0.0726893,0.00633287,0,0,0
1780639877141990,1.84007,0.00767235,-0.0414544,0.0233459,0,0,-5,0.00767235,-0.0414544,5.02335,5.02352,0.0368825,-0.0733672,0.00633417,0,0,0
1780639877166074,1.86416,0.00840503,-0.0423942,0.0233765,0,0,-5,0.00840503,-0.0423942,5.02338,5.02356,0.0381218,-0.0731781,0.00634355,0,0,0
1780639877182074,1.88016,0.00890512,-0.0430528,0.023407,0,0,-5,0.00890512,-0.0430528,5.02341,5.0236,0.0383221,-0.0727093,0.00779176,0,0,0
1780639877206074,1.90416,0.00926159,-0.0426037,0.0233459,0,0,-5,0.00926159,-0.0426037,5.02335,5.02354,0.0365767,-0.0714191,0.00766492,0,0,0
1780639877222074,1.92016,0.0093611,-0.0418946,0.0232544,0,0,-5,0.0093611,-0.0418946,5.02325,5.02344,0.0356536,-0.0700641,0.00697717,0,0,0
1780639877246074,1.94416,0.00953065,-0.0409724,0.0231323,0,0,-5,0.00953065,-0.0409724,5.02313,5.02331,0.0350636,-0.0691253,0.00774296,0,0,0
1780639877262074,1.96016,0.00966889,-0.0404706,0.0230713,0,0,-5,0.00966889,-0.0404706,5.02307,5.02324,0.0352062,-0.069182,0.00753954,0,0,0
1780639877286074,1.98416,0.00991112,-0.0398428,0.0229187,0,0,-5,0.00991112,-0.0398428,5.02292,5.02309,0.0355594,-0.0673247,0.00777669,0,0,0
1780639877302074,2.00016,0.0100865,-0.0395002,0.0228577,0,0,-5,0.0100865,-0.0395002,5.02286,5.02302,0.034956,-0.0669575,0.0085728,0,0,0
1780639877326074,2.02416,0.0103755,-0.0390986,0.0227966,0,0,-5,0.0103755,-0.0390986,5.0228,5.02296,0.0356124,-0.0668078,0.00859308,0,0,0
1780639877342074,2.04016,0.0105973,-0.0389245,0.0227661,0,0,-5,0.0105973,-0.0389245,5.02277,5.02293,0.0359385,-0.0670361,0.00867371,0,0,0
1780639877366074,2.06416,0.0109569,-0.038793,0.0227966,0,0,-5,0.0109569,-0.038793,5.0228,5.02296,0.0354704,-0.0681555,0.00904962,0,0,0
1780639877382074,2.08016,0.0112168,-0.0387931,0.0227966,0,0,-5,0.0112168,-0.0387931,5.0228,5.02296,0.0359765,-0.0681359,0.00915809,0,0,0
1780639877406074,2.10416,0.0116333,-0.0388849,0.0228577,0,0,-5,0.0116333,-0.0388849,5.02286,5.02302,0.0362006,-0.0674382,0.00867778,0,0,0
1780639877422074,2.12016,0.0119337,-0.03901,0.0228882,0,0,-5,0.0119337,-0.03901,5.02289,5.02305,0.0371447,-0.0672057,0.00917123,0,0,0
1780639877446074,2.14416,0.0124227,-0.0392715,0.0230103,0,0,-5,0.0124227,-0.0392715,5.02301,5.02318,0.0373687,-0.0667173,0.0105869,0,0,0
1780639877462074,2.16016,0.0127583,-0.0395081,0.0231018,0,0,-5,0.0127583,-0.0395081,5.0231,5.02327,0.0371881,-0.066976,0.0101121,0,0,0
1780639877486074,2.18416,0.0132984,-0.0399414,0.0232239,0,0,-5,0.0132984,-0.0399414,5.02322,5.0234,0.0382341,-0.0670511,0.0116117,0,0,0
1780639877502074,2.20016,0.0136877,-0.0402941,0.0233459,0,0,-5,0.0136877,-0.0402941,5.02335,5.02353,0.0391005,-0.0677834,0.0115067,0,0,0
1780639877518074,2.21616,0.0140922,-0.0406922,0.0234375,0,0,-5,0.0140922,-0.0406922,5.02344,5.02362,0.0387717,-0.0677271,0.0106406,0,0,0
1780639877542074,2.24016,0.014752,-0.0413645,0.0235901,0,0,-5,0.014752,-0.0413645,5.02359,5.02378,0.0405441,-0.0678607,0.0112751,0,0,0
1780639877566074,2.26416,0.0154445,-0.0421472,0.0236816,0,0,-5,0.0154445,-0.0421472,5.02368,5.02388,0.0400055,-0.0685058,0.0117913,0,0,0
1780639877582074,2.28016,0.0159135,-0.0427185,0.0237732,0,0,-5,0.0159135,-0.0427185,5.02377,5.02398,0.0398456,-0.0688864,0.0123445,0,0,0
1780639877598074,2.29616,0.0160492,-0.0426087,0.0237732,0,0,-5,0.0160492,-0.0426087,5.02377,5.02398,0.0398983,-0.0681586,0.0135458,0,0,0
1780639877622074,2.32016,0.0158115,-0.041528,0.0236206,0,0,-5,0.0158115,-0.041528,5.02362,5.02382,0.0399354,-0.0676318,0.012866,0,0,0
1780639877646074,2.34416,0.0156831,-0.0406526,0.0234985,0,0,-5,0.0156831,-0.0406526,5.0235,5.02369,0.0415995,-0.0684592,0.0122403,0,0,0
1780639877662074,2.36016,0.0156373,-0.0401808,0.0234375,0,0,-5,0.0156373,-0.0401808,5.02344,5.02362,0.0409776,-0.0675404,0.0127636,0,0,0
1780639877686074,2.38416,0.0156233,-0.0396236,0.0233765,0,0,-5,0.0156233,-0.0396236,5.02338,5.02356,0.0406083,-0.0676848,0.0134991,0,0,0
1780639877702074,2.40016,0.0156436,-0.0393347,0.0233459,0,0,-5,0.0156436,-0.0393347,5.02335,5.02352,0.0405646,-0.0665949,0.0134081,0,0,0
1780639877726074,2.42416,0.0157184,-0.0390075,0.0233154,0,0,-5,0.0157184,-0.0390075,5.02332,5.02349,0.0397799,-0.0654795,0.0136114,0,0,0
1780639877742074,2.44016,0.0157803,-0.038868,0.0233154,0,0,-5,0.0157803,-0.038868,5.02332,5.02349,0.0392463,-0.0658722,0.0130107,0,0,0
1780639877766074,2.46416,0.0159049,-0.0387516,0.0233459,0,0,-5,0.0159049,-0.0387516,5.02335,5.02352,0.0394119,-0.0644561,0.0130612,0,0,0
1780639877782074,2.48016,0.0160125,-0.0387323,0.0233765,0,0,-5,0.0160125,-0.0387323,5.02338,5.02355,0.0390854,-0.0636988,0.0133294,0,0,0
1780639877806074,2.50416,0.0162079,-0.038798,0.023407,0,0,-5,0.0162079,-0.038798,5.02341,5.02358,0.0387735,-0.0636092,0.0136272,0,0,0
1780639877822074,2.52016,0.0163678,-0.038899,0.023468,0,0,-5,0.0163678,-0.038899,5.02347,5.02365,0.0393834,-0.0631674,0.0137978,0,0,0
1780639877846074,2.54416,0.0166632,-0.0391481,0.0235291,0,0,-5,0.0166632,-0.0391481,5.02353,5.02371,0.0404708,-0.0642715,0.0127544,0,0,0
1780639877862074,2.56016,0.0169095,-0.0394003,0.0235596,0,0,-5,0.0169095,-0.0394003,5.02356,5.02374,0.0419376,-0.0657214,0.0123201,0,0,0
1780639877886074,2.58416,0.0173406,-0.0398597,0.0236206,0,0,-5,0.0173406,-0.0398597,5.02362,5.02381,0.0418943,-0.0641032,0.0123396,0,0,0
1780639877902074,2.60016,0.0176392,-0.0402097,0.0236816,0,0,-5,0.0176392,-0.0402097,5.02368,5.02387,0.0421354,-0.0640998,0.0127943,0,0,0
1780639877926074,2.62416,0.018126,-0.0408064,0.0238342,0,0,-5,0.018126,-0.0408064,5.02383,5.02403,0.0417932,-0.0645503,0.0147802,0,0,0
1780639877942074,2.64016,0.018479,-0.0412644,0.0239563,0,0,-5,0.018479,-0.0412644,5.02396,5.02416,0.042856,-0.0646845,0.0149232,0,0,0
1780639877958074,2.65616,0.0188711,-0.0417831,0.0241089,0,0,-5,0.0188711,-0.0417831,5.02411,5.02432,0.0433292,-0.0635825,0.0150625,0,0,0
1780639877982074,2.68016,0.0194931,-0.042581,0.0243835,0,0,-5,0.0194931,-0.042581,5.02438,5.0246,0.0440468,-0.0619897,0.016274,0,0,0
1780639878006074,2.70416,0.0194345,-0.0420304,0.0244446,0,0,-5,0.0194345,-0.0420304,5.02444,5.02466,0.0435207,-0.0607528,0.0163168,0,0,0
1780639878022074,2.72016,0.0191825,-0.041279,0.0243835,0,0,-5,0.0191825,-0.041279,5.02438,5.02459,0.042669,-0.0599631,0.0145691,0,0,0
1780639878046074,2.74416,0.0188794,-0.040315,0.024353,0,0,-5,0.0188794,-0.040315,5.02435,5.02455,0.0430215,-0.0594944,0.0152955,0,0,0
1780639878062074,2.76016,0.0187421,-0.0397661,0.0243225,0,0,-5,0.0187421,-0.0397661,5.02432,5.02451,0.043445,-0.0588034,0.0167656,0,0,0
1780639878086074,2.78416,0.0186015,-0.0390479,0.0243835,0,0,-5,0.0186015,-0.0390479,5.02438,5.02457,0.0431823,-0.0561742,0.0184648,0,0,0
1780639878102074,2.80016,0.0185437,-0.0386314,0.0244751,0,0,-5,0.0185437,-0.0386314,5.02448,5.02466,0.0426719,-0.0546709,0.0191633,0,0,0
1780639878126074,2.82416,0.0185068,-0.0380956,0.0245972,0,0,-5,0.0185068,-0.0380956,5.0246,5.02478,0.041692,-0.0536925,0.0179774,0,0,0
1780639878142074,2.84016,0.0185178,-0.0378128,0.0246887,0,0,-5,0.0185178,-0.0378128,5.02469,5.02487,0.0420062,-0.0530337,0.0179411,0,0,0
1780639878166074,2.86416,0.0185695,-0.0374552,0.0248413,0,0,-5,0.0185695,-0.0374552,5.02484,5.02502,0.041463,-0.0512263,0.0183777,0,0,0
1780639878182161,2.88024,0.0186281,-0.037273,0.0249634,0,0,-5,0.0186281,-0.037273,5.02496,5.02514,0.0409498,-0.0507719,0.0179684,0,0,0
1780639878206161,2.90424,0.0187548,-0.0370931,0.0251465,0,0,-5,0.0187548,-0.0370931,5.02515,5.02532,0.0399899,-0.0508703,0.0179389,0,0,0
1780639878222161,2.92024,0.0188637,-0.0370486,0.0252686,0,0,-5,0.0188637,-0.0370486,5.02527,5.02544,0.040041,-0.050847,0.0186667,0,0,0
1780639878246161,2.94425,0.0190883,-0.037048,0.0255127,0,0,-5,0.0190883,-0.037048,5.02551,5.02569,0.041035,-0.0498863,0.0196225,0,0,0
1780639878262161,2.96025,0.0192678,-0.0371074,0.0256958,0,0,-5,0.0192678,-0.0371074,5.0257,5.02587,0.0407422,-0.0507265,0.018399,0,0,0
1780639878286161,2.98425,0.0195908,-0.0372997,0.0259399,0,0,-5,0.0195908,-0.0372997,5.02594,5.02612,0.0422561,-0.0508088,0.01772,0,0,0
1780639878302161,3.00025,0.0198564,-0.0374793,0.0260925,0,0,-5,0.0198564,-0.0374793,5.02609,5.02627,0.0434961,-0.0511862,0.0179419,0,0,0
1780639878326161,3.02425,0.020304,-0.0378171,0.0263672,0,0,-5,0.020304,-0.0378171,5.02637,5.02655,0.0438666,-0.0507988,0.0200421,0,0,0
1780639878342161,3.04024,0.0206344,-0.0380991,0.0265503,0,0,-5,0.0206344,-0.0380991,5.02655,5.02674,0.0440784,-0.0521652,0.0190987,0,0,0
1780639878358161,3.05624,0.0209829,-0.0384276,0.0267639,0,0,-5,0.0209829,-0.0384276,5.02676,5.02695,0.0441035,-0.0520824,0.0184657,0,0,0
1780639878382161,3.08024,0.0215299,-0.0389671,0.0270386,0,0,-5,0.0215299,-0.0389671,5.02704,5.02724,0.0437883,-0.0520235,0.0178393,0,0,0
1780639878406161,3.10424,0.0211931,-0.0384426,0.026947,0,0,-5,0.0211931,-0.0384426,5.02695,5.02714,0.0442041,-0.0521191,0.0179947,0,0,0
1780639878422161,3.12024,0.0207106,-0.0378096,0.0267944,0,0,-5,0.0207106,-0.0378096,5.02679,5.02698,0.0427147,-0.0513923,0.0184691,0,0,0
1780639878446161,3.14424,0.0200577,-0.0369758,0.0266113,0,0,-5,0.0200577,-0.0369758,5.02661,5.02679,0.0415723,-0.0501513,0.0193482,0,0,0
1780639878462161,3.16024,0.0196699,-0.0365026,0.0265198,0,0,-5,0.0196699,-0.0365026,5.02652,5.02669,0.040363,-0.0499701,0.0197381,0,0,0
1780639878486161,3.18424,0.0191719,-0.0359118,0.0264587,0,0,-5,0.0191719,-0.0359118,5.02646,5.02662,0.040177,-0.0482176,0.0189245,0,0,0
1780639878502161,3.20024,0.0188855,-0.0355713,0.0263977,0,0,-5,0.0188855,-0.0355713,5.0264,5.02656,0.0397418,-0.0474331,0.0180996,0,0,0
1780639878526161,3.22424,0.0185524,-0.0351849,0.0263367,0,0,-5,0.0185524,-0.0351849,5.02634,5.02649,0.0400702,-0.0487295,0.0173918,0,0,0
1780639878542161,3.24024,0.0183812,-0.0350118,0.0263367,0,0,-5,0.0183812,-0.0350118,5.02634,5.02649,0.0407813,-0.0489619,0.0183113,0,0,0
1780639878566161,3.26424,0.0182031,-0.034836,0.0263367,0,0,-5,0.0182031,-0.034836,5.02634,5.02649,0.0409348,-0.0483065,0.0177089,0,0,0
1780639878582161,3.28024,0.0181314,-0.0347839,0.0263367,0,0,-5,0.0181314,-0.0347839,5.02634,5.02649,0.0415475,-0.0487359,0.0182746,0,0,0
1780639878606161,3.30424,0.0181079,-0.0348121,0.0263977,0,0,-5,0.0181079,-0.0348121,5.0264,5.02655,0.0418976,-0.050445,0.0177445,0,0,0
1780639878622161,3.32024,0.0181274,-0.0349117,0.0264587,0,0,-5,0.0181274,-0.0349117,5.02646,5.02661,0.0408206,-0.0511801,0.0172016,0,0,0
1780639878646161,3.34424,0.0181863,-0.0351322,0.0265198,0,0,-5,0.0181863,-0.0351322,5.02652,5.02668,0.0400876,-0.0499605,0.0159458,0,0,0
1780639878662161,3.36024,0.0182492,-0.03532,0.0265503,0,0,-5,0.0182492,-0.03532,5.02655,5.02671,0.0397229,-0.0493924,0.0149403,0,0,0
1780639878686161,3.38424,0.0184148,-0.0356503,0.0266113,0,0,-5,0.0184148,-0.0356503,5.02661,5.02677,0.0421195,-0.0484228,0.0150519,0,0,0
1780639878702161,3.40024,0.0185862,-0.0359099,0.0266724,0,0,-5,0.0185862,-0.0359099,5.02667,5.02683,0.0425048,-0.048399,0.0150299,0,0,0
1780639878718161,3.41624,0.0187833,-0.0361955,0.0267639,0,0,-5,0.0187833,-0.0361955,5.02676,5.02693,0.0426901,-0.048159,0.0151868,0,0,0
1780639878742161,3.44024,0.0191408,-0.0366885,0.026886,0,0,-5,0.0191408,-0.0366885,5.02689,5.02706,0.0439156,-0.0480911,0.0146476,0,0,0
1780639878766161,3.46425,0.0195712,-0.037247,0.0270081,0,0,-5,0.0195712,-0.037247,5.02701,5.02718,0.0448041,-0.0487203,0.0144648,0,0,0
1780639878782161,3.48025,0.0198962,-0.0376636,0.0271301,0,0,-5,0.0198962,-0.0376636,5.02713,5.02731,0.0454135,-0.0491305,0.0141895,0,0,0
1780639878806161,3.50425,0.019686,-0.037237,0.0270386,0,0,-5,0.019686,-0.037237,5.02704,5.02722,0.0459603,-0.0492509,0.0151516,0,0,0
1780639878822161,3.52024,0.0193788,-0.0366544,0.0269165,0,0,-5,0.0193788,-0.0366544,5.02692,5.02709,0.0464468,-0.0480564,0.014242,0,0,0
1780639878846161,3.54424,0.0190247,-0.035914,0.0267639,0,0,-5,0.0190247,-0.035914,5.02676,5.02693,0.0472362,-0.0480256,0.0136257,0,0,0
1780639878862161,3.56024,0.0188568,-0.0354969,0.0266418,0,0,-5,0.0188568,-0.0354969,5.02664,5.0268,0.0473485,-0.047868,0.0126268,0,0,0
1780639878878161,3.57624,0.0187223,-0.0351353,0.0265503,0,0,-5,0.0187223,-0.0351353,5.02655,5.02671,0.0464889,-0.0466502,0.0135421,0,0,0
1780639878902161,3.60024,0.0185669,-0.0347025,0.0264893,0,0,-5,0.0185669,-0.0347025,5.02649,5.02664,0.0438605,-0.0469716,0.0143458,0,0,0
1780639878926161,3.62424,0.0184515,-0.0343832,0.0264282,0,0,-5,0.0184515,-0.0343832,5.02643,5.02658,0.0432466,-0.046352,0.0140486,0,0,0
1780639878942161,3.64024,0.0184172,-0.0342259,0.0264282,0,0,-5,0.0184172,-0.0342259,5.02643,5.02658,0.0439045,-0.0452729,0.0147576,0,0,0
1780639878966161,3.66424,0.0184695,-0.0340738,0.0264587,0,0,-5,0.0184695,-0.0340738,5.02646,5.02661,0.0458996,-0.0459047,0.0147419,0,0,0
1780639878982161,3.68024,0.0185592,-0.0340447,0.0264893,0,0,-5,0.0185592,-0.0340447,5.02649,5.02664,0.0457323,-0.0463394,0.0157862,0,0,0
1780639879006161,3.70424,0.018766,-0.0341025,0.0265808,0,0,-5,0.018766,-0.0341025,5.02658,5.02673,0.0478248,-0.0473367,0.0150283,0,0,0
1780639879022161,3.72024,0.018953,-0.0341963,0.0266113,0,0,-5,0.018953,-0.0341963,5.02661,5.02676,0.0481614,-0.0473203,0.014517,0,0,0
1780639879046161,3.74424,0.0192945,-0.0344009,0.0267029,0,0,-5,0.0192945,-0.0344009,5.0267,5.02686,0.048506,-0.0464679,0.0142963,0,0,0
1780639879062161,3.76024,0.0195612,-0.0345993,0.0267334,0,0,-5,0.0195612,-0.0345993,5.02673,5.02689,0.0484924,-0.04868,0.013835,0,0,0
1780639879086161,3.78424,0.019982,-0.0349809,0.026825,0,0,-5,0.019982,-0.0349809,5.02682,5.02699,0.0474118,-0.0486192,0.0135445,0,0,0
1780639879102161,3.80024,0.0202866,-0.0352733,0.026886,0,0,-5,0.0202866,-0.0352733,5.02689,5.02705,0.0481354,-0.0486549,0.0129095,0,0,0
1780639879126161,3.82424,0.0207956,-0.0357682,0.026947,0,0,-5,0.0207956,-0.0357682,5.02695,5.02712,0.0472793,-0.0488984,0.0135217,0,0,0
1780639879142161,3.84024,0.0211453,-0.0361457,0.0269775,0,0,-5,0.0211453,-0.0361457,5.02698,5.02715,0.0469191,-0.0494029,0.0135528,0,0,0
1780639879158161,3.85624,0.0215178,-0.0365588,0.0270386,0,0,-5,0.0215178,-0.0365588,5.02704,5.02722,0.0478002,-0.0492555,0.0129179,0,0,0
1780639879182247,3.88033,0.0221231,-0.0372229,0.0271301,0,0,-5,0.0221231,-0.0372229,5.02713,5.02732,0.0478807,-0.0493008,0.0129882,0,0,0
1780639879206247,3.90433,0.0216916,-0.0370037,0.0270081,0,0,-5,0.0216916,-0.0370037,5.02701,5.02719,0.0475194,-0.0475559,0.0125765,0,0,0
1780639879222247,3.92033,0.0210966,-0.0366013,0.026886,0,0,-5,0.0210966,-0.0366013,5.02689,5.02706,0.0473088,-0.0460477,0.0125278,0,0,0
1780639879246247,3.94433,0.0203434,-0.0360904,0.0267334,0,0,-5,0.0203434,-0.0360904,5.02673,5.0269,0.0475853,-0.0453719,0.0121782,0,0,0
1780639879262247,3.96033,0.0199211,-0.0358099,0.0266418,0,0,-5,0.0199211,-0.0358099,5.02664,5.02681,0.0479804,-0.0443732,0.0129844,0,0,0
1780639879286247,3.98433,0.019397,-0.03549,0.0265503,0,0,-5,0.019397,-0.03549,5.02655,5.02671,0.0485185,-0.0443899,0.0137223,0,0,0
1780639879302247,4.00033,0.0191243,-0.0353324,0.0265198,0,0,-5,0.0191243,-0.0353324,5.02652,5.02668,0.0492093,-0.0434506,0.0134131,0,0,0
1780639879326247,4.02433,0.0188312,-0.0351615,0.0264587,0,0,-5,0.0188312,-0.0351615,5.02646,5.02662,0.0497019,-0.042297,0.0138386,0,0,0
1780639879342247,4.04033,0.018687,-0.0350861,0.0264587,0,0,-5,0.018687,-0.0350861,5.02646,5.02662,0.0489174,-0.041202,0.0150762,0,0,0
1780639879366247,4.06433,0.0185268,-0.0350367,0.0264587,0,0,-5,0.0185268,-0.0350367,5.02646,5.02661,0.0483758,-0.0407514,0.0140672,0,0,0
1780639879382247,4.08033,0.01847,-0.0350474,0.0264587,0,0,-5,0.01847,-0.0350474,5.02646,5.02661,0.0487111,-0.0401773,0.0148853,0,0,0
1780639879406247,4.10433,0.0184624,-0.0351081,0.0265198,0,0,-5,0.0184624,-0.0351081,5.02652,5.02668,0.0480188,-0.0389869,0.01444,0,0,0
1780639879422247,4.12033,0.0184881,-0.0351913,0.0265808,0,0,-5,0.0184881,-0.0351913,5.02658,5.02674,0.0475547,-0.0387193,0.0143151,0,0,0
1780639879446247,4.14433,0.0185727,-0.0353718,0.0266724,0,0,-5,0.0185727,-0.0353718,5.02667,5.02683,0.0469056,-0.0382177,0.0148044,0,0,0
1780639879462247,4.16033,0.0186638,-0.0355368,0.0267639,0,0,-5,0.0186638,-0.0355368,5.02676,5.02692,0.0470057,-0.0389783,0.0157902,0,0,0
1780639879486247,4.18433,0.0188849,-0.0358347,0.0269165,0,0,-5,0.0188849,-0.0358347,5.02692,5.02708,0.0476034,-0.0387259,0.0154484,0,0,0
1780639879502247,4.20033,0.019054,-0.0360748,0.0270386,0,0,-5,0.019054,-0.0360748,5.02704,5.0272,0.0472566,-0.0389149,0.0154882,0,0,0
1780639879526247,4.22433,0.0193453,-0.036495,0.0272217,0,0,-5,0.0193453,-0.036495,5.02722,5.02739,0.0460888,-0.0392478,0.0139379,0,0,0
1780639879542247,4.24033,0.0195631,-0.0367921,0.0273132,0,0,-5,0.0195631,-0.0367921,5.02731,5.02749,0.045389,-0.0379478,0.0135991,0,0,0
1780639879566247,4.26433,0.0199214,-0.0372671,0.0274963,0,0,-5,0.0199214,-0.0372671,5.0275,5.02767,0.0447822,-0.0375321,0.0129691,0,0,0
1780639879582247,4.28033,0.0201774,-0.0376048,0.0276184,0,0,-5,0.0201774,-0.0376048,5.02762,5.0278,0.0437025,-0.0371022,0.0131615,0,0,0
1780639879606247,4.30433,0.0198998,-0.0372866,0.0275574,0,0,-5,0.0198998,-0.0372866,5.02756,5.02774,0.0424516,-0.0361786,0.013567,0,0,0
1780639879622247,4.32033,0.0195389,-0.0368277,0.0274353,0,0,-5,0.0195389,-0.0368277,5.02744,5.02761,0.0427566,-0.0342534,0.0130581,0,0,0
1780639879646247,4.34433,0.0190988,-0.0362298,0.0272217,0,0,-5,0.0190988,-0.0362298,5.02722,5.02739,0.0430128,-0.0339391,0.0119474,0,0,0
1780639879662247,4.36033,0.0188583,-0.0358999,0.0271301,0,0,-5,0.0188583,-0.0358999,5.02713,5.02729,0.0414383,-0.0339148,0.0119805,0,0,0
1780639879686247,4.38433,0.0185618,-0.0354871,0.0270081,0,0,-5,0.0185618,-0.0354871,5.02701,5.02717,0.0413279,-0.0329486,0.0110323,0,0,0
1780639879702247,4.40033,0.0184168,-0.0352505,0.0269165,0,0,-5,0.0184168,-0.0352505,5.02692,5.02707,0.0414413,-0.0320067,0.0111218,0,0,0
1780639879726247,4.42433,0.0182643,-0.0349413,0.0267944,0,0,-5,0.0182643,-0.0349413,5.02679,5.02695,0.0411106,-0.0302476,0.00998961,0,0,0
1780639879742247,4.44033,0.0182131,-0.034777,0.0267334,0,0,-5,0.0182131,-0.034777,5.02673,5.02689,0.0417027,-0.0298821,0.0104509,0,0,0
1780639879766247,4.46433,0.0182195,-0.0345754,0.0266418,0,0,-5,0.0182195,-0.0345754,5.02664,5.02679,0.0423374,-0.028419,0.00909987,0,0,0
1780639879782247,4.48033,0.018265,-0.0344672,0.0265808,0,0,-5,0.018265,-0.0344672,5.02658,5.02673,0.0418519,-0.0276365,0.0087225,0,0,0
1780639879806247,4.50433,0.0183703,-0.0343397,0.0265198,0,0,-5,0.0183703,-0.0343397,5.02652,5.02667,0.04215,-0.0268343,0.0117547,0,0,0
1780639879822247,4.52033,0.018493,-0.0342862,0.0265198,0,0,-5,0.018493,-0.0342862,5.02652,5.02667,0.0422239,-0.0259736,0.011807,0,0,0
1780639879846247,4.54433,0.0187296,-0.034243,0.0265503,0,0,-5,0.0187296,-0.034243,5.02655,5.0267,0.042388,-0.0256731,0.0117558,0,0,0
1780639879862247,4.56033,0.0189198,-0.0342588,0.0265808,0,0,-5,0.0189198,-0.0342588,5.02658,5.02673,0.0425265,-0.0265762,0.0114252,0,0,0
1780639879886247,4.58433,0.0192628,-0.0343332,0.0265808,0,0,-5,0.0192628,-0.0343332,5.02658,5.02673,0.0430647,-0.0252182,0.0112157,0,0,0
1780639879902247,4.60033,0.019523,-0.0343976,0.0266113,0,0,-5,0.019523,-0.0343976,5.02661,5.02677,0.0427455,-0.0251212,0.012201,0,0,0
1780639879926247,4.62433,0.0199788,-0.0345573,0.0266724,0,0,-5,0.0199788,-0.0345573,5.02667,5.02683,0.0446498,-0.0255862,0.0123833,0,0,0
1780639879942247,4.64033,0.0203284,-0.0346877,0.0267334,0,0,-5,0.0203284,-0.0346877,5.02673,5.02689,0.0443268,-0.0249141,0.0122,0,0,0
1780639879966247,4.66433,0.020899,-0.0349056,0.0267334,0,0,-5,0.020899,-0.0349056,5.02673,5.0269,0.0454521,-0.0245778,0.0115706,0,0,0
1780639879982247,4.68033,0.0213224,-0.035065,0.0267639,0,0,-5,0.0213224,-0.035065,5.02676,5.02693,0.0462227,-0.0233778,0.0111826,0,0,0
1780639880006247,4.70433,0.0211638,-0.0345713,0.0264587,0,0,-5,0.0211638,-0.0345713,5.02646,5.02662,0.045661,-0.0245077,0.0104437,0,0,0
1780639880022247,4.72033,0.0208269,-0.0340654,0.026123,0,0,-5,0.0208269,-0.0340654,5.02612,5.02628,0.0457916,-0.0250928,0.00999617,0,0,0
1780639880046247,4.74433,0.0204397,-0.0334086,0.0256653,0,0,-5,0.0204397,-0.0334086,5.02567,5.02582,0.0470287,-0.0241128,0.00856121,0,0,0
1780639880062247,4.76033,0.0202423,-0.0330163,0.0253906,0,0,-5,0.0202423,-0.0330163,5.02539,5.02554,0.0454143,-0.0233629,0.00780228,0,0,0
1780639880086247,4.78433,0.020024,-0.0325141,0.0249939,0,0,-5,0.020024,-0.0325141,5.02499,5.02514,0.0461603,-0.0243775,0.00804199,0,0,0
1780639880102247,4.80033,0.0199383,-0.0322413,0.0247803,0,0,-5,0.0199383,-0.0322413,5.02478,5.02492,0.045914,-0.0241271,0.00951676,0,0,0
1780639880126247,4.82433,0.0199097,-0.0318979,0.0245056,0,0,-5,0.0199097,-0.0318979,5.02451,5.02465,0.0485829,-0.0242611,0.00991854,0,0,0
1780639880142247,4.84033,0.0199642,-0.031727,0.024353,0,0,-5,0.0199642,-0.031727,5.02435,5.02449,0.0488364,-0.0240524,0.0104178,0,0,0
1780639880166247,4.86433,0.0201176,-0.0315127,0.0241699,0,0,-5,0.0201176,-0.0315127,5.02417,5.02431,0.0490605,-0.0232197,0.0106787,0,0,0
1780639880182331,4.88042,0.0202596,-0.0313878,0.0240784,0,0,-5,0.0202596,-0.0313878,5.02408,5.02422,0.0485055,-0.0214509,0.0102357,0,0,0
1780639880206331,4.90442,0.0205431,-0.0312284,0.0239563,0,0,-5,0.0205431,-0.0312284,5.02396,5.0241,0.0495718,-0.0210724,0.011121,0,0,0
1780639880222331,4.92042,0.0207768,-0.0311583,0.0238953,0,0,-5,0.0207768,-0.0311583,5.0239,5.02403,0.0496781,-0.020692,0.0122068,0,0,0
1780639880238331,4.93642,0.0210427,-0.0311126,0.0238647,0,0,-5,0.0210427,-0.0311126,5.02386,5.02401,0.050178,-0.0210336,0.0120779,0,0,0
1780639880262331,4.96041,0.0215263,-0.0311097,0.0238647,0,0,-5,0.0215263,-0.0311097,5.02386,5.02401,0.0514652,-0.020789,0.0114997,0,0,0
1780639880278331,4.97641,0.0218934,-0.0311243,0.0238647,0,0,-5,0.0218934,-0.0311243,5.02386,5.02401,0.0519084,-0.0199013,0.0114636,0,0,0
1780639880302331,5.00041,0.0224953,-0.0311777,0.0238647,0,0,-5,0.0224953,-0.0311777,5.02386,5.02401,0.0521236,-0.0196615,0.0115485,0,0,0
1780639880318331,5.01641,0.0229323,-0.0312341,0.0238953,0,0,-5,0.0229323,-0.0312341,5.0239,5.02404,0.0522665,-0.0189864,0.0119878,0,0,0
1780639880342331,5.04041,0.0236145,-0.0313559,0.0239563,0,0,-5,0.0236145,-0.0313559,5.02396,5.02411,0.0510802,-0.0198552,0.0114992,0,0,0
1780639880366331,5.06441,0.0243388,-0.0315414,0.0240173,0,0,-5,0.0243388,-0.0315414,5.02402,5.02418,0.0519708,-0.0198061,0.0119091,0,0,0
1780639880382331,5.08041,0.0248612,-0.0316776,0.0241089,0,0,-5,0.0248612,-0.0316776,5.02411,5.02427,0.0528905,-0.019859,0.0126926,0,0,0
1780639880406331,5.10441,0.0248757,-0.0312494,0.0240784,0,0,-5,0.0248757,-0.0312494,5.02408,5.02424,0.0546884,-0.0201707,0.0130265,0,0,0
1780639880422331,5.12041,0.0246819,-0.0307802,0.0240173,0,0,-5,0.0246819,-0.0307802,5.02402,5.02417,0.0544301,-0.0182337,0.0125378,0,0,0
1780639880438331,5.13641,0.0245378,-0.0303279,0.0239563,0,0,-5,0.0245378,-0.0303279,5.02396,5.02411,0.0544107,-0.0168189,0.0117867,0,0,0
1780639880462331,5.16041,0.0244182,-0.0297289,0.0238953,0,0,-5,0.0244182,-0.0297289,5.0239,5.02404,0.0542104,-0.0178007,0.011529,0,0,0
1780639880486331,5.18441,0.0244172,-0.0292407,0.0238647,0,0,-5,0.0244172,-0.0292407,5.02386,5.02401,0.0553316,-0.0182285,0.0138167,0,0,0
1780639880502331,5.20041,0.0244707,-0.0289545,0.0238647,0,0,-5,0.0244707,-0.0289545,5.02386,5.02401,0.0546143,-0.0171851,0.0131777,0,0,0
1780639880518331,5.21641,0.0245673,-0.0286869,0.0238647,0,0,-5,0.0245673,-0.0286869,5.02386,5.02401,0.0550575,-0.0162982,0.0129546,0,0,0
1780639880542331,5.24041,0.0247985,-0.028329,0.0238342,0,0,-5,0.0247985,-0.028329,5.02383,5.02398,0.0559362,-0.0152937,0.0133073,0,0,0
1780639880566331,5.26441,0.0250944,-0.0280356,0.0238647,0,0,-5,0.0250944,-0.0280356,5.02386,5.02401,0.0545924,-0.0164531,0.0116023,0,0,0
1780639880582331,5.28041,0.0253289,-0.0278849,0.0238647,0,0,-5,0.0253289,-0.0278849,5.02386,5.02401,0.0543122,-0.0160402,0.0114608,0,0,0
1780639880606331,5.30441,0.0257478,-0.0277067,0.0238953,0,0,-5,0.0257478,-0.0277067,5.0239,5.02404,0.0543648,-0.0164697,0.0114607,0,0,0
1780639880622331,5.32041,0.0260599,-0.0276237,0.0239258,0,0,-5,0.0260599,-0.0276237,5.02393,5.02407,0.053955,-0.0161676,0.0104727,0,0,0
1780639880646331,5.34441,0.0265773,-0.0275336,0.0239563,0,0,-5,0.0265773,-0.0275336,5.02396,5.0241,0.0541401,-0.0156215,0.0121267,0,0,0
1780639880662331,5.36041,0.0269695,-0.0274984,0.0240173,0,0,-5,0.0269695,-0.0274984,5.02402,5.02416,0.054756,-0.0156768,0.0123257,0,0,0
1780639880686331,5.38441,0.0276141,-0.0275065,0.0241394,0,0,-5,0.0276141,-0.0275065,5.02414,5.02429,0.0560531,-0.0168958,0.0142,0,0,0
1780639880702331,5.40041,0.0281062,-0.0275632,0.024231,0,0,-5,0.0281062,-0.0275632,5.02423,5.02439,0.057937,-0.0188683,0.0142933,0,0,0
1780639880726331,5.42441,0.0289385,-0.0277025,0.0243835,0,0,-5,0.0289385,-0.0277025,5.02438,5.02454,0.0601842,-0.018106,0.0145468,0,0,0
1780639880742331,5.44041,0.0295494,-0.027803,0.0244751,0,0,-5,0.0295494,-0.027803,5.02448,5.02464,0.0611661,-0.0177645,0.0138942,0,0,0
1780639880766331,5.46441,0.0305069,-0.027988,0.0246582,0,0,-5,0.0305069,-0.027988,5.02466,5.02483,0.0607838,-0.01782,0.0132945,0,0,0
1780639880782331,5.48041,0.0311746,-0.028136,0.0247498,0,0,-5,0.0311746,-0.028136,5.02475,5.02493,0.0619846,-0.0183104,0.0127924,0,0,0
1780639880806331,5.50441,0.0311077,-0.0276724,0.0246582,0,0,-5,0.0311077,-0.0276724,5.02466,5.02483,0.0616684,-0.0190918,0.0122155,0,0,0
1780639880822331,5.52041,0.0307635,-0.0271758,0.0245667,0,0,-5,0.0307635,-0.0271758,5.02457,5.02473,0.0613679,-0.0193284,0.0120873,0,0,0
1780639880846331,5.54441,0.0303485,-0.0265351,0.0244141,0,0,-5,0.0303485,-0.0265351,5.02441,5.02458,0.0608567,-0.0197526,0.0106386,0,0,0
1780639880862331,5.56041,0.0301611,-0.0261697,0.024353,0,0,-5,0.0301611,-0.0261697,5.02435,5.02451,0.0616299,-0.0207582,0.011661,0,0,0
1780639880886331,5.58441,0.0299881,-0.0257123,0.024231,0,0,-5,0.0299881,-0.0257123,5.02423,5.02439,0.0611833,-0.0217191,0.0105115,0,0,0
1780639880902331,5.60041,0.0299445,-0.025472,0.0241699,0,0,-5,0.0299445,-0.025472,5.02417,5.02432,0.0621577,-0.021875,0.010157,0,0,0
1780639880926331,5.62441,0.0299904,-0.0251742,0.0240784,0,0,-5,0.0299904,-0.0251742,5.02408,5.02423,0.0628001,-0.0216355,0.00784978,0,0,0
1780639880942331,5.64041,0.0300921,-0.0250121,0.0239868,0,0,-5,0.0300921,-0.0250121,5.02399,5.02414,0.0629257,-0.0212173,0.00763198,0,0,0
1780639880958331,5.65641,0.0302378,-0.0248715,0.0239258,0,0,-5,0.0302378,-0.0248715,5.02393,5.02408,0.0631986,-0.0210234,0.00777737,0,0,0
1780639880982331,5.68041,0.0305039,-0.0247114,0.0238342,0,0,-5,0.0305039,-0.0247114,5.02383,5.02399,0.0611735,-0.0211215,0.00687281,0,0,0
1780639881006331,5.70442,0.0308436,-0.0246205,0.0237732,0,0,-5,0.0308436,-0.0246205,5.02377,5.02393,0.0619719,-0.0213057,0.00761335,0,0,0
1780639881022331,5.72042,0.0311356,-0.0245872,0.0237427,0,0,-5,0.0311356,-0.0245872,5.02374,5.0239,0.0622701,-0.0203411,0.00747791,0,0,0
1780639881046331,5.74442,0.0316224,-0.0245436,0.0237122,0,0,-5,0.0316224,-0.0245436,5.02371,5.02387,0.0629419,-0.0180972,0.00720862,0,0,0
1780639881062331,5.76042,0.0320046,-0.0245229,0.0237122,0,0,-5,0.0320046,-0.0245229,5.02371,5.02387,0.0634727,-0.0179796,0.00756536,0,0,0
1780639881086331,5.78442,0.0326508,-0.0245309,0.0237122,0,0,-5,0.0326508,-0.0245309,5.02371,5.02388,0.0632565,-0.0177357,0.00733495,0,0,0
1780639881102331,5.80042,0.0331189,-0.0245638,0.0237122,0,0,-5,0.0331189,-0.0245638,5.02371,5.02388,0.0642354,-0.0189349,0.00820152,0,0,0
1780639881126331,5.82442,0.033925,-0.0246808,0.0237122,0,0,-5,0.033925,-0.0246808,5.02371,5.02389,0.0667606,-0.0192602,0.00688387,0,0,0
1780639881142331,5.84042,0.0345171,-0.0247694,0.0237122,0,0,-5,0.0345171,-0.0247694,5.02371,5.02389,0.0666916,-0.0184859,0.00753916,0,0,0
1780639881166331,5.86442,0.035455,-0.0249261,0.0237427,0,0,-5,0.035455,-0.0249261,5.02374,5.02393,0.067511,-0.0178165,0.00700928,0,0,0
1780639881182331,5.88042,0.0361307,-0.0250407,0.0237732,0,0,-5,0.0361307,-0.0250407,5.02377,5.02397,0.0678096,-0.0176458,0.00802415,0,0,0
1780639881206416,5.9045,0.0357208,-0.0246722,0.0238342,0,0,-5,0.0357208,-0.0246722,5.02383,5.02402,0.0671985,-0.0166445,0.00794588,0,0,0
1780639881222416,5.9205,0.0350665,-0.0242682,0.0238953,0,0,-5,0.0350665,-0.0242682,5.0239,5.02408,0.0678344,-0.01581,0.00713436,0,0,0
1780639881246416,5.9445,0.0342296,-0.0237345,0.0239563,0,0,-5,0.0342296,-0.0237345,5.02396,5.02413,0.0667643,-0.0162168,0.00705236,0,0,0
1780639881262416,5.9605,0.0337631,-0.0234188,0.0240173,0,0,-5,0.0337631,-0.0234188,5.02402,5.02419,0.0661834,-0.0151417,0.00762674,0,0,0
1780639881286416,5.9845,0.0331975,-0.0229907,0.0241394,0,0,-5,0.0331975,-0.0229907,5.02414,5.0243,0.0656412,-0.0147579,0.00881107,0,0,0
1780639881302416,6.0005,0.0328925,-0.0227531,0.024231,0,0,-5,0.0328925,-0.0227531,5.02423,5.02439,0.0649078,-0.0158452,0.00968827,0,0,0
1780639881326416,6.0245,0.0325467,-0.0224889,0.0243835,0,0,-5,0.0325467,-0.0224889,5.02438,5.02454,0.0639562,-0.0169147,0.0105696,0,0,0
1780639881342416,6.0405,0.0323879,-0.0223504,0.0244751,0,0,-5,0.0323879,-0.0223504,5.02448,5.02463,0.0639004,-0.0169241,0.0113138,0,0,0
1780639881366416,6.0645,0.0322594,-0.0221911,0.0246277,0,0,-5,0.0322594,-0.0221911,5.02463,5.02478,0.0637299,-0.0161167,0.0107233,0,0,0
1780639881382416,6.0805,0.0322381,-0.0220836,0.0247192,0,0,-5,0.0322381,-0.0220836,5.02472,5.02487,0.063708,-0.0142465,0.00987517,0,0,0
1780639881398416,6.0965,0.0322646,-0.0219918,0.0248108,0,0,-5,0.0322646,-0.0219918,5.02481,5.02496,0.063807,-0.0148356,0.00957941,0,0,0
1780639881422416,6.1205,0.032405,-0.0218924,0.0249634,0,0,-5,0.032405,-0.0218924,5.02496,5.02512,0.0641619,-0.0141184,0.00902973,0,0,0
1780639881446416,6.1445,0.0326566,-0.021841,0.0250854,0,0,-5,0.0326566,-0.021841,5.02509,5.02524,0.0645088,-0.0157122,0.00824676,0,0,0
1780639881462416,6.1605,0.0329006,-0.0218678,0.025177,0,0,-5,0.0329006,-0.0218678,5.02518,5.02533,0.0653747,-0.0169637,0.00750577,0,0,0
1780639881486416,6.1845,0.0333474,-0.0219719,0.0252686,0,0,-5,0.0333474,-0.0219719,5.02527,5.02543,0.0655415,-0.0187404,0.00685046,0,0,0
1780639881502416,6.2005,0.033709,-0.0220789,0.0253296,0,0,-5,0.033709,-0.0220789,5.02533,5.02549,0.067011,-0.0182411,0.00789898,0,0,0
1780639881526416,6.2245,0.0343489,-0.0222591,0.0254517,0,0,-5,0.0343489,-0.0222591,5.02545,5.02562,0.0669597,-0.0186926,0.00876863,0,0,0
1780639881542416,6.2405,0.0348088,-0.0224105,0.0255432,0,0,-5,0.0348088,-0.0224105,5.02554,5.02571,0.0664653,-0.0190604,0.0083433,0,0,0
1780639881566416,6.2645,0.0355824,-0.022665,0.0257263,0,0,-5,0.0355824,-0.022665,5.02573,5.0259,0.066961,-0.0195358,0.00952228,0,0,0
1780639881582416,6.2805,0.0361456,-0.0228605,0.0258484,0,0,-5,0.0361456,-0.0228605,5.02585,5.02603,0.0687484,-0.0197329,0.00971792,0,0,0
1780639881598416,6.2965,0.0360132,-0.022815,0.0258789,0,0,-5,0.0360132,-0.022815,5.02588,5.02606,0.0685966,-0.0203946,0.00984162,0,0,0
1780639881622416,6.3205,0.0348544,-0.0224236,0.0258179,0,0,-5,0.0348544,-0.0224236,5.02582,5.02599,0.0691635,-0.0193063,0.00962472,0,0,0
1780639881646416,6.3445,0.0339261,-0.0221061,0.0257874,0,0,-5,0.0339261,-0.0221061,5.02579,5.02595,0.0701103,-0.019868,0.0102114,0,0,0
1780639881662416,6.3605,0.033424,-0.0219417,0.0257874,0,0,-5,0.033424,-0.0219417,5.02579,5.02595,0.069583,-0.0206697,0.0101455,0,0,0
1780639881686416,6.3845,0.0328131,-0.0217697,0.0258179,0,0,-5,0.0328131,-0.0217697,5.02582,5.02597,0.0687435,-0.0201784,0.0108215,0,0,0
1780639881702416,6.4005,0.0324923,-0.0216789,0.0258789,0,0,-5,0.0324923,-0.0216789,5.02588,5.02603,0.0688556,-0.0199485,0.0118515,0,0,0
1780639881718416,6.4165,0.0322478,-0.0216129,0.0259094,0,0,-5,0.0322478,-0.0216129,5.02591,5.02606,0.0689934,-0.0200301,0.0118736,0,0,0
1780639881742416,6.4405,0.03199,-0.0215455,0.026062,0,0,-5,0.03199,-0.0215455,5.02606,5.02621,0.0682571,-0.0186827,0.0139211,0,0,0
1780639881766416,6.4645,0.0318914,-0.0214944,0.0262146,0,0,-5,0.0318914,-0.0214944,5.02621,5.02636,0.0688582,-0.0177055,0.0139803,0,0,0
1780639881782416,6.4805,0.0318878,-0.0214865,0.0263367,0,0,-5,0.0318878,-0.0214865,5.02634,5.02648,0.067678,-0.0181959,0.0135928,0,0,0
1780639881806416,6.5045,0.0319666,-0.0215351,0.0265198,0,0,-5,0.0319666,-0.0215351,5.02652,5.02667,0.0677342,-0.0188617,0.0120738,0,0,0
1780639881822416,6.5205,0.0320706,-0.0215995,0.0266418,0,0,-5,0.0320706,-0.0215995,5.02664,5.02679,0.0663222,-0.0191535,0.0128514,0,0,0
1780639881846416,6.5445,0.0323083,-0.0217157,0.026825,0,0,-5,0.0323083,-0.0217157,5.02682,5.02698,0.0666059,-0.0180067,0.0116403,0,0,0
1780639881862416,6.5605,0.0325381,-0.0218112,0.026947,0,0,-5,0.0325381,-0.0218112,5.02695,5.0271,0.0675196,-0.0186301,0.0118923,0,0,0
1780639881886416,6.5845,0.0329762,-0.0219884,0.0271301,0,0,-5,0.0329762,-0.0219884,5.02713,5.02729,0.0668245,-0.0183056,0.0112387,0,0,0
1780639881902416,6.6005,0.0333304,-0.0221305,0.0272522,0,0,-5,0.0333304,-0.0221305,5.02725,5.02741,0.0685174,-0.0196376,0.0107878,0,0,0
1780639881926416,6.6245,0.0339642,-0.0223891,0.0274048,0,0,-5,0.0339642,-0.0223891,5.0274,5.02757,0.0683025,-0.0195867,0.00939424,0,0,0
1780639881942416,6.6405,0.0344247,-0.0225729,0.0274658,0,0,-5,0.0344247,-0.0225729,5.02747,5.02763,0.0678879,-0.0194632,0.00896748,0,0,0
1780639881966416,6.6645,0.0351663,-0.0228914,0.0275574,0,0,-5,0.0351663,-0.0228914,5.02756,5.02773,0.0675494,-0.0208181,0.00793968,0,0,0
1780639881982416,6.6805,0.0356972,-0.0231374,0.0275879,0,0,-5,0.0356972,-0.0231374,5.02759,5.02777,0.0677016,-0.0205932,0.00668889,0,0,0
1780639882006416,6.7045,0.0354085,-0.0229578,0.0276184,0,0,-5,0.0354085,-0.0229578,5.02762,5.0278,0.0678618,-0.0196508,0.0069752,0,0,0
1780639882022416,6.7205,0.0349067,-0.0226774,0.0276489,0,0,-5,0.0349067,-0.0226774,5.02765,5.02782,0.0667582,-0.0189391,0.00754679,0,0,0
1780639882046416,6.7445,0.0343034,-0.0223088,0.0276794,0,0,-5,0.0343034,-0.0223088,5.02768,5.02785,0.0674257,-0.0182867,0.00738188,0,0,0
1780639882062416,6.7605,0.0340069,-0.0221036,0.02771,0,0,-5,0.0340069,-0.0221036,5.02771,5.02787,0.0676976,-0.0189747,0.00578733,0,0,0
1780639882086416,6.7845,0.0337123,-0.0218522,0.02771,0,0,-5,0.0337123,-0.0218522,5.02771,5.02787,0.0694304,-0.0177435,0.00584752,0,0,0
1780639882102416,6.8005,0.0336171,-0.0216989,0.02771,0,0,-5,0.0336171,-0.0216989,5.02771,5.02787,0.0695199,-0.0168557,0.00610121,0,0,0
1780639882126416,6.8245,0.0335773,-0.021508,0.0277405,0,0,-5,0.0335773,-0.021508,5.02774,5.0279,0.0689376,-0.0165167,0.00648058,0,0,0
1780639882142416,6.8405,0.0336378,-0.0214069,0.0277405,0,0,-5,0.0336378,-0.0214069,5.02774,5.0279,0.0699427,-0.0163187,0.00670934,0,0,0
1780639882166416,6.8645,0.0338359,-0.0212913,0.027771,0,0,-5,0.0338359,-0.0212913,5.02777,5.02793,0.0698409,-0.0157121,0.00725094,0,0,0
1780639882182416,6.8805,0.034025,-0.0212422,0.0278015,0,0,-5,0.034025,-0.0212422,5.0278,5.02796,0.0690525,-0.0153199,0.00693327,0,0,0
1780639882206416,6.9045,0.034405,-0.0211968,0.0278625,0,0,-5,0.034405,-0.0211968,5.02786,5.02802,0.070039,-0.0159994,0.00793055,0,0,0
1780639882222507,6.92059,0.0347307,-0.0211925,0.0279236,0,0,-5,0.0347307,-0.0211925,5.02792,5.02809,0.0704766,-0.014758,0.00808057,0,0,0
1780639882246507,6.94459,0.0352905,-0.0211807,0.0280457,0,0,-5,0.0352905,-0.0211807,5.02805,5.02821,0.0711499,-0.0129231,0.00777184,0,0,0
1780639882262507,6.96059,0.0357322,-0.0211687,0.0281067,0,0,-5,0.0357322,-0.0211687,5.02811,5.02828,0.0721774,-0.0123734,0.00723994,0,0,0
1780639882286507,6.98459,0.0365085,-0.0211831,0.0281677,0,0,-5,0.0365085,-0.0211831,5.02817,5.02834,0.0733075,-0.0114434,0.00675027,0,0,0
1780639882302507,7.00059,0.0370602,-0.0211904,0.0281982,0,0,-5,0.0370602,-0.0211904,5.0282,5.02838,0.0722588,-0.0108488,0.00724554,0,0,0
1780639882326507,7.02459,0.0379737,-0.021238,0.0282898,0,0,-5,0.0379737,-0.021238,5.02829,5.02848,0.073978,-0.0113816,0.00830469,0,0,0
1780639882342507,7.04059,0.038631,-0.0212908,0.0283508,0,0,-5,0.038631,-0.0212908,5.02835,5.02854,0.0741147,-0.0118989,0.00744421,0,0,0
1780639882366507,7.06459,0.039704,-0.0214115,0.0284119,0,0,-5,0.039704,-0.0214115,5.02841,5.02861,0.0761555,-0.0136189,0.00758779,0,0,0
1780639882382507,7.08059,0.04048,-0.0215342,0.0284729,0,0,-5,0.04048,-0.0215342,5.02847,5.02868,0.0771921,-0.0145241,0.00824825,0,0,0
1780639882406507,7.10459,0.0402298,-0.0214966,0.0282898,0,0,-5,0.0402298,-0.0214966,5.02829,5.0285,0.0774817,-0.0153448,0.00948611,0,0,0
1780639882422507,7.12059,0.0396809,-0.0214084,0.0281067,0,0,-5,0.0396809,-0.0214084,5.02811,5.02831,0.0775112,-0.0152386,0.0106802,0,0,0
1780639882446507,7.14459,0.0390289,-0.0213256,0.0279236,0,0,-5,0.0390289,-0.0213256,5.02792,5.02812,0.0775469,-0.015167,0.00978038,0,0,0
1780639882462507,7.16059,0.0386959,-0.0212817,0.0278015,0,0,-5,0.0386959,-0.0212817,5.0278,5.028,0.0776473,-0.013566,0.0116715,0,0,0
1780639882486507,7.18459,0.0383498,-0.0212319,0.0276489,0,0,-5,0.0383498,-0.0212319,5.02765,5.02784,0.0771737,-0.013857,0.0132923,0,0,0
1780639882502507,7.20059,0.0382097,-0.0212182,0.0275879,0,0,-5,0.0382097,-0.0212182,5.02759,5.02778,0.0767334,-0.0129992,0.0137383,0,0,0
1780639882526507,7.22459,0.0381258,-0.0211906,0.0275574,0,0,-5,0.0381258,-0.0211906,5.02756,5.02775,0.0767457,-0.0113161,0.0147576,0,0,0
1780639882542507,7.24059,0.0381421,-0.0211758,0.0275574,0,0,-5,0.0381421,-0.0211758,5.02756,5.02775,0.0758148,-0.0107171,0.0163429,0,0,0
1780639882566507,7.26459,0.038294,-0.0211755,0.0275879,0,0,-5,0.038294,-0.0211755,5.02759,5.02778,0.0770423,-0.0111185,0.015058,0,0,0
1780639882582507,7.28059,0.0384734,-0.0211958,0.0276184,0,0,-5,0.0384734,-0.0211958,5.02762,5.02781,0.076561,-0.0109044,0.015468,0,0,0
1780639882598507,7.29659,0.0386819,-0.0212346,0.0276489,0,0,-5,0.0386819,-0.0212346,5.02765,5.02784,0.0768959,-0.0109544,0.0158842,0,0,0
1780639882622507,7.32059,0.0391244,-0.0212969,0.027771,0,0,-5,0.0391244,-0.0212969,5.02777,5.02797,0.0777639,-0.0100593,0.0184447,0,0,0
1780639882646507,7.34459,0.0396822,-0.0213965,0.0279541,0,0,-5,0.0396822,-0.0213965,5.02795,5.02816,0.0775194,-0.0115415,0.017592,0,0,0
1780639882662507,7.36059,0.0401068,-0.0214831,0.0280457,0,0,-5,0.0401068,-0.0214831,5.02805,5.02825,0.077825,-0.011306,0.0160631,0,0,0
1780639882686507,7.38459,0.0408381,-0.0216225,0.0282288,0,0,-5,0.0408381,-0.0216225,5.02823,5.02844,0.0787025,-0.00917841,0.0180271,0,0,0
1780639882702507,7.40059,0.0413936,-0.0216975,0.0283813,0,0,-5,0.0413936,-0.0216975,5.02838,5.0286,0.0777852,-0.0100697,0.0194869,0,0,0
1780639882718507,7.41659,0.0419753,-0.0217926,0.0285645,0,0,-5,0.0419753,-0.0217926,5.02856,5.02879,0.0775879,-0.00926914,0.0196618,0,0,0
1780639882742507,7.44059,0.0429155,-0.0219371,0.0288696,0,0,-5,0.0429155,-0.0219371,5.02887,5.0291,0.0780184,-0.00896255,0.0199795,0,0,0
1780639882758507,7.45659,0.0436045,-0.0220423,0.0290833,0,0,-5,0.0436045,-0.0220423,5.02908,5.02932,0.0789661,-0.00911731,0.0195706,0,0,0
1780639882782507,7.48059,0.0447259,-0.0222122,0.0294189,0,0,-5,0.0447259,-0.0222122,5.02942,5.02967,0.079595,-0.00937786,0.0203307,0,0,0
1780639882806507,7.50459,0.0443092,-0.0218042,0.0297241,0,0,-5,0.0443092,-0.0218042,5.02972,5.02997,0.079633,-0.0103777,0.0214574,0,0,0
1780639882822507,7.52059,0.043603,-0.021379,0.0299683,0,0,-5,0.043603,-0.021379,5.02997,5.0302,0.0793351,-0.0113136,0.0229986,0,0,0
1780639882846507,7.54459,0.0427396,-0.0208347,0.030365,0,0,-5,0.0427396,-0.0208347,5.03036,5.03059,0.0789647,-0.0123227,0.0224665,0,0,0
1780639882862507,7.56059,0.0422748,-0.0205278,0.0305786,0,0,-5,0.0422748,-0.0205278,5.03058,5.0308,0.0791148,-0.0135555,0.0223636,0,0,0
1780639882886507,7.58459,0.0417371,-0.0201316,0.0309448,0,0,-5,0.0417371,-0.0201316,5.03094,5.03116,0.0785071,-0.0139648,0.0219594,0,0,0
1780639882902507,7.60059,0.0414663,-0.019915,0.031189,0,0,-5,0.0414663,-0.019915,5.03119,5.0314,0.0773456,-0.0137569,0.0221291,0,0,0
1780639882926507,7.62459,0.0411881,-0.0196384,0.0315552,0,0,-5,0.0411881,-0.0196384,5.03156,5.03176,0.0769039,-0.0143987,0.022501,0,0,0
1780639882942507,7.64059,0.0410929,-0.0194984,0.0318298,0,0,-5,0.0410929,-0.0194984,5.03183,5.03204,0.0764418,-0.0158563,0.0232038,0,0,0
1780639882966507,7.66459,0.0410724,-0.0193563,0.0322266,0,0,-5,0.0410724,-0.0193563,5.03223,5.03243,0.0767789,-0.0160257,0.022547,0,0,0
1780639882982507,7.68059,0.0411383,-0.0192841,0.0324707,0,0,-5,0.0411383,-0.0192841,5.03247,5.03268,0.076139,-0.0156675,0.0222288,0,0,0
1780639883006507,7.70459,0.0413569,-0.0192165,0.0328979,0,0,-5,0.0413569,-0.0192165,5.0329,5.0331,0.0768553,-0.0163574,0.0224713,0,0,0
1780639883022507,7.72059,0.0415626,-0.0192013,0.0331726,0,0,-5,0.0415626,-0.0192013,5.03317,5.03338,0.0758597,-0.0163641,0.0216122,0,0,0
1780639883046507,7.74459,0.0419801,-0.019215,0.0335999,0,0,-5,0.0419801,-0.019215,5.0336,5.03381,0.0765634,-0.016351,0.0223341,0,0,0
1780639883062507,7.76059,0.0423231,-0.0192484,0.0338745,0,0,-5,0.0423231,-0.0192484,5.03387,5.03409,0.075573,-0.0167811,0.0212276,0,0,0
1780639883078507,7.77659,0.0427004,-0.0193002,0.0341797,0,0,-5,0.0427004,-0.0193002,5.03418,5.0344,0.0749627,-0.0165023,0.0221083,0,0,0
1780639883102507,7.80059,0.0433461,-0.0194187,0.0346375,0,0,-5,0.0433461,-0.0194187,5.03464,5.03486,0.075121,-0.0167573,0.0234614,0,0,0
1780639883126507,7.82459,0.0440917,-0.0195535,0.0351562,0,0,-5,0.0440917,-0.0195535,5.03516,5.03539,0.0748103,-0.0161417,0.0249704,0,0,0
1780639883142507,7.84059,0.0446393,-0.019647,0.0355225,0,0,-5,0.0446393,-0.019647,5.03552,5.03576,0.0750938,-0.0149281,0.025486,0,0,0
1780639883166507,7.86459,0.0455168,-0.0197827,0.0360718,0,0,-5,0.0455168,-0.0197827,5.03607,5.03632,0.0741797,-0.0143642,0.0258064,0,0,0
1780639883182507,7.88059,0.0461391,-0.019888,0.036438,0,0,-5,0.0461391,-0.019888,5.03644,5.03669,0.0735319,-0.0145813,0.0250423,0,0,0
1780639883198507,7.89659,0.0460718,-0.0197709,0.0366821,0,0,-5,0.0460718,-0.0197709,5.03668,5.03693,0.0739781,-0.0149545,0.0252393,0,0,0
1780639883222597,7.92068,0.0450535,-0.0192936,0.0368347,0,0,-5,0.0450535,-0.0192936,5.03683,5.03707,0.073946,-0.0137367,0.0247207,0,0,0
1780639883238597,7.93668,0.0444927,-0.0190013,0.0369568,0,0,-5,0.0444927,-0.0190013,5.03696,5.03719,0.0732201,-0.0142741,0.0250811,0,0,0
1780639883262597,7.96068,0.0438293,-0.0186324,0.0371399,0,0,-5,0.0438293,-0.0186324,5.03714,5.03737,0.0736333,-0.0145475,0.0237249,0,0,0
1780639883278597,7.97668,0.0434921,-0.0184126,0.037262,0,0,-5,0.0434921,-0.0184126,5.03726,5.03748,0.0735889,-0.0132648,0.0227393,0,0,0
1780639883302597,8.00068,0.0431211,-0.018096,0.0374451,0,0,-5,0.0431211,-0.018096,5.03745,5.03766,0.0722207,-0.0114558,0.023088,0,0,0
1780639883326597,8.02468,0.0428957,-0.0178119,0.0377197,0,0,-5,0.0428957,-0.0178119,5.03772,5.03793,0.0719528,-0.0112219,0.0247554,0,0,0
1780639883342597,8.04068,0.042819,-0.0176443,0.0379028,0,0,-5,0.042819,-0.0176443,5.0379,5.03812,0.0709399,-0.0109683,0.0239815,0,0,0
1780639883366597,8.06468,0.0427991,-0.0174333,0.0381775,0,0,-5,0.0427991,-0.0174333,5.03818,5.03839,0.0699169,-0.0112574,0.0233803,0,0,0
1780639883382597,8.08068,0.0428606,-0.0173091,0.0383911,0,0,-5,0.0428606,-0.0173091,5.03839,5.0386,0.0700235,-0.0103065,0.0234491,0,0,0
1780639883406597,8.10468,0.0430657,-0.0171841,0.0387268,0,0,-5,0.0430657,-0.0171841,5.03873,5.03894,0.0706118,-0.0126845,0.024694,0,0,0
1780639883422597,8.12068,0.0432762,-0.017133,0.0389099,0,0,-5,0.0432762,-0.017133,5.03891,5.03912,0.0702401,-0.0119865,0.0246584,0,0,0
1780639883438597,8.13668,0.0435399,-0.017103,0.0391541,0,0,-5,0.0435399,-0.017103,5.03915,5.03937,0.0708213,-0.0131217,0.024932,0,0,0
1780639883462597,8.16068,0.0440729,-0.0171046,0.0394897,0,0,-5,0.0440729,-0.0171046,5.03949,5.03971,0.0722181,-0.0135011,0.0254311,0,0,0
1780639883478597,8.17668,0.0444938,-0.0171282,0.0397644,0,0,-5,0.0444938,-0.0171282,5.03976,5.03999,0.0726917,-0.0134037,0.0252387,0,0,0
1780639883502597,8.20068,0.0452177,-0.0171866,0.0401611,0,0,-5,0.0452177,-0.0171866,5.04016,5.04039,0.0739636,-0.0140404,0.0256719,0,0,0
1780639883526597,8.22468,0.0460788,-0.0172791,0.0405579,0,0,-5,0.0460788,-0.0172791,5.04056,5.0408,0.0754138,-0.0130748,0.0237665,0,0,0
1780639883542597,8.24068,0.0467086,-0.0173365,0.040802,0,0,-5,0.0467086,-0.0173365,5.0408,5.04105,0.0749251,-0.0119629,0.0232547,0,0,0
1780639883566597,8.26468,0.0477202,-0.0174203,0.0411682,0,0,-5,0.0477202,-0.0174203,5.04117,5.04142,0.0751694,-0.0110706,0.0210523,0,0,0
1780639883582597,8.28068,0.0484402,-0.0174726,0.0414124,0,0,-5,0.0484402,-0.0174726,5.04141,5.04168,0.0759111,-0.010158,0.0211327,0,0,0
1780639883606597,8.30468,0.0480052,-0.0171639,0.0412598,0,0,-5,0.0480052,-0.0171639,5.04126,5.04152,0.0745712,-0.00988111,0.0200345,0,0,0
1780639883622597,8.32068,0.0472858,-0.0168504,0.0410156,0,0,-5,0.0472858,-0.0168504,5.04102,5.04127,0.0741303,-0.00962246,0.021432,0,0,0
1780639883646597,8.34468,0.0463974,-0.0164251,0.040741,0,0,-5,0.0463974,-0.0164251,5.04074,5.04098,0.0738829,-0.00917901,0.021352,0,0,0
1780639883662597,8.36068,0.0459211,-0.0161687,0.0406189,0,0,-5,0.0459211,-0.0161687,5.04062,5.04085,0.0749078,-0.00908643,0.0225885,0,0,0
1780639883686597,8.38468,0.045393,-0.0158155,0.0404663,0,0,-5,0.045393,-0.0158155,5.04047,5.0407,0.0758584,-0.00932195,0.0232404,0,0,0
1780639883702597,8.40068,0.0451516,-0.0156232,0.0403748,0,0,-5,0.0451516,-0.0156232,5.04037,5.0406,0.0751639,-0.00944966,0.022294,0,0,0
1780639883726597,8.42468,0.0448865,-0.0153702,0.0402832,0,0,-5,0.0448865,-0.0153702,5.04028,5.04051,0.0732934,-0.00962756,0.0217494,0,0,0
1780639883742597,8.44068,0.044794,-0.0152362,0.0402222,0,0,-5,0.044794,-0.0152362,5.04022,5.04044,0.0737129,-0.00992827,0.0217903,0,0,0
1780639883766597,8.46468,0.0448126,-0.0150788,0.0401917,0,0,-5,0.0448126,-0.0150788,5.04019,5.04041,0.0761296,-0.0104367,0.0207193,0,0,0
1780639883782597,8.48068,0.0449262,-0.0149936,0.0401611,0,0,-5,0.0449262,-0.0149936,5.04016,5.04038,0.0762407,-0.0104988,0.0202971,0,0,0
1780639883806597,8.50468,0.045196,-0.0149157,0.0401611,0,0,-5,0.045196,-0.0149157,5.04016,5.04039,0.075041,-0.0112351,0.0207047,0,0,0
1780639883822597,8.52068,0.0454278,-0.0148913,0.0401917,0,0,-5,0.0454278,-0.0148913,5.04019,5.04042,0.0740473,-0.0112746,0.0188056,0,0,0
1780639883846597,8.54468,0.0458803,-0.0148846,0.0402222,0,0,-5,0.0458803,-0.0148846,5.04022,5.04045,0.075083,-0.0116725,0.0191421,0,0,0
1780639883862597,8.56068,0.0462577,-0.0149049,0.0402527,0,0,-5,0.0462577,-0.0149049,5.04025,5.04049,0.0763672,-0.0118446,0.0188181,0,0,0
1780639883886597,8.58468,0.0469538,-0.0149514,0.0403442,0,0,-5,0.0469538,-0.0149514,5.04034,5.04059,0.0773593,-0.0112203,0.0179616,0,0,0
1780639883902597,8.60068,0.0474721,-0.0149987,0.0404053,0,0,-5,0.0474721,-0.0149987,5.04041,5.04065,0.0771156,-0.0118791,0.0184593,0,0,0
1780639883926597,8.62468,0.0483165,-0.0150957,0.0404358,0,0,-5,0.0483165,-0.0150957,5.04044,5.04069,0.0763111,-0.0116232,0.0186275,0,0,0
1780639883942597,8.64068,0.0489326,-0.0151668,0.0404968,0,0,-5,0.0489326,-0.0151668,5.0405,5.04076,0.0768051,-0.0116124,0.0189159,0,0,0
1780639883966597,8.66468,0.0499519,-0.0152985,0.0405884,0,0,-5,0.0499519,-0.0152985,5.04059,5.04086,0.0781116,-0.0125313,0.0193259,0,0,0
1780639883982597,8.68068,0.0506876,-0.0154017,0.0407104,0,0,-5,0.0506876,-0.0154017,5.04071,5.04099,0.0784642,-0.0112977,0.0208614,0,0,0
1780639884006597,8.70468,0.0502081,-0.0151762,0.0407104,0,0,-5,0.0502081,-0.0151762,5.04071,5.04098,0.0771504,-0.010189,0.0209432,0,0,0
1780639884022597,8.72068,0.0494419,-0.0149194,0.0406799,0,0,-5,0.0494419,-0.0149194,5.04068,5.04094,0.0767333,-0.00991169,0.0210929,0,0,0
1780639884046597,8.74468,0.0484763,-0.0145586,0.0406494,0,0,-5,0.0484763,-0.0145586,5.04065,5.0409,0.0759149,-0.00775934,0.0188132,0,0,0
1780639884062597,8.76068,0.0479547,-0.014324,0.0406494,0,0,-5,0.0479547,-0.014324,5.04065,5.0409,0.0759843,-0.00691755,0.0182739,0,0,0
1780639884086597,8.78468,0.0473255,-0.0139786,0.0406494,0,0,-5,0.0473255,-0.0139786,5.04065,5.04089,0.0761362,-0.00486415,0.0176861,0,0,0
1780639884102597,8.80068,0.047033,-0.0137511,0.0406494,0,0,-5,0.047033,-0.0137511,5.04065,5.04089,0.0769958,-0.00420182,0.0175981,0,0,0
1780639884126597,8.82468,0.0467432,-0.0134184,0.0407104,0,0,-5,0.0467432,-0.0134184,5.04071,5.04095,0.0760065,-0.0023161,0.0178356,0,0,0
1780639884142597,8.84068,0.046634,-0.0131974,0.0407715,0,0,-5,0.046634,-0.0131974,5.04077,5.041,0.0760937,-0.00192886,0.0176696,0,0,0
1780639884166597,8.86468,0.0465897,-0.0128931,0.0408936,0,0,-5,0.0465897,-0.0128931,5.04089,5.04113,0.0752527,-0.00128576,0.0175863,0,0,0
1780639884182597,8.88068,0.0466434,-0.0126956,0.0409546,0,0,-5,0.0466434,-0.0126956,5.04095,5.04119,0.0756814,-0.000133968,0.0170536,0,0,0
1780639884206597,8.90468,0.0468355,-0.0123971,0.0410767,0,0,-5,0.0468355,-0.0123971,5.04108,5.04131,0.0755293,0.000764637,0.0165737,0,0,0
1780639884222687,8.92077,0.0470411,-0.0122024,0.0411987,0,0,-5,0.0470411,-0.0122024,5.0412,5.04143,0.075657,0.00121056,0.017419,0,0,0
1780639884246687,8.94477,0.0474607,-0.0119327,0.0413818,0,0,-5,0.0474607,-0.0119327,5.04138,5.04162,0.0764409,0.00122465,0.0178402,0,0,0
1780639884262687,8.96077,0.0478193,-0.0117708,0.0415344,0,0,-5,0.0478193,-0.0117708,5.04153,5.04177,0.0766245,0.00117368,0.0178279,0,0,0
1780639884286687,8.98477,0.048464,-0.0115246,0.0417175,0,0,-5,0.048464,-0.0115246,5.04172,5.04196,0.0780565,0.00264793,0.017458,0,0,0
1780639884302687,9.00077,0.0489623,-0.0113632,0.0418396,0,0,-5,0.0489623,-0.0113632,5.04184,5.04209,0.0790172,0.00327708,0.016393,0,0,0
1780639884326687,9.02477,0.0498203,-0.0111238,0.0420227,0,0,-5,0.0498203,-0.0111238,5.04202,5.04228,0.0792537,0.00417166,0.0158852,0,0,0
1780639884342687,9.04077,0.050456,-0.010954,0.0421448,0,0,-5,0.050456,-0.010954,5.04214,5.04241,0.0807996,0.00539578,0.015689,0,0,0
1780639884366687,9.06477,0.0515061,-0.0106903,0.0422668,0,0,-5,0.0515061,-0.0106903,5.04227,5.04254,0.0808867,0.00676526,0.0149117,0,0,0
1780639884382687,9.08077,0.0522512,-0.0105185,0.0423584,0,0,-5,0.0522512,-0.0105185,5.04236,5.04264,0.0808896,0.00675716,0.014279,0,0,0
1780639884406687,9.10477,0.0515904,-0.0101367,0.0422668,0,0,-5,0.0515904,-0.0101367,5.04227,5.04254,0.0806524,0.00819837,0.0140805,0,0,0
1780639884422687,9.12077,0.0506575,-0.00984825,0.0420837,0,0,-5,0.0506575,-0.00984825,5.04208,5.04235,0.0796858,0.00825901,0.0139562,0,0,0
1780639884446687,9.14477,0.0494643,-0.0094477,0.0418701,0,0,-5,0.0494643,-0.0094477,5.04187,5.04212,0.0801367,0.00834953,0.0116699,0,0,0
1780639884462687,9.16077,0.0488077,-0.00918571,0.041687,0,0,-5,0.0488077,-0.00918571,5.04169,5.04193,0.0800401,0.00936783,0.0114457,0,0,0
1780639884478687,9.17677,0.0482425,-0.00891456,0.0415649,0,0,-5,0.0482425,-0.00891456,5.04156,5.0418,0.0789095,0.0104953,0.0125908,0,0,0
1780639884502687,9.20077,0.0475482,-0.00851701,0.0413818,0,0,-5,0.0475482,-0.00851701,5.04138,5.04161,0.077419,0.00970755,0.0123699,0,0,0
1780639884518687,9.21677,0.0471845,-0.00827246,0.0412903,0,0,-5,0.0471845,-0.00827246,5.04129,5.04152,0.0779358,0.00973135,0.012655,0,0,0
1780639884542687,9.24077,0.0467764,-0.00792451,0.0411682,0,0,-5,0.0467764,-0.00792451,5.04117,5.04139,0.0753605,0.00953003,0.0128559,0,0,0
1780639884566687,9.26477,0.0465,-0.00759052,0.0410767,0,0,-5,0.0465,-0.00759052,5.04108,5.0413,0.0741929,0.00998702,0.0131937,0,0,0
1780639884582687,9.28077,0.0463788,-0.00738439,0.0410461,0,0,-5,0.0463788,-0.00738439,5.04105,5.04126,0.0737345,0.00952632,0.0141745,0,0,0
1780639884606687,9.30477,0.0463267,-0.00708926,0.0409851,0,0,-5,0.0463267,-0.00708926,5.04099,5.0412,0.0747009,0.0101809,0.0131247,0,0,0
1780639884622687,9.32077,0.0463896,-0.00689373,0.0409851,0,0,-5,0.0463896,-0.00689373,5.04099,5.0412,0.0747668,0.0100763,0.0124482,0,0,0
1780639884638687,9.33677,0.0465223,-0.006708,0.0409851,0,0,-5,0.0465223,-0.006708,5.04099,5.0412,0.0754721,0.0100168,0.0139508,0,0,0
1780639884662687,9.36077,0.0468484,-0.00643551,0.0410156,0,0,-5,0.0468484,-0.00643551,5.04102,5.04124,0.0765601,0.00966425,0.0142223,0,0,0
1780639884686687,9.38477,0.0473046,-0.00619773,0.0410461,0,0,-5,0.0473046,-0.00619773,5.04105,5.04127,0.0769925,0.00910603,0.0131714,0,0,0
1780639884702687,9.40077,0.0476894,-0.00604581,0.0410767,0,0,-5,0.0476894,-0.00604581,5.04108,5.04131,0.0769409,0.00900947,0.0119908,0,0,0
1780639884726687,9.42477,0.0483412,-0.00582983,0.0410767,0,0,-5,0.0483412,-0.00582983,5.04108,5.04131,0.0765172,0.00882632,0.0118576,0,0,0
1780639884742687,9.44077,0.0488291,-0.0057055,0.0411072,0,0,-5,0.0488291,-0.0057055,5.04111,5.04135,0.0769226,0.00797222,0.0130205,0,0,0
1780639884758687,9.45677,0.0493655,-0.00558415,0.0411682,0,0,-5,0.0493655,-0.00558415,5.04117,5.04141,0.077235,0.0086871,0.0131454,0,0,0
1780639884782687,9.48077,0.0502783,-0.0054022,0.0412598,0,0,-5,0.0502783,-0.0054022,5.04126,5.04151,0.0789148,0.0085238,0.0115832,0,0,0
1780639884806687,9.50477,0.0498458,-0.00528381,0.0410461,0,0,-5,0.0498458,-0.00528381,5.04105,5.0413,0.0798418,0.00944524,0.0111382,0,0,0
1780639884822687,9.52077,0.0491821,-0.00520923,0.0408325,0,0,-5,0.0491821,-0.00520923,5.04083,5.04108,0.0777111,0.0101201,0.0100322,0,0,0
1780639884846687,9.54477,0.0483677,-0.0050871,0.0405579,0,0,-5,0.0483677,-0.0050871,5.04056,5.04079,0.0786812,0.0103912,0.00997168,0,0,0
1780639884862687,9.56077,0.0479671,-0.00501116,0.0404053,0,0,-5,0.0479671,-0.00501116,5.04041,5.04064,0.0800801,0.0103397,0.0110073,0,0,0
1780639884886687,9.58477,0.0475564,-0.00488891,0.0401917,0,0,-5,0.0475564,-0.00488891,5.04019,5.04042,0.0801244,0.0117101,0.00969483,0,0,0
1780639884902687,9.60077,0.0473794,-0.00478727,0.0400391,0,0,-5,0.0473794,-0.00478727,5.04004,5.04026,0.0799963,0.011882,0.00818826,0,0,0
1780639884926687,9.62477,0.0472687,-0.00463488,0.0397949,0,0,-5,0.0472687,-0.00463488,5.03979,5.04002,0.0811278,0.0126797,0.00650588,0,0,0
1780639884942687,9.64077,0.0473123,-0.00452811,0.0396423,0,0,-5,0.0473123,-0.00452811,5.03964,5.03987,0.0822805,0.0125656,0.00604685,0,0,0
1780639884966687,9.66477,0.047523,-0.00434189,0.0394287,0,0,-5,0.047523,-0.00434189,5.03943,5.03965,0.0825519,0.0138267,0.00568523,0,0,0
1780639884982687,9.68077,0.047744,-0.00421387,0.0393066,0,0,-5,0.047744,-0.00421387,5.03931,5.03953,0.0821858,0.0137469,0.00586433,0,0,0
1780639885006687,9.70477,0.0481831,-0.00400386,0.0391541,0,0,-5,0.0481831,-0.00400386,5.03915,5.03939,0.0820666,0.0150443,0.00663628,0,0,0
1780639885022687,9.72077,0.0485503,-0.00385739,0.0390625,0,0,-5,0.0485503,-0.00385739,5.03906,5.0393,0.0820567,0.015492,0.00553545,0,0,0
1780639885046687,9.74477,0.049195,-0.00363347,0.0389099,0,0,-5,0.049195,-0.00363347,5.03891,5.03915,0.0819354,0.0159486,0.00447693,0,0,0
1780639885062687,9.76077,0.0496853,-0.00347476,0.0388489,0,0,-5,0.0496853,-0.00347476,5.03885,5.0391,0.081194,0.0157076,0.00529867,0,0,0
1780639885086687,9.78477,0.0504936,-0.00325174,0.0387268,0,0,-5,0.0504936,-0.00325174,5.03873,5.03898,0.0812052,0.0155793,0.00510519,0,0,0
1780639885102687,9.80077,0.0510847,-0.00309905,0.0386658,0,0,-5,0.0510847,-0.00309905,5.03867,5.03893,0.0809344,0.0163718,0.00340083,0,0,0
1780639885126687,9.82477,0.0520805,-0.00284126,0.0384521,0,0,-5,0.0520805,-0.00284126,5.03845,5.03872,0.083304,0.0173136,0.00173335,0,0,0
1780639885142687,9.84077,0.0528163,-0.00265679,0.0383301,0,0,-5,0.0528163,-0.00265679,5.03833,5.03861,0.0838652,0.0179289,0.00239209,0,0,0
1780639885158687,9.85677,0.0535957,-0.00246976,0.038208,0,0,-5,0.0535957,-0.00246976,5.03821,5.03849,0.084034,0.018511,0.00261068,0,0,0
1780639885182687,9.88077,0.0548304,-0.00216907,0.0380554,0,0,-5,0.0548304,-0.00216907,5.03806,5.03835,0.0834761,0.0199211,0.00362823,0,0,0
1780639885206687,9.90477,0.0542982,-0.00199823,0.0378723,0,0,-5,0.0542982,-0.00199823,5.03787,5.03817,0.0815466,0.0195387,0.00372752,0,0,0
1780639885222780,9.92086,0.0534519,-0.00194474,0.0377502,0,0,-5,0.0534519,-0.00194474,5.03775,5.03803,0.0813742,0.0184788,0.00265574,0,0,0
1780639885246780,9.94486,0.0523992,-0.00183741,0.0375671,0,0,-5,0.0523992,-0.00183741,5.03757,5.03784,0.0803487,0.0209552,0.00180031,0,0,0
1780639885262780,9.96086,0.0518128,-0.00171806,0.0374146,0,0,-5,0.0518128,-0.00171806,5.03741,5.03768,0.0800189,0.0228462,0.00180773,0,0,0
1780639885286780,9.98486,0.0511341,-0.00150307,0.0372314,0,0,-5,0.0511341,-0.00150307,5.03723,5.03749,0.0818984,0.0231248,0.00267453,0,0,0
1780639885302780,10.0009,0.0508121,-0.00135176,0.0371094,0,0,-5,0.0508121,-0.00135176,5.03711,5.03737,0.0818645,0.0227324,0.00140072,0,0,0
1780639885326780,10.0249,0.0504851,-0.00111548,0.0369568,0,0,-5,0.0504851,-0.00111548,5.03696,5.03721,0.0819916,0.0232529,0.00256131,0,0,0
1780639885342780,10.0409,0.0503612,-0.000942519,0.0368347,0,0,-5,0.0503612,-0.000942519,5.03683,5.03709,0.0803472,0.0239885,0.00172308,0,0,0
1780639885366780,10.0649,0.0502907,-0.000633514,0.0366821,0,0,-5,0.0502907,-0.000633514,5.03668,5.03693,0.0798736,0.0257233,0.00168216,0,0,0
1780639885382780,10.0809,0.0503186,-0.000406902,0.0365906,0,0,-5,0.0503186,-0.000406902,5.03659,5.03684,0.0787375,0.0263789,0.00177157,0,0,0
1780639885406780,10.1049,0.050458,-3.282e-05,0.036499,0,0,-5,0.050458,-3.282e-05,5.0365,5.03675,0.078161,0.0271478,0.00290027,0,0,0
1780639885422780,10.1209,0.0506381,0.000231922,0.0364685,0,0,-5,0.0506381,0.000231922,5.03647,5.03672,0.0784906,0.0273062,0.00289178,0,0,0
1780639885446780,10.1449,0.051017,0.000624598,0.0364075,0,0,-5,0.051017,0.000624598,5.03641,5.03667,0.0780118,0.0269495,0.00317451,0,0,0
1780639885462780,10.1609,0.0513271,0.000889135,0.036377,0,0,-5,0.0513271,0.000889135,5.03638,5.03664,0.0780031,0.0266559,0.00304567,0,0,0
1780639885486780,10.1849,0.0519078,0.00127636,0.0363464,0,0,-5,0.0519078,0.00127636,5.03635,5.03661,0.0783017,0.0257758,0.00265965,0,0,0
1780639885502780,10.2009,0.0523642,0.00153127,0.0363159,0,0,-5,0.0523642,0.00153127,5.03632,5.03659,0.0787392,0.0249341,0.0027374,0,0,0
1780639885526780,10.2249,0.0531225,0.00189196,0.0362854,0,0,-5,0.0531225,0.00189196,5.03629,5.03657,0.0782444,0.0249352,0.00279976,0,0,0
1780639885542780,10.2409,0.0536809,0.00214227,0.0362854,0,0,-5,0.0536809,0.00214227,5.03629,5.03657,0.0777926,0.0253085,0.00366452,0,0,0
1780639885566780,10.2649,0.05459,0.00254244,0.0362854,0,0,-5,0.05459,0.00254244,5.03629,5.03658,0.0779263,0.0263362,0.0041943,0,0,0
1780639885582780,10.2809,0.0552528,0.00282084,0.0363159,0,0,-5,0.0552528,0.00282084,5.03632,5.03662,0.0779982,0.0259927,0.00454936,0,0,0
1780639885606780,10.3049,0.0545605,0.00288341,0.0361023,0,0,-5,0.0545605,0.00288341,5.0361,5.0364,0.0766878,0.0252214,0.00296198,0,0,0
1780639885622780,10.3209,0.0536422,0.00283222,0.0358276,0,0,-5,0.0536422,0.00283222,5.03583,5.03611,0.075828,0.0252146,0.0017189,0,0,0
1780639885646780,10.3449,0.0524586,0.00278043,0.0354309,0,0,-5,0.0524586,0.00278043,5.03543,5.0357,0.0751286,0.0241327,0.00120301,0,0,0
1780639885662780,10.3609,0.0518049,0.00274971,0.0351868,0,0,-5,0.0518049,0.00274971,5.03519,5.03545,0.0761832,0.0234471,0.00207271,0,0,0
1780639885678780,10.3769,0.051256,0.00272758,0.0350037,0,0,-5,0.051256,0.00272758,5.035,5.03527,0.0757409,0.022978,0.00340296,0,0,0
1780639885702780,10.4009,0.0505948,0.00271499,0.0347595,0,0,-5,0.0505948,0.00271499,5.03476,5.03501,0.075064,0.0230208,0.00361718,0,0,0
1780639885726780,10.4249,0.0501273,0.00274981,0.0345154,0,0,-5,0.0501273,0.00274981,5.03452,5.03477,0.0755389,0.0246561,0.00260175,0,0,0
1780639885742780,10.4409,0.0499177,0.00281712,0.0343628,0,0,-5,0.0499177,0.00281712,5.03436,5.03461,0.0754255,0.02544,0.00322799,0,0,0
1780639885758780,10.4569,0.0497859,0.00290031,0.0342102,0,0,-5,0.0497859,0.00290031,5.03421,5.03446,0.0754583,0.0254898,0.00370468,0,0,0
1780639885782780,10.4809,0.0497174,0.00303347,0.0339966,0,0,-5,0.0497174,0.00303347,5.034,5.03424,0.0746045,0.0240251,0.00439736,0,0,0
1780639885806780,10.5049,0.0497974,0.00317061,0.0338135,0,0,-5,0.0497974,0.00317061,5.03381,5.03406,0.0751586,0.0246741,0.00306103,0,0,0
1780639885822780,10.5209,0.0499401,0.00328754,0.0336914,0,0,-5,0.0499401,0.00328754,5.03369,5.03394,0.0753314,0.0249644,0.00402171,0,0,0
1780639885846780,10.5449,0.0502746,0.00348739,0.0334778,0,0,-5,0.0502746,0.00348739,5.03348,5.03373,0.0748292,0.0254444,0.00509032,0,0,0
1780639885862780,10.5609,0.0505589,0.00363077,0.0333862,0,0,-5,0.0505589,0.00363077,5.03339,5.03364,0.0752187,0.0243929,0.00460376,0,0,0
1780639885886780,10.5849,0.0511023,0.00383831,0.0332336,0,0,-5,0.0511023,0.00383831,5.03323,5.03349,0.0754247,0.0237714,0.00413662,0,0,0
1780639885902780,10.6009,0.0515337,0.00398857,0.0331421,0,0,-5,0.0515337,0.00398857,5.03314,5.03341,0.0756818,0.0247869,0.00395044,0,0,0
1780639885926780,10.6249,0.0522975,0.00425525,0.03302,0,0,-5,0.0522975,0.00425525,5.03302,5.03329,0.0774091,0.0253601,0.00513871,0,0,0
1780639885942780,10.6409,0.0528729,0.00445146,0.032959,0,0,-5,0.0528729,0.00445146,5.03296,5.03324,0.0771804,0.0254833,0.00521826,0,0,0
1780639885966780,10.6649,0.0537955,0.00474805,0.0328979,0,0,-5,0.0537955,0.00474805,5.0329,5.03319,0.0765974,0.025288,0.00543041,0,0,0
1780639885982780,10.6809,0.0544467,0.0049465,0.0328369,0,0,-5,0.0544467,0.0049465,5.03284,5.03313,0.0753357,0.024612,0.0059569,0,0,0
1780639886006780,10.7049,0.0537957,0.00488889,0.0324707,0,0,-5,0.0537957,0.00488889,5.03247,5.03276,0.0750072,0.0258924,0.00509811,0,0,0
1780639886022780,10.7209,0.0529233,0.00476588,0.0321045,0,0,-5,0.0529233,0.00476588,5.0321,5.03239,0.0748727,0.0262833,0.00545649,0,0,0
1780639886046780,10.7449,0.05179,0.00463022,0.0316162,0,0,-5,0.05179,0.00463022,5.03162,5.03188,0.0728213,0.0257378,0.004492,0,0,0
1780639886062780,10.7609,0.0511406,0.00455723,0.031311,0,0,-5,0.0511406,0.00455723,5.03131,5.03157,0.0716931,0.0255718,0.00474353,0,0,0
1780639886086780,10.7849,0.0503363,0.00449119,0.0308838,0,0,-5,0.0503363,0.00449119,5.03088,5.03114,0.071719,0.0260394,0.00604324,0,0,0
1780639886102780,10.8009,0.0499216,0.00447684,0.0306091,0,0,-5,0.0499216,0.00447684,5.03061,5.03086,0.0719136,0.0262828,0.00475198,0,0,0
1780639886126780,10.8249,0.0494513,0.00451137,0.0302429,0,0,-5,0.0494513,0.00451137,5.03024,5.03049,0.0719998,0.0273012,0.00352556,0,0,0
1780639886142780,10.8409,0.0492449,0.00455804,0.0299988,0,0,-5,0.0492449,0.00455804,5.03,5.03024,0.072292,0.0270231,0.00409385,0,0,0
1780639886166780,10.8649,0.0490701,0.00464529,0.0296631,0,0,-5,0.0490701,0.00464529,5.02966,5.0299,0.0715589,0.0269746,0.00434617,0,0,0
1780639886182780,10.8809,0.0490208,0.00472736,0.0294495,0,0,-5,0.0490208,0.00472736,5.02945,5.02969,0.0705717,0.0273306,0.00556792,0,0,0
1780639886206780,10.9049,0.0490596,0.00488119,0.0292053,0,0,-5,0.0490596,0.00488119,5.02921,5.02945,0.0699118,0.0277255,0.00515364,0,0,0
1780639886222780,10.9209,0.0491546,0.00500538,0.0290222,0,0,-5,0.0491546,0.00500538,5.02902,5.02926,0.0698929,0.0273263,0.00454524,0,0,0
1780639886246875,10.945,0.0493937,0.00521711,0.0287781,0,0,-5,0.0493937,0.00521711,5.02878,5.02902,0.0695584,0.0275806,0.00352644,0,0,0
1780639886262875,10.961,0.0496228,0.00537301,0.028595,0,0,-5,0.0496228,0.00537301,5.02859,5.02884,0.0699314,0.0278761,0.0035113,0,0,0
1780639886286875,10.985,0.0500951,0.00566146,0.0284119,0,0,-5,0.0500951,0.00566146,5.02841,5.02866,0.0720183,0.0302414,0.00448159,0,0,0
1780639886302875,11.001,0.0504986,0.00589249,0.0282898,0,0,-5,0.0504986,0.00589249,5.02829,5.02855,0.0734957,0.0309095,0.0042526,0,0,0
1780639886326875,11.025,0.051228,0.00628881,0.0281372,0,0,-5,0.051228,0.00628881,5.02814,5.0284,0.0748096,0.0327732,0.00537806,0,0,0
1780639886342875,11.041,0.0517778,0.00658367,0.0280457,0,0,-5,0.0517778,0.00658367,5.02805,5.02832,0.0747738,0.0330847,0.00590713,0,0,0
1780639886366875,11.065,0.0526807,0.00703282,0.0279846,0,0,-5,0.0526807,0.00703282,5.02798,5.02827,0.075149,0.0327901,0.00764531,0,0,0
1780639886382875,11.081,0.0533377,0.00735678,0.0279541,0,0,-5,0.0533377,0.00735678,5.02795,5.02824,0.0757168,0.0340463,0.00687434,0,0,0
1780639886406875,11.105,0.052615,0.00743863,0.0277405,0,0,-5,0.052615,0.00743863,5.02774,5.02802,0.0751668,0.0340821,0.00760797,0,0,0
1780639886422875,11.121,0.0516675,0.00737707,0.0275574,0,0,-5,0.0516675,0.00737707,5.02756,5.02783,0.0743622,0.0341449,0.00806654,0,0,0
1780639886446875,11.145,0.0504297,0.00733502,0.0273132,0,0,-5,0.0504297,0.00733502,5.02731,5.02757,0.0730732,0.0337738,0.00678071,0,0,0
1780639886462875,11.161,0.0497294,0.00733505,0.0271301,0,0,-5,0.0497294,0.00733505,5.02713,5.02738,0.0727097,0.0338223,0.0058261,0,0,0
1780639886486875,11.185,0.0488736,0.00735722,0.026886,0,0,-5,0.0488736,0.00735722,5.02689,5.02713,0.0730377,0.0323743,0.0047391,0,0,0
1780639886502875,11.201,0.0484186,0.00739421,0.0267334,0,0,-5,0.0484186,0.00739421,5.02673,5.02697,0.0720997,0.0320018,0.00373231,0,0,0
1780639886526875,11.225,0.0478661,0.00747647,0.0264587,0,0,-5,0.0478661,0.00747647,5.02646,5.02669,0.0718913,0.0317834,0.002397,0,0,0
1780639886542875,11.241,0.0475997,0.00756108,0.0263062,0,0,-5,0.0475997,0.00756108,5.02631,5.02654,0.0715307,0.0325844,0.00256018,0,0,0
1780639886566875,11.265,0.0473504,0.00773377,0.026062,0,0,-5,0.0473504,0.00773377,5.02606,5.02629,0.0722049,0.0339303,0.00256324,0,0,0
1780639886582875,11.281,0.0472712,0.00788483,0.0259094,0,0,-5,0.0472712,0.00788483,5.02591,5.02614,0.0722079,0.0334091,0.00199088,0,0,0
1780639886606875,11.305,0.0472421,0.00814909,0.0256653,0,0,-5,0.0472421,0.00814909,5.02567,5.02589,0.070228,0.0346511,0.00248183,0,0,0
1780639886622875,11.321,0.0472913,0.00835355,0.0255432,0,0,-5,0.0472913,0.00835355,5.02554,5.02577,0.0695341,0.034157,0.00260194,0,0,0
1780639886646875,11.345,0.0474552,0.00868917,0.0253601,0,0,-5,0.0474552,0.00868917,5.02536,5.02559,0.0685794,0.0341493,0.00247749,0,0,0
1780639886662875,11.361,0.0476219,0.00893909,0.025238,0,0,-5,0.0476219,0.00893909,5.02524,5.02547,0.0686621,0.0352172,0.00210824,0,0,0
1780639886686875,11.385,0.0479712,0.00935434,0.025116,0,0,-5,0.0479712,0.00935434,5.02512,5.02535,0.0684511,0.0356788,0.00306679,0,0,0
1780639886702875,11.401,0.0482731,0.00964808,0.0250549,0,0,-5,0.0482731,0.00964808,5.02505,5.0253,0.0691505,0.0354031,0.0042985,0,0,0
1780639886726875,11.425,0.0488289,0.0101117,0.0249634,0,0,-5,0.0488289,0.0101117,5.02496,5.02521,0.0703645,0.0355627,0.00263029,0,0,0
1780639886742875,11.441,0.0492644,0.010441,0.0249023,0,0,-5,0.0492644,0.010441,5.0249,5.02515,0.0696323,0.0362653,0.00266316,0,0,0
1780639886758875,11.457,0.049744,0.0107883,0.0248413,0,0,-5,0.049744,0.0107883,5.02484,5.0251,0.070786,0.0360249,0.0038202,0,0,0
1780639886782875,11.481,0.050564,0.0113263,0.0248413,0,0,-5,0.050564,0.0113263,5.02484,5.02511,0.0713662,0.0363465,0.00454112,0,0,0
1780639886806875,11.505,0.0499229,0.0114756,0.0247803,0,0,-5,0.0499229,0.0114756,5.02478,5.02504,0.0709842,0.0361805,0.00531299,0,0,0
1780639886822875,11.521,0.0490914,0.0114663,0.0247803,0,0,-5,0.0490914,0.0114663,5.02478,5.02503,0.0714981,0.0358839,0.00619789,0,0,0
1780639886846875,11.545,0.0480647,0.0115027,0.0247803,0,0,-5,0.0480647,0.0115027,5.02478,5.02502,0.0716199,0.0361552,0.00746105,0,0,0
1780639886862875,11.561,0.047504,0.0115722,0.0248108,0,0,-5,0.047504,0.0115722,5.02481,5.02505,0.0729751,0.037382,0.00778532,0,0,0
1780639886886875,11.585,0.0468597,0.0117551,0.0249023,0,0,-5,0.0468597,0.0117551,5.0249,5.02513,0.0732093,0.0392183,0.00729291,0,0,0
1780639886902875,11.601,0.0465431,0.0119238,0.0249329,0,0,-5,0.0465431,0.0119238,5.02493,5.02516,0.0736627,0.0394201,0.00695677,0,0,0
1780639886926875,11.625,0.0462066,0.0122165,0.0250244,0,0,-5,0.0462066,0.0122165,5.02502,5.02525,0.072735,0.0398417,0.00782348,0,0,0
1780639886942875,11.641,0.046079,0.0124545,0.0250854,0,0,-5,0.046079,0.0124545,5.02509,5.02531,0.0734416,0.0411744,0.00849719,0,0,0
1780639886966875,11.665,0.0460361,0.0128819,0.025177,0,0,-5,0.0460361,0.0128819,5.02518,5.0254,0.0734114,0.0430075,0.00877625,0,0,0
1780639886982875,11.681,0.0460806,0.0132095,0.0252686,0,0,-5,0.0460806,0.0132095,5.02527,5.0255,0.072329,0.0434126,0.00881106,0,0,0
1780639887006875,11.705,0.0462383,0.0137191,0.0253906,0,0,-5,0.0462383,0.0137191,5.02539,5.02562,0.0718849,0.0426159,0.0077121,0,0,0
1780639887022875,11.721,0.0464124,0.0140748,0.0254517,0,0,-5,0.0464124,0.0140748,5.02545,5.02569,0.0719851,0.0425092,0.00758301,0,0,0
1780639887038875,11.737,0.0466493,0.0144489,0.0255432,0,0,-5,0.0466493,0.0144489,5.02554,5.02578,0.0724617,0.0426391,0.00746032,0,0,0
1780639887062875,11.761,0.0471249,0.0150415,0.0256653,0,0,-5,0.0471249,0.0150415,5.02567,5.02591,0.0735957,0.0433387,0.00715399,0,0,0
1780639887078875,11.777,0.0475215,0.0154613,0.0257568,0,0,-5,0.0475215,0.0154613,5.02576,5.02601,0.0731525,0.0438323,0.00831688,0,0,0
1780639887102875,11.801,0.0481695,0.0161228,0.0259094,0,0,-5,0.0481695,0.0161228,5.02591,5.02617,0.0715706,0.0435278,0.00901074,0,0,0
1780639887126875,11.825,0.0489259,0.0168101,0.0260925,0,0,-5,0.0489259,0.0168101,5.02609,5.02636,0.0723642,0.0439974,0.00814298,0,0,0
1780639887142875,11.841,0.0494734,0.0172967,0.0262146,0,0,-5,0.0494734,0.0172967,5.02621,5.02649,0.070404,0.0453815,0.00945533,0,0,0
1780639887166875,11.865,0.0503359,0.0180494,0.0263977,0,0,-5,0.0503359,0.0180494,5.0264,5.02668,0.0713576,0.0448851,0.00896062,0,0,0
1780639887182875,11.881,0.0509726,0.0185678,0.0265198,0,0,-5,0.0509726,0.0185678,5.02652,5.02681,0.0712923,0.0457531,0.00889488,0,0,0
1780639887206875,11.905,0.0503532,0.0186129,0.0265198,0,0,-5,0.0503532,0.0186129,5.02652,5.02681,0.0726882,0.0469272,0.00859538,0,0,0
1780639887222875,11.921,0.0495254,0.0184186,0.0264587,0,0,-5,0.0495254,0.0184186,5.02646,5.02674,0.0729351,0.0461582,0.00776631,0,0,0
1780639887246974,11.9451,0.0484819,0.018209,0.0263672,0,0,-5,0.0484819,0.018209,5.02637,5.02663,0.0729199,0.0463338,0.00866633,0,0,0
1780639887262974,11.9611,0.0479062,0.0181234,0.0263367,0,0,-5,0.0479062,0.0181234,5.02634,5.0266,0.0719043,0.0466872,0.00907646,0,0,0
1780639887278974,11.9771,0.0474095,0.0181008,0.0263062,0,0,-5,0.0474095,0.0181008,5.02631,5.02656,0.0712941,0.0485806,0.00874894,0,0,0
1780639887302974,12.0011,0.0468275,0.018143,0.0262451,0,0,-5,0.0468275,0.018143,5.02625,5.0265,0.070616,0.0479363,0.00879305,0,0,0
1780639887326974,12.0251,0.0463965,0.0182674,0.0262146,0,0,-5,0.0463965,0.0182674,5.02621,5.02646,0.0687908,0.0483956,0.00918521,0,0,0
1780639887342974,12.0411,0.0461968,0.0183913,0.0262146,0,0,-5,0.0461968,0.0183913,5.02621,5.02646,0.0695679,0.0491044,0.00941431,0,0,0
1780639887358974,12.0571,0.0460778,0.0185683,0.0262146,0,0,-5,0.0460778,0.0185683,5.02621,5.02646,0.0691565,0.0507204,0.00946942,0,0,0
1780639887382974,12.0811,0.0460246,0.0188909,0.0262451,0,0,-5,0.0460246,0.0188909,5.02625,5.02649,0.0689783,0.0507611,0.00987901,0,0,0
1780639887406974,12.1051,0.046108,0.019304,0.0263062,0,0,-5,0.046108,0.019304,5.02631,5.02655,0.0690753,0.0521198,0.0102698,0,0,0
1780639887422974,12.1211,0.0462424,0.0196094,0.0263672,0,0,-5,0.0462424,0.0196094,5.02637,5.02662,0.0691547,0.0506296,0.0101505,0,0,0
1780639887446974,12.1451,0.0465625,0.0200913,0.0264282,0,0,-5,0.0465625,0.0200913,5.02643,5.02668,0.0710211,0.0506009,0.00961835,0,0,0
1780639887462974,12.1611,0.0468674,0.0204491,0.0264587,0,0,-5,0.0468674,0.0204491,5.02646,5.02672,0.07183,0.0518151,0.0102186,0,0,0
1780639887478974,12.1771,0.0472269,0.0208354,0.0265198,0,0,-5,0.0472269,0.0208354,5.02652,5.02678,0.07098,0.0512983,0.010812,0,0,0
1780639887502974,12.2011,0.0478327,0.0214483,0.0266418,0,0,-5,0.0478327,0.0214483,5.02664,5.02692,0.070088,0.0514639,0.0106193,0,0,0
1780639887526974,12.2251,0.0485299,0.0221086,0.0267029,0,0,-5,0.0485299,0.0221086,5.0267,5.02699,0.0698937,0.0521895,0.00938221,0,0,0
1780639887542974,12.2411,0.0490377,0.0225935,0.0267334,0,0,-5,0.0490377,0.0225935,5.02673,5.02702,0.0693435,0.0535979,0.00839617,0,0,0
1780639887566974,12.2651,0.0498627,0.0233756,0.0267639,0,0,-5,0.0498627,0.0233756,5.02676,5.02707,0.0688712,0.0549569,0.00920814,0,0,0
1780639887582974,12.2811,0.0504757,0.0239429,0.026825,0,0,-5,0.0504757,0.0239429,5.02682,5.02714,0.0700021,0.0556494,0.0082521,0,0,0
1780639887598974,12.2971,0.0503061,0.0240471,0.0267334,0,0,-5,0.0503061,0.0240471,5.02673,5.02704,0.0688479,0.0557106,0.00837185,0,0,0
1780639887622974,12.3211,0.0489599,0.0236033,0.0264282,0,0,-5,0.0489599,0.0236033,5.02643,5.02672,0.0678403,0.0565851,0.00868143,0,0,0
1780639887646974,12.3451,0.0478502,0.0233087,0.0261841,0,0,-5,0.0478502,0.0233087,5.02618,5.02647,0.068195,0.0579318,0.00906679,0,0,0
1780639887662974,12.3611,0.0472376,0.0231815,0.026062,0,0,-5,0.0472376,0.0231815,5.02606,5.02634,0.068647,0.0565846,0.00947431,0,0,0
1780639887686974,12.3851,0.0465126,0.0230619,0.0258789,0,0,-5,0.0465126,0.0230619,5.02588,5.02615,0.0687083,0.0566566,0.00887343,0,0,0
1780639887702974,12.4011,0.0461246,0.0230445,0.0257568,0,0,-5,0.0461246,0.0230445,5.02576,5.02602,0.0676658,0.0563963,0.00864785,0,0,0
1780639887726974,12.4251,0.0456686,0.0231066,0.0256042,0,0,-5,0.0456686,0.0231066,5.0256,5.02586,0.0665563,0.0572618,0.008484,0,0,0
1780639887742974,12.4411,0.0454529,0.0232058,0.0255127,0,0,-5,0.0454529,0.0232058,5.02551,5.02577,0.0667665,0.0575545,0.00939334,0,0,0
1780639887766974,12.4651,0.0452705,0.0234202,0.0254211,0,0,-5,0.0452705,0.0234202,5.02542,5.02568,0.067223,0.0563642,0.00828241,0,0,0
1780639887782974,12.4811,0.0452435,0.023596,0.0253601,0,0,-5,0.0452435,0.023596,5.02536,5.02562,0.0676621,0.0562345,0.00931312,0,0,0
1780639887806974,12.5051,0.0453073,0.0239302,0.0253296,0,0,-5,0.0453073,0.0239302,5.02533,5.02559,0.0673075,0.0565375,0.0104547,0,0,0
1780639887822974,12.5211,0.0454319,0.0242006,0.0253296,0,0,-5,0.0454319,0.0242006,5.02533,5.02559,0.0681556,0.056794,0.0111569,0,0,0
1780639887838974,12.5371,0.0456247,0.024501,0.0253296,0,0,-5,0.0456247,0.024501,5.02533,5.0256,0.0680241,0.0566759,0.0103581,0,0,0
1780639887862974,12.5611,0.0459888,0.0250182,0.0253601,0,0,-5,0.0459888,0.0250182,5.02536,5.02563,0.0668467,0.0577575,0.00988003,0,0,0
1780639887886974,12.5851,0.0464671,0.0256297,0.0253906,0,0,-5,0.0464671,0.0256297,5.02539,5.02567,0.0693243,0.0594148,0.0116516,0,0,0
1780639887902974,12.6011,0.0468743,0.0260853,0.0254517,0,0,-5,0.0468743,0.0260853,5.02545,5.02574,0.070057,0.0599822,0.0120178,0,0,0
1780639887926974,12.6251,0.0476063,0.0268285,0.0255432,0,0,-5,0.0476063,0.0268285,5.02554,5.02584,0.0713519,0.0602367,0.0124521,0,0,0
1780639887942974,12.6411,0.0481773,0.0273598,0.0256653,0,0,-5,0.0481773,0.0273598,5.02567,5.02597,0.0727628,0.0606253,0.0142507,0,0,0
1780639887958974,12.6571,0.048799,0.0279158,0.0257874,0,0,-5,0.048799,0.0279158,5.02579,5.0261,0.0724837,0.0606657,0.0162118,0,0,0
1780639887982974,12.6811,0.0497852,0.0287665,0.0260315,0,0,-5,0.0497852,0.0287665,5.02603,5.02636,0.0721333,0.0583079,0.0157915,0,0,0
1780639888006974,12.7051,0.0492891,0.0286988,0.0260925,0,0,-5,0.0492891,0.0286988,5.02609,5.02642,0.0720058,0.0568478,0.0160646,0,0,0
1780639888022974,12.7211,0.0485493,0.0284058,0.0260315,0,0,-5,0.0485493,0.0284058,5.02603,5.02635,0.071213,0.0572491,0.0155975,0,0,0
1780639888046974,12.7451,0.0475999,0.0281089,0.0259705,0,0,-5,0.0475999,0.0281089,5.02597,5.02627,0.0696716,0.0588983,0.0151282,0,0,0
1780639888062974,12.7611,0.047078,0.0279972,0.0259705,0,0,-5,0.047078,0.0279972,5.02597,5.02627,0.0692961,0.0595781,0.0155092,0,0,0
1780639888086974,12.7851,0.0464414,0.027935,0.0259705,0,0,-5,0.0464414,0.027935,5.02597,5.02626,0.0687815,0.0595218,0.0155918,0,0,0
1780639888102974,12.8011,0.046111,0.0279548,0.0259705,0,0,-5,0.046111,0.0279548,5.02597,5.02626,0.0686033,0.0590907,0.0154666,0,0,0
1780639888126974,12.8251,0.0457801,0.0280399,0.0259705,0,0,-5,0.0457801,0.0280399,5.02597,5.02626,0.069759,0.0571325,0.014567,0,0,0
1780639888142974,12.8411,0.0456749,0.0281362,0.0259705,0,0,-5,0.0456749,0.0281362,5.02597,5.02626,0.071014,0.0580785,0.0142399,0,0,0
1780639888158974,12.8571,0.0456487,0.028275,0.026001,0,0,-5,0.0456487,0.028275,5.026,5.02629,0.0720671,0.0580141,0.0142724,0,0,0
1780639888182974,12.8811,0.0457317,0.0285595,0.026062,0,0,-5,0.0457317,0.0285595,5.02606,5.02635,0.0711632,0.0580055,0.0156755,0,0,0
1780639888206974,12.9051,0.0459454,0.0289216,0.0261841,0,0,-5,0.0459454,0.0289216,5.02618,5.02648,0.0717052,0.0583882,0.0156422,0,0,0
1780639888222974,12.9211,0.0461719,0.0292174,0.0262756,0,0,-5,0.0461719,0.0292174,5.02628,5.02657,0.0718133,0.0587596,0.0153315,0,0,0
1780639888246974,12.9451,0.0466175,0.029731,0.0263977,0,0,-5,0.0466175,0.029731,5.0264,5.0267,0.0719516,0.0589598,0.0146915,0,0,0
1780639888263074,12.9612,0.0469858,0.0301088,0.0265198,0,0,-5,0.0469858,0.0301088,5.02652,5.02683,0.0723434,0.0589474,0.0157791,0,0,0
1780639888287074,12.9852,0.047636,0.030773,0.0267029,0,0,-5,0.047636,0.030773,5.0267,5.02702,0.0725118,0.0617568,0.0143686,0,0,0
1780639888303074,13.0012,0.0481124,0.0312798,0.0267944,0,0,-5,0.0481124,0.0312798,5.02679,5.02712,0.0726007,0.0635028,0.0128281,0,0,0
1780639888327074,13.0252,0.0488962,0.0321225,0.0269165,0,0,-5,0.0488962,0.0321225,5.02692,5.02726,0.0711095,0.0650779,0.0114891,0,0,0
1780639888343074,13.0412,0.0494611,0.0327322,0.0270081,0,0,-5,0.0494611,0.0327322,5.02701,5.02736,0.0713997,0.0644196,0.0109688,0,0,0
1780639888367074,13.0652,0.0503883,0.0336544,0.0271301,0,0,-5,0.0503883,0.0336544,5.02713,5.0275,0.0713792,0.0639157,0.0103485,0,0,0
1780639888383074,13.0812,0.0510434,0.0343004,0.0271912,0,0,-5,0.0510434,0.0343004,5.02719,5.02757,0.0712901,0.0645432,0.0110008,0,0,0
1780639888407074,13.1052,0.0504501,0.0341533,0.0271301,0,0,-5,0.0504501,0.0341533,5.02713,5.0275,0.0705855,0.0652571,0.0115654,0,0,0
1780639888423074,13.1212,0.0496144,0.0337397,0.0270081,0,0,-5,0.0496144,0.0337397,5.02701,5.02737,0.0704419,0.0636624,0.0105262,0,0,0
1780639888447074,13.1452,0.0485283,0.0332168,0.0268555,0,0,-5,0.0485283,0.0332168,5.02686,5.0272,0.0681971,0.062883,0.0117346,0,0,0
1780639888463074,13.1612,0.0478891,0.0329529,0.0267944,0,0,-5,0.0478891,0.0329529,5.02679,5.02713,0.0660275,0.0631892,0.0131107,0,0,0
1780639888487074,13.1852,0.0470946,0.0326552,0.0267639,0,0,-5,0.0470946,0.0326552,5.02676,5.02709,0.0663567,0.0613432,0.0129939,0,0,0
1780639888503074,13.2012,0.046681,0.032516,0.0267639,0,0,-5,0.046681,0.032516,5.02676,5.02709,0.0673361,0.0616033,0.0128423,0,0,0
1780639888527074,13.2252,0.0462508,0.032413,0.0267639,0,0,-5,0.0462508,0.032413,5.02676,5.02708,0.0684109,0.0608475,0.0126815,0,0,0
1780639888543074,13.2412,0.0460586,0.0323952,0.0267944,0,0,-5,0.0460586,0.0323952,5.02679,5.02711,0.0684354,0.0604652,0.0129158,0,0,0
1780639888567074,13.2652,0.0458941,0.0324695,0.0268555,0,0,-5,0.0458941,0.0324695,5.02686,5.02717,0.0666651,0.0614836,0.0135251,0,0,0
1780639888583074,13.2812,0.0458427,0.0325853,0.0269165,0,0,-5,0.0458427,0.0325853,5.02692,5.02723,0.0658805,0.0620823,0.0132086,0,0,0
1780639888607074,13.3052,0.0458634,0.032862,0.0270386,0,0,-5,0.0458634,0.032862,5.02704,5.02736,0.0653223,0.0627922,0.0140003,0,0,0
1780639888623074,13.3212,0.0459604,0.0330929,0.0271301,0,0,-5,0.0459604,0.0330929,5.02713,5.02745,0.066775,0.0629641,0.0141249,0,0,0
1780639888647074,13.3452,0.0462448,0.0335055,0.0273132,0,0,-5,0.0462448,0.0335055,5.02731,5.02764,0.0672835,0.0612372,0.0154298,0,0,0
1780639888663074,13.3612,0.0464949,0.0338044,0.0274048,0,0,-5,0.0464949,0.0338044,5.0274,5.02773,0.0671928,0.0616228,0.0155126,0,0,0
1780639888687074,13.3852,0.0469496,0.0343407,0.0275879,0,0,-5,0.0469496,0.0343407,5.02759,5.02792,0.0671265,0.0626571,0.0153607,0,0,0
1780639888703074,13.4012,0.0473126,0.0347348,0.0276794,0,0,-5,0.0473126,0.0347348,5.02768,5.02802,0.0657791,0.0616417,0.0148071,0,0,0
1780639888719074,13.4172,0.0476976,0.0351618,0.0278015,0,0,-5,0.0476976,0.0351618,5.0278,5.02815,0.0650223,0.0628,0.0143843,0,0,0
1780639888743074,13.4412,0.0483638,0.0358895,0.0279541,0,0,-5,0.0483638,0.0358895,5.02795,5.02831,0.0661585,0.0645165,0.013153,0,0,0
1780639888759074,13.4572,0.0488633,0.0364258,0.0280457,0,0,-5,0.0488633,0.0364258,5.02805,5.02842,0.0654783,0.0647214,0.014212,0,0,0
1780639888783074,13.4812,0.0496757,0.037294,0.0282593,0,0,-5,0.0496757,0.037294,5.02826,5.02864,0.0658836,0.0655498,0.0155439,0,0,0
1780639888807074,13.5052,0.0488543,0.0370064,0.0284119,0,0,-5,0.0488543,0.0370064,5.02841,5.02879,0.0670886,0.0655043,0.0152764,0,0,0
1780639888823074,13.5212,0.0478628,0.0364905,0.0285034,0,0,-5,0.0478628,0.0364905,5.0285,5.02886,0.0671309,0.0653761,0.0154421,0,0,0
1780639888847074,13.5452,0.0465729,0.0358454,0.0286255,0,0,-5,0.0465729,0.0358454,5.02863,5.02897,0.0658183,0.0644023,0.0148467,0,0,0
1780639888863074,13.5612,0.0458394,0.0355045,0.028717,0,0,-5,0.0458394,0.0355045,5.02872,5.02905,0.0664468,0.0640059,0.0151252,0,0,0
1780639888887074,13.5852,0.0449164,0.0350941,0.0288696,0,0,-5,0.0449164,0.0350941,5.02887,5.02919,0.0655002,0.0624938,0.0145274,0,0,0
1780639888903074,13.6012,0.0444065,0.0349038,0.0289917,0,0,-5,0.0444065,0.0349038,5.02899,5.02931,0.0650058,0.0640154,0.0141848,0,0,0
1780639888927074,13.6252,0.0438,0.034737,0.0292053,0,0,-5,0.0438,0.034737,5.02921,5.02952,0.0652682,0.0625158,0.015287,0,0,0
1780639888943074,13.6412,0.0434906,0.0346729,0.0293274,0,0,-5,0.0434906,0.0346729,5.02933,5.02963,0.0643588,0.0620511,0.0157939,0,0,0
1780639888967074,13.6652,0.0431318,0.0346748,0.0295715,0,0,-5,0.0431318,0.0346748,5.02957,5.02988,0.063536,0.0622698,0.0165323,0,0,0
1780639888983074,13.6812,0.0429931,0.0347375,0.0297241,0,0,-5,0.0429931,0.0347375,5.02972,5.03003,0.0652592,0.0624464,0.0169767,0,0,0
1780639889007074,13.7052,0.0429415,0.0349411,0.0299988,0,0,-5,0.0429415,0.0349411,5.03,5.0303,0.0663793,0.0633414,0.0177232,0,0,0
1780639889023074,13.7212,0.0429884,0.0351508,0.0301819,0,0,-5,0.0429884,0.0351508,5.03018,5.03049,0.0660389,0.0656172,0.0178299,0,0,0
1780639889047074,13.7452,0.0431673,0.0355712,0.0305176,0,0,-5,0.0431673,0.0355712,5.03052,5.03083,0.0666495,0.0655094,0.0192576,0,0,0
1780639889063074,13.7612,0.043366,0.0359128,0.0307312,0,0,-5,0.043366,0.0359128,5.03073,5.03105,0.0669546,0.0666773,0.0187377,0,0,0
1780639889087074,13.7852,0.0437895,0.0365013,0.0310669,0,0,-5,0.0437895,0.0365013,5.03107,5.03139,0.0687913,0.0663847,0.0191363,0,0,0
1780639889103074,13.8012,0.0441532,0.0369237,0.031311,0,0,-5,0.0441532,0.0369237,5.03131,5.03164,0.068355,0.0656972,0.0194808,0,0,0
1780639889127074,13.8252,0.044792,0.0376383,0.0317078,0,0,-5,0.044792,0.0376383,5.03171,5.03205,0.0688765,0.0671042,0.0211816,0,0,0
1780639889143074,13.8412,0.0452724,0.0381695,0.0319824,0,0,-5,0.0452724,0.0381695,5.03198,5.03233,0.0685461,0.06767,0.0213084,0,0,0
1780639889167074,13.8652,0.046058,0.0390464,0.0324402,0,0,-5,0.046058,0.0390464,5.03244,5.0328,0.0693732,0.0690841,0.0228104,0,0,0
1780639889183074,13.8812,0.0466408,0.0396845,0.0327759,0,0,-5,0.0466408,0.0396845,5.03278,5.03315,0.0689813,0.0697591,0.0235032,0,0,0
1780639889207074,13.9052,0.0460554,0.0391899,0.0329895,0,0,-5,0.0460554,0.0391899,5.03299,5.03335,0.0692099,0.0698114,0.0235164,0,0,0
1780639889223074,13.9212,0.0452784,0.0384598,0.0330505,0,0,-5,0.0452784,0.0384598,5.03305,5.0334,0.0693276,0.0693818,0.0235448,0,0,0
1780639889247074,13.9452,0.0443089,0.0375343,0.0331726,0,0,-5,0.0443089,0.0375343,5.03317,5.03351,0.0684028,0.07006,0.0248677,0,0,0
1780639889263171,13.9613,0.0437633,0.0370408,0.0332642,0,0,-5,0.0437633,0.0370408,5.03326,5.03359,0.0671775,0.070138,0.0248291,0,0,0
1780639889279171,13.9773,0.0432948,0.0366206,0.0333557,0,0,-5,0.0432948,0.0366206,5.03336,5.03368,0.0675979,0.0697859,0.0245958,0,0,0
1780639889303171,14.0013,0.0427605,0.0361171,0.0335693,0,0,-5,0.0427605,0.0361171,5.03357,5.03388,0.0668729,0.0685787,0.0251076,0,0,0
1780639889327171,14.0253,0.0424033,0.0357645,0.0338135,0,0,-5,0.0424033,0.0357645,5.03381,5.03412,0.0669864,0.0688282,0.0248963,0,0,0
1780639889343171,14.0413,0.0422481,0.0356163,0.0339661,0,0,-5,0.0422481,0.0356163,5.03397,5.03427,0.0655539,0.0688687,0.0232247,0,0,0
1780639889367171,14.0653,0.0421434,0.0354822,0.0341797,0,0,-5,0.0421434,0.0354822,5.03418,5.03448,0.0672632,0.0670751,0.0217418,0,0,0
1780639889383171,14.0813,0.0421652,0.0354547,0.0343323,0,0,-5,0.0421652,0.0354547,5.03433,5.03463,0.0673494,0.0672019,0.0214417,0,0,0
1780639889407171,14.1053,0.04231,0.0355252,0.0345154,0,0,-5,0.04231,0.0355252,5.03452,5.03482,0.0661756,0.0673988,0.0214781,0,0,0
1780639889423171,14.1213,0.0424576,0.0356459,0.034668,0,0,-5,0.0424576,0.0356459,5.03467,5.03497,0.0657988,0.0681062,0.0225169,0,0,0
1780639889447171,14.1453,0.0427506,0.0359108,0.0349426,0,0,-5,0.0427506,0.0359108,5.03494,5.03525,0.0632103,0.0672963,0.0217593,0,0,0
1780639889463171,14.1613,0.0429964,0.0361509,0.0351257,0,0,-5,0.0429964,0.0361509,5.03513,5.03544,0.0635837,0.0678788,0.0224402,0,0,0
1780639889487171,14.1853,0.0434241,0.0365904,0.0354004,0,0,-5,0.0434241,0.0365904,5.0354,5.03572,0.0613155,0.0674596,0.0219161,0,0,0
1780639889503171,14.2013,0.0437639,0.0369314,0.035614,0,0,-5,0.0437639,0.0369314,5.03561,5.03594,0.0609805,0.0671519,0.0224326,0,0,0
1780639889527171,14.2253,0.0443166,0.0374993,0.0359497,0,0,-5,0.0443166,0.0374993,5.03595,5.03628,0.0585546,0.0660758,0.0230155,0,0,0
1780639889543171,14.2413,0.044729,0.0379161,0.0361328,0,0,-5,0.044729,0.0379161,5.03613,5.03647,0.0594987,0.0661171,0.0221677,0,0,0
1780639889567171,14.2653,0.045437,0.0386051,0.0364075,0,0,-5,0.045437,0.0386051,5.03641,5.03676,0.0597746,0.0658618,0.0232206,0,0,0
1780639889583171,14.2813,0.0459554,0.0391012,0.0366516,0,0,-5,0.0459554,0.0391012,5.03665,5.03701,0.059487,0.0655183,0.0226393,0,0,0
1780639889599171,14.2973,0.0458389,0.0389352,0.0366821,0,0,-5,0.0458389,0.0389352,5.03668,5.03704,0.0593255,0.0650975,0.0220212,0,0,0
1780639889623171,14.3213,0.044828,0.0378189,0.0365601,0,0,-5,0.044828,0.0378189,5.03656,5.0369,0.0593464,0.0649749,0.0211869,0,0,0
1780639889647171,14.3453,0.0440017,0.0368828,0.036438,0,0,-5,0.0440017,0.0368828,5.03644,5.03677,0.057438,0.0638187,0.0212198,0,0,0
1780639889663171,14.3613,0.0435401,0.0363485,0.0364075,0,0,-5,0.0435401,0.0363485,5.03641,5.03673,0.0573873,0.0628161,0.021508,0,0,0
1780639889687171,14.3853,0.0430014,0.0356845,0.036438,0,0,-5,0.0430014,0.0356845,5.03644,5.03675,0.0577153,0.0626251,0.0226734,0,0,0
1780639889703171,14.4013,0.0427343,0.0353349,0.0364685,0,0,-5,0.0427343,0.0353349,5.03647,5.03677,0.0575572,0.0629828,0.0227821,0,0,0
1780639889727171,14.4253,0.0424626,0.0349406,0.0365601,0,0,-5,0.0424626,0.0349406,5.03656,5.03686,0.0573929,0.0624818,0.0230578,0,0,0
1780639889743171,14.4413,0.0423436,0.034752,0.0366516,0,0,-5,0.0423436,0.034752,5.03665,5.03695,0.0563411,0.0618969,0.0232602,0,0,0
1780639889767171,14.4653,0.0422482,0.0345408,0.0368042,0,0,-5,0.0422482,0.0345408,5.0368,5.0371,0.0552178,0.0600511,0.0226457,0,0,0
1780639889783171,14.4813,0.0422433,0.0344616,0.0369263,0,0,-5,0.0422433,0.0344616,5.03693,5.03722,0.054828,0.0597166,0.0223638,0,0,0
1780639889807171,14.5053,0.0423232,0.0344118,0.0371094,0,0,-5,0.0423232,0.0344118,5.03711,5.0374,0.0547635,0.0584902,0.0219689,0,0,0
1780639889823171,14.5213,0.0424395,0.0344338,0.037262,0,0,-5,0.0424395,0.0344338,5.03726,5.03756,0.0538352,0.0583431,0.0228479,0,0,0
1780639889847171,14.5453,0.0426994,0.0345659,0.0375061,0,0,-5,0.0426994,0.0345659,5.03751,5.03781,0.0541911,0.0589503,0.0241991,0,0,0
1780639889863171,14.5613,0.0429226,0.0347118,0.0377197,0,0,-5,0.0429226,0.0347118,5.03772,5.03802,0.0539356,0.0589582,0.0237786,0,0,0
1780639889887171,14.5853,0.043366,0.0350287,0.0379944,0,0,-5,0.043366,0.0350287,5.03799,5.0383,0.0557627,0.0596489,0.0233133,0,0,0
1780639889903171,14.6013,0.0437179,0.0353039,0.0381775,0,0,-5,0.0437179,0.0353039,5.03818,5.03849,0.0551016,0.0605764,0.0234712,0,0,0
1780639889927171,14.6253,0.0443055,0.0358111,0.0384827,0,0,-5,0.0443055,0.0358111,5.03848,5.0388,0.0547996,0.061735,0.0234025,0,0,0
1780639889943171,14.6413,0.0447371,0.0361957,0.0386963,0,0,-5,0.0447371,0.0361957,5.0387,5.03902,0.0547837,0.0613311,0.022819,0,0,0
1780639889967171,14.6653,0.0454563,0.0368419,0.0389404,0,0,-5,0.0454563,0.0368419,5.03894,5.03928,0.0548064,0.0618868,0.0214719,0,0,0
1780639889983171,14.6813,0.0459726,0.0373171,0.0391235,0,0,-5,0.0459726,0.0373171,5.03912,5.03947,0.054595,0.0619978,0.0212623,0,0,0
1780639890007171,14.7053,0.0454272,0.037072,0.039032,0,0,-5,0.0454272,0.037072,5.03903,5.03937,0.0534483,0.06419,0.0206532,0,0,0
1780639890023171,14.7213,0.0447041,0.0366565,0.0388489,0,0,-5,0.0447041,0.0366565,5.03885,5.03918,0.0531208,0.0632683,0.0204171,0,0,0
1780639890039171,14.7373,0.0440612,0.0363013,0.0386963,0,0,-5,0.0440612,0.0363013,5.0387,5.03902,0.0517956,0.0631429,0.0206517,0,0,0
1780639890063171,14.7613,0.0432095,0.035914,0.0385437,0,0,-5,0.0432095,0.035914,5.03854,5.03886,0.0495542,0.0637006,0.0199714,0,0,0
1780639890087171,14.7853,0.0424777,0.0356778,0.0384216,0,0,-5,0.0424777,0.0356778,5.03842,5.03873,0.0489333,0.0628291,0.0200232,0,0,0
1780639890103171,14.8013,0.0420807,0.0355869,0.0383301,0,0,-5,0.0420807,0.0355869,5.03833,5.03863,0.0490433,0.0627009,0.019006,0,0,0
1780639890127171,14.8253,0.0415979,0.0355553,0.0382385,0,0,-5,0.0415979,0.0355553,5.03824,5.03854,0.0471255,0.0632313,0.0175345,0,0,0
1780639890143171,14.8413,0.0413334,0.0355985,0.0381775,0,0,-5,0.0413334,0.0355985,5.03818,5.03847,0.046183,0.0619314,0.0173777,0,0,0
1780639890167171,14.8653,0.0410118,0.0357596,0.0381165,0,0,-5,0.0410118,0.0357596,5.03812,5.03841,0.0450271,0.0623551,0.0174803,0,0,0
1780639890183171,14.8813,0.0408584,0.035921,0.0381165,0,0,-5,0.0408584,0.035921,5.03812,5.03841,0.044016,0.0626579,0.0172452,0,0,0
1780639890207171,14.9053,0.0407074,0.0362791,0.0381165,0,0,-5,0.0407074,0.0362791,5.03812,5.03841,0.0437204,0.0634151,0.0178889,0,0,0
1780639890223171,14.9213,0.0406642,0.0365641,0.038147,0,0,-5,0.0406642,0.0365641,5.03815,5.03844,0.0444104,0.0624704,0.0187154,0,0,0
1780639890247171,14.9453,0.0406869,0.0370449,0.0382385,0,0,-5,0.0406869,0.0370449,5.03824,5.03854,0.0443481,0.061609,0.0186171,0,0,0
1780639890263274,14.9614,0.0407763,0.0374066,0.0382996,0,0,-5,0.0407763,0.0374066,5.0383,5.0386,0.0459775,0.0616465,0.0187651,0,0,0
1780639890287274,14.9854,0.0409955,0.0380028,0.0383911,0,0,-5,0.0409955,0.0380028,5.03839,5.0387,0.0452655,0.0604989,0.017982,0,0,0
1780639890303274,15.0014,0.0411858,0.0384318,0.0384521,0,0,-5,0.0411858,0.0384318,5.03845,5.03877,0.0464012,0.0612498,0.0178327,0,0,0
1780639890327274,15.0254,0.0415598,0.0391581,0.0386047,0,0,-5,0.0415598,0.0391581,5.0386,5.03893,0.0463789,0.0617032,0.0180311,0,0,0
1780639890343274,15.0414,0.0418508,0.0396907,0.0386963,0,0,-5,0.0418508,0.0396907,5.0387,5.03903,0.0468338,0.062534,0.0185332,0,0,0
1780639890367274,15.0654,0.0423866,0.0405663,0.0389099,0,0,-5,0.0423866,0.0405663,5.03891,5.03925,0.0487163,0.0636975,0.0192327,0,0,0
1780639890383274,15.0814,0.0428,0.0411966,0.0390625,0,0,-5,0.0428,0.0411966,5.03906,5.03941,0.0491622,0.0648488,0.0193288,0,0,0
1780639890407274,15.1054,0.0423192,0.0408598,0.0389709,0,0,-5,0.0423192,0.0408598,5.03897,5.03931,0.0478943,0.0640414,0.0185315,0,0,0
1780639890423274,15.1214,0.0416942,0.0402725,0.0388489,0,0,-5,0.0416942,0.0402725,5.03885,5.03918,0.0483316,0.0635721,0.0178649,0,0,0
1780639890447274,15.1454,0.0408953,0.0395248,0.0386658,0,0,-5,0.0408953,0.0395248,5.03867,5.03899,0.0474044,0.0630308,0.0175785,0,0,0
1780639890463274,15.1614,0.0404454,0.039129,0.0385742,0,0,-5,0.0404454,0.039129,5.03857,5.03889,0.0472488,0.063285,0.0176128,0,0,0
1780639890487274,15.1854,0.0399024,0.0386517,0.0384827,0,0,-5,0.0399024,0.0386517,5.03848,5.03879,0.0466562,0.0615736,0.0179117,0,0,0
1780639890503274,15.2014,0.0396222,0.038414,0.0384521,0,0,-5,0.0396222,0.038414,5.03845,5.03875,0.045977,0.0625548,0.0192696,0,0,0
1780639890527274,15.2254,0.0392862,0.0381886,0.0384216,0,0,-5,0.0392862,0.0381886,5.03842,5.03872,0.0452549,0.0625082,0.0194167,0,0,0
1780639890543274,15.2414,0.0391246,0.0381194,0.0384216,0,0,-5,0.0391246,0.0381194,5.03842,5.03872,0.0442149,0.0629777,0.0193949,0,0,0
1780639890567274,15.2654,0.0389485,0.0381284,0.0384827,0,0,-5,0.0389485,0.0381284,5.03848,5.03878,0.0433605,0.0631898,0.0200692,0,0,0
1780639890583274,15.2814,0.0388828,0.0381918,0.0385742,0,0,-5,0.0388828,0.0381918,5.03857,5.03887,0.0420823,0.0625277,0.0190085,0,0,0
1780639890607274,15.3054,0.0388581,0.038381,0.0386658,0,0,-5,0.0388581,0.038381,5.03867,5.03896,0.0418105,0.0632159,0.019294,0,0,0
1780639890623274,15.3214,0.0388827,0.0385843,0.0387573,0,0,-5,0.0388827,0.0385843,5.03876,5.03906,0.0414515,0.0641341,0.0181875,0,0,0
1780639890647274,15.3454,0.0390248,0.0389575,0.0389099,0,0,-5,0.0390248,0.0389575,5.03891,5.03921,0.0418962,0.0632564,0.0177344,0,0,0
1780639890663274,15.3614,0.0391644,0.0392482,0.039032,0,0,-5,0.0391644,0.0392482,5.03903,5.03934,0.0420446,0.0622606,0.0174248,0,0,0
1780639890679274,15.3774,0.0393482,0.0395731,0.0391541,0,0,-5,0.0393482,0.0395731,5.03915,5.03946,0.0422117,0.0628523,0.0164306,0,0,0
1780639890703274,15.4014,0.0396976,0.0401558,0.0393372,0,0,-5,0.0396976,0.0401558,5.03934,5.03965,0.0425827,0.064566,0.0157597,0,0,0
1780639890727274,15.4254,0.040128,0.0408608,0.0395203,0,0,-5,0.040128,0.0408608,5.03952,5.03985,0.0436295,0.0651774,0.0161716,0,0,0
1780639890743274,15.4414,0.0404538,0.0413792,0.0396729,0,0,-5,0.0404538,0.0413792,5.03967,5.04001,0.0422263,0.0656079,0.0167923,0,0,0
1780639890767274,15.4654,0.0409827,0.0422568,0.039917,0,0,-5,0.0409827,0.0422568,5.03992,5.04026,0.0420133,0.0687193,0.0176344,0,0,0
1780639890783274,15.4814,0.0413542,0.0429163,0.0401001,0,0,-5,0.0413542,0.0429163,5.0401,5.04045,0.0412373,0.0702966,0.0177443,0,0,0
1780639890807274,15.5054,0.0408291,0.0426155,0.0398865,0,0,-5,0.0408291,0.0426155,5.03989,5.04023,0.0406592,0.0706953,0.0179564,0,0,0
1780639890823274,15.5214,0.0401872,0.0420648,0.0396423,0,0,-5,0.0401872,0.0420648,5.03964,5.03998,0.0399097,0.0710965,0.0187451,0,0,0
1780639890839274,15.5374,0.0395974,0.0416048,0.0393982,0,0,-5,0.0395974,0.0416048,5.0394,5.03973,0.0387811,0.0709549,0.0185827,0,0,0
1780639890863274,15.5614,0.0388473,0.0410842,0.039093,0,0,-5,0.0388473,0.0410842,5.03909,5.03941,0.0389647,0.0723609,0.0192033,0,0,0
1780639890887274,15.5854,0.0382613,0.0407751,0.0388184,0,0,-5,0.0382613,0.0407751,5.03882,5.03913,0.0393713,0.0732371,0.0180732,0,0,0
1780639890903274,15.6014,0.0379271,0.0406651,0.0386963,0,0,-5,0.0379271,0.0406651,5.0387,5.039,0.0378296,0.0730118,0.0170002,0,0,0
1780639890927274,15.6254,0.0375045,0.0405831,0.0385132,0,0,-5,0.0375045,0.0405831,5.03851,5.03882,0.0379457,0.0711022,0.0170653,0,0,0
1780639890943274,15.6414,0.0372918,0.040592,0.0384216,0,0,-5,0.0372918,0.040592,5.03842,5.03872,0.0384926,0.0712962,0.0170203,0,0,0
1780639890959274,15.6574,0.0371355,0.0406685,0.0383606,0,0,-5,0.0371355,0.0406685,5.03836,5.03866,0.0386489,0.0720411,0.0169385,0,0,0
1780639890983274,15.6814,0.0369941,0.0409062,0.038269,0,0,-5,0.0369941,0.0409062,5.03827,5.03857,0.0381217,0.0722351,0.0178566,0,0,0
1780639891007274,15.7054,0.0369229,0.0412686,0.0383301,0,0,-5,0.0369229,0.0412686,5.03833,5.03863,0.0368374,0.072578,0.0174265,0,0,0
1780639891023274,15.7214,0.0369001,0.0415842,0.0383301,0,0,-5,0.0369001,0.0415842,5.03833,5.03864,0.0361533,0.0733499,0.0170555,0,0,0
1780639891047274,15.7454,0.0369632,0.0421459,0.0384216,0,0,-5,0.0369632,0.0421459,5.03842,5.03873,0.0371282,0.0742264,0.0168327,0,0,0
1780639891063274,15.7614,0.0370508,0.0426075,0.0384521,0,0,-5,0.0370508,0.0426075,5.03845,5.03877,0.037537,0.0757275,0.0171936,0,0,0
1780639891087274,15.7854,0.0372921,0.0433926,0.0385132,0,0,-5,0.0372921,0.0433926,5.03851,5.03884,0.0399522,0.076976,0.0186269,0,0,0
1780639891103274,15.8014,0.0375224,0.0439963,0.0385742,0,0,-5,0.0375224,0.0439963,5.03857,5.03891,0.0413893,0.0787223,0.0181285,0,0,0
1780639891127274,15.8254,0.0379409,0.0449992,0.0386658,0,0,-5,0.0379409,0.0449992,5.03867,5.03901,0.0409466,0.0794451,0.0178929,0,0,0
1780639891143274,15.8414,0.0382546,0.045708,0.0387878,0,0,-5,0.0382546,0.045708,5.03879,5.03914,0.0414226,0.0786043,0.0186474,0,0,0
1780639891167274,15.8654,0.03879,0.0468306,0.0390015,0,0,-5,0.03879,0.0468306,5.039,5.03937,0.0419424,0.0798476,0.0196036,0,0,0
1780639891183274,15.8814,0.0391714,0.0476308,0.0391541,0,0,-5,0.0391714,0.0476308,5.03915,5.03953,0.0402316,0.080155,0.0196502,0,0,0
1780639891199274,15.8974,0.0389526,0.0474863,0.0391235,0,0,-5,0.0389526,0.0474863,5.03912,5.0395,0.0398489,0.0804682,0.0195958,0,0,0
1780639891223274,15.9214,0.0378414,0.0459875,0.0388489,0,0,-5,0.0378414,0.0459875,5.03885,5.0392,0.038942,0.0805055,0.0203189,0,0,0
1780639891247274,15.9454,0.0369015,0.0447561,0.0386658,0,0,-5,0.0369015,0.0447561,5.03867,5.039,0.0392469,0.0800472,0.0192779,0,0,0
1780639891263274,15.9614,0.0363685,0.0440718,0.0385437,0,0,-5,0.0363685,0.0440718,5.03854,5.03887,0.039354,0.0804407,0.0191493,0,0,0
1780639891287377,15.9855,0.0356757,0.0432202,0.0383911,0,0,-5,0.0356757,0.0432202,5.03839,5.0387,0.0393771,0.0795908,0.0191172,0,0,0
1780639891303377,16.0015,0.0352956,0.0427652,0.0382996,0,0,-5,0.0352956,0.0427652,5.0383,5.0386,0.0387488,0.0797827,0.0193611,0,0,0
1780639891327377,16.0255,0.0348085,0.0422535,0.038208,0,0,-5,0.0348085,0.0422535,5.03821,5.03851,0.0374319,0.0794665,0.0195814,0,0,0
1780639891343377,16.0415,0.034544,0.0420091,0.0381775,0,0,-5,0.034544,0.0420091,5.03818,5.03847,0.0372892,0.0791071,0.0184591,0,0,0
1780639891359377,16.0575,0.0343213,0.0418235,0.0381775,0,0,-5,0.0343213,0.0418235,5.03818,5.03847,0.0374662,0.0781998,0.0186032,0,0,0
1780639891383377,16.0815,0.0340989,0.0416803,0.038208,0,0,-5,0.0340989,0.0416803,5.03821,5.0385,0.0383319,0.0788574,0.0177303,0,0,0
1780639891407377,16.1055,0.0339949,0.0416957,0.0382385,0,0,-5,0.0339949,0.0416957,5.03824,5.03853,0.0393768,0.078256,0.0172564,0,0,0
1780639891423377,16.1215,0.0339932,0.0417753,0.0382996,0,0,-5,0.0339932,0.0417753,5.0383,5.03859,0.0397171,0.0775006,0.0169114,0,0,0
1780639891447377,16.1455,0.0340619,0.0420113,0.0383606,0,0,-5,0.0340619,0.0420113,5.03836,5.03865,0.0392332,0.0786318,0.015962,0,0,0
1780639891463377,16.1615,0.0341582,0.0422369,0.0384521,0,0,-5,0.0341582,0.0422369,5.03845,5.03874,0.0398652,0.0772785,0.0157264,0,0,0
1780639891487377,16.1855,0.03438,0.0426658,0.0385742,0,0,-5,0.03438,0.0426658,5.03857,5.03887,0.0398097,0.0781057,0.0146161,0,0,0
1780639891503377,16.2015,0.0345527,0.0430331,0.0386353,0,0,-5,0.0345527,0.0430331,5.03864,5.03894,0.0393364,0.079082,0.0145596,0,0,0
1780639891527377,16.2255,0.0348849,0.0436938,0.0387268,0,0,-5,0.0348849,0.0436938,5.03873,5.03904,0.0401535,0.0806417,0.0152978,0,0,0
1780639891543377,16.2415,0.0351692,0.0442158,0.0388489,0,0,-5,0.0351692,0.0442158,5.03885,5.03917,0.0423317,0.0811481,0.0151719,0,0,0
1780639891567377,16.2655,0.0356884,0.0450903,0.0390015,0,0,-5,0.0356884,0.0450903,5.039,5.03933,0.0437842,0.0820499,0.0142658,0,0,0
1780639891583377,16.2815,0.0360701,0.0457404,0.0390625,0,0,-5,0.0360701,0.0457404,5.03906,5.0394,0.0435689,0.0830516,0.0134201,0,0,0
1780639891607377,16.3055,0.0352919,0.0451899,0.0388794,0,0,-5,0.0352919,0.0451899,5.03888,5.03921,0.0402823,0.0830684,0.0141698,0,0,0
1780639891623377,16.3215,0.0343841,0.0444134,0.0386963,0,0,-5,0.0343841,0.0444134,5.0387,5.03901,0.0398596,0.0828639,0.0144519,0,0,0
1780639891647377,16.3455,0.0331977,0.0434486,0.0385132,0,0,-5,0.0331977,0.0434486,5.03851,5.03881,0.0396524,0.082985,0.0160787,0,0,0
1780639891663377,16.3615,0.0324996,0.0429421,0.0384521,0,0,-5,0.0324996,0.0429421,5.03845,5.03874,0.0394159,0.0832309,0.0168597,0,0,0
1780639891687377,16.3855,0.0315794,0.0423782,0.0383606,0,0,-5,0.0315794,0.0423782,5.03836,5.03864,0.0386627,0.0843445,0.0164126,0,0,0
1780639891703377,16.4015,0.0310483,0.0421247,0.0382996,0,0,-5,0.0310483,0.0421247,5.0383,5.03857,0.0387698,0.0847414,0.0176713,0,0,0
1780639891727377,16.4255,0.0303621,0.041919,0.038269,0,0,-5,0.0303621,0.041919,5.03827,5.03853,0.0376618,0.0854596,0.0179347,0,0,0
1780639891743377,16.4415,0.0299572,0.0418646,0.038269,0,0,-5,0.0299572,0.0418646,5.03827,5.03853,0.0371156,0.0835005,0.0190633,0,0,0
1780639891767377,16.4655,0.0294581,0.0418973,0.0382996,0,0,-5,0.0294581,0.0418973,5.0383,5.03856,0.0372806,0.0836474,0.0186015,0,0,0
1780639891783377,16.4815,0.0292075,0.0420095,0.0383606,0,0,-5,0.0292075,0.0420095,5.03836,5.03862,0.0369031,0.0840324,0.0194011,0,0,0
1780639891807377,16.5055,0.028918,0.0423035,0.0384521,0,0,-5,0.028918,0.0423035,5.03845,5.03871,0.0368824,0.0839996,0.020128,0,0,0
1780639891823377,16.5215,0.0287902,0.0425861,0.0385437,0,0,-5,0.0287902,0.0425861,5.03854,5.03881,0.0374362,0.0847325,0.0191575,0,0,0
1780639891847377,16.5455,0.0286852,0.0431243,0.0386963,0,0,-5,0.0286852,0.0431243,5.0387,5.03896,0.0372837,0.0847423,0.0194666,0,0,0
1780639891863377,16.5615,0.0286675,0.0435444,0.0388184,0,0,-5,0.0286675,0.0435444,5.03882,5.03909,0.0376441,0.0844504,0.0183866,0,0,0
1780639891879377,16.5775,0.0286884,0.0440225,0.0389404,0,0,-5,0.0286884,0.0440225,5.03894,5.03921,0.0374914,0.0855596,0.0187721,0,0,0
1780639891903377,16.6015,0.0287813,0.044856,0.0391541,0,0,-5,0.0287813,0.044856,5.03915,5.03944,0.0373884,0.0861516,0.0197021,0,0,0
1780639891927377,16.6255,0.0289528,0.0458184,0.0393677,0,0,-5,0.0289528,0.0458184,5.03937,5.03966,0.0377013,0.0878043,0.0203827,0,0,0
1780639891943377,16.6415,0.0291141,0.0465383,0.0395203,0,0,-5,0.0291141,0.0465383,5.03952,5.03982,0.0385113,0.0881094,0.0193844,0,0,0
1780639891967377,16.6655,0.0294448,0.0477277,0.0397949,0,0,-5,0.0294448,0.0477277,5.03979,5.04011,0.0393988,0.0900559,0.0198018,0,0,0
1780639891983377,16.6815,0.0297109,0.0485723,0.039978,0,0,-5,0.0297109,0.0485723,5.03998,5.0403,0.0401253,0.0900183,0.0199709,0,0,0
1780639892007377,16.7055,0.0292618,0.0484989,0.0401306,0,0,-5,0.0292618,0.0484989,5.04013,5.04045,0.0400638,0.0902026,0.0195911,0,0,0
1780639892023377,16.7215,0.028725,0.0480906,0.0402222,0,0,-5,0.028725,0.0480906,5.04022,5.04053,0.0390433,0.090177,0.018915,0,0,0
1780639892047377,16.7455,0.0280123,0.0476522,0.0403748,0,0,-5,0.0280123,0.0476522,5.04037,5.04068,0.0376301,0.0892782,0.0200736,0,0,0
1780639892063377,16.7615,0.0275946,0.0474608,0.0404968,0,0,-5,0.0275946,0.0474608,5.0405,5.0408,0.0378158,0.0891423,0.0194812,0,0,0
1780639892087377,16.7855,0.0270541,0.0473265,0.0406494,0,0,-5,0.0270541,0.0473265,5.04065,5.04094,0.0367479,0.088399,0.0196276,0,0,0
1780639892103377,16.8015,0.0267459,0.047326,0.040802,0,0,-5,0.0267459,0.047326,5.0408,5.0411,0.035649,0.0876941,0.0190772,0,0,0
1780639892127377,16.8255,0.0263725,0.0474744,0.0410156,0,0,-5,0.0263725,0.0474744,5.04102,5.04131,0.0361829,0.0887973,0.0190243,0,0,0
1780639892143377,16.8415,0.0261853,0.0476668,0.0411682,0,0,-5,0.0261853,0.0476668,5.04117,5.04146,0.0356712,0.0889441,0.0187958,0,0,0
1780639892167377,16.8655,0.0259857,0.048077,0.0414124,0,0,-5,0.0259857,0.048077,5.04141,5.04171,0.0354114,0.0891995,0.0195524,0,0,0
1780639892183377,16.8815,0.0259123,0.0484411,0.0415955,0,0,-5,0.0259123,0.0484411,5.0416,5.04189,0.0366438,0.0897365,0.0198279,0,0,0
1780639892207377,16.9055,0.0258868,0.0490929,0.0419617,0,0,-5,0.0258868,0.0490929,5.04196,5.04227,0.0369926,0.0892708,0.0193978,0,0,0
1780639892223377,16.9215,0.0259106,0.0495783,0.0421753,0,0,-5,0.0259106,0.0495783,5.04218,5.04249,0.036077,0.0887859,0.020153,0,0,0
1780639892247377,16.9455,0.0259993,0.0504094,0.042572,0,0,-5,0.0259993,0.0504094,5.04257,5.04289,0.0363403,0.0891877,0.0201377,0,0,0
1780639892263377,16.9615,0.026107,0.0510267,0.0428162,0,0,-5,0.026107,0.0510267,5.04282,5.04314,0.0358036,0.0885318,0.0198934,0,0,0
1780639892287377,16.9855,0.0263161,0.0520207,0.0432129,0,0,-5,0.0263161,0.0520207,5.04321,5.04355,0.0356106,0.0888009,0.0197002,0,0,0
1780639892303483,17.0016,0.0264816,0.0527446,0.043457,0,0,-5,0.0264816,0.0527446,5.04346,5.0438,0.0346,0.0885805,0.0195523,0,0,0
1780639892327483,17.0256,0.0267767,0.0539029,0.0438538,0,0,-5,0.0267767,0.0539029,5.04385,5.04421,0.0339341,0.0882418,0.0201343,0,0,0
1780639892343483,17.0416,0.026993,0.054728,0.0441895,0,0,-5,0.026993,0.054728,5.04419,5.04456,0.033043,0.0891048,0.0208248,0,0,0
1780639892367483,17.0656,0.0273083,0.0560386,0.0446777,0,0,-5,0.0273083,0.0560386,5.04468,5.04506,0.0325496,0.0885249,0.0217862,0,0,0
1780639892383483,17.0816,0.0275496,0.0569466,0.0450134,0,0,-5,0.0275496,0.0569466,5.04501,5.04541,0.0330317,0.088669,0.0223718,0,0,0
1780639892407483,17.1056,0.0272471,0.056404,0.0451355,0,0,-5,0.0272471,0.056404,5.04514,5.04552,0.0339598,0.0894357,0.0212421,0,0,0
1780639892423483,17.1216,0.026868,0.0555205,0.045105,0,0,-5,0.026868,0.0555205,5.0451,5.04548,0.0326152,0.0898119,0.0216698,0,0,0
1780639892447483,17.1456,0.026374,0.0544087,0.0450439,0,0,-5,0.026374,0.0544087,5.04504,5.04541,0.0320373,0.0887553,0.020824,0,0,0
1780639892463483,17.1616,0.0260902,0.0538039,0.0450439,0,0,-5,0.0260902,0.0538039,5.04504,5.0454,0.0307051,0.088607,0.0200002,0,0,0
1780639892487483,17.1856,0.02572,0.0530846,0.0450745,0,0,-5,0.02572,0.0530846,5.04507,5.04542,0.0291904,0.087353,0.019666,0,0,0
1780639892503483,17.2016,0.0255374,0.0527181,0.045105,0,0,-5,0.0255374,0.0527181,5.0451,5.04545,0.0292169,0.0883059,0.0195342,0,0,0
1780639892527483,17.2256,0.0253205,0.0523514,0.045166,0,0,-5,0.0253205,0.0523514,5.04517,5.0455,0.028173,0.0881435,0.0196842,0,0,0
1780639892543483,17.2416,0.0252133,0.0522127,0.0452271,0,0,-5,0.0252133,0.0522127,5.04523,5.04556,0.0272848,0.0877005,0.0199845,0,0,0
1780639892567483,17.2656,0.0251152,0.0521524,0.0453186,0,0,-5,0.0251152,0.0521524,5.04532,5.04565,0.028077,0.088375,0.0192964,0,0,0
1780639892583483,17.2816,0.025116,0.0522357,0.0454102,0,0,-5,0.025116,0.0522357,5.04541,5.04574,0.0280667,0.0887867,0.0192892,0,0,0
1780639892607483,17.3056,0.0251843,0.0524836,0.0455627,0,0,-5,0.0251843,0.0524836,5.04556,5.0459,0.0295664,0.0901193,0.0190101,0,0,0
1780639892623483,17.3216,0.0252697,0.0527518,0.0456543,0,0,-5,0.0252697,0.0527518,5.04565,5.04599,0.02834,0.0904024,0.018564,0,0,0
1780639892647483,17.3456,0.0254467,0.053278,0.0458374,0,0,-5,0.0254467,0.053278,5.04584,5.04618,0.029122,0.0904269,0.0185216,0,0,0
1780639892663483,17.3616,0.0256065,0.0537118,0.0459595,0,0,-5,0.0256065,0.0537118,5.04596,5.04631,0.0294279,0.0913037,0.0176459,0,0,0
1780639892687483,17.3856,0.0258922,0.0544771,0.0461121,0,0,-5,0.0258922,0.0544771,5.04611,5.04647,0.0288617,0.0915872,0.0161987,0,0,0
1780639892703483,17.4016,0.026114,0.0550668,0.0462646,0,0,-5,0.026114,0.0550668,5.04626,5.04663,0.0294068,0.0917479,0.0174609,0,0,0
1780639892727483,17.4256,0.0265151,0.056026,0.0465088,0,0,-5,0.0265151,0.056026,5.04651,5.04689,0.0313215,0.0915825,0.0172066,0,0,0
1780639892743483,17.4416,0.0268249,0.0567502,0.0466614,0,0,-5,0.0268249,0.0567502,5.04666,5.04705,0.0315718,0.0937027,0.0175678,0,0,0
1780639892767483,17.4656,0.0273326,0.0579646,0.046936,0,0,-5,0.0273326,0.0579646,5.04694,5.04734,0.03176,0.0948888,0.0179337,0,0,0
1780639892783483,17.4816,0.0276891,0.0588377,0.0471497,0,0,-5,0.0276891,0.0588377,5.04715,5.04757,0.0309508,0.0950668,0.0183135,0,0,0
1780639892807483,17.5056,0.0277976,0.0582237,0.0470886,0,0,-5,0.0277976,0.0582237,5.04709,5.0475,0.0314605,0.0943745,0.017839,0,0,0
1780639892823483,17.5216,0.0277543,0.057293,0.046936,0,0,-5,0.0277543,0.057293,5.04694,5.04734,0.0310186,0.0951398,0.0173999,0,0,0
1780639892847483,17.5456,0.0277666,0.0561477,0.0467224,0,0,-5,0.0277666,0.0561477,5.04672,5.04711,0.0315444,0.0945217,0.0181883,0,0,0
1780639892863483,17.5616,0.0278186,0.0555158,0.0466309,0,0,-5,0.0278186,0.0555158,5.04663,5.04701,0.0310701,0.0930706,0.0195676,0,0,0
1780639892887483,17.5856,0.0279493,0.0547578,0.0465393,0,0,-5,0.0279493,0.0547578,5.04654,5.04691,0.0310855,0.0928206,0.0198862,0,0,0
1780639892903483,17.6016,0.0280855,0.0543784,0.0465088,0,0,-5,0.0280855,0.0543784,5.04651,5.04688,0.0317797,0.0920101,0.0192522,0,0,0
1780639892927483,17.6256,0.0283383,0.0539658,0.0464478,0,0,-5,0.0283383,0.0539658,5.04645,5.04682,0.0312843,0.0910025,0.0186209,0,0,0
1780639892943483,17.6416,0.0285456,0.0537938,0.0463867,0,0,-5,0.0285456,0.0537938,5.04639,5.04675,0.0314426,0.0908795,0.018885,0,0,0
1780639892967483,17.6656,0.0289164,0.0536953,0.0463867,0,0,-5,0.0289164,0.0536953,5.04639,5.04676,0.0316482,0.0913537,0.0172992,0,0,0
1780639892983483,17.6816,0.0291862,0.0537396,0.0463867,0,0,-5,0.0291862,0.0537396,5.04639,5.04676,0.0317498,0.0914114,0.0189352,0,0,0
1780639893007483,17.7056,0.0296434,0.0539499,0.0464478,0,0,-5,0.0296434,0.0539499,5.04645,5.04682,0.0327472,0.0917659,0.0195225,0,0,0
1780639893023483,17.7216,0.0299927,0.0541874,0.0465088,0,0,-5,0.0299927,0.0541874,5.04651,5.04689,0.0335311,0.0925621,0.01962,0,0,0
1780639893047483,17.7456,0.0305665,0.0546948,0.0466614,0,0,-5,0.0305665,0.0546948,5.04666,5.04705,0.0349462,0.093742,0.0200552,0,0,0
1780639893063483,17.7616,0.0309918,0.0551241,0.0467834,0,0,-5,0.0309918,0.0551241,5.04678,5.04718,0.0357684,0.0937486,0.0191425,0,0,0
1780639893087483,17.7856,0.0316953,0.055887,0.0469971,0,0,-5,0.0316953,0.055887,5.047,5.04741,0.0366857,0.0949777,0.0178982,0,0,0
1780639893103483,17.8016,0.0321845,0.0564773,0.0471191,0,0,-5,0.0321845,0.0564773,5.04712,5.04754,0.0358913,0.0944755,0.0164796,0,0,0
1780639893127483,17.8256,0.0329275,0.0574423,0.0472717,0,0,-5,0.0329275,0.0574423,5.04727,5.04771,0.0344782,0.0936947,0.0150352,0,0,0
1780639893143483,17.8416,0.033415,0.0581468,0.0473633,0,0,-5,0.033415,0.0581468,5.04736,5.04781,0.0346783,0.0944836,0.0159885,0,0,0
1780639893167483,17.8656,0.0341772,0.0592984,0.0475464,0,0,-5,0.0341772,0.0592984,5.04755,5.04801,0.0350409,0.0944008,0.0162148,0,0,0
1780639893183483,17.8816,0.0347021,0.0601209,0.0476685,0,0,-5,0.0347021,0.0601209,5.04767,5.04815,0.0352973,0.0937131,0.0157903,0,0,0
1780639893207483,17.9056,0.0347182,0.059223,0.0474548,0,0,-5,0.0347182,0.059223,5.04745,5.04792,0.0351695,0.0928676,0.0150351,0,0,0
1780639893223483,17.9216,0.0345311,0.058043,0.0472107,0,0,-5,0.0345311,0.058043,5.04721,5.04766,0.0354024,0.0922485,0.0163209,0,0,0
1780639893247483,17.9456,0.0343211,0.0565163,0.046936,0,0,-5,0.0343211,0.0565163,5.04694,5.04737,0.0346595,0.0911227,0.0159419,0,0,0
1780639893263483,17.9616,0.0342367,0.0556479,0.0467834,0,0,-5,0.0342367,0.0556479,5.04678,5.04721,0.0351979,0.0907868,0.0153346,0,0,0
1780639893287483,17.9856,0.0341744,0.0545624,0.0465088,0,0,-5,0.0341744,0.0545624,5.04651,5.04692,0.0351639,0.0899994,0.0138483,0,0,0
1780639893303593,18.0017,0.0341912,0.0539767,0.0463867,0,0,-5,0.0341912,0.0539767,5.04639,5.04679,0.0352429,0.0904586,0.0132739,0,0,0
1780639893327593,18.0257,0.0342629,0.0533023,0.0461731,0,0,-5,0.0342629,0.0533023,5.04617,5.04657,0.0339138,0.0906402,0.0126109,0,0,0
1780639893343593,18.0417,0.0343433,0.0529725,0.046051,0,0,-5,0.0343433,0.0529725,5.04605,5.04645,0.0348244,0.0899618,0.0123573,0,0,0
1780639893367593,18.0657,0.0345794,0.0526417,0.0458984,0,0,-5,0.0345794,0.0526417,5.0459,5.04629,0.0361433,0.0902659,0.0120438,0,0,0
1780639893383593,18.0817,0.0348005,0.0525201,0.0458069,0,0,-5,0.0348005,0.0525201,5.04581,5.0462,0.0368987,0.088592,0.0110067,0,0,0
1780639893407593,18.1057,0.0351904,0.05247,0.0456543,0,0,-5,0.0351904,0.05247,5.04565,5.04605,0.0368261,0.0886935,0.0109153,0,0,0
1780639893423593,18.1217,0.0354783,0.0525368,0.0456238,0,0,-5,0.0354783,0.0525368,5.04562,5.04602,0.0370523,0.0885009,0.011144,0,0,0
1780639893447593,18.1457,0.0359727,0.0527645,0.0455627,0,0,-5,0.0359727,0.0527645,5.04556,5.04597,0.0389863,0.0888059,0.0106887,0,0,0
1780639893463593,18.1617,0.0363468,0.0530063,0.0455627,0,0,-5,0.0363468,0.0530063,5.04556,5.04597,0.0385069,0.088905,0.00999974,0,0,0
1780639893487593,18.1857,0.0369567,0.0535151,0.0455017,0,0,-5,0.0369567,0.0535151,5.0455,5.04592,0.040847,0.0898286,0.00895735,0,0,0
1780639893503593,18.2017,0.0374102,0.0539416,0.0454712,0,0,-5,0.0374102,0.0539416,5.04547,5.0459,0.0414759,0.0909211,0.00929139,0,0,0
1780639893527593,18.2257,0.0381154,0.0546835,0.0454102,0,0,-5,0.0381154,0.0546835,5.04541,5.04585,0.0399525,0.0904778,0.00844195,0,0,0
1780639893543593,18.2417,0.0385884,0.0552537,0.0453796,0,0,-5,0.0385884,0.0552537,5.04538,5.04583,0.0396988,0.0904835,0.00927984,0,0,0
1780639893567593,18.2657,0.0393398,0.0562262,0.0453796,0,0,-5,0.0393398,0.0562262,5.04538,5.04585,0.0401411,0.0923374,0.00930888,0,0,0
1780639893583593,18.2817,0.0398637,0.056949,0.0453796,0,0,-5,0.0398637,0.056949,5.04538,5.04586,0.0407222,0.0921887,0.00995469,0,0,0
1780639893607593,18.3057,0.0396526,0.0563717,0.0452576,0,0,-5,0.0396526,0.0563717,5.04526,5.04573,0.0406727,0.0900256,0.0103171,0,0,0
1780639893623593,18.3217,0.0392306,0.0555306,0.045166,0,0,-5,0.0392306,0.0555306,5.04517,5.04562,0.0400384,0.0897942,0.00972715,0,0,0
1780639893647593,18.3457,0.0386663,0.0544842,0.0450745,0,0,-5,0.0386663,0.0544842,5.04507,5.04552,0.0383973,0.0882037,0.0110134,0,0,0
1780639893663593,18.3617,0.0383452,0.0539185,0.0450439,0,0,-5,0.0383452,0.0539185,5.04504,5.04548,0.0383915,0.0870508,0.0114981,0,0,0
1780639893687593,18.3857,0.0379544,0.0532414,0.0450439,0,0,-5,0.0379544,0.0532414,5.04504,5.04547,0.0381659,0.0860042,0.0121503,0,0,0
1780639893703593,18.4017,0.037778,0.0529026,0.0450439,0,0,-5,0.037778,0.0529026,5.04504,5.04546,0.0401377,0.0856803,0.0124928,0,0,0
1780639893727593,18.4257,0.0376213,0.0525789,0.0450439,0,0,-5,0.0376213,0.0525789,5.04504,5.04546,0.0400096,0.0865015,0.0105893,0,0,0
1780639893743593,18.4417,0.0375601,0.0524737,0.0450439,0,0,-5,0.0375601,0.0524737,5.04504,5.04546,0.0400469,0.0867271,0.0104313,0,0,0
1780639893767593,18.4657,0.037556,0.052491,0.0450439,0,0,-5,0.037556,0.052491,5.04504,5.04546,0.0408676,0.0875078,0.00992525,0,0,0
1780639893783593,18.4817,0.0376132,0.052597,0.0450745,0,0,-5,0.0376132,0.052597,5.04507,5.04549,0.0411559,0.0870244,0.00858483,0,0,0
1780639893807593,18.5057,0.0377408,0.0529125,0.045105,0,0,-5,0.0377408,0.0529125,5.0451,5.04552,0.0407956,0.0877491,0.00887763,0,0,0
1780639893823593,18.5217,0.0378682,0.0532123,0.0451355,0,0,-5,0.0378682,0.0532123,5.04514,5.04556,0.0411441,0.0882132,0.00759953,0,0,0
1780639893847593,18.5457,0.0381427,0.0538058,0.0451355,0,0,-5,0.0381427,0.0538058,5.04514,5.04557,0.0423239,0.0893905,0.00633508,0,0,0
1780639893863593,18.5617,0.0383692,0.0542832,0.0451355,0,0,-5,0.0383692,0.0542832,5.04514,5.04557,0.0423445,0.0889331,0.00720408,0,0,0
1780639893887593,18.5857,0.0387689,0.0551207,0.0451965,0,0,-5,0.0387689,0.0551207,5.0452,5.04565,0.0432604,0.0899856,0.00802768,0,0,0
1780639893903593,18.6017,0.0390762,0.0557455,0.0452271,0,0,-5,0.0390762,0.0557455,5.04523,5.04569,0.0431734,0.0896865,0.00860214,0,0,0
1780639893927593,18.6257,0.0395736,0.056775,0.0452576,0,0,-5,0.0395736,0.056775,5.04526,5.04573,0.0424663,0.0898432,0.0078308,0,0,0
1780639893943593,18.6417,0.0399361,0.0575287,0.0452576,0,0,-5,0.0399361,0.0575287,5.04526,5.04574,0.0432002,0.0901218,0.0081664,0,0,0
1780639893967593,18.6657,0.0405527,0.0587415,0.0452881,0,0,-5,0.0405527,0.0587415,5.04529,5.04579,0.0449158,0.0901146,0.00726333,0,0,0
1780639893983593,18.6817,0.0410102,0.0596073,0.0452881,0,0,-5,0.0410102,0.0596073,5.04529,5.04581,0.0456846,0.0903919,0.00754943,0,0,0
1780639894007593,18.7057,0.040346,0.0589885,0.0450745,0,0,-5,0.040346,0.0589885,5.04507,5.04558,0.0461706,0.089235,0.0086074,0,0,0
1780639894023593,18.7217,0.0395202,0.0580262,0.0448608,0,0,-5,0.0395202,0.0580262,5.04486,5.04535,0.044625,0.0880622,0.00688518,0,0,0
1780639894047593,18.7457,0.0384171,0.0568189,0.0445557,0,0,-5,0.0384171,0.0568189,5.04456,5.04502,0.0451132,0.0872959,0.00577553,0,0,0
1780639894063593,18.7617,0.0377784,0.0561477,0.0443726,0,0,-5,0.0377784,0.0561477,5.04437,5.04483,0.0442403,0.0874361,0.00512327,0,0,0
1780639894079593,18.7777,0.0372039,0.0555896,0.0441589,0,0,-5,0.0372039,0.0555896,5.04416,5.0446,0.0451328,0.0862465,0.00377235,0,0,0
1780639894103593,18.8017,0.0364716,0.0549152,0.0438538,0,0,-5,0.0364716,0.0549152,5.04385,5.04428,0.0445708,0.0845755,0.00417871,0,0,0
1780639894127593,18.8257,0.0358861,0.0544413,0.0435791,0,0,-5,0.0358861,0.0544413,5.04358,5.044,0.0450139,0.0841438,0.00446705,0,0,0
1780639894143593,18.8417,0.0355637,0.0542248,0.0434265,0,0,-5,0.0355637,0.0542248,5.04343,5.04384,0.044335,0.083155,0.00484112,0,0,0
1780639894167593,18.8657,0.0351569,0.0540198,0.0432434,0,0,-5,0.0351569,0.0540198,5.04324,5.04366,0.0432628,0.0825671,0.00518056,0,0,0
1780639894183593,18.8817,0.0349491,0.0539918,0.0431213,0,0,-5,0.0349491,0.0539918,5.04312,5.04353,0.0437059,0.0836267,0.00521213,0,0,0
1780639894207593,18.9057,0.0347333,0.0540954,0.0429993,0,0,-5,0.0347333,0.0540954,5.043,5.04341,0.043268,0.0826015,0.00584281,0,0,0
1780639894223593,18.9217,0.0346408,0.0542336,0.0429077,0,0,-5,0.0346408,0.0542336,5.04291,5.04332,0.0427968,0.081121,0.00612073,0,0,0
1780639894247593,18.9457,0.034583,0.0545476,0.0428162,0,0,-5,0.034583,0.0545476,5.04282,5.04323,0.0426218,0.0810094,0.0063611,0,0,0
1780639894263593,18.9617,0.0345942,0.0548434,0.0427551,0,0,-5,0.0345942,0.0548434,5.04276,5.04317,0.0421578,0.0824902,0.00662822,0,0,0
1780639894287593,18.9857,0.0346609,0.0554215,0.0427551,0,0,-5,0.0346609,0.0554215,5.04276,5.04318,0.0416861,0.0824909,0.00691657,0,0,0
1780639894303706,19.0018,0.0347584,0.0558745,0.0427246,0,0,-5,0.0347584,0.0558745,5.04272,5.04315,0.042403,0.0826659,0.00606334,0,0,0
1780639894327706,19.0258,0.0349739,0.0566616,0.0427246,0,0,-5,0.0349739,0.0566616,5.04272,5.04316,0.0425027,0.0831887,0.00588223,0,0,0
1780639894343706,19.0418,0.0351655,0.0572644,0.0427246,0,0,-5,0.0351655,0.0572644,5.04272,5.04317,0.0433328,0.0842222,0.00555026,0,0,0
1780639894367706,19.0658,0.0354969,0.058284,0.0427856,0,0,-5,0.0354969,0.058284,5.04279,5.04325,0.0417665,0.0852032,0.00585729,0,0,0
1780639894383706,19.0818,0.0357414,0.0590292,0.0428467,0,0,-5,0.0357414,0.0590292,5.04285,5.04332,0.042123,0.0858744,0.00679605,0,0,0
1780639894407706,19.1058,0.0348338,0.0582082,0.042572,0,0,-5,0.0348338,0.0582082,5.04257,5.04303,0.0425218,0.0849094,0.00684605,0,0,0
1780639894423706,19.1218,0.0338789,0.0571333,0.0422668,0,0,-5,0.0338789,0.0571333,5.04227,5.0427,0.0414355,0.0850176,0.00539826,0,0,0
1780639894447706,19.1458,0.03256,0.0557678,0.0418396,0,0,-5,0.03256,0.0557678,5.04184,5.04225,0.0394103,0.0858888,0.00445047,0,0,0
1780639894463706,19.1618,0.0317527,0.055015,0.0415344,0,0,-5,0.0317527,0.055015,5.04153,5.04193,0.0382238,0.0851792,0.00425433,0,0,0
1780639894487706,19.1858,0.0306501,0.0540729,0.0411682,0,0,-5,0.0306501,0.0540729,5.04117,5.04155,0.036719,0.0837821,0.00511335,0,0,0
1780639894503706,19.2018,0.0299942,0.0535715,0.0409851,0,0,-5,0.0299942,0.0535715,5.04099,5.04136,0.0369315,0.0841616,0.00459442,0,0,0
1780639894527706,19.2258,0.0290888,0.0530192,0.040741,0,0,-5,0.0290888,0.0530192,5.04074,5.0411,0.0345129,0.0847628,0.0059623,0,0,0
1780639894543706,19.2418,0.0285496,0.0527708,0.0405884,0,0,-5,0.0285496,0.0527708,5.04059,5.04095,0.0344911,0.0841598,0.00591001,0,0,0
1780639894567706,19.2658,0.0278286,0.0525302,0.0404358,0,0,-5,0.0278286,0.0525302,5.04044,5.04079,0.0326402,0.0831341,0.00844162,0,0,0
1780639894583706,19.2818,0.0274065,0.0524608,0.0403442,0,0,-5,0.0274065,0.0524608,5.04034,5.04069,0.0335734,0.0827912,0.00916731,0,0,0
1780639894607706,19.3058,0.0268584,0.052496,0.0402832,0,0,-5,0.0268584,0.052496,5.04028,5.04063,0.0317299,0.0821483,0.00958123,0,0,0
1780639894623706,19.3218,0.026538,0.0526105,0.0402527,0,0,-5,0.026538,0.0526105,5.04025,5.0406,0.0319397,0.0827699,0.0102807,0,0,0
1780639894647706,19.3458,0.0261333,0.0529272,0.0402222,0,0,-5,0.0261333,0.0529272,5.04022,5.04057,0.0287105,0.0836888,0.00986023,0,0,0
1780639894663706,19.3618,0.0258921,0.0532409,0.0402222,0,0,-5,0.0258921,0.0532409,5.04022,5.04057,0.0289446,0.0855479,0.0093368,0,0,0
1780639894679706,19.3778,0.0257055,0.0536226,0.0402222,0,0,-5,0.0257055,0.0536226,5.04022,5.04057,0.0299707,0.0846466,0.00952187,0,0,0
1780639894703706,19.4018,0.0255045,0.0543075,0.0402222,0,0,-5,0.0255045,0.0543075,5.04022,5.04058,0.0294239,0.0847249,0.00856265,0,0,0
1780639894727706,19.4258,0.025369,0.0551239,0.0402527,0,0,-5,0.025369,0.0551239,5.04025,5.04062,0.0281004,0.0854081,0.00824477,0,0,0
1780639894743706,19.4418,0.0252973,0.055731,0.0402527,0,0,-5,0.0252973,0.055731,5.04025,5.04062,0.0272537,0.085478,0.007942,0,0,0
1780639894767706,19.4658,0.0252377,0.0567452,0.0402832,0,0,-5,0.0252377,0.0567452,5.04028,5.04067,0.0257815,0.0857988,0.00840074,0,0,0
1780639894783706,19.4818,0.0252173,0.0574722,0.0403137,0,0,-5,0.0252173,0.0574722,5.04031,5.0407,0.0256738,0.0854385,0.00839448,0,0,0
1780639894807706,19.5058,0.0245247,0.0571092,0.0401611,0,0,-5,0.0245247,0.0571092,5.04016,5.04054,0.0254919,0.0852959,0.00737708,0,0,0
1780639894823706,19.5218,0.0239136,0.0564877,0.0400085,0,0,-5,0.0239136,0.0564877,5.04001,5.04038,0.0267289,0.0850493,0.00824295,0,0,0
1780639894847706,19.5458,0.0231334,0.0557665,0.039856,0,0,-5,0.0231334,0.0557665,5.03986,5.04022,0.0275185,0.0853807,0.00961953,0,0,0
1780639894863706,19.5618,0.0226909,0.0554203,0.0397339,0,0,-5,0.0226909,0.0554203,5.03973,5.04009,0.0276675,0.0859412,0.00924352,0,0,0
1780639894887706,19.5858,0.0221072,0.0550796,0.0396118,0,0,-5,0.0221072,0.0550796,5.03961,5.03996,0.0273327,0.0850986,0.00864365,0,0,0
1780639894903706,19.6018,0.0217839,0.0549543,0.0395203,0,0,-5,0.0217839,0.0549543,5.03952,5.03987,0.0273854,0.0848586,0.00783591,0,0,0
1780639894927706,19.6258,0.0213678,0.0549146,0.0393982,0,0,-5,0.0213678,0.0549146,5.0394,5.03974,0.0277109,0.0851017,0.00780166,0,0,0
1780639894943706,19.6418,0.0211373,0.0549792,0.0393066,0,0,-5,0.0211373,0.0549792,5.03931,5.03965,0.0281034,0.0844373,0.00727938,0,0,0
1780639894959706,19.6578,0.0209427,0.0551013,0.0392456,0,0,-5,0.0209427,0.0551013,5.03925,5.03959,0.0270631,0.0839666,0.00743096,0,0,0
1780639894983706,19.6818,0.0206899,0.0554197,0.0391541,0,0,-5,0.0206899,0.0554197,5.03915,5.0395,0.0257349,0.0838363,0.00598256,0,0,0
1780639894999706,19.6978,0.0205566,0.0557039,0.0391235,0,0,-5,0.0205566,0.0557039,5.03912,5.03947,0.0258471,0.0831632,0.00564127,0,0,0
1780639895023706,19.7218,0.0204127,0.0562373,0.039093,0,0,-5,0.0204127,0.0562373,5.03909,5.03945,0.024806,0.0830941,0.00584126,0,0,0
1780639895047706,19.7458,0.0203111,0.0568969,0.0390625,0,0,-5,0.0203111,0.0568969,5.03906,5.03942,0.0241129,0.082174,0.00659862,0,0,0
1780639895063706,19.7618,0.0202711,0.0573838,0.039093,0,0,-5,0.0202711,0.0573838,5.03909,5.03946,0.0237309,0.0813722,0.00804025,0,0,0
1780639895079706,19.7778,0.0202669,0.0579116,0.0391235,0,0,-5,0.0202669,0.0579116,5.03912,5.0395,0.0238891,0.0813592,0.00886792,0,0,0
1780639895103706,19.8018,0.0203116,0.0587971,0.0391846,0,0,-5,0.0203116,0.0587971,5.03918,5.03957,0.0231098,0.0824113,0.00919153,0,0,0
1780639895127706,19.8258,0.0203951,0.0598085,0.0392761,0,0,-5,0.0203951,0.0598085,5.03928,5.03967,0.0228005,0.0824099,0.00933498,0,0,0
1780639895143706,19.8418,0.0204818,0.060523,0.0393066,0,0,-5,0.0204818,0.060523,5.03931,5.03971,0.0228135,0.0812073,0.00952744,0,0,0
1780639895167706,19.8658,0.0206436,0.0616735,0.0393677,0,0,-5,0.0206436,0.0616735,5.03937,5.03979,0.0223529,0.0832214,0.00833415,0,0,0
1780639895183706,19.8818,0.0207679,0.0625112,0.0393982,0,0,-5,0.0207679,0.0625112,5.0394,5.03983,0.0220521,0.08304,0.00780264,0,0,0
1780639895207706,19.9058,0.0205388,0.0619076,0.0391235,0,0,-5,0.0205388,0.0619076,5.03912,5.03955,0.0229291,0.0834345,0.00764321,0,0,0
1780639895223706,19.9218,0.0202779,0.0610031,0.0388489,0,0,-5,0.0202779,0.0610031,5.03885,5.03926,0.0223393,0.0824787,0.00765791,0,0,0
1780639895247706,19.9458,0.0199862,0.0598474,0.0384827,0,0,-5,0.0199862,0.0598474,5.03848,5.03888,0.0245039,0.0816732,0.00719503,0,0,0
1780639895263706,19.9618,0.0198462,0.0592078,0.038269,0,0,-5,0.0198462,0.0592078,5.03827,5.03866,0.0243634,0.0812387,0.00659534,0,0,0
1780639895287706,19.9858,0.0197018,0.0584232,0.0379333,0,0,-5,0.0197018,0.0584232,5.03793,5.03831,0.0249547,0.0799788,0.0065392,0,0,0
1780639895303706,20.0018,0.0196508,0.0580072,0.0377197,0,0,-5,0.0196508,0.0580072,5.03772,5.03809,0.0252969,0.0792918,0.00549532,0,0,0
1780639895327819,20.0259,0.0196156,0.0575486,0.0374451,0,0,-5,0.0196156,0.0575486,5.03745,5.03781,0.02399,0.0794172,0.00563357,0,0,0
1780639895343819,20.0419,0.0196141,0.0573527,0.0372314,0,0,-5,0.0196141,0.0573527,5.03723,5.0376,0.0237514,0.0789656,0.00599742,0,0,0
1780639895359819,20.0579,0.0196324,0.057238,0.0370483,0,0,-5,0.0196324,0.057238,5.03705,5.03741,0.0229294,0.0801801,0.00769676,0,0,0
1780639895383819,20.0819,0.0196896,0.0572226,0.0368347,0,0,-5,0.0196896,0.0572226,5.03683,5.0372,0.0220317,0.0799445,0.00794819,0,0,0
1780639895407819,20.1059,0.0197712,0.0573519,0.0366516,0,0,-5,0.0197712,0.0573519,5.03665,5.03702,0.0208737,0.0795186,0.00680785,0,0,0
1780639895423819,20.1219,0.019835,0.0575263,0.036499,0,0,-5,0.019835,0.0575263,5.0365,5.03687,0.0200999,0.0795665,0.00621548,0,0,0
1780639895447819,20.1459,0.0199614,0.0579033,0.0363464,0,0,-5,0.0199614,0.0579033,5.03635,5.03672,0.0203037,0.0795205,0.00578364,0,0,0
1780639895463819,20.1619,0.0200569,0.058231,0.0362244,0,0,-5,0.0200569,0.058231,5.03622,5.0366,0.0193454,0.0796301,0.00561478,0,0,0
1780639895487819,20.1859,0.0202467,0.0588346,0.0361023,0,0,-5,0.0202467,0.0588346,5.0361,5.03649,0.020254,0.0797618,0.00682396,0,0,0
1780639895503819,20.2019,0.0203895,0.0592995,0.0360413,0,0,-5,0.0203895,0.0592995,5.03604,5.03643,0.0196226,0.0789925,0.006135,0,0,0
1780639895527819,20.2259,0.0206382,0.0600775,0.0359497,0,0,-5,0.0206382,0.0600775,5.03595,5.03635,0.0187647,0.0790365,0.00573025,0,0,0
1780639895543819,20.2419,0.0208199,0.0606643,0.0358887,0,0,-5,0.0208199,0.0606643,5.03589,5.0363,0.0198626,0.0798521,0.00569518,0,0,0
1780639895567819,20.2659,0.0211621,0.061626,0.0357971,0,0,-5,0.0211621,0.061626,5.0358,5.03622,0.0215674,0.0791905,0.00505872,0,0,0
1780639895583819,20.2819,0.0214085,0.0623267,0.0357361,0,0,-5,0.0214085,0.0623267,5.03574,5.03617,0.0206482,0.080361,0.00584392,0,0,0
1780639895607819,20.3059,0.0215682,0.0616054,0.0354309,0,0,-5,0.0215682,0.0616054,5.03543,5.03585,0.0227916,0.0789298,0.00718574,0,0,0
1780639895623819,20.3219,0.0216542,0.0606289,0.0352173,0,0,-5,0.0216542,0.0606289,5.03522,5.03563,0.0244147,0.0786066,0.00754227,0,0,0
1780639895647819,20.3459,0.0218206,0.0593515,0.0349426,0,0,-5,0.0218206,0.0593515,5.03494,5.03534,0.0237611,0.0767528,0.00890193,0,0,0
1780639895663819,20.3619,0.0219626,0.0586301,0.0348206,0,0,-5,0.0219626,0.0586301,5.03482,5.03521,0.0253478,0.0766726,0.00951029,0,0,0
1780639895687819,20.3859,0.0222445,0.0577358,0.0346375,0,0,-5,0.0222445,0.0577358,5.03464,5.03502,0.0257746,0.0755902,0.00961001,0,0,0
1780639895703819,20.4019,0.0224551,0.0572491,0.0345764,0,0,-5,0.0224551,0.0572491,5.03458,5.03495,0.0257824,0.0754731,0.00985193,0,0,0
1780639895719819,20.4179,0.0226881,0.0568716,0.0345154,0,0,-5,0.0226881,0.0568716,5.03452,5.03489,0.026594,0.0766052,0.00904303,0,0,0
1780639895743819,20.4419,0.0230927,0.0564618,0.0344238,0,0,-5,0.0230927,0.0564618,5.03442,5.03479,0.0270453,0.0752284,0.00925559,0,0,0
1780639895767819,20.4659,0.0235259,0.0562171,0.0343628,0,0,-5,0.0235259,0.0562171,5.03436,5.03473,0.0272918,0.0752143,0.00944728,0,0,0
1780639895783819,20.4819,0.0238263,0.0561487,0.0343628,0,0,-5,0.0238263,0.0561487,5.03436,5.03473,0.0263728,0.0753018,0.00915897,0,0,0
1780639895807819,20.5059,0.0243077,0.0562083,0.0343628,0,0,-5,0.0243077,0.0562083,5.03436,5.03474,0.0271274,0.0765801,0.00982733,0,0,0
1780639895823819,20.5219,0.0246523,0.056338,0.0343628,0,0,-5,0.0246523,0.056338,5.03436,5.03474,0.0277372,0.0774392,0.0102997,0,0,0
1780639895847819,20.5459,0.0251817,0.0566882,0.0343933,0,0,-5,0.0251817,0.0566882,5.03439,5.03478,0.0264634,0.0773531,0.00914078,0,0,0
1780639895863819,20.5619,0.0255319,0.0569761,0.0343933,0,0,-5,0.0255319,0.0569761,5.03439,5.03478,0.026252,0.0768049,0.0108241,0,0,0
1780639895887819,20.5859,0.0260949,0.057533,0.0344849,0,0,-5,0.0260949,0.057533,5.03448,5.03488,0.0278367,0.0790137,0.0112708,0,0,0
1780639895903819,20.6019,0.0265018,0.0579987,0.0345459,0,0,-5,0.0265018,0.0579987,5.03455,5.03495,0.0277388,0.0790835,0.0105762,0,0,0
1780639895927819,20.6259,0.0271498,0.0588178,0.0346375,0,0,-5,0.0271498,0.0588178,5.03464,5.03505,0.0304507,0.0811744,0.0111854,0,0,0
1780639895943819,20.6419,0.0276281,0.0594395,0.0346985,0,0,-5,0.0276281,0.0594395,5.0347,5.03513,0.0302849,0.0812169,0.0117441,0,0,0
1780639895967819,20.6659,0.0283472,0.0604592,0.0349121,0,0,-5,0.0283472,0.0604592,5.03491,5.03535,0.0303375,0.0817438,0.0107417,0,0,0
1780639895983819,20.6819,0.0288431,0.0611989,0.0350647,0,0,-5,0.0288431,0.0611989,5.03506,5.03552,0.0309098,0.0812893,0.0119749,0,0,0
1780639896007819,20.7059,0.0286731,0.0606638,0.0349426,0,0,-5,0.0286731,0.0606638,5.03494,5.03539,0.0304922,0.0795415,0.012031,0,0,0
1780639896023819,20.7219,0.0283059,0.059857,0.03479,0,0,-5,0.0283059,0.059857,5.03479,5.03523,0.0314162,0.0791125,0.0117727,0,0,0
1780639896047819,20.7459,0.0278336,0.0588734,0.0345764,0,0,-5,0.0278336,0.0588734,5.03458,5.035,0.0304355,0.0797413,0.00948056,0,0,0
1780639896063819,20.7619,0.0275724,0.0583596,0.0344238,0,0,-5,0.0275724,0.0583596,5.03442,5.03484,0.0300139,0.0802918,0.00855236,0,0,0
1780639896087819,20.7859,0.0272652,0.0577566,0.0342102,0,0,-5,0.0272652,0.0577566,5.03421,5.03462,0.0307087,0.0784214,0.00679254,0,0,0
1780639896103819,20.8019,0.0271179,0.0574526,0.0340576,0,0,-5,0.0271179,0.0574526,5.03406,5.03446,0.0314456,0.0777118,0.0052717,0,0,0
1780639896119819,20.8179,0.0270224,0.0572148,0.033905,0,0,-5,0.0270224,0.0572148,5.03391,5.0343,0.0319991,0.0763386,0.00527034,0,0,0
1780639896143819,20.8419,0.0269619,0.0569935,0.0337219,0,0,-5,0.0269619,0.0569935,5.03372,5.03412,0.0331853,0.0760288,0.00550623,0,0,0
1780639896167819,20.8659,0.0269885,0.0569351,0.0335693,0,0,-5,0.0269885,0.0569351,5.03357,5.03396,0.0327015,0.0762451,0.00663994,0,0,0
1780639896183819,20.8819,0.0270428,0.0569872,0.0335083,0,0,-5,0.0270428,0.0569872,5.03351,5.0339,0.0338845,0.0762397,0.00620673,0,0,0
1780639896207819,20.9059,0.0272025,0.0572106,0.0334473,0,0,-5,0.0272025,0.0572106,5.03345,5.03385,0.0350372,0.0778614,0.00576695,0,0,0
1780639896223819,20.9219,0.0273543,0.0574604,0.0333862,0,0,-5,0.0273543,0.0574604,5.03339,5.03379,0.0348372,0.0786049,0.00625013,0,0,0
1780639896239819,20.9379,0.0275406,0.0577867,0.0333252,0,0,-5,0.0275406,0.0577867,5.03333,5.03373,0.0355626,0.0791577,0.00681166,0,0,0
1780639896263819,20.9619,0.0278617,0.0583845,0.0332642,0,0,-5,0.0278617,0.0583845,5.03326,5.03368,0.0352849,0.0792327,0.00588166,0,0,0
1780639896287819,20.9859,0.0282178,0.0591129,0.0332031,0,0,-5,0.0282178,0.0591129,5.0332,5.03363,0.0343222,0.0805438,0.00512512,0,0,0
1780639896303819,21.0019,0.028473,0.0596792,0.0331726,0,0,-5,0.028473,0.0596792,5.03317,5.03361,0.0342288,0.0800455,0.00529786,0,0,0
1780639896327819,21.0259,0.0289049,0.0605902,0.0331726,0,0,-5,0.0289049,0.0605902,5.03317,5.03362,0.0355609,0.0792063,0.00554118,0,0,0
1780639896343939,21.042,0.0292255,0.0612582,0.0331726,0,0,-5,0.0292255,0.0612582,5.03317,5.03363,0.0347029,0.0799545,0.00568087,0,0,0
1780639896367939,21.066,0.0297298,0.0623429,0.0332336,0,0,-5,0.0297298,0.0623429,5.03323,5.03371,0.0350972,0.0805442,0.00615759,0,0,0
1780639896383939,21.082,0.0300888,0.0631287,0.0332947,0,0,-5,0.0300888,0.0631287,5.03329,5.03378,0.0342285,0.0813695,0.00460027,0,0,0
1780639896407939,21.106,0.0297939,0.062469,0.0329285,0,0,-5,0.0297939,0.062469,5.03293,5.0334,0.0346081,0.0810544,0.00346004,0,0,0
1780639896423939,21.122,0.029355,0.0615121,0.0325623,0,0,-5,0.029355,0.0615121,5.03256,5.03302,0.0332926,0.0805224,0.00458426,0,0,0
1780639896447939,21.146,0.0287692,0.0602703,0.032074,0,0,-5,0.0287692,0.0602703,5.03207,5.03252,0.0315383,0.0781953,0.00503471,0,0,0
1780639896463939,21.162,0.0284208,0.0595654,0.0317688,0,0,-5,0.0284208,0.0595654,5.03177,5.0322,0.0305992,0.0777657,0.00402989,0,0,0
1780639896487939,21.186,0.0279484,0.0586706,0.0313416,0,0,-5,0.0279484,0.0586706,5.03134,5.03176,0.0293742,0.0755656,0.00449324,0,0,0
1780639896503939,21.202,0.0276793,0.058168,0.0310974,0,0,-5,0.0276793,0.058168,5.0311,5.03151,0.0280313,0.0737545,0.00519842,0,0,0
1780639896527939,21.226,0.0273305,0.0575637,0.0307922,0,0,-5,0.0273305,0.0575637,5.03079,5.0312,0.0275712,0.0738541,0.00402627,0,0,0
1780639896543939,21.242,0.0271401,0.0572762,0.0305786,0,0,-5,0.0271401,0.0572762,5.03058,5.03098,0.0273716,0.074359,0.00414659,0,0,0
1780639896559939,21.258,0.0269772,0.0570779,0.0303955,0,0,-5,0.0269772,0.0570779,5.0304,5.03079,0.026447,0.0743343,0.00310094,0,0,0
1780639896583939,21.282,0.0268047,0.056898,0.0301208,0,0,-5,0.0268047,0.056898,5.03012,5.03051,0.0264853,0.0722533,0.0039577,0,0,0
1780639896607939,21.306,0.0266911,0.0568509,0.0299072,0,0,-5,0.0266911,0.0568509,5.02991,5.0303,0.0262656,0.0734417,0.00303474,0,0,0
1780639896623939,21.322,0.0266593,0.0569433,0.0297546,0,0,-5,0.0266593,0.0569433,5.02975,5.03015,0.0268096,0.075322,0.00194289,0,0,0
1780639896647939,21.346,0.0266563,0.0572283,0.0295105,0,0,-5,0.0266563,0.0572283,5.02951,5.02991,0.0254614,0.0759088,0.000828248,0,0,0
1780639896663939,21.362,0.0266704,0.0575037,0.0293579,0,0,-5,0.0266704,0.0575037,5.02936,5.02976,0.0244103,0.0759507,-0.000268024,0,0,0
1780639896679939,21.378,0.0267124,0.0578483,0.0291748,0,0,-5,0.0267124,0.0578483,5.02917,5.02958,0.0251315,0.0774803,-0.00144339,0,0,0
1780639896703939,21.402,0.0268042,0.058482,0.0289001,0,0,-5,0.0268042,0.058482,5.0289,5.02931,0.0243881,0.0774156,-0.00185314,0,0,0
1780639896727939,21.426,0.0269652,0.0592271,0.028656,0,0,-5,0.0269652,0.0592271,5.02866,5.02908,0.0247469,0.0771241,-0.00125371,0,0,0
1780639896743939,21.442,0.0270947,0.059782,0.0284729,0,0,-5,0.0270947,0.059782,5.02847,5.0289,0.0241714,0.0773363,-0.00163291,0,0,0
1780639896767939,21.466,0.0273046,0.0607387,0.0282288,0,0,-5,0.0273046,0.0607387,5.02823,5.02867,0.0237766,0.0803573,-0.00351026,0,0,0
1780639896783939,21.482,0.02748,0.0614589,0.0280457,0,0,-5,0.02748,0.0614589,5.02805,5.0285,0.0244289,0.0804891,-0.00322751,0,0,0
1780639896807939,21.506,0.027097,0.0612405,0.0276794,0,0,-5,0.027097,0.0612405,5.02768,5.02813,0.0227445,0.0810488,-0.00264483,0,0,0
1780639896823939,21.522,0.0266547,0.0607469,0.0274353,0,0,-5,0.0266547,0.0607469,5.02744,5.02787,0.0227373,0.0802817,-0.00301961,0,0,0
1780639896847939,21.546,0.0261001,0.0601831,0.0270386,0,0,-5,0.0261001,0.0601831,5.02704,5.02747,0.0244901,0.0803981,-0.00264605,0,0,0
1780639896863939,21.562,0.0257836,0.0599232,0.026825,0,0,-5,0.0257836,0.0599232,5.02682,5.02725,0.0238867,0.0801045,-0.0026328,0,0,0
1780639896887939,21.586,0.0253854,0.0596922,0.0264893,0,0,-5,0.0253854,0.0596922,5.02649,5.02691,0.0237373,0.080922,-0.00175226,0,0,0
1780639896903939,21.602,0.0251591,0.0596653,0.0263062,0,0,-5,0.0251591,0.0596653,5.02631,5.02672,0.0227337,0.0820618,-0.0014561,0,0,0
1780639896927939,21.626,0.0248579,0.0597862,0.0260315,0,0,-5,0.0248579,0.0597862,5.02603,5.02645,0.0214434,0.0825874,-0.0020839,0,0,0
1780639896943939,21.642,0.0246872,0.0599488,0.0258484,0,0,-5,0.0246872,0.0599488,5.02585,5.02627,0.0222729,0.0818529,-0.00215706,0,0,0
1780639896967939,21.666,0.0244926,0.0603188,0.0255432,0,0,-5,0.0244926,0.0603188,5.02554,5.02596,0.0218858,0.0824211,-0.00272074,0,0,0
1780639896983939,21.682,0.0244038,0.0606434,0.0253601,0,0,-5,0.0244038,0.0606434,5.02536,5.02579,0.0223816,0.0823158,-0.00287013,0,0,0
1780639897007939,21.706,0.0243299,0.0612442,0.0250549,0,0,-5,0.0243299,0.0612442,5.02505,5.02549,0.0228995,0.0818438,-0.00538673,0,0,0
1780639897023939,21.722,0.0243183,0.0617142,0.0248413,0,0,-5,0.0243183,0.0617142,5.02484,5.02528,0.0223839,0.0824804,-0.00589,0,0,0
1780639897047939,21.746,0.0243348,0.0625207,0.0245361,0,0,-5,0.0243348,0.0625207,5.02454,5.02498,0.0228738,0.0818599,-0.00596993,0,0,0
1780639897063939,21.762,0.0243824,0.0631109,0.024353,0,0,-5,0.0243824,0.0631109,5.02435,5.02481,0.0231587,0.0822719,-0.00585319,0,0,0
1780639897087939,21.786,0.0244726,0.0640923,0.0240784,0,0,-5,0.0244726,0.0640923,5.02408,5.02455,0.0221859,0.0831167,-0.00497939,0,0,0
1780639897103939,21.802,0.0245558,0.0648222,0.0239258,0,0,-5,0.0245558,0.0648222,5.02393,5.0244,0.0222577,0.0843989,-0.00483538,0,0,0
1780639897127939,21.826,0.0247137,0.0660252,0.0237122,0,0,-5,0.0247137,0.0660252,5.02371,5.02421,0.0219066,0.0850506,-0.00352272,0,0,0
1780639897143939,21.842,0.0248334,0.0668966,0.0235901,0,0,-5,0.0248334,0.0668966,5.02359,5.0241,0.021411,0.0863909,-0.00292349,0,0,0
1780639897167939,21.866,0.0250377,0.068282,0.023407,0,0,-5,0.0250377,0.068282,5.02341,5.02393,0.0206497,0.0863476,-0.00399159,0,0,0
1780639897183939,21.882,0.0251783,0.0692529,0.0232849,0,0,-5,0.0251783,0.0692529,5.02328,5.02383,0.0195048,0.0870499,-0.00427696,0,0,0
1780639897207939,21.906,0.0251325,0.0688027,0.0229187,0,0,-5,0.0251325,0.0688027,5.02292,5.02345,0.0195257,0.0877938,-0.00397929,0,0,0
1780639897223939,21.922,0.0250404,0.0679808,0.022644,0,0,-5,0.0250404,0.0679808,5.02264,5.02317,0.0187266,0.0870231,-0.00474303,0,0,0
1780639897247939,21.946,0.0249235,0.0669483,0.0221863,0,0,-5,0.0249235,0.0669483,5.02219,5.02269,0.0177524,0.0858836,-0.00597748,0,0,0
1780639897263939,21.962,0.0248631,0.0664014,0.0219116,0,0,-5,0.0248631,0.0664014,5.02191,5.02241,0.0167826,0.0863326,-0.00603013,0,0,0
1780639897279939,21.978,0.0248253,0.0659476,0.0216675,0,0,-5,0.0248253,0.0659476,5.02167,5.02216,0.0172466,0.085269,-0.00739682,0,0,0
1780639897303939,22.002,0.024814,0.0654347,0.0212708,0,0,-5,0.024814,0.0654347,5.02127,5.02176,0.0162629,0.0851925,-0.00842049,0,0,0
1780639897327939,22.026,0.0248177,0.0651291,0.020874,0,0,-5,0.0248177,0.0651291,5.02087,5.02136,0.0155527,0.0842003,-0.00892902,0,0,0
1780639897344056,22.0421,0.0248325,0.0650155,0.0206299,0,0,-5,0.0248325,0.0650155,5.02063,5.02111,0.0143116,0.0830882,-0.00811164,0,0,0
1780639897368056,22.0661,0.0248545,0.0649699,0.0203247,0,0,-5,0.0248545,0.0649699,5.02032,5.02081,0.0145146,0.0819591,-0.00790034,0,0,0
1780639897384056,22.0821,0.024894,0.0650202,0.0201111,0,0,-5,0.024894,0.0650202,5.02011,5.02059,0.0141129,0.0810562,-0.00774492,0,0,0
1780639897408056,22.1061,0.0249706,0.0652049,0.0197754,0,0,-5,0.0249706,0.0652049,5.01978,5.02026,0.0138798,0.0801354,-0.00801567,0,0,0
1780639897424056,22.1221,0.0250575,0.0653988,0.0195618,0,0,-5,0.0250575,0.0653988,5.01956,5.02005,0.0149252,0.0801434,-0.00814794,0,0,0
1780639897448056,22.1461,0.0252532,0.0658322,0.0192566,0,0,-5,0.0252532,0.0658322,5.01926,5.01975,0.0152851,0.0818387,-0.00808891,0,0,0
1780639897464056,22.1621,0.0253877,0.0662066,0.019043,0,0,-5,0.0253877,0.0662066,5.01904,5.01954,0.0151956,0.0810115,-0.00808906,0,0,0
1780639897480056,22.1781,0.0255352,0.0666329,0.0187988,0,0,-5,0.0255352,0.0666329,5.0188,5.01931,0.0150835,0.0810651,-0.00831717,0,0,0
1780639897504056,22.2021,0.0257702,0.0673745,0.0184937,0,0,-5,0.0257702,0.0673745,5.01849,5.01901,0.0151847,0.0804452,-0.0077525,0,0,0
1780639897528056,22.2261,0.02601,0.0682224,0.0181885,0,0,-5,0.02601,0.0682224,5.01819,5.01872,0.0135176,0.0806395,-0.00831417,0,0,0
1780639897544056,22.2421,0.0261641,0.0688575,0.0179443,0,0,-5,0.0261641,0.0688575,5.01794,5.01848,0.0130686,0.0814127,-0.00744105,0,0,0
1780639897568056,22.2661,0.0264216,0.0699086,0.0175781,0,0,-5,0.0264216,0.0699086,5.01758,5.01813,0.0133358,0.0824433,-0.00876605,0,0,0
1780639897584056,22.2821,0.0265958,0.0706617,0.0173645,0,0,-5,0.0265958,0.0706617,5.01736,5.01793,0.0123483,0.0821839,-0.00779862,0,0,0
1780639897608056,22.3061,0.0261268,0.0699007,0.0169983,0,0,-5,0.0261268,0.0699007,5.017,5.01755,0.0109281,0.0806021,-0.00734554,0,0,0
1780639897624056,22.3221,0.0256162,0.068872,0.0167542,0,0,-5,0.0256162,0.068872,5.01675,5.01729,0.011271,0.0804726,-0.00824737,0,0,0
1780639897648056,22.3461,0.0249344,0.0675316,0.0163574,0,0,-5,0.0249344,0.0675316,5.01636,5.01687,0.0114173,0.0784887,-0.00796611,0,0,0
1780639897664056,22.3621,0.0245239,0.0667622,0.0161438,0,0,-5,0.0245239,0.0667622,5.01614,5.01665,0.0111251,0.0777064,-0.00669192,0,0,0
1780639897688056,22.3861,0.0239774,0.065796,0.0158386,0,0,-5,0.0239774,0.065796,5.01584,5.01633,0.0119743,0.0764963,-0.00678756,0,0,0
1780639897704056,22.4021,0.0236588,0.0652583,0.015686,0,0,-5,0.0236588,0.0652583,5.01569,5.01617,0.0105289,0.0755514,-0.00680651,0,0,0
1780639897728056,22.4261,0.0231948,0.0646064,0.0154114,0,0,-5,0.0231948,0.0646064,5.01541,5.01588,0.0095048,0.0752692,-0.00735222,0,0,0
1780639897744056,22.4421,0.022907,0.0642777,0.0152588,0,0,-5,0.022907,0.0642777,5.01526,5.01572,0.0082844,0.074482,-0.00705961,0,0,0
1780639897768056,22.4661,0.022508,0.0639332,0.0150757,0,0,-5,0.022508,0.0639332,5.01508,5.01553,0.00804486,0.0745982,-0.00603167,0,0,0
1780639897784056,22.4821,0.0222868,0.0638036,0.0149536,0,0,-5,0.0222868,0.0638036,5.01495,5.01541,0.00873163,0.0745279,-0.00745593,0,0,0
1780639897808056,22.5061,0.0220165,0.0637399,0.01474,0,0,-5,0.0220165,0.0637399,5.01474,5.01519,0.00929844,0.074501,-0.00730326,0,0,0
1780639897824056,22.5221,0.0218588,0.0637862,0.0146179,0,0,-5,0.0218588,0.0637862,5.01462,5.01507,0.00832277,0.073964,-0.00787947,0,0,0
1780639897848056,22.5461,0.0216614,0.0639527,0.0144348,0,0,-5,0.0216614,0.0639527,5.01443,5.01489,0.00895372,0.0728801,-0.00580046,0,0,0
1780639897864056,22.5621,0.021546,0.0641235,0.0143433,0,0,-5,0.021546,0.0641235,5.01434,5.0148,0.0077795,0.0712757,-0.00565276,0,0,0
1780639897880056,22.5781,0.0214432,0.0643407,0.0142517,0,0,-5,0.0214432,0.0643407,5.01425,5.01471,0.00826768,0.0713134,-0.00695165,0,0,0
1780639897904056,22.6021,0.0212992,0.0647761,0.0140686,0,0,-5,0.0212992,0.0647761,5.01407,5.01453,0.0061056,0.0717694,-0.00666955,0,0,0
1780639897928056,22.6261,0.0211466,0.0653349,0.0138855,0,0,-5,0.0211466,0.0653349,5.01389,5.01436,0.00515147,0.0711509,-0.00716109,0,0,0
1780639897944056,22.6421,0.021055,0.06577,0.0137329,0,0,-5,0.021055,0.06577,5.01373,5.01421,0.00524832,0.0715022,-0.00700707,0,0,0
1780639897968056,22.6661,0.0209697,0.0664985,0.0135498,0,0,-5,0.0209697,0.0664985,5.01355,5.01403,0.00601854,0.0706907,-0.00747954,0,0,0
1780639897984056,22.6821,0.0209302,0.0670249,0.0134277,0,0,-5,0.0209302,0.0670249,5.01343,5.01392,0.00608449,0.0700167,-0.00724056,0,0,0
1780639898008056,22.7061,0.0205584,0.0661002,0.0132446,0,0,-5,0.0205584,0.0661002,5.01324,5.01372,0.00684206,0.068476,-0.00619495,0,0,0
1780639898024056,22.7221,0.0202262,0.0650041,0.0131226,0,0,-5,0.0202262,0.0650041,5.01312,5.01358,0.0064736,0.066855,-0.00591244,0,0,0
1780639898040056,22.7381,0.0199111,0.064009,0.0130005,0,0,-5,0.0199111,0.064009,5.013,5.01345,0.00567273,0.0660387,-0.00525214,0,0,0
1780639898064056,22.7621,0.0194835,0.0627273,0.01297,0,0,-5,0.0194835,0.0627273,5.01297,5.0134,0.00529979,0.0660907,-0.00325621,0,0,0
1780639898088056,22.7861,0.0191004,0.0616787,0.0129395,0,0,-5,0.0191004,0.0616787,5.01294,5.01336,0.00487325,0.0657773,-0.00236801,0,0,0
1780639898104056,22.8021,0.0188648,0.0611006,0.0129395,0,0,-5,0.0188648,0.0611006,5.01294,5.01335,0.00473926,0.0663047,-0.00259659,0,0,0
1780639898128056,22.8261,0.0185446,0.060385,0.0129395,0,0,-5,0.0185446,0.060385,5.01294,5.01334,0.0037339,0.0654994,-0.00145771,0,0,0
1780639898144056,22.8421,0.0183425,0.0600167,0.0129395,0,0,-5,0.0183425,0.0600167,5.01294,5.01333,0.00300822,0.0661984,-0.00125758,0,0,0
1780639898168056,22.8661,0.0180581,0.0596294,0.01297,0,0,-5,0.0180581,0.0596294,5.01297,5.01336,0.00156341,0.0661854,-0.00129976,0,0,0
1780639898184056,22.8821,0.0178708,0.059457,0.01297,0,0,-5,0.0178708,0.059457,5.01297,5.01335,0.00180506,0.0657923,-0.00027705,0,0,0
1780639898208056,22.9061,0.0176143,0.0593262,0.0130615,0,0,-5,0.0176143,0.0593262,5.01306,5.01344,0.00106255,0.0653403,0.000541616,0,0,0
1780639898224056,22.9221,0.0174515,0.0593122,0.0131226,0,0,-5,0.0174515,0.0593122,5.01312,5.0135,-0.000215719,0.0647504,-0.000160937,0,0,0
1780639898248056,22.9461,0.0172071,0.0593844,0.0131836,0,0,-5,0.0172071,0.0593844,5.01318,5.01356,-0.0011679,0.0637548,-0.000517124,0,0,0
1780639898264056,22.9621,0.0170423,0.0594936,0.0132446,0,0,-5,0.0170423,0.0594936,5.01324,5.01363,-0.00217939,0.0632405,-0.000870257,0,0,0
1780639898288056,22.9861,0.0168382,0.0597645,0.0133057,0,0,-5,0.0168382,0.0597645,5.01331,5.01369,-0.000846933,0.0630258,-0.00100389,0,0,0
1780639898304056,23.0021,0.0167166,0.0599918,0.0133362,0,0,-5,0.0167166,0.0599918,5.01334,5.01372,-0.00144161,0.0618189,-0.000759551,0,0,0
1780639898328056,23.0261,0.0165444,0.0603893,0.0134583,0,0,-5,0.0165444,0.0603893,5.01346,5.01385,-0.00106195,0.0610304,-0.000803869,0,0,0
1780639898344179,23.0423,0.0164497,0.0607093,0.0134888,0,0,-5,0.0164497,0.0607093,5.01349,5.01388,-0.00149299,0.0606819,-0.00257088,0,0,0
1780639898368179,23.0663,0.0163259,0.0612725,0.0135193,0,0,-5,0.0163259,0.0612725,5.01352,5.01392,-0.00104319,0.0601082,-0.0029628,0,0,0
1780639898384179,23.0823,0.0162621,0.0616843,0.0135193,0,0,-5,0.0162621,0.0616843,5.01352,5.01393,-0.000266485,0.0591984,-0.00461966,0,0,0
1780639898408179,23.1063,0.0156849,0.0609398,0.0134583,0,0,-5,0.0156849,0.0609398,5.01346,5.01385,0.000521498,0.0586777,-0.005884,0,0,0
1780639898424179,23.1223,0.0151553,0.0600662,0.0133667,0,0,-5,0.0151553,0.0600662,5.01337,5.01375,-0.000415324,0.0567104,-0.00588904,0,0,0
1780639898448179,23.1463,0.0144021,0.0589144,0.0132751,0,0,-5,0.0144021,0.0589144,5.01328,5.01364,-0.00126156,0.0560696,-0.00694027,0,0,0
1780639898464179,23.1623,0.0139196,0.0582533,0.0132141,0,0,-5,0.0139196,0.0582533,5.01321,5.01357,-0.00241467,0.0552433,-0.00778168,0,0,0
1780639898488179,23.1863,0.0132154,0.0573878,0.013092,0,0,-5,0.0132154,0.0573878,5.01309,5.01344,-0.00316804,0.0531344,-0.00854817,0,0,0
1780639898504179,23.2023,0.0127701,0.0568866,0.01297,0,0,-5,0.0127701,0.0568866,5.01297,5.01331,-0.00372023,0.0525464,-0.0089129,0,0,0
1780639898528179,23.2263,0.0121307,0.05627,0.0128479,0,0,-5,0.0121307,0.05627,5.01285,5.01318,-0.00444667,0.0515609,-0.00790156,0,0,0
1780639898544179,23.2423,0.0117197,0.055932,0.0127563,0,0,-5,0.0117197,0.055932,5.01276,5.01308,-0.00549235,0.0507535,-0.00840946,0,0,0
1780639898568179,23.2663,0.011129,0.0555456,0.0126343,0,0,-5,0.011129,0.0555456,5.01263,5.01295,-0.00663274,0.0511123,-0.00676907,0,0,0
1780639898584179,23.2823,0.0107343,0.0553597,0.0125732,0,0,-5,0.0107343,0.0553597,5.01257,5.01289,-0.0081266,0.0499477,-0.0065496,0,0,0
1780639898608179,23.3063,0.0101522,0.0551705,0.0125122,0,0,-5,0.0101522,0.0551705,5.01251,5.01283,-0.00851389,0.0484974,-0.00738741,0,0,0
1780639898624179,23.3223,0.00978149,0.0550967,0.0124207,0,0,-5,0.00978149,0.0550967,5.01242,5.01273,-0.00834356,0.0486682,-0.00796566,0,0,0
1780639898648179,23.3463,0.00926232,0.055083,0.0123291,0,0,-5,0.00926232,0.055083,5.01233,5.01264,-0.00850508,0.0481219,-0.00701541,0,0,0
1780639898664179,23.3623,0.00892774,0.0551297,0.0122681,0,0,-5,0.00892774,0.0551297,5.01227,5.01258,-0.00896688,0.0473582,-0.00628105,0,0,0
1780639898688179,23.3863,0.00846318,0.0552558,0.0121155,0,0,-5,0.00846318,0.0552558,5.01212,5.01243,-0.00786022,0.0469204,-0.00693227,0,0,0
1780639898704179,23.4023,0.00818348,0.0554029,0.0120239,0,0,-5,0.00818348,0.0554029,5.01202,5.01234,-0.00822245,0.0472913,-0.0074709,0,0,0
1780639898728179,23.4263,0.0077793,0.0557247,0.0118408,0,0,-5,0.0077793,0.0557247,5.01184,5.01216,-0.0092072,0.0490022,-0.00905876,0,0,0
1780639898744179,23.4423,0.00751023,0.0560064,0.0116882,0,0,-5,0.00751023,0.0560064,5.01169,5.01201,-0.00975016,0.0493454,-0.00862097,0,0,0
1780639898768179,23.4663,0.00710976,0.0564985,0.0115051,0,0,-5,0.00710976,0.0564985,5.01151,5.01183,-0.00969276,0.0497271,-0.00737353,0,0,0
1780639898784179,23.4823,0.00685076,0.0568789,0.0113831,0,0,-5,0.00685076,0.0568789,5.01138,5.01171,-0.00966473,0.0491819,-0.00740876,0,0,0
1780639898808179,23.5063,0.00669169,0.0563359,0.0111694,0,0,-5,0.00669169,0.0563359,5.01117,5.01149,-0.00977599,0.0476726,-0.0064082,0,0,0
1780639898824179,23.5223,0.00666851,0.0556562,0.0110474,0,0,-5,0.00666851,0.0556562,5.01105,5.01136,-0.00897654,0.0462723,-0.00651202,0,0,0
1780639898848179,23.5463,0.00665071,0.0547512,0.0108032,0,0,-5,0.00665071,0.0547512,5.0108,5.01111,-0.00926812,0.0440128,-0.00749957,0,0,0
1780639898864179,23.5623,0.00663104,0.0542235,0.0106812,0,0,-5,0.00663104,0.0542235,5.01068,5.01098,-0.00893289,0.0433743,-0.00647438,0,0,0
1780639898888179,23.5863,0.00657818,0.0535396,0.0104675,0,0,-5,0.00657818,0.0535396,5.01047,5.01076,-0.0104873,0.0420968,-0.00699259,0,0,0
1780639898904179,23.6023,0.00652688,0.0531594,0.0102844,0,0,-5,0.00652688,0.0531594,5.01028,5.01057,-0.0114285,0.0414758,-0.0080669,0,0,0
1780639898928179,23.6263,0.00641753,0.0526764,0.0100403,0,0,-5,0.00641753,0.0526764,5.01004,5.01032,-0.0119523,0.0400211,-0.0076132,0,0,0
1780639898944179,23.6423,0.00634615,0.0524245,0.00991821,0,0,-5,0.00634615,0.0524245,5.00992,5.0102,-0.0125088,0.0400347,-0.00590699,0,0,0
1780639898968179,23.6663,0.00623833,0.0521251,0.00976562,0,0,-5,0.00623833,0.0521251,5.00977,5.01004,-0.0123807,0.039172,-0.00610895,0,0,0
1780639898984179,23.6823,0.00617591,0.0519877,0.00967407,0,0,-5,0.00617591,0.0519877,5.00967,5.00995,-0.0123997,0.0392868,-0.00546153,0,0,0
1780639899008179,23.7063,0.00606684,0.0518542,0.00952148,0,0,-5,0.00606684,0.0518542,5.00952,5.00979,-0.0132787,0.0389107,-0.00542048,0,0,0
1780639899024179,23.7223,0.00598038,0.0518305,0.00942993,0,0,-5,0.00598038,0.0518305,5.00943,5.0097,-0.0133905,0.0386073,-0.00570592,0,0,0
1780639899048179,23.7463,0.00588048,0.0518617,0.00927734,0,0,-5,0.00588048,0.0518617,5.00928,5.00955,-0.012554,0.0385408,-0.00488045,0,0,0
1780639899064179,23.7623,0.00581278,0.0519306,0.00921631,0,0,-5,0.00581278,0.0519306,5.00922,5.00949,-0.0138453,0.0378775,-0.00479097,0,0,0
1780639899088179,23.7863,0.00567407,0.0521106,0.00906372,0,0,-5,0.00567407,0.0521106,5.00906,5.00934,-0.0150978,0.0381106,-0.00458644,0,0,0
1780639899104179,23.8023,0.00558739,0.0522554,0.00897217,0,0,-5,0.00558739,0.0522554,5.00897,5.00925,-0.0137844,0.0367206,-0.00509228,0,0,0
1780639899128179,23.8263,0.00545996,0.0525037,0.00881958,0,0,-5,0.00545996,0.0525037,5.00882,5.0091,-0.0146221,0.0360608,-0.00575329,0,0,0
1780639899144179,23.8423,0.00535556,0.0527075,0.00869751,0,0,-5,0.00535556,0.0527075,5.0087,5.00898,-0.0155934,0.0358254,-0.00522212,0,0,0
1780639899168179,23.8663,0.00516161,0.0530486,0.00857544,0,0,-5,0.00516161,0.0530486,5.00858,5.00886,-0.0175618,0.03446,-0.00479823,0,0,0
1780639899184179,23.8823,0.00499942,0.0533029,0.0085144,0,0,-5,0.00499942,0.0533029,5.00851,5.0088,-0.0191393,0.0342725,-0.00427285,0,0,0
1780639899208179,23.9063,0.00479991,0.0527274,0.00839233,0,0,-5,0.00479991,0.0527274,5.00839,5.00867,-0.0187265,0.0335537,-0.00426485,0,0,0
1780639899224179,23.9223,0.00469217,0.0520868,0.00830078,0,0,-5,0.00469217,0.0520868,5.0083,5.00857,-0.0184457,0.0324956,-0.00433055,0,0,0
1780639899248179,23.9463,0.00453822,0.0512361,0.00817871,0,0,-5,0.00453822,0.0512361,5.00818,5.00844,-0.016833,0.031957,-0.00574503,0,0,0
1780639899264179,23.9623,0.00445201,0.0507359,0.00808716,0,0,-5,0.00445201,0.0507359,5.00809,5.00835,-0.0160606,0.0316019,-0.00744777,0,0,0
1780639899288179,23.9863,0.00430947,0.0501098,0.00790405,0,0,-5,0.00430947,0.0501098,5.0079,5.00816,-0.0177461,0.0320602,-0.00695681,0,0,0
1780639899304179,24.0023,0.00418938,0.0497729,0.0078125,0,0,-5,0.00418938,0.0497729,5.00781,5.00806,-0.0183588,0.0323141,-0.00547114,0,0,0
1780639899328179,24.0263,0.0040074,0.0493581,0.00769043,0,0,-5,0.0040074,0.0493581,5.00769,5.00794,-0.0172248,0.0323987,-0.00509655,0,0,0
1780639899344179,24.0423,0.00390363,0.0491416,0.00762939,0,0,-5,0.00390363,0.0491416,5.00763,5.00787,-0.0167018,0.0319133,-0.00554923,0,0,0
1780639899360302,24.0584,0.00379771,0.0489517,0.00753784,0,0,-5,0.00379771,0.0489517,5.00754,5.00778,-0.016831,0.0298905,-0.00515938,0,0,0
1780639899384302,24.0824,0.00362267,0.0487126,0.00744629,0,0,-5,0.00362267,0.0487126,5.00745,5.00768,-0.017485,0.0286239,-0.00433785,0,0,0
1780639899400302,24.0984,0.0034987,0.0485941,0.00741577,0,0,-5,0.0034987,0.0485941,5.00742,5.00765,-0.0185502,0.028174,-0.00368699,0,0,0
1780639899424302,24.1224,0.00328747,0.0484853,0.00735474,0,0,-5,0.00328747,0.0484853,5.00735,5.00759,-0.0191832,0.0283826,-0.00247211,0,0,0
1780639899440302,24.1384,0.00311694,0.0484592,0.00732422,0,0,-5,0.00311694,0.0484592,5.00732,5.00756,-0.0215369,0.0282255,-0.00372713,0,0,0
1780639899464302,24.1624,0.00283158,0.0484837,0.00723267,0,0,-5,0.00283158,0.0484837,5.00723,5.00747,-0.0214841,0.0279801,-0.00514492,0,0,0
1780639899488302,24.1864,0.00253583,0.048579,0.00714111,0,0,-5,0.00253583,0.048579,5.00714,5.00738,-0.0218345,0.0273731,-0.00661372,0,0,0
1780639899504302,24.2024,0.00233196,0.0486663,0.00704956,0,0,-5,0.00233196,0.0486663,5.00705,5.00729,-0.0220665,0.0271084,-0.00615898,0,0,0
1780639899528302,24.2264,0.00202348,0.048857,0.00695801,0,0,-5,0.00202348,0.048857,5.00696,5.0072,-0.0225846,0.0271766,-0.00455405,0,0,0
1780639899544302,24.2424,0.00180627,0.0490082,0.00692749,0,0,-5,0.00180627,0.0490082,5.00693,5.00717,-0.0226859,0.0259426,-0.00503135,0,0,0
1780639899568302,24.2664,0.00145961,0.0492706,0.00680542,0,0,-5,0.00145961,0.0492706,5.00681,5.00705,-0.0235686,0.0261498,-0.00552115,0,0,0
1780639899584302,24.2824,0.00121398,0.0494739,0.00674438,0,0,-5,0.00121398,0.0494739,5.00674,5.00699,-0.0246894,0.0263167,-0.00605555,0,0,0
1780639899608302,24.3064,0.00109875,0.0484864,0.00653076,0,0,-5,0.00109875,0.0484864,5.00653,5.00677,-0.024359,0.0266252,-0.00576634,0,0,0
1780639899624302,24.3224,0.00109926,0.0474688,0.00634766,0,0,-5,0.00109926,0.0474688,5.00635,5.00657,-0.0243364,0.0254672,-0.00650311,0,0,0
1780639899648302,24.3464,0.00108,0.0460667,0.00610352,0,0,-5,0.00108,0.0460667,5.0061,5.00632,-0.0238416,0.024625,-0.00743245,0,0,0
1780639899664302,24.3624,0.0010502,0.0452245,0.00592041,0,0,-5,0.0010502,0.0452245,5.00592,5.00612,-0.0237058,0.024462,-0.00772468,0,0,0
1780639899680302,24.3784,0.0010089,0.044442,0.0057373,0,0,-5,0.0010089,0.044442,5.00574,5.00593,-0.0240715,0.023245,-0.00761124,0,0,0
1780639899704302,24.4024,0.000938983,0.0433724,0.00549316,0,0,-5,0.000938983,0.0433724,5.00549,5.00568,-0.0221536,0.0230462,-0.00714648,0,0,0
1780639899728302,24.4264,0.000871891,0.0424332,0.00524902,0,0,-5,0.000871891,0.0424332,5.00525,5.00543,-0.0222471,0.0215792,-0.00692943,0,0,0
1780639899744302,24.4424,0.000809501,0.0418577,0.00509644,0,0,-5,0.000809501,0.0418577,5.0051,5.00527,-0.0225095,0.0209998,-0.00588166,0,0,0
1780639899768302,24.4664,0.000677808,0.0410835,0.00491333,0,0,-5,0.000677808,0.0410835,5.00491,5.00508,-0.0244112,0.0198579,-0.00627052,0,0,0
1780639899784302,24.4824,0.000546122,0.0406117,0.00473022,0,0,-5,0.000546122,0.0406117,5.00473,5.0049,-0.0253257,0.0186603,-0.00638793,0,0,0
1780639899808302,24.5064,0.000331138,0.0399596,0.00448608,0,0,-5,0.000331138,0.0399596,5.00449,5.00465,-0.0264102,0.0172642,-0.00616914,0,0,0
1780639899824302,24.5224,0.000161328,0.0395691,0.0043335,0,0,-5,0.000161328,0.0395691,5.00433,5.00449,-0.0268766,0.0174605,-0.00600209,0,0,0
1780639899848302,24.5464,-0.00011492,0.039075,0.00411987,0,0,-5,-0.00011492,0.039075,5.00412,5.00427,-0.0274144,0.0177917,-0.00623338,0,0,0
1780639899864302,24.5624,-0.000316531,0.038794,0.00402832,0,0,-5,-0.000316531,0.038794,5.00403,5.00418,-0.0272784,0.0177038,-0.00590011,0,0,0
1780639899888302,24.5864,-0.000647939,0.0384296,0.00387573,0,0,-5,-0.000647939,0.0384296,5.00388,5.00402,-0.0272212,0.016771,-0.00455956,0,0,0
1780639899904302,24.6024,-0.00087592,0.0382327,0.00378418,0,0,-5,-0.00087592,0.0382327,5.00378,5.00393,-0.0268164,0.0176118,-0.00472214,0,0,0
1780639899920302,24.6184,-0.00108626,0.0380879,0.00369263,0,0,-5,-0.00108626,0.0380879,5.00369,5.00384,-0.025303,0.0178022,-0.00522772,0,0,0
1780639899944302,24.6424,-0.00141507,0.0378674,0.00350952,0,0,-5,-0.00141507,0.0378674,5.00351,5.00365,-0.025619,0.0157541,-0.00525824,0,0,0
1780639899960302,24.6584,-0.00163763,0.0377559,0.00338745,0,0,-5,-0.00163763,0.0377559,5.00339,5.00353,-0.0260622,0.0157477,-0.00489347,0,0,0
1780639899984302,24.6824,-0.00198529,0.0376551,0.0032959,0,0,-5,-0.00198529,0.0376551,5.0033,5.00344,-0.0261475,0.016687,-0.00418969,0,0,0
1780639900000302,24.6984,-0.00221437,0.0371935,0.00317383,0,0,-5,-0.00221437,0.0371935,5.00317,5.00331,-0.0258741,0.0159921,-0.004676,0,0,0
1780639900024302,24.7224,-0.00252763,0.0359403,0.00292969,0,0,-5,-0.00252763,0.0359403,5.00293,5.00306,-0.0257461,0.0150048,-0.00551994,0,0,0
1780639900040302,24.7384,-0.00274911,0.0351573,0.00274658,0,0,-5,-0.00274911,0.0351573,5.00275,5.00287,-0.0260768,0.0126068,-0.00579189,0,0,0
1780639900064302,24.7624,-0.00310206,0.0340538,0.00247192,0,0,-5,-0.00310206,0.0340538,5.00247,5.00259,-0.0263381,0.0115364,-0.00448004,0,0,0
1780639900088302,24.7864,-0.00346726,0.0330478,0.00228882,0,0,-5,-0.00346726,0.0330478,5.00229,5.0024,-0.0255833,0.0101612,-0.00516461,0,0,0
1780639900104302,24.8024,-0.00370927,0.0324254,0.00216675,0,0,-5,-0.00370927,0.0324254,5.00217,5.00227,-0.0258945,0.00940071,-0.00484727,0,0,0
1780639900120302,24.8184,-0.00395365,0.0318343,0.00204468,0,0,-5,-0.00395365,0.0318343,5.00204,5.00215,-0.0253127,0.00752288,-0.00506291,0,0,0
1780639900144302,24.8424,-0.0043248,0.0309903,0.00183105,0,0,-5,-0.0043248,0.0309903,5.00183,5.00193,-0.0255899,0.00622335,-0.00700262,0,0,0
1780639900160302,24.8584,-0.00459169,0.0304755,0.0017395,0,0,-5,-0.00459169,0.0304755,5.00174,5.00183,-0.0266231,0.00644103,-0.00621515,0,0,0
1780639900184302,24.8824,-0.00501465,0.0297696,0.00161743,0,0,-5,-0.00501465,0.0297696,5.00162,5.00171,-0.0272138,0.00533002,-0.00645932,0,0,0
1780639900208302,24.9064,-0.0054656,0.0291345,0.00146484,0,0,-5,-0.0054656,0.0291345,5.00146,5.00155,-0.0276726,0.00497064,-0.00753295,0,0,0
1780639900224302,24.9224,-0.00577724,0.0287377,0.00134277,0,0,-5,-0.00577724,0.0287377,5.00134,5.00143,-0.0274693,0.004571,-0.00786274,0,0,0
1780639900240302,24.9384,-0.00609279,0.028379,0.00125122,0,0,-5,-0.00609279,0.028379,5.00125,5.00134,-0.0278868,0.00449322,-0.00797286,0,0,0
1780639900264302,24.9624,-0.00656487,0.0278965,0.00106812,0,0,-5,-0.00656487,0.0278965,5.00107,5.00115,-0.0265421,0.00435166,-0.00882551,0,0,0
1780639900280302,24.9784,-0.00688703,0.0276186,0.000946045,0,0,-5,-0.00688703,0.0276186,5.00095,5.00103,-0.0283777,0.00516402,-0.00972248,0,0,0
1780639900304302,25.0024,-0.00740069,0.0272542,0.000732422,0,0,-5,-0.00740069,0.0272542,5.00073,5.00081,-0.0283449,0.00479026,-0.0101989,0,0,0
1780639900328302,25.0264,-0.00792023,0.0269554,0.000518799,0,0,-5,-0.00792023,0.0269554,5.00052,5.0006,-0.0291515,0.00524087,-0.0123726,0,0,0
1780639900344302,25.0424,-0.00827723,0.0267881,0.000305176,0,0,-5,-0.00827723,0.0267881,5.00031,5.00038,-0.02923,0.00423626,-0.0140304,0,0,0
1780639900368302,25.0664,-0.00880871,0.02653,3.05176e-05,0,0,-5,-0.00880871,0.02653,5.00003,5.00011,-0.0287818,0.00149243,-0.0135353,0,0,0
1780639900384426,25.0825,-0.00916457,0.0263658,-0.00012207,0,0,-5,-0.00916457,0.0263658,4.99988,4.99996,-0.0293009,0.00164289,-0.0120828,0,0,0
1780639900408426,25.1065,-0.00985745,0.0252548,-0.000213623,0,0,-5,-0.00985745,0.0252548,4.99979,4.99986,-0.0300423,-0.000676196,-0.0114774,0,0,0
1780639900424426,25.1225,-0.0103704,0.0242546,-0.000244141,0,0,-5,-0.0103704,0.0242546,4.99976,4.99983,-0.0306398,-0.00155518,-0.0111895,0,0,0
1780639900448426,25.1465,-0.0111268,0.0228349,-0.000274658,0,0,-5,-0.0111268,0.0228349,4.99973,4.99979,-0.0298677,-0.00276078,-0.0103971,0,0,0
1780639900464426,25.1625,-0.0116097,0.0219442,-0.000305176,0,0,-5,-0.0116097,0.0219442,4.99969,4.99976,-0.0285938,-0.0038997,-0.011233,0,0,0
1780639900488426,25.1865,-0.0123425,0.0206827,-0.000366211,0,0,-5,-0.0123425,0.0206827,4.99963,4.99969,-0.0306396,-0.00486745,-0.0109146,0,0,0
1780639900504426,25.2025,-0.0128529,0.0198891,-0.000396729,0,0,-5,-0.0128529,0.0198891,4.9996,4.99966,-0.0315687,-0.0048598,-0.0107624,0,0,0
1780639900528426,25.2265,-0.0136295,0.0187995,-0.000457764,0,0,-5,-0.0136295,0.0187995,4.99954,4.9996,-0.0316228,-0.00300681,-0.0106356,0,0,0
1780639900544426,25.2425,-0.0141475,0.0181554,-0.000518799,0,0,-5,-0.0141475,0.0181554,4.99948,4.99953,-0.0329031,-0.00201716,-0.0105317,0,0,0
1780639900568426,25.2665,-0.0149451,0.0172716,-0.000610352,0,0,-5,-0.0149451,0.0172716,4.99939,4.99944,-0.0329954,-0.00251576,-0.0110086,0,0,0
1780639900584426,25.2825,-0.0154773,0.0167127,-0.000671387,0,0,-5,-0.0154773,0.0167127,4.99933,4.99938,-0.0337376,-0.00286438,-0.0109955,0,0,0
1780639900608426,25.3065,-0.0162812,0.0159453,-0.000762939,0,0,-5,-0.0162812,0.0159453,4.99924,4.99929,-0.0345012,-0.00266585,-0.0105534,0,0,0
1780639900624426,25.3225,-0.0168345,0.0154632,-0.000854492,0,0,-5,-0.0168345,0.0154632,4.99915,4.9992,-0.0353466,-0.00337776,-0.011454,0,0,0
1780639900648426,25.3465,-0.0176661,0.0147998,-0.00109863,0,0,-5,-0.0176661,0.0147998,4.9989,4.99895,-0.0338565,-0.00305551,-0.0129573,0,0,0
1780639900664426,25.3625,-0.0182039,0.0143962,-0.00125122,0,0,-5,-0.0182039,0.0143962,4.99875,4.9988,-0.0333709,-0.00266752,-0.0124519,0,0,0
1780639900688426,25.3865,-0.0190259,0.0138234,-0.00152588,0,0,-5,-0.0190259,0.0138234,4.99847,4.99853,-0.0351815,-0.00416547,-0.0129633,0,0,0
1780639900704426,25.4025,-0.0195892,0.0134639,-0.00170898,0,0,-5,-0.0195892,0.0134639,4.99829,4.99835,-0.0356744,-0.00449111,-0.0125828,0,0,0
1780639900728426,25.4265,-0.0204408,0.0129377,-0.00198364,0,0,-5,-0.0204408,0.0129377,4.99802,4.99807,-0.035663,-0.00666894,-0.0124397,0,0,0
1780639900744426,25.4425,-0.0209928,0.0126016,-0.00216675,0,0,-5,-0.0209928,0.0126016,4.99783,4.99789,-0.0347183,-0.00515223,-0.0132412,0,0,0
1780639900768426,25.4665,-0.0217934,0.0121589,-0.00247192,0,0,-5,-0.0217934,0.0121589,4.99753,4.99759,-0.0336638,-0.00616478,-0.0135501,0,0,0
1780639900784426,25.4825,-0.0223231,0.0118735,-0.00262451,0,0,-5,-0.0223231,0.0118735,4.99738,4.99744,-0.0344399,-0.006433,-0.0121125,0,0,0
1780639900800426,25.4985,-0.022426,0.0117939,-0.0027771,0,0,-5,-0.022426,0.0117939,4.99722,4.99729,-0.034418,-0.00609164,-0.0128976,0,0,0
1780639900824426,25.5225,-0.0219812,0.0119528,-0.00299072,0,0,-5,-0.0219812,0.0119528,4.99701,4.99707,-0.0352452,-0.00636837,-0.013665,0,0,0
1780639900840426,25.5385,-0.0217394,0.0120656,-0.00314331,0,0,-5,-0.0217394,0.0120656,4.99686,4.99692,-0.0341437,-0.00634686,-0.0137411,0,0,0
1780639900864426,25.5625,-0.0213962,0.0122375,-0.0032959,0,0,-5,-0.0213962,0.0122375,4.9967,4.99676,-0.0319853,-0.00695544,-0.0123175,0,0,0
1780639900880426,25.5785,-0.0211975,0.012344,-0.00338745,0,0,-5,-0.0211975,0.012344,4.99661,4.99667,-0.0319157,-0.00708575,-0.0126313,0,0,0
1780639900904426,25.6025,-0.0209544,0.0124958,-0.00354004,0,0,-5,-0.0209544,0.0124958,4.99646,4.99652,-0.0313537,-0.00770461,-0.0116768,0,0,0
1780639900920426,25.6185,-0.020817,0.0125903,-0.00363159,0,0,-5,-0.020817,0.0125903,4.99637,4.99643,-0.0307234,-0.0081809,-0.0107483,0,0,0
1780639900944426,25.6425,-0.0206306,0.0127337,-0.00378418,0,0,-5,-0.0206306,0.0127337,4.99622,4.99627,-0.0305331,-0.00810366,-0.0103075,0,0,0
1780639900968426,25.6665,-0.0205211,0.0128696,-0.00393677,0,0,-5,-0.0205211,0.0128696,4.99606,4.99612,-0.0309779,-0.00982372,-0.0113115,0,0,0
1780639900984426,25.6825,-0.0204727,0.0129376,-0.00405884,0,0,-5,-0.0204727,0.0129376,4.99594,4.996,-0.0304773,-0.0100707,-0.0120045,0,0,0
1780639901000426,25.6985,-0.0204359,0.0130056,-0.00418091,0,0,-5,-0.0204359,0.0130056,4.99582,4.99588,-0.0291404,-0.0102763,-0.0114095,0,0,0
1780639901024426,25.7225,-0.0204082,0.0131179,-0.00436401,0,0,-5,-0.0204082,0.0131179,4.99564,4.99569,-0.0294805,-0.00855243,-0.0117004,0,0,0
1780639901048426,25.7465,-0.020434,0.0132442,-0.00454712,0,0,-5,-0.020434,0.0132442,4.99545,4.99551,-0.0295757,-0.00959847,-0.0112917,0,0,0
1780639901064426,25.7625,-0.0204763,0.0133231,-0.00469971,0,0,-5,-0.0204763,0.0133231,4.9953,4.99536,-0.0296399,-0.00903901,-0.0124808,0,0,0
1780639901088426,25.7865,-0.0205741,0.0134481,-0.00485229,0,0,-5,-0.0205741,0.0134481,4.99515,4.99521,-0.0293408,-0.00929198,-0.0116297,0,0,0
1780639901104426,25.8025,-0.0206494,0.013528,-0.00494385,0,0,-5,-0.0206494,0.013528,4.99506,4.99512,-0.0283456,-0.0096433,-0.0132843,0,0,0
1780639901128426,25.8265,-0.0207896,0.0136182,-0.00512695,0,0,-5,-0.0207896,0.0136182,4.99487,4.99493,-0.0286932,-0.0113802,-0.0114719,0,0,0
1780639901144426,25.8425,-0.0209043,0.013659,-0.00521851,0,0,-5,-0.0209043,0.013659,4.99478,4.99484,-0.0290586,-0.011843,-0.0119498,0,0,0
1780639901168426,25.8665,-0.021124,0.0137178,-0.00537109,0,0,-5,-0.021124,0.0137178,4.99463,4.99469,-0.0299997,-0.0115289,-0.0117148,0,0,0
1780639901184426,25.8825,-0.0212815,0.0137684,-0.00546265,0,0,-5,-0.0212815,0.0137684,4.99454,4.9946,-0.0286289,-0.0103823,-0.0105901,0,0,0
1780639901200426,25.8985,-0.0212477,0.013661,-0.00549316,0,0,-5,-0.0212477,0.013661,4.99451,4.99457,-0.0275923,-0.010194,-0.00981503,0,0,0
1780639901224426,25.9225,-0.0209492,0.0132604,-0.0055542,0,0,-5,-0.0209492,0.0132604,4.99445,4.99451,-0.0268402,-0.0112282,-0.00930789,0,0,0
1780639901248426,25.9465,-0.020709,0.0128743,-0.00561523,0,0,-5,-0.020709,0.0128743,4.99438,4.99444,-0.0263632,-0.0124473,-0.00944243,0,0,0
1780639901264426,25.9625,-0.0205665,0.0126151,-0.00564575,0,0,-5,-0.0205665,0.0126151,4.99435,4.99441,-0.0254448,-0.0131096,-0.00995347,0,0,0
1780639901280426,25.9785,-0.0204423,0.0123724,-0.00570679,0,0,-5,-0.0204423,0.0123724,4.99429,4.99435,-0.0250935,-0.0121844,-0.00941709,0,0,0
1780639901304426,26.0025,-0.0202703,0.0120266,-0.0057373,0,0,-5,-0.0202703,0.0120266,4.99426,4.99432,-0.0224373,-0.0133503,-0.0093528,0,0,0
1780639901328426,26.0265,-0.0200947,0.0116778,-0.00579834,0,0,-5,-0.0200947,0.0116778,4.9942,4.99426,-0.0210485,-0.0137923,-0.00895583,0,0,0
1780639901344426,26.0425,-0.0199994,0.0114546,-0.00585938,0,0,-5,-0.0199994,0.0114546,4.99414,4.99419,-0.0213813,-0.0145101,-0.00880071,0,0,0
1780639901368426,26.0665,-0.0198787,0.0111218,-0.00585938,0,0,-5,-0.0198787,0.0111218,4.99414,4.99419,-0.0191568,-0.0144763,-0.00736007,0,0,0
1780639901384553,26.0826,-0.019808,0.0108984,-0.00582886,0,0,-5,-0.019808,0.0108984,4.99417,4.99422,-0.0199907,-0.0152374,-0.00572414,0,0,0
1780639901400553,26.0986,-0.0197638,0.0106761,-0.00579834,0,0,-5,-0.0197638,0.0106761,4.9942,4.99425,-0.0195771,-0.0155666,-0.00431428,0,0,0
1780639901424553,26.1226,-0.01972,0.010363,-0.0057373,0,0,-5,-0.01972,0.010363,4.99426,4.99431,-0.0191923,-0.0144873,-0.00371204,0,0,0
1780639901448553,26.1466,-0.0196888,0.0100823,-0.00561523,0,0,-5,-0.0196888,0.0100823,4.99438,4.99443,-0.0184637,-0.0134341,-0.00376082,0,0,0
1780639901464553,26.1626,-0.0196829,0.00991447,-0.0055542,0,0,-5,-0.0196829,0.00991447,4.99445,4.99449,-0.0180085,-0.012472,-0.00435111,0,0,0
1780639901480553,26.1786,-0.0196913,0.00978091,-0.00549316,0,0,-5,-0.0196913,0.00978091,4.99451,4.99456,-0.0190539,-0.0109946,-0.00557772,0,0,0
1780639901504553,26.2026,-0.0197539,0.00960177,-0.00546265,0,0,-5,-0.0197539,0.00960177,4.99454,4.99459,-0.0198733,-0.0105246,-0.0074556,0,0,0
1780639901528553,26.2266,-0.0198434,0.00941401,-0.00546265,0,0,-5,-0.0198434,0.00941401,4.99454,4.99459,-0.0195127,-0.0116681,-0.00812906,0,0,0
1780639901544553,26.2426,-0.0199174,0.00930244,-0.00546265,0,0,-5,-0.0199174,0.00930244,4.99454,4.99459,-0.0191461,-0.0105559,-0.00850975,0,0,0
1780639901568553,26.2666,-0.0200321,0.00915475,-0.00546265,0,0,-5,-0.0200321,0.00915475,4.99454,4.99459,-0.0186201,-0.0098533,-0.00863613,0,0,0
1780639901584553,26.2826,-0.0201269,0.00906912,-0.00546265,0,0,-5,-0.0201269,0.00906912,4.99454,4.99459,-0.0190931,-0.00939276,-0.00868843,0,0,0
1780639901608553,26.3066,-0.0198761,0.00915763,-0.00534058,0,0,-5,-0.0198761,0.00915763,4.99466,4.99471,-0.0174257,-0.00911059,-0.00908753,0,0,0
1780639901624553,26.3226,-0.0195943,0.00928062,-0.00518799,0,0,-5,-0.0195943,0.00928062,4.99481,4.99486,-0.0172974,-0.00908253,-0.00860461,0,0,0
1780639901640553,26.3386,-0.0193322,0.00940143,-0.00506592,0,0,-5,-0.0193322,0.00940143,4.99493,4.99498,-0.0167262,-0.00875286,-0.00843714,0,0,0
1780639901664553,26.3626,-0.0189657,0.00958763,-0.00488281,0,0,-5,-0.0189657,0.00958763,4.99512,4.99516,-0.0151249,-0.00814604,-0.00876313,0,0,0
1780639901688553,26.3866,-0.0186309,0.00977303,-0.00469971,0,0,-5,-0.0186309,0.00977303,4.9953,4.99534,-0.0148519,-0.00801972,-0.00827549,0,0,0
1780639901704553,26.4026,-0.0184205,0.00989031,-0.00457764,0,0,-5,-0.0184205,0.00989031,4.99542,4.99547,-0.0136782,-0.00858287,-0.0083604,0,0,0
1780639901728553,26.4266,-0.0181423,0.0100337,-0.00445557,0,0,-5,-0.0181423,0.0100337,4.99554,4.99559,-0.0144008,-0.0100918,-0.008246,0,0,0
1780639901744553,26.4426,-0.0179854,0.010121,-0.00442505,0,0,-5,-0.0179854,0.010121,4.99557,4.99562,-0.0145914,-0.00916808,-0.0102494,0,0,0
1780639901768553,26.4666,-0.0177768,0.0102657,-0.00436401,0,0,-5,-0.0177768,0.0102657,4.99564,4.99568,-0.014152,-0.00812952,-0.00932563,0,0,0
1780639901784553,26.4826,-0.0176661,0.0103612,-0.00436401,0,0,-5,-0.0176661,0.0103612,4.99564,4.99568,-0.0145985,-0.00869261,-0.0101331,0,0,0
1780639901808553,26.5066,-0.0174983,0.0104987,-0.00436401,0,0,-5,-0.0174983,0.0104987,4.99564,4.99568,-0.0126107,-0.00815158,-0.0088121,0,0,0
1780639901824553,26.5226,-0.0174022,0.0105946,-0.00436401,0,0,-5,-0.0174022,0.0105946,4.99564,4.99568,-0.0129754,-0.00746909,-0.00872879,0,0,0
1780639901848553,26.5466,-0.0172926,0.0107505,-0.0043335,0,0,-5,-0.0172926,0.0107505,4.99567,4.99571,-0.0136069,-0.00692961,-0.00814259,0,0,0
1780639901864553,26.5626,-0.017242,0.010864,-0.00436401,0,0,-5,-0.017242,0.010864,4.99564,4.99568,-0.0137952,-0.00638356,-0.00817269,0,0,0
1780639901880553,26.5786,-0.0171985,0.0109759,-0.00436401,0,0,-5,-0.0171985,0.0109759,4.99564,4.99568,-0.0128477,-0.00602775,-0.00945638,0,0,0
1780639901904553,26.6026,-0.0171349,0.011143,-0.00439453,0,0,-5,-0.0171349,0.011143,4.99561,4.99565,-0.0128663,-0.00608955,-0.00798955,0,0,0
1780639901928553,26.6266,-0.0170965,0.0112963,-0.00442505,0,0,-5,-0.0170965,0.0112963,4.99557,4.99562,-0.0123091,-0.00671569,-0.00800027,0,0,0
1780639901944553,26.6426,-0.0170767,0.0113983,-0.00442505,0,0,-5,-0.0170767,0.0113983,4.99557,4.99562,-0.0122915,-0.00633918,-0.00676386,0,0,0
1780639901968553,26.6666,-0.0170616,0.0115203,-0.00445557,0,0,-5,-0.0170616,0.0115203,4.99554,4.99559,-0.0118157,-0.00799064,-0.00720102,0,0,0
1780639901984553,26.6826,-0.0170501,0.0115884,-0.00448608,0,0,-5,-0.0170501,0.0115884,4.99551,4.99556,-0.0109308,-0.0077612,-0.00681238,0,0,0
1780639902008553,26.7066,-0.0169055,0.0115718,-0.00448608,0,0,-5,-0.0169055,0.0115718,4.99551,4.99556,-0.0106971,-0.00855505,-0.00608292,0,0,0
1780639902024553,26.7226,-0.016788,0.011504,-0.00448608,0,0,-5,-0.016788,0.011504,4.99551,4.99556,-0.0110993,-0.00855002,-0.00607803,0,0,0
1780639902048553,26.7466,-0.0166322,0.011419,-0.00448608,0,0,-5,-0.0166322,0.011419,4.99551,4.99555,-0.0109278,-0.00801515,-0.0053865,0,0,0
1780639902064553,26.7626,-0.0165542,0.0113595,-0.00448608,0,0,-5,-0.0165542,0.0113595,4.99551,4.99555,-0.0111534,-0.00916788,-0.00594448,0,0,0
1780639902088553,26.7866,-0.0164541,0.0112681,-0.00445557,0,0,-5,-0.0164541,0.0112681,4.99554,4.99558,-0.0102617,-0.00881641,-0.00426199,0,0,0
1780639902104553,26.8026,-0.0163827,0.0112129,-0.00445557,0,0,-5,-0.0163827,0.0112129,4.99554,4.99558,-0.008846,-0.00767927,-0.00380946,0,0,0
1780639902128553,26.8266,-0.0162779,0.0111432,-0.00442505,0,0,-5,-0.0162779,0.0111432,4.99557,4.99561,-0.00897935,-0.0080253,-0.00372395,0,0,0
1780639902144553,26.8426,-0.0162214,0.0111015,-0.00439453,0,0,-5,-0.0162214,0.0111015,4.99561,4.99564,-0.00836572,-0.00756029,-0.0048303,0,0,0
1780639902168553,26.8666,-0.0161544,0.0110452,-0.00436401,0,0,-5,-0.0161544,0.0110452,4.99564,4.99567,-0.00851847,-0.00776463,-0.00382522,0,0,0
1780639902184553,26.8826,-0.0161181,0.0110111,-0.0043335,0,0,-5,-0.0161181,0.0110111,4.99567,4.9957,-0.00819148,-0.00715595,-0.00398265,0,0,0
1780639902208553,26.9066,-0.0160659,0.0109779,-0.00430298,0,0,-5,-0.0160659,0.0109779,4.9957,4.99573,-0.00755168,-0.00683981,-0.0047492,0,0,0
1780639902224553,26.9226,-0.0160455,0.0109623,-0.00427246,0,0,-5,-0.0160455,0.0109623,4.99573,4.99577,-0.00901133,-0.00606195,-0.00512278,0,0,0
1780639902248553,26.9466,-0.0160549,0.0109727,-0.00424194,0,0,-5,-0.0160549,0.0109727,4.99576,4.9958,-0.0101439,-0.00512883,-0.00439591,0,0,0
1780639902264553,26.9626,-0.0160884,0.0109807,-0.00424194,0,0,-5,-0.0160884,0.0109807,4.99576,4.9958,-0.0108523,-0.00527878,-0.00422905,0,0,0
1780639902288553,26.9866,-0.0161512,0.0109933,-0.00421143,0,0,-5,-0.0161512,0.0109933,4.99579,4.99583,-0.00981057,-0.00616689,-0.00383546,0,0,0
1780639902304553,27.0026,-0.0162057,0.0109856,-0.00418091,0,0,-5,-0.0162057,0.0109856,4.99582,4.99586,-0.0112819,-0.00588633,-0.00429425,0,0,0
1780639902328553,27.0266,-0.0163255,0.0109819,-0.00418091,0,0,-5,-0.0163255,0.0109819,4.99582,4.99586,-0.0123903,-0.00568684,-0.00231368,0,0,0
1780639902344553,27.0426,-0.0164296,0.0109787,-0.00411987,0,0,-5,-0.0164296,0.0109787,4.99588,4.99592,-0.0126754,-0.00612693,-0.00156898,0,0,0
1780639902368553,27.0666,-0.0165859,0.0109489,-0.00402832,0,0,-5,-0.0165859,0.0109489,4.99597,4.99601,-0.0125272,-0.0086226,-0.000361139,0,0,0
1780639902384681,27.0828,-0.0166984,0.0109016,-0.00393677,0,0,-5,-0.0166984,0.0109016,4.99606,4.9961,-0.0120484,-0.0082611,0.000592814,0,0,0
1780639902408681,27.1068,-0.0164095,0.0107709,-0.00390625,0,0,-5,-0.0164095,0.0107709,4.99609,4.99613,-0.0123993,-0.0063551,0.00249137,0,0,0
1780639902424681,27.1228,-0.0160936,0.0106665,-0.00390625,0,0,-5,-0.0160936,0.0106665,4.99609,4.99613,-0.0118411,-0.00656771,0.00324008,0,0,0
1780639902448681,27.1468,-0.0156561,0.0105121,-0.00387573,0,0,-5,-0.0156561,0.0105121,4.99612,4.99616,-0.0110081,-0.00726658,0.00328434,0,0,0
1780639902464681,27.1628,-0.0153773,0.0104151,-0.00384521,0,0,-5,-0.0153773,0.0104151,4.99615,4.99619,-0.0107652,-0.00638437,0.00340267,0,0,0
1780639902488681,27.1868,-0.0149975,0.0102979,-0.00384521,0,0,-5,-0.0149975,0.0102979,4.99615,4.99619,-0.0106673,-0.00632563,0.00348292,0,0,0
1780639902504681,27.2028,-0.0147699,0.0102195,-0.0038147,0,0,-5,-0.0147699,0.0102195,4.99619,4.99622,-0.0105001,-0.00623657,0.00382905,0,0,0
1780639902528681,27.2268,-0.0144679,0.0101062,-0.0038147,0,0,-5,-0.0144679,0.0101062,4.99619,4.99622,-0.011052,-0.0068761,0.0022847,0,0,0
1780639902544681,27.2428,-0.0142877,0.0100231,-0.0038147,0,0,-5,-0.0142877,0.0100231,4.99619,4.99622,-0.0109577,-0.00780388,0.00317648,0,0,0
1780639902568681,27.2668,-0.0140855,0.00989832,-0.00378418,0,0,-5,-0.0140855,0.00989832,4.99622,4.99625,-0.0128134,-0.00716199,0.00310761,0,0,0
1780639902584681,27.2828,-0.0139899,0.00981891,-0.00378418,0,0,-5,-0.0139899,0.00981891,4.99622,4.99625,-0.0134042,-0.00713793,0.00271169,0,0,0
1780639902608681,27.3068,-0.013894,0.00970586,-0.00378418,0,0,-5,-0.013894,0.00970586,4.99622,4.99624,-0.0145162,-0.00720141,0.00227025,0,0,0
1780639902624681,27.3228,-0.0138609,0.00963696,-0.00375366,0,0,-5,-0.0138609,0.00963696,4.99625,4.99627,-0.0146063,-0.00660626,0.00271376,0,0,0
1780639902648681,27.3468,-0.013836,0.0095477,-0.00366211,0,0,-5,-0.013836,0.0095477,4.99634,4.99637,-0.0143206,-0.00617826,0.00236426,0,0,0
1780639902664681,27.3628,-0.0138253,0.00950857,-0.00363159,0,0,-5,-0.0138253,0.00950857,4.99637,4.9964,-0.0137783,-0.00531798,0.00208451,0,0,0
1780639902688681,27.3868,-0.0138499,0.00945281,-0.00354004,0,0,-5,-0.0138499,0.00945281,4.99646,4.99649,-0.0157795,-0.00620117,0.00332116,0,0,0
1780639902704681,27.4028,-0.0139025,0.0094157,-0.003479,0,0,-5,-0.0139025,0.0094157,4.99652,4.99655,-0.0166803,-0.00504956,0.00420735,0,0,0
1780639902728681,27.4268,-0.0140279,0.00939042,-0.00338745,0,0,-5,-0.0140279,0.00939042,4.99661,4.99664,-0.0174564,-0.00435716,0.00407068,0,0,0
1780639902744681,27.4428,-0.0141257,0.00938582,-0.00335693,0,0,-5,-0.0141257,0.00938582,4.99664,4.99667,-0.0171655,-0.00371967,0.00249978,0,0,0
1780639902768681,27.4668,-0.0142864,0.00937943,-0.00332642,0,0,-5,-0.0142864,0.00937943,4.99667,4.9967,-0.0175574,-0.00393708,0.000691571,0,0,0
1780639902784681,27.4828,-0.0144121,0.00938051,-0.00332642,0,0,-5,-0.0144121,0.00938051,4.99667,4.9967,-0.0172857,-0.00425955,-0.000119407,0,0,0
1780639902808681,27.5068,-0.0142704,0.0093228,-0.00314331,0,0,-5,-0.0142704,0.0093228,4.99686,4.99689,-0.0161801,-0.00541637,-0.000346442,0,0,0
1780639902824681,27.5228,-0.0140921,0.00925398,-0.00299072,0,0,-5,-0.0140921,0.00925398,4.99701,4.99704,-0.0166975,-0.0064493,0.00056785,0,0,0
1780639902848681,27.5468,-0.0138759,0.00915372,-0.00274658,0,0,-5,-0.0138759,0.00915372,4.99725,4.99728,-0.0166252,-0.0054123,-0.000665536,0,0,0
1780639902864681,27.5628,-0.013754,0.00910249,-0.00259399,0,0,-5,-0.013754,0.00910249,4.99741,4.99743,-0.015931,-0.00509349,-0.00029219,0,0,0
1780639902888681,27.5868,-0.0136227,0.00904475,-0.00234985,0,0,-5,-0.0136227,0.00904475,4.99765,4.99768,-0.0166477,-0.00497663,-0.00098151,0,0,0
1780639902904681,27.6028,-0.0135536,0.00900667,-0.00222778,0,0,-5,-0.0135536,0.00900667,4.99777,4.9978,-0.0163203,-0.00456965,-0.000740331,0,0,0
1780639902928681,27.6268,-0.0134898,0.00896296,-0.00201416,0,0,-5,-0.0134898,0.00896296,4.99799,4.99801,-0.0164753,-0.00432877,-0.00126679,0,0,0
1780639902944681,27.6428,-0.0134706,0.00893119,-0.00189209,0,0,-5,-0.0134706,0.00893119,4.99811,4.99813,-0.0169586,-0.00420952,-0.00137799,0,0,0
1780639902968681,27.6668,-0.0134848,0.00888084,-0.00177002,0,0,-5,-0.0134848,0.00888084,4.99823,4.99826,-0.0174713,-0.0049158,-0.00236852,0,0,0
1780639902984681,27.6828,-0.0135098,0.00885666,-0.00170898,0,0,-5,-0.0135098,0.00885666,4.99829,4.99832,-0.0166029,-0.0039474,-0.00259113,0,0,0
1780639903000681,27.6988,-0.0135443,0.008828,-0.00164795,0,0,-5,-0.0135443,0.008828,4.99835,4.99838,-0.0176117,-0.00421925,-0.00299749,0,0,0
1780639903024681,27.7228,-0.0136089,0.00879893,-0.0015564,0,0,-5,-0.0136089,0.00879893,4.99844,4.99847,-0.0165784,-0.00417121,-0.00115792,0,0,0
1780639903040681,27.7388,-0.0136557,0.00877655,-0.00146484,0,0,-5,-0.0136557,0.00877655,4.99854,4.99856,-0.0161264,-0.00400868,0.000410408,0,0,0
1780639903064681,27.7628,-0.0137569,0.00874104,-0.00134277,0,0,-5,-0.0137569,0.00874104,4.99866,4.99868,-0.0170642,-0.00507751,0.000884054,0,0,0
1780639903088681,27.7868,-0.0139081,0.00867937,-0.00119019,0,0,-5,-0.0139081,0.00867937,4.99881,4.99884,-0.0171912,-0.0052171,0.00183852,0,0,0
1780639903104681,27.8028,-0.0140283,0.00863886,-0.0010376,0,0,-5,-0.0140283,0.00863886,4.99896,4.99899,-0.0178111,-0.00524466,0.00243111,0,0,0
1780639903128681,27.8268,-0.014228,0.00857566,-0.00088501,0,0,-5,-0.014228,0.00857566,4.99911,4.99914,-0.0172613,-0.00632952,0.00135676,0,0,0
1780639903144681,27.8428,-0.0143648,0.00851543,-0.000793457,0,0,-5,-0.0143648,0.00851543,4.99921,4.99923,-0.0172933,-0.00689403,0.000540422,0,0,0
1780639903168681,27.8668,-0.014568,0.00841935,-0.000671387,0,0,-5,-0.014568,0.00841935,4.99933,4.99936,-0.015396,-0.00681492,-0.000801292,0,0,0
1780639903184681,27.8828,-0.0146942,0.00835955,-0.000579834,0,0,-5,-0.0146942,0.00835955,4.99942,4.99945,-0.0150511,-0.00582942,0.00121643,0,0,0
1780639903208681,27.9068,-0.0145834,0.00845017,-0.000396729,0,0,-5,-0.0145834,0.00845017,4.9996,4.99963,-0.0149484,-0.00676173,0.00375076,0,0,0
1780639903224681,27.9228,-0.0144408,0.00855429,-0.000274658,0,0,-5,-0.0144408,0.00855429,4.99973,4.99975,-0.0158296,-0.0069685,0.00465766,0,0,0
1780639903248681,27.9468,-0.0142783,0.00870189,-6.10352e-05,0,0,-5,-0.0142783,0.00870189,4.99994,4.99997,-0.0163215,-0.00668648,0.00199517,0,0,0
1780639903264681,27.9628,-0.0141979,0.00878597,3.05176e-05,0,0,-5,-0.0141979,0.00878597,5.00003,5.00006,-0.0162421,-0.00771319,0.00273285,0,0,0
1780639903288681,27.9868,-0.0141019,0.00887844,0.000183105,0,0,-5,-0.0141019,0.00887844,5.00018,5.00021,-0.015304,-0.00838806,0.00297347,0,0,0
1780639903304681,28.0028,-0.0140495,0.00892206,0.000305176,0,0,-5,-0.0140495,0.00892206,5.00031,5.00033,-0.0146112,-0.00837143,0.00367786,0,0,0
1780639903328681,28.0268,-0.0139861,0.00898982,0.000457764,0,0,-5,-0.0139861,0.00898982,5.00046,5.00049,-0.0138239,-0.00794659,0.00177797,0,0,0
1780639903344681,28.0428,-0.0139568,0.00903146,0.000549316,0,0,-5,-0.0139568,0.00903146,5.00055,5.00058,-0.0135781,-0.00769689,0.00221637,0,0,0
1780639903360681,28.0588,-0.0139311,0.0090694,0.000640869,0,0,-5,-0.0139311,0.0090694,5.00064,5.00067,-0.0130463,-0.00816506,0.00183333,0,0,0
1780639903384681,28.0828,-0.0138982,0.00911769,0.000793457,0,0,-5,-0.0138982,0.00911769,5.00079,5.00082,-0.0123389,-0.00783926,0.00305392,0,0,0
1780639903400812,28.0989,-0.0138806,0.00915989,0.000915527,0,0,-5,-0.0138806,0.00915989,5.00092,5.00094,-0.0109854,-0.00717212,0.00257262,0,0,0
1780639903424812,28.1229,-0.0138291,0.00920569,0.0010376,0,0,-5,-0.0138291,0.00920569,5.00104,5.00107,-0.00940357,-0.00777674,0.00109075,0,0,0
1780639903448812,28.1469,-0.0138027,0.00923037,0.00115967,0,0,-5,-0.0138027,0.00923037,5.00116,5.00119,-0.0094535,-0.00838407,0.000945259,0,0,0
1780639903464812,28.1629,-0.013792,0.00923397,0.0012207,0,0,-5,-0.013792,0.00923397,5.00122,5.00125,-0.0098924,-0.00899502,0.000179966,0,0,0
1780639903488812,28.1869,-0.0137976,0.00920756,0.00128174,0,0,-5,-0.0137976,0.00920756,5.00128,5.00131,-0.00896617,-0.0100254,-0.000238941,0,0,0
1780639903504812,28.2029,-0.0137963,0.00917152,0.00131226,0,0,-5,-0.0137963,0.00917152,5.00131,5.00134,-0.00818881,-0.0115599,-0.00125021,0,0,0
1780639903528812,28.2269,-0.0138004,0.00909828,0.00137329,0,0,-5,-0.0138004,0.00909828,5.00137,5.0014,-0.00827749,-0.0108781,-0.000536322,0,0,0
1780639903544812,28.2429,-0.0138158,0.00905703,0.00140381,0,0,-5,-0.0138158,0.00905703,5.0014,5.00143,-0.00835677,-0.0106998,-0.00129037,0,0,0
1780639903568812,28.2669,-0.0138657,0.00899095,0.00143433,0,0,-5,-0.0138657,0.00899095,5.00143,5.00146,-0.00951952,-0.0101801,-0.000746251,0,0,0
1780639903584812,28.2829,-0.013913,0.00894917,0.00146484,0,0,-5,-0.013913,0.00894917,5.00146,5.00149,-0.00966136,-0.0106885,-0.00136049,0,0,0
1780639903608812,28.3069,-0.0137481,0.00887136,0.00131226,0,0,-5,-0.0137481,0.00887136,5.00131,5.00134,-0.00938268,-0.0102441,-0.000385655,0,0,0
1780639903624812,28.3229,-0.013571,0.0088247,0.00115967,0,0,-5,-0.013571,0.0088247,5.00116,5.00119,-0.0101291,-0.0101486,-0.00079587,0,0,0
1780639903648812,28.3469,-0.0133621,0.00874047,0.00088501,0,0,-5,-0.0133621,0.00874047,5.00089,5.00091,-0.0105788,-0.0106536,-0.00227019,0,0,0
1780639903664812,28.3629,-0.01324,0.00867541,0.000701904,0,0,-5,-0.01324,0.00867541,5.0007,5.00073,-0.0106716,-0.0106008,-0.00403974,0,0,0
1780639903688812,28.3869,-0.0130922,0.00857099,0.000396729,0,0,-5,-0.0130922,0.00857099,5.0004,5.00042,-0.0109858,-0.0107254,-0.00605745,0,0,0
1780639903704812,28.4029,-0.0130115,0.00850282,0.000183105,0,0,-5,-0.0130115,0.00850282,5.00018,5.00021,-0.0101613,-0.0103139,-0.00620055,0,0,0
1780639903728812,28.4269,-0.0128879,0.00838907,-0.000152588,0,0,-5,-0.0128879,0.00838907,4.99985,4.99987,-0.00914764,-0.0115718,-0.00699551,0,0,0
1780639903744812,28.4429,-0.0128045,0.00829373,-0.000396729,0,0,-5,-0.0128045,0.00829373,4.9996,4.99963,-0.00779597,-0.012454,-0.00771406,0,0,0
1780639903768812,28.4669,-0.0126916,0.00813641,-0.000732422,0,0,-5,-0.0126916,0.00813641,4.99927,4.99929,-0.00827013,-0.0127713,-0.00876499,0,0,0
1780639903784812,28.4829,-0.0126446,0.0080158,-0.000946045,0,0,-5,-0.0126446,0.0080158,4.99905,4.99908,-0.00933459,-0.0136272,-0.00923623,0,0,0
1780639903808812,28.5069,-0.012613,0.00780968,-0.00131226,0,0,-5,-0.012613,0.00780968,4.99869,4.99871,-0.00886638,-0.014646,-0.0103672,0,0,0
1780639903824812,28.5229,-0.0125969,0.00765378,-0.0015564,0,0,-5,-0.0125969,0.00765378,4.99844,4.99847,-0.00839353,-0.0154273,-0.00916213,0,0,0
1780639903848812,28.5469,-0.0125967,0.00739429,-0.00192261,0,0,-5,-0.0125967,0.00739429,4.99808,4.9981,-0.00937063,-0.0166388,-0.0103495,0,0,0
1780639903864812,28.5629,-0.012618,0.00721552,-0.00216675,0,0,-5,-0.012618,0.00721552,4.99783,4.99785,-0.00938422,-0.01597,-0.0106397,0,0,0
1780639903888812,28.5869,-0.0126547,0.00693753,-0.00253296,0,0,-5,-0.0126547,0.00693753,4.99747,4.99749,-0.00823417,-0.0176484,-0.0122403,0,0,0
1780639903904812,28.6029,-0.0126744,0.00671363,-0.0027771,0,0,-5,-0.0126744,0.00671363,4.99722,4.99724,-0.00799292,-0.0192571,-0.0122175,0,0,0
1780639903928812,28.6269,-0.0127343,0.00635209,-0.00314331,0,0,-5,-0.0127343,0.00635209,4.99686,4.99688,-0.00906904,-0.020814,-0.0119264,0,0,0
1780639903944812,28.6429,-0.0128004,0.00609655,-0.00338745,0,0,-5,-0.0128004,0.00609655,4.99661,4.99663,-0.00963766,-0.0212347,-0.0126145,0,0,0
1780639903960812,28.6589,-0.0128709,0.00584328,-0.00363159,0,0,-5,-0.0128709,0.00584328,4.99637,4.99639,-0.00957483,-0.0203636,-0.0126879,0,0,0
1780639903984812,28.6829,-0.0130073,0.00546956,-0.00396729,0,0,-5,-0.0130073,0.00546956,4.99603,4.99605,-0.0105975,-0.0204334,-0.0117303,0,0,0
1780639904008812,28.7069,-0.012898,0.00526203,-0.00421143,0,0,-5,-0.012898,0.00526203,4.99579,4.99581,-0.00997718,-0.0210637,-0.0122042,0,0,0
1780639904024812,28.7229,-0.0127518,0.0051625,-0.00439453,0,0,-5,-0.0127518,0.0051625,4.99561,4.99562,-0.00961306,-0.0221695,-0.0129413,0,0,0
1780639904048812,28.7469,-0.0125664,0.00496343,-0.00466919,0,0,-5,-0.0125664,0.00496343,4.99533,4.99535,-0.0101665,-0.0238758,-0.0128289,0,0,0
1780639904064812,28.7629,-0.0124715,0.00480733,-0.00488281,0,0,-5,-0.0124715,0.00480733,4.99512,4.99514,-0.0105367,-0.0236738,-0.0127746,0,0,0
1780639904080812,28.7789,-0.0123975,0.00464876,-0.00506592,0,0,-5,-0.0123975,0.00464876,4.99493,4.99495,-0.0113434,-0.0233157,-0.0127558,0,0,0
1780639904104812,28.8029,-0.012293,0.00438967,-0.00537109,0,0,-5,-0.012293,0.00438967,4.99463,4.99465,-0.010172,-0.0239879,-0.0121448,0,0,0
1780639904128812,28.8269,-0.0122051,0.00410854,-0.00567627,0,0,-5,-0.0122051,0.00410854,4.99432,4.99434,-0.00995661,-0.0240932,-0.0122017,0,0,0
1780639904144812,28.8429,-0.0121583,0.00390551,-0.00588989,0,0,-5,-0.0121583,0.00390551,4.99411,4.99413,-0.00956898,-0.024826,-0.0114278,0,0,0
1780639904168812,28.8669,-0.0120953,0.0035484,-0.00619507,0,0,-5,-0.0120953,0.0035484,4.9938,4.99382,-0.00910187,-0.0270674,-0.0118051,0,0,0
1780639904184812,28.8829,-0.0120533,0.00329025,-0.00640869,0,0,-5,-0.0120533,0.00329025,4.99359,4.99361,-0.00783032,-0.0269828,-0.0109462,0,0,0
1780639904208812,28.9069,-0.0119989,0.00288486,-0.00674438,0,0,-5,-0.0119989,0.00288486,4.99326,4.99327,-0.00853814,-0.0286644,-0.0120913,0,0,0
1780639904224812,28.9229,-0.0119868,0.00258343,-0.00698853,0,0,-5,-0.0119868,0.00258343,4.99301,4.99303,-0.00799364,-0.0295355,-0.0125121,0,0,0
1780639904248812,28.9469,-0.0119781,0.00209787,-0.00735474,0,0,-5,-0.0119781,0.00209787,4.99265,4.99266,-0.00794387,-0.0307901,-0.0128225,0,0,0
1780639904264812,28.9629,-0.0119878,0.00174551,-0.00756836,0,0,-5,-0.0119878,0.00174551,4.99243,4.99245,-0.00827654,-0.0315698,-0.0118861,0,0,0
1780639904288812,28.9869,-0.0119904,0.00121411,-0.00790405,0,0,-5,-0.0119904,0.00121411,4.9921,4.99211,-0.00737844,-0.0311135,-0.0121474,0,0,0
1780639904304812,29.0029,-0.0120134,0.000853941,-0.00811768,0,0,-5,-0.0120134,0.000853941,4.99188,4.9919,-0.00847546,-0.0309973,-0.0119825,0,0,0
1780639904328812,29.0269,-0.0120506,0.000303825,-0.00845337,0,0,-5,-0.0120506,0.000303825,4.99155,4.99156,-0.0066911,-0.0307693,-0.0113803,0,0,0
1780639904344812,29.0429,-0.0120735,-6.29104e-05,-0.00866699,0,0,-5,-0.0120735,-6.29104e-05,4.99133,4.99135,-0.00763226,-0.0314721,-0.0120305,0,0,0
1780639904368812,29.0669,-0.012121,-0.00063886,-0.00897217,0,0,-5,-0.012121,-0.00063886,4.99103,4.99104,-0.0065946,-0.032606,-0.0107951,0,0,0
1780639904384812,29.0829,-0.0121376,-0.00104191,-0.00915527,0,0,-5,-0.0121376,-0.00104191,4.99084,4.99086,-0.00563322,-0.0327374,-0.0121004,0,0,0
1780639904408946,29.107,-0.0121154,-0.00140445,-0.00939941,0,0,-5,-0.0121154,-0.00140445,4.9906,4.99062,-0.00567726,-0.0323841,-0.0128308,0,0,0
1780639904424946,29.123,-0.0120874,-0.00159229,-0.009552,0,0,-5,-0.0120874,-0.00159229,4.99045,4.99046,-0.00557125,-0.0326252,-0.0119366,0,0,0
1780639904448946,29.147,-0.0120664,-0.00191106,-0.00976562,0,0,-5,-0.0120664,-0.00191106,4.99023,4.99025,-0.00531722,-0.0342382,-0.0114382,0,0,0
1780639904464946,29.163,-0.0120569,-0.00215057,-0.00991821,0,0,-5,-0.0120569,-0.00215057,4.99008,4.9901,-0.0053347,-0.0339868,-0.011673,0,0,0
1780639904488946,29.187,-0.0120518,-0.00254227,-0.0101624,0,0,-5,-0.0120518,-0.00254227,4.98984,4.98985,-0.0059519,-0.0346587,-0.0124027,0,0,0
1780639904504946,29.203,-0.0120537,-0.00281463,-0.0103149,0,0,-5,-0.0120537,-0.00281463,4.98969,4.9897,-0.00535129,-0.0334686,-0.0113551,0,0,0
1780639904528946,29.227,-0.0120485,-0.00324127,-0.010498,0,0,-5,-0.0120485,-0.00324127,4.9895,4.98952,-0.00481435,-0.033977,-0.0116167,0,0,0
1780639904544946,29.243,-0.0120404,-0.00354359,-0.0106506,0,0,-5,-0.0120404,-0.00354359,4.98935,4.98937,-0.00371864,-0.0342601,-0.0121269,0,0,0
1780639904568946,29.267,-0.0120135,-0.00402931,-0.0108948,0,0,-5,-0.0120135,-0.00402931,4.98911,4.98912,-0.00292363,-0.0349953,-0.0130389,0,0,0
1780639904584946,29.283,-0.012008,-0.00437473,-0.0110779,0,0,-5,-0.012008,-0.00437473,4.98892,4.98894,-0.00369964,-0.0359993,-0.0135827,0,0,0
1780639904608946,29.307,-0.0120206,-0.00492606,-0.011322,0,0,-5,-0.0120206,-0.00492606,4.98868,4.98869,-0.0040393,-0.0362712,-0.0132709,0,0,0
1780639904624946,29.323,-0.012032,-0.00530171,-0.0115051,0,0,-5,-0.012032,-0.00530171,4.98849,4.98851,-0.0031099,-0.0357915,-0.0141916,0,0,0
1780639904648946,29.347,-0.0120273,-0.00587577,-0.0117798,0,0,-5,-0.0120273,-0.00587577,4.98822,4.98824,-0.00186859,-0.0355829,-0.014901,0,0,0
1780639904664946,29.363,-0.0120096,-0.00627243,-0.0119629,0,0,-5,-0.0120096,-0.00627243,4.98804,4.98806,-0.00158858,-0.0364513,-0.014237,0,0,0
1780639904688946,29.387,-0.0119691,-0.00690256,-0.012207,0,0,-5,-0.0119691,-0.00690256,4.98779,4.98781,-0.00113632,-0.0366938,-0.0145843,0,0,0
1780639904704946,29.403,-0.0119475,-0.00732762,-0.0123596,0,0,-5,-0.0119475,-0.00732762,4.98764,4.98766,-0.000865585,-0.036937,-0.0153944,0,0,0
1780639904728946,29.427,-0.0119223,-0.00800612,-0.0126343,0,0,-5,-0.0119223,-0.00800612,4.98737,4.98739,-0.00143606,-0.03826,-0.0165014,0,0,0
1780639904744946,29.443,-0.011922,-0.00847176,-0.0128479,0,0,-5,-0.011922,-0.00847176,4.98715,4.98717,-0.00156064,-0.0384209,-0.0165942,0,0,0
1780639904768946,29.467,-0.011916,-0.00919506,-0.0131531,0,0,-5,-0.011916,-0.00919506,4.98685,4.98687,-0.000910616,-0.038888,-0.017121,0,0,0
1780639904784946,29.483,-0.0119053,-0.00968723,-0.0133667,0,0,-5,-0.0119053,-0.00968723,4.98663,4.98666,-0.000282358,-0.0392527,-0.0168693,0,0,0
1780639904800946,29.499,-0.0117983,-0.00989813,-0.0134888,0,0,-5,-0.0117983,-0.00989813,4.98651,4.98654,0.000878911,-0.0390564,-0.016231,0,0,0
1780639904824946,29.523,-0.0115309,-0.00983709,-0.0135803,0,0,-5,-0.0115309,-0.00983709,4.98642,4.98644,0.000733171,-0.039091,-0.0136981,0,0,0
1780639904848946,29.547,-0.011321,-0.00984151,-0.0136719,0,0,-5,-0.011321,-0.00984151,4.98633,4.98635,-0.000609804,-0.0383995,-0.0158822,0,0,0
1780639904864946,29.563,-0.0111956,-0.0098685,-0.0137939,0,0,-5,-0.0111956,-0.0098685,4.98621,4.98623,-0.000670816,-0.0380999,-0.0151865,0,0,0
1780639904888946,29.587,-0.0110174,-0.00993104,-0.0139771,0,0,-5,-0.0110174,-0.00993104,4.98602,4.98605,-0.000265428,-0.0372722,-0.0160079,0,0,0
1780639904904946,29.603,-0.0109062,-0.0100046,-0.0141296,0,0,-5,-0.0109062,-0.0100046,4.98587,4.98589,-0.000323922,-0.037622,-0.0166848,0,0,0
1780639904928946,29.627,-0.0107451,-0.0101644,-0.0143433,0,0,-5,-0.0107451,-0.0101644,4.98566,4.98568,8.93292e-05,-0.0376719,-0.016489,0,0,0
1780639904944946,29.643,-0.0106461,-0.0103028,-0.0144958,0,0,-5,-0.0106461,-0.0103028,4.9855,4.98553,-0.000227696,-0.0386074,-0.0162178,0,0,0
1780639904960946,29.659,-0.0105482,-0.0104791,-0.0146484,0,0,-5,-0.0105482,-0.0104791,4.98535,4.98537,0.00104414,-0.0397627,-0.0163332,0,0,0
1780639904984946,29.683,-0.0103859,-0.0108097,-0.0148621,0,0,-5,-0.0103859,-0.0108097,4.98514,4.98516,0.00162524,-0.0401387,-0.0162469,0,0,0
1780639905008946,29.707,-0.0102278,-0.0111634,-0.0150757,0,0,-5,-0.0102278,-0.0111634,4.98492,4.98495,0.00177094,-0.0402596,-0.0145112,0,0,0
1780639905024946,29.723,-0.0101213,-0.0114237,-0.0151978,0,0,-5,-0.0101213,-0.0114237,4.9848,4.98483,0.00316722,-0.0398856,-0.0150708,0,0,0
1780639905048946,29.747,-0.00995474,-0.0118407,-0.0154114,0,0,-5,-0.00995474,-0.0118407,4.98459,4.98461,0.00266965,-0.04054,-0.0150871,0,0,0
1780639905064946,29.763,-0.00985931,-0.0121513,-0.015564,0,0,-5,-0.00985931,-0.0121513,4.98444,4.98446,0.00213403,-0.041112,-0.0145664,0,0,0
1780639905080946,29.779,-0.00977166,-0.0124821,-0.015686,0,0,-5,-0.00977166,-0.0124821,4.98431,4.98434,0.0026542,-0.0415668,-0.0146046,0,0,0
1780639905104946,29.803,-0.00961831,-0.0130208,-0.0158997,0,0,-5,-0.00961831,-0.0130208,4.9841,4.98413,0.00399181,-0.0429944,-0.0157064,0,0,0
1780639905128946,29.827,-0.00947758,-0.0136211,-0.0161438,0,0,-5,-0.00947758,-0.0136211,4.98386,4.98388,0.00321188,-0.0436379,-0.0154683,0,0,0
1780639905144946,29.843,-0.00938121,-0.0140459,-0.0162659,0,0,-5,-0.00938121,-0.0140459,4.98373,4.98376,0.00445789,-0.044177,-0.0160247,0,0,0
1780639905168946,29.867,-0.00922966,-0.0147168,-0.0164795,0,0,-5,-0.00922966,-0.0147168,4.98352,4.98355,0.00392846,-0.0442577,-0.0156956,0,0,0
1780639905184946,29.883,-0.0091342,-0.0151831,-0.0166321,0,0,-5,-0.0091342,-0.0151831,4.98337,4.9834,0.004497,-0.0447925,-0.0170323,0,0,0
1780639905208946,29.907,-0.00900975,-0.0153639,-0.0169678,0,0,-5,-0.00900975,-0.0153639,4.98303,4.98306,0.00653854,-0.0438533,-0.0180039,0,0,0
1780639905224946,29.923,-0.00890993,-0.0153367,-0.0172119,0,0,-5,-0.00890993,-0.0153367,4.98279,4.98282,0.00661866,-0.0440219,-0.017124,0,0,0
1780639905240946,29.939,-0.00881143,-0.0153366,-0.0174561,0,0,-5,-0.00881143,-0.0153366,4.98254,4.98258,0.00640599,-0.0432654,-0.0169711,0,0,0
1780639905264946,29.963,-0.00866246,-0.0153871,-0.0178223,0,0,-5,-0.00866246,-0.0153871,4.98218,4.98221,0.00675577,-0.0433133,-0.0161625,0,0,0
1780639905280946,29.979,-0.00855646,-0.0154535,-0.0180054,0,0,-5,-0.00855646,-0.0154535,4.98199,4.98203,0.00726672,-0.0429808,-0.0156507,0,0,0
1780639905304946,30.003,-0.0083984,-0.0155926,-0.01828,0,0,-5,-0.0083984,-0.0155926,4.98172,4.98175,0.00738818,-0.0422954,-0.01555,0,0,0
1780639905320946,30.019,-0.00828839,-0.0157247,-0.0184937,0,0,-5,-0.00828839,-0.0157247,4.98151,4.98154,0.00727568,-0.0430924,-0.0158182,0,0,0
1780639905344946,30.043,-0.00813806,-0.0159627,-0.0187988,0,0,-5,-0.00813806,-0.0159627,4.9812,4.98123,0.00736427,-0.041341,-0.0164576,0,0,0
1780639905368946,30.067,-0.00798508,-0.0161994,-0.019165,0,0,-5,-0.00798508,-0.0161994,4.98083,4.98087,0.0077722,-0.040198,-0.0164985,0,0,0
1780639905384946,30.083,-0.00786957,-0.0164013,-0.0194092,0,0,-5,-0.00786957,-0.0164013,4.98059,4.98062,0.00767966,-0.041738,-0.0172059,0,0,0
1780639905408946,30.107,-0.0077027,-0.0167525,-0.0198059,0,0,-5,-0.0077027,-0.0167525,4.98019,4.98023,0.00797813,-0.0415533,-0.0168578,0,0,0
1780639905425076,30.1232,-0.00759058,-0.0170138,-0.02005,0,0,-5,-0.00759058,-0.0170138,4.97995,4.97998,0.00812341,-0.0423705,-0.0172057,0,0,0
1780639905449076,30.1472,-0.00741174,-0.0174613,-0.0204163,0,0,-5,-0.00741174,-0.0174613,4.97958,4.97962,0.00764865,-0.0429351,-0.0171547,0,0,0
1780639905465076,30.1632,-0.00728282,-0.0177972,-0.0206299,0,0,-5,-0.00728282,-0.0177972,4.97937,4.97941,0.00891358,-0.043241,-0.0159049,0,0,0
1780639905481076,30.1792,-0.00714761,-0.0181438,-0.0208435,0,0,-5,-0.00714761,-0.0181438,4.97916,4.97919,0.00888296,-0.0422963,-0.0157821,0,0,0
1780639905505076,30.2032,-0.00692742,-0.018689,-0.0211487,0,0,-5,-0.00692742,-0.018689,4.97885,4.97889,0.00846798,-0.0430362,-0.0143702,0,0,0
1780639905529076,30.2272,-0.00671505,-0.01927,-0.0214233,0,0,-5,-0.00671505,-0.01927,4.97858,4.97862,0.00716223,-0.043179,-0.0152038,0,0,0
1780639905545076,30.2432,-0.00659051,-0.0196868,-0.0216064,0,0,-5,-0.00659051,-0.0196868,4.97839,4.97844,0.00671885,-0.0435568,-0.015466,0,0,0
1780639905561076,30.2592,-0.00646425,-0.0201162,-0.0217896,0,0,-5,-0.00646425,-0.0201162,4.97821,4.97826,0.00762109,-0.0436114,-0.0165386,0,0,0
1780639905585076,30.2832,-0.00627567,-0.0207913,-0.0220947,0,0,-5,-0.00627567,-0.0207913,4.97791,4.97795,0.00654995,-0.0432757,-0.0163921,0,0,0
1780639905609076,30.3072,-0.0061941,-0.0208281,-0.022522,0,0,-5,-0.0061941,-0.0208281,4.97748,4.97753,0.00520694,-0.0416454,-0.016848,0,0,0
1780639905625076,30.3232,-0.00617881,-0.0206707,-0.0228271,0,0,-5,-0.00617881,-0.0206707,4.97717,4.97722,0.0043099,-0.0406788,-0.0175029,0,0,0
1780639905649076,30.3472,-0.00614514,-0.0205034,-0.0232849,0,0,-5,-0.00614514,-0.0205034,4.97672,4.97676,0.00499189,-0.0412659,-0.0166197,0,0,0
1780639905665076,30.3632,-0.00611274,-0.0204323,-0.0235596,0,0,-5,-0.00611274,-0.0204323,4.97644,4.97649,0.00583584,-0.0406031,-0.0167819,0,0,0
1780639905689076,30.3872,-0.00603221,-0.0203986,-0.0240173,0,0,-5,-0.00603221,-0.0203986,4.97598,4.97603,0.00735503,-0.042091,-0.0172989,0,0,0
1780639905705076,30.4032,-0.00596161,-0.0204399,-0.0243225,0,0,-5,-0.00596161,-0.0204399,4.97568,4.97572,0.00761027,-0.0431533,-0.0166486,0,0,0
1780639905729076,30.4272,-0.00585307,-0.0205806,-0.0247803,0,0,-5,-0.00585307,-0.0205806,4.97522,4.97527,0.00813613,-0.043999,-0.017948,0,0,0
1780639905745076,30.4432,-0.00577466,-0.0207136,-0.025116,0,0,-5,-0.00577466,-0.0207136,4.97488,4.97493,0.00830321,-0.0440357,-0.0195968,0,0,0
1780639905769076,30.4672,-0.00563422,-0.0209771,-0.0256348,0,0,-5,-0.00563422,-0.0209771,4.97437,4.97441,0.00943198,-0.0450581,-0.0194188,0,0,0
1780639905785076,30.4832,-0.00554061,-0.0211829,-0.026001,0,0,-5,-0.00554061,-0.0211829,4.974,4.97405,0.00833265,-0.0445252,-0.0209905,0,0,0
1780639905809076,30.5072,-0.00543292,-0.0215459,-0.0265503,0,0,-5,-0.00543292,-0.0215459,4.97345,4.9735,0.00832702,-0.0451995,-0.0206942,0,0,0
1780639905825076,30.5232,-0.00534545,-0.0218061,-0.026886,0,0,-5,-0.00534545,-0.0218061,4.97311,4.97316,0.00895815,-0.0441985,-0.0205025,0,0,0
1780639905849076,30.5472,-0.00521723,-0.0222453,-0.0273743,0,0,-5,-0.00521723,-0.0222453,4.97263,4.97268,0.00872538,-0.0452504,-0.0209071,0,0,0
1780639905865076,30.5632,-0.00512048,-0.0225846,-0.0276794,0,0,-5,-0.00512048,-0.0225846,4.97232,4.97237,0.00902428,-0.0467814,-0.0203958,0,0,0
1780639905889076,30.5872,-0.0049572,-0.0231487,-0.0281982,0,0,-5,-0.0049572,-0.0231487,4.9718,4.97186,0.00953069,-0.0470227,-0.0204755,0,0,0
1780639905905076,30.6032,-0.00485298,-0.0235454,-0.0285034,0,0,-5,-0.00485298,-0.0235454,4.9715,4.97155,0.0088843,-0.0464331,-0.0192604,0,0,0
1780639905929076,30.6272,-0.00470974,-0.0241904,-0.0289612,0,0,-5,-0.00470974,-0.0241904,4.97104,4.9711,0.00871646,-0.0480011,-0.018599,0,0,0
1780639905945076,30.6432,-0.00457042,-0.0246558,-0.0292358,0,0,-5,-0.00457042,-0.0246558,4.97076,4.97083,0.00915687,-0.0490026,-0.0184893,0,0,0
1780639905961076,30.6592,-0.00442597,-0.025146,-0.029541,0,0,-5,-0.00442597,-0.025146,4.97046,4.97052,0.00958673,-0.0492031,-0.0180957,0,0,0
1780639905985076,30.6832,-0.00420964,-0.0259084,-0.0299377,0,0,-5,-0.00420964,-0.0259084,4.97006,4.97013,0.00861838,-0.0484713,-0.0173733,0,0,0
1780639906009076,30.7072,-0.00411754,-0.0257906,-0.0301514,0,0,-5,-0.00411754,-0.0257906,4.96985,4.96992,0.00786152,-0.0472375,-0.0173112,0,0,0
1780639906025076,30.7232,-0.00408083,-0.0254705,-0.0302124,0,0,-5,-0.00408083,-0.0254705,4.96979,4.96985,0.00859894,-0.047729,-0.0174017,0,0,0
1780639906049076,30.7472,-0.00398267,-0.0250832,-0.030304,0,0,-5,-0.00398267,-0.0250832,4.9697,4.96976,0.00965492,-0.0460266,-0.0176891,0,0,0
1780639906065076,30.7632,-0.00391496,-0.0248595,-0.0303955,0,0,-5,-0.00391496,-0.0248595,4.9696,4.96967,0.00921434,-0.0450038,-0.0168063,0,0,0
1780639906089076,30.7872,-0.00378985,-0.0245838,-0.0304871,0,0,-5,-0.00378985,-0.0245838,4.96951,4.96958,0.0103286,-0.043579,-0.0162753,0,0,0
1780639906105076,30.8032,-0.0036918,-0.0244449,-0.0305481,0,0,-5,-0.0036918,-0.0244449,4.96945,4.96951,0.00926408,-0.0441966,-0.0162723,0,0,0
1780639906129076,30.8272,-0.00357866,-0.0243411,-0.0306396,0,0,-5,-0.00357866,-0.0243411,4.96936,4.96942,0.00866377,-0.0460357,-0.0186059,0,0,0
1780639906145076,30.8432,-0.0034952,-0.0243354,-0.0307617,0,0,-5,-0.0034952,-0.0243354,4.96924,4.9693,0.00838189,-0.0459813,-0.0187189,0,0,0
1780639906169076,30.8672,-0.0033854,-0.024383,-0.0309143,0,0,-5,-0.0033854,-0.024383,4.96909,4.96915,0.00778608,-0.0453304,-0.0188096,0,0,0
1780639906185076,30.8832,-0.00330624,-0.024457,-0.0310364,0,0,-5,-0.00330624,-0.024457,4.96896,4.96902,0.00840476,-0.0458158,-0.0198492,0,0,0
1780639906209076,30.9072,-0.00316369,-0.0246412,-0.0311584,0,0,-5,-0.00316369,-0.0246412,4.96884,4.9689,0.00837804,-0.0464463,-0.0199666,0,0,0
1780639906225076,30.9232,-0.0030762,-0.0248133,-0.0312805,0,0,-5,-0.0030762,-0.0248133,4.96872,4.96878,0.00691408,-0.0470751,-0.0199938,0,0,0
1780639906241076,30.9392,-0.0029897,-0.0250323,-0.0314026,0,0,-5,-0.0029897,-0.0250323,4.9686,4.96866,0.00713822,-0.0479674,-0.0195991,0,0,0
1780639906265076,30.9632,-0.00286191,-0.0254038,-0.0315552,0,0,-5,-0.00286191,-0.0254038,4.96844,4.96851,0.00633508,-0.0465298,-0.0195333,0,0,0
1780639906289076,30.9872,-0.00275368,-0.0258229,-0.0316772,0,0,-5,-0.00275368,-0.0258229,4.96832,4.96839,0.0055018,-0.0469851,-0.0193143,0,0,0
1780639906305076,31.0032,-0.00269925,-0.0261399,-0.0317993,0,0,-5,-0.00269925,-0.0261399,4.9682,4.96827,0.00490523,-0.0473159,-0.0186156,0,0,0
1780639906321076,31.0192,-0.00264515,-0.0264924,-0.0318909,0,0,-5,-0.00264515,-0.0264924,4.96811,4.96818,0.00471756,-0.048055,-0.0187449,0,0,0
1780639906345076,31.0432,-0.00257239,-0.0270634,-0.032074,0,0,-5,-0.00257239,-0.0270634,4.96793,4.968,0.00474696,-0.047756,-0.0188448,0,0,0
1780639906361076,31.0592,-0.00252149,-0.0274679,-0.032196,0,0,-5,-0.00252149,-0.0274679,4.9678,4.96788,0.0051156,-0.0479411,-0.0189613,0,0,0
1780639906385076,31.0832,-0.00241255,-0.0281355,-0.0324097,0,0,-5,-0.00241255,-0.0281355,4.96759,4.96767,0.0061515,-0.0499417,-0.01792,0,0,0
1780639906409076,31.1072,-0.00244355,-0.028189,-0.0323792,0,0,-5,-0.00244355,-0.028189,4.96762,4.9677,0.00685392,-0.0519577,-0.016321,0,0,0
1780639906425213,31.1233,-0.00250446,-0.0280576,-0.0323181,0,0,-5,-0.00250446,-0.0280576,4.96768,4.96776,0.00689754,-0.0526928,-0.0163706,0,0,0
1780639906449213,31.1473,-0.00257657,-0.0279704,-0.0322266,0,0,-5,-0.00257657,-0.0279704,4.96777,4.96785,0.00769044,-0.0529302,-0.014515,0,0,0
1780639906465213,31.1633,-0.00260161,-0.027968,-0.0321655,0,0,-5,-0.00260161,-0.027968,4.96783,4.96791,0.00856802,-0.0531072,-0.0146149,0,0,0
1780639906489213,31.1873,-0.0026051,-0.0280601,-0.032135,0,0,-5,-0.0026051,-0.0280601,4.96786,4.96794,0.00943299,-0.0540653,-0.0147563,0,0,0
1780639906505213,31.2033,-0.00259356,-0.0281742,-0.032135,0,0,-5,-0.00259356,-0.0281742,4.96786,4.96795,0.00926929,-0.0535258,-0.0143141,0,0,0
1780639906529213,31.2273,-0.00262,-0.028424,-0.0321045,0,0,-5,-0.00262,-0.028424,4.9679,4.96798,0.00870695,-0.0542536,-0.0126968,0,0,0
1780639906545213,31.2433,-0.00262532,-0.0286362,-0.0321045,0,0,-5,-0.00262532,-0.0286362,4.9679,4.96798,0.00906175,-0.0544782,-0.0125282,0,0,0
1780639906569213,31.2673,-0.00261289,-0.0290348,-0.032074,0,0,-5,-0.00261289,-0.0290348,4.96793,4.96801,0.00920593,-0.0554137,-0.0126098,0,0,0
1780639906585213,31.2833,-0.00258772,-0.0293448,-0.0321045,0,0,-5,-0.00258772,-0.0293448,4.9679,4.96798,0.0102931,-0.0553278,-0.0139172,0,0,0
1780639906609213,31.3073,-0.00251773,-0.029862,-0.0321655,0,0,-5,-0.00251773,-0.029862,4.96783,4.96792,0.0103238,-0.0552526,-0.0135586,0,0,0
1780639906625213,31.3233,-0.00246709,-0.0302502,-0.032196,0,0,-5,-0.00246709,-0.0302502,4.9678,4.9679,0.0104916,-0.0564408,-0.0135816,0,0,0
1780639906649213,31.3473,-0.00238058,-0.0308808,-0.0322571,0,0,-5,-0.00238058,-0.0308808,4.96774,4.96784,0.0106881,-0.055345,-0.0141341,0,0,0
1780639906665213,31.3633,-0.00230505,-0.0313444,-0.0323181,0,0,-5,-0.00230505,-0.0313444,4.96768,4.96778,0.0113307,-0.0562946,-0.0140967,0,0,0
1780639906689213,31.3873,-0.00218158,-0.0321144,-0.0324097,0,0,-5,-0.00218158,-0.0321144,4.96759,4.96769,0.0118489,-0.057639,-0.014265,0,0,0
1780639906705213,31.4033,-0.00208828,-0.0326707,-0.0324097,0,0,-5,-0.00208828,-0.0326707,4.96759,4.9677,0.0114019,-0.0581559,-0.0124445,0,0,0
1780639906729213,31.4273,-0.00194467,-0.033529,-0.0324402,0,0,-5,-0.00194467,-0.033529,4.96756,4.96767,0.0114046,-0.0570836,-0.0123945,0,0,0
1780639906745213,31.4433,-0.00184373,-0.0341177,-0.0324707,0,0,-5,-0.00184373,-0.0341177,4.96753,4.96765,0.0111439,-0.0567341,-0.013136,0,0,0
1780639906769213,31.4673,-0.00167782,-0.0350208,-0.0325317,0,0,-5,-0.00167782,-0.0350208,4.96747,4.96759,0.011543,-0.0569942,-0.0126884,0,0,0
1780639906785213,31.4833,-0.00156906,-0.0356601,-0.0325623,0,0,-5,-0.00156906,-0.0356601,4.96744,4.96757,0.0112235,-0.0575176,-0.0128074,0,0,0
1780639906809213,31.5073,-0.00136712,-0.0351641,-0.0325317,0,0,-5,-0.00136712,-0.0351641,4.96747,4.96759,0.0103867,-0.0578111,-0.0132415,0,0,0
1780639906825213,31.5233,-0.00123521,-0.0344334,-0.0324707,0,0,-5,-0.00123521,-0.0344334,4.96753,4.96765,0.0106244,-0.0577757,-0.0140378,0,0,0
1780639906849213,31.5473,-0.00102503,-0.0334799,-0.0323792,0,0,-5,-0.00102503,-0.0334799,4.96762,4.96773,0.0111298,-0.0569534,-0.013309,0,0,0
1780639906865213,31.5633,-0.000877157,-0.0329354,-0.0323486,0,0,-5,-0.000877157,-0.0329354,4.96765,4.96776,0.0114655,-0.0567422,-0.0143645,0,0,0
1780639906889213,31.5873,-0.00062288,-0.0322462,-0.0323181,0,0,-5,-0.00062288,-0.0322462,4.96768,4.96779,0.0122801,-0.0558675,-0.0146876,0,0,0
1780639906905213,31.6033,-0.000453336,-0.0318621,-0.0323181,0,0,-5,-0.000453336,-0.0318621,4.96768,4.96778,0.0118432,-0.0559625,-0.0141713,0,0,0
1780639906929213,31.6273,-0.000209585,-0.0314067,-0.0322876,0,0,-5,-0.000209585,-0.0314067,4.96771,4.96781,0.0113779,-0.0552697,-0.0134043,0,0,0
1780639906945213,31.6433,-5.2976e-05,-0.0311563,-0.0322571,0,0,-5,-5.2976e-05,-0.0311563,4.96774,4.96784,0.0109198,-0.0551801,-0.0128789,0,0,0
1780639906969213,31.6673,0.000167921,-0.030882,-0.0322571,0,0,-5,0.000167921,-0.030882,4.96774,4.96784,0.00957581,-0.0547407,-0.0118686,0,0,0
1780639906985213,31.6833,0.000297919,-0.0307515,-0.0322266,0,0,-5,0.000297919,-0.0307515,4.96777,4.96787,0.00858144,-0.0539598,-0.0122933,0,0,0
1780639907009213,31.7073,0.000470361,-0.0306265,-0.0322266,0,0,-5,0.000470361,-0.0306265,4.96777,4.96787,0.00778077,-0.0529754,-0.0109121,0,0,0
1780639907025213,31.7233,0.000579331,-0.0305873,-0.0322266,0,0,-5,0.000579331,-0.0305873,4.96777,4.96787,0.00802429,-0.0520457,-0.00965142,0,0,0
1780639907049213,31.7473,0.000753143,-0.0305977,-0.0322266,0,0,-5,0.000753143,-0.0305977,4.96777,4.96787,0.00860359,-0.0518486,-0.0119923,0,0,0
1780639907065213,31.7633,0.000870825,-0.0306539,-0.0322571,0,0,-5,0.000870825,-0.0306539,4.96774,4.96784,0.00810765,-0.0516791,-0.0115123,0,0,0
1780639907081213,31.7793,0.00098901,-0.0307478,-0.0322876,0,0,-5,0.00098901,-0.0307478,4.96771,4.96781,0.00850954,-0.0518009,-0.0113666,0,0,0
1780639907105213,31.8033,0.00121961,-0.0309759,-0.0323486,0,0,-5,0.00121961,-0.0309759,4.96765,4.96775,0.00891791,-0.0538797,-0.0105529,0,0,0
1780639907129213,31.8273,0.00144396,-0.0313136,-0.0323486,0,0,-5,0.00144396,-0.0313136,4.96765,4.96775,0.00843754,-0.0540181,-0.0106609,0,0,0
1780639907145213,31.8433,0.00159354,-0.0315776,-0.0323486,0,0,-5,0.00159354,-0.0315776,4.96765,4.96775,0.00916808,-0.0537429,-0.0101334,0,0,0
1780639907169213,31.8673,0.00182299,-0.0320232,-0.0323486,0,0,-5,0.00182299,-0.0320232,4.96765,4.96775,0.008088,-0.0534968,-0.0091935,0,0,0
1780639907185213,31.8833,0.00196179,-0.0323679,-0.0323792,0,0,-5,0.00196179,-0.0323679,4.96762,4.96773,0.00832205,-0.0548724,-0.00846201,0,0,0
1780639907209213,31.9073,0.00258422,-0.0317521,-0.0322266,0,0,-5,0.00258422,-0.0317521,4.96777,4.96788,0.00990537,-0.0541142,-0.0082111,0,0,0
1780639907225213,31.9233,0.00310593,-0.0310226,-0.032074,0,0,-5,0.00310593,-0.0310226,4.96793,4.96802,0.00944322,-0.0533802,-0.00864828,0,0,0
1780639907249213,31.9473,0.00384226,-0.0300586,-0.0318604,0,0,-5,0.00384226,-0.0300586,4.96814,4.96823,0.00955581,-0.0531799,-0.0089908,0,0,0
1780639907265213,31.9633,0.00430363,-0.0295074,-0.0317383,0,0,-5,0.00430363,-0.0295074,4.96826,4.96835,0.00878258,-0.0528463,-0.00954462,0,0,0
1780639907281213,31.9793,0.0047381,-0.029031,-0.0316467,0,0,-5,0.0047381,-0.029031,4.96835,4.96844,0.00809476,-0.0534994,-0.00985743,0,0,0
1780639907305213,32.0033,0.00535424,-0.0284171,-0.0315247,0,0,-5,0.00535424,-0.0284171,4.96848,4.96856,0.00853882,-0.0502412,-0.0100283,0,0,0
1780639907329213,32.0273,0.00593261,-0.027894,-0.0314636,0,0,-5,0.00593261,-0.027894,4.96854,4.96862,0.00756504,-0.050866,-0.0108459,0,0,0
1780639907345213,32.0433,0.00629513,-0.027631,-0.0314331,0,0,-5,0.00629513,-0.027631,4.96857,4.96865,0.00723579,-0.0508237,-0.0116287,0,0,0
1780639907369213,32.0673,0.00680968,-0.0273285,-0.0314026,0,0,-5,0.00680968,-0.0273285,4.9686,4.96868,0.00669136,-0.0508433,-0.0127943,0,0,0
1780639907385213,32.0833,0.00712651,-0.0271823,-0.0314026,0,0,-5,0.00712651,-0.0271823,4.9686,4.96868,0.00787536,-0.0510719,-0.0139397,0,0,0
1780639907401213,32.0993,0.00743711,-0.0270871,-0.0314331,0,0,-5,0.00743711,-0.0270871,4.96857,4.96865,0.00699385,-0.0513533,-0.0143207,0,0,0
1780639907425213,32.1233,0.00787444,-0.0270572,-0.0314941,0,0,-5,0.00787444,-0.0270572,4.96851,4.96859,0.00782857,-0.0526871,-0.0152134,0,0,0
1780639907449350,32.1474,0.00830166,-0.0271469,-0.0315247,0,0,-5,0.00830166,-0.0271469,4.96848,4.96856,0.00724815,-0.0534571,-0.0155934,0,0,0
1780639907465350,32.1634,0.00857105,-0.0272742,-0.0315857,0,0,-5,0.00857105,-0.0272742,4.96841,4.9685,0.00740463,-0.0549035,-0.0159062,0,0,0
1780639907489350,32.1874,0.00899049,-0.0275807,-0.0316772,0,0,-5,0.00899049,-0.0275807,4.96832,4.96841,0.00942303,-0.0567669,-0.015633,0,0,0
1780639907505350,32.2034,0.00927053,-0.0278465,-0.0317383,0,0,-5,0.00927053,-0.0278465,4.96826,4.96835,0.00864006,-0.0569138,-0.01558,0,0,0
1780639907529350,32.2274,0.00965653,-0.0283099,-0.0318298,0,0,-5,0.00965653,-0.0283099,4.96817,4.96826,0.00866635,-0.0561542,-0.0168691,0,0,0
1780639907545350,32.2434,0.0098874,-0.0286632,-0.0319519,0,0,-5,0.0098874,-0.0286632,4.96805,4.96814,0.00720394,-0.0574509,-0.0166048,0,0,0
1780639907561350,32.2594,0.0101031,-0.029051,-0.0320435,0,0,-5,0.0101031,-0.029051,4.96796,4.96805,0.00729464,-0.056509,-0.0163022,0,0,0
1780639907585350,32.2834,0.0104181,-0.0296724,-0.032196,0,0,-5,0.0104181,-0.0296724,4.9678,4.9679,0.00734858,-0.0570367,-0.0174455,0,0,0
1780639907609350,32.3074,0.010517,-0.0289492,-0.032196,0,0,-5,0.010517,-0.0289492,4.9678,4.9679,0.00730175,-0.0561741,-0.017238,0,0,0
1780639907625350,32.3234,0.0105239,-0.0280845,-0.0321655,0,0,-5,0.0105239,-0.0280845,4.96783,4.96793,0.00797908,-0.0555963,-0.0171858,0,0,0
1780639907649350,32.3474,0.0105786,-0.0269439,-0.0321655,0,0,-5,0.0105786,-0.0269439,4.96783,4.96792,0.00987181,-0.0553499,-0.0175042,0,0,0
1780639907665350,32.3634,0.0106336,-0.026275,-0.032196,0,0,-5,0.0106336,-0.026275,4.9678,4.96788,0.00967077,-0.0545099,-0.0176323,0,0,0
1780639907689350,32.3874,0.0107073,-0.0253992,-0.0322571,0,0,-5,0.0107073,-0.0253992,4.96774,4.96782,0.00935067,-0.0539418,-0.018833,0,0,0
1780639907705350,32.4034,0.010753,-0.0249054,-0.0323486,0,0,-5,0.010753,-0.0249054,4.96765,4.96773,0.00842382,-0.0541282,-0.0185308,0,0,0
1780639907729350,32.4274,0.0108027,-0.0242763,-0.0324097,0,0,-5,0.0108027,-0.0242763,4.96759,4.96766,0.00773454,-0.0529496,-0.0181607,0,0,0
1780639907745350,32.4434,0.0108447,-0.0239401,-0.0324402,0,0,-5,0.0108447,-0.0239401,4.96756,4.96763,0.00896804,-0.0536462,-0.0183492,0,0,0
1780639907761350,32.4594,0.0108873,-0.0236615,-0.0325012,0,0,-5,0.0108873,-0.0236615,4.9675,4.96757,0.00755315,-0.0535824,-0.0179015,0,0,0
1780639907785350,32.4834,0.0109288,-0.023366,-0.0325928,0,0,-5,0.0109288,-0.023366,4.96741,4.96747,0.00625601,-0.05343,-0.0187371,0,0,0
1780639907801350,32.4994,0.0109507,-0.0232297,-0.0326843,0,0,-5,0.0109507,-0.0232297,4.96732,4.96738,0.00697029,-0.0534167,-0.0193448,0,0,0
1780639907825350,32.5234,0.0110053,-0.023135,-0.0328369,0,0,-5,0.0110053,-0.023135,4.96716,4.96723,0.0081066,-0.052792,-0.020798,0,0,0
1780639907849350,32.5474,0.0110944,-0.0231362,-0.0330505,0,0,-5,0.0110944,-0.0231362,4.96695,4.96702,0.00931097,-0.0531744,-0.0209541,0,0,0
1780639907865350,32.5634,0.0111747,-0.0231971,-0.0331726,0,0,-5,0.0111747,-0.0231971,4.96683,4.96689,0.0099262,-0.0524616,-0.0207211,0,0,0
1780639907889350,32.5874,0.0113306,-0.0233571,-0.0333862,0,0,-5,0.0113306,-0.0233571,4.96661,4.96668,0.0123848,-0.0533967,-0.0198863,0,0,0
1780639907905350,32.6034,0.0114584,-0.0235312,-0.0335388,0,0,-5,0.0114584,-0.0235312,4.96646,4.96653,0.0122612,-0.0544049,-0.0206905,0,0,0
1780639907929350,32.6274,0.0116646,-0.023888,-0.033783,0,0,-5,0.0116646,-0.023888,4.96622,4.96629,0.0125124,-0.0558093,-0.0212962,0,0,0
1780639907945350,32.6434,0.0118067,-0.0241929,-0.0339355,0,0,-5,0.0118067,-0.0241929,4.96606,4.96614,0.0134997,-0.056541,-0.0201033,0,0,0
1780639907969350,32.6674,0.0120151,-0.0247013,-0.0342102,0,0,-5,0.0120151,-0.0247013,4.96579,4.96587,0.0125304,-0.0557342,-0.0205784,0,0,0
1780639907985350,32.6834,0.0121616,-0.0250785,-0.0343933,0,0,-5,0.0121616,-0.0250785,4.96561,4.96568,0.0138808,-0.0565282,-0.02038,0,0,0
1780639908009350,32.7074,0.0120155,-0.024327,-0.0343018,0,0,-5,0.0120155,-0.024327,4.9657,4.96577,0.0134922,-0.0564531,-0.019956,0,0,0
1780639908025350,32.7234,0.0118117,-0.0234567,-0.0341187,0,0,-5,0.0118117,-0.0234567,4.96588,4.96595,0.0137615,-0.0552331,-0.019718,0,0,0
1780639908049350,32.7474,0.0115516,-0.0222866,-0.0338745,0,0,-5,0.0115516,-0.0222866,4.96613,4.96619,0.0143989,-0.0547618,-0.0190255,0,0,0
1780639908065350,32.7634,0.0114077,-0.0216122,-0.0337524,0,0,-5,0.0114077,-0.0216122,4.96625,4.96631,0.0147439,-0.0547904,-0.0193072,0,0,0
1780639908089350,32.7874,0.0112128,-0.0207665,-0.0335999,0,0,-5,0.0112128,-0.0207665,4.9664,4.96646,0.0139498,-0.0550577,-0.0203889,0,0,0
1780639908105350,32.8034,0.0110913,-0.020294,-0.0335693,0,0,-5,0.0110913,-0.020294,4.96643,4.96648,0.0139413,-0.0549614,-0.0203866,0,0,0
1780639908129350,32.8274,0.0109242,-0.0197087,-0.0335388,0,0,-5,0.0109242,-0.0197087,4.96646,4.96651,0.0133878,-0.0554799,-0.0196597,0,0,0
1780639908145350,32.8434,0.0108303,-0.0194022,-0.0335083,0,0,-5,0.0108303,-0.0194022,4.96649,4.96654,0.0130116,-0.0551256,-0.0187011,0,0,0
1780639908169350,32.8674,0.0106894,-0.0190631,-0.0334778,0,0,-5,0.0106894,-0.0190631,4.96652,4.96657,0.012758,-0.0551195,-0.0193708,0,0,0
1780639908185350,32.8834,0.0106024,-0.0189134,-0.0335083,0,0,-5,0.0106024,-0.0189134,4.96649,4.96654,0.0120482,-0.0562887,-0.0195653,0,0,0
1780639908209350,32.9074,0.010488,-0.0187915,-0.0335693,0,0,-5,0.010488,-0.0187915,4.96643,4.96648,0.0128014,-0.0552362,-0.0187217,0,0,0
1780639908225350,32.9234,0.0104448,-0.0187655,-0.0336304,0,0,-5,0.0104448,-0.0187655,4.96637,4.96642,0.0131076,-0.0547904,-0.0181246,0,0,0
1780639908249350,32.9474,0.0104132,-0.0188185,-0.0337524,0,0,-5,0.0104132,-0.0188185,4.96625,4.96629,0.0133548,-0.055532,-0.0172189,0,0,0
1780639908265350,32.9634,0.0104149,-0.0189215,-0.0338135,0,0,-5,0.0104149,-0.0189215,4.96619,4.96623,0.0129359,-0.055524,-0.0171114,0,0,0
1780639908281350,32.9794,0.0104108,-0.0190711,-0.033905,0,0,-5,0.0104108,-0.0190711,4.96609,4.96614,0.0121946,-0.0565789,-0.0162993,0,0,0
1780639908305350,33.0034,0.0104157,-0.0193941,-0.0340576,0,0,-5,0.0104157,-0.0193941,4.96594,4.96599,0.0126626,-0.0563878,-0.0165307,0,0,0
1780639908329350,33.0274,0.0104533,-0.0198071,-0.0342407,0,0,-5,0.0104533,-0.0198071,4.96576,4.96581,0.0127519,-0.0577772,-0.0168969,0,0,0
1780639908345350,33.0434,0.0104755,-0.0201452,-0.0343933,0,0,-5,0.0104755,-0.0201452,4.96561,4.96566,0.0115093,-0.0577802,-0.0175483,0,0,0
1780639908369350,33.0674,0.0105063,-0.0207272,-0.0346069,0,0,-5,0.0105063,-0.0207272,4.96539,4.96545,0.0111025,-0.058611,-0.0173221,0,0,0
1780639908385350,33.0834,0.0105344,-0.0211464,-0.0347595,0,0,-5,0.0105344,-0.0211464,4.96524,4.9653,0.0112181,-0.0573908,-0.0167049,0,0,0
1780639908401350,33.0994,0.0105289,-0.0210522,-0.03479,0,0,-5,0.0105289,-0.0210522,4.96521,4.96527,0.0116751,-0.0578971,-0.0169328,0,0,0
1780639908425350,33.1234,0.0104773,-0.0202525,-0.034668,0,0,-5,0.0104773,-0.0202525,4.96533,4.96538,0.010759,-0.0587195,-0.0162332,0,0,0
1780639908449489,33.1476,0.0104275,-0.0196298,-0.0345459,0,0,-5,0.0104275,-0.0196298,4.96545,4.9655,0.0102013,-0.0580787,-0.0160585,0,0,0
1780639908465489,33.1636,0.0104048,-0.019298,-0.0344849,0,0,-5,0.0104048,-0.019298,4.96552,4.96556,0.0110211,-0.058048,-0.0165843,0,0,0
1780639908489489,33.1876,0.0103885,-0.0189424,-0.0344543,0,0,-5,0.0103885,-0.0189424,4.96555,4.96559,0.0101398,-0.0598654,-0.0176308,0,0,0
1780639908505489,33.2036,0.0103793,-0.0188145,-0.0344543,0,0,-5,0.0103793,-0.0188145,4.96555,4.96559,0.0101405,-0.0608452,-0.0159234,0,0,0
1780639908529489,33.2276,0.0103769,-0.0187561,-0.0344238,0,0,-5,0.0103769,-0.0187561,4.96558,4.96562,0.0112368,-0.0620688,-0.0151519,0,0,0
1780639908545489,33.2436,0.0103898,-0.0187948,-0.0344238,0,0,-5,0.0103898,-0.0187948,4.96558,4.96562,0.0105896,-0.061739,-0.0154555,0,0,0
1780639908569489,33.2676,0.0104086,-0.0189633,-0.0344543,0,0,-5,0.0104086,-0.0189633,4.96555,4.96559,0.010593,-0.0628242,-0.0162609,0,0,0
1780639908585489,33.2836,0.0104375,-0.0191344,-0.0345154,0,0,-5,0.0104375,-0.0191344,4.96548,4.96553,0.0108187,-0.0626837,-0.0170408,0,0,0
1780639908609489,33.3076,0.0104877,-0.0194605,-0.0346069,0,0,-5,0.0104877,-0.0194605,4.96539,4.96544,0.0103578,-0.0613185,-0.0169236,0,0,0
1780639908625489,33.3236,0.0105186,-0.0197295,-0.0346985,0,0,-5,0.0105186,-0.0197295,4.9653,4.96535,0.00970321,-0.062069,-0.0161723,0,0,0
1780639908649489,33.3476,0.0105702,-0.0202109,-0.0348511,0,0,-5,0.0105702,-0.0202109,4.96515,4.9652,0.0105553,-0.0612621,-0.0166967,0,0,0
1780639908665489,33.3636,0.010631,-0.0205747,-0.0349426,0,0,-5,0.010631,-0.0205747,4.96506,4.96511,0.0113287,-0.0614406,-0.0165616,0,0,0
1780639908689489,33.3876,0.0107552,-0.0211924,-0.0350952,0,0,-5,0.0107552,-0.0211924,4.9649,4.96496,0.011459,-0.0611375,-0.0152752,0,0,0
1780639908705489,33.4036,0.0108447,-0.0216369,-0.0352173,0,0,-5,0.0108447,-0.0216369,4.96478,4.96484,0.0120809,-0.0607156,-0.0152821,0,0,0
1780639908729489,33.4276,0.0109898,-0.0223452,-0.0353699,0,0,-5,0.0109898,-0.0223452,4.96463,4.96469,0.0111373,-0.0601354,-0.0154131,0,0,0
1780639908745489,33.4436,0.0110756,-0.0228524,-0.0354614,0,0,-5,0.0110756,-0.0228524,4.96454,4.9646,0.0108026,-0.0602945,-0.0147949,0,0,0
1780639908769489,33.4676,0.0112145,-0.0236783,-0.0356445,0,0,-5,0.0112145,-0.0236783,4.96436,4.96442,0.0105615,-0.0594769,-0.014887,0,0,0
1780639908785489,33.4836,0.0113085,-0.0242462,-0.0357666,0,0,-5,0.0113085,-0.0242462,4.96423,4.96431,0.0110552,-0.0594072,-0.0152682,0,0,0
1780639908809489,33.5076,0.0111724,-0.0239027,-0.0356445,0,0,-5,0.0111724,-0.0239027,4.96436,4.96443,0.0114734,-0.0581053,-0.0146349,0,0,0
1780639908825489,33.5236,0.0110074,-0.0233551,-0.0354919,0,0,-5,0.0110074,-0.0233551,4.96451,4.96458,0.0116518,-0.0595528,-0.0138611,0,0,0
1780639908849489,33.5476,0.0107917,-0.0227104,-0.0352783,0,0,-5,0.0107917,-0.0227104,4.96472,4.96479,0.0111068,-0.0595166,-0.0141743,0,0,0
1780639908865489,33.5636,0.0106576,-0.0223621,-0.0351868,0,0,-5,0.0106576,-0.0223621,4.96481,4.96488,0.0108808,-0.0591135,-0.015553,0,0,0
1780639908889489,33.5876,0.0104784,-0.0219576,-0.0351257,0,0,-5,0.0104784,-0.0219576,4.96487,4.96493,0.011104,-0.0586091,-0.0155464,0,0,0
1780639908905489,33.6036,0.0103824,-0.0217715,-0.0350952,0,0,-5,0.0103824,-0.0217715,4.9649,4.96496,0.0113277,-0.0585645,-0.0153168,0,0,0
1780639908929489,33.6276,0.0102599,-0.0215703,-0.0350647,0,0,-5,0.0102599,-0.0215703,4.96494,4.96499,0.0115352,-0.0569118,-0.0155658,0,0,0
1780639908945489,33.6436,0.0102087,-0.0214953,-0.0350342,0,0,-5,0.0102087,-0.0214953,4.96497,4.96502,0.0125996,-0.0565762,-0.0152664,0,0,0
1780639908969489,33.6676,0.0101665,-0.0214784,-0.0350342,0,0,-5,0.0101665,-0.0214784,4.96497,4.96502,0.0123612,-0.0562485,-0.0151721,0,0,0
1780639908985489,33.6836,0.0101391,-0.0215173,-0.0350342,0,0,-5,0.0101391,-0.0215173,4.96497,4.96502,0.0117198,-0.0556993,-0.014002,0,0,0
1780639909009489,33.7076,0.0101103,-0.0216614,-0.0350037,0,0,-5,0.0101103,-0.0216614,4.965,4.96505,0.0115606,-0.0559113,-0.0128616,0,0,0
1780639909025489,33.7236,0.0101098,-0.021818,-0.0349426,0,0,-5,0.0101098,-0.021818,4.96506,4.96512,0.0114936,-0.0559964,-0.0127148,0,0,0
1780639909049489,33.7476,0.0101034,-0.0221398,-0.0349426,0,0,-5,0.0101034,-0.0221398,4.96506,4.96512,0.00970513,-0.0569756,-0.0145261,0,0,0
1780639909065489,33.7636,0.0100957,-0.0224241,-0.0349731,0,0,-5,0.0100957,-0.0224241,4.96503,4.96509,0.00967223,-0.0583885,-0.0151638,0,0,0
1780639909089489,33.7876,0.0101048,-0.0229418,-0.0350342,0,0,-5,0.0101048,-0.0229418,4.96497,4.96503,0.0102952,-0.0584928,-0.0169062,0,0,0
1780639909105489,33.8036,0.0101211,-0.0233482,-0.0350952,0,0,-5,0.0101211,-0.0233482,4.9649,4.96497,0.0102607,-0.0590644,-0.0176138,0,0,0
1780639909129489,33.8276,0.0101556,-0.0240318,-0.0351868,0,0,-5,0.0101556,-0.0240318,4.96481,4.96488,0.0105414,-0.0597589,-0.0172374,0,0,0
1780639909145489,33.8436,0.0101885,-0.0245257,-0.0352783,0,0,-5,0.0101885,-0.0245257,4.96472,4.96479,0.0105409,-0.0590022,-0.0181816,0,0,0
1780639909169489,33.8676,0.0102687,-0.0253111,-0.0354309,0,0,-5,0.0102687,-0.0253111,4.96457,4.96464,0.0114507,-0.0593459,-0.0195295,0,0,0
1780639909185489,33.8836,0.0103376,-0.0258771,-0.0355225,0,0,-5,0.0103376,-0.0258771,4.96448,4.96456,0.0117458,-0.0585604,-0.0193595,0,0,0
1780639909209489,33.9076,0.0102405,-0.0255852,-0.0353699,0,0,-5,0.0102405,-0.0255852,4.96463,4.96471,0.0115983,-0.0570959,-0.0188856,0,0,0
1780639909225489,33.9236,0.0101189,-0.0250537,-0.0351868,0,0,-5,0.0101189,-0.0250537,4.96481,4.96489,0.0111699,-0.0556391,-0.0191791,0,0,0
1780639909249489,33.9476,0.00996136,-0.0243729,-0.0349426,0,0,-5,0.00996136,-0.0243729,4.96506,4.96513,0.0100887,-0.0551343,-0.0189248,0,0,0
1780639909265489,33.9636,0.00984631,-0.0240063,-0.0348206,0,0,-5,0.00984631,-0.0240063,4.96518,4.96525,0.00810608,-0.054861,-0.0188571,0,0,0
1780639909289489,33.9876,0.00964815,-0.023602,-0.0346375,0,0,-5,0.00964815,-0.023602,4.96536,4.96543,0.00672908,-0.0571517,-0.0191649,0,0,0
1780639909305489,34.0036,0.00953193,-0.0234433,-0.0345459,0,0,-5,0.00953193,-0.0234433,4.96545,4.96552,0.00707239,-0.0579894,-0.0184825,0,0,0
1780639909329489,34.0276,0.00939235,-0.023315,-0.0344238,0,0,-5,0.00939235,-0.023315,4.96558,4.96564,0.00742436,-0.0571708,-0.0173962,0,0,0
1780639909345489,34.0436,0.00930299,-0.0232842,-0.0343323,0,0,-5,0.00930299,-0.0232842,4.96567,4.96573,0.00676289,-0.0567978,-0.0171224,0,0,0
1780639909369489,34.0676,0.00916938,-0.023343,-0.0342712,0,0,-5,0.00916938,-0.023343,4.96573,4.96579,0.00604352,-0.0570641,-0.0161622,0,0,0
1780639909385489,34.0836,0.00909944,-0.0234499,-0.0342102,0,0,-5,0.00909944,-0.0234499,4.96579,4.96585,0.00558316,-0.0579064,-0.0152969,0,0,0
1780639909409489,34.1076,0.00900827,-0.0237348,-0.0341492,0,0,-5,0.00900827,-0.0237348,4.96585,4.96592,0.00588967,-0.0604009,-0.0161598,0,0,0
1780639909425489,34.1236,0.00895799,-0.0240031,-0.0341797,0,0,-5,0.00895799,-0.0240031,4.96582,4.96589,0.00598947,-0.0602739,-0.0165328,0,0,0
1780639909441489,34.1396,0.00890652,-0.0243066,-0.0342102,0,0,-5,0.00890652,-0.0243066,4.96579,4.96586,0.00514135,-0.0599868,-0.0175046,0,0,0
1780639909465629,34.1637,0.00883157,-0.0248477,-0.0342712,0,0,-5,0.00883157,-0.0248477,4.96573,4.9658,0.00410889,-0.0606085,-0.0174071,0,0,0
1780639909481629,34.1797,0.00877744,-0.0252486,-0.0343628,0,0,-5,0.00877744,-0.0252486,4.96564,4.96571,0.00360523,-0.0596557,-0.0169948,0,0,0
1780639909505629,34.2037,0.00870592,-0.0258888,-0.0344849,0,0,-5,0.00870592,-0.0258888,4.96552,4.96559,0.00337286,-0.0589669,-0.0178302,0,0,0
1780639909529629,34.2277,0.00863765,-0.0266032,-0.0346375,0,0,-5,0.00863765,-0.0266032,4.96536,4.96544,0.0025639,-0.0586474,-0.0193079,0,0,0
1780639909545629,34.2437,0.00858071,-0.0271046,-0.03479,0,0,-5,0.00858071,-0.0271046,4.96521,4.96529,0.00110168,-0.0568316,-0.0196843,0,0,0
1780639909569629,34.2677,0.00847659,-0.0278839,-0.0350647,0,0,-5,0.00847659,-0.0278839,4.96494,4.96502,4.88027e-05,-0.0569437,-0.0222829,0,0,0
1780639909585629,34.2837,0.00839689,-0.0284376,-0.0352478,0,0,-5,0.00839689,-0.0284376,4.96475,4.96484,0.000322348,-0.0566793,-0.0223284,0,0,0
1780639909609629,34.3077,0.00816412,-0.0278657,-0.0353088,0,0,-5,0.00816412,-0.0278657,4.96469,4.96478,0.000245041,-0.0561002,-0.021524,0,0,0
1780639909625629,34.3237,0.00797729,-0.0270943,-0.0353394,0,0,-5,0.00797729,-0.0270943,4.96466,4.96474,0.000592035,-0.0556118,-0.0221851,0,0,0
1780639909649629,34.3477,0.0077312,-0.026098,-0.0353699,0,0,-5,0.0077312,-0.026098,4.96463,4.9647,0.00112219,-0.0558203,-0.0232923,0,0,0
1780639909665629,34.3637,0.00757357,-0.0255326,-0.0354309,0,0,-5,0.00757357,-0.0255326,4.96457,4.96464,-0.000144172,-0.0549697,-0.0226802,0,0,0
1780639909689629,34.3877,0.00732662,-0.024809,-0.0355225,0,0,-5,0.00732662,-0.024809,4.96448,4.96454,-0.00120903,-0.0552863,-0.0220739,0,0,0
1780639909705629,34.4037,0.00715124,-0.0244308,-0.0355835,0,0,-5,0.00715124,-0.0244308,4.96442,4.96448,-0.00264583,-0.0559089,-0.0195528,0,0,0
1780639909729629,34.4277,0.00689616,-0.0239992,-0.0357056,0,0,-5,0.00689616,-0.0239992,4.96429,4.96436,-0.0020118,-0.0554861,-0.0201211,0,0,0
1780639909745629,34.4437,0.00672672,-0.0237686,-0.0357971,0,0,-5,0.00672672,-0.0237686,4.9642,4.96426,-0.00318862,-0.0539487,-0.0192191,0,0,0
1780639909769629,34.4677,0.00647046,-0.0235096,-0.0359192,0,0,-5,0.00647046,-0.0235096,4.96408,4.96414,-0.00388153,-0.0531923,-0.0176755,0,0,0
1780639909785629,34.4837,0.00629995,-0.0233975,-0.0360107,0,0,-5,0.00629995,-0.0233975,4.96399,4.96405,-0.0036475,-0.0534616,-0.0172228,0,0,0
1780639909809629,34.5077,0.00608055,-0.0233385,-0.0361938,0,0,-5,0.00608055,-0.0233385,4.96381,4.96386,-0.00273215,-0.0537782,-0.0168464,0,0,0
1780639909825629,34.5237,0.00595053,-0.0233641,-0.0363464,0,0,-5,0.00595053,-0.0233641,4.96365,4.96371,-0.00285105,-0.0544153,-0.0172633,0,0,0
1780639909849629,34.5477,0.00573039,-0.0234868,-0.0365601,0,0,-5,0.00573039,-0.0234868,4.96344,4.9635,-0.00479655,-0.0528519,-0.0178172,0,0,0
1780639909865629,34.5637,0.00557726,-0.0236052,-0.0367126,0,0,-5,0.00557726,-0.0236052,4.96329,4.96335,-0.00519358,-0.0527266,-0.0177572,0,0,0
1780639909889629,34.5877,0.00533943,-0.0238611,-0.0368958,0,0,-5,0.00533943,-0.0238611,4.9631,4.96316,-0.00594198,-0.0530773,-0.0164703,0,0,0
1780639909905629,34.6037,0.00518221,-0.0240833,-0.0370483,0,0,-5,0.00518221,-0.0240833,4.96295,4.96301,-0.00629599,-0.0526997,-0.016756,0,0,0
1780639909929629,34.6277,0.00497986,-0.0244895,-0.0372314,0,0,-5,0.00497986,-0.0244895,4.96277,4.96283,-0.00414187,-0.0525687,-0.0169399,0,0,0
1780639909945629,34.6437,0.00485921,-0.0247955,-0.0373535,0,0,-5,0.00485921,-0.0247955,4.96265,4.96271,-0.00453113,-0.0531818,-0.0159588,0,0,0
1780639909969629,34.6677,0.00468076,-0.0253565,-0.0375061,0,0,-5,0.00468076,-0.0253565,4.96249,4.96256,-0.00411268,-0.0535988,-0.0162321,0,0,0
1780639909985629,34.6837,0.00458433,-0.025777,-0.0376282,0,0,-5,0.00458433,-0.025777,4.96237,4.96244,-0.00362417,-0.0538499,-0.0168652,0,0,0
1780639910009629,34.7077,0.00448457,-0.0255028,-0.0375061,0,0,-5,0.00448457,-0.0255028,4.96249,4.96256,-0.00397334,-0.0552338,-0.0170857,0,0,0
1780639910025629,34.7237,0.00444029,-0.025096,-0.0373535,0,0,-5,0.00444029,-0.025096,4.96265,4.96271,-0.00279625,-0.0557686,-0.0165482,0,0,0
1780639910049629,34.7477,0.00438574,-0.0246196,-0.0371399,0,0,-5,0.00438574,-0.0246196,4.96286,4.96292,-0.00340216,-0.0559033,-0.01617,0,0,0
1780639910065629,34.7637,0.00434823,-0.0243862,-0.0370178,0,0,-5,0.00434823,-0.0243862,4.96298,4.96304,-0.0029611,-0.0548703,-0.0163428,0,0,0
1780639910089629,34.7877,0.0043148,-0.0241163,-0.0368042,0,0,-5,0.0043148,-0.0241163,4.9632,4.96326,-0.00234622,-0.0535887,-0.0165312,0,0,0
1780639910105629,34.8037,0.0043034,-0.0239974,-0.0366821,0,0,-5,0.0043034,-0.0239974,4.96332,4.96338,-0.00197813,-0.0527407,-0.0162633,0,0,0
1780639910129629,34.8277,0.00430173,-0.0238847,-0.0365601,0,0,-5,0.00430173,-0.0238847,4.96344,4.9635,-0.00115988,-0.0515625,-0.0161079,0,0,0
1780639910145629,34.8437,0.00430261,-0.023868,-0.0364685,0,0,-5,0.00430261,-0.023868,4.96353,4.96359,-0.0019071,-0.0516718,-0.0164093,0,0,0
1780639910169629,34.8677,0.00429543,-0.0239546,-0.0364075,0,0,-5,0.00429543,-0.0239546,4.96359,4.96365,-0.00257272,-0.0524097,-0.0168759,0,0,0
1780639910185629,34.8837,0.00428209,-0.0240655,-0.036377,0,0,-5,0.00428209,-0.0240655,4.96362,4.96368,-0.00267705,-0.0516771,-0.0171893,0,0,0
1780639910209629,34.9077,0.00426405,-0.0242992,-0.036377,0,0,-5,0.00426405,-0.0242992,4.96362,4.96368,-0.00282084,-0.0512985,-0.0180243,0,0,0
1780639910225629,34.9237,0.00424685,-0.0244902,-0.036377,0,0,-5,0.00424685,-0.0244902,4.96362,4.96369,-0.00355562,-0.0502555,-0.0178083,0,0,0
1780639910249629,34.9477,0.00420235,-0.0248284,-0.036438,0,0,-5,0.00420235,-0.0248284,4.96356,4.96363,-0.00460827,-0.0497889,-0.0184888,0,0,0
1780639910265629,34.9637,0.00416284,-0.0250988,-0.0364685,0,0,-5,0.00416284,-0.0250988,4.96353,4.9636,-0.00471989,-0.0503084,-0.0179085,0,0,0
1780639910289629,34.9877,0.00411298,-0.0255717,-0.0365295,0,0,-5,0.00411298,-0.0255717,4.96347,4.96354,-0.00393053,-0.0507465,-0.0168627,0,0,0
1780639910305629,35.0037,0.00408538,-0.025941,-0.0365601,0,0,-5,0.00408538,-0.025941,4.96344,4.96351,-0.00450892,-0.0511812,-0.0158539,0,0,0
1780639910329629,35.0277,0.00404804,-0.0265664,-0.0365906,0,0,-5,0.00404804,-0.0265664,4.96341,4.96348,-0.00388765,-0.0527052,-0.0144282,0,0,0
1780639910345629,35.0437,0.00402536,-0.0270357,-0.0366211,0,0,-5,0.00402536,-0.0270357,4.96338,4.96345,-0.0037026,-0.0521796,-0.0154459,0,0,0
1780639910369629,35.0677,0.00403459,-0.027772,-0.0366821,0,0,-5,0.00403459,-0.027772,4.96332,4.9634,-0.00142794,-0.0508732,-0.0156889,0,0,0
1780639910385629,35.0837,0.00405617,-0.028275,-0.0367737,0,0,-5,0.00405617,-0.028275,4.96323,4.96331,-0.00125863,-0.0497653,-0.0167606,0,0,0
1780639910409629,35.1077,0.00393467,-0.0279406,-0.0368347,0,0,-5,0.00393467,-0.0279406,4.96317,4.96325,-0.00196823,-0.0489286,-0.017727,0,0,0
1780639910425629,35.1237,0.00379282,-0.0274359,-0.0368958,0,0,-5,0.00379282,-0.0274359,4.9631,4.96318,-0.00255786,-0.0498119,-0.0185286,0,0,0
1780639910441629,35.1397,0.00365713,-0.0270077,-0.0369263,0,0,-5,0.00365713,-0.0270077,4.96307,4.96315,-0.00237992,-0.0491668,-0.0179393,0,0,0
1780639910465772,35.1639,0.00347283,-0.02649,-0.0370178,0,0,-5,0.00347283,-0.02649,4.96298,4.96305,-0.00151307,-0.0493533,-0.0188847,0,0,0
1780639910489772,35.1879,0.00333535,-0.0260993,-0.0371704,0,0,-5,0.00333535,-0.0260993,4.96283,4.9629,0.000230114,-0.0485854,-0.0189279,0,0,0
1780639910505772,35.2039,0.00327229,-0.0259076,-0.037262,0,0,-5,0.00327229,-0.0259076,4.96274,4.96281,-0.000413956,-0.0478881,-0.0197865,0,0,0
1780639910529772,35.2279,0.0031917,-0.0257084,-0.0374756,0,0,-5,0.0031917,-0.0257084,4.96252,4.96259,-0.00148792,-0.0479583,-0.0190976,0,0,0
1780639910545772,35.2439,0.00312505,-0.0256547,-0.0375977,0,0,-5,0.00312505,-0.0256547,4.9624,4.96247,-0.00128054,-0.048711,-0.0184085,0,0,0
1780639910561772,35.2599,0.00305377,-0.0256471,-0.0377197,0,0,-5,0.00305377,-0.0256471,4.96228,4.96235,-0.00281254,-0.0492664,-0.0186692,0,0,0
1780639910585772,35.2839,0.00293057,-0.0257606,-0.0379333,0,0,-5,0.00293057,-0.0257606,4.96207,4.96213,-0.00301115,-0.0508966,-0.0180673,0,0,0
1780639910609772,35.3079,0.00281163,-0.0259753,-0.038147,0,0,-5,0.00281163,-0.0259753,4.96185,4.96192,-0.00388256,-0.0509421,-0.0187839,0,0,0
1780639910625772,35.3239,0.00271178,-0.0261812,-0.0383301,0,0,-5,0.00271178,-0.0261812,4.96167,4.96174,-0.00505415,-0.0521282,-0.0204967,0,0,0
1780639910649772,35.3479,0.00256615,-0.026592,-0.0386353,0,0,-5,0.00256615,-0.026592,4.96136,4.96144,-0.00479623,-0.0532951,-0.0221584,0,0,0
1780639910665772,35.3639,0.00246969,-0.0269149,-0.0388184,0,0,-5,0.00246969,-0.0269149,4.96118,4.96126,-0.00535148,-0.0537826,-0.0226321,0,0,0
1780639910689772,35.3879,0.0023098,-0.0274847,-0.0391541,0,0,-5,0.0023098,-0.0274847,4.96085,4.96092,-0.00615548,-0.0546384,-0.0237977,0,0,0
1780639910705772,35.4039,0.00218673,-0.027904,-0.0393982,0,0,-5,0.00218673,-0.027904,4.9606,4.96068,-0.00793646,-0.0539847,-0.023733,0,0,0
1780639910729772,35.4279,0.00200164,-0.0285799,-0.0397339,0,0,-5,0.00200164,-0.0285799,4.96027,4.96035,-0.00679256,-0.0540263,-0.023195,0,0,0
1780639910745772,35.4439,0.0018847,-0.0290793,-0.0399475,0,0,-5,0.0018847,-0.0290793,4.96005,4.96014,-0.00769924,-0.054552,-0.0227493,0,0,0
1780639910769772,35.4679,0.00170337,-0.0298555,-0.0402527,0,0,-5,0.00170337,-0.0298555,4.95975,4.95984,-0.00825678,-0.0530137,-0.0226685,0,0,0
1780639910785772,35.4839,0.00158068,-0.0303887,-0.0404968,0,0,-5,0.00158068,-0.0303887,4.9595,4.9596,-0.00770068,-0.0527621,-0.0228089,0,0,0
1780639910801772,35.4999,0.00139492,-0.0302532,-0.0406494,0,0,-5,0.00139492,-0.0302532,4.95935,4.95944,-0.00826242,-0.0528894,-0.0226258,0,0,0
1780639910825772,35.5239,0.0010332,-0.0291619,-0.0408325,0,0,-5,0.0010332,-0.0291619,4.95917,4.95925,-0.00816546,-0.0521836,-0.0227219,0,0,0
1780639910849772,35.5479,0.000684918,-0.0282494,-0.0410156,0,0,-5,0.000684918,-0.0282494,4.95898,4.95906,-0.00800188,-0.0520512,-0.0220886,0,0,0
1780639910865772,35.5639,0.00046428,-0.027736,-0.0411377,0,0,-5,0.00046428,-0.027736,4.95886,4.95894,-0.00872624,-0.0515073,-0.0216093,0,0,0
1780639910889772,35.5879,0.000140467,-0.0270753,-0.0413208,0,0,-5,0.000140467,-0.0270753,4.95868,4.95875,-0.00826924,-0.050166,-0.0221834,0,0,0
1780639910905772,35.6039,-7.35542e-05,-0.0267083,-0.0414734,0,0,-5,-7.35542e-05,-0.0267083,4.95853,4.9586,-0.00868241,-0.0507251,-0.0220297,0,0,0
1780639910929772,35.6279,-0.000419657,-0.0262821,-0.041748,0,0,-5,-0.000419657,-0.0262821,4.95825,4.95832,-0.0103822,-0.0498348,-0.0229734,0,0,0
1780639910945772,35.6439,-0.000652732,-0.0260689,-0.0419617,0,0,-5,-0.000652732,-0.0260689,4.95804,4.95811,-0.0095965,-0.04933,-0.0242296,0,0,0
1780639910961772,35.6599,-0.000883617,-0.0259039,-0.0422363,0,0,-5,-0.000883617,-0.0259039,4.95776,4.95783,-0.0102334,-0.0499295,-0.0245019,0,0,0
1780639910985772,35.6839,-0.00122761,-0.0257564,-0.0426331,0,0,-5,-0.00122761,-0.0257564,4.95737,4.95743,-0.00954166,-0.0487479,-0.0256426,0,0,0
1780639911009772,35.7079,-0.00155216,-0.0256913,-0.0430908,0,0,-5,-0.00155216,-0.0256913,4.95691,4.95698,-0.00994622,-0.0484469,-0.0264057,0,0,0
1780639911025772,35.7239,-0.00177513,-0.0256929,-0.0434265,0,0,-5,-0.00177513,-0.0256929,4.95657,4.95664,-0.010901,-0.0475014,-0.0266222,0,0,0
1780639911049772,35.7479,-0.00213864,-0.0257789,-0.0439453,0,0,-5,-0.00213864,-0.0257789,4.95605,4.95612,-0.0128086,-0.0475979,-0.026848,0,0,0
1780639911065772,35.7639,-0.00240425,-0.0258873,-0.0443115,0,0,-5,-0.00240425,-0.0258873,4.95569,4.95576,-0.0136413,-0.0477347,-0.026824,0,0,0
1780639911081772,35.7799,-0.00262081,-0.0260272,-0.0446472,0,0,-5,-0.00262081,-0.0260272,4.95535,4.95542,-0.0136898,-0.0469377,-0.0270544,0,0,0
1780639911105772,35.8039,-0.00295979,-0.0262953,-0.0451355,0,0,-5,-0.00295979,-0.0262953,4.95486,4.95494,-0.0163433,-0.0464556,-0.0273204,0,0,0
1780639911129772,35.8279,-0.00334678,-0.0266247,-0.0456848,0,0,-5,-0.00334678,-0.0266247,4.95432,4.95439,-0.0164448,-0.0461759,-0.0264969,0,0,0
1780639911145772,35.8439,-0.00361242,-0.0268884,-0.0460205,0,0,-5,-0.00361242,-0.0268884,4.95398,4.95405,-0.0172429,-0.0468588,-0.0260487,0,0,0
1780639911169772,35.8679,-0.00402095,-0.0273659,-0.0465088,0,0,-5,-0.00402095,-0.0273659,4.95349,4.95357,-0.017968,-0.0469915,-0.0268567,0,0,0
1780639911185772,35.8839,-0.00429437,-0.0277104,-0.046875,0,0,-5,-0.00429437,-0.0277104,4.95312,4.9532,-0.0182653,-0.0462977,-0.0270254,0,0,0
1780639911209772,35.9079,-0.00450991,-0.0272413,-0.0471497,0,0,-5,-0.00450991,-0.0272413,4.95285,4.95293,-0.019201,-0.0465423,-0.027912,0,0,0
1780639911225772,35.9239,-0.00460515,-0.0266642,-0.0472717,0,0,-5,-0.00460515,-0.0266642,4.95273,4.9528,-0.0188881,-0.0469096,-0.0280606,0,0,0
1780639911249772,35.9479,-0.0047639,-0.0259341,-0.0474548,0,0,-5,-0.0047639,-0.0259341,4.95255,4.95262,-0.0190233,-0.0470381,-0.0272095,0,0,0
1780639911265772,35.9639,-0.00488833,-0.025535,-0.0475769,0,0,-5,-0.00488833,-0.025535,4.95242,4.95249,-0.0199685,-0.0462312,-0.026431,0,0,0
1780639911289772,35.9879,-0.00509844,-0.0250273,-0.0477905,0,0,-5,-0.00509844,-0.0250273,4.95221,4.95228,-0.0205937,-0.0449186,-0.0256323,0,0,0
1780639911305772,36.0039,-0.00525727,-0.0247462,-0.0479736,0,0,-5,-0.00525727,-0.0247462,4.95203,4.95209,-0.0209276,-0.0447686,-0.0261641,0,0,0
1780639911329772,36.0279,-0.00552029,-0.0244394,-0.0482483,0,0,-5,-0.00552029,-0.0244394,4.95175,4.95182,-0.0212197,-0.0454989,-0.0265796,0,0,0
1780639911345772,36.0439,-0.00570682,-0.0243088,-0.0484619,0,0,-5,-0.00570682,-0.0243088,4.95154,4.9516,-0.0218642,-0.046136,-0.0272461,0,0,0
1780639911369772,36.0679,-0.00604744,-0.0241998,-0.0488281,0,0,-5,-0.00604744,-0.0241998,4.95117,4.95123,-0.0222419,-0.0459813,-0.0281641,0,0,0
1780639911385772,36.0839,-0.00627993,-0.0241826,-0.0491028,0,0,-5,-0.00627993,-0.0241826,4.9509,4.95096,-0.0207861,-0.0451675,-0.0285176,0,0,0
1780639911409772,36.1079,-0.00661376,-0.0242142,-0.0495605,0,0,-5,-0.00661376,-0.0242142,4.95044,4.9505,-0.0200389,-0.0453185,-0.029455,0,0,0
1780639911425772,36.1239,-0.00684481,-0.0242798,-0.0498962,0,0,-5,-0.00684481,-0.0242798,4.9501,4.95017,-0.0205864,-0.0438636,-0.0296194,0,0,0
1780639911441772,36.1399,-0.0070673,-0.0243921,-0.0502014,0,0,-5,-0.0070673,-0.0243921,4.9498,4.94986,-0.019515,-0.0453966,-0.0297034,0,0,0
1780639911465772,36.1639,-0.00740209,-0.024655,-0.0506897,0,0,-5,-0.00740209,-0.024655,4.94931,4.94938,-0.0197579,-0.0459184,-0.0285909,0,0,0
1780639911489917,36.188,-0.00775778,-0.0249965,-0.051178,0,0,-5,-0.00775778,-0.0249965,4.94882,4.94889,-0.0206512,-0.0454707,-0.0294632,0,0,0
1780639911505917,36.204,-0.00800371,-0.0252512,-0.0515137,0,0,-5,-0.00800371,-0.0252512,4.94849,4.94856,-0.019766,-0.0448833,-0.0283813,0,0,0
1780639911529917,36.228,-0.00838136,-0.0256574,-0.0519714,0,0,-5,-0.00838136,-0.0256574,4.94803,4.9481,-0.0203856,-0.0434603,-0.0274868,0,0,0
1780639911545917,36.244,-0.00863267,-0.0259625,-0.0523071,0,0,-5,-0.00863267,-0.0259625,4.94769,4.94777,-0.0190732,-0.0438934,-0.0268676,0,0,0
1780639911569917,36.268,-0.00898885,-0.0264829,-0.0527954,0,0,-5,-0.00898885,-0.0264829,4.9472,4.94728,-0.0196535,-0.0445804,-0.0276397,0,0,0
1780639911585917,36.284,-0.00924072,-0.0268743,-0.0531311,0,0,-5,-0.00924072,-0.0268743,4.94687,4.94695,-0.0194362,-0.0451703,-0.0270205,0,0,0
1780639911609917,36.308,-0.00925997,-0.0262626,-0.0532837,0,0,-5,-0.00925997,-0.0262626,4.94672,4.94679,-0.019847,-0.0444737,-0.0275834,0,0,0
1780639911625917,36.324,-0.00916924,-0.0255044,-0.0532837,0,0,-5,-0.00916924,-0.0255044,4.94672,4.94679,-0.0196904,-0.0428099,-0.0259304,0,0,0
1780639911641917,36.34,-0.00909953,-0.0248099,-0.0532837,0,0,-5,-0.00909953,-0.0248099,4.94672,4.94679,-0.0199922,-0.0424409,-0.0260604,0,0,0
1780639911665917,36.364,-0.00901754,-0.0238741,-0.0533447,0,0,-5,-0.00901754,-0.0238741,4.94666,4.94672,-0.0199775,-0.0402282,-0.0253029,0,0,0
1780639911689917,36.388,-0.00897218,-0.0230477,-0.0534363,0,0,-5,-0.00897218,-0.0230477,4.94656,4.94663,-0.0194091,-0.0385216,-0.0246042,0,0,0
1780639911705917,36.404,-0.00895861,-0.0225686,-0.0535278,0,0,-5,-0.00895861,-0.0225686,4.94647,4.94653,-0.0197186,-0.039004,-0.0248222,0,0,0
1780639911729917,36.428,-0.00896975,-0.0219527,-0.0537109,0,0,-5,-0.00896975,-0.0219527,4.94629,4.94635,-0.0206518,-0.0377289,-0.0257866,0,0,0
1780639911745917,36.444,-0.00900198,-0.0216049,-0.0538635,0,0,-5,-0.00900198,-0.0216049,4.94614,4.94619,-0.0206436,-0.0379925,-0.0264384,0,0,0
1780639911769917,36.468,-0.00905153,-0.0211807,-0.0541382,0,0,-5,-0.00905153,-0.0211807,4.94586,4.94592,-0.01967,-0.0383774,-0.02602,0,0,0
1780639911785917,36.484,-0.00909996,-0.020969,-0.0543518,0,0,-5,-0.00909996,-0.020969,4.94565,4.9457,-0.0194648,-0.0379182,-0.0267737,0,0,0
1780639911809917,36.508,-0.00914779,-0.0206799,-0.054657,0,0,-5,-0.00914779,-0.0206799,4.94534,4.94539,-0.0176883,-0.0363831,-0.0270994,0,0,0
1780639911825917,36.524,-0.00917393,-0.0205347,-0.0548706,0,0,-5,-0.00917393,-0.0205347,4.94513,4.94518,-0.0169039,-0.0366444,-0.0275038,0,0,0
1780639911849917,36.548,-0.00922572,-0.0203757,-0.0552368,0,0,-5,-0.00922572,-0.0203757,4.94476,4.94481,-0.017505,-0.0352935,-0.0273649,0,0,0
1780639911865917,36.564,-0.00927757,-0.0203165,-0.055481,0,0,-5,-0.00927757,-0.0203165,4.94452,4.94457,-0.0178212,-0.0347878,-0.0271232,0,0,0
1780639911881917,36.58,-0.00934823,-0.0202937,-0.0557251,0,0,-5,-0.00934823,-0.0202937,4.94427,4.94433,-0.0186579,-0.0351059,-0.0268915,0,0,0
1780639911905917,36.604,-0.00948942,-0.0203329,-0.0560913,0,0,-5,-0.00948942,-0.0203329,4.94391,4.94396,-0.0192875,-0.0356346,-0.0253774,0,0,0
1780639911929917,36.628,-0.00966542,-0.02046,-0.056488,0,0,-5,-0.00966542,-0.02046,4.94351,4.94356,-0.0200485,-0.035631,-0.0257231,0,0,0
1780639911945917,36.644,-0.00979609,-0.0205701,-0.0567627,0,0,-5,-0.00979609,-0.0205701,4.94324,4.94329,-0.0200557,-0.0348059,-0.0267406,0,0,0
1780639911969917,36.668,-0.010002,-0.0207909,-0.0571899,0,0,-5,-0.010002,-0.0207909,4.94281,4.94286,-0.0207419,-0.0354425,-0.0286549,0,0,0
1780639911985917,36.684,-0.0101661,-0.0209748,-0.0574951,0,0,-5,-0.0101661,-0.0209748,4.9425,4.94256,-0.0207089,-0.0348865,-0.0285636,0,0,0
1780639912009917,36.708,-0.010115,-0.0206276,-0.0576172,0,0,-5,-0.010115,-0.0206276,4.94238,4.94244,-0.0208778,-0.0345044,-0.0284627,0,0,0
1780639912025917,36.724,-0.0100175,-0.0202352,-0.0575562,0,0,-5,-0.0100175,-0.0202352,4.94244,4.9425,-0.0224037,-0.0341041,-0.027354,0,0,0
1780639912049917,36.748,-0.00991118,-0.0197411,-0.0575562,0,0,-5,-0.00991118,-0.0197411,4.94244,4.94249,-0.0205506,-0.0344404,-0.027386,0,0,0
1780639912065917,36.764,-0.00983878,-0.0194924,-0.0575562,0,0,-5,-0.00983878,-0.0194924,4.94244,4.94249,-0.0193717,-0.0348719,-0.0270382,0,0,0
1780639912089917,36.788,-0.00975115,-0.0192081,-0.0576172,0,0,-5,-0.00975115,-0.0192081,4.94238,4.94243,-0.0196136,-0.0334555,-0.0269765,0,0,0
1780639912105917,36.804,-0.00971903,-0.0190545,-0.0576782,0,0,-5,-0.00971903,-0.0190545,4.94232,4.94237,-0.0197448,-0.0323934,-0.0277339,0,0,0
1780639912129917,36.828,-0.00968372,-0.0188882,-0.0578308,0,0,-5,-0.00968372,-0.0188882,4.94217,4.94221,-0.0185655,-0.0316495,-0.0279465,0,0,0
1780639912145917,36.844,-0.00966821,-0.0188006,-0.0579224,0,0,-5,-0.00966821,-0.0188006,4.94208,4.94212,-0.0185411,-0.0309562,-0.0282129,0,0,0
1780639912169917,36.868,-0.00966426,-0.018734,-0.0581055,0,0,-5,-0.00966426,-0.018734,4.94189,4.94194,-0.017515,-0.030683,-0.0276935,0,0,0
1780639912185917,36.884,-0.00967155,-0.0187311,-0.0582581,0,0,-5,-0.00967155,-0.0187311,4.94174,4.94179,-0.0181641,-0.0304222,-0.0282532,0,0,0
1780639912209917,36.908,-0.00971478,-0.0187806,-0.0585022,0,0,-5,-0.00971478,-0.0187806,4.9415,4.94154,-0.0177725,-0.029749,-0.0289505,0,0,0
1780639912225917,36.924,-0.00975344,-0.0188403,-0.0586853,0,0,-5,-0.00975344,-0.0188403,4.94131,4.94136,-0.0173207,-0.0297236,-0.0297045,0,0,0
1780639912249917,36.948,-0.00982913,-0.0189754,-0.059021,0,0,-5,-0.00982913,-0.0189754,4.94098,4.94103,-0.0168107,-0.0301033,-0.0299961,0,0,0
1780639912265917,36.964,-0.00987635,-0.0191118,-0.0592651,0,0,-5,-0.00987635,-0.0191118,4.94073,4.94078,-0.0156193,-0.0303276,-0.0296508,0,0,0
1780639912289917,36.988,-0.00995958,-0.0193628,-0.0596008,0,0,-5,-0.00995958,-0.0193628,4.9404,4.94045,-0.0161971,-0.0298568,-0.0302032,0,0,0
1780639912305917,37.004,-0.0100341,-0.0195594,-0.059845,0,0,-5,-0.0100341,-0.0195594,4.94016,4.9402,-0.0164178,-0.0300864,-0.0300983,0,0,0
1780639912329917,37.028,-0.0101452,-0.0198885,-0.0602722,0,0,-5,-0.0101452,-0.0198885,4.93973,4.93978,-0.0152972,-0.0298474,-0.0301591,0,0,0
1780639912345917,37.044,-0.0102229,-0.0201368,-0.0605469,0,0,-5,-0.0102229,-0.0201368,4.93945,4.9395,-0.015307,-0.0297424,-0.0309163,0,0,0
1780639912369917,37.068,-0.0103536,-0.020533,-0.0609741,0,0,-5,-0.0103536,-0.020533,4.93903,4.93908,-0.0155425,-0.0286599,-0.0325302,0,0,0
1780639912385917,37.084,-0.0104462,-0.020798,-0.0612793,0,0,-5,-0.0104462,-0.020798,4.93872,4.93878,-0.0164147,-0.0279,-0.0319059,0,0,0
1780639912409917,37.108,-0.00991416,-0.0204271,-0.0611877,0,0,-5,-0.00991416,-0.0204271,4.93881,4.93886,-0.0155101,-0.0284313,-0.0317027,0,0,0
1780639912425917,37.124,-0.00939041,-0.0199856,-0.0609436,0,0,-5,-0.00939041,-0.0199856,4.93906,4.93911,-0.0163462,-0.0295539,-0.031609,0,0,0
1780639912449917,37.148,-0.00865507,-0.0194296,-0.0606995,0,0,-5,-0.00865507,-0.0194296,4.9393,4.93935,-0.0146499,-0.0291688,-0.0322874,0,0,0
1780639912465917,37.164,-0.00817874,-0.0191101,-0.0605774,0,0,-5,-0.00817874,-0.0191101,4.93942,4.93947,-0.0126204,-0.0280998,-0.032562,0,0,0
1780639912489917,37.188,-0.00746843,-0.0187055,-0.0604248,0,0,-5,-0.00746843,-0.0187055,4.93958,4.93962,-0.010198,-0.0278107,-0.0337112,0,0,0
1780639912506065,37.2041,-0.00700457,-0.0184897,-0.0603943,0,0,-5,-0.00700457,-0.0184897,4.93961,4.93965,-0.00910029,-0.0284586,-0.0339535,0,0,0
1780639912530065,37.2281,-0.00635588,-0.0182614,-0.0604248,0,0,-5,-0.00635588,-0.0182614,4.93958,4.93961,-0.00845779,-0.0281397,-0.034558,0,0,0
1780639912546065,37.2441,-0.00595662,-0.0181492,-0.0604858,0,0,-5,-0.00595662,-0.0181492,4.93951,4.93955,-0.0091103,-0.027447,-0.0348754,0,0,0
1780639912562065,37.2601,-0.00559077,-0.01806,-0.0605469,0,0,-5,-0.00559077,-0.01806,4.93945,4.93949,-0.00933418,-0.027138,-0.0342557,0,0,0
1780639912586065,37.2841,-0.00507849,-0.0179675,-0.0607605,0,0,-5,-0.00507849,-0.0179675,4.93924,4.93927,-0.0088046,-0.0251901,-0.0359589,0,0,0
1780639912610065,37.3081,-0.00463503,-0.0179037,-0.0610352,0,0,-5,-0.00463503,-0.0179037,4.93896,4.939,-0.00992958,-0.0249614,-0.0340671,0,0,0
1780639912626065,37.3241,-0.00436941,-0.0179042,-0.0611877,0,0,-5,-0.00436941,-0.0179042,4.93881,4.93885,-0.00962519,-0.0250696,-0.0344323,0,0,0
1780639912650065,37.3481,-0.00399616,-0.0179654,-0.0614929,0,0,-5,-0.00399616,-0.0179654,4.93851,4.93854,-0.0087306,-0.0259086,-0.0335268,0,0,0
1780639912666065,37.3641,-0.00375731,-0.0180456,-0.0617371,0,0,-5,-0.00375731,-0.0180456,4.93826,4.9383,-0.00863822,-0.0247731,-0.0343688,0,0,0
1780639912690065,37.3881,-0.00344552,-0.0182016,-0.0621033,0,0,-5,-0.00344552,-0.0182016,4.9379,4.93793,-0.00850588,-0.0250524,-0.0341854,0,0,0
1780639912706065,37.4041,-0.00324541,-0.0183302,-0.0623169,0,0,-5,-0.00324541,-0.0183302,4.93768,4.93772,-0.00789819,-0.0246212,-0.033,0,0,0
1780639912730065,37.4281,-0.00297671,-0.0185475,-0.0626831,0,0,-5,-0.00297671,-0.0185475,4.93732,4.93735,-0.00916808,-0.0240536,-0.0328468,0,0,0
1780639912746065,37.4441,-0.00282916,-0.0187081,-0.0629578,0,0,-5,-0.00282916,-0.0187081,4.93704,4.93708,-0.00885732,-0.0235305,-0.0327837,0,0,0
1780639912770065,37.4681,-0.00263596,-0.0189832,-0.0633545,0,0,-5,-0.00263596,-0.0189832,4.93665,4.93668,-0.0099877,-0.023373,-0.0322034,0,0,0
1780639912786065,37.4841,-0.0025378,-0.0191817,-0.0636292,0,0,-5,-0.0025378,-0.0191817,4.93637,4.93641,-0.00967124,-0.0225774,-0.0331229,0,0,0
1780639912810065,37.5081,-0.00224567,-0.0188249,-0.0637207,0,0,-5,-0.00224567,-0.0188249,4.93628,4.93632,-0.00723553,-0.0215019,-0.0338324,0,0,0
1780639912826065,37.5241,-0.00200589,-0.0184001,-0.0636597,0,0,-5,-0.00200589,-0.0184001,4.93634,4.93638,-0.00675741,-0.0217206,-0.0332412,0,0,0
1780639912850065,37.5481,-0.001674,-0.0178839,-0.0636292,0,0,-5,-0.001674,-0.0178839,4.93637,4.9364,-0.00658245,-0.0231733,-0.0335512,0,0,0
1780639912866065,37.5641,-0.00147702,-0.0175956,-0.0636292,0,0,-5,-0.00147702,-0.0175956,4.93637,4.9364,-0.00724587,-0.0230649,-0.0319579,0,0,0
1780639912890065,37.5881,-0.0012136,-0.0172338,-0.0636597,0,0,-5,-0.0012136,-0.0172338,4.93634,4.93637,-0.00646434,-0.0221943,-0.0317825,0,0,0
1780639912906065,37.6041,-0.00103472,-0.0170317,-0.0637207,0,0,-5,-0.00103472,-0.0170317,4.93628,4.93631,-0.00423157,-0.0225782,-0.0313754,0,0,0
1780639912930065,37.6281,-0.000759381,-0.0167884,-0.0637817,0,0,-5,-0.000759381,-0.0167884,4.93622,4.93625,-0.0041642,-0.0217525,-0.0300291,0,0,0
1780639912946065,37.6441,-0.000600229,-0.0166557,-0.0638428,0,0,-5,-0.000600229,-0.0166557,4.93616,4.93619,-0.00488139,-0.0208317,-0.030212,0,0,0
1780639912970065,37.6681,-0.000381525,-0.01649,-0.0639954,0,0,-5,-0.000381525,-0.01649,4.936,4.93603,-0.00381168,-0.0186775,-0.0312732,0,0,0
1780639912986065,37.6841,-0.000228434,-0.0163837,-0.0641174,0,0,-5,-0.000228434,-0.0163837,4.93588,4.93591,-0.00311538,-0.0178411,-0.0324901,0,0,0
1780639913010065,37.7081,-1.83706e-05,-0.016284,-0.0643921,0,0,-5,-1.83706e-05,-0.016284,4.93561,4.93563,-0.00362631,-0.018978,-0.0324547,0,0,0
1780639913026065,37.7241,0.000103063,-0.0162591,-0.0646057,0,0,-5,0.000103063,-0.0162591,4.93539,4.93542,-0.00365803,-0.0187983,-0.0318243,0,0,0
1780639913050065,37.7481,0.000266145,-0.0162514,-0.0649414,0,0,-5,0.000266145,-0.0162514,4.93506,4.93509,-0.00455785,-0.0178552,-0.0314257,0,0,0
1780639913066065,37.7641,0.000353123,-0.0162723,-0.0651855,0,0,-5,0.000353123,-0.0162723,4.93481,4.93484,-0.00442927,-0.0186619,-0.0322887,0,0,0
1780639913090065,37.7881,0.000458342,-0.0163703,-0.0656128,0,0,-5,0.000458342,-0.0163703,4.93439,4.93441,-0.00430325,-0.0194278,-0.0320898,0,0,0
1780639913106065,37.8041,0.000521329,-0.0164719,-0.065918,0,0,-5,0.000521329,-0.0164719,4.93408,4.93411,-0.00399871,-0.0190413,-0.0317012,0,0,0
1780639913130065,37.8281,0.000605712,-0.0166376,-0.0663757,0,0,-5,0.000605712,-0.0166376,4.93362,4.93365,-0.00414119,-0.0182246,-0.0322241,0,0,0
1780639913146065,37.8441,0.000659896,-0.0167605,-0.0667419,0,0,-5,0.000659896,-0.0167605,4.93326,4.93329,-0.00290233,-0.0175776,-0.0331923,0,0,0
1780639913170065,37.8681,0.00075778,-0.0169624,-0.0672913,0,0,-5,0.00075778,-0.0169624,4.93271,4.93274,-0.00153459,-0.0173946,-0.0330459,0,0,0
1780639913186065,37.8841,0.00082525,-0.0171144,-0.0676575,0,0,-5,0.00082525,-0.0171144,4.93234,4.93237,-0.00190555,-0.0176289,-0.0332489,0,0,0
1780639913210065,37.9081,0.00062886,-0.0168441,-0.0677795,0,0,-5,0.00062886,-0.0168441,4.93222,4.93225,-0.00233428,-0.0168458,-0.0332771,0,0,0
1780639913226065,37.9241,0.000404149,-0.0165282,-0.0677185,0,0,-5,0.000404149,-0.0165282,4.93228,4.93231,-0.00251922,-0.0170564,-0.0330161,0,0,0
1780639913250065,37.9481,8.12682e-05,-0.0161203,-0.0675964,0,0,-5,8.12682e-05,-0.0161203,4.9324,4.93243,-0.0031199,-0.0165647,-0.0324873,0,0,0
1780639913266065,37.9641,-0.000136315,-0.0158953,-0.0675354,0,0,-5,-0.000136315,-0.0158953,4.93246,4.93249,-0.00436698,-0.017444,-0.032703,0,0,0
1780639913290065,37.9881,-0.000494522,-0.0156304,-0.0675049,0,0,-5,-0.000494522,-0.0156304,4.9325,4.93252,-0.00653668,-0.0183606,-0.0334016,0,0,0
1780639913306065,38.0041,-0.000749204,-0.0155103,-0.0675659,0,0,-5,-0.000749204,-0.0155103,4.93243,4.93246,-0.00741766,-0.0192291,-0.0329982,0,0,0
1780639913330065,38.0281,-0.00114331,-0.0153904,-0.0675659,0,0,-5,-0.00114331,-0.0153904,4.93243,4.93246,-0.0075393,-0.0188051,-0.0326734,0,0,0
1780639913346065,38.0441,-0.00138592,-0.0153399,-0.067627,0,0,-5,-0.00138592,-0.0153399,4.93237,4.9324,-0.00633572,-0.0191906,-0.0325797,0,0,0
1780639913370065,38.0681,-0.00173447,-0.0153149,-0.0677185,0,0,-5,-0.00173447,-0.0153149,4.93228,4.93231,-0.00627538,-0.0195059,-0.032013,0,0,0
1780639913386065,38.0841,-0.00194519,-0.0153233,-0.0678101,0,0,-5,-0.00194519,-0.0153233,4.93219,4.93221,-0.00633118,-0.0184721,-0.0319001,0,0,0
1780639913410065,38.1081,-0.00226779,-0.0153598,-0.0679321,0,0,-5,-0.00226779,-0.0153598,4.93207,4.93209,-0.00656402,-0.0179638,-0.0308585,0,0,0
1780639913426065,38.1241,-0.00246792,-0.0154098,-0.0680542,0,0,-5,-0.00246792,-0.0154098,4.93195,4.93197,-0.00588791,-0.0190591,-0.0302272,0,0,0
1780639913442065,38.1401,-0.00266645,-0.0154918,-0.0681763,0,0,-5,-0.00266645,-0.0154918,4.93182,4.93185,-0.00670069,-0.0189342,-0.0296162,0,0,0
1780639913466065,38.1641,-0.00298886,-0.0156529,-0.0683594,0,0,-5,-0.00298886,-0.0156529,4.93164,4.93167,-0.00758407,-0.0191029,-0.0302825,0,0,0
1780639913490065,38.1881,-0.00330576,-0.0158819,-0.068573,0,0,-5,-0.00330576,-0.0158819,4.93143,4.93145,-0.00691251,-0.0205896,-0.0307099,0,0,0
1780639913506214,38.2043,-0.00351098,-0.0160555,-0.0687561,0,0,-5,-0.00351098,-0.0160555,4.93124,4.93127,-0.00775911,-0.0200771,-0.0296139,0,0,0
1780639913530214,38.2283,-0.00378726,-0.0163433,-0.0690308,0,0,-5,-0.00378726,-0.0163433,4.93097,4.931,-0.00615947,-0.0202091,-0.0303659,0,0,0
1780639913546214,38.2443,-0.00393786,-0.0165455,-0.0692139,0,0,-5,-0.00393786,-0.0165455,4.93079,4.93082,-0.00510792,-0.0196294,-0.0299892,0,0,0
1780639913570214,38.2683,-0.00414847,-0.0168643,-0.0695496,0,0,-5,-0.00414847,-0.0168643,4.93045,4.93048,-0.00531868,-0.0201257,-0.0285423,0,0,0
1780639913586214,38.2843,-0.00429324,-0.0171067,-0.0697632,0,0,-5,-0.00429324,-0.0171067,4.93024,4.93027,-0.00529717,-0.0206809,-0.0282959,0,0,0
1780639913610214,38.3083,-0.00431064,-0.0171501,-0.069519,0,0,-5,-0.00431064,-0.0171501,4.93048,4.93051,-0.00448471,-0.021093,-0.0268438,0,0,0
1780639913626214,38.3243,-0.00427553,-0.0170985,-0.0692139,0,0,-5,-0.00427553,-0.0170985,4.93079,4.93082,-0.00570099,-0.0215855,-0.0274749,0,0,0
1780639913650214,38.3483,-0.00423497,-0.0170806,-0.0688477,0,0,-5,-0.00423497,-0.0170806,4.93115,4.93118,-0.00447978,-0.021925,-0.0281014,0,0,0
1780639913666214,38.3643,-0.00421081,-0.0171014,-0.0686646,0,0,-5,-0.00421081,-0.0171014,4.93134,4.93137,-0.00435427,-0.0210586,-0.0282051,0,0,0
1780639913690214,38.3883,-0.00419378,-0.0171457,-0.0684204,0,0,-5,-0.00419378,-0.0171457,4.93158,4.93161,-0.00432012,-0.0203508,-0.0275965,0,0,0
1780639913706214,38.4043,-0.00417437,-0.0171925,-0.0682983,0,0,-5,-0.00417437,-0.0171925,4.9317,4.93173,-0.00253192,-0.0194585,-0.0275523,0,0,0
1780639913730214,38.4283,-0.00415576,-0.0172874,-0.0681763,0,0,-5,-0.00415576,-0.0172874,4.93182,4.93186,-0.00415753,-0.0196082,-0.0276388,0,0,0
1780639913746214,38.4443,-0.00416297,-0.0173828,-0.0681152,0,0,-5,-0.00416297,-0.0173828,4.93188,4.93192,-0.00514445,-0.0196348,-0.0266307,0,0,0
1780639913770214,38.4683,-0.00418962,-0.0175452,-0.0680542,0,0,-5,-0.00418962,-0.0175452,4.93195,4.93198,-0.00456378,-0.0184342,-0.0265284,0,0,0
1780639913786214,38.4843,-0.00419573,-0.0176512,-0.0680237,0,0,-5,-0.00419573,-0.0176512,4.93198,4.93201,-0.00366313,-0.0177689,-0.026169,0,0,0
1780639913802214,38.5003,-0.00421382,-0.0177861,-0.0680542,0,0,-5,-0.00421382,-0.0177861,4.93195,4.93198,-0.00466529,-0.0189785,-0.0268645,0,0,0
1780639913826214,38.5243,-0.00425422,-0.0180122,-0.0681152,0,0,-5,-0.00425422,-0.0180122,4.93188,4.93192,-0.00367482,-0.0185346,-0.0273706,0,0,0
1780639913850214,38.5483,-0.00430251,-0.0182715,-0.0682373,0,0,-5,-0.00430251,-0.0182715,4.93176,4.9318,-0.00467289,-0.0181013,-0.0285967,0,0,0
1780639913866214,38.5643,-0.00433727,-0.0184577,-0.0683594,0,0,-5,-0.00433727,-0.0184577,4.93164,4.93168,-0.00421438,-0.0183528,-0.0291481,0,0,0
1780639913882214,38.5803,-0.00436881,-0.0186519,-0.068512,0,0,-5,-0.00436881,-0.0186519,4.93149,4.93153,-0.00362378,-0.0179494,-0.0294141,0,0,0
1780639913906214,38.6043,-0.00440363,-0.0189856,-0.0687256,0,0,-5,-0.00440363,-0.0189856,4.93127,4.93131,-0.00308088,-0.019337,-0.0286415,0,0,0
1780639913930214,38.6283,-0.00441235,-0.0193472,-0.0689392,0,0,-5,-0.00441235,-0.0193472,4.93106,4.9311,-0.00134168,-0.019018,-0.0273173,0,0,0
1780639913946214,38.6443,-0.00440796,-0.0195949,-0.0691223,0,0,-5,-0.00440796,-0.0195949,4.93088,4.93092,-0.000307897,-0.018484,-0.0272945,0,0,0
1780639913970214,38.6683,-0.00435723,-0.0199926,-0.069397,0,0,-5,-0.00435723,-0.0199926,4.9306,4.93065,0.00149686,-0.0195153,-0.0271284,0,0,0
1780639913986214,38.6843,-0.00430743,-0.0202812,-0.0695801,0,0,-5,-0.00430743,-0.0202812,4.93042,4.93046,0.00237095,-0.0200156,-0.0266505,0,0,0
1780639914010214,38.7083,-0.00410994,-0.0200001,-0.0693054,0,0,-5,-0.00410994,-0.0200001,4.93069,4.93074,0.00168589,-0.0188357,-0.0272446,0,0,0
1780639914026214,38.7243,-0.00393984,-0.0195957,-0.0689392,0,0,-5,-0.00393984,-0.0195957,4.93106,4.9311,0.00279628,-0.0188986,-0.02728,0,0,0
1780639914042214,38.7403,-0.00376616,-0.0192494,-0.0686035,0,0,-5,-0.00376616,-0.0192494,4.9314,4.93144,0.0021594,-0.0195244,-0.0270591,0,0,0
1780639914066214,38.7643,-0.00352242,-0.0187977,-0.0682068,0,0,-5,-0.00352242,-0.0187977,4.93179,4.93183,0.0032452,-0.0190445,-0.0271422,0,0,0
1780639914082214,38.7803,-0.00335989,-0.0185386,-0.0679626,0,0,-5,-0.00335989,-0.0185386,4.93204,4.93207,0.00308315,-0.0193037,-0.0270301,0,0,0
1780639914106214,38.8043,-0.00312874,-0.0182031,-0.0676575,0,0,-5,-0.00312874,-0.0182031,4.93234,4.93238,0.00333915,-0.0187381,-0.0254145,0,0,0
1780639914122214,38.8203,-0.00298935,-0.0180227,-0.0674744,0,0,-5,-0.00298935,-0.0180227,4.93253,4.93256,0.00239577,-0.0186739,-0.0250218,0,0,0
1780639914146214,38.8443,-0.00279776,-0.0178073,-0.0672607,0,0,-5,-0.00279776,-0.0178073,4.93274,4.93277,0.00257386,-0.0189751,-0.0246344,0,0,0
1780639914170214,38.8683,-0.00260396,-0.0176508,-0.0671387,0,0,-5,-0.00260396,-0.0176508,4.93286,4.93289,0.00298728,-0.0188615,-0.0261951,0,0,0
1780639914186214,38.8843,-0.00247443,-0.0175849,-0.0670471,0,0,-5,-0.00247443,-0.0175849,4.93295,4.93298,0.00306091,-0.0196448,-0.0250231,0,0,0
1780639914210214,38.9083,-0.00229459,-0.0175317,-0.0669556,0,0,-5,-0.00229459,-0.0175317,4.93304,4.93308,0.00326749,-0.0193048,-0.0250924,0,0,0
1780639914226214,38.9243,-0.0021665,-0.0175164,-0.066925,0,0,-5,-0.0021665,-0.0175164,4.93307,4.93311,0.00415786,-0.0191271,-0.0257394,0,0,0
1780639914250214,38.9483,-0.00194972,-0.0175471,-0.0669861,0,0,-5,-0.00194972,-0.0175471,4.93301,4.93305,0.00405598,-0.0197476,-0.0265763,0,0,0
1780639914266214,38.9643,-0.00182149,-0.0175925,-0.0670776,0,0,-5,-0.00182149,-0.0175925,4.93292,4.93295,0.00309685,-0.0197702,-0.0274098,0,0,0
1780639914290214,38.9883,-0.00163799,-0.0177283,-0.0672607,0,0,-5,-0.00163799,-0.0177283,4.93274,4.93277,0.00411538,-0.0214254,-0.0266507,0,0,0
1780639914306214,39.0043,-0.00150902,-0.0178435,-0.0674133,0,0,-5,-0.00150902,-0.0178435,4.93259,4.93262,0.00338158,-0.0206967,-0.0263961,0,0,0
1780639914330214,39.0283,-0.00131037,-0.018022,-0.0676575,0,0,-5,-0.00131037,-0.018022,4.93234,4.93238,0.00539461,-0.019912,-0.0272959,0,0,0
1780639914346214,39.0443,-0.00115934,-0.0181566,-0.0678101,0,0,-5,-0.00115934,-0.0181566,4.93219,4.93222,0.00607654,-0.0193031,-0.0270407,0,0,0
1780639914370214,39.0683,-0.000930985,-0.0183809,-0.0681152,0,0,-5,-0.000930985,-0.0183809,4.93188,4.93192,0.00616393,-0.0193089,-0.0266907,0,0,0
1780639914386214,39.0843,-0.000772039,-0.0185418,-0.0682983,0,0,-5,-0.000772039,-0.0185418,4.9317,4.93174,0.00676372,-0.0192108,-0.0253616,0,0,0
1780639914410214,39.1083,-0.000617496,-0.0180685,-0.0680847,0,0,-5,-0.000617496,-0.0180685,4.93192,4.93195,0.00527185,-0.0163569,-0.0243197,0,0,0
1780639914426214,39.1243,-0.0005484,-0.0175419,-0.0677795,0,0,-5,-0.0005484,-0.0175419,4.93222,4.93225,0.00535595,-0.0152728,-0.0230859,0,0,0
1780639914450214,39.1483,-0.000409319,-0.0168067,-0.0673828,0,0,-5,-0.000409319,-0.0168067,4.93262,4.93265,0.00788059,-0.0148209,-0.0240772,0,0,0
1780639914466214,39.1643,-0.00029133,-0.0163686,-0.0671997,0,0,-5,-0.00029133,-0.0163686,4.9328,4.93283,0.00856533,-0.0143081,-0.025312,0,0,0
1780639914490214,39.1883,-0.000116249,-0.0157679,-0.0670166,0,0,-5,-0.000116249,-0.0157679,4.93298,4.93301,0.00862963,-0.014287,-0.0248694,0,0,0
1780639914506370,39.2045,6.15088e-06,-0.0154086,-0.0668945,0,0,-5,6.15088e-06,-0.0154086,4.93311,4.93313,0.00877712,-0.0132739,-0.0240864,0,0,0
1780639914522370,39.2205,0.000116687,-0.0150752,-0.066803,0,0,-5,0.000116687,-0.0150752,4.9332,4.93322,0.00812776,-0.0137023,-0.0229114,0,0,0
1780639914546370,39.2445,0.000231438,-0.0146279,-0.0666809,0,0,-5,0.000231438,-0.0146279,4.93332,4.93334,0.00572158,-0.0124074,-0.0234142,0,0,0
1780639914570370,39.2685,0.000305068,-0.0142158,-0.0666199,0,0,-5,0.000305068,-0.0142158,4.93338,4.9334,0.00525682,-0.0112688,-0.0236107,0,0,0
1780639914586370,39.2845,0.000353466,-0.0139527,-0.0666199,0,0,-5,0.000353466,-0.0139527,4.93338,4.9334,0.00469184,-0.0101974,-0.0238777,0,0,0
1780639914610370,39.3085,0.00039991,-0.0136031,-0.0666504,0,0,-5,0.00039991,-0.0136031,4.93335,4.93337,0.00447808,-0.0104917,-0.0239761,0,0,0
1780639914626370,39.3245,0.000439396,-0.0134107,-0.0667114,0,0,-5,0.000439396,-0.0134107,4.93329,4.93331,0.00498865,-0.0113104,-0.0244687,0,0,0
1780639914650370,39.3485,0.000499158,-0.0131599,-0.0668335,0,0,-5,0.000499158,-0.0131599,4.93317,4.93318,0.00387813,-0.0101244,-0.0260652,0,0,0
1780639914666370,39.3645,0.000537043,-0.0130118,-0.066925,0,0,-5,0.000537043,-0.0130118,4.93307,4.93309,0.00450644,-0.00981546,-0.026366,0,0,0
1780639914690370,39.3885,0.000609574,-0.0128289,-0.0671387,0,0,-5,0.000609574,-0.0128289,4.93286,4.93288,0.00396988,-0.00961738,-0.0252824,0,0,0
1780639914706370,39.4045,0.000629716,-0.0127323,-0.0672913,0,0,-5,0.000629716,-0.0127323,4.93271,4.93273,0.00307976,-0.00971954,-0.0253122,0,0,0
1780639914730370,39.4285,0.000669153,-0.0126039,-0.0675354,0,0,-5,0.000669153,-0.0126039,4.93246,4.93248,0.00316506,-0.00952104,-0.0256221,0,0,0
1780639914746370,39.4445,0.000704075,-0.0125392,-0.067749,0,0,-5,0.000704075,-0.0125392,4.93225,4.93227,0.00433466,-0.00893361,-0.0256179,0,0,0
1780639914770370,39.4685,0.00076913,-0.0124593,-0.0679932,0,0,-5,0.00076913,-0.0124593,4.93201,4.93202,0.00393747,-0.00837934,-0.0254397,0,0,0
1780639914786370,39.4845,0.000803805,-0.0124124,-0.0681458,0,0,-5,0.000803805,-0.0124124,4.93185,4.93187,0.00366312,-0.00718835,-0.0255134,0,0,0
1780639914810370,39.5085,0.000692298,-0.0120105,-0.0681763,0,0,-5,0.000692298,-0.0120105,4.93182,4.93184,0.00195187,-0.00517949,-0.0251103,0,0,0
1780639914826370,39.5245,0.000562033,-0.0116441,-0.0681152,0,0,-5,0.000562033,-0.0116441,4.93188,4.9319,0.00272091,-0.00475237,-0.0253197,0,0,0
1780639914850370,39.5485,0.000380278,-0.0111384,-0.0680847,0,0,-5,0.000380278,-0.0111384,4.93192,4.93193,0.00199183,-0.00424038,-0.0243566,0,0,0
1780639914866370,39.5645,0.000264243,-0.0108257,-0.0680847,0,0,-5,0.000264243,-0.0108257,4.93192,4.93193,0.00238245,-0.00393763,-0.0241746,0,0,0
1780639914890370,39.5885,0.000107431,-0.010401,-0.0681458,0,0,-5,0.000107431,-0.010401,4.93185,4.93187,0.00183864,-0.00388807,-0.0254959,0,0,0
1780639914906370,39.6045,-4.70016e-07,-0.0101444,-0.0682373,0,0,-5,-4.70016e-07,-0.0101444,4.93176,4.93177,0.00162171,-0.0035896,-0.0269957,0,0,0
1780639914930370,39.6285,-0.000152707,-0.00981091,-0.0684509,0,0,-5,-0.000152707,-0.00981091,4.93155,4.93156,0.000831201,-0.00473448,-0.0260454,0,0,0
1780639914946370,39.6445,-0.000260139,-0.00961038,-0.068573,0,0,-5,-0.000260139,-0.00961038,4.93143,4.93144,-0.000370229,-0.00406974,-0.0253863,0,0,0
1780639914970370,39.6685,-0.000466343,-0.00935835,-0.0688477,0,0,-5,-0.000466343,-0.00935835,4.93115,4.93116,-0.00110376,-0.00414734,-0.0275439,0,0,0
1780639914986370,39.6845,-0.000601095,-0.00921135,-0.0690613,0,0,-5,-0.000601095,-0.00921135,4.93094,4.93095,-0.000772763,-0.00445547,-0.02655,0,0,0
1780639915010370,39.7085,-0.000781062,-0.0090366,-0.069397,0,0,-5,-0.000781062,-0.0090366,4.9306,4.93061,-0.000575028,-0.00417078,-0.0249167,0,0,0
1780639915026370,39.7245,-0.000901939,-0.0089231,-0.0695801,0,0,-5,-0.000901939,-0.0089231,4.93042,4.93043,-0.00154602,-0.00349039,-0.0224467,0,0,0
1780639915050370,39.7485,-0.00108723,-0.00876496,-0.0698547,0,0,-5,-0.00108723,-0.00876496,4.93015,4.93015,-0.00137165,-0.00294887,-0.0224048,0,0,0
1780639915066370,39.7645,-0.00120973,-0.00867707,-0.0700684,0,0,-5,-0.00120973,-0.00867707,4.92993,4.92994,-0.00208582,-0.00332481,-0.0233457,0,0,0
1780639915090370,39.7885,-0.00138372,-0.00859525,-0.0703735,0,0,-5,-0.00138372,-0.00859525,4.92963,4.92963,-0.00175516,-0.00473937,-0.0218706,0,0,0
1780639915106370,39.8045,-0.0014912,-0.00855623,-0.0705872,0,0,-5,-0.0014912,-0.00855623,4.92941,4.92942,-0.00311293,-0.00454037,-0.0209025,0,0,0
1780639915130370,39.8285,-0.00167399,-0.0085411,-0.0709229,0,0,-5,-0.00167399,-0.0085411,4.92908,4.92908,-0.00412765,-0.00595569,-0.0212254,0,0,0
1780639915146370,39.8445,-0.001809,-0.00856132,-0.071167,0,0,-5,-0.001809,-0.00856132,4.92883,4.92884,-0.00480275,-0.00669897,-0.0201467,0,0,0
1780639915170370,39.8685,-0.00198456,-0.00861743,-0.0715027,0,0,-5,-0.00198456,-0.00861743,4.9285,4.92851,-0.00422199,-0.006863,-0.0202884,0,0,0
1780639915186370,39.8845,-0.00209333,-0.00866461,-0.0717468,0,0,-5,-0.00209333,-0.00866461,4.92825,4.92826,-0.00416566,-0.00587037,-0.0197993,0,0,0
1780639915210370,39.9085,-0.00219983,-0.00836107,-0.0716858,0,0,-5,-0.00219983,-0.00836107,4.92831,4.92832,-0.00436204,-0.0056454,-0.0186455,0,0,0
1780639915226370,39.9245,-0.00225743,-0.00806104,-0.0715942,0,0,-5,-0.00225743,-0.00806104,4.92841,4.92841,-0.00466883,-0.00471547,-0.0186501,0,0,0
1780639915250370,39.9485,-0.00234679,-0.00763256,-0.0714722,0,0,-5,-0.00234679,-0.00763256,4.92853,4.92853,-0.00531772,-0.00351388,-0.0180028,0,0,0
1780639915266370,39.9645,-0.00241777,-0.00737879,-0.0714111,0,0,-5,-0.00241777,-0.00737879,4.92859,4.92859,-0.00569837,-0.00481691,-0.0184612,0,0,0
1780639915290370,39.9885,-0.00253799,-0.00704576,-0.0713196,0,0,-5,-0.00253799,-0.00704576,4.92868,4.92869,-0.0055998,-0.00353085,-0.0179543,0,0,0
1780639915306370,40.0045,-0.00261881,-0.00682963,-0.0713196,0,0,-5,-0.00261881,-0.00682963,4.92868,4.92869,-0.00631219,-0.00301188,-0.0184077,0,0,0
1780639915330370,40.0285,-0.00274629,-0.00652975,-0.0713196,0,0,-5,-0.00274629,-0.00652975,4.92868,4.92869,-0.00528147,-0.00279783,-0.0171634,0,0,0
1780639915346370,40.0445,-0.00281795,-0.00634249,-0.0713196,0,0,-5,-0.00281795,-0.00634249,4.92868,4.92869,-0.00499883,-0.00141128,-0.0164792,0,0,0
1780639915370370,40.0685,-0.00291695,-0.00604214,-0.0713501,0,0,-5,-0.00291695,-0.00604214,4.92865,4.92865,-0.00475328,0.000743421,-0.0148205,0,0,0
1780639915386370,40.0845,-0.00298691,-0.00584705,-0.0713806,0,0,-5,-0.00298691,-0.00584705,4.92862,4.92862,-0.00526494,0.000151116,-0.0147206,0,0,0
1780639915410370,40.1085,-0.00311481,-0.00561841,-0.0714111,0,0,-5,-0.00311481,-0.00561841,4.92859,4.92859,-0.00646368,-0.00101915,-0.0144798,0,0,0
1780639915426370,40.1245,-0.00321387,-0.00547711,-0.0714722,0,0,-5,-0.00321387,-0.00547711,4.92853,4.92853,-0.00682584,4.25112e-05,-0.0136327,0,0,0
1780639915450370,40.1485,-0.00339188,-0.00527761,-0.0715332,0,0,-5,-0.00339188,-0.00527761,4.92847,4.92847,-0.00831981,0.000470248,-0.0146539,0,0,0
1780639915466370,40.1645,-0.00351317,-0.00514854,-0.0716248,0,0,-5,-0.00351317,-0.00514854,4.92838,4.92838,-0.0081077,0.000814614,-0.0145382,0,0,0
1780639915482370,40.1805,-0.00363825,-0.0050303,-0.0716858,0,0,-5,-0.00363825,-0.0050303,4.92831,4.92832,-0.00893481,0.000854708,-0.0150146,0,0,0
1780639915506370,40.2045,-0.00385799,-0.00485855,-0.0718689,0,0,-5,-0.00385799,-0.00485855,4.92813,4.92814,-0.010104,0.00205054,-0.0176196,0,0,0
1780639915530524,40.2286,-0.00409127,-0.00466617,-0.072052,0,0,-5,-0.00409127,-0.00466617,4.92795,4.92795,-0.0108945,0.00296271,-0.0173692,0,0,0
1780639915546524,40.2446,-0.00424575,-0.00453857,-0.0722046,0,0,-5,-0.00424575,-0.00453857,4.9278,4.9278,-0.0107485,0.00365179,-0.0175611,0,0,0
1780639915562524,40.2606,-0.00439823,-0.0044133,-0.0723572,0,0,-5,-0.00439823,-0.0044133,4.92764,4.92765,-0.00988419,0.00345299,-0.0174008,0,0,0
1780639915586524,40.2846,-0.00460347,-0.00424047,-0.0725708,0,0,-5,-0.00460347,-0.00424047,4.92743,4.92743,-0.0095735,0.00439641,-0.0173106,0,0,0
1780639915610524,40.3086,-0.00447591,-0.00396188,-0.0723877,0,0,-5,-0.00447591,-0.00396188,4.92761,4.92762,-0.010461,0.00550366,-0.017833,0,0,0
1780639915626524,40.3246,-0.00430425,-0.00374919,-0.0721741,0,0,-5,-0.00430425,-0.00374919,4.92783,4.92783,-0.0106356,0.00585827,-0.0188567,0,0,0
1780639915650524,40.3486,-0.00407225,-0.00344737,-0.0718994,0,0,-5,-0.00407225,-0.00344737,4.9281,4.9281,-0.010514,0.00587949,-0.0170557,0,0,0
1780639915666524,40.3646,-0.0039455,-0.00326286,-0.0717163,0,0,-5,-0.0039455,-0.00326286,4.92828,4.92829,-0.0107549,0.00517637,-0.0161296,0,0,0
1780639915690524,40.3886,-0.00377707,-0.00301124,-0.0715027,0,0,-5,-0.00377707,-0.00301124,4.9285,4.9285,-0.0101803,0.00581549,-0.0173545,0,0,0
1780639915706524,40.4046,-0.00367747,-0.00284173,-0.0713806,0,0,-5,-0.00367747,-0.00284173,4.92862,4.92862,-0.00999383,0.00628391,-0.0173969,0,0,0
1780639915730524,40.4286,-0.00353075,-0.00258644,-0.0712585,0,0,-5,-0.00353075,-0.00258644,4.92874,4.92874,-0.00901667,0.00709836,-0.0169416,0,0,0
1780639915746524,40.4446,-0.00343922,-0.00242398,-0.071167,0,0,-5,-0.00343922,-0.00242398,4.92883,4.92883,-0.00913187,0.00713543,-0.0160227,0,0,0
1780639915770524,40.4686,-0.00334244,-0.00218902,-0.071106,0,0,-5,-0.00334244,-0.00218902,4.92889,4.9289,-0.0102661,0.00775701,-0.0173577,0,0,0
1780639915786524,40.4846,-0.00330081,-0.00203607,-0.071106,0,0,-5,-0.00330081,-0.00203607,4.92889,4.9289,-0.0107146,0.00752753,-0.0175899,0,0,0
1780639915810524,40.5086,-0.00328373,-0.00183558,-0.071167,0,0,-5,-0.00328373,-0.00183558,4.92883,4.92883,-0.0117039,0.00733696,-0.0171281,0,0,0
1780639915826524,40.5246,-0.0032958,-0.00171789,-0.0711975,0,0,-5,-0.0032958,-0.00171789,4.9288,4.9288,-0.0122368,0.00729346,-0.0168798,0,0,0
1780639915842524,40.5406,-0.00332337,-0.00160527,-0.071228,0,0,-5,-0.00332337,-0.00160527,4.92877,4.92877,-0.0129669,0.00742044,-0.0168346,0,0,0
1780639915866524,40.5646,-0.00340461,-0.00142452,-0.0713196,0,0,-5,-0.00340461,-0.00142452,4.92868,4.92868,-0.0135391,0.00904924,-0.016645,0,0,0
1780639915882524,40.5806,-0.00347552,-0.00131124,-0.0713806,0,0,-5,-0.00347552,-0.00131124,4.92862,4.92862,-0.013166,0.00799266,-0.016002,0,0,0
1780639915906524,40.6046,-0.00357278,-0.00115884,-0.0715027,0,0,-5,-0.00357278,-0.00115884,4.9285,4.9285,-0.0121595,0.00798992,-0.0161038,0,0,0
1780639915930524,40.6286,-0.0036722,-0.000991495,-0.0715637,0,0,-5,-0.0036722,-0.000991495,4.92844,4.92844,-0.0118418,0.00973348,-0.0159081,0,0,0
1780639915946524,40.6446,-0.00372646,-0.000864321,-0.0716553,0,0,-5,-0.00372646,-0.000864321,4.92834,4.92835,-0.0115659,0.00996866,-0.0164796,0,0,0
1780639915970524,40.6686,-0.00379719,-0.000674792,-0.0718079,0,0,-5,-0.00379719,-0.000674792,4.92819,4.92819,-0.0115643,0.0109828,-0.0159304,0,0,0
1780639915986524,40.6846,-0.00385176,-0.000536441,-0.0719299,0,0,-5,-0.00385176,-0.000536441,4.92807,4.92807,-0.0110239,0.0116257,-0.0167066,0,0,0
1780639916010524,40.7086,-0.0037051,-0.000364313,-0.0717773,0,0,-5,-0.0037051,-0.000364313,4.92822,4.92822,-0.0104679,0.0110278,-0.0174212,0,0,0
1780639916026524,40.7246,-0.00354738,-0.000271144,-0.0715332,0,0,-5,-0.00354738,-0.000271144,4.92847,4.92847,-0.0104857,0.0110651,-0.017425,0,0,0
1780639916042524,40.7406,-0.00339769,-0.000169545,-0.0712891,0,0,-5,-0.00339769,-0.000169545,4.92871,4.92871,-0.00922149,0.011545,-0.0175292,0,0,0
1780639916066524,40.7646,-0.00317904,-1.89132e-05,-0.0709839,0,0,-5,-0.00317904,-1.89132e-05,4.92902,4.92902,-0.00924878,0.0108257,-0.0172955,0,0,0
1780639916090524,40.7886,-0.00300739,0.000126098,-0.0707397,0,0,-5,-0.00300739,0.000126098,4.92926,4.92926,-0.0102844,0.0119788,-0.0177357,0,0,0
1780639916106524,40.8046,-0.00291589,0.000245309,-0.0706177,0,0,-5,-0.00291589,0.000245309,4.92938,4.92938,-0.0100997,0.0133902,-0.018212,0,0,0
1780639916130524,40.8286,-0.00277299,0.000444345,-0.0704956,0,0,-5,-0.00277299,0.000444345,4.9295,4.92951,-0.00862139,0.0143392,-0.0186776,0,0,0
1780639916146524,40.8446,-0.00268111,0.000601791,-0.0704346,0,0,-5,-0.00268111,0.000601791,4.92957,4.92957,-0.00782796,0.0159572,-0.0183236,0,0,0
1780639916162524,40.8606,-0.00259265,0.000764956,-0.0703735,0,0,-5,-0.00259265,0.000764956,4.92963,4.92963,-0.0081527,0.0165542,-0.0184829,0,0,0
1780639916186524,40.8846,-0.00249613,0.00101601,-0.070282,0,0,-5,-0.00249613,0.00101601,4.92972,4.92972,-0.00793218,0.0167,-0.0181704,0,0,0
1780639916210524,40.9086,-0.00240851,0.0012544,-0.0701904,0,0,-5,-0.00240851,0.0012544,4.92981,4.92981,-0.00794137,0.0154983,-0.0180463,0,0,0
1780639916226524,40.9246,-0.00236127,0.00140307,-0.0701599,0,0,-5,-0.00236127,0.00140307,4.92984,4.92984,-0.00815157,0.0151129,-0.0181953,0,0,0
1780639916250524,40.9486,-0.00233109,0.00160962,-0.0701599,0,0,-5,-0.00233109,0.00160962,4.92984,4.92984,-0.00801128,0.0154014,-0.0172632,0,0,0
1780639916266524,40.9646,-0.00231387,0.00176574,-0.0701904,0,0,-5,-0.00231387,0.00176574,4.92981,4.92981,-0.00823723,0.0160402,-0.0179013,0,0,0
1780639916290524,40.9886,-0.00232182,0.00199921,-0.0702515,0,0,-5,-0.00232182,0.00199921,4.92975,4.92975,-0.00897973,0.0160373,-0.0178886,0,0,0
1780639916306524,41.0046,-0.00233395,0.00215393,-0.070343,0,0,-5,-0.00233395,0.00215393,4.92966,4.92966,-0.00880355,0.0155079,-0.0188175,0,0,0
1780639916330524,41.0286,-0.00238182,0.00236327,-0.0704651,0,0,-5,-0.00238182,0.00236327,4.92953,4.92954,-0.00964405,0.015011,-0.0179483,0,0,0
1780639916346524,41.0446,-0.00242854,0.00251059,-0.0705872,0,0,-5,-0.00242854,0.00251059,4.92941,4.92941,-0.010386,0.0165113,-0.0180883,0,0,0
1780639916370524,41.0686,-0.00253939,0.00273912,-0.0708008,0,0,-5,-0.00253939,0.00273912,4.9292,4.9292,-0.0103735,0.0152636,-0.0196614,0,0,0
1780639916386524,41.0846,-0.00259698,0.00286769,-0.0709534,0,0,-5,-0.00259698,0.00286769,4.92905,4.92905,-0.00910194,0.0152907,-0.0198874,0,0,0
1780639916402524,41.1006,-0.00257235,0.00300217,-0.0709534,0,0,-5,-0.00257235,0.00300217,4.92905,4.92905,-0.0081791,0.0165481,-0.020415,0,0,0
1780639916426524,41.1246,-0.00243115,0.00323409,-0.0707397,0,0,-5,-0.00243115,0.00323409,4.92926,4.92926,-0.00715537,0.0172654,-0.023109,0,0,0
1780639916450524,41.1486,-0.00229154,0.00345949,-0.0706482,0,0,-5,-0.00229154,0.00345949,4.92935,4.92935,-0.00681333,0.0162413,-0.0232111,0,0,0
1780639916466524,41.1646,-0.00222037,0.00361661,-0.0706177,0,0,-5,-0.00222037,0.00361661,4.92938,4.92938,-0.0074337,0.0182314,-0.0224444,0,0,0
1780639916490524,41.1886,-0.00212356,0.0038867,-0.0706177,0,0,-5,-0.00212356,0.0038867,4.92938,4.92938,-0.00664571,0.0181694,-0.0232574,0,0,0
1780639916506524,41.2046,-0.0020529,0.00405937,-0.0706482,0,0,-5,-0.0020529,0.00405937,4.92935,4.92935,-0.00586561,0.0175849,-0.0228186,0,0,0
1780639916530524,41.2286,-0.00197414,0.00432066,-0.0707397,0,0,-5,-0.00197414,0.00432066,4.92926,4.92926,-0.00743016,0.0186919,-0.0231735,0,0,0
1780639916546681,41.2448,-0.0019508,0.00451367,-0.0708313,0,0,-5,-0.0019508,0.00451367,4.92917,4.92917,-0.00838924,0.0200124,-0.0229893,0,0,0
1780639916570681,41.2688,-0.00194264,0.00482896,-0.0709839,0,0,-5,-0.00194264,0.00482896,4.92902,4.92902,-0.00887255,0.0195634,-0.0218704,0,0,0
1780639916586681,41.2848,-0.00195172,0.00502744,-0.071106,0,0,-5,-0.00195172,0.00502744,4.92889,4.9289,-0.00866803,0.0195606,-0.0210341,0,0,0
1780639916610681,41.3088,-0.00198397,0.00533407,-0.0712585,0,0,-5,-0.00198397,0.00533407,4.92874,4.92874,-0.00878295,0.0204184,-0.021595,0,0,0
1780639916626681,41.3248,-0.00202756,0.00554616,-0.0713501,0,0,-5,-0.00202756,0.00554616,4.92865,4.92865,-0.0101084,0.0200011,-0.0220427,0,0,0
1780639916650681,41.3488,-0.00213097,0.0058492,-0.0715637,0,0,-5,-0.00213097,0.0058492,4.92844,4.92844,-0.0106861,0.019392,-0.0223868,0,0,0
1780639916666681,41.3648,-0.00221143,0.00605182,-0.0717163,0,0,-5,-0.00221143,0.00605182,4.92828,4.92829,-0.0104554,0.0192052,-0.0221994,0,0,0
1780639916690681,41.3888,-0.00232906,0.00635931,-0.0719299,0,0,-5,-0.00232906,0.00635931,4.92807,4.92807,-0.00901817,0.019441,-0.02149,0,0,0
1780639916706681,41.4048,-0.00239399,0.00656815,-0.072113,0,0,-5,-0.00239399,0.00656815,4.92789,4.92789,-0.00817887,0.0195322,-0.022206,0,0,0
1780639916730681,41.4288,-0.00249083,0.00689841,-0.0723877,0,0,-5,-0.00249083,0.00689841,4.92761,4.92762,-0.0085893,0.0203201,-0.0229149,0,0,0
1780639916746681,41.4448,-0.00256001,0.00711928,-0.0726318,0,0,-5,-0.00256001,0.00711928,4.92737,4.92737,-0.00917734,0.0208575,-0.0244562,0,0,0
1780639916770681,41.4688,-0.00265301,0.00746863,-0.072998,0,0,-5,-0.00265301,0.00746863,4.927,4.92701,-0.00775123,0.0212328,-0.0245287,0,0,0
1780639916786681,41.4848,-0.00270949,0.00771948,-0.0732727,0,0,-5,-0.00270949,0.00771948,4.92673,4.92673,-0.00768838,0.0234843,-0.0236544,0,0,0
1780639916810681,41.5088,-0.00279162,0.00766258,-0.0731506,0,0,-5,-0.00279162,0.00766258,4.92685,4.92686,-0.00926066,0.0239616,-0.025327,0,0,0
1780639916826681,41.5248,-0.00284106,0.00748758,-0.0729675,0,0,-5,-0.00284106,0.00748758,4.92703,4.92704,-0.00854334,0.0235871,-0.0265664,0,0,0
1780639916850681,41.5488,-0.00291323,0.00725121,-0.0727539,0,0,-5,-0.00291323,0.00725121,4.92725,4.92725,-0.00759481,0.0222643,-0.0264075,0,0,0
1780639916866681,41.5648,-0.00295744,0.00710987,-0.0726318,0,0,-5,-0.00295744,0.00710987,4.92737,4.92737,-0.00793725,0.0225697,-0.0257205,0,0,0
1780639916890681,41.5888,-0.00304081,0.00694973,-0.0725098,0,0,-5,-0.00304081,0.00694973,4.92749,4.9275,-0.00819665,0.0238988,-0.024745,0,0,0
1780639916906681,41.6048,-0.00310166,0.00687328,-0.0724182,0,0,-5,-0.00310166,0.00687328,4.92758,4.92759,-0.00790016,0.0239146,-0.024626,0,0,0
1780639916930681,41.6288,-0.00318087,0.00679528,-0.0723572,0,0,-5,-0.00318087,0.00679528,4.92764,4.92765,-0.00661149,0.0239656,-0.0248815,0,0,0
1780639916946681,41.6448,-0.00321588,0.00677449,-0.0723572,0,0,-5,-0.00321588,0.00677449,4.92764,4.92765,-0.00520993,0.0249506,-0.0253062,0,0,0
1780639916962681,41.6608,-0.00322534,0.00678548,-0.0723877,0,0,-5,-0.00322534,0.00678548,4.92761,4.92762,-0.00435596,0.0255191,-0.026546,0,0,0
1780639916986681,41.6848,-0.00321766,0.00682863,-0.0724792,0,0,-5,-0.00321766,0.00682863,4.92752,4.92753,-0.00332412,0.0258785,-0.0253193,0,0,0
1780639917010681,41.7088,-0.00319772,0.00691719,-0.0726318,0,0,-5,-0.00319772,0.00691719,4.92737,4.92737,-0.00279041,0.0264197,-0.0257112,0,0,0
1780639917026681,41.7248,-0.00319316,0.00699488,-0.0727539,0,0,-5,-0.00319316,0.00699488,4.92725,4.92725,-0.00268523,0.0261548,-0.0261027,0,0,0
1780639917042681,41.7408,-0.00318913,0.00708887,-0.072876,0,0,-5,-0.00318913,0.00708887,4.92712,4.92713,-0.00264368,0.0274006,-0.0264482,0,0,0
1780639917066681,41.7648,-0.0031791,0.00730092,-0.0730896,0,0,-5,-0.0031791,0.00730092,4.92691,4.92692,-0.00177952,0.0292336,-0.0269996,0,0,0
1780639917090681,41.7888,-0.00316761,0.00756658,-0.0733643,0,0,-5,-0.00316761,0.00756658,4.92664,4.92664,-0.0019873,0.0291378,-0.0273838,0,0,0
1780639917106681,41.8048,-0.00315394,0.00774434,-0.0735474,0,0,-5,-0.00315394,0.00774434,4.92645,4.92646,-0.00168517,0.0290356,-0.0278503,0,0,0
1780639917130681,41.8288,-0.0031428,0.00805726,-0.073822,0,0,-5,-0.0031428,0.00805726,4.92618,4.92619,-0.00230328,0.0304954,-0.0286533,0,0,0
1780639917146681,41.8448,-0.00314197,0.00830397,-0.0740356,0,0,-5,-0.00314197,0.00830397,4.92596,4.92597,-0.00251006,0.0325133,-0.0286279,0,0,0
1780639917170681,41.8688,-0.00315355,0.00870619,-0.0744019,0,0,-5,-0.00315355,0.00870619,4.9256,4.92561,-0.00276824,0.0320486,-0.0281566,0,0,0
1780639917186681,41.8848,-0.00317011,0.00898485,-0.074646,0,0,-5,-0.00317011,0.00898485,4.92535,4.92536,-0.0037854,0.0327142,-0.0272105,0,0,0
1780639917210681,41.9088,-0.00297349,0.00900611,-0.0745239,0,0,-5,-0.00297349,0.00900611,4.92548,4.92549,-0.00338868,0.0334769,-0.0261065,0,0,0
1780639917226681,41.9248,-0.00277251,0.00890419,-0.0743103,0,0,-5,-0.00277251,0.00890419,4.92569,4.9257,-0.00386177,0.0327746,-0.0261906,0,0,0
1780639917250681,41.9488,-0.00251108,0.00875618,-0.0740356,0,0,-5,-0.00251108,0.00875618,4.92596,4.92597,-0.00334104,0.0305149,-0.0249053,0,0,0
1780639917266681,41.9648,-0.0023368,0.00867963,-0.0738831,0,0,-5,-0.0023368,0.00867963,4.92612,4.92613,-0.00125218,0.0316603,-0.026062,0,0,0
1780639917290681,41.9888,-0.00205181,0.00865718,-0.0737,0,0,-5,-0.00205181,0.00865718,4.9263,4.92631,-0.00093286,0.0335521,-0.0259408,0,0,0
1780639917306681,42.0048,-0.00187344,0.00868335,-0.0736389,0,0,-5,-0.00187344,0.00868335,4.92636,4.92637,-0.000239008,0.0339586,-0.0261488,0,0,0
1780639917322681,42.0208,-0.00169023,0.008721,-0.0736084,0,0,-5,-0.00169023,0.008721,4.92639,4.9264,0.000742941,0.0329955,-0.0260037,0,0,0
1780639917346681,42.0448,-0.00142399,0.00882246,-0.0736389,0,0,-5,-0.00142399,0.00882246,4.92636,4.92637,-0.000122518,0.0339369,-0.0270781,0,0,0
1780639917370681,42.0688,-0.00118575,0.00897281,-0.073761,0,0,-5,-0.00118575,0.00897281,4.92624,4.92625,-5.06792e-05,0.0334884,-0.0268296,0,0,0
1780639917386681,42.0848,-0.00104316,0.0090845,-0.0738525,0,0,-5,-0.00104316,0.0090845,4.92615,4.92616,-0.00021816,0.0324001,-0.0275745,0,0,0
1780639917410681,42.1088,-0.000891614,0.00927685,-0.0740356,0,0,-5,-0.000891614,0.00927685,4.92596,4.92597,-0.00153572,0.0340955,-0.0302029,0,0,0
1780639917426681,42.1248,-0.00079521,0.00945562,-0.0742493,0,0,-5,-0.00079521,0.00945562,4.92575,4.92576,-0.00108239,0.035173,-0.0307554,0,0,0
1780639917450681,42.1488,-0.000662394,0.00977699,-0.0745544,0,0,-5,-0.000662394,0.00977699,4.92545,4.92546,-0.00207734,0.0365643,-0.0304647,0,0,0
1780639917466681,42.1648,-0.000584137,0.0100137,-0.0747986,0,0,-5,-0.000584137,0.0100137,4.9252,4.92521,-0.00154871,0.036372,-0.0306188,0,0,0
1780639917482681,42.1808,-0.000501462,0.0102695,-0.0750732,0,0,-5,-0.000501462,0.0102695,4.92493,4.92494,-0.00102349,0.0367935,-0.0302169,0,0,0
1780639917506681,42.2048,-0.000394782,0.0106676,-0.0755005,0,0,-5,-0.000394782,0.0106676,4.9245,4.92451,-0.00215633,0.0359033,-0.031393,0,0,0
1780639917530681,42.2288,-0.000329808,0.0110738,-0.0759888,0,0,-5,-0.000329808,0.0110738,4.92401,4.92402,-0.00342241,0.0350307,-0.031967,0,0,0
1780639917546842,42.2449,-0.000290561,0.0113454,-0.0763245,0,0,-5,-0.000290561,0.0113454,4.92368,4.92369,-0.00432145,0.0347198,-0.0312056,0,0,0
1780639917562842,42.2609,-0.000260413,0.011631,-0.0766602,0,0,-5,-0.000260413,0.011631,4.92334,4.92335,-0.00432632,0.0355933,-0.0305415,0,0,0
1780639917586842,42.2849,-0.000234219,0.0120799,-0.0772095,0,0,-5,-0.000234219,0.0120799,4.92279,4.92281,-0.00537377,0.0344225,-0.0339402,0,0,0
1780639917610842,42.3089,-0.000212171,0.0119305,-0.0772705,0,0,-5,-0.000212171,0.0119305,4.92273,4.92274,-0.00569022,0.0343754,-0.0337192,0,0,0
1780639917626842,42.3249,-0.000196285,0.0116706,-0.077179,0,0,-5,-0.000196285,0.0116706,4.92282,4.92283,-0.00565756,0.0345788,-0.0321418,0,0,0
1780639917650842,42.3489,-0.000188951,0.0113439,-0.0770264,0,0,-5,-0.000188951,0.0113439,4.92297,4.92299,-0.00610286,0.0329265,-0.0313406,0,0,0
1780639917666842,42.3649,-0.000196178,0.0111439,-0.0769653,0,0,-5,-0.000196178,0.0111439,4.92303,4.92305,-0.00634113,0.0321145,-0.0313032,0,0,0
1780639917690842,42.3889,-0.000249949,0.0108893,-0.0769653,0,0,-5,-0.000249949,0.0108893,4.92303,4.92305,-0.00725577,0.0320684,-0.0321853,0,0,0
1780639917706842,42.4049,-0.00031079,0.0107618,-0.0769958,0,0,-5,-0.00031079,0.0107618,4.923,4.92302,-0.0088166,0.0326621,-0.030938,0,0,0
1780639917730842,42.4289,-0.000426712,0.0106336,-0.0770264,0,0,-5,-0.000426712,0.0106336,4.92297,4.92299,-0.00869042,0.0326487,-0.0296996,0,0,0
1780639917746842,42.4449,-0.000507126,0.0105833,-0.0770874,0,0,-5,-0.000507126,0.0105833,4.92291,4.92292,-0.00841067,0.0334177,-0.0301244,0,0,0
1780639917770842,42.4689,-0.000615839,0.0105662,-0.07724,0,0,-5,-0.000615839,0.0105662,4.92276,4.92277,-0.00764804,0.0339219,-0.0316582,0,0,0
1780639917786842,42.4849,-0.000692892,0.0105917,-0.0773926,0,0,-5,-0.000692892,0.0105917,4.92261,4.92262,-0.00864924,0.0344378,-0.0324933,0,0,0
1780639917810842,42.5089,-0.000839826,0.0106646,-0.0776367,0,0,-5,-0.000839826,0.0106646,4.92236,4.92237,-0.00947533,0.033237,-0.0316793,0,0,0
1780639917826842,42.5249,-0.000960191,0.0107241,-0.0778198,0,0,-5,-0.000960191,0.0107241,4.92218,4.92219,-0.00997174,0.0342979,-0.0302046,0,0,0
1780639917850842,42.5489,-0.00116573,0.0108576,-0.078064,0,0,-5,-0.00116573,0.0108576,4.92194,4.92195,-0.0104213,0.0337799,-0.0307811,0,0,0
1780639917866842,42.5649,-0.00129527,0.0109734,-0.0782471,0,0,-5,-0.00129527,0.0109734,4.92175,4.92177,-0.00911591,0.0342473,-0.0311724,0,0,0
1780639917882842,42.5809,-0.0014227,0.0111132,-0.0784607,0,0,-5,-0.0014227,0.0111132,4.92154,4.92155,-0.010187,0.0340957,-0.0309948,0,0,0
1780639917906842,42.6049,-0.00163029,0.0113353,-0.0788269,0,0,-5,-0.00163029,0.0113353,4.92117,4.92119,-0.00946913,0.033794,-0.0301584,0,0,0
1780639917930842,42.6289,-0.00184585,0.011611,-0.0792236,0,0,-5,-0.00184585,0.011611,4.92078,4.92079,-0.0109839,0.0355845,-0.0303774,0,0,0
1780639917946842,42.6449,-0.00201106,0.0118522,-0.0794983,0,0,-5,-0.00201106,0.0118522,4.9205,4.92052,-0.0113104,0.0377669,-0.0309887,0,0,0
1780639917970842,42.6689,-0.00226116,0.0122702,-0.0799866,0,0,-5,-0.00226116,0.0122702,4.92001,4.92003,-0.0118032,0.039041,-0.0323195,0,0,0
1780639917986842,42.6849,-0.00243868,0.012579,-0.0802917,0,0,-5,-0.00243868,0.012579,4.91971,4.91972,-0.0125358,0.0388567,-0.0321054,0,0,0
1780639918010842,42.7089,-0.00250615,0.012678,-0.0805359,0,0,-5,-0.00250615,0.012678,4.91946,4.91948,-0.0122,0.039117,-0.032681,0,0,0
1780639918026842,42.7249,-0.00249942,0.0126533,-0.0806274,0,0,-5,-0.00249942,0.0126533,4.91937,4.91939,-0.0132237,0.038441,-0.0315815,0,0,0
1780639918050842,42.7489,-0.00252392,0.0126541,-0.0808105,0,0,-5,-0.00252392,0.0126541,4.91919,4.91921,-0.0134478,0.0386272,-0.0304653,0,0,0
1780639918066842,42.7649,-0.0025534,0.0127082,-0.0809326,0,0,-5,-0.0025534,0.0127082,4.91907,4.91908,-0.0134688,0.0395525,-0.0308772,0,0,0
1780639918090842,42.7889,-0.00262685,0.0128349,-0.0812073,0,0,-5,-0.00262685,0.0128349,4.91879,4.91881,-0.0141609,0.0390776,-0.0313634,0,0,0
1780639918106842,42.8049,-0.00268463,0.0129461,-0.0814209,0,0,-5,-0.00268463,0.0129461,4.91858,4.9186,-0.0142803,0.0395343,-0.0311556,0,0,0
1780639918130842,42.8289,-0.00278233,0.013175,-0.081665,0,0,-5,-0.00278233,0.013175,4.91833,4.91835,-0.0147263,0.0411142,-0.0310912,0,0,0
1780639918146842,42.8449,-0.00287813,0.0133598,-0.0818481,0,0,-5,-0.00287813,0.0133598,4.91815,4.91817,-0.0163616,0.0405791,-0.0306815,0,0,0
1780639918170842,42.8689,-0.0030496,0.013683,-0.0821838,0,0,-5,-0.0030496,0.013683,4.91782,4.91784,-0.0161447,0.0410872,-0.0318927,0,0,0
1780639918186842,42.8849,-0.00317669,0.0139304,-0.0824585,0,0,-5,-0.00317669,0.0139304,4.91754,4.91756,-0.0162729,0.0420665,-0.032412,0,0,0
1780639918210842,42.9089,-0.00340649,0.0143628,-0.0829163,0,0,-5,-0.00340649,0.0143628,4.91708,4.91711,-0.0182217,0.0437423,-0.0321052,0,0,0
1780639918226842,42.9249,-0.0035893,0.0146846,-0.083252,0,0,-5,-0.0035893,0.0146846,4.91675,4.91677,-0.0186455,0.0431561,-0.0308923,0,0,0
1780639918250842,42.9489,-0.00386691,0.0152106,-0.0836792,0,0,-5,-0.00386691,0.0152106,4.91632,4.91635,-0.0183122,0.0446567,-0.029075,0,0,0
1780639918266842,42.9649,-0.00405154,0.0155901,-0.0839844,0,0,-5,-0.00405154,0.0155901,4.91602,4.91604,-0.0179601,0.0454869,-0.0283394,0,0,0
1780639918290842,42.9889,-0.00432607,0.0162134,-0.0844421,0,0,-5,-0.00432607,0.0162134,4.91556,4.91559,-0.0179448,0.0453533,-0.0288467,0,0,0
1780639918306842,43.0049,-0.00453697,0.0166401,-0.0847473,0,0,-5,-0.00453697,0.0166401,4.91525,4.91528,-0.0199364,0.0454863,-0.0283271,0,0,0
1780639918330842,43.0289,-0.00487362,0.0173122,-0.0852051,0,0,-5,-0.00487362,0.0173122,4.91479,4.91483,-0.0196349,0.0461874,-0.0288125,0,0,0
1780639918346842,43.0449,-0.00510117,0.0177842,-0.0855103,0,0,-5,-0.00510117,0.0177842,4.91449,4.91452,-0.0190525,0.0457886,-0.0283936,0,0,0
1780639918370842,43.0689,-0.00543035,0.0185017,-0.085968,0,0,-5,-0.00543035,0.0185017,4.91403,4.91407,-0.0184729,0.0462855,-0.0286993,0,0,0
1780639918386842,43.0849,-0.00565393,0.019009,-0.0863342,0,0,-5,-0.00565393,0.019009,4.91367,4.91371,-0.0187936,0.0463249,-0.0286447,0,0,0
1780639918410842,43.1089,-0.00566514,0.0189532,-0.0863647,0,0,-5,-0.00566514,0.0189532,4.91364,4.91368,-0.0186232,0.0463863,-0.0288033,0,0,0
1780639918426842,43.1249,-0.00557398,0.0186968,-0.0862427,0,0,-5,-0.00557398,0.0186968,4.91376,4.9138,-0.0178775,0.0466542,-0.0281068,0,0,0
1780639918450842,43.1489,-0.00544998,0.0184034,-0.0860901,0,0,-5,-0.00544998,0.0184034,4.91391,4.91395,-0.0171999,0.0465956,-0.0271673,0,0,0
1780639918466842,43.1649,-0.00539224,0.0182579,-0.0859985,0,0,-5,-0.00539224,0.0182579,4.914,4.91404,-0.0182007,0.0462649,-0.0269164,0,0,0
1780639918490842,43.1889,-0.00537942,0.0181093,-0.0859375,0,0,-5,-0.00537942,0.0181093,4.91406,4.9141,-0.0194481,0.0462917,-0.026024,0,0,0
1780639918506842,43.2049,-0.00538809,0.0180676,-0.085907,0,0,-5,-0.00538809,0.0180676,4.91409,4.91413,-0.0185212,0.0469239,-0.0257857,0,0,0
1780639918530842,43.2289,-0.00541779,0.0180769,-0.085907,0,0,-5,-0.00541779,0.0180769,4.91409,4.91413,-0.0184968,0.0459016,-0.0254075,0,0,0
1780639918547006,43.2451,-0.00546521,0.0181052,-0.0859375,0,0,-5,-0.00546521,0.0181052,4.91406,4.9141,-0.0183246,0.0450317,-0.0247286,0,0,0
1780639918571006,43.2691,-0.00555419,0.0182004,-0.0859985,0,0,-5,-0.00555419,0.0182004,4.914,4.91404,-0.0184462,0.0454592,-0.0248756,0,0,0
1780639918587006,43.2851,-0.00562899,0.0183069,-0.0860291,0,0,-5,-0.00562899,0.0183069,4.91397,4.91401,-0.0181704,0.044991,-0.0250265,0,0,0
1780639918611006,43.3091,-0.00573909,0.0185295,-0.0861816,0,0,-5,-0.00573909,0.0185295,4.91382,4.91386,-0.0163849,0.0463446,-0.0254994,0,0,0
1780639918627006,43.3251,-0.00580724,0.0187142,-0.0862732,0,0,-5,-0.00580724,0.0187142,4.91373,4.91377,-0.0163433,0.0465153,-0.0260949,0,0,0
1780639918651006,43.3491,-0.00593281,0.0190499,-0.0864563,0,0,-5,-0.00593281,0.0190499,4.91354,4.91358,-0.0171392,0.0462862,-0.0257392,0,0,0
1780639918667006,43.3651,-0.00603992,0.0193091,-0.0866089,0,0,-5,-0.00603992,0.0193091,4.91339,4.91343,-0.017405,0.0472634,-0.0251292,0,0,0
1780639918691006,43.3891,-0.00624005,0.0197397,-0.0868225,0,0,-5,-0.00624005,0.0197397,4.91318,4.91322,-0.0177441,0.0474567,-0.0255627,0,0,0
1780639918707006,43.4051,-0.00637768,0.0200542,-0.0869751,0,0,-5,-0.00637768,0.0200542,4.91302,4.91307,-0.0164381,0.0476297,-0.0256744,0,0,0
1780639918731006,43.4291,-0.00655988,0.0205788,-0.0872498,0,0,-5,-0.00655988,0.0205788,4.91275,4.9128,-0.015362,0.0485997,-0.02528,0,0,0
1780639918747006,43.4451,-0.00669027,0.0209752,-0.0874329,0,0,-5,-0.00669027,0.0209752,4.91257,4.91262,-0.0153196,0.0503354,-0.024643,0,0,0
1780639918763006,43.4611,-0.00682085,0.0214189,-0.087616,0,0,-5,-0.00682085,0.0214189,4.91238,4.91244,-0.0156197,0.0510701,-0.0237608,0,0,0
1780639918787006,43.4851,-0.00704123,0.0221319,-0.0878906,0,0,-5,-0.00704123,0.0221319,4.91211,4.91216,-0.0163265,0.0520333,-0.0230565,0,0,0
1780639918811006,43.5091,-0.00694724,0.0220382,-0.0875244,0,0,-5,-0.00694724,0.0220382,4.91248,4.91253,-0.0159226,0.0515738,-0.0217798,0,0,0
1780639918827006,43.5251,-0.00679592,0.0217435,-0.0870972,0,0,-5,-0.00679592,0.0217435,4.9129,4.91296,-0.0155447,0.0522124,-0.0219537,0,0,0
1780639918851006,43.5491,-0.00661728,0.0214179,-0.0865784,0,0,-5,-0.00661728,0.0214179,4.91342,4.91347,-0.0166248,0.0517706,-0.0206023,0,0,0
1780639918867006,43.5651,-0.00653635,0.0212521,-0.0863037,0,0,-5,-0.00653635,0.0212521,4.9137,4.91375,-0.0168855,0.0513011,-0.0213868,0,0,0
1780639918891006,43.5891,-0.00645892,0.0211012,-0.0859375,0,0,-5,-0.00645892,0.0211012,4.91406,4.91411,-0.0181941,0.052493,-0.0209506,0,0,0
1780639918907006,43.6051,-0.00642818,0.0210522,-0.0857239,0,0,-5,-0.00642818,0.0210522,4.91428,4.91433,-0.016799,0.0512383,-0.0200701,0,0,0
1780639918931006,43.6291,-0.00640343,0.0210342,-0.0854492,0,0,-5,-0.00640343,0.0210342,4.91455,4.9146,-0.0175233,0.0505433,-0.0189931,0,0,0
1780639918947006,43.6451,-0.00640999,0.0210646,-0.0852661,0,0,-5,-0.00640999,0.0210646,4.91473,4.91478,-0.0179727,0.0513653,-0.0183558,0,0,0
1780639918971006,43.6691,-0.00646008,0.0211648,-0.0850525,0,0,-5,-0.00646008,0.0211648,4.91495,4.915,-0.0176194,0.0483161,-0.0182295,0,0,0
1780639918987006,43.6851,-0.00648423,0.0212437,-0.0849609,0,0,-5,-0.00648423,0.0212437,4.91504,4.91509,-0.0165637,0.0488031,-0.0174298,0,0,0
1780639919011006,43.7091,-0.00653645,0.0214499,-0.0848083,0,0,-5,-0.00653645,0.0214499,4.91519,4.91524,-0.0170774,0.0490957,-0.0171264,0,0,0
1780639919027006,43.7251,-0.0065928,0.0216139,-0.0847168,0,0,-5,-0.0065928,0.0216139,4.91528,4.91534,-0.0169424,0.048329,-0.0177631,0,0,0
1780639919051006,43.7491,-0.0067045,0.0219323,-0.0846863,0,0,-5,-0.0067045,0.0219323,4.91531,4.91537,-0.0166512,0.0496425,-0.0178724,0,0,0
1780639919067006,43.7651,-0.00679844,0.0221767,-0.0846558,0,0,-5,-0.00679844,0.0221767,4.91534,4.9154,-0.0186916,0.0494048,-0.0175528,0,0,0
1780639919091006,43.7891,-0.00699351,0.0226082,-0.0845947,0,0,-5,-0.00699351,0.0226082,4.91541,4.91546,-0.01896,0.0497732,-0.0163196,0,0,0
1780639919107006,43.8051,-0.00713824,0.0229315,-0.0845642,0,0,-5,-0.00713824,0.0229315,4.91544,4.91549,-0.0192742,0.0504339,-0.0154559,0,0,0
1780639919131006,43.8291,-0.0073786,0.0234254,-0.0845032,0,0,-5,-0.0073786,0.0234254,4.9155,4.91556,-0.0188636,0.0498801,-0.0145355,0,0,0
1780639919147006,43.8451,-0.0075404,0.0237748,-0.0844727,0,0,-5,-0.0075404,0.0237748,4.91553,4.91559,-0.0184568,0.0499244,-0.0149578,0,0,0
1780639919171006,43.8691,-0.00777951,0.0243517,-0.0844421,0,0,-5,-0.00777951,0.0243517,4.91556,4.91562,-0.0179772,0.0497916,-0.0138564,0,0,0
1780639919187006,43.8851,-0.00794673,0.0247537,-0.0844421,0,0,-5,-0.00794673,0.0247537,4.91556,4.91563,-0.017861,0.0498747,-0.0126616,0,0,0
1780639919211006,43.9091,-0.00751482,0.0244503,-0.0838928,0,0,-5,-0.00751482,0.0244503,4.91611,4.91617,-0.017431,0.0494027,-0.0127408,0,0,0
1780639919227006,43.9251,-0.00704208,0.0239997,-0.0833435,0,0,-5,-0.00704208,0.0239997,4.91666,4.91672,-0.0180364,0.0490659,-0.0120945,0,0,0
1780639919251006,43.9491,-0.0064099,0.0234357,-0.0825806,0,0,-5,-0.0064099,0.0234357,4.91742,4.91748,-0.017593,0.0486807,-0.0117305,0,0,0
1780639919267006,43.9651,-0.00603618,0.0231125,-0.0821533,0,0,-5,-0.00603618,0.0231125,4.91785,4.9179,-0.0164808,0.0490286,-0.0122782,0,0,0
1780639919291006,43.9891,-0.005546,0.022733,-0.0815735,0,0,-5,-0.005546,0.022733,4.91843,4.91848,-0.0180958,0.0493211,-0.0150525,0,0,0
1780639919307006,44.0051,-0.00526427,0.0225463,-0.0812683,0,0,-5,-0.00526427,0.0225463,4.91873,4.91879,-0.0171577,0.049371,-0.0147338,0,0,0
1780639919331006,44.0291,-0.00486877,0.0223624,-0.0808411,0,0,-5,-0.00486877,0.0223624,4.91916,4.91921,-0.0162385,0.0491051,-0.0147095,0,0,0
1780639919347006,44.0451,-0.00462455,0.0222825,-0.0805969,0,0,-5,-0.00462455,0.0222825,4.9194,4.91946,-0.0161102,0.0489018,-0.015308,0,0,0
1780639919371006,44.0691,-0.00431987,0.0222152,-0.0803528,0,0,-5,-0.00431987,0.0222152,4.91965,4.9197,-0.0164906,0.0474096,-0.0159338,0,0,0
1780639919387006,44.0851,-0.0041515,0.0222146,-0.0802002,0,0,-5,-0.0041515,0.0222146,4.9198,4.91985,-0.0177871,0.0479923,-0.0161128,0,0,0
1780639919411006,44.1091,-0.00395914,0.0222956,-0.0800476,0,0,-5,-0.00395914,0.0222956,4.91995,4.92,-0.0186988,0.0485128,-0.0159575,0,0,0
1780639919427006,44.1251,-0.00385782,0.0223964,-0.0799561,0,0,-5,-0.00385782,0.0223964,4.92004,4.9201,-0.0187576,0.0482629,-0.0157614,0,0,0
1780639919451006,44.1491,-0.00374167,0.022579,-0.0798645,0,0,-5,-0.00374167,0.022579,4.92014,4.92019,-0.0192608,0.0461851,-0.0146186,0,0,0
1780639919467006,44.1651,-0.00369263,0.0227361,-0.079834,0,0,-5,-0.00369263,0.0227361,4.92017,4.92022,-0.0187728,0.0479296,-0.0149293,0,0,0
1780639919491006,44.1891,-0.00365374,0.0230598,-0.0798035,0,0,-5,-0.00365374,0.0230598,4.9202,4.92025,-0.0187835,0.0490142,-0.0163001,0,0,0
1780639919507006,44.2051,-0.00364828,0.0233235,-0.079834,0,0,-5,-0.00364828,0.0233235,4.92017,4.92022,-0.019563,0.0494241,-0.0163425,0,0,0
1780639919531006,44.2291,-0.00370605,0.0237809,-0.0798645,0,0,-5,-0.00370605,0.0237809,4.92014,4.92019,-0.0212146,0.0494442,-0.0166925,0,0,0
1780639919547006,44.2451,-0.00377957,0.024111,-0.0799255,0,0,-5,-0.00377957,0.024111,4.92007,4.92013,-0.0216228,0.0499498,-0.0168027,0,0,0
1780639919571175,44.2693,-0.00392073,0.0246785,-0.0799866,0,0,-5,-0.00392073,0.0246785,4.92001,4.92008,-0.022011,0.0511021,-0.0154671,0,0,0
1780639919587175,44.2853,-0.00405452,0.0250973,-0.0800476,0,0,-5,-0.00405452,0.0250973,4.91995,4.92002,-0.0234348,0.0519119,-0.0146686,0,0,0
1780639919611175,44.3093,-0.0038005,0.0252104,-0.0796509,0,0,-5,-0.0038005,0.0252104,4.92035,4.92042,-0.0240665,0.0532203,-0.0141748,0,0,0
1780639919627175,44.3253,-0.0035059,0.0251542,-0.0792847,0,0,-5,-0.0035059,0.0251542,4.92072,4.92078,-0.0239095,0.0539287,-0.0135306,0,0,0
1780639919651175,44.3493,-0.00311911,0.0251593,-0.0787964,0,0,-5,-0.00311911,0.0251593,4.9212,4.92127,-0.0229799,0.0532962,-0.0141736,0,0,0
1780639919667175,44.3653,-0.00289053,0.0252089,-0.0784912,0,0,-5,-0.00289053,0.0252089,4.92151,4.92157,-0.0226064,0.0528938,-0.0141995,0,0,0
1780639919691175,44.3893,-0.00257754,0.025347,-0.078125,0,0,-5,-0.00257754,0.025347,4.92188,4.92194,-0.0217093,0.0521903,-0.015068,0,0,0
1780639919707175,44.4053,-0.00238478,0.0254816,-0.0779114,0,0,-5,-0.00238478,0.0254816,4.92209,4.92216,-0.0216191,0.0521632,-0.0144804,0,0,0
1780639919731175,44.4293,-0.00214506,0.0257527,-0.0776367,0,0,-5,-0.00214506,0.0257527,4.92236,4.92243,-0.0209414,0.0517188,-0.0152474,0,0,0
1780639919747175,44.4453,-0.00201311,0.0259666,-0.0775146,0,0,-5,-0.00201311,0.0259666,4.92249,4.92255,-0.0217527,0.0520368,-0.0161792,0,0,0
1780639919771175,44.4693,-0.00184545,0.0263553,-0.0773621,0,0,-5,-0.00184545,0.0263553,4.92264,4.92271,-0.0193794,0.0517217,-0.0155252,0,0,0
1780639919787175,44.4853,-0.00174632,0.0266481,-0.077301,0,0,-5,-0.00174632,0.0266481,4.9227,4.92277,-0.0206245,0.0523228,-0.0156488,0,0,0
1780639919811175,44.5093,-0.00164564,0.0271527,-0.0772095,0,0,-5,-0.00164564,0.0271527,4.92279,4.92287,-0.0205632,0.0524882,-0.0153639,0,0,0
1780639919827175,44.5253,-0.00161115,0.027526,-0.077179,0,0,-5,-0.00161115,0.027526,4.92282,4.9229,-0.0211984,0.0523762,-0.0143045,0,0,0
1780639919851175,44.5493,-0.00158105,0.0281459,-0.0771179,0,0,-5,-0.00158105,0.0281459,4.92288,4.92296,-0.0212956,0.0559583,-0.0135793,0,0,0
1780639919867175,44.5653,-0.00158657,0.0286177,-0.0770569,0,0,-5,-0.00158657,0.0286177,4.92294,4.92303,-0.0214614,0.0557727,-0.013177,0,0,0
1780639919891175,44.5893,-0.00161436,0.0293539,-0.0769653,0,0,-5,-0.00161436,0.0293539,4.92303,4.92312,-0.0209142,0.0547663,-0.0138416,0,0,0
1780639919907175,44.6053,-0.00165617,0.0298646,-0.0769043,0,0,-5,-0.00165617,0.0298646,4.9231,4.92319,-0.02085,0.0551351,-0.0126459,0,0,0
1780639919931175,44.6293,-0.00175305,0.0306605,-0.0768738,0,0,-5,-0.00175305,0.0306605,4.92313,4.92322,-0.0212314,0.0548473,-0.0141318,0,0,0
1780639919947175,44.6453,-0.00183448,0.0312166,-0.0768433,0,0,-5,-0.00183448,0.0312166,4.92316,4.92326,-0.0205012,0.0549845,-0.0135536,0,0,0
1780639919971175,44.6693,-0.00196094,0.0321115,-0.0768738,0,0,-5,-0.00196094,0.0321115,4.92313,4.92323,-0.0199978,0.0571146,-0.0150247,0,0,0
1780639919987175,44.6853,-0.00209033,0.0327571,-0.0769043,0,0,-5,-0.00209033,0.0327571,4.9231,4.92321,-0.0198203,0.0581718,-0.0147688,0,0,0
1780639920011175,44.7093,-0.00139398,0.032615,-0.0764465,0,0,-5,-0.00139398,0.032615,4.92355,4.92366,-0.018483,0.0586417,-0.0134803,0,0,0
1780639920027175,44.7253,-0.000671957,0.0322152,-0.0760193,0,0,-5,-0.000671957,0.0322152,4.92398,4.92409,-0.0185259,0.0586228,-0.0141358,0,0,0
1780639920051175,44.7493,0.000318003,0.0317504,-0.0754395,0,0,-5,0.000318003,0.0317504,4.92456,4.92466,-0.0181085,0.0589032,-0.0136854,0,0,0
1780639920067175,44.7653,0.000933092,0.0315142,-0.0750732,0,0,-5,0.000933092,0.0315142,4.92493,4.92503,-0.0172565,0.05858,-0.0125792,0,0,0
1780639920091175,44.7893,0.00178272,0.03127,-0.0745239,0,0,-5,0.00178272,0.03127,4.92548,4.92558,-0.0163907,0.0584322,-0.0111214,0,0,0
1780639920107175,44.8053,0.00231259,0.0311705,-0.0741882,0,0,-5,0.00231259,0.0311705,4.92581,4.92591,-0.0163698,0.0584747,-0.0114157,0,0,0
1780639920131175,44.8293,0.00301169,0.0310967,-0.0737,0,0,-5,0.00301169,0.0310967,4.9263,4.9264,-0.0181623,0.057571,-0.00977624,0,0,0
1780639920147175,44.8453,0.00340976,0.0310855,-0.0733948,0,0,-5,0.00340976,0.0310855,4.92661,4.9267,-0.018877,0.0564963,-0.00828221,0,0,0
1780639920171175,44.8693,0.00391909,0.0311455,-0.072937,0,0,-5,0.00391909,0.0311455,4.92706,4.92716,-0.0194347,0.0569004,-0.00824881,0,0,0
1780639920187175,44.8853,0.0042244,0.031241,-0.0726624,0,0,-5,0.0042244,0.031241,4.92734,4.92744,-0.0191159,0.0565237,-0.00797181,0,0,0
1780639920211175,44.9093,0.00465022,0.031475,-0.0722961,0,0,-5,0.00465022,0.031475,4.9277,4.92781,-0.0182321,0.058375,-0.00842106,0,0,0
1780639920227175,44.9253,0.00489248,0.0317078,-0.0720825,0,0,-5,0.00489248,0.0317078,4.92792,4.92802,-0.0190648,0.0594211,-0.00727668,0,0,0
1780639920251175,44.9493,0.00519479,0.0321364,-0.0717163,0,0,-5,0.00519479,0.0321364,4.92828,4.92839,-0.0194531,0.0590915,-0.00729621,0,0,0
1780639920267175,44.9653,0.00535229,0.0324616,-0.0715027,0,0,-5,0.00535229,0.0324616,4.9285,4.92861,-0.0202905,0.0598148,-0.00726151,0,0,0
1780639920291175,44.9893,0.00554596,0.0330209,-0.0712585,0,0,-5,0.00554596,0.0330209,4.92874,4.92886,-0.019399,0.0599023,-0.0090582,0,0,0
1780639920307175,45.0053,0.00565713,0.0334296,-0.071106,0,0,-5,0.00565713,0.0334296,4.92889,4.92901,-0.0187807,0.059523,-0.00940986,0,0,0
1780639920331175,45.0293,0.00578682,0.0340901,-0.0709534,0,0,-5,0.00578682,0.0340901,4.92905,4.92917,-0.0194498,0.0596732,-0.0109448,0,0,0
1780639920347175,45.0453,0.00585071,0.0345633,-0.0708923,0,0,-5,0.00585071,0.0345633,4.92911,4.92923,-0.0189672,0.0595478,-0.010376,0,0,0
1780639920371175,45.0693,0.00591803,0.0353587,-0.0708008,0,0,-5,0.00591803,0.0353587,4.9292,4.92933,-0.0181209,0.0624917,-0.0110086,0,0,0
1780639920387175,45.0853,0.00595284,0.0359373,-0.0707397,0,0,-5,0.00595284,0.0359373,4.92926,4.92939,-0.0177004,0.0615767,-0.0111045,0,0,0
1780639920411175,45.1093,0.00622744,0.0355661,-0.070343,0,0,-5,0.00622744,0.0355661,4.92966,4.92979,-0.0187989,0.0605158,-0.0108608,0,0,0
1780639920427175,45.1253,0.0064636,0.0349662,-0.0700378,0,0,-5,0.0064636,0.0349662,4.92996,4.93009,-0.0171588,0.0599881,-0.0112416,0,0,0
1780639920451175,45.1493,0.00678225,0.0342073,-0.0696106,0,0,-5,0.00678225,0.0342073,4.93039,4.93051,-0.0177666,0.0600758,-0.0124365,0,0,0
1780639920467175,45.1653,0.00696003,0.0338005,-0.069397,0,0,-5,0.00696003,0.0338005,4.9306,4.93072,-0.0169153,0.060144,-0.0134972,0,0,0
1780639920491175,45.1893,0.00719186,0.033304,-0.0691223,0,0,-5,0.00719186,0.033304,4.93088,4.931,-0.0181591,0.0590108,-0.0137163,0,0,0
1780639920507175,45.2053,0.00730463,0.0330483,-0.0690002,0,0,-5,0.00730463,0.0330483,4.931,4.93112,-0.0185846,0.058981,-0.0143273,0,0,0
1780639920531175,45.2293,0.00742539,0.0327637,-0.0688477,0,0,-5,0.00742539,0.0327637,4.93115,4.93127,-0.0186008,0.057771,-0.0146775,0,0,0
1780639920547175,45.2453,0.00746965,0.032637,-0.0688171,0,0,-5,0.00746965,0.032637,4.93118,4.9313,-0.0202831,0.0581131,-0.015721,0,0,0
1780639920571345,45.2694,0.00748577,0.0325587,-0.0687866,0,0,-5,0.00748577,0.0325587,4.93121,4.93133,-0.0203734,0.0594527,-0.0167841,0,0,0
1780639920587345,45.2854,0.00747104,0.0325905,-0.0688171,0,0,-5,0.00747104,0.0325905,4.93118,4.9313,-0.0205158,0.06064,-0.0170135,0,0,0
1780639920611345,45.3094,0.00741685,0.0327396,-0.0688477,0,0,-5,0.00741685,0.0327396,4.93115,4.93127,-0.0207748,0.0600373,-0.0140442,0,0,0
1780639920627345,45.3254,0.00736505,0.0328934,-0.0688477,0,0,-5,0.00736505,0.0328934,4.93115,4.93127,-0.020468,0.0613366,-0.0133406,0,0,0
1780639920651345,45.3494,0.00727974,0.0332186,-0.0689087,0,0,-5,0.00727974,0.0332186,4.93109,4.93121,-0.019499,0.0616672,-0.0131511,0,0,0
1780639920667345,45.3654,0.00719878,0.0334892,-0.0689392,0,0,-5,0.00719878,0.0334892,4.93106,4.93118,-0.0211473,0.0620364,-0.0131932,0,0,0
1780639920683345,45.3814,0.00707494,0.0338021,-0.0690002,0,0,-5,0.00707494,0.0338021,4.931,4.93112,-0.0225023,0.061685,-0.012758,0,0,0
1780639920707345,45.4054,0.00683887,0.0343394,-0.0691223,0,0,-5,0.00683887,0.0343394,4.93088,4.931,-0.0217854,0.0624829,-0.0136104,0,0,0
1780639920731345,45.4294,0.00656053,0.0349743,-0.0692749,0,0,-5,0.00656053,0.0349743,4.93073,4.93085,-0.0236376,0.0621946,-0.0127211,0,0,0
1780639920747345,45.4454,0.00633944,0.0354241,-0.069397,0,0,-5,0.00633944,0.0354241,4.9306,4.93073,-0.0242624,0.0616458,-0.0124965,0,0,0
1780639920771345,45.4694,0.00594574,0.0361249,-0.0696106,0,0,-5,0.00594574,0.0361249,4.93039,4.93053,-0.0274868,0.0602778,-0.0137041,0,0,0
1780639920787345,45.4854,0.00564415,0.0366264,-0.0697937,0,0,-5,0.00564415,0.0366264,4.93021,4.93035,-0.0279554,0.0607161,-0.0152009,0,0,0
1780639920811345,45.5094,0.00563566,0.0356125,-0.0696411,0,0,-5,0.00563566,0.0356125,4.93036,4.93049,-0.0290131,0.0586284,-0.0153019,0,0,0
1780639920827345,45.5254,0.00574846,0.0344372,-0.0694275,0,0,-5,0.00574846,0.0344372,4.93057,4.9307,-0.0288754,0.0578608,-0.0137945,0,0,0
1780639920851345,45.5494,0.00588103,0.0328666,-0.0691223,0,0,-5,0.00588103,0.0328666,4.93088,4.93099,-0.0290147,0.0570057,-0.0134481,0,0,0
1780639920867345,45.5654,0.00592001,0.0319175,-0.0689392,0,0,-5,0.00592001,0.0319175,4.93106,4.93117,-0.0302789,0.0553302,-0.0132554,0,0,0
1780639920891345,45.5894,0.00592628,0.030622,-0.0687256,0,0,-5,0.00592628,0.030622,4.93127,4.93137,-0.0303852,0.052492,-0.0129931,0,0,0
1780639920907345,45.6054,0.00588504,0.0298362,-0.0686035,0,0,-5,0.00588504,0.0298362,4.9314,4.93149,-0.031104,0.0520871,-0.0119394,0,0,0
1780639920931345,45.6294,0.00577703,0.0288032,-0.0684204,0,0,-5,0.00577703,0.0288032,4.93158,4.93167,-0.0305949,0.0511591,-0.0117717,0,0,0
1780639920947345,45.6454,0.00567327,0.0281898,-0.0683594,0,0,-5,0.00567327,0.0281898,4.93164,4.93172,-0.0316034,0.0507778,-0.0111213,0,0,0
1780639920971345,45.6694,0.0054545,0.0274109,-0.0682678,0,0,-5,0.0054545,0.0274109,4.93173,4.93181,-0.0319447,0.0519685,-0.0118678,0,0,0
1780639920987345,45.6854,0.00527609,0.0269762,-0.0682678,0,0,-5,0.00527609,0.0269762,4.93173,4.93181,-0.0324992,0.0513604,-0.0127578,0,0,0
1780639921011345,45.7094,0.00493809,0.0264426,-0.0682983,0,0,-5,0.00493809,0.0264426,4.9317,4.93178,-0.0331037,0.0514677,-0.0130532,0,0,0
1780639921027345,45.7254,0.00470237,0.02616,-0.0682983,0,0,-5,0.00470237,0.02616,4.9317,4.93177,-0.0320458,0.0513432,-0.0117747,0,0,0
1780639921051345,45.7494,0.00433024,0.0258281,-0.0682678,0,0,-5,0.00433024,0.0258281,4.93173,4.9318,-0.0319062,0.0501032,-0.0103386,0,0,0
1780639921067345,45.7654,0.00407254,0.0256671,-0.0682678,0,0,-5,0.00407254,0.0256671,4.93173,4.9318,-0.0308728,0.0514093,-0.00882171,0,0,0
1780639921083345,45.7814,0.00381045,0.0255749,-0.0682678,0,0,-5,0.00381045,0.0255749,4.93173,4.9318,-0.0312366,0.0515102,-0.00971605,0,0,0
1780639921107345,45.8054,0.00338527,0.0255069,-0.0682373,0,0,-5,0.00338527,0.0255069,4.93176,4.93183,-0.0319295,0.0500866,-0.0104171,0,0,0
1780639921123345,45.8214,0.0030552,0.025511,-0.0682373,0,0,-5,0.0030552,0.025511,4.93176,4.93183,-0.0341726,0.0505836,-0.0107795,0,0,0
1780639921147345,45.8454,0.00251593,0.025609,-0.0682983,0,0,-5,0.00251593,0.025609,4.9317,4.93177,-0.036635,0.0491724,-0.0114789,0,0,0
1780639921171345,45.8694,0.00188708,0.0257524,-0.0683899,0,0,-5,0.00188708,0.0257524,4.93161,4.93168,-0.0378843,0.0479854,-0.0123142,0,0,0
1780639921187345,45.8854,0.00146017,0.0258993,-0.0684814,0,0,-5,0.00146017,0.0258993,4.93152,4.93159,-0.0372463,0.0483837,-0.0124603,0,0,0
1780639921211345,45.9094,0.00132709,0.0253842,-0.0682983,0,0,-5,0.00132709,0.0253842,4.9317,4.93177,-0.037934,0.047789,-0.0129003,0,0,0
1780639921227345,45.9254,0.00137138,0.0248558,-0.0680542,0,0,-5,0.00137138,0.0248558,4.93195,4.93201,-0.0379883,0.047778,-0.0118186,0,0,0
1780639921251345,45.9494,0.00137778,0.0241849,-0.0676575,0,0,-5,0.00137778,0.0241849,4.93234,4.9324,-0.0380118,0.0475365,-0.0108644,0,0,0
1780639921267345,45.9654,0.00133782,0.0238227,-0.0674133,0,0,-5,0.00133782,0.0238227,4.93259,4.93264,-0.0385041,0.0480362,-0.0108797,0,0,0
1780639921291345,45.9894,0.00126943,0.0233637,-0.0671082,0,0,-5,0.00126943,0.0233637,4.93289,4.93295,-0.03831,0.0476431,-0.0114712,0,0,0
1780639921307345,46.0054,0.00118594,0.023129,-0.0669556,0,0,-5,0.00118594,0.023129,4.93304,4.9331,-0.0385663,0.0477964,-0.0129881,0,0,0
1780639921331345,46.0294,0.000999858,0.0228667,-0.066803,0,0,-5,0.000999858,0.0228667,4.9332,4.93325,-0.038803,0.0473282,-0.0118172,0,0,0
1780639921347345,46.0454,0.000838455,0.0227552,-0.0667114,0,0,-5,0.000838455,0.0227552,4.93329,4.93334,-0.0389411,0.0469836,-0.012037,0,0,0
1780639921371345,46.0694,0.000570071,0.0226519,-0.0666199,0,0,-5,0.000570071,0.0226519,4.93338,4.93343,-0.0380705,0.0464056,-0.0118566,0,0,0
1780639921387345,46.0854,0.000368468,0.0226471,-0.0665588,0,0,-5,0.000368468,0.0226471,4.93344,4.93349,-0.0381489,0.0466393,-0.0116676,0,0,0
1780639921411345,46.1094,2.89019e-05,0.0226978,-0.0664978,0,0,-5,2.89019e-05,0.0226978,4.9335,4.93355,-0.0378363,0.045658,-0.0118174,0,0,0
1780639921427345,46.1254,-0.000251958,0.0227781,-0.0664673,0,0,-5,-0.000251958,0.0227781,4.93353,4.93359,-0.0379888,0.0456181,-0.0125306,0,0,0
1780639921451345,46.1494,-0.000725556,0.0229512,-0.0664978,0,0,-5,-0.000725556,0.0229512,4.9335,4.93356,-0.0389877,0.0449345,-0.0119285,0,0,0
1780639921467345,46.1654,-0.00108766,0.0231144,-0.0664978,0,0,-5,-0.00108766,0.0231144,4.9335,4.93356,-0.0412277,0.0454564,-0.0112637,0,0,0
1780639921491345,46.1894,-0.00170635,0.0234074,-0.0665283,0,0,-5,-0.00170635,0.0234074,4.93347,4.93353,-0.0428584,0.0446632,-0.0117326,0,0,0
1780639921507345,46.2054,-0.00214901,0.0236318,-0.0665588,0,0,-5,-0.00214901,0.0236318,4.93344,4.9335,-0.0434543,0.0443934,-0.0115693,0,0,0
1780639921531345,46.2294,-0.00284622,0.0240334,-0.0665894,0,0,-5,-0.00284622,0.0240334,4.93341,4.93347,-0.0431804,0.0448575,-0.0101978,0,0,0
1780639921547345,46.2454,-0.00332717,0.0243344,-0.0666504,0,0,-5,-0.00332717,0.0243344,4.93335,4.93341,-0.0435732,0.044604,-0.0106762,0,0,0
1780639921571345,46.2694,-0.00409946,0.0248406,-0.0666809,0,0,-5,-0.00409946,0.0248406,4.93332,4.93338,-0.043653,0.0447518,-0.0089225,0,0,0
1780639921587521,46.2856,-0.00462934,0.0252183,-0.0667114,0,0,-5,-0.00462934,0.0252183,4.93329,4.93336,-0.0429224,0.0449681,-0.00931086,0,0,0
1780639921611521,46.3096,-0.0047143,0.0246735,-0.0662842,0,0,-5,-0.0047143,0.0246735,4.93372,4.93378,-0.0417725,0.0437949,-0.0104839,0,0,0
1780639921627521,46.3256,-0.00458616,0.0239933,-0.0658875,0,0,-5,-0.00458616,0.0239933,4.93411,4.93417,-0.0426918,0.0427951,-0.0113104,0,0,0
1780639921651521,46.3496,-0.00447233,0.0230821,-0.0653687,0,0,-5,-0.00447233,0.0230821,4.93463,4.93469,-0.0428338,0.0416597,-0.0124959,0,0,0
1780639921667521,46.3656,-0.00444776,0.0225461,-0.0650635,0,0,-5,-0.00444776,0.0225461,4.93494,4.93499,-0.0432856,0.0406312,-0.0122893,0,0,0
1780639921691521,46.3896,-0.00448269,0.0218526,-0.0646667,0,0,-5,-0.00448269,0.0218526,4.93533,4.93538,-0.0422433,0.0410499,-0.0133538,0,0,0
1780639921707521,46.4056,-0.00452633,0.0214731,-0.0644226,0,0,-5,-0.00452633,0.0214731,4.93558,4.93563,-0.0422409,0.0417503,-0.0139224,0,0,0
1780639921731521,46.4296,-0.00465963,0.0210113,-0.0641174,0,0,-5,-0.00465963,0.0210113,4.93588,4.93593,-0.0422751,0.0418015,-0.0146466,0,0,0
1780639921747521,46.4456,-0.00478624,0.0207708,-0.0639648,0,0,-5,-0.00478624,0.0207708,4.93604,4.93608,-0.0422992,0.0419666,-0.0146353,0,0,0
1780639921763521,46.4616,-0.00494677,0.0205688,-0.0638123,0,0,-5,-0.00494677,0.0205688,4.93619,4.93623,-0.0427986,0.0407039,-0.0141953,0,0,0
1780639921787521,46.4856,-0.00522746,0.0203312,-0.0635986,0,0,-5,-0.00522746,0.0203312,4.9364,4.93645,-0.0416831,0.0406154,-0.0119848,0,0,0
1780639921811521,46.5096,-0.00555013,0.0201784,-0.063385,0,0,-5,-0.00555013,0.0201784,4.93661,4.93666,-0.0412321,0.0398457,-0.0114909,0,0,0
1780639921827521,46.5256,-0.00579143,0.0201153,-0.0632629,0,0,-5,-0.00579143,0.0201153,4.93674,4.93678,-0.0414321,0.039205,-0.0119291,0,0,0
1780639921851521,46.5496,-0.00618281,0.0200866,-0.0631104,0,0,-5,-0.00618281,0.0200866,4.93689,4.93693,-0.040698,0.0383534,-0.0124534,0,0,0
1780639921867521,46.5656,-0.00646823,0.0200984,-0.0630493,0,0,-5,-0.00646823,0.0200984,4.93695,4.937,-0.0409655,0.0383758,-0.0130487,0,0,0
1780639921891521,46.5896,-0.00694759,0.0201747,-0.0629883,0,0,-5,-0.00694759,0.0201747,4.93701,4.93706,-0.0417007,0.0376785,-0.0131834,0,0,0
1780639921907521,46.6056,-0.00729101,0.0202605,-0.0629272,0,0,-5,-0.00729101,0.0202605,4.93707,4.93712,-0.0407416,0.037833,-0.0127238,0,0,0
1780639921931521,46.6296,-0.00779885,0.0204513,-0.0629272,0,0,-5,-0.00779885,0.0204513,4.93707,4.93712,-0.0403796,0.038212,-0.0133324,0,0,0
1780639921947521,46.6456,-0.00815915,0.02061,-0.0629272,0,0,-5,-0.00815915,0.02061,4.93707,4.93712,-0.0401578,0.0366228,-0.0134084,0,0,0
1780639921971521,46.6696,-0.00871445,0.0208821,-0.0629578,0,0,-5,-0.00871445,0.0208821,4.93704,4.93709,-0.0392895,0.0371296,-0.0135303,0,0,0
1780639921987521,46.6856,-0.00910026,0.0210939,-0.0629883,0,0,-5,-0.00910026,0.0210939,4.93701,4.93707,-0.0390814,0.036865,-0.0124868,0,0,0
1780639922011521,46.7096,-0.00897504,0.0206258,-0.0626221,0,0,-5,-0.00897504,0.0206258,4.93738,4.93743,-0.0402365,0.0363512,-0.0116201,0,0,0
1780639922027521,46.7256,-0.008714,0.0200984,-0.0622253,0,0,-5,-0.008714,0.0200984,4.93777,4.93782,-0.0400582,0.034815,-0.0101999,0,0,0
1780639922051521,46.7496,-0.00839398,0.019395,-0.0617065,0,0,-5,-0.00839398,0.019395,4.93829,4.93834,-0.0399812,0.0345785,-0.0104048,0,0,0
1780639922067521,46.7656,-0.008226,0.0189978,-0.0613708,0,0,-5,-0.008226,0.0189978,4.93863,4.93867,-0.0393943,0.0347875,-0.0109376,0,0,0
1780639922091521,46.7896,-0.00804154,0.0184924,-0.0609436,0,0,-5,-0.00804154,0.0184924,4.93906,4.9391,-0.0397737,0.0333875,-0.0109204,0,0,0
1780639922107521,46.8056,-0.00795911,0.0181895,-0.06073,0,0,-5,-0.00795911,0.0181895,4.93927,4.93931,-0.0390597,0.0326967,-0.0116021,0,0,0
1780639922131521,46.8296,-0.00790779,0.0178313,-0.0604553,0,0,-5,-0.00790779,0.0178313,4.93954,4.93958,-0.0393175,0.0339296,-0.0110045,0,0,0
1780639922147521,46.8456,-0.00790606,0.0176476,-0.0603027,0,0,-5,-0.00790606,0.0176476,4.9397,4.93974,-0.039184,0.0333249,-0.0102273,0,0,0
1780639922163521,46.8616,-0.00793336,0.0174914,-0.0601807,0,0,-5,-0.00793336,0.0174914,4.93982,4.93986,-0.0393405,0.0327704,-0.00957408,0,0,0
1780639922187521,46.8856,-0.00804491,0.0173464,-0.0599976,0,0,-5,-0.00804491,0.0173464,4.94,4.94004,-0.0398834,0.0339705,-0.0107612,0,0,0
1780639922211521,46.9096,-0.00825277,0.0172779,-0.0598755,0,0,-5,-0.00825277,0.0172779,4.94012,4.94016,-0.0423092,0.0331951,-0.00995,0,0,0
1780639922227521,46.9256,-0.00843512,0.0172695,-0.0598145,0,0,-5,-0.00843512,0.0172695,4.94019,4.94022,-0.0411729,0.0329793,-0.00938731,0,0,0
1780639922243521,46.9416,-0.00863316,0.0172839,-0.0597534,0,0,-5,-0.00863316,0.0172839,4.94025,4.94028,-0.0416038,0.0318046,-0.00943841,0,0,0
1780639922267521,46.9656,-0.00898333,0.0173585,-0.0596924,0,0,-5,-0.00898333,0.0173585,4.94031,4.94035,-0.0416472,0.0324372,-0.00707629,0,0,0
1780639922291521,46.9896,-0.00935535,0.0174786,-0.0596008,0,0,-5,-0.00935535,0.0174786,4.9404,4.94044,-0.0409679,0.031856,-0.00675315,0,0,0
1780639922307521,47.0056,-0.00962016,0.0176033,-0.0595398,0,0,-5,-0.00962016,0.0176033,4.94046,4.9405,-0.0409928,0.0322551,-0.00574363,0,0,0
1780639922331521,47.0296,-0.0100724,0.0178242,-0.0594482,0,0,-5,-0.0100724,0.0178242,4.94055,4.94059,-0.0414668,0.0309935,-0.0049541,0,0,0
1780639922347521,47.0456,-0.0103983,0.0179877,-0.0593872,0,0,-5,-0.0103983,0.0179877,4.94061,4.94066,-0.0417657,0.0312439,-0.00490581,0,0,0
1780639922371521,47.0696,-0.010956,0.018275,-0.0592957,0,0,-5,-0.010956,0.018275,4.9407,4.94075,-0.0437129,0.0306037,-0.00455694,0,0,0
1780639922387521,47.0856,-0.0113661,0.0184811,-0.0592346,0,0,-5,-0.0113661,0.0184811,4.94077,4.94081,-0.0435679,0.0294003,-0.00427742,0,0,0
1780639922411521,47.1096,-0.0114062,0.0180182,-0.0588074,0,0,-5,-0.0114062,0.0180182,4.94119,4.94124,-0.0422311,0.0282193,-0.00528969,0,0,0
1780639922427521,47.1256,-0.0112836,0.0174997,-0.0584106,0,0,-5,-0.0112836,0.0174997,4.94159,4.94163,-0.0422932,0.0284195,-0.00490467,0,0,0
1780639922451521,47.1496,-0.0112246,0.016797,-0.0578918,0,0,-5,-0.0112246,0.016797,4.94211,4.94215,-0.0438133,0.0279916,-0.0054625,0,0,0
1780639922467521,47.1656,-0.0112333,0.0163969,-0.0575562,0,0,-5,-0.0112333,0.0163969,4.94244,4.94248,-0.0442364,0.0276973,-0.00603093,0,0,0
1780639922491521,47.1896,-0.0113273,0.0158777,-0.0571289,0,0,-5,-0.0113273,0.0158777,4.94287,4.94291,-0.0446213,0.0277491,-0.00424413,0,0,0
1780639922507521,47.2056,-0.0114243,0.0155813,-0.0568237,0,0,-5,-0.0114243,0.0155813,4.94318,4.94321,-0.0437945,0.0269637,-0.00354523,0,0,0
1780639922531521,47.2296,-0.0116492,0.0151846,-0.0563965,0,0,-5,-0.0116492,0.0151846,4.9436,4.94364,-0.0461153,0.02569,-0.00379034,0,0,0
1780639922547521,47.2456,-0.0118577,0.0149608,-0.0561523,0,0,-5,-0.0118577,0.0149608,4.94385,4.94388,-0.0462827,0.0257251,-0.00483767,0,0,0
1780639922571521,47.2696,-0.0122344,0.0146862,-0.0558167,0,0,-5,-0.0122344,0.0146862,4.94418,4.94422,-0.0469374,0.0254703,-0.00498837,0,0,0
1780639922587695,47.2858,-0.0125267,0.0145404,-0.055603,0,0,-5,-0.0125267,0.0145404,4.9444,4.94443,-0.0478116,0.0248387,-0.00431465,0,0,0
1780639922611695,47.3098,-0.0130378,0.014347,-0.0553284,0,0,-5,-0.0130378,0.014347,4.94467,4.94471,-0.0483146,0.0230314,-0.00473786,0,0,0
1780639922627695,47.3258,-0.0134147,0.0142463,-0.0551453,0,0,-5,-0.0134147,0.0142463,4.94485,4.94489,-0.0489083,0.0232416,-0.0057721,0,0,0
1780639922651695,47.3498,-0.0140241,0.0141437,-0.0549316,0,0,-5,-0.0140241,0.0141437,4.94507,4.94511,-0.0492376,0.0224142,-0.00646122,0,0,0
1780639922667695,47.3658,-0.0144569,0.0141029,-0.0548096,0,0,-5,-0.0144569,0.0141029,4.94519,4.94523,-0.0493199,0.0228315,-0.00623328,0,0,0
1780639922691695,47.3898,-0.0151662,0.0140882,-0.0546265,0,0,-5,-0.0151662,0.0140882,4.94537,4.94542,-0.0500503,0.022331,-0.00595815,0,0,0
1780639922707695,47.4058,-0.0156571,0.0141052,-0.0545349,0,0,-5,-0.0156571,0.0141052,4.94547,4.94551,-0.0503526,0.0224975,-0.0057919,0,0,0
1780639922731695,47.4298,-0.0164557,0.014184,-0.0544434,0,0,-5,-0.0164557,0.014184,4.94556,4.9456,-0.0516089,0.0233055,-0.00589472,0,0,0
1780639922747695,47.4458,-0.0170117,0.0142625,-0.0543823,0,0,-5,-0.0170117,0.0142625,4.94562,4.94567,-0.0516757,0.0224844,-0.00534627,0,0,0
1780639922771695,47.4698,-0.0178835,0.0144168,-0.0542908,0,0,-5,-0.0178835,0.0144168,4.94571,4.94576,-0.0512325,0.022857,-0.00549789,0,0,0
1780639922787695,47.4858,-0.018473,0.0145441,-0.0542603,0,0,-5,-0.018473,0.0145441,4.94574,4.9458,-0.0515078,0.0225725,-0.00534555,0,0,0
1780639922811695,47.5098,-0.0184572,0.0138366,-0.053894,0,0,-5,-0.0184572,0.0138366,4.94611,4.94616,-0.0530183,0.0241827,-0.0069885,0,0,0
1780639922827695,47.5258,-0.0181915,0.0131341,-0.0535889,0,0,-5,-0.0181915,0.0131341,4.94641,4.94646,-0.0525447,0.0245264,-0.00675572,0,0,0
1780639922851695,47.5498,-0.0178873,0.0121848,-0.0531616,0,0,-5,-0.0178873,0.0121848,4.94684,4.94689,-0.0519443,0.0232534,-0.00567893,0,0,0
1780639922867695,47.5658,-0.0177303,0.0116134,-0.0529175,0,0,-5,-0.0177303,0.0116134,4.94708,4.94713,-0.0516294,0.0233442,-0.00674773,0,0,0
1780639922891695,47.5898,-0.0176045,0.0108407,-0.0526123,0,0,-5,-0.0176045,0.0108407,4.94739,4.94743,-0.052202,0.0215427,-0.00765279,0,0,0
1780639922907695,47.6058,-0.0175668,0.0103614,-0.0524597,0,0,-5,-0.0175668,0.0103614,4.94754,4.94758,-0.0504404,0.0205726,-0.0067623,0,0,0
1780639922931695,47.6298,-0.0175641,0.0097283,-0.0522461,0,0,-5,-0.0175641,0.0097283,4.94775,4.94779,-0.0507468,0.0216059,-0.00713092,0,0,0
1780639922947695,47.6458,-0.0176147,0.00937857,-0.0521545,0,0,-5,-0.0176147,0.00937857,4.94785,4.94789,-0.0507196,0.0225891,-0.00640862,0,0,0
1780639922971695,47.6698,-0.0177805,0.00893945,-0.052002,0,0,-5,-0.0177805,0.00893945,4.948,4.94804,-0.0517627,0.0233034,-0.00695045,0,0,0
1780639922987695,47.6858,-0.0179481,0.00870699,-0.0519409,0,0,-5,-0.0179481,0.00870699,4.94806,4.9481,-0.0520701,0.0242362,-0.00827599,0,0,0
1780639923011695,47.7098,-0.0182398,0.00843251,-0.0519104,0,0,-5,-0.0182398,0.00843251,4.94809,4.94813,-0.0532148,0.0241405,-0.00873381,0,0,0
1780639923027695,47.7258,-0.0184961,0.00828101,-0.0519104,0,0,-5,-0.0184961,0.00828101,4.94809,4.94813,-0.0538867,0.0236826,-0.00943231,0,0,0
1780639923051695,47.7498,-0.0189634,0.00809209,-0.0519409,0,0,-5,-0.0189634,0.00809209,4.94806,4.9481,-0.0563289,0.0222363,-0.00954117,0,0,0
1780639923067695,47.7658,-0.0193509,0.00799677,-0.0519714,0,0,-5,-0.0193509,0.00799677,4.94803,4.94807,-0.0575311,0.022236,-0.00920944,0,0,0
1780639923083695,47.7818,-0.0197715,0.00791901,-0.052002,0,0,-5,-0.0197715,0.00791901,4.948,4.94804,-0.0571833,0.0217168,-0.00831416,0,0,0
1780639923107695,47.8058,-0.0204527,0.0078411,-0.052063,0,0,-5,-0.0204527,0.0078411,4.94794,4.94799,-0.0571895,0.0216393,-0.00938111,0,0,0
1780639923131695,47.8298,-0.0211905,0.00782363,-0.052124,0,0,-5,-0.0211905,0.00782363,4.94788,4.94793,-0.0575579,0.0210815,-0.00830868,0,0,0
1780639923147695,47.8458,-0.0217145,0.00782813,-0.0521545,0,0,-5,-0.0217145,0.00782813,4.94785,4.9479,-0.0583868,0.0218174,-0.0076186,0,0,0
1780639923171695,47.8698,-0.0225603,0.00788467,-0.0522156,0,0,-5,-0.0225603,0.00788467,4.94778,4.94784,-0.0583543,0.0213652,-0.00809526,0,0,0
1780639923187695,47.8858,-0.0231431,0.00794077,-0.0522766,0,0,-5,-0.0231431,0.00794077,4.94772,4.94778,-0.0579487,0.0205252,-0.00854655,0,0,0
1780639923211695,47.9098,-0.0229761,0.00756714,-0.0520935,0,0,-5,-0.0229761,0.00756714,4.94791,4.94797,-0.0583586,0.0205826,-0.00824594,0,0,0
1780639923227695,47.9258,-0.022587,0.00719888,-0.0518799,0,0,-5,-0.022587,0.00719888,4.94812,4.94818,-0.0595319,0.0197046,-0.00823148,0,0,0
1780639923251695,47.9498,-0.0221662,0.00669617,-0.0516357,0,0,-5,-0.0221662,0.00669617,4.94836,4.94842,-0.0612903,0.0187873,-0.00835171,0,0,0
1780639923267695,47.9658,-0.0219822,0.00639713,-0.0514832,0,0,-5,-0.0219822,0.00639713,4.94852,4.94857,-0.0614349,0.0178221,-0.00874408,0,0,0
1780639923291695,47.9898,-0.021812,0.00598105,-0.0512695,0,0,-5,-0.021812,0.00598105,4.94873,4.94878,-0.0622979,0.0168877,-0.00841441,0,0,0
1780639923307695,48.0058,-0.0217796,0.00574526,-0.051178,0,0,-5,-0.0217796,0.00574526,4.94882,4.94887,-0.0624156,0.0172816,-0.00968137,0,0,0
1780639923323695,48.0218,-0.0217963,0.00554853,-0.0510864,0,0,-5,-0.0217963,0.00554853,4.94891,4.94896,-0.061929,0.018046,-0.0106168,0,0,0
1780639923347695,48.0458,-0.0219136,0.00532704,-0.0509949,0,0,-5,-0.0219136,0.00532704,4.94901,4.94906,-0.0628536,0.0183459,-0.00866788,0,0,0
1780639923371695,48.0698,-0.0221381,0.00515033,-0.0509033,0,0,-5,-0.0221381,0.00515033,4.9491,4.94915,-0.0627422,0.01731,-0.00785717,0,0,0
1780639923387695,48.0858,-0.022338,0.00505553,-0.0508118,0,0,-5,-0.022338,0.00505553,4.94919,4.94924,-0.0623604,0.0167379,-0.00729279,0,0,0
1780639923411695,48.1098,-0.0227107,0.00496255,-0.0507507,0,0,-5,-0.0227107,0.00496255,4.94925,4.9493,-0.0632122,0.017779,-0.00713671,0,0,0
1780639923427695,48.1258,-0.0230033,0.00493961,-0.0507202,0,0,-5,-0.0230033,0.00493961,4.94928,4.94934,-0.0618542,0.018176,-0.00700739,0,0,0
1780639923443695,48.1418,-0.0233016,0.00494081,-0.0506897,0,0,-5,-0.0233016,0.00494081,4.94931,4.94937,-0.0604642,0.0175543,-0.00630365,0,0,0
1780639923467695,48.1658,-0.0238055,0.00498494,-0.0506287,0,0,-5,-0.0238055,0.00498494,4.94937,4.94943,-0.0604793,0.0184533,-0.0065335,0,0,0
1780639923491695,48.1898,-0.0243917,0.00507458,-0.0506287,0,0,-5,-0.0243917,0.00507458,4.94937,4.94943,-0.0614922,0.0178993,-0.00603151,0,0,0
1780639923507695,48.2058,-0.0248304,0.00514469,-0.0505981,0,0,-5,-0.0248304,0.00514469,4.9494,4.94947,-0.0611147,0.0176708,-0.00686539,0,0,0
1780639923531695,48.2298,-0.0255468,0.00528735,-0.0506287,0,0,-5,-0.0255468,0.00528735,4.94937,4.94944,-0.061441,0.0180973,-0.00651178,0,0,0
1780639923547695,48.2458,-0.0260584,0.00540626,-0.0506287,0,0,-5,-0.0260584,0.00540626,4.94937,4.94944,-0.0605732,0.0185425,-0.00551166,0,0,0
1780639923571695,48.2698,-0.026851,0.00563026,-0.0506287,0,0,-5,-0.026851,0.00563026,4.94937,4.94945,-0.0603471,0.0188009,-0.00534502,0,0,0
1780639923587695,48.2858,-0.0274272,0.00579656,-0.0506287,0,0,-5,-0.0274272,0.00579656,4.94937,4.94945,-0.0601074,0.0186068,-0.00415584,0,0,0
1780639923611871,48.31,-0.0272129,0.00547917,-0.050354,0,0,-5,-0.0272129,0.00547917,4.94965,4.94972,-0.0600627,0.0201736,-0.00425998,0,0,0
1780639923627871,48.326,-0.0267661,0.0051189,-0.0500793,0,0,-5,-0.0267661,0.0051189,4.94992,4.95,-0.0589096,0.0195687,-0.00439278,0,0,0
1780639923651871,48.35,-0.0262152,0.00463137,-0.0497131,0,0,-5,-0.0262152,0.00463137,4.95029,4.95036,-0.0586233,0.0190315,-0.00461097,0,0,0
1780639923667871,48.366,-0.0259302,0.00434991,-0.0494995,0,0,-5,-0.0259302,0.00434991,4.9505,4.95057,-0.0583145,0.0184495,-0.0038029,0,0,0
1780639923691871,48.39,-0.0256266,0.00397414,-0.0491638,0,0,-5,-0.0256266,0.00397414,4.95084,4.9509,-0.0588294,0.0176994,-0.00323024,0,0,0
1780639923707871,48.406,-0.0254874,0.00375102,-0.0489807,0,0,-5,-0.0254874,0.00375102,4.95102,4.95109,-0.0573803,0.017034,-0.00417597,0,0,0
1780639923731871,48.43,-0.0253408,0.00347199,-0.0487366,0,0,-5,-0.0253408,0.00347199,4.95126,4.95133,-0.0561783,0.0166271,-0.00394607,0,0,0
1780639923747871,48.446,-0.0252958,0.00331376,-0.048584,0,0,-5,-0.0252958,0.00331376,4.95142,4.95148,-0.0563281,0.0160707,-0.00298886,0,0,0
1780639923771871,48.47,-0.0253063,0.00312852,-0.0483704,0,0,-5,-0.0253063,0.00312852,4.95163,4.9517,-0.0551387,0.0169259,-0.0045762,0,0,0
1780639923787871,48.486,-0.0253541,0.00303569,-0.0482483,0,0,-5,-0.0253541,0.00303569,4.95175,4.95182,-0.055319,0.0162614,-0.00442095,0,0,0
1780639923803871,48.502,-0.0254511,0.00296365,-0.0481567,0,0,-5,-0.0254511,0.00296365,4.95184,4.95191,-0.0559839,0.0175543,-0.00430477,0,0,0
1780639923827871,48.526,-0.0256644,0.00291712,-0.0480347,0,0,-5,-0.0256644,0.00291712,4.95197,4.95203,-0.0547365,0.0169425,-0.00529969,0,0,0
1780639923851871,48.55,-0.0259422,0.00291573,-0.0480042,0,0,-5,-0.0259422,0.00291573,4.952,4.95206,-0.0540369,0.0178595,-0.00434074,0,0,0
1780639923867871,48.566,-0.0261685,0.00295163,-0.0479736,0,0,-5,-0.0261685,0.00295163,4.95203,4.9521,-0.0538356,0.0184803,-0.00373466,0,0,0
1780639923891871,48.59,-0.0265674,0.00305005,-0.0479736,0,0,-5,-0.0265674,0.00305005,4.95203,4.9521,-0.0534013,0.0192296,-0.00549969,0,0,0
1780639923907871,48.606,-0.026869,0.00314054,-0.0480042,0,0,-5,-0.026869,0.00314054,4.952,4.95207,-0.0537946,0.0185361,-0.00603308,0,0,0
1780639923923871,48.622,-0.0272115,0.00322715,-0.0480652,0,0,-5,-0.0272115,0.00322715,4.95193,4.95201,-0.0542635,0.0174922,-0.0059633,0,0,0
1780639923947871,48.646,-0.0277864,0.00338054,-0.0481567,0,0,-5,-0.0277864,0.00338054,4.95184,4.95192,-0.0539407,0.0176467,-0.00729201,0,0,0
1780639923971871,48.67,-0.0284038,0.0035686,-0.0482788,0,0,-5,-0.0284038,0.0035686,4.95172,4.9518,-0.053358,0.017108,-0.0068647,0,0,0
1780639923987871,48.686,-0.0288451,0.00370595,-0.0483704,0,0,-5,-0.0288451,0.00370595,4.95163,4.95172,-0.0530659,0.0178,-0.00695553,0,0,0
1780639924011871,48.71,-0.0282756,0.00335833,-0.0482483,0,0,-5,-0.0282756,0.00335833,4.95175,4.95183,-0.0533743,0.0159977,-0.00673557,0,0,0
1780639924027871,48.726,-0.0275603,0.0029434,-0.0480652,0,0,-5,-0.0275603,0.0029434,4.95193,4.95201,-0.0519078,0.0151098,-0.00504426,0,0,0
1780639924051871,48.75,-0.0265736,0.00237146,-0.047821,0,0,-5,-0.0265736,0.00237146,4.95218,4.95225,-0.0489005,0.0146058,-0.00579309,0,0,0
1780639924067871,48.766,-0.0259804,0.00202551,-0.0476685,0,0,-5,-0.0259804,0.00202551,4.95233,4.9524,-0.0482328,0.0138622,-0.00635312,0,0,0
1780639924091871,48.79,-0.0252139,0.00156461,-0.0474548,0,0,-5,-0.0252139,0.00156461,4.95255,4.95261,-0.04658,0.0134855,-0.00570019,0,0,0
1780639924107871,48.806,-0.0247676,0.00128606,-0.0473328,0,0,-5,-0.0247676,0.00128606,4.95267,4.95273,-0.0465649,0.0132162,-0.00569875,0,0,0
1780639924131871,48.83,-0.0242052,0.000908117,-0.0472717,0,0,-5,-0.0242052,0.000908117,4.95273,4.95279,-0.0459418,0.0119139,-0.00658027,0,0,0
1780639924147871,48.846,-0.0238903,0.000672632,-0.0472717,0,0,-5,-0.0238903,0.000672632,4.95273,4.95279,-0.0450261,0.0105212,-0.00685234,0,0,0
1780639924171871,48.87,-0.0234629,0.000348726,-0.0472412,0,0,-5,-0.0234629,0.000348726,4.95276,4.95281,-0.0428963,0.0105254,-0.00695567,0,0,0
1780639924187871,48.886,-0.0232291,0.000159597,-0.0472717,0,0,-5,-0.0232291,0.000159597,4.95273,4.95278,-0.0427329,0.00980664,-0.00698238,0,0,0
1780639924211871,48.91,-0.02293,-7.99637e-05,-0.0473328,0,0,-5,-0.02293,-7.99637e-05,4.95267,4.95272,-0.0402096,0.0106646,-0.00667637,0,0,0
1780639924227871,48.926,-0.0227629,-0.000211267,-0.0473633,0,0,-5,-0.0227629,-0.000211267,4.95264,4.95269,-0.0392985,0.0102945,-0.00776108,0,0,0
1780639924251871,48.95,-0.0225612,-0.000370628,-0.0474548,0,0,-5,-0.0225612,-0.000370628,4.95255,4.9526,-0.037644,0.0104636,-0.00675477,0,0,0
1780639924267871,48.966,-0.0224649,-0.000455066,-0.0475159,0,0,-5,-0.0224649,-0.000455066,4.95248,4.95254,-0.0379537,0.0105908,-0.00592025,0,0,0
1780639924291871,48.99,-0.0223747,-0.00053784,-0.0475769,0,0,-5,-0.0223747,-0.00053784,4.95242,4.95247,-0.0374548,0.0117711,-0.00441403,0,0,0
1780639924307871,49.006,-0.0223479,-0.000571286,-0.0476379,0,0,-5,-0.0223479,-0.000571286,4.95236,4.95241,-0.0371932,0.010914,-0.00456569,0,0,0
1780639924331871,49.03,-0.0223889,-0.000608826,-0.047699,0,0,-5,-0.0223889,-0.000608826,4.9523,4.95235,-0.0381085,0.00995046,-0.00499402,0,0,0
1780639924347871,49.046,-0.0224554,-0.000636069,-0.0477295,0,0,-5,-0.0224554,-0.000636069,4.95227,4.95232,-0.0375402,0.00861183,-0.00585168,0,0,0
1780639924371871,49.07,-0.0226049,-0.000660386,-0.047821,0,0,-5,-0.0226049,-0.000660386,4.95218,4.95223,-0.0376542,0.00913117,-0.00496832,0,0,0
1780639924387871,49.086,-0.0227476,-0.000657618,-0.0478516,0,0,-5,-0.0227476,-0.000657618,4.95215,4.9522,-0.03798,0.00827824,-0.00453696,0,0,0
1780639924411871,49.11,-0.0220486,-0.000720724,-0.0475464,0,0,-5,-0.0220486,-0.000720724,4.95245,4.9525,-0.036424,0.00798974,-0.00399966,0,0,0
1780639924427871,49.126,-0.0213129,-0.000758158,-0.0472107,0,0,-5,-0.0213129,-0.000758158,4.95279,4.95284,-0.0361231,0.00865703,-0.00417668,0,0,0
1780639924451871,49.15,-0.020353,-0.000786187,-0.0467529,0,0,-5,-0.020353,-0.000786187,4.95325,4.95329,-0.0369365,0.00796798,-0.00367425,0,0,0
1780639924467871,49.166,-0.019793,-0.00079757,-0.0464783,0,0,-5,-0.019793,-0.00079757,4.95352,4.95356,-0.0361201,0.007712,-0.00330845,0,0,0
1780639924491871,49.19,-0.0190494,-0.000790681,-0.0461426,0,0,-5,-0.0190494,-0.000790681,4.95386,4.95389,-0.03583,0.0079479,-0.00401585,0,0,0
1780639924507871,49.206,-0.0186199,-0.000759954,-0.045929,0,0,-5,-0.0186199,-0.000759954,4.95407,4.95411,-0.0355501,0.00923568,-0.00344342,0,0,0
1780639924523871,49.222,-0.0182295,-0.000704521,-0.0457458,0,0,-5,-0.0182295,-0.000704521,4.95425,4.95429,-0.0346209,0.0098797,-0.00366404,0,0,0
1780639924547871,49.246,-0.0177347,-0.000590561,-0.0454712,0,0,-5,-0.0177347,-0.000590561,4.95453,4.95456,-0.0347824,0.0100816,-0.00372676,0,0,0
1780639924571871,49.27,-0.0173664,-0.000449643,-0.0452576,0,0,-5,-0.0173664,-0.000449643,4.95474,4.95477,-0.0358717,0.0109302,-0.00522839,0,0,0
1780639924587871,49.286,-0.01719,-0.000343976,-0.0451355,0,0,-5,-0.01719,-0.000343976,4.95486,4.95489,-0.0359883,0.010521,-0.00413031,0,0,0
1780639924612051,49.3101,-0.0169934,-0.000177967,-0.0449524,0,0,-5,-0.0169934,-0.000177967,4.95505,4.95508,-0.0359056,0.0114291,-0.00445546,0,0,0
1780639924628051,49.3261,-0.016915,-3.19128e-05,-0.0448608,0,0,-5,-0.016915,-3.19128e-05,4.95514,4.95517,-0.0353034,0.0122644,-0.00475781,0,0,0
1780639924652051,49.3501,-0.0168591,0.00020829,-0.0447083,0,0,-5,-0.0168591,0.00020829,4.95529,4.95532,-0.0353737,0.0117723,-0.0050625,0,0,0
1780639924668051,49.3661,-0.0168685,0.000372021,-0.0446472,0,0,-5,-0.0168685,0.000372021,4.95535,4.95538,-0.0356064,0.0115562,-0.00477743,0,0,0
1780639924692051,49.3901,-0.0169407,0.000633235,-0.0445557,0,0,-5,-0.0169407,0.000633235,4.95544,4.95547,-0.034425,0.0122263,-0.00481558,0,0,0
1780639924708051,49.4061,-0.017011,0.000823882,-0.0445251,0,0,-5,-0.017011,0.000823882,4.95547,4.9555,-0.0353941,0.0128666,-0.00558806,0,0,0
1780639924732051,49.4301,-0.0171912,0.00110837,-0.0444946,0,0,-5,-0.0171912,0.00110837,4.95551,4.95554,-0.0363045,0.0119437,-0.00480731,0,0,0
1780639924748051,49.4461,-0.0173637,0.00129022,-0.0444641,0,0,-5,-0.0173637,0.00129022,4.95554,4.95557,-0.0368344,0.0117233,-0.00379781,0,0,0
1780639924772051,49.4701,-0.0176657,0.00159403,-0.0444336,0,0,-5,-0.0176657,0.00159403,4.95557,4.9556,-0.0362929,0.0129219,-0.0028987,0,0,0
1780639924788051,49.4861,-0.0178996,0.00180341,-0.0444031,0,0,-5,-0.0178996,0.00180341,4.9556,4.95563,-0.0369127,0.0119678,-0.00288195,0,0,0
1780639924812051,49.5101,-0.0177153,0.00161035,-0.0442505,0,0,-5,-0.0177153,0.00161035,4.95575,4.95578,-0.0354822,0.0107833,-0.00289575,0,0,0
1780639924828051,49.5261,-0.0174338,0.00133706,-0.0440979,0,0,-5,-0.0174338,0.00133706,4.9559,4.95593,-0.0347608,0.0105881,-0.0027188,0,0,0
1780639924852051,49.5501,-0.0171225,0.000971278,-0.0439148,0,0,-5,-0.0171225,0.000971278,4.95609,4.95611,-0.0361656,0.0107384,-0.0036263,0,0,0
1780639924868051,49.5661,-0.0169715,0.000749455,-0.0437927,0,0,-5,-0.0169715,0.000749455,4.95621,4.95624,-0.0356792,0.0100068,-0.00315176,0,0,0
1780639924892051,49.5901,-0.0168028,0.000457997,-0.0436401,0,0,-5,-0.0168028,0.000457997,4.95636,4.95639,-0.0347,0.00983095,-0.00259932,0,0,0
1780639924908051,49.6061,-0.0167255,0.000268341,-0.0435486,0,0,-5,-0.0167255,0.000268341,4.95645,4.95648,-0.0346191,0.00857051,-0.00254559,0,0,0
1780639924932051,49.6301,-0.0166756,-7.6786e-07,-0.0434265,0,0,-5,-0.0166756,-7.6786e-07,4.95657,4.9566,-0.0328655,0.00726309,-0.000866394,0,0,0
1780639924948051,49.6461,-0.0166614,-0.000160787,-0.043335,0,0,-5,-0.0166614,-0.000160787,4.95667,4.95669,-0.0327093,0.00886125,-0.00149949,0,0,0
1780639924972051,49.6701,-0.0167141,-0.000352738,-0.0432434,0,0,-5,-0.0167141,-0.000352738,4.95676,4.95678,-0.0338089,0.00832773,-0.00168168,0,0,0
1780639924988051,49.6861,-0.0167918,-0.000460478,-0.0432129,0,0,-5,-0.0167918,-0.000460478,4.95679,4.95682,-0.0331123,0.00795726,-0.000142058,0,0,0
1780639925012051,49.7101,-0.0170127,-0.000658602,-0.0431519,0,0,-5,-0.0170127,-0.000658602,4.95685,4.95688,-0.035266,0.00656539,0.000533564,0,0,0
1780639925028051,49.7261,-0.0172035,-0.000776449,-0.0430908,0,0,-5,-0.0172035,-0.000776449,4.95691,4.95694,-0.0347212,0.00646987,0.000199304,0,0,0
1780639925044051,49.7421,-0.0174137,-0.000878719,-0.0430603,0,0,-5,-0.0174137,-0.000878719,4.95694,4.95697,-0.0347023,0.00704489,-0.000763001,0,0,0
1780639925068051,49.7661,-0.0177704,-0.000995574,-0.0430908,0,0,-5,-0.0177704,-0.000995574,4.95691,4.95694,-0.0351935,0.00725588,-0.000907417,0,0,0
1780639925092051,49.7901,-0.0182015,-0.00108608,-0.0431213,0,0,-5,-0.0182015,-0.00108608,4.95688,4.95691,-0.0353939,0.00706114,-0.00072169,0,0,0
1780639925108051,49.8061,-0.0185009,-0.00112364,-0.0431213,0,0,-5,-0.0185009,-0.00112364,4.95688,4.95691,-0.0346744,0.00763355,-0.000875316,0,0,0
1780639925132051,49.8301,-0.0189892,-0.00115304,-0.0431519,0,0,-5,-0.0189892,-0.00115304,4.95685,4.95688,-0.0350045,0.00741837,-0.00168177,0,0,0
1780639925148051,49.8461,-0.0193388,-0.00117577,-0.0431519,0,0,-5,-0.0193388,-0.00117577,4.95685,4.95689,-0.0350797,0.00592369,-0.00206888,0,0,0
1780639925172051,49.8701,-0.0199147,-0.00120121,-0.0431824,0,0,-5,-0.0199147,-0.00120121,4.95682,4.95686,-0.0371682,0.00571022,-0.00198284,0,0,0
1780639925188051,49.8861,-0.020341,-0.00121285,-0.0432129,0,0,-5,-0.020341,-0.00121285,4.95679,4.95683,-0.0377531,0.00604907,-0.00183086,0,0,0
1780639925212051,49.9101,-0.0202301,-0.00136525,-0.0429382,0,0,-5,-0.0202301,-0.00136525,4.95706,4.9571,-0.0385848,0.0067776,-0.00241896,0,0,0
1780639925228051,49.9261,-0.0199423,-0.00150318,-0.0427246,0,0,-5,-0.0199423,-0.00150318,4.95728,4.95732,-0.0373482,0.00603345,-0.0017769,0,0,0
1780639925252051,49.9501,-0.019585,-0.00167663,-0.0423889,0,0,-5,-0.019585,-0.00167663,4.95761,4.95765,-0.0366551,0.00774595,-0.000482095,0,0,0
1780639925268051,49.9661,-0.0193904,-0.00175188,-0.0421753,0,0,-5,-0.0193904,-0.00175188,4.95782,4.95786,-0.0356042,0.0079538,-0.00130325,0,0,0
1780639925292051,49.9901,-0.0191456,-0.00183313,-0.0418701,0,0,-5,-0.0191456,-0.00183313,4.95813,4.95817,-0.0345915,0.00765701,-0.00131642,0,0,0
1780639925308051,50.0061,-0.019024,-0.00187412,-0.0417175,0,0,-5,-0.019024,-0.00187412,4.95828,4.95832,-0.0356605,0.00754582,-0.00177441,0,0,0
1780639925332051,50.0301,-0.0189269,-0.00192776,-0.0414734,0,0,-5,-0.0189269,-0.00192776,4.95853,4.95856,-0.035102,0.00615058,7.2593e-05,0,0,0
1780639925348051,50.0461,-0.0189012,-0.00195391,-0.0413513,0,0,-5,-0.0189012,-0.00195391,4.95865,4.95869,-0.0352236,0.00691588,0.000976536,0,0,0
1780639925372051,50.0701,-0.0189106,-0.00197644,-0.0411682,0,0,-5,-0.0189106,-0.00197644,4.95883,4.95887,-0.0354276,0.00666992,0.000106176,0,0,0
1780639925388051,50.0861,-0.0189757,-0.00197459,-0.0410767,0,0,-5,-0.0189757,-0.00197459,4.95892,4.95896,-0.0363451,0.00689443,-0.000630441,0,0,0
1780639925412051,50.1101,-0.0191303,-0.0019472,-0.0409546,0,0,-5,-0.0191303,-0.0019472,4.95905,4.95908,-0.0362675,0.00712857,-0.000757743,0,0,0
1780639925428051,50.1261,-0.0192766,-0.00191677,-0.040863,0,0,-5,-0.0192766,-0.00191677,4.95914,4.95917,-0.0369238,0.0072173,-0.00170587,0,0,0
1780639925452051,50.1501,-0.0195513,-0.00183508,-0.0407715,0,0,-5,-0.0195513,-0.00183508,4.95923,4.95927,-0.0369441,0.00859739,-0.00196015,0,0,0
1780639925468051,50.1661,-0.0197581,-0.00176257,-0.040741,0,0,-5,-0.0197581,-0.00176257,4.95926,4.9593,-0.0360858,0.00871986,-0.00195384,0,0,0
1780639925492051,50.1901,-0.0201072,-0.00163252,-0.0406494,0,0,-5,-0.0201072,-0.00163252,4.95935,4.95939,-0.035853,0.00885615,-0.00131599,0,0,0
1780639925508051,50.2061,-0.0203567,-0.00152919,-0.0406189,0,0,-5,-0.0203567,-0.00152919,4.95938,4.95942,-0.0353304,0.00992957,-0.000746957,0,0,0
1780639925532051,50.2301,-0.020783,-0.00133487,-0.0405273,0,0,-5,-0.020783,-0.00133487,4.95947,4.95952,-0.0364975,0.0111968,-0.00139575,0,0,0
1780639925548051,50.2461,-0.0211121,-0.0011957,-0.0405273,0,0,-5,-0.0211121,-0.0011957,4.95947,4.95952,-0.0383293,0.0104277,-0.00219697,0,0,0
1780639925572051,50.2701,-0.0216711,-0.000975119,-0.0404968,0,0,-5,-0.0216711,-0.000975119,4.9595,4.95955,-0.0386413,0.0109129,-0.00211456,0,0,0
1780639925588051,50.2861,-0.0220762,-0.000826338,-0.0405273,0,0,-5,-0.0220762,-0.000826338,4.95947,4.95952,-0.0397916,0.00970073,-0.00251336,0,0,0
1780639925612051,50.3101,-0.0217182,-0.000439478,-0.0402222,0,0,-5,-0.0217182,-0.000439478,4.95978,4.95983,-0.038318,0.00853385,-0.00303863,0,0,0
1780639925628229,50.3263,-0.0211877,-0.000123203,-0.039978,0,0,-5,-0.0211877,-0.000123203,4.96002,4.96007,-0.0370366,0.00923826,-0.00430877,0,0,0
1780639925652229,50.3503,-0.0204782,0.000356045,-0.0396423,0,0,-5,-0.0204782,0.000356045,4.96036,4.9604,-0.0374788,0.00925388,-0.00372362,0,0,0
1780639925668229,50.3663,-0.0200888,0.000672813,-0.0394287,0,0,-5,-0.0200888,0.000672813,4.96057,4.96061,-0.0373142,0.00980998,-0.0043292,0,0,0
1780639925692229,50.3903,-0.0196024,0.00118096,-0.0391846,0,0,-5,-0.0196024,0.00118096,4.96082,4.96085,-0.0373634,0.0123881,-0.00492096,0,0,0
1780639925708229,50.4063,-0.0193377,0.00153855,-0.039032,0,0,-5,-0.0193377,0.00153855,4.96097,4.96101,-0.0378242,0.0124967,-0.00491166,0,0,0
1780639925732229,50.4303,-0.0190744,0.00207155,-0.0388489,0,0,-5,-0.0190744,0.00207155,4.96115,4.96119,-0.0377905,0.0138394,-0.00462312,0,0,0
1780639925748229,50.4463,-0.0189523,0.00243857,-0.0386963,0,0,-5,-0.0189523,0.00243857,4.9613,4.96134,-0.0388666,0.0133151,-0.00308789,0,0,0
1780639925772229,50.4703,-0.0188849,0.00300431,-0.0385132,0,0,-5,-0.0188849,0.00300431,4.96149,4.96152,-0.0399776,0.0149192,-0.00332396,0,0,0
1780639925788229,50.4863,-0.0188963,0.00337786,-0.0383911,0,0,-5,-0.0188963,0.00337786,4.96161,4.96165,-0.0405234,0.0141675,-0.00310966,0,0,0
1780639925812229,50.5103,-0.018975,0.00391298,-0.0382385,0,0,-5,-0.018975,0.00391298,4.96176,4.9618,-0.0402477,0.0141122,-0.00407556,0,0,0
1780639925828229,50.5263,-0.019062,0.0042796,-0.038147,0,0,-5,-0.019062,0.0042796,4.96185,4.96189,-0.0394143,0.015187,-0.00444559,0,0,0
1780639925852229,50.5503,-0.0192457,0.00484269,-0.0380554,0,0,-5,-0.0192457,0.00484269,4.96194,4.96198,-0.0391719,0.015961,-0.00343099,0,0,0
1780639925868229,50.5663,-0.0193943,0.00520068,-0.0379639,0,0,-5,-0.0193943,0.00520068,4.96204,4.96208,-0.039781,0.0150922,-0.00479215,0,0,0
1780639925892229,50.5903,-0.019694,0.00572132,-0.0379333,0,0,-5,-0.019694,0.00572132,4.96207,4.96211,-0.0403315,0.0151832,-0.00638893,0,0,0
1780639925908229,50.6063,-0.0199382,0.00608031,-0.0379333,0,0,-5,-0.0199382,0.00608031,4.96207,4.96211,-0.0408376,0.0163507,-0.00782038,0,0,0
1780639925932229,50.6303,-0.020346,0.00663269,-0.0379944,0,0,-5,-0.020346,0.00663269,4.96201,4.96205,-0.0411413,0.0159613,-0.00923531,0,0,0
1780639925948229,50.6463,-0.0206528,0.00698758,-0.0380554,0,0,-5,-0.0206528,0.00698758,4.96194,4.96199,-0.0412744,0.015995,-0.0101914,0,0,0
1780639925972229,50.6703,-0.0211386,0.00752133,-0.0381775,0,0,-5,-0.0211386,0.00752133,4.96182,4.96187,-0.0402642,0.0159091,-0.010417,0,0,0
1780639925988229,50.6863,-0.0214765,0.00787054,-0.0382996,0,0,-5,-0.0214765,0.00787054,4.9617,4.96175,-0.0390477,0.0154871,-0.0115848,0,0,0
1780639926012229,50.7103,-0.0213506,0.00814041,-0.038269,0,0,-5,-0.0213506,0.00814041,4.96173,4.96178,-0.0396351,0.0160437,-0.0125406,0,0,0
1780639926028229,50.7263,-0.0211074,0.00827321,-0.0382385,0,0,-5,-0.0211074,0.00827321,4.96176,4.96181,-0.0391009,0.0171736,-0.0124484,0,0,0
1780639926052229,50.7503,-0.0208133,0.00851583,-0.038208,0,0,-5,-0.0208133,0.00851583,4.96179,4.96184,-0.0381546,0.0179512,-0.0116446,0,0,0
1780639926068229,50.7663,-0.020659,0.00869403,-0.038208,0,0,-5,-0.020659,0.00869403,4.96179,4.96184,-0.0374139,0.017749,-0.0112556,0,0,0
1780639926092229,50.7903,-0.0205086,0.00897341,-0.0382385,0,0,-5,-0.0205086,0.00897341,4.96176,4.96181,-0.0377116,0.0184572,-0.0120578,0,0,0
1780639926108229,50.8063,-0.0204547,0.00918099,-0.0382996,0,0,-5,-0.0204547,0.00918099,4.9617,4.96175,-0.0369186,0.0187358,-0.0114988,0,0,0
1780639926132229,50.8303,-0.0204293,0.00953042,-0.0383911,0,0,-5,-0.0204293,0.00953042,4.96161,4.96166,-0.0368412,0.021121,-0.012258,0,0,0
1780639926148229,50.8463,-0.0204526,0.00979946,-0.0384827,0,0,-5,-0.0204526,0.00979946,4.96152,4.96157,-0.0372354,0.0212315,-0.0119949,0,0,0
1780639926164229,50.8623,-0.0205073,0.0100569,-0.0386047,0,0,-5,-0.0205073,0.0100569,4.9614,4.96145,-0.037634,0.0201019,-0.0122641,0,0,0
1780639926188229,50.8863,-0.0206765,0.010459,-0.0388184,0,0,-5,-0.0206765,0.010459,4.96118,4.96124,-0.0389599,0.02095,-0.013711,0,0,0
1780639926212229,50.9103,-0.0209071,0.0109106,-0.0390625,0,0,-5,-0.0209071,0.0109106,4.96094,4.96099,-0.0375362,0.0230438,-0.0136916,0,0,0
1780639926228229,50.9263,-0.0210816,0.0112282,-0.0392456,0,0,-5,-0.0210816,0.0112282,4.96075,4.96081,-0.0371714,0.0231225,-0.012855,0,0,0
1780639926252229,50.9503,-0.0214032,0.0117377,-0.0395508,0,0,-5,-0.0214032,0.0117377,4.96045,4.96051,-0.0386074,0.0249679,-0.0131022,0,0,0
1780639926268229,50.9663,-0.0216677,0.0121198,-0.0397949,0,0,-5,-0.0216677,0.0121198,4.96021,4.96027,-0.039608,0.0271529,-0.0134111,0,0,0
1780639926292229,50.9903,-0.0221443,0.0127329,-0.0401001,0,0,-5,-0.0221443,0.0127329,4.9599,4.95997,-0.0408666,0.0277381,-0.0121406,0,0,0
1780639926308229,51.0063,-0.0225107,0.0131511,-0.0403137,0,0,-5,-0.0225107,0.0131511,4.95969,4.95975,-0.0422254,0.0281517,-0.011104,0,0,0
1780639926332229,51.0303,-0.0231232,0.0138115,-0.0405884,0,0,-5,-0.0231232,0.0138115,4.95941,4.95948,-0.0434929,0.0293378,-0.0100599,0,0,0
1780639926348229,51.0463,-0.0235766,0.0142558,-0.040741,0,0,-5,-0.0235766,0.0142558,4.95926,4.95934,-0.0443015,0.028246,-0.0084683,0,0,0
1780639926372229,51.0703,-0.0242714,0.0149191,-0.0409546,0,0,-5,-0.0242714,0.0149191,4.95905,4.95913,-0.0424725,0.0285442,-0.00886796,0,0,0
1780639926388229,51.0863,-0.0247416,0.0153652,-0.0410461,0,0,-5,-0.0247416,0.0153652,4.95895,4.95904,-0.0433552,0.0281184,-0.00890408,0,0,0
1780639926412229,51.1103,-0.0244312,0.0155095,-0.0410461,0,0,-5,-0.0244312,0.0155095,4.95895,4.95904,-0.043553,0.028539,-0.00944745,0,0,0
1780639926428229,51.1263,-0.0239629,0.0154762,-0.0409851,0,0,-5,-0.0239629,0.0154762,4.95901,4.9591,-0.0440334,0.0296352,-0.00889401,0,0,0
1780639926452229,51.1503,-0.0233796,0.0154847,-0.0409241,0,0,-5,-0.0233796,0.0154847,4.95908,4.95916,-0.0434326,0.0293315,-0.00710107,0,0,0
1780639926468229,51.1663,-0.023062,0.0155221,-0.040863,0,0,-5,-0.023062,0.0155221,4.95914,4.95921,-0.0440167,0.0294191,-0.00625011,0,0,0
1780639926492229,51.1903,-0.0227104,0.0156365,-0.040802,0,0,-5,-0.0227104,0.0156365,4.9592,4.95927,-0.0449667,0.0301837,-0.00585522,0,0,0
1780639926508229,51.2063,-0.0225411,0.0157414,-0.040741,0,0,-5,-0.0225411,0.0157414,4.95926,4.95934,-0.0447931,0.0299718,-0.00494646,0,0,0
1780639926524229,51.2223,-0.0224067,0.0158657,-0.0406494,0,0,-5,-0.0224067,0.0158657,4.95935,4.95943,-0.0432482,0.030378,-0.00358684,0,0,0
1780639926548229,51.2463,-0.0222567,0.0161088,-0.0405273,0,0,-5,-0.0222567,0.0161088,4.95947,4.95955,-0.0425506,0.0314946,-0.0029562,0,0,0
1780639926572229,51.2703,-0.0221785,0.0164307,-0.0403748,0,0,-5,-0.0221785,0.0164307,4.95963,4.9597,-0.0412163,0.0348159,-0.00191719,0,0,0
1780639926588229,51.2863,-0.0221724,0.0167101,-0.0403137,0,0,-5,-0.0221724,0.0167101,4.95969,4.95976,-0.0421324,0.0353416,-0.00338892,0,0,0
1780639926604229,51.3023,-0.0222061,0.017009,-0.0402222,0,0,-5,-0.0222061,0.017009,4.95978,4.95986,-0.0424289,0.0359645,-0.0024286,0,0,0
1780639926628405,51.3265,-0.0223093,0.0174963,-0.0401001,0,0,-5,-0.0223093,0.0174963,4.9599,4.95998,-0.0408416,0.0358153,-0.00249383,0,0,0
1780639926652405,51.3505,-0.0224588,0.0179991,-0.0400391,0,0,-5,-0.0224588,0.0179991,4.95996,4.96004,-0.0399216,0.0352465,-0.00408407,0,0,0
1780639926668405,51.3665,-0.0225879,0.0183414,-0.0400085,0,0,-5,-0.0225879,0.0183414,4.95999,4.96008,-0.0407283,0.0347198,-0.003402,0,0,0
1780639926692405,51.3905,-0.0228578,0.0188951,-0.0399475,0,0,-5,-0.0228578,0.0188951,4.96005,4.96014,-0.0406414,0.0361505,-0.00197908,0,0,0
1780639926708405,51.4065,-0.0230708,0.0192939,-0.0399475,0,0,-5,-0.0230708,0.0192939,4.96005,4.96014,-0.0409788,0.0368699,-0.00296243,0,0,0
1780639926732405,51.4305,-0.0234299,0.0199106,-0.039917,0,0,-5,-0.0234299,0.0199106,4.96008,4.96018,-0.0419952,0.0364584,-0.00241764,0,0,0
1780639926748405,51.4465,-0.0237142,0.0203364,-0.039917,0,0,-5,-0.0237142,0.0203364,4.96008,4.96018,-0.0422535,0.0370991,-0.00173314,0,0,0
1780639926764405,51.4625,-0.0240276,0.0207894,-0.039917,0,0,-5,-0.0240276,0.0207894,4.96008,4.96018,-0.0430092,0.0382391,-0.0022989,0,0,0
1780639926788405,51.4865,-0.0245555,0.0215013,-0.0399475,0,0,-5,-0.0245555,0.0215013,4.96005,4.96016,-0.0434901,0.0383532,-0.00185331,0,0,0
1780639926812405,51.5105,-0.0245415,0.0213024,-0.0397339,0,0,-5,-0.0245415,0.0213024,4.96027,4.96037,-0.0437091,0.0392422,-0.00197165,0,0,0
1780639926828405,51.5265,-0.0243743,0.020927,-0.0395508,0,0,-5,-0.0243743,0.020927,4.96045,4.96055,-0.0429647,0.0396156,-0.00208766,0,0,0
1780639926852405,51.5505,-0.0241871,0.0204636,-0.0392761,0,0,-5,-0.0241871,0.0204636,4.96072,4.96083,-0.0419048,0.0387573,-0.00330825,0,0,0
1780639926868405,51.5665,-0.0241057,0.0201933,-0.0391235,0,0,-5,-0.0241057,0.0201933,4.96088,4.96098,-0.0410469,0.0377493,-0.0028829,0,0,0
1780639926884405,51.5825,-0.0240498,0.0199581,-0.0389709,0,0,-5,-0.0240498,0.0199581,4.96103,4.96113,-0.0402353,0.0374779,-0.00279104,0,0,0
1780639926908405,51.6065,-0.0240518,0.0196739,-0.0387573,0,0,-5,-0.0240518,0.0196739,4.96124,4.96134,-0.0406486,0.0373741,-0.00154897,0,0,0
1780639926924405,51.6225,-0.0240849,0.0195334,-0.0386353,0,0,-5,-0.0240849,0.0195334,4.96136,4.96146,-0.040061,0.0372974,-0.00198063,0,0,0
1780639926948405,51.6465,-0.0241992,0.0193773,-0.0384521,0,0,-5,-0.0241992,0.0193773,4.96155,4.96164,-0.0407385,0.0365234,-0.000899405,0,0,0
1780639926964405,51.6625,-0.0243255,0.0193102,-0.0382996,0,0,-5,-0.0243255,0.0193102,4.9617,4.9618,-0.0411292,0.0370521,-0.000833563,0,0,0
1780639926988405,51.6865,-0.0246034,0.0192805,-0.038147,0,0,-5,-0.0246034,0.0192805,4.96185,4.96195,-0.0430669,0.0361866,-0.000341159,0,0,0
1780639927012405,51.7105,-0.0249822,0.0192989,-0.0380249,0,0,-5,-0.0249822,0.0192989,4.96198,4.96208,-0.043416,0.0350027,-0.00177809,0,0,0
1780639927028405,51.7265,-0.0252734,0.0193258,-0.0379639,0,0,-5,-0.0252734,0.0193258,4.96204,4.96214,-0.0441048,0.0344544,-0.0020211,0,0,0
1780639927052405,51.7505,-0.0257784,0.0193991,-0.0378723,0,0,-5,-0.0257784,0.0193991,4.96213,4.96223,-0.0449161,0.0339225,-0.00123068,0,0,0
1780639927068405,51.7665,-0.0261561,0.0194893,-0.0378418,0,0,-5,-0.0261561,0.0194893,4.96216,4.96227,-0.0461129,0.0346014,-0.00187256,0,0,0
1780639927084405,51.7825,-0.0265828,0.0196058,-0.0377808,0,0,-5,-0.0265828,0.0196058,4.96222,4.96233,-0.0477543,0.0340416,-0.000349456,0,0,0
1780639927108405,51.8065,-0.0272784,0.0197894,-0.0377197,0,0,-5,-0.0272784,0.0197894,4.96228,4.96239,-0.0475527,0.0324526,0.000333803,0,0,0
1780639927132405,51.8305,-0.0280279,0.0199835,-0.0376282,0,0,-5,-0.0280279,0.0199835,4.96237,4.96249,-0.0492277,0.0312263,0.000345657,0,0,0
1780639927148405,51.8465,-0.0285732,0.0201267,-0.0375671,0,0,-5,-0.0285732,0.0201267,4.96243,4.96256,-0.0498188,0.0304614,0.00135114,0,0,0
1780639927172405,51.8705,-0.0294466,0.020373,-0.0374756,0,0,-5,-0.0294466,0.020373,4.96252,4.96265,-0.0509069,0.0302612,0.00139595,0,0,0
1780639927188405,51.8865,-0.030053,0.0205484,-0.0374146,0,0,-5,-0.030053,0.0205484,4.96259,4.96272,-0.0501492,0.0298446,0.00180354,0,0,0
1780639927212405,51.9105,-0.0299701,0.0201378,-0.0373535,0,0,-5,-0.0299701,0.0201378,4.96265,4.96278,-0.0512941,0.0288625,0.000103251,0,0,0
1780639927228405,51.9265,-0.029636,0.0196822,-0.0372925,0,0,-5,-0.029636,0.0196822,4.96271,4.96284,-0.0504309,0.0295695,0.000441828,0,0,0
1780639927252405,51.9505,-0.0292509,0.0190948,-0.0371704,0,0,-5,-0.0292509,0.0190948,4.96283,4.96295,-0.0515931,0.0286263,0.00285702,0,0,0
1780639927268405,51.9665,-0.0290782,0.0187426,-0.0370789,0,0,-5,-0.0290782,0.0187426,4.96292,4.96304,-0.0513009,0.0286987,0.00315449,0,0,0
1780639927292405,51.9905,-0.0289176,0.0182991,-0.0369568,0,0,-5,-0.0289176,0.0182991,4.96304,4.96316,-0.050783,0.0289154,0.00496253,0,0,0
1780639927308405,52.0065,-0.0288727,0.0180417,-0.0368958,0,0,-5,-0.0288727,0.0180417,4.9631,4.96322,-0.0514467,0.0280284,0.00423518,0,0,0
1780639927332405,52.0305,-0.0289129,0.0177073,-0.0368042,0,0,-5,-0.0289129,0.0177073,4.9632,4.96331,-0.0524741,0.0277739,0.00412435,0,0,0
1780639927348405,52.0465,-0.0290101,0.0175252,-0.0367432,0,0,-5,-0.0290101,0.0175252,4.96326,4.96337,-0.0535988,0.0270709,0.00244187,0,0,0
1780639927372405,52.0705,-0.0292454,0.0173019,-0.0367432,0,0,-5,-0.0292454,0.0173019,4.96326,4.96337,-0.0546398,0.0275745,0.00213864,0,0,0
1780639927388405,52.0865,-0.0294662,0.0171918,-0.0367737,0,0,-5,-0.0294662,0.0171918,4.96323,4.96334,-0.0549774,0.0266589,0.00232994,0,0,0
1780639927404405,52.1025,-0.029726,0.0170943,-0.0367737,0,0,-5,-0.029726,0.0170943,4.96323,4.96334,-0.0550157,0.0256924,0.0018615,0,0,0
1780639927428405,52.1265,-0.0301811,0.0169698,-0.0368042,0,0,-5,-0.0301811,0.0169698,4.9632,4.96332,-0.0550856,0.0255634,0.00127456,0,0,0
1780639927452405,52.1505,-0.0307241,0.016902,-0.0368042,0,0,-5,-0.0307241,0.016902,4.9632,4.96332,-0.0562616,0.0248203,0.00103676,0,0,0
1780639927468405,52.1665,-0.0311292,0.0168828,-0.0368042,0,0,-5,-0.0311292,0.0168828,4.9632,4.96332,-0.0559125,0.0244278,0.00138288,0,0,0
1780639927492405,52.1905,-0.0317888,0.0169063,-0.0368652,0,0,-5,-0.0317888,0.0169063,4.96313,4.96327,-0.0554523,0.0263472,0.00148279,0,0,0
1780639927508405,52.2065,-0.0322511,0.0169687,-0.0368958,0,0,-5,-0.0322511,0.0169687,4.9631,4.96324,-0.0552379,0.0265004,0.000495244,0,0,0
1780639927532405,52.2305,-0.0329911,0.017105,-0.0369568,0,0,-5,-0.0329911,0.017105,4.96304,4.96318,-0.0554273,0.026897,-0.000917105,0,0,0
1780639927548405,52.2465,-0.0335118,0.0172146,-0.0370178,0,0,-5,-0.0335118,0.0172146,4.96298,4.96313,-0.0553092,0.0259003,-0.00115035,0,0,0
1780639927572405,52.2705,-0.0343326,0.0173835,-0.0371399,0,0,-5,-0.0343326,0.0173835,4.96286,4.96301,-0.0548664,0.0247802,-7.60454e-05,0,0,0
1780639927588405,52.2865,-0.0349032,0.0175065,-0.0372009,0,0,-5,-0.0349032,0.0175065,4.9628,4.96295,-0.0555336,0.0240259,-0.0007625,0,0,0
1780639927612405,52.3105,-0.034572,0.0171579,-0.0370483,0,0,-5,-0.034572,0.0171579,4.96295,4.9631,-0.0533628,0.0227114,-0.000611765,0,0,0
1780639927628405,52.3265,-0.0339815,0.0167713,-0.0368652,0,0,-5,-0.0339815,0.0167713,4.96313,4.96328,-0.0512507,0.0226769,-0.00184543,0,0,0
1780639927652587,52.3507,-0.0332126,0.0162642,-0.0366516,0,0,-5,-0.0332126,0.0162642,4.96335,4.96349,-0.0519363,0.0214705,-0.00114623,0,0,0
1780639927668587,52.3667,-0.0328014,0.0159574,-0.0365295,0,0,-5,-0.0328014,0.0159574,4.96347,4.9636,-0.0528537,0.0216501,-0.00139928,0,0,0
1780639927684587,52.3827,-0.0324685,0.0156931,-0.0364075,0,0,-5,-0.0324685,0.0156931,4.96359,4.96372,-0.0530511,0.0217608,-0.00148283,0,0,0
1780639927708587,52.4067,-0.0320727,0.0153458,-0.0362549,0,0,-5,-0.0320727,0.0153458,4.96375,4.96387,-0.0530129,0.021377,0.000415557,0,0,0
1780639927732587,52.4307,-0.0318259,0.0150558,-0.0360718,0,0,-5,-0.0318259,0.0150558,4.96393,4.96405,-0.0538648,0.0210044,0.00042069,0,0,0
1780639927748587,52.4467,-0.0317348,0.0148935,-0.0359497,0,0,-5,-0.0317348,0.0148935,4.96405,4.96417,-0.0534554,0.0206038,0.00141415,0,0,0
1780639927772587,52.4707,-0.0316763,0.0147222,-0.0358276,0,0,-5,-0.0316763,0.0147222,4.96417,4.9643,-0.0530097,0.0228375,0.0010839,0,0,0
1780639927788587,52.4867,-0.0316935,0.014662,-0.0357666,0,0,-5,-0.0316935,0.014662,4.96423,4.96436,-0.053766,0.02311,0.00247235,0,0,0
1780639927812587,52.5107,-0.03182,0.0146192,-0.035614,0,0,-5,-0.03182,0.0146192,4.96439,4.96451,-0.053953,0.0234961,0.0026992,0,0,0
1780639927828587,52.5267,-0.0319566,0.0146351,-0.035553,0,0,-5,-0.0319566,0.0146351,4.96445,4.96457,-0.0537921,0.0246291,0.00276205,0,0,0
1780639927852587,52.5507,-0.0322578,0.0147341,-0.0353394,0,0,-5,-0.0322578,0.0147341,4.96466,4.96479,-0.0567288,0.0260111,0.00430893,0,0,0
1780639927868587,52.5667,-0.0325445,0.0148323,-0.0352173,0,0,-5,-0.0325445,0.0148323,4.96478,4.96491,-0.0574055,0.0266553,0.00393605,0,0,0
1780639927892587,52.5907,-0.0330588,0.0150419,-0.0350342,0,0,-5,-0.0330588,0.0150419,4.96497,4.9651,-0.0585198,0.0276926,0.00337036,0,0,0
1780639927908587,52.6067,-0.0334621,0.0152136,-0.0349426,0,0,-5,-0.0334621,0.0152136,4.96506,4.96519,-0.0593248,0.0277775,0.003283,0,0,0
1780639927932587,52.6307,-0.0341351,0.0155232,-0.0347595,0,0,-5,-0.0341351,0.0155232,4.96524,4.96538,-0.0607833,0.0297748,0.00428686,0,0,0
1780639927948587,52.6467,-0.0346532,0.015778,-0.034668,0,0,-5,-0.0346532,0.015778,4.96533,4.96548,-0.061703,0.0305362,0.00336802,0,0,0
1780639927972587,52.6707,-0.0354968,0.016203,-0.0345459,0,0,-5,-0.0354968,0.016203,4.96545,4.96561,-0.062607,0.0313962,0.00355694,0,0,0
1780639927988587,52.6867,-0.0361167,0.0165053,-0.0344849,0,0,-5,-0.0361167,0.0165053,4.96552,4.96567,-0.0647934,0.0307752,0.00438075,0,0,0
1780639928012587,52.7107,-0.035727,0.015973,-0.0342712,0,0,-5,-0.035727,0.015973,4.96573,4.96588,-0.0636529,0.0300541,0.00439571,0,0,0
1780639928028587,52.7267,-0.0350793,0.0153698,-0.0341187,0,0,-5,-0.0350793,0.0153698,4.96588,4.96603,-0.0625982,0.0311622,0.00422111,0,0,0
1780639928052587,52.7507,-0.0342565,0.0145891,-0.033905,0,0,-5,-0.0342565,0.0145891,4.96609,4.96623,-0.0623211,0.0318454,0.00440271,0,0,0
1780639928068587,52.7667,-0.0338121,0.0141449,-0.0337524,0,0,-5,-0.0338121,0.0141449,4.96625,4.96638,-0.0633808,0.0325904,0.00433642,0,0,0
1780639928092587,52.7907,-0.0333042,0.0135982,-0.0335388,0,0,-5,-0.0333042,0.0135982,4.96646,4.96659,-0.0626384,0.0326456,0.00480427,0,0,0
1780639928108587,52.8067,-0.0330433,0.013278,-0.0333862,0,0,-5,-0.0330433,0.013278,4.96661,4.96674,-0.0627459,0.0317641,0.00493441,0,0,0
1780639928132587,52.8307,-0.0327638,0.0128584,-0.0332031,0,0,-5,-0.0327638,0.0128584,4.9668,4.96692,-0.0618161,0.0309305,0.00660955,0,0,0
1780639928148587,52.8467,-0.0326409,0.0126143,-0.0330811,0,0,-5,-0.0326409,0.0126143,4.96692,4.96704,-0.0611936,0.0297885,0.00608805,0,0,0
1780639928164587,52.8627,-0.0325645,0.0124002,-0.0329285,0,0,-5,-0.0325645,0.0124002,4.96707,4.96719,-0.0606432,0.0297872,0.00646539,0,0,0
1780639928188587,52.8867,-0.0325419,0.0121592,-0.0327454,0,0,-5,-0.0325419,0.0121592,4.96725,4.96738,-0.0607217,0.0306815,0.00689234,0,0,0
1780639928212587,52.9107,-0.0326437,0.0120139,-0.0325012,0,0,-5,-0.0326437,0.0120139,4.9675,4.96762,-0.060715,0.031329,0.00799757,0,0,0
1780639928228587,52.9267,-0.0327722,0.0119699,-0.0323181,0,0,-5,-0.0327722,0.0119699,4.96768,4.9678,-0.0605234,0.0323693,0.00793316,0,0,0
1780639928252587,52.9507,-0.0330627,0.0119657,-0.032074,0,0,-5,-0.0330627,0.0119657,4.96793,4.96805,-0.0614896,0.0312522,0.00763408,0,0,0
1780639928268587,52.9667,-0.0333109,0.0119874,-0.0319519,0,0,-5,-0.0333109,0.0119874,4.96805,4.96817,-0.0616859,0.0306351,0.00737296,0,0,0
1780639928284587,52.9827,-0.0336103,0.0120411,-0.0318604,0,0,-5,-0.0336103,0.0120411,4.96814,4.96827,-0.0631386,0.0314735,0.00607808,0,0,0
1780639928308587,53.0067,-0.0341606,0.0121835,-0.0317078,0,0,-5,-0.0341606,0.0121835,4.96829,4.96842,-0.0639183,0.0314928,0.00806068,0,0,0
1780639928332587,53.0307,-0.0348265,0.0123899,-0.0314941,0,0,-5,-0.0348265,0.0123899,4.96851,4.96864,-0.0652006,0.0322,0.0084822,0,0,0
1780639928348587,53.0467,-0.0353176,0.0125653,-0.0313721,0,0,-5,-0.0353176,0.0125653,4.96863,4.96877,-0.0652357,0.0326537,0.00913474,0,0,0
1780639928364587,53.0627,-0.0358447,0.0127651,-0.0312195,0,0,-5,-0.0358447,0.0127651,4.96878,4.96893,-0.066281,0.0329453,0.0101435,0,0,0
1780639928388587,53.0867,-0.036743,0.0130876,-0.0309753,0,0,-5,-0.036743,0.0130876,4.96902,4.96918,-0.0687618,0.0314337,0.0116523,0,0,0
1780639928412587,53.1107,-0.0361065,0.012571,-0.0307922,0,0,-5,-0.0361065,0.012571,4.96921,4.96935,-0.0686646,0.0316494,0.0115192,0,0,0
1780639928428587,53.1267,-0.0352534,0.0120254,-0.0307312,0,0,-5,-0.0352534,0.0120254,4.96927,4.96941,-0.0678543,0.0322781,0.0101388,0,0,0
1780639928452587,53.1507,-0.034153,0.0112987,-0.0306091,0,0,-5,-0.034153,0.0112987,4.96939,4.96952,-0.0674613,0.0309305,0.0106727,0,0,0
1780639928468587,53.1667,-0.0335189,0.0108692,-0.0305176,0,0,-5,-0.0335189,0.0108692,4.96948,4.96961,-0.0660377,0.0309232,0.0108471,0,0,0
1780639928492587,53.1907,-0.032698,0.0103001,-0.030426,0,0,-5,-0.032698,0.0103001,4.96957,4.96969,-0.0652327,0.028874,0.0101832,0,0,0
1780639928508587,53.2067,-0.0322466,0.00994806,-0.0303345,0,0,-5,-0.0322466,0.00994806,4.96967,4.96978,-0.0651608,0.0279688,0.00964717,0,0,0
1780639928532587,53.2307,-0.0317046,0.00948706,-0.0302429,0,0,-5,-0.0317046,0.00948706,4.96976,4.96987,-0.0642717,0.0278069,0.00917974,0,0,0
1780639928548587,53.2467,-0.0314188,0.00923465,-0.0302124,0,0,-5,-0.0314188,0.00923465,4.96979,4.9699,-0.0641948,0.0277738,0.00864353,0,0,0
1780639928572587,53.2707,-0.0311048,0.00891204,-0.0300598,0,0,-5,-0.0311048,0.00891204,4.96994,4.97005,-0.063932,0.0269747,0.00981283,0,0,0
1780639928588587,53.2867,-0.0309676,0.00873513,-0.0299377,0,0,-5,-0.0309676,0.00873513,4.97006,4.97017,-0.063643,0.0266389,0.00990934,0,0,0
1780639928612587,53.3107,-0.030884,0.0085278,-0.0297852,0,0,-5,-0.030884,0.0085278,4.97021,4.97032,-0.0643301,0.026231,0.0096927,0,0,0
1780639928628587,53.3267,-0.0308875,0.0084338,-0.0296631,0,0,-5,-0.0308875,0.0084338,4.97034,4.97044,-0.0637328,0.0274211,0.0103383,0,0,0
1780639928652587,53.3507,-0.0309932,0.00835761,-0.0294495,0,0,-5,-0.0309932,0.00835761,4.97055,4.97065,-0.0635343,0.0275513,0.0108302,0,0,0
1780639928668768,53.3669,-0.0311167,0.00834278,-0.0292969,0,0,-5,-0.0311167,0.00834278,4.9707,4.97081,-0.0631927,0.0272011,0.0108232,0,0,0
1780639928684768,53.3829,-0.0312906,0.00835652,-0.0291138,0,0,-5,-0.0312906,0.00835652,4.97089,4.97099,-0.0632181,0.0278139,0.0118983,0,0,0
1780639928708768,53.4069,-0.0316184,0.00843441,-0.0289001,0,0,-5,-0.0316184,0.00843441,4.9711,4.97121,-0.063508,0.0282287,0.012334,0,0,0
1780639928732768,53.4309,-0.0320499,0.00855193,-0.028656,0,0,-5,-0.0320499,0.00855193,4.97134,4.97145,-0.0634923,0.0268915,0.0144538,0,0,0
1780639928748768,53.4469,-0.0323971,0.00865187,-0.0284424,0,0,-5,-0.0323971,0.00865187,4.97156,4.97167,-0.0637302,0.0273806,0.0146956,0,0,0
1780639928772768,53.4709,-0.0329835,0.00883863,-0.0281677,0,0,-5,-0.0329835,0.00883863,4.97183,4.97195,-0.0641444,0.0266985,0.0143324,0,0,0
1780639928788768,53.4869,-0.0334191,0.00898871,-0.0280151,0,0,-5,-0.0334191,0.00898871,4.97198,4.97211,-0.0642219,0.0279084,0.0135145,0,0,0
1780639928812768,53.5109,-0.0328811,0.00872419,-0.0275879,0,0,-5,-0.0328811,0.00872419,4.97241,4.97253,-0.0649712,0.0278614,0.012664,0,0,0
1780639928828768,53.5269,-0.0322054,0.00841574,-0.0272522,0,0,-5,-0.0322054,0.00841574,4.97275,4.97286,-0.0651449,0.028136,0.0130414,0,0,0
1780639928852768,53.5509,-0.0313409,0.00801112,-0.0267944,0,0,-5,-0.0313409,0.00801112,4.97321,4.97331,-0.0641231,0.0269853,0.0113776,0,0,0
1780639928868768,53.5669,-0.0308618,0.0077968,-0.0265503,0,0,-5,-0.0308618,0.0077968,4.97345,4.97355,-0.0632031,0.0285361,0.0115652,0,0,0
1780639928884768,53.5829,-0.030454,0.00764635,-0.0263062,0,0,-5,-0.030454,0.00764635,4.97369,4.97379,-0.062859,0.0300343,0.0111063,0,0,0
1780639928908768,53.6069,-0.0299641,0.00750277,-0.0259399,0,0,-5,-0.0299641,0.00750277,4.97406,4.97416,-0.0618364,0.0297247,0.00992664,0,0,0
1780639928932768,53.6309,-0.029588,0.00741004,-0.0256042,0,0,-5,-0.029588,0.00741004,4.9744,4.97449,-0.0609532,0.0298085,0.0101543,0,0,0
1780639928948768,53.6469,-0.029411,0.00738817,-0.0253906,0,0,-5,-0.029411,0.00738817,4.97461,4.9747,-0.0607907,0.0296283,0.00963601,0,0,0
1780639928972768,53.6709,-0.0292825,0.00738734,-0.0250549,0,0,-5,-0.0292825,0.00738734,4.97495,4.97504,-0.0628707,0.0286088,0.00941766,0,0,0
1780639928988768,53.6869,-0.0292937,0.00741642,-0.0248718,0,0,-5,-0.0292937,0.00741642,4.97513,4.97522,-0.063449,0.0281601,0.00925304,0,0,0
1780639929012768,53.7109,-0.0294254,0.00749132,-0.0245972,0,0,-5,-0.0294254,0.00749132,4.9754,4.9755,-0.0644968,0.0277013,0.00967414,0,0,0
1780639929028768,53.7269,-0.0295841,0.00756694,-0.0244141,0,0,-5,-0.0295841,0.00756694,4.97559,4.97568,-0.0639822,0.0275528,0.00988358,0,0,0
1780639929052768,53.7509,-0.0298937,0.00772044,-0.0241089,0,0,-5,-0.0298937,0.00772044,4.97589,4.97599,-0.0638234,0.0270543,0.00921928,0,0,0
1780639929068768,53.7669,-0.0301465,0.00782879,-0.0239258,0,0,-5,-0.0301465,0.00782879,4.97607,4.97617,-0.0639921,0.0262564,0.00857769,0,0,0
1780639929092768,53.7909,-0.0306047,0.00799774,-0.0236206,0,0,-5,-0.0306047,0.00799774,4.97638,4.97648,-0.0635825,0.025283,0.0081682,0,0,0
1780639929108768,53.8069,-0.0309604,0.00812018,-0.0234375,0,0,-5,-0.0309604,0.00812018,4.97656,4.97667,-0.0636854,0.0235975,0.00808264,0,0,0
1780639929132768,53.8309,-0.0315866,0.00830372,-0.0231628,0,0,-5,-0.0315866,0.00830372,4.97684,4.97694,-0.0647864,0.0225645,0.00848494,0,0,0
1780639929148768,53.8469,-0.0320541,0.00845023,-0.0229492,0,0,-5,-0.0320541,0.00845023,4.97705,4.97716,-0.0647082,0.0232104,0.00851132,0,0,0
1780639929172768,53.8709,-0.0328526,0.00869731,-0.022644,0,0,-5,-0.0328526,0.00869731,4.97736,4.97747,-0.0672793,0.0220488,0.00797903,0,0,0
1780639929188768,53.8869,-0.0334546,0.00886409,-0.0224609,0,0,-5,-0.0334546,0.00886409,4.97754,4.97766,-0.0679977,0.0225046,0.00776574,0,0,0
1780639929212768,53.9109,-0.0332349,0.00821753,-0.0221252,0,0,-5,-0.0332349,0.00821753,4.97787,4.97799,-0.066149,0.0206448,0.00702408,0,0,0
1780639929228768,53.9269,-0.0327813,0.00752076,-0.0218811,0,0,-5,-0.0327813,0.00752076,4.97812,4.97823,-0.0655207,0.0202564,0.0081149,0,0,0
1780639929252768,53.9509,-0.0322396,0.00654973,-0.0215454,0,0,-5,-0.0322396,0.00654973,4.97845,4.97856,-0.0657823,0.0186834,0.00686586,0,0,0
1780639929268768,53.9669,-0.0319869,0.00595853,-0.0213318,0,0,-5,-0.0319869,0.00595853,4.97867,4.97877,-0.0659249,0.0191929,0.00552587,0,0,0
1780639929292768,53.9909,-0.031714,0.00517034,-0.0210571,0,0,-5,-0.031714,0.00517034,4.97894,4.97905,-0.0644729,0.018236,0.00700424,0,0,0
1780639929308768,54.0069,-0.0316012,0.00466613,-0.0208435,0,0,-5,-0.0316012,0.00466613,4.97916,4.97926,-0.0638506,0.0164166,0.00655083,0,0,0
1780639929332768,54.0309,-0.0315406,0.00396585,-0.0205688,0,0,-5,-0.0315406,0.00396585,4.97943,4.97953,-0.0634517,0.0162068,0.00575142,0,0,0
1780639929348768,54.0469,-0.0315671,0.00353781,-0.0203857,0,0,-5,-0.0315671,0.00353781,4.97961,4.97972,-0.0635482,0.0156665,0.00485488,0,0,0
1780639929372768,54.0709,-0.0317131,0.00294994,-0.0201111,0,0,-5,-0.0317131,0.00294994,4.97989,4.97999,-0.0635804,0.0154993,0.00599215,0,0,0
1780639929388768,54.0869,-0.0318689,0.00260077,-0.0199585,0,0,-5,-0.0318689,0.00260077,4.98004,4.98014,-0.0627393,0.0148626,0.00602854,0,0,0
1780639929412768,54.1109,-0.0321571,0.00210231,-0.0196838,0,0,-5,-0.0321571,0.00210231,4.98032,4.98042,-0.0620802,0.0137842,0.00642298,0,0,0
1780639929428768,54.1269,-0.0324096,0.00179359,-0.0194702,0,0,-5,-0.0324096,0.00179359,4.98053,4.98064,-0.0631072,0.0125912,0.00714751,0,0,0
1780639929452768,54.1509,-0.032895,0.00133699,-0.019165,0,0,-5,-0.032895,0.00133699,4.98083,4.98094,-0.063704,0.0109418,0.00687639,0,0,0
1780639929468768,54.1669,-0.0332741,0.00106307,-0.0189514,0,0,-5,-0.0332741,0.00106307,4.98105,4.98116,-0.0635825,0.0113098,0.00787595,0,0,0
1780639929492768,54.1909,-0.0338923,0.000689617,-0.0186157,0,0,-5,-0.0338923,0.000689617,4.98138,4.9815,-0.0633936,0.0102605,0.00911632,0,0,0
1780639929508768,54.2069,-0.0343605,0.000446496,-0.0183716,0,0,-5,-0.0343605,0.000446496,4.98163,4.98175,-0.0644791,0.00895199,0.0100653,0,0,0
1780639929532768,54.2309,-0.0351398,9.97864e-05,-0.0180664,0,0,-5,-0.0351398,9.97864e-05,4.98193,4.98206,-0.0644505,0.00851376,0.00962901,0,0,0
1780639929548768,54.2469,-0.0356992,-0.000109527,-0.0178223,0,0,-5,-0.0356992,-0.000109527,4.98218,4.98231,-0.0644221,0.00846722,0.0100073,0,0,0
1780639929572768,54.2709,-0.0365893,-0.000383672,-0.0174866,0,0,-5,-0.0365893,-0.000383672,4.98251,4.98265,-0.0648611,0.00826318,0.00818697,0,0,0
1780639929588768,54.2869,-0.0372336,-0.000547951,-0.0172729,0,0,-5,-0.0372336,-0.000547951,4.98273,4.98287,-0.0655268,0.00852908,0.00698527,0,0,0
1780639929612768,54.3109,-0.036873,-0.000940215,-0.0169678,0,0,-5,-0.036873,-0.000940215,4.98303,4.98317,-0.0648258,0.00956118,0.00538266,0,0,0
1780639929628768,54.3269,-0.0362775,-0.00123681,-0.0167847,0,0,-5,-0.0362775,-0.00123681,4.98322,4.98335,-0.0658983,0.00841872,0.00588385,0,0,0
1780639929652768,54.3509,-0.0355472,-0.00165693,-0.0164795,0,0,-5,-0.0355472,-0.00165693,4.98352,4.98365,-0.064962,0.00603993,0.00647968,0,0,0
1780639929668953,54.367,-0.0351563,-0.00194664,-0.0163269,0,0,-5,-0.0351563,-0.00194664,4.98367,4.9838,-0.0650924,0.00484845,0.00629123,0,0,0
1780639929692953,54.391,-0.034716,-0.00234879,-0.0160522,0,0,-5,-0.034716,-0.00234879,4.98395,4.98407,-0.064826,0.00463843,0.00682156,0,0,0
1780639929708953,54.407,-0.0345147,-0.00259743,-0.0158997,0,0,-5,-0.0345147,-0.00259743,4.9841,4.98422,-0.065996,0.0039278,0.00756505,0,0,0
1780639929732953,54.431,-0.0343538,-0.00294907,-0.0157166,0,0,-5,-0.0343538,-0.00294907,4.98428,4.9844,-0.0661065,0.00345371,0.00547991,0,0,0
1780639929748953,54.447,-0.0343208,-0.00316281,-0.0155945,0,0,-5,-0.0343208,-0.00316281,4.98441,4.98452,-0.0655544,0.00362164,0.00435978,0,0,0
1780639929772953,54.471,-0.0343835,-0.00343602,-0.0154724,0,0,-5,-0.0343835,-0.00343602,4.98453,4.98465,-0.0664134,0.00410524,0.00402563,0,0,0
1780639929788953,54.487,-0.0345083,-0.0035993,-0.0154114,0,0,-5,-0.0345083,-0.0035993,4.98459,4.98471,-0.0667937,0.0035519,0.00364329,0,0,0
1780639929804953,54.503,-0.0346785,-0.00375103,-0.0153503,0,0,-5,-0.0346785,-0.00375103,4.98465,4.98477,-0.0659252,0.00358666,0.00314327,0,0,0
1780639929828953,54.527,-0.0350091,-0.00393918,-0.0152588,0,0,-5,-0.0350091,-0.00393918,4.98474,4.98487,-0.0658207,0.00379646,0.00376881,0,0,0
1780639929844953,54.543,-0.0352878,-0.00405601,-0.0152283,0,0,-5,-0.0352878,-0.00405601,4.98477,4.9849,-0.0662488,0.00269361,0.00369415,0,0,0
1780639929868953,54.567,-0.0357961,-0.00423355,-0.0151367,0,0,-5,-0.0357961,-0.00423355,4.98486,4.98499,-0.0665383,0.00253141,0.00512545,0,0,0
1780639929884953,54.583,-0.0362018,-0.0043273,-0.0150452,0,0,-5,-0.0362018,-0.0043273,4.98495,4.98509,-0.0675271,0.0029027,0.00531731,0,0,0
1780639929908953,54.607,-0.0368784,-0.00445978,-0.0148926,0,0,-5,-0.0368784,-0.00445978,4.98511,4.98525,-0.0662547,0.00161206,0.00646698,0,0,0
1780639929932953,54.631,-0.0376,-0.00460855,-0.0146179,0,0,-5,-0.0376,-0.00460855,4.98538,4.98553,-0.0642525,-0.000436892,0.0148673,0,0,0
1780639929948953,54.647,-0.0381144,-0.00469991,-0.0145264,0,0,-5,-0.0381144,-0.00469991,4.98547,4.98562,-0.0651848,0.000258378,0.00708453,0,0,0
1780639929972953,54.671,-0.0389561,-0.00480351,-0.0144348,0,0,-5,-0.0389561,-0.00480351,4.98557,4.98572,-0.0655807,0.00147746,0.00678208,0,0,0
1780639929988953,54.687,-0.0395644,-0.00486211,-0.0143433,0,0,-5,-0.0395644,-0.00486211,4.98566,4.98582,-0.0663794,0.000641713,0.00754355,0,0,0
1780639930012953,54.711,-0.0393215,-0.00518955,-0.0142822,0,0,-5,-0.0393215,-0.00518955,4.98572,4.98588,-0.0675662,0.00165658,0.0071764,0,0,0
1780639930028953,54.727,-0.0388464,-0.00546422,-0.0142517,0,0,-5,-0.0388464,-0.00546422,4.98575,4.9859,-0.0676168,0.00130489,0.00675991,0,0,0
1780639930044953,54.743,-0.0384556,-0.00572486,-0.0142212,0,0,-5,-0.0384556,-0.00572486,4.98578,4.98593,-0.0677849,-9.61159e-05,0.00603753,0,0,0
1780639930068953,54.767,-0.0380115,-0.00612176,-0.0142212,0,0,-5,-0.0380115,-0.00612176,4.98578,4.98593,-0.0671349,-0.000773998,0.00398464,0,0,0
1780639930092953,54.791,-0.0377417,-0.00647923,-0.0142517,0,0,-5,-0.0377417,-0.00647923,4.98575,4.9859,-0.068368,-0.000634507,0.00360677,0,0,0
1780639930108953,54.807,-0.0376603,-0.00669299,-0.0142822,0,0,-5,-0.0376603,-0.00669299,4.98572,4.98586,-0.0690473,-0.000990467,0.00285814,0,0,0
1780639930132953,54.831,-0.0376661,-0.00701474,-0.0143127,0,0,-5,-0.0376661,-0.00701474,4.98569,4.98583,-0.0691208,-0.00224495,0.00186777,0,0,0
1780639930148953,54.847,-0.0377459,-0.00721709,-0.0143738,0,0,-5,-0.0377459,-0.00721709,4.98563,4.98577,-0.068794,-0.00257328,0.00130314,0,0,0
1780639930172953,54.871,-0.0379614,-0.00750537,-0.0144348,0,0,-5,-0.0379614,-0.00750537,4.98557,4.98572,-0.0691998,-0.00259751,0.00144746,0,0,0
1780639930188953,54.887,-0.0381723,-0.00767448,-0.0144653,0,0,-5,-0.0381723,-0.00767448,4.98553,4.98569,-0.0690592,-0.00169715,0.00110486,0,0,0
1780639930212953,54.911,-0.0385749,-0.00789462,-0.0144958,0,0,-5,-0.0385749,-0.00789462,4.9855,4.98566,-0.0689777,-0.0016355,0.00087517,0,0,0
1780639930228953,54.927,-0.0389116,-0.00802478,-0.0145264,0,0,-5,-0.0389116,-0.00802478,4.98547,4.98563,-0.069256,-0.00194658,0.00190949,0,0,0
1780639930252953,54.951,-0.0394702,-0.0082264,-0.0145874,0,0,-5,-0.0394702,-0.0082264,4.98541,4.98558,-0.0692094,-0.00393003,0.00154712,0,0,0
1780639930268953,54.967,-0.0398985,-0.00837143,-0.0146484,0,0,-5,-0.0398985,-0.00837143,4.98535,4.98552,-0.069925,-0.00459454,0.00116258,0,0,0
1780639930292953,54.991,-0.0406077,-0.00860149,-0.01474,0,0,-5,-0.0406077,-0.00860149,4.98526,4.98543,-0.0685278,-0.00612244,5.3389e-05,0,0,0
1780639930308953,55.007,-0.041133,-0.00874908,-0.014801,0,0,-5,-0.041133,-0.00874908,4.9852,4.98538,-0.0693261,-0.00556197,0.00100874,0,0,0
1780639930332953,55.031,-0.0420052,-0.00894901,-0.0148621,0,0,-5,-0.0420052,-0.00894901,4.98514,4.98532,-0.0707312,-0.005425,0.00172778,0,0,0
1780639930348953,55.047,-0.0426445,-0.0090717,-0.0148926,0,0,-5,-0.0426445,-0.0090717,4.98511,4.9853,-0.0708029,-0.00556496,0.00271492,0,0,0
1780639930372953,55.071,-0.0436543,-0.00923449,-0.0149231,0,0,-5,-0.0436543,-0.00923449,4.98508,4.98528,-0.0704148,-0.00422279,0.00243826,0,0,0
1780639930388953,55.087,-0.0443629,-0.00931588,-0.0149536,0,0,-5,-0.0443629,-0.00931588,4.98505,4.98525,-0.070397,-0.00398813,0.00191144,0,0,0
1780639930412953,55.111,-0.0444883,-0.00941214,-0.0151672,0,0,-5,-0.0444883,-0.00941214,4.98483,4.98504,-0.070413,-0.00309024,0.00121098,0,0,0
1780639930428953,55.127,-0.0443299,-0.00947258,-0.0153198,0,0,-5,-0.0443299,-0.00947258,4.98468,4.98489,-0.0708954,-0.00381674,0.0018751,0,0,0
1780639930444953,55.143,-0.0442412,-0.00953357,-0.0154724,0,0,-5,-0.0442412,-0.00953357,4.98453,4.98473,-0.070505,-0.00396777,0.00157159,0,0,0
1780639930468953,55.167,-0.044252,-0.0096278,-0.0157166,0,0,-5,-0.044252,-0.0096278,4.98428,4.98449,-0.0723579,-0.00409641,0.00243858,0,0,0
1780639930484953,55.183,-0.0443547,-0.00967878,-0.0158691,0,0,-5,-0.0443547,-0.00967878,4.98413,4.98434,-0.0728764,-0.00439186,0.00153211,0,0,0
1780639930508953,55.207,-0.0446323,-0.0097718,-0.0160828,0,0,-5,-0.0446323,-0.0097718,4.98392,4.98413,-0.0727766,-0.00475329,0.00271855,0,0,0
1780639930524953,55.223,-0.0448841,-0.00982939,-0.0162048,0,0,-5,-0.0448841,-0.00982939,4.9838,4.98401,-0.0734194,-0.00553302,0.00376914,0,0,0
1780639930548953,55.247,-0.0453734,-0.00990905,-0.0163574,0,0,-5,-0.0453734,-0.00990905,4.98364,4.98386,-0.0729943,-0.00576326,0.00261055,0,0,0
1780639930572953,55.271,-0.0459705,-0.00999007,-0.016571,0,0,-5,-0.0459705,-0.00999007,4.98343,4.98365,-0.0733039,-0.00626886,0.00111044,0,0,0
1780639930588953,55.287,-0.0464252,-0.0100436,-0.0166931,0,0,-5,-0.0464252,-0.0100436,4.98331,4.98353,-0.0732706,-0.00555266,0.00137797,0,0,0
1780639930612953,55.311,-0.0471846,-0.010096,-0.0168762,0,0,-5,-0.0471846,-0.010096,4.98312,4.98336,-0.0741118,-0.00534613,0.00346457,0,0,0
1780639930628953,55.327,-0.0477572,-0.0101339,-0.0169678,0,0,-5,-0.0477572,-0.0101339,4.98303,4.98327,-0.0754043,-0.00572374,0.00372064,0,0,0
1780639930652953,55.351,-0.0487093,-0.0101988,-0.0171204,0,0,-5,-0.0487093,-0.0101988,4.98288,4.98313,-0.0767216,-0.00612865,0.00288324,0,0,0
1780639930669142,55.3672,-0.0494244,-0.0102368,-0.0172424,0,0,-5,-0.0494244,-0.0102368,4.98276,4.98301,-0.0788947,-0.00567429,0.00281674,0,0,0
1780639930685142,55.3832,-0.050172,-0.0102645,-0.017395,0,0,-5,-0.050172,-0.0102645,4.9826,4.98287,-0.0792663,-0.00511924,0.00317857,0,0,0
1780639930709142,55.4072,-0.0513877,-0.0102858,-0.0175781,0,0,-5,-0.0513877,-0.0102858,4.98242,4.9827,-0.0801228,-0.0047782,0.00292129,0,0,0
1780639930733142,55.4312,-0.052682,-0.0103134,-0.0177917,0,0,-5,-0.052682,-0.0103134,4.98221,4.9825,-0.0806812,-0.00576832,0.00244809,0,0,0
1780639930749142,55.4472,-0.0535706,-0.0103375,-0.0179138,0,0,-5,-0.0535706,-0.0103375,4.98209,4.98238,-0.0812372,-0.00581181,0.00122336,0,0,0
1780639930773142,55.4712,-0.0549522,-0.0103598,-0.018158,0,0,-5,-0.0549522,-0.0103598,4.98184,4.98216,-0.0804815,-0.00567415,0.000750561,0,0,0
1780639930789142,55.4872,-0.0559092,-0.0103875,-0.01828,0,0,-5,-0.0559092,-0.0103875,4.98172,4.98204,-0.0813589,-0.00652882,0.000357871,0,0,0
1780639930813142,55.5112,-0.0554892,-0.010342,-0.0184326,0,0,-5,-0.0554892,-0.010342,4.98157,4.98189,-0.0815086,-0.00574413,0.00063574,0,0,0
1780639930829142,55.5272,-0.0546847,-0.0102885,-0.0184631,0,0,-5,-0.0546847,-0.0102885,4.98154,4.98185,-0.0806517,-0.00572932,0.00252819,0,0,0
1780639930853142,55.5512,-0.0536561,-0.0102132,-0.0185242,0,0,-5,-0.0536561,-0.0102132,4.98148,4.98178,-0.0797824,-0.00585025,0.00236284,0,0,0
1780639930869142,55.5672,-0.053097,-0.0101714,-0.0185242,0,0,-5,-0.053097,-0.0101714,4.98148,4.98177,-0.0797331,-0.00616907,0.00282857,0,0,0
1780639930893142,55.5912,-0.0524215,-0.0101195,-0.0185852,0,0,-5,-0.0524215,-0.0101195,4.98141,4.9817,-0.079321,-0.00645462,0.00250097,0,0,0
1780639930909142,55.6072,-0.0520871,-0.0100814,-0.0186157,0,0,-5,-0.0520871,-0.0100814,4.98138,4.98167,-0.0794153,-0.00575283,0.00310041,0,0,0
1780639930933142,55.6312,-0.0517292,-0.0100085,-0.0186462,0,0,-5,-0.0517292,-0.0100085,4.98135,4.98163,-0.0791023,-0.00475674,0.00165484,0,0,0
1780639930949142,55.6472,-0.0515806,-0.00996622,-0.0187073,0,0,-5,-0.0515806,-0.00996622,4.98129,4.98157,-0.0779501,-0.00558203,0.00165647,0,0,0
1780639930973142,55.6712,-0.0514543,-0.00990957,-0.0187378,0,0,-5,-0.0514543,-0.00990957,4.98126,4.98154,-0.0766403,-0.00532334,0.00355526,0,0,0
1780639930989142,55.6872,-0.0514367,-0.00987285,-0.0187683,0,0,-5,-0.0514367,-0.00987285,4.98123,4.98151,-0.0757591,-0.00532956,0.00343111,0,0,0
1780639931013142,55.7112,-0.0515395,-0.00981903,-0.0187683,0,0,-5,-0.0515395,-0.00981903,4.98123,4.98151,-0.0767695,-0.00481303,0.0041631,0,0,0
1780639931029142,55.7272,-0.0516825,-0.00978287,-0.0187683,0,0,-5,-0.0516825,-0.00978287,4.98123,4.98151,-0.0767498,-0.00530026,0.00344954,0,0,0
1780639931053142,55.7512,-0.0520099,-0.0097288,-0.0187988,0,0,-5,-0.0520099,-0.0097288,4.9812,4.98148,-0.0772175,-0.00539726,0.00285705,0,0,0
1780639931069142,55.7672,-0.0523029,-0.00970488,-0.0187988,0,0,-5,-0.0523029,-0.00970488,4.9812,4.98149,-0.0769574,-0.00522712,0.00334411,0,0,0
1780639931093142,55.7912,-0.0528369,-0.00965528,-0.0187988,0,0,-5,-0.0528369,-0.00965528,4.9812,4.98149,-0.0769602,-0.00492842,0.00412676,0,0,0
1780639931109142,55.8072,-0.0532416,-0.00962325,-0.0187683,0,0,-5,-0.0532416,-0.00962325,4.98123,4.98153,-0.0772459,-0.00437748,0.00481928,0,0,0
1780639931133142,55.8312,-0.0539307,-0.00959448,-0.0187683,0,0,-5,-0.0539307,-0.00959448,4.98123,4.98153,-0.0749952,-0.00595072,0.00363614,0,0,0
1780639931149142,55.8472,-0.0544322,-0.00959464,-0.0187683,0,0,-5,-0.0544322,-0.00959464,4.98123,4.98154,-0.0758007,-0.00677758,0.00346892,0,0,0
1780639931173142,55.8712,-0.0552645,-0.00963402,-0.0187378,0,0,-5,-0.0552645,-0.00963402,4.98126,4.98158,-0.074882,-0.00855136,0.00334881,0,0,0
1780639931189142,55.8872,-0.0558414,-0.00966456,-0.0187378,0,0,-5,-0.0558414,-0.00966456,4.98126,4.98158,-0.0739707,-0.00742379,0.00366717,0,0,0
1780639931213142,55.9112,-0.0552405,-0.00962798,-0.0187073,0,0,-5,-0.0552405,-0.00962798,4.98129,4.98161,-0.072211,-0.00758584,0.00447673,0,0,0
1780639931229142,55.9272,-0.0544509,-0.00958586,-0.0186462,0,0,-5,-0.0544509,-0.00958586,4.98135,4.98166,-0.07241,-0.00743304,0.00470126,0,0,0
1780639931253142,55.9512,-0.0534739,-0.00953587,-0.0185547,0,0,-5,-0.0534739,-0.00953587,4.98145,4.98174,-0.0734008,-0.00804282,0.00389352,0,0,0
1780639931269142,55.9672,-0.0529471,-0.00952171,-0.0184937,0,0,-5,-0.0529471,-0.00952171,4.98151,4.9818,-0.073071,-0.00918871,0.0037758,0,0,0
1780639931293142,55.9912,-0.0523242,-0.00953197,-0.0183716,0,0,-5,-0.0523242,-0.00953197,4.98163,4.98191,-0.0732214,-0.0105904,0.00403305,0,0,0
1780639931309142,56.0072,-0.0520008,-0.00956702,-0.0183105,0,0,-5,-0.0520008,-0.00956702,4.98169,4.98197,-0.0710534,-0.0115103,0.00393787,0,0,0
1780639931333142,56.0312,-0.0516163,-0.00962555,-0.0181885,0,0,-5,-0.0516163,-0.00962555,4.98181,4.98209,-0.0707476,-0.0100356,0.00478641,0,0,0
1780639931349142,56.0472,-0.0514477,-0.00964555,-0.0181274,0,0,-5,-0.0514477,-0.00964555,4.98187,4.98215,-0.0707851,-0.00922144,0.00643397,0,0,0
1780639931365142,56.0632,-0.0513506,-0.00966568,-0.0180359,0,0,-5,-0.0513506,-0.00966568,4.98196,4.98224,-0.0707339,-0.00949613,0.00710864,0,0,0
1780639931389142,56.0872,-0.0513142,-0.0096878,-0.0178833,0,0,-5,-0.0513142,-0.0096878,4.98212,4.98239,-0.0697408,-0.00873144,0.00678923,0,0,0
1780639931405142,56.1032,-0.051356,-0.00969334,-0.0178528,0,0,-5,-0.051356,-0.00969334,4.98215,4.98242,-0.0690416,-0.00794365,0.00643375,0,0,0
1780639931429142,56.1272,-0.0515106,-0.00971667,-0.0177612,0,0,-5,-0.0515106,-0.00971667,4.98224,4.98251,-0.0682584,-0.00891166,0.00661294,0,0,0
1780639931453142,56.1512,-0.0517598,-0.00976053,-0.0176392,0,0,-5,-0.0517598,-0.00976053,4.98236,4.98264,-0.0664723,-0.00948251,0.00751964,0,0,0
1780639931469142,56.1672,-0.0519622,-0.00980693,-0.0175781,0,0,-5,-0.0519622,-0.00980693,4.98242,4.9827,-0.065332,-0.0105284,0.00845945,0,0,0
1780639931485142,56.1832,-0.0522057,-0.00987261,-0.0174866,0,0,-5,-0.0522057,-0.00987261,4.98251,4.9828,-0.0655148,-0.0118975,0.00773113,0,0,0
1780639931509142,56.2072,-0.0526845,-0.0100039,-0.0173645,0,0,-5,-0.0526845,-0.0100039,4.98264,4.98292,-0.0672923,-0.0128546,0.00854868,0,0,0
1780639931525142,56.2232,-0.0530851,-0.0101091,-0.0172729,0,0,-5,-0.0530851,-0.0101091,4.98273,4.98302,-0.0681921,-0.0135763,0.00853439,0,0,0
1780639931549142,56.2472,-0.0537511,-0.0102743,-0.0171204,0,0,-5,-0.0537511,-0.0102743,4.98288,4.98318,-0.0680004,-0.0135112,0.00739332,0,0,0
1780639931565142,56.2632,-0.0542467,-0.0103921,-0.0170288,0,0,-5,-0.0542467,-0.0103921,4.98297,4.98328,-0.0681641,-0.0139153,0.00750937,0,0,0
1780639931589142,56.2872,-0.0550677,-0.0105552,-0.0169067,0,0,-5,-0.0550677,-0.0105552,4.98309,4.98341,-0.0685879,-0.0128178,0.00638759,0,0,0
1780639931605142,56.3032,-0.0548905,-0.0104965,-0.0168152,0,0,-5,-0.0548905,-0.0104965,4.98318,4.9835,-0.0679915,-0.0124073,0.00592275,0,0,0
1780639931629142,56.3272,-0.0535911,-0.0101587,-0.0166321,0,0,-5,-0.0535911,-0.0101587,4.98337,4.98367,-0.0650755,-0.0109135,0.00705853,0,0,0
1780639931645142,56.3432,-0.0528395,-0.00995481,-0.0164795,0,0,-5,-0.0528395,-0.00995481,4.98352,4.98381,-0.0654308,-0.0113488,0.00734483,0,0,0
1780639931669334,56.3674,-0.0518861,-0.00966892,-0.0163269,0,0,-5,-0.0518861,-0.00966892,4.98367,4.98395,-0.0645578,-0.0107209,0.00617824,0,0,0
1780639931693334,56.3914,-0.0511033,-0.00940142,-0.0161743,0,0,-5,-0.0511033,-0.00940142,4.98383,4.9841,-0.0640326,-0.010861,0.00762483,0,0,0
1780639931709334,56.4074,-0.050682,-0.00924589,-0.0160828,0,0,-5,-0.050682,-0.00924589,4.98392,4.98418,-0.0644412,-0.0106215,0.00761329,0,0,0
1780639931733334,56.4314,-0.0502003,-0.00901763,-0.0159302,0,0,-5,-0.0502003,-0.00901763,4.98407,4.98433,-0.0642519,-0.00985569,0.00566516,0,0,0
1780639931749334,56.4474,-0.0499616,-0.00887825,-0.0158386,0,0,-5,-0.0499616,-0.00887825,4.98416,4.98442,-0.0637174,-0.010003,0.00671754,0,0,0
1780639931773334,56.4714,-0.0497346,-0.00868163,-0.015625,0,0,-5,-0.0497346,-0.00868163,4.98438,4.98463,-0.0641313,-0.0104961,0.00611964,0,0,0
1780639931789334,56.4874,-0.0496656,-0.00856015,-0.0155029,0,0,-5,-0.0496656,-0.00856015,4.9845,4.98475,-0.0648307,-0.00939243,0.00540825,0,0,0
1780639931813334,56.5114,-0.0497043,-0.00838914,-0.0153198,0,0,-5,-0.0497043,-0.00838914,4.98468,4.98494,-0.0656944,-0.00886161,0.00447785,0,0,0
1780639931829334,56.5274,-0.0498051,-0.00827052,-0.0152283,0,0,-5,-0.0498051,-0.00827052,4.98477,4.98503,-0.065299,-0.00837191,0.00344191,0,0,0
1780639931853334,56.5514,-0.0500449,-0.00809895,-0.0150757,0,0,-5,-0.0500449,-0.00809895,4.98492,4.98518,-0.0647036,-0.00747831,0.0043534,0,0,0
1780639931869334,56.5674,-0.0502628,-0.00799011,-0.0149536,0,0,-5,-0.0502628,-0.00799011,4.98505,4.98531,-0.0646783,-0.00764446,0.00469847,0,0,0
1780639931893334,56.5914,-0.0506971,-0.00785326,-0.014801,0,0,-5,-0.0506971,-0.00785326,4.9852,4.98546,-0.0654862,-0.00810204,0.0045278,0,0,0
1780639931909334,56.6074,-0.051039,-0.00778093,-0.014679,0,0,-5,-0.051039,-0.00778093,4.98532,4.98559,-0.0653133,-0.00837458,0.00528371,0,0,0
1780639931933334,56.6314,-0.0516258,-0.00768768,-0.0145264,0,0,-5,-0.0516258,-0.00768768,4.98547,4.98575,-0.0644684,-0.00792581,0.00536596,0,0,0
1780639931949334,56.6474,-0.0520585,-0.00762379,-0.0144043,0,0,-5,-0.0520585,-0.00762379,4.9856,4.98587,-0.0638985,-0.00727311,0.00543416,0,0,0
1780639931973334,56.6714,-0.0527395,-0.00751105,-0.0142822,0,0,-5,-0.0527395,-0.00751105,4.98572,4.986,-0.0629284,-0.00611185,0.00492969,0,0,0
1780639931989334,56.6874,-0.0532415,-0.00742938,-0.0141907,0,0,-5,-0.0532415,-0.00742938,4.98581,4.9861,-0.0630217,-0.00572659,0.00525772,0,0,0
1780639932013334,56.7114,-0.0526479,-0.0072238,-0.0141296,0,0,-5,-0.0526479,-0.0072238,4.98587,4.98615,-0.0630422,-0.00505774,0.00534107,0,0,0
1780639932029334,56.7274,-0.0518715,-0.007043,-0.0140991,0,0,-5,-0.0518715,-0.007043,4.9859,4.98618,-0.0620919,-0.00382515,0.00634613,0,0,0
1780639932053334,56.7514,-0.0508253,-0.00676157,-0.0140686,0,0,-5,-0.0508253,-0.00676157,4.98593,4.9862,-0.0607671,-0.00333327,0.00558695,0,0,0
1780639932069334,56.7674,-0.0502393,-0.00658328,-0.0140686,0,0,-5,-0.0502393,-0.00658328,4.98593,4.98619,-0.0609268,-0.00320021,0.00622005,0,0,0
1780639932093334,56.7914,-0.0495119,-0.00635525,-0.0140076,0,0,-5,-0.0495119,-0.00635525,4.98599,4.98624,-0.06,-0.00426889,0.00660542,0,0,0
1780639932109334,56.8074,-0.0491111,-0.00621611,-0.0139771,0,0,-5,-0.0491111,-0.00621611,4.98602,4.98627,-0.0599594,-0.00435932,0.00526063,0,0,0
1780639932133334,56.8314,-0.048635,-0.00602281,-0.0139465,0,0,-5,-0.048635,-0.00602281,4.98605,4.98629,-0.0586964,-0.00477287,0.00570346,0,0,0
1780639932149334,56.8474,-0.0483917,-0.00592384,-0.013916,0,0,-5,-0.0483917,-0.00592384,4.98608,4.98632,-0.0583395,-0.00607734,0.00540895,0,0,0
1780639932173334,56.8714,-0.048142,-0.00581546,-0.0138855,0,0,-5,-0.048142,-0.00581546,4.98611,4.98635,-0.058319,-0.00705404,0.00539294,0,0,0
1780639932189334,56.8874,-0.0480484,-0.00576589,-0.0138245,0,0,-5,-0.0480484,-0.00576589,4.98618,4.98641,-0.0587198,-0.00687106,0.00544176,0,0,0
1780639932213334,56.9114,-0.0480155,-0.00570626,-0.0137329,0,0,-5,-0.0480155,-0.00570626,4.98627,4.9865,-0.0589588,-0.0070119,0.00357078,0,0,0
1780639932229334,56.9274,-0.0480734,-0.00566996,-0.0137024,0,0,-5,-0.0480734,-0.00566996,4.9863,4.98653,-0.0593222,-0.0072554,0.00415849,0,0,0
1780639932253334,56.9514,-0.0482579,-0.00564584,-0.0136414,0,0,-5,-0.0482579,-0.00564584,4.98636,4.9866,-0.058851,-0.00856727,0.00299135,0,0,0
1780639932269334,56.9674,-0.0484379,-0.00564627,-0.0136108,0,0,-5,-0.0484379,-0.00564627,4.98639,4.98663,-0.0590572,-0.0086949,0.00328767,0,0,0
1780639932293334,56.9914,-0.0487739,-0.00564408,-0.0135803,0,0,-5,-0.0487739,-0.00564408,4.98642,4.98666,-0.0578964,-0.00776996,0.00406538,0,0,0
1780639932309334,57.0074,-0.0490452,-0.00565188,-0.0135193,0,0,-5,-0.0490452,-0.00565188,4.98648,4.98673,-0.0577109,-0.0078505,0.00525815,0,0,0
1780639932333334,57.0314,-0.0495478,-0.00565333,-0.0133972,0,0,-5,-0.0495478,-0.00565333,4.9866,4.98685,-0.0581145,-0.00815251,0.0047604,0,0,0
1780639932349334,57.0474,-0.0499427,-0.00567488,-0.0133362,0,0,-5,-0.0499427,-0.00567488,4.98666,4.98692,-0.0588428,-0.00894517,0.00438841,0,0,0
1780639932365334,57.0634,-0.0503666,-0.00570885,-0.0132751,0,0,-5,-0.0503666,-0.00570885,4.98672,4.98698,-0.0576876,-0.00875803,0.00239595,0,0,0
1780639932389334,57.0874,-0.0510654,-0.00577326,-0.0132446,0,0,-5,-0.0510654,-0.00577326,4.98676,4.98702,-0.0582785,-0.0101727,0.00185613,0,0,0
1780639932413334,57.1114,-0.050432,-0.00591407,-0.0132446,0,0,-5,-0.050432,-0.00591407,4.98676,4.98701,-0.0584584,-0.0106176,0.000251598,0,0,0
1780639932429334,57.1274,-0.049665,-0.00603212,-0.0132446,0,0,-5,-0.049665,-0.00603212,4.98676,4.98701,-0.0599571,-0.0104641,0.000688089,0,0,0
1780639932453334,57.1514,-0.0487079,-0.00621642,-0.0132446,0,0,-5,-0.0487079,-0.00621642,4.98676,4.987,-0.0595984,-0.0118771,-0.000631971,0,0,0
1780639932469334,57.1674,-0.0481727,-0.00637149,-0.0132751,0,0,-5,-0.0481727,-0.00637149,4.98672,4.98696,-0.059712,-0.012775,-0.000834969,0,0,0
1780639932493334,57.1914,-0.0475125,-0.00660874,-0.0133362,0,0,-5,-0.0475125,-0.00660874,4.98666,4.98689,-0.0584784,-0.0116182,-0.00134181,0,0,0
1780639932509334,57.2074,-0.047148,-0.00675101,-0.0133972,0,0,-5,-0.047148,-0.00675101,4.9866,4.98683,-0.0576957,-0.011055,-0.00206156,0,0,0
1780639932533334,57.2314,-0.0467403,-0.00697106,-0.0134583,0,0,-5,-0.0467403,-0.00697106,4.98654,4.98677,-0.0587609,-0.0126269,-0.0018268,0,0,0
1780639932549334,57.2474,-0.0465667,-0.00713186,-0.0135193,0,0,-5,-0.0465667,-0.00713186,4.98648,4.9867,-0.0585959,-0.0127832,-0.00129255,0,0,0
1780639932573334,57.2714,-0.0463995,-0.0073976,-0.0136108,0,0,-5,-0.0463995,-0.0073976,4.98639,4.98661,-0.0578397,-0.0139132,-0.00013787,0,0,0
1780639932589334,57.2874,-0.0463579,-0.00757846,-0.0136414,0,0,-5,-0.0463579,-0.00757846,4.98636,4.98658,-0.0571112,-0.013062,0.000208492,0,0,0
1780639932613334,57.3114,-0.0463609,-0.00781039,-0.0137024,0,0,-5,-0.0463609,-0.00781039,4.9863,4.98652,-0.0559209,-0.0117255,-2.09518e-05,0,0,0
1780639932629334,57.3274,-0.0464298,-0.0079623,-0.0137329,0,0,-5,-0.0464298,-0.0079623,4.98627,4.98649,-0.0558617,-0.0113023,0.000436563,0,0,0
1780639932653334,57.3514,-0.0466291,-0.00818355,-0.0137634,0,0,-5,-0.0466291,-0.00818355,4.98624,4.98646,-0.0565915,-0.011632,0.000182692,0,0,0
1780639932669334,57.3674,-0.0468197,-0.00832805,-0.0137939,0,0,-5,-0.0468197,-0.00832805,4.98621,4.98643,-0.0557347,-0.0107423,0.000616482,0,0,0
1780639932693526,57.3916,-0.0471774,-0.00854502,-0.0137634,0,0,-5,-0.0471774,-0.00854502,4.98624,4.98647,-0.0568161,-0.0121439,0.00199172,0,0,0
1780639932709526,57.4076,-0.0474784,-0.00870758,-0.0137329,0,0,-5,-0.0474784,-0.00870758,4.98627,4.9865,-0.057664,-0.0118961,0.00113059,0,0,0
1780639932733526,57.4316,-0.0480196,-0.00894518,-0.0137024,0,0,-5,-0.0480196,-0.00894518,4.9863,4.98654,-0.058079,-0.0123303,0.000935968,0,0,0
1780639932749526,57.4476,-0.0484261,-0.00911265,-0.0136414,0,0,-5,-0.0484261,-0.00911265,4.98636,4.9866,-0.0578274,-0.0124399,0.00280607,0,0,0
1780639932773526,57.4716,-0.0491114,-0.00937683,-0.0135803,0,0,-5,-0.0491114,-0.00937683,4.98642,4.98667,-0.0578357,-0.013421,0.00279029,0,0,0
1780639932789526,57.4876,-0.0496104,-0.00956439,-0.0135803,0,0,-5,-0.0496104,-0.00956439,4.98642,4.98668,-0.0582057,-0.0143126,0.00094343,0,0,0
1780639932813526,57.5116,-0.0490372,-0.00945238,-0.0135803,0,0,-5,-0.0490372,-0.00945238,4.98642,4.98667,-0.0567374,-0.0142298,0.000925473,0,0,0
1780639932829526,57.5276,-0.048297,-0.00924791,-0.0135803,0,0,-5,-0.048297,-0.00924791,4.98642,4.98666,-0.0563509,-0.0131085,0.000691703,0,0,0
1780639932853526,57.5516,-0.0473664,-0.00895548,-0.0135803,0,0,-5,-0.0473664,-0.00895548,4.98642,4.98665,-0.0572195,-0.0121692,0.00175385,0,0,0
1780639932869526,57.5676,-0.0468555,-0.00877421,-0.0135803,0,0,-5,-0.0468555,-0.00877421,4.98642,4.98665,-0.0570466,-0.0122664,0.000758912,0,0,0
1780639932893526,57.5916,-0.0462467,-0.0085029,-0.0135803,0,0,-5,-0.0462467,-0.0085029,4.98642,4.98664,-0.0577354,-0.00943084,0.000999736,0,0,0
1780639932909526,57.6076,-0.0459349,-0.00832662,-0.0135803,0,0,-5,-0.0459349,-0.00832662,4.98642,4.98664,-0.0572673,-0.00972005,0.00125234,0,0,0
1780639932933526,57.6316,-0.0455809,-0.00807254,-0.0135498,0,0,-5,-0.0455809,-0.00807254,4.98645,4.98667,-0.0557659,-0.00830578,0.0024776,0,0,0
1780639932949526,57.6476,-0.0454035,-0.00791239,-0.0135498,0,0,-5,-0.0454035,-0.00791239,4.98645,4.98666,-0.0549337,-0.0087881,0.00151609,0,0,0
1780639932973526,57.6716,-0.0452172,-0.00768671,-0.0135193,0,0,-5,-0.0452172,-0.00768671,4.98648,4.98669,-0.053695,-0.00802211,0.00103404,0,0,0
1780639932989526,57.6876,-0.0451536,-0.00755292,-0.0134888,0,0,-5,-0.0451536,-0.00755292,4.98651,4.98672,-0.0531265,-0.00855066,9.50896e-05,0,0,0
1780639933013526,57.7116,-0.0451562,-0.00742061,-0.0134583,0,0,-5,-0.0451562,-0.00742061,4.98654,4.98675,-0.0532541,-0.00990596,-0.00101541,0,0,0
1780639933029526,57.7276,-0.0452124,-0.00733704,-0.0134277,0,0,-5,-0.0452124,-0.00733704,4.98657,4.98678,-0.052213,-0.00940795,-7.52807e-05,0,0,0
1780639933053526,57.7516,-0.0453677,-0.00722692,-0.0133972,0,0,-5,-0.0453677,-0.00722692,4.9866,4.98681,-0.0525506,-0.00967851,0.000187292,0,0,0
1780639933069526,57.7676,-0.0455405,-0.00717482,-0.0133667,0,0,-5,-0.0455405,-0.00717482,4.98663,4.98685,-0.053445,-0.0101908,-0.000137537,0,0,0
1780639933093526,57.7916,-0.0458751,-0.00710076,-0.0133362,0,0,-5,-0.0458751,-0.00710076,4.98666,4.98688,-0.0527274,-0.00925212,-0.00090678,0,0,0
1780639933109526,57.8076,-0.0461617,-0.00706236,-0.0133057,0,0,-5,-0.0461617,-0.00706236,4.98669,4.98691,-0.0546737,-0.00965895,-0.00156265,0,0,0
1780639933133526,57.8316,-0.0467071,-0.00703905,-0.0133362,0,0,-5,-0.0467071,-0.00703905,4.98666,4.98689,-0.0566855,-0.0105106,-0.000183212,0,0,0
1780639933149526,57.8476,-0.0471435,-0.00704616,-0.0133362,0,0,-5,-0.0471435,-0.00704616,4.98666,4.98689,-0.0580264,-0.0108736,-0.00015805,0,0,0
1780639933173526,57.8716,-0.0478878,-0.00708648,-0.0133667,0,0,-5,-0.0478878,-0.00708648,4.98663,4.98687,-0.0585959,-0.0122487,0.000218255,0,0,0
1780639933189526,57.8876,-0.0484375,-0.00713657,-0.0133972,0,0,-5,-0.0484375,-0.00713657,4.9866,4.98684,-0.0593769,-0.0128576,-0.000697226,0,0,0
1780639933213526,57.9116,-0.0476842,-0.0071058,-0.0134277,0,0,-5,-0.0476842,-0.0071058,4.98657,4.98681,-0.0590762,-0.0162818,-0.00143568,0,0,0
1780639933229526,57.9276,-0.0467398,-0.00708602,-0.0134583,0,0,-5,-0.0467398,-0.00708602,4.98654,4.98677,-0.0587168,-0.0165865,-0.000477859,0,0,0
1780639933253526,57.9516,-0.045493,-0.00707139,-0.0134583,0,0,-5,-0.045493,-0.00707139,4.98654,4.98675,-0.0569558,-0.0156479,-3.85442e-05,0,0,0
1780639933269526,57.9676,-0.0447532,-0.00706877,-0.0134888,0,0,-5,-0.0447532,-0.00706877,4.98651,4.98672,-0.0558041,-0.0157467,-0.000336538,0,0,0
1780639933293526,57.9916,-0.0437747,-0.00708497,-0.0134888,0,0,-5,-0.0437747,-0.00708497,4.98651,4.98671,-0.0543555,-0.0156852,0.000559101,0,0,0
1780639933309526,58.0076,-0.0432143,-0.0070967,-0.0135193,0,0,-5,-0.0432143,-0.0070967,4.98648,4.98667,-0.0539427,-0.0145796,5.8317e-05,0,0,0
1780639933333526,58.0316,-0.0425445,-0.00712668,-0.0135498,0,0,-5,-0.0425445,-0.00712668,4.98645,4.98664,-0.0554339,-0.0149128,0.000427792,0,0,0
1780639933349526,58.0476,-0.0422023,-0.00716712,-0.0135803,0,0,-5,-0.0422023,-0.00716712,4.98642,4.9866,-0.0558107,-0.0155078,0.00182112,0,0,0
1780639933373526,58.0716,-0.0418044,-0.00724075,-0.0135803,0,0,-5,-0.0418044,-0.00724075,4.98642,4.9866,-0.0554613,-0.0153298,0.000986876,0,0,0
1780639933389526,58.0876,-0.0416271,-0.00730127,-0.0135803,0,0,-5,-0.0416271,-0.00730127,4.98642,4.9866,-0.055634,-0.0152142,0.00097726,0,0,0
1780639933413526,58.1116,-0.0414729,-0.00741884,-0.0135803,0,0,-5,-0.0414729,-0.00741884,4.98642,4.9866,-0.0561068,-0.0149388,0.00217432,0,0,0
1780639933429526,58.1276,-0.0414452,-0.00749586,-0.0135498,0,0,-5,-0.0414452,-0.00749586,4.98645,4.98663,-0.0555752,-0.0149653,0.00280895,0,0,0
1780639933453526,58.1516,-0.0415063,-0.00761933,-0.0135193,0,0,-5,-0.0415063,-0.00761933,4.98648,4.98666,-0.0561826,-0.0147209,0.00295356,0,0,0
1780639933469526,58.1676,-0.0415978,-0.00772166,-0.0134888,0,0,-5,-0.0415978,-0.00772166,4.98651,4.98669,-0.0548497,-0.0157116,0.00266375,0,0,0
1780639933493526,58.1916,-0.0417984,-0.00788439,-0.0134277,0,0,-5,-0.0417984,-0.00788439,4.98657,4.98675,-0.0546963,-0.0153732,0.00458208,0,0,0
1780639933509526,58.2076,-0.0419934,-0.00799868,-0.0133667,0,0,-5,-0.0419934,-0.00799868,4.98663,4.98682,-0.0544302,-0.0151808,0.00551372,0,0,0
1780639933525526,58.2236,-0.0422258,-0.00812421,-0.0132751,0,0,-5,-0.0422258,-0.00812421,4.98672,4.98691,-0.0538981,-0.016025,0.00558738,0,0,0
1780639933549526,58.2476,-0.0426453,-0.00832008,-0.0131531,0,0,-5,-0.0426453,-0.00832008,4.98685,4.98704,-0.054752,-0.0153669,0.00604429,0,0,0
1780639933573526,58.2716,-0.0431603,-0.00852727,-0.013031,0,0,-5,-0.0431603,-0.00852727,4.98697,4.98716,-0.0554307,-0.016083,0.00595538,0,0,0
1780639933589526,58.2876,-0.0435527,-0.00868339,-0.0129395,0,0,-5,-0.0435527,-0.00868339,4.98706,4.98726,-0.054936,-0.0163425,0.0058894,0,0,0
1780639933605526,58.3036,-0.0432239,-0.00870846,-0.0127563,0,0,-5,-0.0432239,-0.00870846,4.98724,4.98744,-0.054767,-0.0164737,0.00531326,0,0,0
1780639933629526,58.3276,-0.0417866,-0.00857119,-0.0122986,0,0,-5,-0.0417866,-0.00857119,4.9877,4.98788,-0.0551912,-0.0169228,0.00656371,0,0,0
1780639933653526,58.3516,-0.0405601,-0.00848674,-0.0118408,0,0,-5,-0.0405601,-0.00848674,4.98816,4.98833,-0.0539388,-0.0178238,0.00769131,0,0,0
1780639933669526,58.3676,-0.0398453,-0.00846999,-0.0115356,0,0,-5,-0.0398453,-0.00846999,4.98846,4.98863,-0.0537244,-0.0180815,0.0065157,0,0,0
1780639933693721,58.3918,-0.0389203,-0.00845246,-0.0110779,0,0,-5,-0.0389203,-0.00845246,4.98892,4.98908,-0.0528575,-0.0180679,0.00480976,0,0,0
1780639933709721,58.4078,-0.038398,-0.00847185,-0.0108337,0,0,-5,-0.038398,-0.00847185,4.98917,4.98932,-0.0527091,-0.0189715,0.00408113,0,0,0
1780639933733721,58.4318,-0.0377449,-0.00856346,-0.0104675,0,0,-5,-0.0377449,-0.00856346,4.98953,4.98968,-0.0518822,-0.0205894,0.0038446,0,0,0
1780639933749721,58.4478,-0.0373865,-0.00864188,-0.0102539,0,0,-5,-0.0373865,-0.00864188,4.98975,4.98989,-0.0518261,-0.0193719,0.00504153,0,0,0
1780639933773721,58.4718,-0.0369517,-0.00875903,-0.00994873,0,0,-5,-0.0369517,-0.00875903,4.99005,4.9902,-0.0501177,-0.0195718,0.00445755,0,0,0
1780639933789721,58.4878,-0.0367189,-0.0088687,-0.00973511,0,0,-5,-0.0367189,-0.0088687,4.99026,4.99041,-0.0493814,-0.0203209,0.00433172,0,0,0
1780639933813721,58.5118,-0.036472,-0.00907937,-0.00946045,0,0,-5,-0.036472,-0.00907937,4.99054,4.99068,-0.0490144,-0.0220464,0.00321057,0,0,0
1780639933829721,58.5278,-0.0363644,-0.00924534,-0.00930786,0,0,-5,-0.0363644,-0.00924534,4.99069,4.99083,-0.047651,-0.022435,0.00364918,0,0,0
1780639933853721,58.5518,-0.0362865,-0.0095164,-0.00909424,0,0,-5,-0.0362865,-0.0095164,4.99091,4.99105,-0.0468586,-0.0224438,0.00249566,0,0,0
1780639933869721,58.5678,-0.0362748,-0.00969694,-0.00894165,0,0,-5,-0.0362748,-0.00969694,4.99106,4.9912,-0.0454038,-0.021435,0.00337026,0,0,0
1780639933893721,58.5918,-0.036326,-0.00996896,-0.00872803,0,0,-5,-0.036326,-0.00996896,4.99127,4.99141,-0.045195,-0.0221165,0.00378403,0,0,0
1780639933909721,58.6078,-0.0364113,-0.0101792,-0.00857544,0,0,-5,-0.0364113,-0.0101792,4.99142,4.99157,-0.0438128,-0.0230716,0.00373038,0,0,0
1780639933933721,58.6318,-0.0365724,-0.0105472,-0.00839233,0,0,-5,-0.0365724,-0.0105472,4.99161,4.99175,-0.0418418,-0.0248338,0.00224792,0,0,0
1780639933949721,58.6478,-0.0367063,-0.0108117,-0.00827026,0,0,-5,-0.0367063,-0.0108117,4.99173,4.99188,-0.0414483,-0.0248442,0.00300819,0,0,0
1780639933973721,58.6718,-0.036981,-0.0112161,-0.00814819,0,0,-5,-0.036981,-0.0112161,4.99185,4.992,-0.0420677,-0.0247557,0.00304955,0,0,0
1780639933989721,58.6878,-0.0372192,-0.0115014,-0.00808716,0,0,-5,-0.0372192,-0.0115014,4.99191,4.99206,-0.0415451,-0.0260945,0.00341686,0,0,0
1780639934013721,58.7118,-0.0365085,-0.0118914,-0.00793457,0,0,-5,-0.0365085,-0.0118914,4.99207,4.99221,-0.0422272,-0.0265541,0.00255987,0,0,0
1780639934029721,58.7278,-0.03577,-0.0121417,-0.00784302,0,0,-5,-0.03577,-0.0121417,4.99216,4.9923,-0.0437276,-0.0262757,0.0026505,0,0,0
1780639934053721,58.7518,-0.0348277,-0.0125352,-0.00772095,0,0,-5,-0.0348277,-0.0125352,4.99228,4.99242,-0.0436395,-0.0253777,0.00312602,0,0,0
1780639934069721,58.7678,-0.034292,-0.012776,-0.00762939,0,0,-5,-0.034292,-0.012776,4.99237,4.9925,-0.0435087,-0.0237078,0.00264729,0,0,0
1780639934093721,58.7918,-0.0335968,-0.0131349,-0.00750732,0,0,-5,-0.0335968,-0.0131349,4.99249,4.99262,-0.0418856,-0.0250105,0.00114613,0,0,0
1780639934109721,58.8078,-0.0332034,-0.0134073,-0.00747681,0,0,-5,-0.0332034,-0.0134073,4.99252,4.99265,-0.0418911,-0.0252017,0.00121421,0,0,0
1780639934133721,58.8318,-0.0327496,-0.0138357,-0.00741577,0,0,-5,-0.0327496,-0.0138357,4.99258,4.99271,-0.0424818,-0.0257515,0.00175263,0,0,0
1780639934149721,58.8478,-0.0325183,-0.0141291,-0.00738525,0,0,-5,-0.0325183,-0.0141291,4.99261,4.99274,-0.0421124,-0.0255847,0.00191949,0,0,0
1780639934173721,58.8718,-0.0322546,-0.0145847,-0.00732422,0,0,-5,-0.0322546,-0.0145847,4.99268,4.9928,-0.0415202,-0.0261895,0.00209477,0,0,0
1780639934189721,58.8878,-0.0321402,-0.0149097,-0.0072937,0,0,-5,-0.0321402,-0.0149097,4.99271,4.99283,-0.0410639,-0.0263694,0.00151274,0,0,0
1780639934213721,58.9118,-0.0320274,-0.0154127,-0.00726318,0,0,-5,-0.0320274,-0.0154127,4.99274,4.99286,-0.0396496,-0.0265012,0.00192444,0,0,0
1780639934229721,58.9278,-0.0319941,-0.015755,-0.00723267,0,0,-5,-0.0319941,-0.015755,4.99277,4.99289,-0.0383879,-0.0276451,0.00279941,0,0,0
1780639934253721,58.9518,-0.0319983,-0.0163161,-0.00717163,0,0,-5,-0.0319983,-0.0163161,4.99283,4.99296,-0.0373452,-0.0280753,0.00468122,0,0,0
1780639934269721,58.9678,-0.032041,-0.0166902,-0.0071106,0,0,-5,-0.032041,-0.0166902,4.99289,4.99302,-0.0369827,-0.0280607,0.00482244,0,0,0
1780639934293721,58.9918,-0.0321796,-0.0172493,-0.00701904,0,0,-5,-0.0321796,-0.0172493,4.99298,4.99311,-0.0381408,-0.0277436,0.0041788,0,0,0
1780639934309721,59.0078,-0.0323356,-0.0176301,-0.00698853,0,0,-5,-0.0323356,-0.0176301,4.99301,4.99315,-0.0380294,-0.0274558,0.00388463,0,0,0
1780639934333721,59.0318,-0.0326005,-0.0181777,-0.00695801,0,0,-5,-0.0326005,-0.0181777,4.99304,4.99318,-0.0367197,-0.0262859,0.00333888,0,0,0
1780639934349721,59.0478,-0.0327965,-0.0185371,-0.00692749,0,0,-5,-0.0327965,-0.0185371,4.99307,4.99321,-0.035291,-0.0266137,0.00343021,0,0,0
1780639934373721,59.0718,-0.0331338,-0.0190984,-0.00695801,0,0,-5,-0.0331338,-0.0190984,4.99304,4.99319,-0.0349516,-0.0275608,0.00271038,0,0,0
1780639934389721,59.0878,-0.0333833,-0.0194911,-0.00695801,0,0,-5,-0.0333833,-0.0194911,4.99304,4.99319,-0.0352692,-0.0286051,0.0035486,0,0,0
1780639934413721,59.1118,-0.0330174,-0.0197112,-0.00695801,0,0,-5,-0.0330174,-0.0197112,4.99304,4.99319,-0.0351581,-0.0295432,0.00205275,0,0,0
1780639934429721,59.1278,-0.0325828,-0.0197337,-0.00698853,0,0,-5,-0.0325828,-0.0197337,4.99301,4.99316,-0.0357014,-0.0296583,0.00178907,0,0,0
1780639934445721,59.1438,-0.0322123,-0.0197891,-0.00698853,0,0,-5,-0.0322123,-0.0197891,4.99301,4.99315,-0.0354733,-0.0303892,0.00255957,0,0,0
1780639934469721,59.1678,-0.0317342,-0.0199149,-0.00701904,0,0,-5,-0.0317342,-0.0199149,4.99298,4.99312,-0.0333914,-0.0296066,0.00185304,0,0,0
1780639934493721,59.1918,-0.0313419,-0.0200709,-0.00704956,0,0,-5,-0.0313419,-0.0200709,4.99295,4.99309,-0.0325346,-0.0301669,0.00150442,0,0,0
1780639934509721,59.2078,-0.0311253,-0.0202065,-0.00704956,0,0,-5,-0.0311253,-0.0202065,4.99295,4.99309,-0.0303351,-0.0306691,0.00269629,0,0,0
1780639934533721,59.2318,-0.0308499,-0.0204499,-0.00708008,0,0,-5,-0.0308499,-0.0204499,4.99292,4.99306,-0.0307255,-0.0312043,0.00274847,0,0,0
1780639934549721,59.2478,-0.0307274,-0.0206357,-0.00708008,0,0,-5,-0.0307274,-0.0206357,4.99292,4.99306,-0.0301109,-0.0304759,0.00309805,0,0,0
1780639934573721,59.2718,-0.0306037,-0.0209181,-0.00708008,0,0,-5,-0.0306037,-0.0209181,4.99292,4.99306,-0.0296809,-0.0297843,0.00427487,0,0,0
1780639934589721,59.2878,-0.0305701,-0.0211302,-0.00704956,0,0,-5,-0.0305701,-0.0211302,4.99295,4.99309,-0.0295136,-0.0309151,0.00495885,0,0,0
1780639934613721,59.3118,-0.0305714,-0.0215012,-0.00704956,0,0,-5,-0.0305714,-0.0215012,4.99295,4.99309,-0.0282874,-0.0321719,0.00359985,0,0,0
1780639934629721,59.3278,-0.0305952,-0.0217707,-0.00704956,0,0,-5,-0.0305952,-0.0217707,4.99295,4.99309,-0.0270362,-0.0322281,0.00493554,0,0,0
1780639934653721,59.3518,-0.0306409,-0.0221992,-0.00698853,0,0,-5,-0.0306409,-0.0221992,4.99301,4.99315,-0.0248641,-0.0325618,0.00621049,0,0,0
1780639934669721,59.3678,-0.0306738,-0.0224986,-0.00695801,0,0,-5,-0.0306738,-0.0224986,4.99304,4.99319,-0.0226071,-0.0322868,0.00495613,0,0,0
1780639934693721,59.3918,-0.0307813,-0.0229634,-0.00692749,0,0,-5,-0.0307813,-0.0229634,4.99307,4.99322,-0.0237697,-0.0325972,0.00450248,0,0,0
1780639934709917,59.408,-0.0309051,-0.0232889,-0.00692749,0,0,-5,-0.0309051,-0.0232889,4.99307,4.99322,-0.0235,-0.0330039,0.00499452,0,0,0
1780639934733917,59.432,-0.0311084,-0.0237937,-0.00686646,0,0,-5,-0.0311084,-0.0237937,4.99313,4.99329,-0.0224243,-0.0323503,0.00422194,0,0,0
1780639934749917,59.448,-0.031266,-0.0241252,-0.00680542,0,0,-5,-0.031266,-0.0241252,4.99319,4.99335,-0.0217023,-0.0314361,0.0058607,0,0,0
1780639934773917,59.472,-0.0315284,-0.0246284,-0.00671387,0,0,-5,-0.0315284,-0.0246284,4.99329,4.99345,-0.0215204,-0.0319053,0.00459908,0,0,0
1780639934789917,59.488,-0.0317281,-0.0249861,-0.00668335,0,0,-5,-0.0317281,-0.0249861,4.99332,4.99348,-0.0213508,-0.0320312,0.00540144,0,0,0
1780639934805917,59.504,-0.0315337,-0.0249982,-0.00656128,0,0,-5,-0.0315337,-0.0249982,4.99344,4.9936,-0.0205488,-0.0317541,0.00625111,0,0,0
1780639934829917,59.528,-0.0307186,-0.0245547,-0.00616455,0,0,-5,-0.0307186,-0.0245547,4.99384,4.99399,-0.019605,-0.0314958,0.00753737,0,0,0
1780639934853917,59.552,-0.030007,-0.0241798,-0.00579834,0,0,-5,-0.030007,-0.0241798,4.9942,4.99435,-0.0192294,-0.0309943,0.00659909,0,0,0
1780639934869917,59.568,-0.0295815,-0.0239777,-0.00558472,0,0,-5,-0.0295815,-0.0239777,4.99442,4.99456,-0.0184277,-0.030554,0.00693923,0,0,0
1780639934893917,59.592,-0.0290042,-0.02371,-0.00521851,0,0,-5,-0.0290042,-0.02371,4.99478,4.99492,-0.0171552,-0.0289244,0.00849657,0,0,0
1780639934909917,59.608,-0.0286605,-0.0235648,-0.00497437,0,0,-5,-0.0286605,-0.0235648,4.99503,4.99516,-0.0164283,-0.0296255,0.00861828,0,0,0
1780639934933917,59.632,-0.0281955,-0.0234077,-0.00473022,0,0,-5,-0.0281955,-0.0234077,4.99527,4.9954,-0.0157723,-0.0300137,0.00802873,0,0,0
1780639934949917,59.648,-0.027913,-0.0233306,-0.00454712,0,0,-5,-0.027913,-0.0233306,4.99545,4.99559,-0.0139609,-0.0288627,0.00750672,0,0,0
1780639934973917,59.672,-0.0274844,-0.02326,-0.00430298,0,0,-5,-0.0274844,-0.02326,4.9957,4.99583,-0.0103096,-0.0295387,0.00653706,0,0,0
1780639934989917,59.688,-0.0271976,-0.0232428,-0.00415039,0,0,-5,-0.0271976,-0.0232428,4.99585,4.99598,-0.0093717,-0.0290724,0.00714375,0,0,0
1780639935013917,59.712,-0.0268265,-0.0232403,-0.00393677,0,0,-5,-0.0268265,-0.0232403,4.99606,4.99619,-0.00934072,-0.0283514,0.00843297,0,0,0
1780639935029917,59.728,-0.0266015,-0.0232704,-0.00378418,0,0,-5,-0.0266015,-0.0232704,4.99622,4.99634,-0.00916838,-0.0289731,0.00876802,0,0,0
1780639935053917,59.752,-0.0263176,-0.0233608,-0.00354004,0,0,-5,-0.0263176,-0.0233608,4.99646,4.99658,-0.00797472,-0.028625,0.00947791,0,0,0
1780639935069917,59.768,-0.0261598,-0.0234312,-0.00338745,0,0,-5,-0.0261598,-0.0234312,4.99661,4.99674,-0.00887302,-0.0277185,0.00895344,0,0,0
1780639935093917,59.792,-0.0259788,-0.0235851,-0.00317383,0,0,-5,-0.0259788,-0.0235851,4.99683,4.99695,-0.0087013,-0.0291142,0.00778346,0,0,0
1780639935109917,59.808,-0.0258875,-0.0237164,-0.00305176,0,0,-5,-0.0258875,-0.0237164,4.99695,4.99707,-0.00896988,-0.0292152,0.00867953,0,0,0
1780639935133917,59.832,-0.0257705,-0.0239442,-0.00283813,0,0,-5,-0.0257705,-0.0239442,4.99716,4.99729,-0.006936,-0.0291128,0.00795066,0,0,0
1780639935149917,59.848,-0.0256973,-0.024129,-0.00271606,0,0,-5,-0.0256973,-0.024129,4.99728,4.99741,-0.00615489,-0.030455,0.00743709,0,0,0
1780639935173917,59.872,-0.02559,-0.0244446,-0.00256348,0,0,-5,-0.02559,-0.0244446,4.99744,4.99756,-0.0049839,-0.0306707,0.0054723,0,0,0
1780639935189917,59.888,-0.0255403,-0.0246745,-0.00250244,0,0,-5,-0.0255403,-0.0246745,4.9975,4.99762,-0.00538493,-0.0302748,0.00408669,0,0,0
1780639935213917,59.912,-0.0248754,-0.0246699,-0.00253296,0,0,-5,-0.0248754,-0.0246699,4.99747,4.99759,-0.00514383,-0.0303261,0.00298432,0,0,0
1780639935229917,59.928,-0.0242679,-0.0245684,-0.00262451,0,0,-5,-0.0242679,-0.0245684,4.99738,4.99749,-0.00443629,-0.0298027,0.00212556,0,0,0
1780639935253917,59.952,-0.0234473,-0.0244491,-0.00274658,0,0,-5,-0.0234473,-0.0244491,4.99725,4.99737,-0.004877,-0.0285659,0.00209392,0,0,0
1780639935269917,59.968,-0.0229445,-0.0243925,-0.00283813,0,0,-5,-0.0229445,-0.0243925,4.99716,4.99727,-0.00341756,-0.0276113,0.00197957,0,0,0
1780639935293917,59.992,-0.0222391,-0.0243427,-0.00296021,0,0,-5,-0.0222391,-0.0243427,4.99704,4.99715,-0.00302732,-0.0286732,0.00279935,0,0,0
1780639935309917,60.008,-0.0218029,-0.0243433,-0.00302124,0,0,-5,-0.0218029,-0.0243433,4.99698,4.99709,-0.0026819,-0.0281605,0.00350024,0,0,0
1780639935333917,60.032,-0.0212113,-0.0243881,-0.00308228,0,0,-5,-0.0212113,-0.0243881,4.99692,4.99702,-0.00156827,-0.028672,0.00366337,0,0,0
1780639935349917,60.048,-0.0208264,-0.0244516,-0.00314331,0,0,-5,-0.0208264,-0.0244516,4.99686,4.99696,-9.72446e-05,-0.0293987,0.00353144,0,0,0
1780639935365917,60.064,-0.0204426,-0.0245529,-0.00320435,0,0,-5,-0.0204426,-0.0245529,4.9968,4.9969,0.00173647,-0.0298772,0.00382576,0,0,0
1780639935389917,60.088,-0.0199003,-0.0247289,-0.00332642,0,0,-5,-0.0199003,-0.0247289,4.99667,4.99677,0.00186354,-0.0297264,0.00200047,0,0,0
1780639935413917,60.112,-0.0193907,-0.0249444,-0.00344849,0,0,-5,-0.0193907,-0.0249444,4.99655,4.99665,0.00315538,-0.030692,0.0014477,0,0,0
1780639935429917,60.128,-0.0190678,-0.0251252,-0.00357056,0,0,-5,-0.0190678,-0.0251252,4.99643,4.99653,0.00451603,-0.0307786,0.000732173,0,0,0
1780639935453917,60.152,-0.0185974,-0.0254282,-0.00372314,0,0,-5,-0.0185974,-0.0254282,4.99628,4.99638,0.00533739,-0.0304692,0.000646535,0,0,0
1780639935469917,60.168,-0.0182986,-0.0256376,-0.0038147,0,0,-5,-0.0182986,-0.0256376,4.99619,4.99628,0.00538589,-0.0306419,0.00100383,0,0,0
1780639935493917,60.192,-0.0178974,-0.0259882,-0.00396729,0,0,-5,-0.0178974,-0.0259882,4.99603,4.99613,0.00445735,-0.0312803,0.000829193,0,0,0
1780639935509917,60.208,-0.0176616,-0.0262401,-0.00405884,0,0,-5,-0.0176616,-0.0262401,4.99594,4.99604,0.00444583,-0.0308375,0.000656708,0,0,0
1780639935533917,60.232,-0.0173112,-0.0266214,-0.00418091,0,0,-5,-0.0173112,-0.0266214,4.99582,4.99592,0.00657883,-0.0301013,0.000735248,0,0,0
1780639935549917,60.248,-0.0170832,-0.0268911,-0.00430298,0,0,-5,-0.0170832,-0.0268911,4.9957,4.9958,0.00673212,-0.0302838,0.000991091,0,0,0
1780639935573917,60.272,-0.016762,-0.0273277,-0.00442505,0,0,-5,-0.016762,-0.0273277,4.99557,4.99568,0.00721547,-0.0310948,0.00101764,0,0,0
1780639935589917,60.288,-0.016565,-0.02764,-0.00448608,0,0,-5,-0.016565,-0.02764,4.99551,4.99562,0.00676612,-0.0307434,0.000714351,0,0,0
1780639935613917,60.312,-0.0163075,-0.0274205,-0.00457764,0,0,-5,-0.0163075,-0.0274205,4.99542,4.99552,0.00795095,-0.0294624,-0.00105731,0,0,0
1780639935629917,60.328,-0.0161484,-0.0270711,-0.00463867,0,0,-5,-0.0161484,-0.0270711,4.99536,4.99546,0.00889808,-0.0275004,-0.00130473,0,0,0
1780639935653917,60.352,-0.015938,-0.0265696,-0.00469971,0,0,-5,-0.015938,-0.0265696,4.9953,4.9954,0.00852701,-0.0257987,-0.00132847,0,0,0
1780639935669917,60.368,-0.0158,-0.0262678,-0.00476074,0,0,-5,-0.0158,-0.0262678,4.99524,4.99533,0.0087642,-0.0249348,-0.00232081,0,0,0
1780639935693917,60.392,-0.0156191,-0.0258946,-0.00488281,0,0,-5,-0.0156191,-0.0258946,4.99512,4.99521,0.00813794,-0.0259027,-0.00230278,0,0,0
1780639935710120,60.4082,-0.0155214,-0.0256958,-0.00494385,0,0,-5,-0.0155214,-0.0256958,4.99506,4.99515,0.00731474,-0.0262768,-0.0027406,0,0,0
1780639935734120,60.4322,-0.0154136,-0.0254426,-0.00506592,0,0,-5,-0.0154136,-0.0254426,4.99493,4.99502,0.00657035,-0.0256909,-0.000900181,0,0,0
1780639935750120,60.4482,-0.0153456,-0.0253048,-0.00509644,0,0,-5,-0.0153456,-0.0253048,4.9949,4.99499,0.00704792,-0.0256067,-0.000167106,0,0,0
1780639935774120,60.4722,-0.0152468,-0.0251471,-0.00518799,0,0,-5,-0.0152468,-0.0251471,4.99481,4.9949,0.00777391,-0.0258125,-0.00121915,0,0,0
1780639935790120,60.4882,-0.0151799,-0.0250716,-0.00524902,0,0,-5,-0.0151799,-0.0250716,4.99475,4.99484,0.00774375,-0.0256631,-0.00119322,0,0,0
1780639935814120,60.5122,-0.0150803,-0.0250089,-0.00537109,0,0,-5,-0.0150803,-0.0250089,4.99463,4.99471,0.00844826,-0.0254916,-0.00217665,0,0,0
1780639935830120,60.5282,-0.0150206,-0.024993,-0.00546265,0,0,-5,-0.0150206,-0.024993,4.99454,4.99462,0.00855621,-0.0257994,-0.00224997,0,0,0
1780639935846120,60.5442,-0.0149679,-0.0250014,-0.0055542,0,0,-5,-0.0149679,-0.0250014,4.99445,4.99453,0.00880308,-0.0256185,-0.00208037,0,0,0
1780639935870120,60.5682,-0.0148585,-0.0250143,-0.00567627,0,0,-5,-0.0148585,-0.0250143,4.99432,4.99441,0.0109014,-0.0233024,-0.00233836,0,0,0
1780639935894120,60.5922,-0.0147285,-0.0250333,-0.00579834,0,0,-5,-0.0147285,-0.0250333,4.9942,4.99429,0.0117602,-0.0218009,-0.00183909,0,0,0
1780639935910120,60.6082,-0.0146464,-0.025046,-0.00585938,0,0,-5,-0.0146464,-0.025046,4.99414,4.99422,0.0109557,-0.0215062,-0.000350293,0,0,0
1780639935926120,60.6242,-0.0145739,-0.0250843,-0.00592041,0,0,-5,-0.0145739,-0.0250843,4.99408,4.99416,0.0111332,-0.0217517,-0.000131995,0,0,0
1780639935950120,60.6482,-0.0144614,-0.0251647,-0.00601196,0,0,-5,-0.0144614,-0.0251647,4.99399,4.99407,0.0111145,-0.0222611,-0.0001674,0,0,0
1780639935974120,60.6722,-0.0143728,-0.0253183,-0.006073,0,0,-5,-0.0143728,-0.0253183,4.99393,4.99401,0.0100941,-0.0223002,0.000844587,0,0,0
1780639935990120,60.6882,-0.0143359,-0.0254312,-0.00610352,0,0,-5,-0.0143359,-0.0254312,4.9939,4.99398,0.00908635,-0.0225946,0.000206884,0,0,0
1780639936014120,60.7122,-0.0140979,-0.0252537,-0.00619507,0,0,-5,-0.0140979,-0.0252537,4.9938,4.99389,0.0085487,-0.0229083,0.000869297,0,0,0
1780639936030120,60.7282,-0.0139113,-0.0250455,-0.0062561,0,0,-5,-0.0139113,-0.0250455,4.99374,4.99383,0.0067551,-0.0224305,0.000833756,0,0,0
1780639936054120,60.7522,-0.0136496,-0.0247604,-0.00637817,0,0,-5,-0.0136496,-0.0247604,4.99362,4.9937,0.00799235,-0.0216239,-0.000323373,0,0,0
1780639936070120,60.7682,-0.013477,-0.0245981,-0.00646973,0,0,-5,-0.013477,-0.0245981,4.99353,4.99361,0.00856262,-0.0208632,-0.000627231,0,0,0
1780639936094120,60.7922,-0.0132394,-0.0243836,-0.0065918,0,0,-5,-0.0132394,-0.0243836,4.99341,4.99349,0.00867851,-0.0195293,-0.00106134,0,0,0
1780639936110120,60.8082,-0.0130706,-0.0242687,-0.00668335,0,0,-5,-0.0130706,-0.0242687,4.99332,4.99339,0.00991204,-0.0207017,-0.00060866,0,0,0
1780639936134120,60.8322,-0.0128299,-0.0241576,-0.00680542,0,0,-5,-0.0128299,-0.0241576,4.99319,4.99327,0.00929971,-0.0211957,-0.000830174,0,0,0
1780639936150120,60.8482,-0.0126782,-0.024105,-0.00689697,0,0,-5,-0.0126782,-0.024105,4.9931,4.99318,0.00928059,-0.0200085,-0.00120221,0,0,0
1780639936174120,60.8722,-0.0124749,-0.0240148,-0.00704956,0,0,-5,-0.0124749,-0.0240148,4.99295,4.99302,0.0089845,-0.0183024,-0.00208732,0,0,0
1780639936190120,60.8882,-0.0123483,-0.0239603,-0.00714111,0,0,-5,-0.0123483,-0.0239603,4.99286,4.99293,0.00844594,-0.0179358,-0.001867,0,0,0
1780639936214120,60.9122,-0.0121782,-0.0239097,-0.0072937,0,0,-5,-0.0121782,-0.0239097,4.99271,4.99278,0.00809081,-0.0181781,-0.00167537,0,0,0
1780639936230120,60.9282,-0.0120734,-0.023903,-0.00735474,0,0,-5,-0.0120734,-0.023903,4.99265,4.99272,0.00838541,-0.0185725,-0.000697331,0,0,0
1780639936254120,60.9522,-0.0119407,-0.0239592,-0.00744629,0,0,-5,-0.0119407,-0.0239592,4.99255,4.99263,0.00716005,-0.0209554,-0.000506476,0,0,0
1780639936270120,60.9682,-0.0118592,-0.0240376,-0.00750732,0,0,-5,-0.0118592,-0.0240376,4.99249,4.99256,0.00774935,-0.0213734,0.000457756,0,0,0
1780639936286120,60.9842,-0.0117695,-0.0241406,-0.00756836,0,0,-5,-0.0117695,-0.0241406,4.99243,4.9925,0.00871738,-0.0215954,-0.000588472,0,0,0
1780639936310120,61.0082,-0.0116395,-0.0243168,-0.00765991,0,0,-5,-0.0116395,-0.0243168,4.99234,4.99241,0.00810981,-0.0214618,-0.000370817,0,0,0
1780639936334120,61.0322,-0.0115448,-0.024538,-0.00775146,0,0,-5,-0.0115448,-0.024538,4.99225,4.99232,0.00753222,-0.0237418,7.59725e-06,0,0,0
1780639936350120,61.0482,-0.0114879,-0.0247362,-0.00778198,0,0,-5,-0.0114879,-0.0247362,4.99222,4.99229,0.00761975,-0.0254477,0.00194657,0,0,0
1780639936374120,61.0722,-0.011404,-0.0250745,-0.0078125,0,0,-5,-0.011404,-0.0250745,4.99219,4.99226,0.00762231,-0.0255182,0.00200133,0,0,0
1780639936390120,61.0882,-0.0113667,-0.0253092,-0.00784302,0,0,-5,-0.0113667,-0.0253092,4.99216,4.99223,0.00775833,-0.0247563,0.00142008,0,0,0
1780639936414120,61.1122,-0.0112688,-0.0251345,-0.00765991,0,0,-5,-0.0112688,-0.0251345,4.99234,4.99242,0.00924248,-0.0242168,0.0011821,0,0,0
1780639936430120,61.1282,-0.0111903,-0.0248784,-0.00744629,0,0,-5,-0.0111903,-0.0248784,4.99255,4.99263,0.00978599,-0.0236068,0.000326735,0,0,0
1780639936454120,61.1522,-0.011074,-0.024524,-0.00720215,0,0,-5,-0.011074,-0.024524,4.9928,4.99287,0.00873328,-0.0217279,-0.0011841,0,0,0
1780639936470120,61.1682,-0.0110074,-0.0243005,-0.00708008,0,0,-5,-0.0110074,-0.0243005,4.99292,4.99299,0.0090217,-0.0208778,-0.00130363,0,0,0
1780639936494120,61.1922,-0.0109199,-0.0240134,-0.00689697,0,0,-5,-0.0109199,-0.0240134,4.9931,4.99317,0.00790393,-0.0210074,-0.000999582,0,0,0
1780639936510120,61.2082,-0.0108785,-0.0238538,-0.00674438,0,0,-5,-0.0108785,-0.0238538,4.99326,4.99332,0.00754948,-0.0205991,0.000685756,0,0,0
1780639936534120,61.2322,-0.0108469,-0.0236619,-0.00656128,0,0,-5,-0.0108469,-0.0236619,4.99344,4.99351,0.00604369,-0.0211811,0.000983507,0,0,0
1780639936550120,61.2482,-0.0108414,-0.0235655,-0.00643921,0,0,-5,-0.0108414,-0.0235655,4.99356,4.99363,0.00604342,-0.0212556,0.00146948,0,0,0
1780639936574120,61.2722,-0.0108152,-0.0234709,-0.0062561,0,0,-5,-0.0108152,-0.0234709,4.99374,4.99381,0.00721901,-0.0214815,0.00159729,0,0,0
1780639936590120,61.2882,-0.0107948,-0.0234326,-0.00616455,0,0,-5,-0.0107948,-0.0234326,4.99384,4.9939,0.00751557,-0.0210463,0.00121687,0,0,0
1780639936614120,61.3122,-0.0107568,-0.0233827,-0.00601196,0,0,-5,-0.0107568,-0.0233827,4.99399,4.99405,0.00717055,-0.0196681,0.000542715,0,0,0
1780639936630120,61.3282,-0.0107448,-0.0233715,-0.00595093,0,0,-5,-0.0107448,-0.0233715,4.99405,4.99412,0.006349,-0.019824,0.0018757,0,0,0
1780639936654120,61.3522,-0.0107307,-0.023393,-0.00585938,0,0,-5,-0.0107307,-0.023393,4.99414,4.99421,0.00694678,-0.0197437,0.00187816,0,0,0
1780639936670120,61.3682,-0.0107301,-0.0234162,-0.00579834,0,0,-5,-0.0107301,-0.0234162,4.9942,4.99427,0.00632427,-0.0194529,0.00164097,0,0,0
1780639936694120,61.3922,-0.0107397,-0.0234875,-0.00570679,0,0,-5,-0.0107397,-0.0234875,4.99429,4.99436,0.00637123,-0.0202976,0.000739209,0,0,0
1780639936710321,61.4084,-0.0107548,-0.0235633,-0.00570679,0,0,-5,-0.0107548,-0.0235633,4.99429,4.99436,0.00498361,-0.0203356,-0.000337121,0,0,0
1780639936734321,61.4324,-0.0108157,-0.0237197,-0.00567627,0,0,-5,-0.0108157,-0.0237197,4.99432,4.99439,0.003524,-0.0218988,-0.000316078,0,0,0
1780639936750321,61.4484,-0.0108687,-0.0238599,-0.00567627,0,0,-5,-0.0108687,-0.0238599,4.99432,4.99439,0.00372214,-0.0224626,-0.00083475,0,0,0
1780639936774321,61.4724,-0.0109335,-0.0241047,-0.0057373,0,0,-5,-0.0109335,-0.0241047,4.99426,4.99433,0.00448549,-0.0219099,-0.000213182,0,0,0
1780639936790321,61.4884,-0.0109624,-0.0242727,-0.00576782,0,0,-5,-0.0109624,-0.0242727,4.99423,4.9943,0.00587217,-0.0220007,9.35978e-05,0,0,0
1780639936814321,61.5124,-0.0109643,-0.0238818,-0.00582886,0,0,-5,-0.0109643,-0.0238818,4.99417,4.99424,0.00623722,-0.0222805,2.62407e-05,0,0,0
1780639936830321,61.5284,-0.0109662,-0.023441,-0.00588989,0,0,-5,-0.0109662,-0.023441,4.99411,4.99418,0.00642071,-0.0221778,-0.000784969,0,0,0
1780639936854321,61.5524,-0.0109623,-0.0228649,-0.00598145,0,0,-5,-0.0109623,-0.0228649,4.99402,4.99408,0.005875,-0.0233557,0.00046427,0,0,0
1780639936870321,61.5684,-0.0109729,-0.0225344,-0.00604248,0,0,-5,-0.0109729,-0.0225344,4.99396,4.99402,0.00571087,-0.0221134,0.000290422,0,0,0
1780639936886321,61.5844,-0.0109824,-0.022231,-0.006073,0,0,-5,-0.0109824,-0.022231,4.99393,4.99399,0.00634845,-0.0226692,-0.00054763,0,0,0
1780639936910321,61.6084,-0.0109872,-0.0218757,-0.00610352,0,0,-5,-0.0109872,-0.0218757,4.9939,4.99396,0.00601993,-0.0241462,0.000765316,0,0,0
1780639936934321,61.6324,-0.0110241,-0.0216017,-0.006073,0,0,-5,-0.0110241,-0.0216017,4.99393,4.99399,0.00375283,-0.0243111,0.00312926,0,0,0
1780639936950321,61.6484,-0.0110753,-0.0214599,-0.00604248,0,0,-5,-0.0110753,-0.0214599,4.99396,4.99402,0.00371478,-0.0249805,0.00267179,0,0,0
1780639936974321,61.6724,-0.0111491,-0.0213282,-0.00601196,0,0,-5,-0.0111491,-0.0213282,4.99399,4.99405,0.00352802,-0.0255439,0.00259945,0,0,0
1780639936990321,61.6884,-0.0112008,-0.021272,-0.00601196,0,0,-5,-0.0112008,-0.021272,4.99399,4.99405,0.00385375,-0.0251993,0.00289816,0,0,0
1780639937006321,61.7044,-0.0112439,-0.0212362,-0.00595093,0,0,-5,-0.0112439,-0.0212362,4.99405,4.99411,0.00427007,-0.0249702,0.00264664,0,0,0
1780639937030321,61.7284,-0.0112974,-0.0212266,-0.00592041,0,0,-5,-0.0112974,-0.0212266,4.99408,4.99414,0.00503891,-0.0257917,0.00384477,0,0,0
1780639937054321,61.7524,-0.0113502,-0.0212764,-0.00582886,0,0,-5,-0.0113502,-0.0212764,4.99417,4.99423,0.00446267,-0.0253784,0.00457713,0,0,0
1780639937070321,61.7684,-0.0113841,-0.0213356,-0.00576782,0,0,-5,-0.0113841,-0.0213356,4.99423,4.99429,0.00478075,-0.0255609,0.00563918,0,0,0
1780639937086321,61.7844,-0.0114248,-0.0214146,-0.00567627,0,0,-5,-0.0114248,-0.0214146,4.99432,4.99438,0.00414691,-0.0261846,0.00624248,0,0,0
