timestamp_us,t_s,actual_x,actual_y,actual_z,reference_x,reference_y,reference_z,error_x,error_y,error_z,error_norm,actual_vx,actual_vy,actual_vz,reference_vx,reference_vy,reference_vz
1780640626070844,0,0.0139962,-0.0261739,-0.0243835,0,0,-5,0.0139962,-0.0261739,4.97562,4.9757,0.00142748,-0.056593,-0.00825824,0,0,0
1780640626094844,0.024,0.0140769,-0.0261937,-0.024353,0,0,-5,0.0140769,-0.0261937,4.97565,4.97574,0.00221165,-0.0554466,-0.00811713,0,0,0
1780640626110844,0.04,0.014135,-0.0262523,-0.0243225,0,0,-5,0.014135,-0.0262523,4.97568,4.97577,0.00128579,-0.0551754,-0.00911494,0,0,0
1780640626134844,0.064,0.0142161,-0.026397,-0.024292,0,0,-5,0.0142161,-0.026397,4.97571,4.9758,0.00177379,-0.0539829,-0.00848784,0,0,0
1780640626150844,0.08,0.0142763,-0.026543,-0.0242615,0,0,-5,0.0142763,-0.026543,4.97574,4.97583,0.00156007,-0.0545578,-0.0090597,0,0,0
1780640626166844,0.096,0.0143334,-0.0267394,-0.0242615,0,0,-5,0.0143334,-0.0267394,4.97574,4.97583,0.0019592,-0.054512,-0.00795627,0,0,0
1780640626190844,0.12,0.0144379,-0.0271103,-0.024231,0,0,-5,0.0144379,-0.0271103,4.97577,4.97586,0.00316251,-0.0550215,-0.0101847,0,0,0
1780640626206844,0.136,0.0145141,-0.0274104,-0.0242615,0,0,-5,0.0145141,-0.0274104,4.97574,4.97584,0.00289939,-0.0552507,-0.00995299,0,0,0
1780640626230844,0.16,0.0146273,-0.0279228,-0.024292,0,0,-5,0.0146273,-0.0279228,4.97571,4.97581,0.00337832,-0.0559801,-0.0096796,0,0,0
1780640626246844,0.176,0.0147187,-0.028308,-0.024353,0,0,-5,0.0147187,-0.028308,4.97565,4.97575,0.0033608,-0.0556445,-0.0111744,0,0,0
1780640626270844,0.2,0.0148722,-0.0289288,-0.0244446,0,0,-5,0.0148722,-0.0289288,4.97556,4.97566,0.0031567,-0.0555826,-0.0101995,0,0,0
1780640626294844,0.224,0.0150472,-0.0296189,-0.0245667,0,0,-5,0.0150472,-0.0296189,4.97543,4.97554,0.0052236,-0.0561657,-0.0105355,0,0,0
1780640626310844,0.24,0.0151668,-0.030113,-0.0246582,0,0,-5,0.0151668,-0.030113,4.97534,4.97546,0.00422345,-0.0553531,-0.0111584,0,0,0
1780640626334844,0.264,0.0153339,-0.0308898,-0.0248108,0,0,-5,0.0153339,-0.0308898,4.97519,4.97531,0.0035489,-0.0559157,-0.0116328,0,0,0
1780640626350844,0.28,0.0153293,-0.0308615,-0.0249023,0,0,-5,0.0153293,-0.0308615,4.9751,4.97522,0.00310056,-0.0565509,-0.0124195,0,0,0
1780640626374844,0.304,0.0151656,-0.0300639,-0.0249329,0,0,-5,0.0151656,-0.0300639,4.97507,4.97518,0.00295762,-0.0559629,-0.0124348,0,0,0
1780640626390844,0.32,0.0150725,-0.0296189,-0.0249634,0,0,-5,0.0150725,-0.0296189,4.97504,4.97515,0.00449192,-0.0555098,-0.0124585,0,0,0
1780640626406844,0.336,0.0150004,-0.0292221,-0.0249634,0,0,-5,0.0150004,-0.0292221,4.97504,4.97515,0.00439644,-0.0542826,-0.0117375,0,0,0
1780640626430844,0.36,0.0148994,-0.0287406,-0.0249939,0,0,-5,0.0148994,-0.0287406,4.97501,4.97511,0.00397976,-0.0535552,-0.0122685,0,0,0
1780640626454844,0.384,0.0148065,-0.0283849,-0.0250854,0,0,-5,0.0148065,-0.0283849,4.97491,4.97502,0.00347229,-0.0540715,-0.0132493,0,0,0
1780640626470844,0.4,0.0147577,-0.0282218,-0.0251465,0,0,-5,0.0147577,-0.0282218,4.97485,4.97496,0.00402275,-0.0544108,-0.0135587,0,0,0
1780640626494844,0.424,0.0146803,-0.0280762,-0.0252686,0,0,-5,0.0146803,-0.0280762,4.97473,4.97483,0.00263168,-0.0538644,-0.0128862,0,0,0
1780640626510844,0.44,0.01463,-0.0280382,-0.0253601,0,0,-5,0.01463,-0.0280382,4.97464,4.97474,0.00291456,-0.0547069,-0.0129552,0,0,0
1780640626534844,0.464,0.0145693,-0.0280831,-0.0255127,0,0,-5,0.0145693,-0.0280831,4.97449,4.97459,0.00220861,-0.0548981,-0.0128184,0,0,0
1780640626550844,0.48,0.0145325,-0.0281678,-0.0256348,0,0,-5,0.0145325,-0.0281678,4.97437,4.97447,0.00151013,-0.0544479,-0.0131882,0,0,0
1780640626574844,0.504,0.0144795,-0.0283682,-0.0258179,0,0,-5,0.0144795,-0.0283682,4.97418,4.97428,0.00196633,-0.0546409,-0.0135103,0,0,0
1780640626590844,0.52,0.0144603,-0.0285488,-0.0259399,0,0,-5,0.0144603,-0.0285488,4.97406,4.97416,0.00226973,-0.0542006,-0.0126209,0,0,0
1780640626614844,0.544,0.0144703,-0.028859,-0.026123,0,0,-5,0.0144703,-0.028859,4.97388,4.97398,0.00415901,-0.0516323,-0.0121309,0,0,0
1780640626630844,0.56,0.0145101,-0.0290867,-0.0262451,0,0,-5,0.0145101,-0.0290867,4.97375,4.97386,0.00504534,-0.0521886,-0.0120777,0,0,0
1780640626646844,0.576,0.0145512,-0.0293608,-0.0263367,0,0,-5,0.0145512,-0.0293608,4.97366,4.97377,0.00361212,-0.0522839,-0.0119139,0,0,0
1780640626670844,0.6,0.0146085,-0.0298263,-0.0265198,0,0,-5,0.0146085,-0.0298263,4.97348,4.97359,0.00404064,-0.0522628,-0.013336,0,0,0
1780640626694844,0.624,0.0146663,-0.0303417,-0.0267639,0,0,-5,0.0146663,-0.0303417,4.97324,4.97335,0.00378305,-0.0511451,-0.0146341,0,0,0
1780640626710844,0.64,0.0147188,-0.0307187,-0.026886,0,0,-5,0.0147188,-0.0307187,4.97311,4.97323,0.00427605,-0.0519486,-0.0147389,0,0,0
1780640626734844,0.664,0.0148054,-0.0313723,-0.0270691,0,0,-5,0.0148054,-0.0313723,4.97293,4.97305,0.00420093,-0.0538078,-0.0159894,0,0,0
1780640626750844,0.68,0.0147722,-0.0312807,-0.0271301,0,0,-5,0.0147722,-0.0312807,4.97287,4.97299,0.00477928,-0.053708,-0.0162299,0,0,0
1780640626766844,0.696,0.0146584,-0.0307054,-0.0270996,0,0,-5,0.0146584,-0.0307054,4.9729,4.97302,0.00319903,-0.0539622,-0.0160661,0,0,0
1780640626790844,0.72,0.0144755,-0.0299788,-0.0270691,0,0,-5,0.0144755,-0.0299788,4.97293,4.97304,0.00242691,-0.0528913,-0.0145891,0,0,0
1780640626814844,0.744,0.0143248,-0.0293946,-0.0270691,0,0,-5,0.0143248,-0.0293946,4.97293,4.97304,0.0033088,-0.0526933,-0.0160492,0,0,0
1780640626830844,0.76,0.0142406,-0.0290895,-0.0270996,0,0,-5,0.0142406,-0.0290895,4.9729,4.97301,0.00298613,-0.0534771,-0.0176359,0,0,0
1780640626854844,0.784,0.0141178,-0.0287764,-0.0272217,0,0,-5,0.0141178,-0.0287764,4.97278,4.97288,0.00204196,-0.055042,-0.0188188,0,0,0
1780640626870844,0.8,0.0140344,-0.0286593,-0.0273438,0,0,-5,0.0140344,-0.0286593,4.97266,4.97276,0.00128219,-0.0559161,-0.0183609,0,0,0
1780640626894844,0.824,0.0139056,-0.0285895,-0.0274963,0,0,-5,0.0139056,-0.0285895,4.9725,4.97261,0.000880449,-0.0556064,-0.0176905,0,0,0
1780640626910844,0.84,0.013824,-0.0286119,-0.0275879,0,0,-5,0.013824,-0.0286119,4.97241,4.97251,0.000366166,-0.0565672,-0.0175711,0,0,0
1780640626934844,0.864,0.0136899,-0.0287502,-0.0278015,0,0,-5,0.0136899,-0.0287502,4.9722,4.9723,-0.00119205,-0.0571388,-0.0179884,0,0,0
1780640626950844,0.88,0.0135935,-0.0289019,-0.0279236,0,0,-5,0.0135935,-0.0289019,4.97208,4.97218,-0.00201071,-0.0571221,-0.0175607,0,0,0
1780640626974844,0.904,0.0134462,-0.0291891,-0.0281372,0,0,-5,0.0134462,-0.0291891,4.97186,4.97197,-0.00325282,-0.0562757,-0.0186218,0,0,0
1780640626990844,0.92,0.0133467,-0.0294334,-0.0283203,0,0,-5,0.0133467,-0.0294334,4.97168,4.97178,-0.00300288,-0.0572334,-0.0190964,0,0,0
1780640627006844,0.936,0.0132567,-0.0297239,-0.0285034,0,0,-5,0.0132567,-0.0297239,4.9715,4.9716,-0.0033423,-0.0571808,-0.0195366,0,0,0
1780640627030918,0.960074,0.0131128,-0.0301966,-0.0287781,0,0,-5,0.0131128,-0.0301966,4.97122,4.97133,-0.00382676,-0.0556771,-0.017953,0,0,0
1780640627054918,0.984074,0.0129949,-0.0307344,-0.0290527,0,0,-5,0.0129949,-0.0307344,4.97095,4.97106,-0.0025599,-0.0559848,-0.017788,0,0,0
1780640627070918,1.00007,0.0129278,-0.0311325,-0.0292664,0,0,-5,0.0129278,-0.0311325,4.97073,4.97085,-0.00316887,-0.0564529,-0.0185953,0,0,0
1780640627094918,1.02407,0.0128205,-0.031787,-0.0296021,0,0,-5,0.0128205,-0.031787,4.9704,4.97052,-0.0035093,-0.0553198,-0.0189644,0,0,0
1780640627110918,1.04007,0.0127453,-0.0322375,-0.0298157,0,0,-5,0.0127453,-0.0322375,4.97018,4.97031,-0.00399852,-0.0550508,-0.018592,0,0,0
1780640627134918,1.06407,0.0126159,-0.0329806,-0.0301208,0,0,-5,0.0126159,-0.0329806,4.96988,4.97,-0.00545082,-0.0557212,-0.0179193,0,0,0
1780640627150918,1.08007,0.0123934,-0.0328928,-0.0302734,0,0,-5,0.0123934,-0.0328928,4.96973,4.96985,-0.00517501,-0.0557423,-0.0174969,0,0,0
1780640627174918,1.10407,0.0119003,-0.0319431,-0.0304565,0,0,-5,0.0119003,-0.0319431,4.96954,4.96966,-0.006948,-0.0540593,-0.0186095,0,0,0
1780640627190918,1.12007,0.0115569,-0.0314047,-0.0306091,0,0,-5,0.0115569,-0.0314047,4.96939,4.9695,-0.00840675,-0.0545165,-0.0191204,0,0,0
1780640627214918,1.14407,0.0110337,-0.0307321,-0.0308838,0,0,-5,0.0110337,-0.0307321,4.96912,4.96922,-0.0106531,-0.0541436,-0.0198995,0,0,0
1780640627230918,1.16007,0.0106751,-0.0303596,-0.0310669,0,0,-5,0.0106751,-0.0303596,4.96893,4.96904,-0.010945,-0.0535276,-0.0211269,0,0,0
1780640627254918,1.18407,0.0101477,-0.0299389,-0.0313416,0,0,-5,0.0101477,-0.0299389,4.96866,4.96876,-0.012718,-0.0551987,-0.0191222,0,0,0
1780640627270918,1.20007,0.00979872,-0.029734,-0.0315247,0,0,-5,0.00979872,-0.029734,4.96848,4.96857,-0.0120164,-0.0537445,-0.0179923,0,0,0
1780640627294918,1.22407,0.00928811,-0.0294961,-0.0317383,0,0,-5,0.00928811,-0.0294961,4.96826,4.96836,-0.0128304,-0.0522036,-0.0190379,0,0,0
1780640627310918,1.24007,0.00896256,-0.0293917,-0.0319214,0,0,-5,0.00896256,-0.0293917,4.96808,4.96817,-0.0134415,-0.0528713,-0.0186679,0,0,0
1780640627326918,1.25607,0.00863962,-0.0293363,-0.0321045,0,0,-5,0.00863962,-0.0293363,4.9679,4.96799,-0.0136292,-0.0525568,-0.018936,0,0,0
1780640627350918,1.28007,0.00816866,-0.0293241,-0.0323792,0,0,-5,0.00816866,-0.0293241,4.96762,4.96771,-0.0135102,-0.0510555,-0.0196915,0,0,0
1780640627374918,1.30407,0.00771852,-0.0293705,-0.0326843,0,0,-5,0.00771852,-0.0293705,4.96732,4.96741,-0.0147363,-0.0490243,-0.0186269,0,0,0
1780640627390918,1.32007,0.00740555,-0.029436,-0.0328674,0,0,-5,0.00740555,-0.029436,4.96713,4.96723,-0.0160907,-0.0494047,-0.0175273,0,0,0
1780640627414918,1.34407,0.00692033,-0.0296276,-0.0331421,0,0,-5,0.00692033,-0.0296276,4.96686,4.96695,-0.0173985,-0.0499412,-0.0167511,0,0,0
1780640627430918,1.36007,0.00659165,-0.0298097,-0.0332947,0,0,-5,0.00659165,-0.0298097,4.96671,4.9668,-0.0172218,-0.0504583,-0.0165249,0,0,0
1780640627454918,1.38407,0.00614105,-0.0301464,-0.0335388,0,0,-5,0.00614105,-0.0301464,4.96646,4.96656,-0.0159829,-0.0504232,-0.0163458,0,0,0
1780640627470918,1.40007,0.00584995,-0.0304119,-0.0337219,0,0,-5,0.00584995,-0.0304119,4.96628,4.96637,-0.0163418,-0.0508371,-0.0169442,0,0,0
1780640627494918,1.42407,0.00542252,-0.0308642,-0.0339661,0,0,-5,0.00542252,-0.0308642,4.96603,4.96613,-0.0158011,-0.0506529,-0.0160749,0,0,0
1780640627510918,1.44007,0.00514444,-0.0312077,-0.0341187,0,0,-5,0.00514444,-0.0312077,4.96588,4.96598,-0.0156988,-0.0502513,-0.0162559,0,0,0
1780640627526918,1.45607,0.00487532,-0.0315707,-0.0342712,0,0,-5,0.00487532,-0.0315707,4.96573,4.96583,-0.0158257,-0.0498728,-0.0163415,0,0,0
1780640627550918,1.48007,0.00457703,-0.0316162,-0.0343933,0,0,-5,0.00457703,-0.0316162,4.96561,4.96571,-0.016086,-0.0489954,-0.0167326,0,0,0
1780640627574918,1.50407,0.00447664,-0.030697,-0.0343018,0,0,-5,0.00447664,-0.030697,4.9657,4.9658,-0.0152315,-0.048891,-0.0162686,0,0,0
1780640627590918,1.52007,0.0044125,-0.0301709,-0.0342102,0,0,-5,0.0044125,-0.0301709,4.96579,4.96588,-0.0151069,-0.047628,-0.0156913,0,0,0
1780640627606918,1.53607,0.00434786,-0.0296982,-0.0341797,0,0,-5,0.00434786,-0.0296982,4.96582,4.96591,-0.014708,-0.0473845,-0.0150818,0,0,0
1780640627630918,1.56007,0.00423797,-0.0291007,-0.0341187,0,0,-5,0.00423797,-0.0291007,4.96588,4.96597,-0.0159317,-0.047082,-0.0149555,0,0,0
1780640627646918,1.57607,0.00413576,-0.0287771,-0.0340881,0,0,-5,0.00413576,-0.0287771,4.96591,4.966,-0.0173258,-0.0459305,-0.0156718,0,0,0
1780640627670918,1.60007,0.00391565,-0.028377,-0.0341492,0,0,-5,0.00391565,-0.028377,4.96585,4.96593,-0.0200659,-0.0459625,-0.0161674,0,0,0
1780640627686918,1.61607,0.00374395,-0.0281751,-0.0341797,0,0,-5,0.00374395,-0.0281751,4.96582,4.9659,-0.0204002,-0.0456488,-0.0159818,0,0,0
1780640627710918,1.64007,0.00348696,-0.0279694,-0.0342712,0,0,-5,0.00348696,-0.0279694,4.96573,4.96581,-0.0190876,-0.0455107,-0.0162422,0,0,0
1780640627734918,1.66407,0.0032427,-0.0278383,-0.0343933,0,0,-5,0.0032427,-0.0278383,4.96561,4.96569,-0.0191865,-0.0439286,-0.0171787,0,0,0
1780640627750918,1.68007,0.00306321,-0.0277836,-0.0345154,0,0,-5,0.00306321,-0.0277836,4.96548,4.96556,-0.0188906,-0.0425314,-0.01765,0,0,0
1780640627774918,1.70407,0.00281436,-0.0277616,-0.034668,0,0,-5,0.00281436,-0.0277616,4.96533,4.96541,-0.0183947,-0.0419231,-0.0163327,0,0,0
1780640627790918,1.72007,0.00264171,-0.0277873,-0.03479,0,0,-5,0.00264171,-0.0277873,4.96521,4.96529,-0.0189745,-0.0417938,-0.0162703,0,0,0
1780640627814918,1.74407,0.00235611,-0.0278927,-0.0349731,0,0,-5,0.00235611,-0.0278927,4.96503,4.96511,-0.0195549,-0.0395669,-0.0157075,0,0,0
1780640627830918,1.76007,0.00214993,-0.0279697,-0.0350952,0,0,-5,0.00214993,-0.0279697,4.9649,4.96498,-0.0204807,-0.0386391,-0.015258,0,0,0
1780640627854918,1.78407,0.00179177,-0.0281366,-0.0352783,0,0,-5,0.00179177,-0.0281366,4.96472,4.9648,-0.0217129,-0.0383057,-0.0148147,0,0,0
1780640627870918,1.80007,0.0015472,-0.0282841,-0.0354004,0,0,-5,0.0015472,-0.0282841,4.9646,4.96468,-0.0218617,-0.0384352,-0.0154368,0,0,0
1780640627886918,1.81607,0.00127537,-0.0284485,-0.035553,0,0,-5,0.00127537,-0.0284485,4.96445,4.96453,-0.0236708,-0.0374328,-0.015445,0,0,0
1780640627910918,1.84007,0.000831871,-0.0287243,-0.0358276,0,0,-5,0.000831871,-0.0287243,4.96417,4.96426,-0.0244288,-0.0366636,-0.0150631,0,0,0
1780640627934918,1.86407,0.000372458,-0.0290525,-0.0360718,0,0,-5,0.000372458,-0.0290525,4.96393,4.96401,-0.0252518,-0.0364814,-0.0144852,0,0,0
1780640627950918,1.88007,0.000104688,-0.0289069,-0.0361328,0,0,-5,0.000104688,-0.0289069,4.96387,4.96395,-0.0248474,-0.0366689,-0.014967,0,0,0
1780640627974918,1.90407,-0.000242394,-0.02824,-0.0359497,0,0,-5,-0.000242394,-0.02824,4.96405,4.96413,-0.026181,-0.0372931,-0.0145195,0,0,0
1780640627990918,1.92007,-0.000484005,-0.0278745,-0.0358582,0,0,-5,-0.000484005,-0.0278745,4.96414,4.96422,-0.0253555,-0.0371762,-0.0146739,0,0,0
1780640628014918,1.94407,-0.000855925,-0.0274241,-0.0357666,0,0,-5,-0.000855925,-0.0274241,4.96423,4.96431,-0.0256238,-0.0374254,-0.0144217,0,0,0
1780640628030994,1.96015,-0.00110121,-0.0271915,-0.0357361,0,0,-5,-0.00110121,-0.0271915,4.96426,4.96434,-0.0256513,-0.0364163,-0.0158883,0,0,0
1780640628054994,1.98415,-0.00147532,-0.0269155,-0.0357056,0,0,-5,-0.00147532,-0.0269155,4.96429,4.96437,-0.0250768,-0.0363916,-0.0157317,0,0,0
1780640628070994,2.00015,-0.00172136,-0.0267931,-0.0357056,0,0,-5,-0.00172136,-0.0267931,4.96429,4.96437,-0.0244386,-0.0366114,-0.0144936,0,0,0
1780640628094994,2.02415,-0.00210619,-0.0266931,-0.0357361,0,0,-5,-0.00210619,-0.0266931,4.96426,4.96434,-0.0259291,-0.0376758,-0.0173376,0,0,0
1780640628110994,2.04015,-0.00238925,-0.0266813,-0.0357971,0,0,-5,-0.00238925,-0.0266813,4.9642,4.96428,-0.0262559,-0.0375602,-0.0164119,0,0,0
1780640628134994,2.06415,-0.00283787,-0.0267293,-0.0358887,0,0,-5,-0.00283787,-0.0267293,4.96411,4.96418,-0.0270462,-0.0373341,-0.0166536,0,0,0
1780640628150994,2.08015,-0.00314528,-0.0268104,-0.0359802,0,0,-5,-0.00314528,-0.0268104,4.96402,4.96409,-0.0271905,-0.0380924,-0.016681,0,0,0
1780640628166994,2.09615,-0.00344942,-0.0269219,-0.0360718,0,0,-5,-0.00344942,-0.0269219,4.96393,4.964,-0.0284458,-0.0381694,-0.0163024,0,0,0
1780640628190994,2.12015,-0.0039453,-0.0271466,-0.0362244,0,0,-5,-0.0039453,-0.0271466,4.96378,4.96385,-0.0299164,-0.0381915,-0.0164605,0,0,0
1780640628214994,2.14415,-0.00448141,-0.0274334,-0.0364075,0,0,-5,-0.00448141,-0.0274334,4.96359,4.96367,-0.0310204,-0.0374368,-0.0176406,0,0,0
1780640628230994,2.16015,-0.00485099,-0.0276516,-0.0365295,0,0,-5,-0.00485099,-0.0276516,4.96347,4.96355,-0.030537,-0.0380828,-0.0172815,0,0,0
1780640628254994,2.18415,-0.00542706,-0.0280203,-0.0367126,0,0,-5,-0.00542706,-0.0280203,4.96329,4.96337,-0.0315351,-0.0368191,-0.0177202,0,0,0
1780640628270994,2.20015,-0.00583422,-0.0282854,-0.0367737,0,0,-5,-0.00583422,-0.0282854,4.96323,4.96331,-0.0327913,-0.0359573,-0.0164524,0,0,0
1780640628294994,2.22415,-0.00649364,-0.0287216,-0.0368347,0,0,-5,-0.00649364,-0.0287216,4.96317,4.96325,-0.0346253,-0.0371439,-0.0154276,0,0,0
1780640628310994,2.24015,-0.00696759,-0.0290404,-0.0368958,0,0,-5,-0.00696759,-0.0290404,4.9631,4.96319,-0.0358132,-0.0373287,-0.0150923,0,0,0
1780640628334994,2.26415,-0.00771824,-0.0295639,-0.0370178,0,0,-5,-0.00771824,-0.0295639,4.96298,4.96308,-0.0383125,-0.0381974,-0.0149915,0,0,0
1780640628350994,2.28015,-0.00790484,-0.0295413,-0.0369873,0,0,-5,-0.00790484,-0.0295413,4.96301,4.96311,-0.0393445,-0.0376655,-0.0155097,0,0,0
1780640628374994,2.30415,-0.00774893,-0.029015,-0.0367432,0,0,-5,-0.00774893,-0.029015,4.96326,4.96335,-0.0398691,-0.0391366,-0.0151897,0,0,0
1780640628390994,2.32015,-0.00768697,-0.028743,-0.0365906,0,0,-5,-0.00768697,-0.028743,4.96341,4.9635,-0.0396435,-0.0385697,-0.0132915,0,0,0
1780640628414994,2.34415,-0.00765359,-0.0284163,-0.0364075,0,0,-5,-0.00765359,-0.0284163,4.96359,4.96368,-0.0409476,-0.0379538,-0.0139145,0,0,0
1780640628430994,2.36015,-0.00769488,-0.0282477,-0.0362854,0,0,-5,-0.00769488,-0.0282477,4.96371,4.9638,-0.0416991,-0.0377447,-0.0133963,0,0,0
1780640628454994,2.38415,-0.00782005,-0.0281162,-0.0361633,0,0,-5,-0.00782005,-0.0281162,4.96384,4.96392,-0.0419394,-0.0381681,-0.0132401,0,0,0
1780640628470994,2.40015,-0.00794068,-0.0280864,-0.0360718,0,0,-5,-0.00794068,-0.0280864,4.96393,4.96401,-0.0424647,-0.0388228,-0.0116194,0,0,0
1780640628494994,2.42415,-0.00817995,-0.0281271,-0.0359192,0,0,-5,-0.00817995,-0.0281271,4.96408,4.96417,-0.042551,-0.0387176,-0.0121518,0,0,0
1780640628510994,2.44015,-0.00835962,-0.0282026,-0.0358582,0,0,-5,-0.00835962,-0.0282026,4.96414,4.96423,-0.0423092,-0.0393022,-0.0122373,0,0,0
1780640628534994,2.46415,-0.00866517,-0.0283934,-0.0357361,0,0,-5,-0.00866517,-0.0283934,4.96426,4.96435,-0.0428352,-0.0398901,-0.0105243,0,0,0
1780640628550994,2.48015,-0.00891798,-0.0285741,-0.035675,0,0,-5,-0.00891798,-0.0285741,4.96432,4.96442,-0.0446174,-0.041198,-0.0118638,0,0,0
1780640628566994,2.49615,-0.00918673,-0.0287907,-0.035675,0,0,-5,-0.00918673,-0.0287907,4.96432,4.96442,-0.0438952,-0.0409022,-0.0134878,0,0,0
1780640628590994,2.52015,-0.00962915,-0.0291856,-0.035675,0,0,-5,-0.00962915,-0.0291856,4.96432,4.96442,-0.0445199,-0.0415295,-0.013909,0,0,0
1780640628614994,2.54415,-0.0101302,-0.029632,-0.0357056,0,0,-5,-0.0101302,-0.029632,4.96429,4.96439,-0.0455556,-0.0403065,-0.0131138,0,0,0
1780640628630994,2.56015,-0.0104968,-0.0299442,-0.0357361,0,0,-5,-0.0104968,-0.0299442,4.96426,4.96437,-0.0459715,-0.0402689,-0.0129717,0,0,0
1780640628654994,2.58415,-0.0110831,-0.0304783,-0.0358276,0,0,-5,-0.0110831,-0.0304783,4.96417,4.96428,-0.0473133,-0.0410763,-0.0139304,0,0,0
1780640628670994,2.60015,-0.0115066,-0.030856,-0.0359192,0,0,-5,-0.0115066,-0.030856,4.96408,4.96419,-0.0474713,-0.0399173,-0.0141269,0,0,0
1780640628694994,2.62415,-0.0121593,-0.0314531,-0.0360718,0,0,-5,-0.0121593,-0.0314531,4.96393,4.96404,-0.0474006,-0.0404472,-0.0143289,0,0,0
1780640628710994,2.64015,-0.0126249,-0.0318856,-0.0361938,0,0,-5,-0.0126249,-0.0318856,4.96381,4.96392,-0.0477354,-0.0408084,-0.0133081,0,0,0
1780640628734994,2.66415,-0.0132941,-0.0325832,-0.036377,0,0,-5,-0.0132941,-0.0325832,4.96362,4.96375,-0.0477787,-0.0417771,-0.0133296,0,0,0
1780640628750994,2.68015,-0.0133811,-0.0325739,-0.0364685,0,0,-5,-0.0133811,-0.0325739,4.96353,4.96366,-0.0479216,-0.0412061,-0.013379,0,0,0
1780640628774994,2.70415,-0.0130297,-0.0318448,-0.036499,0,0,-5,-0.0130297,-0.0318448,4.9635,4.96362,-0.0486616,-0.0384981,-0.0121911,0,0,0
1780640628790994,2.72015,-0.012855,-0.0314075,-0.0365295,0,0,-5,-0.012855,-0.0314075,4.96347,4.96359,-0.048544,-0.037663,-0.0118618,0,0,0
1780640628814994,2.74415,-0.0126585,-0.0308567,-0.036499,0,0,-5,-0.0126585,-0.0308567,4.9635,4.96361,-0.0489694,-0.0381135,-0.0108825,0,0,0
1780640628830994,2.76015,-0.0126006,-0.0305575,-0.036499,0,0,-5,-0.0126006,-0.0305575,4.9635,4.96361,-0.049359,-0.037258,-0.0093382,0,0,0
1780640628854994,2.78415,-0.0125873,-0.0301654,-0.036499,0,0,-5,-0.0125873,-0.0301654,4.9635,4.96361,-0.0499195,-0.0357953,-0.0117522,0,0,0
1780640628870994,2.80015,-0.0126314,-0.0299401,-0.0365295,0,0,-5,-0.0126314,-0.0299401,4.96347,4.96358,-0.0492776,-0.0356479,-0.0123229,0,0,0
1780640628894994,2.82415,-0.0127228,-0.0296656,-0.0366211,0,0,-5,-0.0127228,-0.0296656,4.96338,4.96348,-0.0477321,-0.0344642,-0.0129805,0,0,0
1780640628910994,2.84015,-0.0128245,-0.029532,-0.0367126,0,0,-5,-0.0128245,-0.029532,4.96329,4.96339,-0.0484,-0.0350884,-0.0133927,0,0,0
1780640628934994,2.86415,-0.0130504,-0.0294159,-0.0368652,0,0,-5,-0.0130504,-0.0294159,4.96313,4.96324,-0.0499493,-0.0361329,-0.0135178,0,0,0
1780640628950994,2.88015,-0.0132464,-0.0294017,-0.0369873,0,0,-5,-0.0132464,-0.0294017,4.96301,4.96312,-0.0495187,-0.0365602,-0.0132922,0,0,0
1780640628974994,2.90415,-0.0135888,-0.0294316,-0.0371704,0,0,-5,-0.0135888,-0.0294316,4.96283,4.96294,-0.0502004,-0.0358532,-0.0151431,0,0,0
1780640628990994,2.92015,-0.0138622,-0.0294882,-0.037323,0,0,-5,-0.0138622,-0.0294882,4.96268,4.96278,-0.0508506,-0.0353853,-0.0150694,0,0,0
1780640629014994,2.94415,-0.0143155,-0.0295814,-0.0375671,0,0,-5,-0.0143155,-0.0295814,4.96243,4.96254,-0.0506018,-0.0342029,-0.0148778,0,0,0
1780640629031071,2.96023,-0.0146502,-0.0296787,-0.0377502,0,0,-5,-0.0146502,-0.0296787,4.96225,4.96236,-0.0506844,-0.034862,-0.01505,0,0,0
1780640629055071,2.98423,-0.0152117,-0.029881,-0.0379944,0,0,-5,-0.0152117,-0.029881,4.96201,4.96212,-0.051951,-0.034463,-0.0149335,0,0,0
1780640629071071,3.00023,-0.0156246,-0.0300457,-0.0381775,0,0,-5,-0.0156246,-0.0300457,4.96182,4.96194,-0.052482,-0.0346568,-0.0153405,0,0,0
1780640629095071,3.02423,-0.0163112,-0.030335,-0.0384521,0,0,-5,-0.0163112,-0.030335,4.96155,4.96167,-0.0547904,-0.0337077,-0.0150307,0,0,0
1780640629111071,3.04023,-0.0168225,-0.0305374,-0.0386658,0,0,-5,-0.0168225,-0.0305374,4.96133,4.96146,-0.055674,-0.0323869,-0.0149807,0,0,0
1780640629135071,3.06423,-0.0176309,-0.0308767,-0.0389709,0,0,-5,-0.0176309,-0.0308767,4.96103,4.96116,-0.05606,-0.0330471,-0.01643,0,0,0
1780640629151071,3.08023,-0.0176516,-0.0307021,-0.039032,0,0,-5,-0.0176516,-0.0307021,4.96097,4.96109,-0.055115,-0.0318318,-0.016477,0,0,0
1780640629175071,3.10423,-0.0169642,-0.0298931,-0.0389404,0,0,-5,-0.0169642,-0.0298931,4.96106,4.96118,-0.0542933,-0.0320891,-0.0162643,0,0,0
1780640629191071,3.12023,-0.0165907,-0.0294442,-0.0388794,0,0,-5,-0.0165907,-0.0294442,4.96112,4.96124,-0.0547496,-0.0331618,-0.0155543,0,0,0
1780640629215071,3.14423,-0.0161506,-0.0288686,-0.0388184,0,0,-5,-0.0161506,-0.0288686,4.96118,4.96129,-0.0555677,-0.0316165,-0.0148749,0,0,0
1780640629231071,3.16023,-0.0159286,-0.0285254,-0.0388184,0,0,-5,-0.0159286,-0.0285254,4.96118,4.96129,-0.0547497,-0.0303837,-0.0160389,0,0,0
1780640629255071,3.18423,-0.0156848,-0.0280777,-0.0388489,0,0,-5,-0.0156848,-0.0280777,4.96115,4.96126,-0.0556105,-0.0306036,-0.0168429,0,0,0
1780640629271071,3.20023,-0.0155969,-0.0278441,-0.0389099,0,0,-5,-0.0155969,-0.0278441,4.96109,4.96119,-0.0557075,-0.0310733,-0.0166994,0,0,0
1780640629287071,3.21623,-0.015552,-0.0276532,-0.0389709,0,0,-5,-0.015552,-0.0276532,4.96103,4.96113,-0.0557666,-0.0309501,-0.0167598,0,0,0
1780640629311071,3.24023,-0.0155648,-0.0274415,-0.0391235,0,0,-5,-0.0155648,-0.0274415,4.96088,4.96098,-0.0569146,-0.0306575,-0.0170992,0,0,0
1780640629327071,3.25623,-0.0156529,-0.0273263,-0.0392151,0,0,-5,-0.0156529,-0.0273263,4.96078,4.96088,-0.0579566,-0.0294487,-0.0148201,0,0,0
1780640629351071,3.28023,-0.0158776,-0.0272061,-0.0393677,0,0,-5,-0.0158776,-0.0272061,4.96063,4.96073,-0.0586882,-0.029139,-0.0157392,0,0,0
1780640629375071,3.30423,-0.0162011,-0.0271389,-0.0395508,0,0,-5,-0.0162011,-0.0271389,4.96045,4.96055,-0.0607044,-0.028358,-0.0143162,0,0,0
1780640629391071,3.32023,-0.0164836,-0.0271291,-0.0396423,0,0,-5,-0.0164836,-0.0271291,4.96036,4.96046,-0.0618086,-0.0284762,-0.0142633,0,0,0
1780640629415071,3.34423,-0.0169849,-0.0271705,-0.039856,0,0,-5,-0.0169849,-0.0271705,4.96014,4.96025,-0.0618399,-0.0282169,-0.015886,0,0,0
1780640629431071,3.36023,-0.0173589,-0.027223,-0.0400085,0,0,-5,-0.0173589,-0.027223,4.95999,4.9601,-0.0616576,-0.0276294,-0.0125647,0,0,0
1780640629455071,3.38423,-0.0179502,-0.0273134,-0.0402222,0,0,-5,-0.0179502,-0.0273134,4.95978,4.95989,-0.0614236,-0.024852,-0.0181033,0,0,0
1780640629471071,3.40023,-0.0183714,-0.0273693,-0.0404358,0,0,-5,-0.0183714,-0.0273693,4.95956,4.95967,-0.0607964,-0.0244449,-0.0182105,0,0,0
1780640629495071,3.42423,-0.0190364,-0.0275098,-0.040741,0,0,-5,-0.0190364,-0.0275098,4.95926,4.95937,-0.060058,-0.0253286,-0.0178566,0,0,0
1780640629511071,3.44023,-0.0195008,-0.0276319,-0.0409241,0,0,-5,-0.0195008,-0.0276319,4.95908,4.95919,-0.060632,-0.0254247,-0.0178167,0,0,0
1780640629535071,3.46423,-0.0202749,-0.0278474,-0.0412292,0,0,-5,-0.0202749,-0.0278474,4.95877,4.95889,-0.0617405,-0.0246826,-0.016544,0,0,0
1780640629551071,3.48023,-0.0202775,-0.0275443,-0.0412903,0,0,-5,-0.0202775,-0.0275443,4.95871,4.95883,-0.0619986,-0.0237315,-0.0152847,0,0,0
1780640629575071,3.50423,-0.0195871,-0.0264687,-0.0411682,0,0,-5,-0.0195871,-0.0264687,4.95883,4.95894,-0.0624793,-0.022542,-0.0154413,0,0,0
1780640629591071,3.52023,-0.0192213,-0.0258021,-0.0411377,0,0,-5,-0.0192213,-0.0258021,4.95886,4.95897,-0.0633971,-0.0213228,-0.0155607,0,0,0
1780640629615071,3.54423,-0.0188045,-0.0248818,-0.0410767,0,0,-5,-0.0188045,-0.0248818,4.95892,4.95902,-0.0631062,-0.019674,-0.0152029,0,0,0
1780640629631071,3.56023,-0.0186012,-0.0243117,-0.0410767,0,0,-5,-0.0186012,-0.0243117,4.95892,4.95902,-0.0635954,-0.0191223,-0.0143923,0,0,0
1780640629655071,3.58423,-0.0184115,-0.0235139,-0.0410767,0,0,-5,-0.0184115,-0.0235139,4.95892,4.95901,-0.0634384,-0.0171082,-0.0141042,0,0,0
1780640629671071,3.60023,-0.0183471,-0.0230244,-0.0410767,0,0,-5,-0.0183471,-0.0230244,4.95892,4.95901,-0.063797,-0.0166718,-0.0126163,0,0,0
1780640629695071,3.62423,-0.0183507,-0.0223661,-0.0410461,0,0,-5,-0.0183507,-0.0223661,4.95895,4.95904,-0.0641261,-0.0165421,-0.0111384,0,0,0
1780640629711071,3.64023,-0.0184159,-0.021977,-0.0410461,0,0,-5,-0.0184159,-0.021977,4.95895,4.95904,-0.0640727,-0.0166251,-0.011635,0,0,0
1780640629735071,3.66423,-0.018643,-0.0214613,-0.0410767,0,0,-5,-0.018643,-0.0214613,4.95892,4.959,-0.06658,-0.0159829,-0.0109338,0,0,0
1780640629751071,3.68023,-0.0188774,-0.0211534,-0.0410767,0,0,-5,-0.0188774,-0.0211534,4.95892,4.959,-0.0675382,-0.0156726,-0.0111119,0,0,0
1780640629775071,3.70423,-0.0193078,-0.0207467,-0.0411377,0,0,-5,-0.0193078,-0.0207467,4.95886,4.95894,-0.0671503,-0.0161259,-0.0111841,0,0,0
1780640629791071,3.72023,-0.019646,-0.0205308,-0.0411987,0,0,-5,-0.019646,-0.0205308,4.9588,4.95888,-0.0678046,-0.0174112,-0.0113062,0,0,0
1780640629815071,3.74423,-0.0202177,-0.0203006,-0.0412903,0,0,-5,-0.0202177,-0.0203006,4.95871,4.95879,-0.0678471,-0.018435,-0.0114781,0,0,0
1780640629831071,3.76023,-0.0206439,-0.0201866,-0.0413513,0,0,-5,-0.0206439,-0.0201866,4.95865,4.95873,-0.0680742,-0.0184161,-0.0111507,0,0,0
1780640629855071,3.78423,-0.0213707,-0.0200654,-0.0415039,0,0,-5,-0.0213707,-0.0200654,4.9585,4.95858,-0.0692466,-0.0179377,-0.0122189,0,0,0
1780640629871071,3.80023,-0.0218839,-0.0199981,-0.0415955,0,0,-5,-0.0218839,-0.0199981,4.9584,4.95849,-0.0679355,-0.0166077,-0.0109485,0,0,0
1780640629895071,3.82423,-0.0226905,-0.0199399,-0.0417175,0,0,-5,-0.0226905,-0.0199399,4.95828,4.95837,-0.0683412,-0.0178709,-0.0112483,0,0,0
1780640629911071,3.84023,-0.0232812,-0.0199395,-0.0418091,0,0,-5,-0.0232812,-0.0199395,4.95819,4.95829,-0.0694847,-0.0178731,-0.010976,0,0,0
1780640629935071,3.86423,-0.0242148,-0.0199927,-0.0419922,0,0,-5,-0.0242148,-0.0199927,4.95801,4.95811,-0.0695027,-0.018812,-0.0118673,0,0,0
1780640629951071,3.88023,-0.0243489,-0.0198074,-0.0418701,0,0,-5,-0.0243489,-0.0198074,4.95813,4.95823,-0.0706223,-0.0188362,-0.0114877,0,0,0
1780640629975071,3.90423,-0.0238878,-0.0192301,-0.0413513,0,0,-5,-0.0238878,-0.0192301,4.95865,4.95874,-0.0694519,-0.0197333,-0.0107832,0,0,0
1780640629991071,3.92023,-0.0236624,-0.0189027,-0.0410461,0,0,-5,-0.0236624,-0.0189027,4.95895,4.95905,-0.0703269,-0.0192807,-0.0107251,0,0,0
1780640630015071,3.94423,-0.023429,-0.0184506,-0.0406189,0,0,-5,-0.023429,-0.0184506,4.95938,4.95947,-0.0702076,-0.0193585,-0.0106076,0,0,0
1780640630031150,3.96031,-0.0233556,-0.0182033,-0.0403748,0,0,-5,-0.0233556,-0.0182033,4.95963,4.95971,-0.070141,-0.0195842,-0.0119291,0,0,0
1780640630055150,3.98431,-0.0233669,-0.0178931,-0.0400391,0,0,-5,-0.0233669,-0.0178931,4.95996,4.96005,-0.0716851,-0.0183355,-0.0124232,0,0,0
1780640630071150,4.00031,-0.0234521,-0.0177012,-0.0398865,0,0,-5,-0.0234521,-0.0177012,4.96011,4.9602,-0.0718926,-0.0168723,-0.0135392,0,0,0
1780640630095150,4.02431,-0.0236928,-0.0174426,-0.0397034,0,0,-5,-0.0236928,-0.0174426,4.9603,4.96038,-0.0724428,-0.0168581,-0.0136672,0,0,0
1780640630111150,4.04031,-0.0239165,-0.0173028,-0.0395813,0,0,-5,-0.0239165,-0.0173028,4.96042,4.96051,-0.0723735,-0.0166373,-0.0137166,0,0,0
1780640630135150,4.06431,-0.0243469,-0.0171656,-0.0394592,0,0,-5,-0.0243469,-0.0171656,4.96054,4.96063,-0.0731355,-0.0190411,-0.0124236,0,0,0
1780640630151150,4.08031,-0.0246936,-0.0171275,-0.0393677,0,0,-5,-0.0246936,-0.0171275,4.96063,4.96072,-0.07315,-0.0184426,-0.0122126,0,0,0
1780640630175150,4.10431,-0.0252937,-0.01711,-0.0392456,0,0,-5,-0.0252937,-0.01711,4.96075,4.96085,-0.0732352,-0.0188616,-0.0113849,0,0,0
1780640630191150,4.12031,-0.0257458,-0.0171333,-0.0392151,0,0,-5,-0.0257458,-0.0171333,4.96078,4.96088,-0.0738649,-0.0191827,-0.0114806,0,0,0
1780640630215150,4.14431,-0.0264843,-0.0171682,-0.0391235,0,0,-5,-0.0264843,-0.0171682,4.96088,4.96098,-0.0727759,-0.0167211,-0.0103311,0,0,0
1780640630231150,4.16031,-0.0270154,-0.0171922,-0.039093,0,0,-5,-0.0270154,-0.0171922,4.96091,4.96101,-0.0734702,-0.0160087,-0.0089722,0,0,0
1780640630255150,4.18431,-0.0278904,-0.017225,-0.039032,0,0,-5,-0.0278904,-0.017225,4.96097,4.96108,-0.0741639,-0.0142332,-0.0097658,0,0,0
1780640630271150,4.20031,-0.0285245,-0.0172506,-0.039032,0,0,-5,-0.0285245,-0.0172506,4.96097,4.96108,-0.0758434,-0.0129186,-0.0107684,0,0,0
1780640630295150,4.22431,-0.0296184,-0.0172344,-0.0390625,0,0,-5,-0.0296184,-0.0172344,4.96094,4.96106,-0.0818303,-0.00787995,-0.0104843,0,0,0
1780640630311150,4.24031,-0.0304609,-0.0171749,-0.039093,0,0,-5,-0.0304609,-0.0171749,4.96091,4.96103,-0.0852197,-0.00442371,-0.0116743,0,0,0
1780640630335150,4.26431,-0.0319213,-0.0169675,-0.0391846,0,0,-5,-0.0319213,-0.0169675,4.96082,4.96095,-0.0932854,0.00404484,-0.0116156,0,0,0
1780640630351150,4.28031,-0.0324046,-0.01647,-0.039093,0,0,-5,-0.0324046,-0.01647,4.96091,4.96104,-0.0990487,0.0107984,-0.0116963,0,0,0
1780640630375150,4.30431,-0.0325273,-0.0151761,-0.0387573,0,0,-5,-0.0325273,-0.0151761,4.96124,4.96137,-0.108352,0.0212845,-0.01254,0,0,0
1780640630391150,4.32031,-0.0328301,-0.0142214,-0.0386047,0,0,-5,-0.0328301,-0.0142214,4.9614,4.96152,-0.114695,0.0293007,-0.0143509,0,0,0
1780640630407150,4.33631,-0.033297,-0.0131727,-0.0385132,0,0,-5,-0.033297,-0.0131727,4.96149,4.96162,-0.120122,0.0369727,-0.0171769,0,0,0
1780640630431150,4.36031,-0.034305,-0.0114192,-0.0385132,0,0,-5,-0.034305,-0.0114192,4.96149,4.96162,-0.129733,0.049332,-0.0232913,0,0,0
1780640630447150,4.37631,-0.0351881,-0.0101361,-0.0386353,0,0,-5,-0.0351881,-0.0101361,4.96136,4.9615,-0.136391,0.0564298,-0.0286626,0,0,0
1780640630471150,4.40031,-0.0367842,-0.00802759,-0.0390015,0,0,-5,-0.0367842,-0.00802759,4.961,4.96114,-0.143234,0.0680764,-0.0378056,0,0,0
1780640630495150,4.42431,-0.0386825,-0.00573919,-0.0396729,0,0,-5,-0.0386825,-0.00573919,4.96033,4.96048,-0.150339,0.0761199,-0.0500836,0,0,0
1780640630511150,4.44031,-0.0400669,-0.00415314,-0.0403137,0,0,-5,-0.0400669,-0.00415314,4.95969,4.95985,-0.150538,0.0799093,-0.0589339,0,0,0
1780640630535150,4.46431,-0.0422512,-0.0017084,-0.0415955,0,0,-5,-0.0422512,-0.0017084,4.9584,4.95858,-0.15136,0.0851259,-0.0734218,0,0,0
1780640630551150,4.48031,-0.0437629,-3.08181e-05,-0.0426331,0,0,-5,-0.0437629,-3.08181e-05,4.95737,4.95756,-0.149542,0.088979,-0.0822298,0,0,0
1780640630575150,4.50431,-0.0459913,0.00251725,-0.0445557,0,0,-5,-0.0459913,0.00251725,4.95544,4.95566,-0.142582,0.090747,-0.101205,0,0,0
1780640630591150,4.52031,-0.0474381,0.0042162,-0.0461121,0,0,-5,-0.0474381,0.0042162,4.95389,4.95412,-0.136984,0.0912464,-0.11587,0,0,0
1780640630607150,4.53631,-0.0488272,0.00590044,-0.0479431,0,0,-5,-0.0488272,0.00590044,4.95206,4.9523,-0.130475,0.0921179,-0.133616,0,0,0
1780640630631150,4.56031,-0.0507693,0.00844014,-0.0513,0,0,-5,-0.0507693,0.00844014,4.9487,4.94897,-0.119695,0.0942754,-0.164848,0,0,0
1780640630655150,4.58431,-0.0525317,0.0110016,-0.0554504,0,0,-5,-0.0525317,0.0110016,4.94455,4.94484,-0.107172,0.0970734,-0.198261,0,0,0
1780640630671150,4.60031,-0.0535589,0.0127329,-0.0586853,0,0,-5,-0.0535589,0.0127329,4.94131,4.94162,-0.0976921,0.0990117,-0.223164,0,0,0
1780640630687150,4.61631,-0.0544829,0.0144761,-0.0623779,0,0,-5,-0.0544829,0.0144761,4.93762,4.93794,-0.0892406,0.100504,-0.248509,0,0,0
1780640630711150,4.64031,-0.0556524,0.017123,-0.0686951,0,0,-5,-0.0556524,0.017123,4.9313,4.93165,-0.0745906,0.103563,-0.290212,0,0,0
1780640630735150,4.66431,-0.0565102,0.0198422,-0.0760803,0,0,-5,-0.0565102,0.0198422,4.92392,4.92428,-0.0580386,0.107245,-0.334038,0,0,0
1780640630751150,4.68031,-0.0561333,0.021617,-0.0811462,0,0,-5,-0.0561333,0.021617,4.91885,4.91922,-0.0454849,0.10814,-0.36433,0,0,0
1780640630775150,4.70431,-0.0542198,0.024215,-0.0891113,0,0,-5,-0.0542198,0.024215,4.91089,4.91125,-0.0272407,0.109811,-0.412612,0,0,0
1780640630791150,4.72031,-0.0528006,0.0259658,-0.0951233,0,0,-5,-0.0528006,0.0259658,4.90488,4.90523,-0.013044,0.110671,-0.443743,0,0,0
1780640630815150,4.74431,-0.0504152,0.0285986,-0.105194,0,0,-5,-0.0504152,0.0285986,4.89481,4.89515,0.00833814,0.112162,-0.491406,0,0,0
1780640630831150,4.76031,-0.0486395,0.0303695,-0.11261,0,0,-5,-0.0486395,0.0303695,4.88739,4.88773,0.0228949,0.112721,-0.525957,0,0,0
1780640630855150,4.78431,-0.0456748,0.0329976,-0.124969,0,0,-5,-0.0456748,0.0329976,4.87503,4.87536,0.0454379,0.111369,-0.590902,0,0,0
1780640630871150,4.80031,-0.0434881,0.0347404,-0.134247,0,0,-5,-0.0434881,0.0347404,4.86575,4.86607,0.0606305,0.112227,-0.647008,0,0,0
1780640630895150,4.82431,-0.0398571,0.0373508,-0.150116,0,0,-5,-0.0398571,0.0373508,4.84988,4.85019,0.0862128,0.111317,-0.752181,0,0,0
1780640630911150,4.84031,-0.0371712,0.0390747,-0.162262,0,0,-5,-0.0371712,0.0390747,4.83774,4.83804,0.103296,0.111146,-0.837876,0,0,0
1780640630935150,4.86431,-0.0327476,0.0416718,-0.183197,0,0,-5,-0.0327476,0.0416718,4.8168,4.81709,0.128308,0.111047,-0.966978,0,0,0
1780640630951150,4.88031,-0.0295551,0.0433933,-0.198883,0,0,-5,-0.0295551,0.0433933,4.80112,4.8014,0.143783,0.110097,-1.04277,0,0,0
1780640630975150,4.90431,-0.0244024,0.0459428,-0.224457,0,0,-5,-0.0244024,0.0459428,4.77554,4.77583,0.165341,0.108729,-1.13749,0,0,0
1780640630991150,4.92031,-0.020778,0.0476209,-0.242706,0,0,-5,-0.020778,0.0476209,4.75729,4.75758,0.176699,0.107896,-1.18782,0,0,0
1780640631007150,4.93631,-0.0170243,0.0492808,-0.261688,0,0,-5,-0.0170243,0.0492808,4.73831,4.7386,0.187027,0.106571,-1.22828,0,0,0
1780640631031150,4.96031,-0.0111651,0.0517205,-0.29126,0,0,-5,-0.0111651,0.0517205,4.70874,4.70904,0.203305,0.104625,-1.27485,0,0,0
1780640631047232,4.97639,-0.00712607,0.0533282,-0.311554,0,0,-5,-0.00712607,0.0533282,4.68845,4.68875,0.210699,0.104854,-1.30008,0,0,0
1780640631071232,5.00039,-0.00092258,0.0557601,-0.342712,0,0,-5,-0.00092258,0.0557601,4.65729,4.65762,0.223516,0.104666,-1.331,0,0,0
1780640631087232,5.01639,0.00332493,0.0573714,-0.363892,0,0,-5,0.00332493,0.0573714,4.63611,4.63646,0.230196,0.105028,-1.34773,0,0,0
1780640631111232,5.04039,0.00982782,0.0597942,-0.396118,0,0,-5,0.00982782,0.0597942,4.60388,4.60428,0.240126,0.105173,-1.36909,0,0,0
1780640631135232,5.06439,0.016505,0.0621958,-0.428925,0,0,-5,0.016505,0.0621958,4.57108,4.57153,0.250275,0.104629,-1.39087,0,0,0
1780640631151232,5.08039,0.0209478,0.0638167,-0.449799,0,0,-5,0.0209478,0.0638167,4.5502,4.5507,0.255418,0.105187,-1.40419,0,0,0
1780640631175232,5.10439,0.0275759,0.0662839,-0.479889,0,0,-5,0.0275759,0.0662839,4.52011,4.52068,0.260886,0.105492,-1.42704,0,0,0
1780640631191232,5.12039,0.0320343,0.0679306,-0.500427,0,0,-5,0.0320343,0.0679306,4.49957,4.5002,0.264079,0.106054,-1.44207,0,0,0
1780640631215232,5.14439,0.0387489,0.0704172,-0.531982,0,0,-5,0.0387489,0.0704172,4.46802,4.46874,0.26545,0.107452,-1.47149,0,0,0
1780640631231232,5.16039,0.0432127,0.0720799,-0.55365,0,0,-5,0.0432127,0.0720799,4.44635,4.44714,0.266381,0.108418,-1.49583,0,0,0
1780640631255232,5.18439,0.0499067,0.0746043,-0.587189,0,0,-5,0.0499067,0.0746043,4.41281,4.41372,0.266928,0.109873,-1.53921,0,0,0
1780640631271232,5.20039,0.0543347,0.0763045,-0.610291,0,0,-5,0.0543347,0.0763045,4.38971,4.39071,0.265162,0.11045,-1.57377,0,0,0
1780640631295232,5.22439,0.0609001,0.078874,-0.646271,0,0,-5,0.0609001,0.078874,4.35373,4.35487,0.262841,0.112742,-1.63549,0,0,0
1780640631311232,5.24039,0.0652245,0.0806006,-0.671265,0,0,-5,0.0652245,0.0806006,4.32874,4.32998,0.261144,0.112465,-1.68207,0,0,0
1780640631335232,5.26439,0.0716386,0.0831857,-0.710327,0,0,-5,0.0716386,0.0831857,4.28967,4.29108,0.25771,0.113157,-1.75632,0,0,0
1780640631351232,5.28039,0.0758499,0.0849184,-0.737457,0,0,-5,0.0758499,0.0849184,4.26254,4.26406,0.255386,0.113583,-1.8054,0,0,0
1780640631375232,5.30439,0.0820317,0.0874818,-0.779755,0,0,-5,0.0820317,0.0874818,4.22025,4.22195,0.248721,0.111751,-1.87496,0,0,0
1780640631391232,5.32039,0.0860592,0.0891709,-0.808899,0,0,-5,0.0860592,0.0891709,4.1911,4.19293,0.245353,0.111286,-1.91482,0,0,0
1780640631407232,5.33639,0.090021,0.0908459,-0.838684,0,0,-5,0.090021,0.0908459,4.16132,4.16328,0.241314,0.110309,-1.95035,0,0,0
1780640631431232,5.36039,0.0957986,0.0933088,-0.884491,0,0,-5,0.0957986,0.0933088,4.11551,4.11768,0.233456,0.107311,-1.99697,0,0,0
1780640631455232,5.38439,0.101349,0.0956982,-0.931549,0,0,-5,0.101349,0.0956982,4.06845,4.07084,0.224161,0.10406,-2.04179,0,0,0
1780640631471232,5.40039,0.104921,0.097237,-0.963501,0,0,-5,0.104921,0.097237,4.0365,4.03903,0.217963,0.101334,-2.06611,0,0,0
1780640631495232,5.42439,0.110069,0.0994617,-1.01224,0,0,-5,0.110069,0.0994617,3.98776,3.99052,0.208844,0.0965852,-2.09909,0,0,0
1780640631511232,5.44039,0.113373,0.100865,-1.0452,0,0,-5,0.113373,0.100865,3.9548,3.95771,0.202834,0.0921545,-2.1171,0,0,0
1780640631535232,5.46439,0.118132,0.102832,-1.09525,0,0,-5,0.118132,0.102832,3.90475,3.90789,0.193518,0.0850422,-2.14347,0,0,0
1780640631551232,5.48039,0.122089,0.104431,-1.12772,0,0,-5,0.122089,0.104431,3.87228,3.87562,0.188501,0.080438,-2.15879,0,0,0
1780640631575232,5.50439,0.129109,0.1072,-1.17532,0,0,-5,0.129109,0.1072,3.82468,3.82836,0.181526,0.0735773,-2.18012,0,0,0
1780640631591232,5.52039,0.133589,0.1089,-1.20755,0,0,-5,0.133589,0.1089,3.79245,3.79636,0.177092,0.0677384,-2.19186,0,0,0
1780640631615232,5.54439,0.140017,0.111237,-1.25647,0,0,-5,0.140017,0.111237,3.74353,3.7478,0.169701,0.0600129,-2.20824,0,0,0
1780640631631232,5.56039,0.144108,0.112642,-1.28946,0,0,-5,0.144108,0.112642,3.71054,3.71505,0.163599,0.0538626,-2.21748,0,0,0
1780640631655232,5.58439,0.149946,0.114529,-1.33954,0,0,-5,0.149946,0.114529,3.66046,3.66532,0.155267,0.045992,-2.23197,0,0,0
1780640631671232,5.60039,0.153634,0.115647,-1.37323,0,0,-5,0.153634,0.115647,3.62677,3.63186,0.149303,0.0400722,-2.24019,0,0,0
1780640631695232,5.62439,0.158878,0.117091,-1.42426,0,0,-5,0.158878,0.117091,3.57574,3.58119,0.140657,0.03009,-2.25417,0,0,0
1780640631711232,5.64039,0.162193,0.1179,-1.45859,0,0,-5,0.162193,0.1179,3.54141,3.54708,0.134796,0.0236665,-2.26155,0,0,0
1780640631735232,5.66439,0.166871,0.118869,-1.5105,0,0,-5,0.166871,0.118869,3.4895,3.49551,0.124161,0.0134147,-2.27244,0,0,0
1780640631751232,5.68039,0.169786,0.119357,-1.54535,0,0,-5,0.169786,0.119357,3.45465,3.46088,0.117401,0.00598172,-2.2793,0,0,0
1780640631775232,5.70439,0.173873,0.119841,-1.59799,0,0,-5,0.173873,0.119841,3.40201,3.40856,0.107443,-0.00369512,-2.28894,0,0,0
1780640631791232,5.72039,0.176405,0.120013,-1.63336,0,0,-5,0.176405,0.120013,3.36664,3.37339,0.100678,-0.0111527,-2.29597,0,0,0
1780640631815232,5.74439,0.179909,0.120022,-1.68671,0,0,-5,0.179909,0.120022,3.31329,3.32034,0.0900311,-0.0210815,-2.30431,0,0,0
1780640631831232,5.76039,0.182054,0.119888,-1.72247,0,0,-5,0.182054,0.119888,3.27753,3.28477,0.082564,-0.0271547,-2.31076,0,0,0
1780640631855232,5.78439,0.184987,0.11947,-1.77646,0,0,-5,0.184987,0.11947,3.22354,3.23105,0.072242,-0.0374348,-2.32087,0,0,0
1780640631871232,5.80039,0.186745,0.119042,-1.81271,0,0,-5,0.186745,0.119042,3.18729,3.19497,0.0640812,-0.0435661,-2.3284,0,0,0
1780640631895232,5.82439,0.189081,0.118186,-1.86737,0,0,-5,0.189081,0.118186,3.13263,3.14056,0.0517518,-0.0531537,-2.33699,0,0,0
1780640631911232,5.84039,0.190429,0.117477,-1.90399,0,0,-5,0.190429,0.117477,3.09601,3.10408,0.0436582,-0.0586662,-2.34279,0,0,0
1780640631935232,5.86439,0.192166,0.116231,-1.95917,0,0,-5,0.192166,0.116231,3.04083,3.04911,0.0329143,-0.0663469,-2.34975,0,0,0
1780640631951232,5.88039,0.193145,0.115282,-1.99609,0,0,-5,0.193145,0.115282,3.00391,3.01232,0.0258677,-0.072352,-2.35484,0,0,0
1780640631967232,5.89639,0.195863,0.115278,-2.03186,0,0,-5,0.195863,0.115278,2.96814,2.97683,0.0203832,-0.0772807,-2.35938,0,0,0
1780640631991232,5.92039,0.199528,0.115015,-2.08582,0,0,-5,0.199528,0.115015,2.91418,2.92327,0.0104087,-0.084367,-2.36574,0,0,0
1780640632007232,5.93639,0.201722,0.11468,-2.12207,0,0,-5,0.201722,0.11468,2.87793,2.88727,0.00486316,-0.0894721,-2.36799,0,0,0
1780640632031232,5.96039,0.204654,0.113941,-2.17664,0,0,-5,0.204654,0.113941,2.82336,2.83306,-0.00492402,-0.0954518,-2.36848,0,0,0
1780640632055232,5.98439,0.207129,0.112955,-2.23135,0,0,-5,0.207129,0.112955,2.76865,2.77868,-0.0155543,-0.100456,-2.36517,0,0,0
1780640632071314,6.00047,0.208537,0.112187,-2.26788,0,0,-5,0.208537,0.112187,2.73212,2.74236,-0.0217899,-0.103424,-2.36139,0,0,0
1780640632095314,6.02447,0.21032,0.11087,-2.32263,0,0,-5,0.21032,0.11087,2.67737,2.6879,-0.0307108,-0.106961,-2.34983,0,0,0
1780640632111314,6.04047,0.211299,0.109905,-2.35901,0,0,-5,0.211299,0.109905,2.64099,2.65171,-0.0362771,-0.108574,-2.33855,0,0,0
1780640632135314,6.06447,0.212472,0.108328,-2.41336,0,0,-5,0.212472,0.108328,2.58664,2.59761,-0.0451535,-0.112177,-2.31833,0,0,0
1780640632151314,6.08047,0.213063,0.107185,-2.44946,0,0,-5,0.213063,0.107185,2.55054,2.56166,-0.0488932,-0.114263,-2.30422,0,0,0
1780640632167314,6.09647,0.213528,0.105971,-2.48541,0,0,-5,0.213528,0.105971,2.51459,2.52586,-0.0533255,-0.116895,-2.28776,0,0,0
1780640632191314,6.12047,0.213949,0.104038,-2.53885,0,0,-5,0.213949,0.104038,2.46115,2.47262,-0.0608588,-0.119014,-2.26007,0,0,0
1780640632215314,6.14447,0.214079,0.101942,-2.59171,0,0,-5,0.214079,0.101942,2.40829,2.41994,-0.0678841,-0.12369,-2.22964,0,0,0
1780640632231314,6.16047,0.214002,0.100469,-2.62659,0,0,-5,0.214002,0.100469,2.37341,2.38516,-0.07282,-0.125409,-2.20783,0,0,0
1780640632255314,6.18447,0.213635,0.0981632,-2.67831,0,0,-5,0.213635,0.0981632,2.32169,2.33356,-0.0800029,-0.127697,-2.17419,0,0,0
1780640632271314,6.20047,0.213239,0.0965463,-2.7124,0,0,-5,0.213239,0.0965463,2.2876,2.29954,-0.0849185,-0.130162,-2.14944,0,0,0
1780640632295314,6.22447,0.212393,0.0940232,-2.76285,0,0,-5,0.212393,0.0940232,2.23715,2.24918,-0.0936599,-0.131843,-2.11099,0,0,0
1780640632311314,6.24047,0.211656,0.0922958,-2.79599,0,0,-5,0.211656,0.0922958,2.20401,2.21607,-0.0991765,-0.132872,-2.08503,0,0,0
1780640632335314,6.26447,0.210311,0.0896325,-2.845,0,0,-5,0.210311,0.0896325,2.155,2.16709,-0.107497,-0.134662,-2.04464,0,0,0
1780640632351314,6.28047,0.209777,0.0880733,-2.87704,0,0,-5,0.209777,0.0880733,2.12296,2.13511,-0.111734,-0.135419,-2.01774,0,0,0
1780640632375314,6.30447,0.209486,0.0860643,-2.92422,0,0,-5,0.209486,0.0860643,2.07578,2.08809,-0.118028,-0.135351,-1.97957,0,0,0
1780640632391314,6.32047,0.209106,0.0846563,-2.95523,0,0,-5,0.209106,0.0846563,2.04477,2.05718,-0.12186,-0.136664,-1.95325,0,0,0
1780640632415314,6.34447,0.208272,0.0824469,-3.00101,0,0,-5,0.208272,0.0824469,1.99899,2.0115,-0.127677,-0.137826,-1.91412,0,0,0
1780640632431314,6.36047,0.207543,0.0808999,-3.03107,0,0,-5,0.207543,0.0808999,1.96893,1.98149,-0.13246,-0.139085,-1.88846,0,0,0
1780640632455314,6.38447,0.206224,0.0784814,-3.07544,0,0,-5,0.206224,0.0784814,1.92456,1.93717,-0.136766,-0.140204,-1.84748,0,0,0
1780640632471314,6.40047,0.205196,0.076834,-3.10446,0,0,-5,0.205196,0.076834,1.89554,1.90816,-0.140812,-0.138732,-1.81959,0,0,0
1780640632495314,6.42447,0.20344,0.0743192,-3.14737,0,0,-5,0.20344,0.0743192,1.85263,1.86525,-0.145368,-0.139471,-1.78026,0,0,0
1780640632511314,6.44047,0.202137,0.0725893,-3.17545,0,0,-5,0.202137,0.0725893,1.82455,1.83715,-0.148383,-0.140824,-1.75271,0,0,0
1780640632535314,6.46447,0.199985,0.0698935,-3.21677,0,0,-5,0.199985,0.0698935,1.78323,1.79577,-0.153688,-0.142577,-1.71216,0,0,0
1780640632551314,6.48047,0.198424,0.0680525,-3.2438,0,0,-5,0.198424,0.0680525,1.7562,1.76868,-0.15638,-0.142656,-1.68615,0,0,0
1780640632575314,6.50447,0.195904,0.0652676,-3.28366,0,0,-5,0.195904,0.0652676,1.71634,1.72872,-0.160963,-0.141184,-1.64555,0,0,0
1780640632591314,6.52047,0.194102,0.0633939,-3.30969,0,0,-5,0.194102,0.0633939,1.69031,1.7026,-0.164069,-0.141643,-1.61935,0,0,0
1780640632607314,6.53647,0.192207,0.0614827,-3.33533,0,0,-5,0.192207,0.0614827,1.66467,1.67686,-0.16707,-0.14183,-1.59379,0,0,0
1780640632631314,6.56047,0.189196,0.0585503,-3.37305,0,0,-5,0.189196,0.0585503,1.62695,1.63896,-0.172014,-0.143928,-1.5545,0,0,0
1780640632655314,6.58447,0.185973,0.0555565,-3.40991,0,0,-5,0.185973,0.0555565,1.59009,1.60189,-0.176833,-0.143088,-1.51723,0,0,0
1780640632671314,6.60047,0.183724,0.0535483,-3.43399,0,0,-5,0.183724,0.0535483,1.56601,1.57766,-0.179591,-0.142111,-1.49292,0,0,0
1780640632695314,6.62447,0.180188,0.0505296,-3.46945,0,0,-5,0.180188,0.0505296,1.53055,1.54195,-0.184136,-0.141898,-1.45679,0,0,0
1780640632711314,6.64047,0.177732,0.0484928,-3.49265,0,0,-5,0.177732,0.0484928,1.50735,1.51857,-0.187154,-0.142237,-1.43218,0,0,0
1780640632735314,6.66447,0.17392,0.0454015,-3.52673,0,0,-5,0.17392,0.0454015,1.47327,1.48419,-0.191109,-0.142175,-1.39922,0,0,0
1780640632751314,6.68047,0.171475,0.0433095,-3.54904,0,0,-5,0.171475,0.0433095,1.45096,1.4617,-0.195065,-0.141535,-1.37587,0,0,0
1780640632775314,6.70447,0.167939,0.0401588,-3.58191,0,0,-5,0.167939,0.0401588,1.41809,1.42856,-0.199155,-0.140214,-1.34213,0,0,0
1780640632791314,6.72047,0.165475,0.038054,-3.60336,0,0,-5,0.165475,0.038054,1.39664,1.40692,-0.202218,-0.139416,-1.31858,0,0,0
1780640632807314,6.73647,0.162913,0.0359474,-3.62442,0,0,-5,0.162913,0.0359474,1.37558,1.38566,-0.205233,-0.139064,-1.29476,0,0,0
1780640632831314,6.76047,0.158905,0.0327819,-3.65536,0,0,-5,0.158905,0.0327819,1.34464,1.35439,-0.210115,-0.137429,-1.26151,0,0,0
1780640632855314,6.78447,0.154698,0.0296037,-3.68549,0,0,-5,0.154698,0.0296037,1.31451,1.32392,-0.214395,-0.138567,-1.22874,0,0,0
1780640632871314,6.80047,0.151799,0.0274689,-3.70517,0,0,-5,0.151799,0.0274689,1.29483,1.30399,-0.217115,-0.137652,-1.20833,0,0,0
1780640632895314,6.82447,0.147305,0.0242933,-3.73407,0,0,-5,0.147305,0.0242933,1.26593,1.2747,-0.220859,-0.135619,-1.17711,0,0,0
1780640632911314,6.84047,0.144231,0.0221823,-3.7529,0,0,-5,0.144231,0.0221823,1.2471,1.25561,-0.22257,-0.134568,-1.15715,0,0,0
1780640632935314,6.86447,0.13951,0.0190426,-3.78061,0,0,-5,0.13951,0.0190426,1.21939,1.22749,-0.225473,-0.133067,-1.12736,0,0,0
1780640632951314,6.88047,0.136283,0.016965,-3.79865,0,0,-5,0.136283,0.016965,1.20135,1.20918,-0.227664,-0.131137,-1.1073,0,0,0
1780640632975314,6.90447,0.131345,0.0138739,-3.82516,0,0,-5,0.131345,0.0138739,1.17484,1.18224,-0.230035,-0.129542,-1.07972,0,0,0
1780640632991314,6.92047,0.127998,0.0118286,-3.8425,0,0,-5,0.127998,0.0118286,1.1575,1.16462,-0.230569,-0.128193,-1.06185,0,0,0
1780640633015314,6.94447,0.12291,0.00877977,-3.86798,0,0,-5,0.12291,0.00877977,1.13202,1.13871,-0.231479,-0.12656,-1.03442,0,0,0
1780640633031314,6.96047,0.119466,0.00677153,-3.88458,0,0,-5,0.119466,0.00677153,1.11542,1.12182,-0.23332,-0.125146,-1.01698,0,0,0
1780640633047314,6.97647,0.11598,0.00476725,-3.90091,0,0,-5,0.11598,0.00476725,1.09909,1.1052,-0.234562,-0.124169,-0.998627,0,0,0
1780640633071398,7.00055,0.110682,0.00178476,-3.92493,0,0,-5,0.110682,0.00178476,1.07507,1.08076,-0.235798,-0.122854,-0.971542,0,0,0
1780640633087398,7.01655,0.10711,-0.000178681,-3.94055,0,0,-5,0.10711,-0.000178681,1.05945,1.06485,-0.237183,-0.120527,-0.954998,0,0,0
1780640633111398,7.04055,0.101673,-0.00309818,-3.9635,0,0,-5,0.101673,-0.00309818,1.0365,1.04148,-0.238917,-0.118858,-0.930305,0,0,0
1780640633127398,7.05655,0.0980113,-0.00501075,-3.97849,0,0,-5,0.0980113,-0.00501075,1.02151,1.02622,-0.239431,-0.116679,-0.913172,0,0,0
1780640633151398,7.08055,0.092161,-0.0079888,-4.00061,0,0,-5,0.092161,-0.0079888,0.99939,1.00366,-0.240291,-0.113904,-0.889148,0,0,0
1780640633167398,7.09655,0.0878228,-0.0101518,-4.01517,0,0,-5,0.0878228,-0.0101518,0.984833,0.988793,-0.240584,-0.112029,-0.874203,0,0,0
1780640633191398,7.12055,0.0813406,-0.0133189,-4.03653,0,0,-5,0.0813406,-0.0133189,0.96347,0.96699,-0.240088,-0.109563,-0.851809,0,0,0
1780640633207398,7.13655,0.0770387,-0.0153901,-4.05048,0,0,-5,0.0770387,-0.0153901,0.949524,0.952768,-0.240128,-0.10787,-0.834968,0,0,0
1780640633231398,7.16055,0.0705949,-0.0184231,-4.07092,0,0,-5,0.0705949,-0.0184231,0.929077,0.931937,-0.24117,-0.104578,-0.81497,0,0,0
1780640633255398,7.18455,0.0641686,-0.0213393,-4.09088,0,0,-5,0.0641686,-0.0213393,0.909119,0.91163,-0.239475,-0.100095,-0.794618,0,0,0
1780640633271398,7.20055,0.0599252,-0.0232185,-4.10391,0,0,-5,0.0599252,-0.0232185,0.896088,0.898389,-0.238459,-0.0981928,-0.781261,0,0,0
1780640633287398,7.21655,0.0557062,-0.0250562,-4.11673,0,0,-5,0.0557062,-0.0250562,0.88327,0.88538,-0.237315,-0.095004,-0.768532,0,0,0
1780640633311398,7.24055,0.0494313,-0.0276903,-4.13559,0,0,-5,0.0494313,-0.0276903,0.86441,0.866265,-0.235568,-0.0900204,-0.749575,0,0,0
1780640633335398,7.26455,0.0432228,-0.030196,-4.15393,0,0,-5,0.0432228,-0.030196,0.846069,0.847711,-0.232874,-0.0853774,-0.731196,0,0,0
1780640633351398,7.28055,0.0391296,-0.0317978,-4.16592,0,0,-5,0.0391296,-0.0317978,0.834076,0.835599,-0.231218,-0.0827318,-0.717861,0,0,0
1780640633375398,7.30455,0.033051,-0.0341425,-4.18347,0,0,-5,0.033051,-0.0341425,0.816528,0.81791,-0.228615,-0.0801792,-0.698991,0,0,0
1780640633391398,7.32055,0.0290526,-0.0356561,-4.19492,0,0,-5,0.0290526,-0.0356561,0.805084,0.806397,-0.22624,-0.0782438,-0.687939,0,0,0
1780640633415398,7.34455,0.0231359,-0.0378628,-4.21176,0,0,-5,0.0231359,-0.0378628,0.788239,0.789486,-0.222603,-0.0757021,-0.670849,0,0,0
1780640633431398,7.36055,0.0192624,-0.039278,-4.22275,0,0,-5,0.0192624,-0.039278,0.777252,0.778482,-0.218857,-0.0722634,-0.659026,0,0,0
1780640633447398,7.37655,0.0154418,-0.0406472,-4.23355,0,0,-5,0.0154418,-0.0406472,0.766449,0.767681,-0.216227,-0.0708396,-0.646976,0,0,0
1780640633471398,7.40055,0.00980857,-0.0426216,-4.24936,0,0,-5,0.00980857,-0.0426216,0.750641,0.751914,-0.212013,-0.06636,-0.629633,0,0,0
1780640633495398,7.42455,0.00430829,-0.04447,-4.26477,0,0,-5,0.00430829,-0.04447,0.735229,0.736586,-0.205961,-0.0619639,-0.61416,0,0,0
1780640633511398,7.44055,0.000721919,-0.0456392,-4.27484,0,0,-5,0.000721919,-0.0456392,0.725159,0.726594,-0.203286,-0.0589763,-0.60396,0,0,0
1780640633535398,7.46455,-0.00455898,-0.0473141,-4.28961,0,0,-5,-0.00455898,-0.0473141,0.710388,0.711977,-0.197733,-0.0561705,-0.588117,0,0,0
1780640633551398,7.48055,-0.00821033,-0.0486759,-4.29932,0,0,-5,-0.00821033,-0.0486759,0.700684,0.70242,-0.194904,-0.0539832,-0.57707,0,0,0
1780640633575398,7.50455,-0.0138783,-0.0510476,-4.31372,0,0,-5,-0.0138783,-0.0510476,0.686279,0.688315,-0.191065,-0.0497603,-0.561673,0,0,0
1780640633591398,7.52055,-0.0175708,-0.0525281,-4.32309,0,0,-5,-0.0175708,-0.0525281,0.67691,0.679173,-0.187681,-0.047959,-0.551928,0,0,0
1780640633615398,7.54455,-0.0229648,-0.0546577,-4.33685,0,0,-5,-0.0229648,-0.0546577,0.663147,0.665792,-0.181966,-0.0462052,-0.539275,0,0,0
1780640633631398,7.56055,-0.0264576,-0.0560223,-4.34583,0,0,-5,-0.0264576,-0.0560223,0.654175,0.657102,-0.17834,-0.0447695,-0.529634,0,0,0
1780640633655398,7.58455,-0.0315723,-0.0579513,-4.35898,0,0,-5,-0.0315723,-0.0579513,0.641022,0.64441,-0.173693,-0.0403888,-0.515489,0,0,0
1780640633671398,7.60055,-0.0348816,-0.0591542,-4.36752,0,0,-5,-0.0348816,-0.0591542,0.632477,0.636194,-0.169265,-0.0379403,-0.505364,0,0,0
1780640633695398,7.62455,-0.0396955,-0.0608767,-4.38007,0,0,-5,-0.0396955,-0.0608767,0.619934,0.624179,-0.163169,-0.0363898,-0.491863,0,0,0
1780640633711398,7.64055,-0.0428099,-0.06197,-4.38828,0,0,-5,-0.0428099,-0.06197,0.611725,0.616344,-0.160267,-0.0343672,-0.483903,0,0,0
1780640633735398,7.66455,-0.0473367,-0.0634988,-4.4003,0,0,-5,-0.0473367,-0.0634988,0.599701,0.604908,-0.153282,-0.0300379,-0.471555,0,0,0
1780640633751398,7.68055,-0.0502495,-0.0644376,-4.40814,0,0,-5,-0.0502495,-0.0644376,0.591858,0.597472,-0.149733,-0.027205,-0.464405,0,0,0
1780640633775398,7.70455,-0.054473,-0.0657342,-4.41965,0,0,-5,-0.054473,-0.0657342,0.580353,0.586598,-0.142835,-0.0235057,-0.453388,0,0,0
1780640633791398,7.72055,-0.0571786,-0.0665188,-4.42715,0,0,-5,-0.0571786,-0.0665188,0.572845,0.579522,-0.137838,-0.020258,-0.444678,0,0,0
1780640633815398,7.74455,-0.0610722,-0.06758,-4.43814,0,0,-5,-0.0610722,-0.06758,0.561859,0.569195,-0.131074,-0.015705,-0.434575,0,0,0
1780640633831398,7.76055,-0.06355,-0.0682028,-4.44537,0,0,-5,-0.06355,-0.0682028,0.554626,0.562406,-0.125632,-0.0127498,-0.42737,0,0,0
1780640633855398,7.78455,-0.0670922,-0.069021,-4.45593,0,0,-5,-0.0670922,-0.069021,0.544067,0.552517,-0.118452,-0.00796234,-0.416381,0,0,0
1780640633871398,7.80055,-0.0693512,-0.0694943,-4.46283,0,0,-5,-0.0693512,-0.0694943,0.53717,0.546069,-0.114457,-0.00652547,-0.407762,0,0,0
1780640633895398,7.82455,-0.0725834,-0.0701327,-4.4729,0,0,-5,-0.0725834,-0.0701327,0.5271,0.536676,-0.10737,-0.00321674,-0.398199,0,0,0
1780640633911398,7.84055,-0.0746297,-0.0704972,-4.47952,0,0,-5,-0.0746297,-0.0704972,0.520477,0.530505,-0.102621,-0.000792596,-0.392318,0,0,0
1780640633935398,7.86455,-0.0775387,-0.0709301,-4.48926,0,0,-5,-0.0775387,-0.0709301,0.510742,0.521441,-0.0958497,0.00390712,-0.384122,0,0,0
1780640633951398,7.88055,-0.0800773,-0.071311,-4.49561,0,0,-5,-0.0800773,-0.071311,0.504395,0.515666,-0.0919272,0.00826364,-0.37883,0,0,0
1780640633975398,7.90455,-0.0846699,-0.0720052,-4.505,0,0,-5,-0.0846699,-0.0720052,0.494995,0.50732,-0.0839465,0.0121673,-0.369153,0,0,0
1780640633991398,7.92055,-0.0875435,-0.0723988,-4.51114,0,0,-5,-0.0875435,-0.0723988,0.488861,0.501887,-0.0803082,0.0134167,-0.362624,0,0,0
1780640634007398,7.93655,-0.0903112,-0.0727232,-4.51718,0,0,-5,-0.0903112,-0.0727232,0.482819,0.496547,-0.0775774,0.0169808,-0.35639,0,0,0
1780640634031398,7.96055,-0.0942614,-0.0730884,-4.52603,0,0,-5,-0.0942614,-0.0730884,0.473969,0.488747,-0.0723064,0.0197486,-0.349001,0,0,0
1780640634055398,7.98455,-0.0979283,-0.0733634,-4.5347,0,0,-5,-0.0979283,-0.0733634,0.465302,0.481121,-0.0649673,0.0214058,-0.340668,0,0,0
1780640634071483,8.00064,-0.100208,-0.0734803,-4.54034,0,0,-5,-0.100208,-0.0734803,0.459656,0.476156,-0.0602461,0.0241201,-0.335241,0,0,0
1780640634095483,8.02464,-0.103397,-0.0735477,-4.54868,0,0,-5,-0.103397,-0.0735477,0.451324,0.468822,-0.0534645,0.028255,-0.328271,0,0,0
1780640634111483,8.04064,-0.105387,-0.0735068,-4.55414,0,0,-5,-0.105387,-0.0735068,0.445862,0.464007,-0.0499084,0.0309498,-0.32316,0,0,0
1780640634135483,8.06464,-0.108169,-0.0733364,-4.56216,0,0,-5,-0.108169,-0.0733364,0.437836,0.456923,-0.0433439,0.035219,-0.315915,0,0,0
1780640634151483,8.08064,-0.109881,-0.0731357,-4.56741,0,0,-5,-0.109881,-0.0731357,0.432587,0.452276,-0.0390431,0.0387039,-0.31322,0,0,0
1780640634175483,8.10464,-0.112237,-0.0727332,-4.57516,0,0,-5,-0.112237,-0.0727332,0.424835,0.44539,-0.0320582,0.0414854,-0.305717,0,0,0
1780640634191483,8.12064,-0.113658,-0.0724089,-4.5802,0,0,-5,-0.113658,-0.0724089,0.4198,0.4409,-0.0263216,0.0433664,-0.302017,0,0,0
1780640634215483,8.14464,-0.115556,-0.0718108,-4.58765,0,0,-5,-0.115556,-0.0718108,0.412354,0.434218,-0.0184789,0.047953,-0.294671,0,0,0
1780640634231483,8.16064,-0.116665,-0.071352,-4.59253,0,0,-5,-0.116665,-0.071352,0.407471,0.429807,-0.0124311,0.0495919,-0.290719,0,0,0
1780640634255483,8.18464,-0.118099,-0.0705816,-4.5997,0,0,-5,-0.118099,-0.0705816,0.400299,0.423283,-0.00390764,0.0523607,-0.283905,0,0,0
1780640634271483,8.20064,-0.118896,-0.0700122,-4.6044,0,0,-5,-0.118896,-0.0700122,0.395599,0.418971,0.00179394,0.0550078,-0.279515,0,0,0
1780640634295483,8.22464,-0.11988,-0.0690643,-4.61133,0,0,-5,-0.11988,-0.0690643,0.388672,0.412561,0.00902911,0.0583655,-0.27419,0,0,0
1780640634311483,8.24064,-0.120402,-0.0683709,-4.61588,0,0,-5,-0.120402,-0.0683709,0.384125,0.408317,0.0138883,0.0606776,-0.270605,0,0,0
1780640634327483,8.25664,-0.120828,-0.067635,-4.62036,0,0,-5,-0.120828,-0.067635,0.379639,0.404103,0.018291,0.0618528,-0.267083,0,0,0
1780640634351483,8.28064,-0.12184,-0.0669124,-4.62714,0,0,-5,-0.12184,-0.0669124,0.372864,0.397932,0.0266586,0.0654362,-0.260501,0,0,0
1780640634367483,8.29664,-0.123123,-0.0669578,-4.63171,0,0,-5,-0.123123,-0.0669578,0.368286,0.394052,0.0305397,0.0660146,-0.256094,0,0,0
1780640634391483,8.32064,-0.124784,-0.0669034,-4.63837,0,0,-5,-0.124784,-0.0669034,0.361633,0.388363,0.0368437,0.0678266,-0.249318,0,0,0
1780640634415483,8.34464,-0.126122,-0.0667171,-4.64496,0,0,-5,-0.126122,-0.0667171,0.355042,0.382639,0.0442099,0.067855,-0.244872,0,0,0
1780640634431483,8.36064,-0.126837,-0.0665393,-4.64926,0,0,-5,-0.126837,-0.0665393,0.350739,0.378857,0.0486595,0.0686355,-0.242914,0,0,0
1780640634455483,8.38464,-0.127664,-0.0661668,-4.65564,0,0,-5,-0.127664,-0.0661668,0.34436,0.373176,0.054963,0.0701378,-0.238781,0,0,0
1780640634471483,8.40064,-0.128064,-0.0658561,-4.65979,0,0,-5,-0.128064,-0.0658561,0.34021,0.369432,0.0584717,0.0706997,-0.233834,0,0,0
1780640634495483,8.42464,-0.128481,-0.0653144,-4.66592,0,0,-5,-0.128481,-0.0653144,0.334076,0.363841,0.0623311,0.0715422,-0.22991,0,0,0
1780640634511483,8.44064,-0.128633,-0.0649024,-4.66992,0,0,-5,-0.128633,-0.0649024,0.330078,0.360153,0.066385,0.072063,-0.226929,0,0,0
1780640634535483,8.46464,-0.12864,-0.0642047,-4.67581,0,0,-5,-0.12864,-0.0642047,0.324188,0.354638,0.0736805,0.0736142,-0.223213,0,0,0
1780640634551483,8.48064,-0.128488,-0.0636806,-4.67969,0,0,-5,-0.128488,-0.0636806,0.320312,0.350948,0.0778654,0.0741718,-0.218755,0,0,0
1780640634575483,8.50464,-0.128078,-0.0628379,-4.68533,0,0,-5,-0.128078,-0.0628379,0.314667,0.345496,0.0827161,0.0744698,-0.214078,0,0,0
1780640634591483,8.52064,-0.127682,-0.0622381,-4.68903,0,0,-5,-0.127682,-0.0622381,0.310974,0.341879,0.0865233,0.074538,-0.211069,0,0,0
1780640634615483,8.54464,-0.126904,-0.0612644,-4.69449,0,0,-5,-0.126904,-0.0612644,0.305511,0.336445,0.0924147,0.0761106,-0.20639,0,0,0
1780640634631483,8.56064,-0.126248,-0.0605789,-4.69806,0,0,-5,-0.126248,-0.0605789,0.301941,0.332831,0.0967456,0.0762866,-0.202551,0,0,0
1780640634655483,8.58464,-0.12508,-0.0594932,-4.70334,0,0,-5,-0.12508,-0.0594932,0.296661,0.327403,0.101672,0.0767292,-0.198087,0,0,0
1780640634671483,8.60064,-0.124204,-0.0587423,-4.70676,0,0,-5,-0.124204,-0.0587423,0.293243,0.323835,0.104335,0.07591,-0.195272,0,0,0
1780640634695483,8.62464,-0.12274,-0.0575897,-4.71182,0,0,-5,-0.12274,-0.0575897,0.288177,0.318478,0.108601,0.0761235,-0.192119,0,0,0
1780640634711483,8.64064,-0.121657,-0.0567797,-4.71512,0,0,-5,-0.121657,-0.0567797,0.284882,0.314932,0.112468,0.077388,-0.189575,0,0,0
1780640634735483,8.66464,-0.119872,-0.0554981,-4.71997,0,0,-5,-0.119872,-0.0554981,0.280029,0.309622,0.117942,0.0794153,-0.185716,0,0,0
1780640634751483,8.68064,-0.119111,-0.0549459,-4.7233,0,0,-5,-0.119111,-0.0549459,0.276703,0.30622,0.120452,0.0792613,-0.182698,0,0,0
1780640634767483,8.69664,-0.118794,-0.0547079,-4.72681,0,0,-5,-0.118794,-0.0547079,0.273193,0.302886,0.121268,0.0788055,-0.179772,0,0,0
1780640634791483,8.72064,-0.118139,-0.0542738,-4.7319,0,0,-5,-0.118139,-0.0542738,0.268097,0.297957,0.124064,0.0790952,-0.175683,0,0,0
1780640634815483,8.74464,-0.117245,-0.0537157,-4.73682,0,0,-5,-0.117245,-0.0537157,0.263184,0.293083,0.127998,0.0802085,-0.171585,0,0,0
1780640634831483,8.76064,-0.116527,-0.053284,-4.74005,0,0,-5,-0.116527,-0.053284,0.259949,0.289812,0.129742,0.0801417,-0.1699,0,0,0
1780640634855483,8.78464,-0.115291,-0.0525817,-4.74481,0,0,-5,-0.115291,-0.0525817,0.255188,0.284917,0.132013,0.0787301,-0.165925,0,0,0
1780640634871483,8.80064,-0.114368,-0.0520753,-4.74789,0,0,-5,-0.114368,-0.0520753,0.252106,0.28169,0.13265,0.0790886,-0.161978,0,0,0
1780640634895483,8.82464,-0.112854,-0.0512708,-4.75238,0,0,-5,-0.112854,-0.0512708,0.24762,0.276912,0.135567,0.0775619,-0.158969,0,0,0
1780640634911483,8.84064,-0.111739,-0.0507092,-4.75531,0,0,-5,-0.111739,-0.0507092,0.24469,0.273734,0.137967,0.0771107,-0.156676,0,0,0
1780640634935483,8.86464,-0.109934,-0.049806,-4.75961,0,0,-5,-0.109934,-0.049806,0.240387,0.268983,0.139602,0.0780604,-0.15454,0,0,0
1780640634951483,8.88064,-0.108646,-0.0491613,-4.76245,0,0,-5,-0.108646,-0.0491613,0.237549,0.265801,0.141341,0.0775983,-0.152492,0,0,0
1780640634975483,8.90464,-0.106599,-0.0481418,-4.76657,0,0,-5,-0.106599,-0.0481418,0.233429,0.261094,0.143467,0.0777618,-0.148407,0,0,0
1780640634991483,8.92064,-0.105154,-0.0474326,-4.76926,0,0,-5,-0.105154,-0.0474326,0.230743,0.257973,0.144222,0.0774446,-0.145077,0,0,0
1780640635015483,8.94464,-0.102873,-0.0463311,-4.77316,0,0,-5,-0.102873,-0.0463311,0.226837,0.253347,0.146669,0.077092,-0.14118,0,0,0
1780640635031483,8.96064,-0.101289,-0.0455841,-4.77573,0,0,-5,-0.101289,-0.0455841,0.224274,0.250272,0.146824,0.0756935,-0.140031,0,0,0
1780640635055483,8.98464,-0.0988556,-0.0444765,-4.77948,0,0,-5,-0.0988556,-0.0444765,0.22052,0.245723,0.146655,0.0726089,-0.138039,0,0,0
1780640635071483,9.00064,-0.0971899,-0.0437504,-4.78195,0,0,-5,-0.0971899,-0.0437504,0.218048,0.242703,0.146395,0.0706029,-0.13614,0,0,0
1780640635095573,9.02473,-0.094634,-0.0426577,-4.78555,0,0,-5,-0.094634,-0.0426577,0.214447,0.238249,0.146507,0.0698593,-0.13435,0,0,0
1780640635111573,9.04073,-0.0928741,-0.0419104,-4.78793,0,0,-5,-0.0928741,-0.0419104,0.212067,0.235275,0.148368,0.0696417,-0.134163,0,0,0
1780640635135573,9.06473,-0.0901608,-0.0407794,-4.79147,0,0,-5,-0.0901608,-0.0407794,0.208527,0.230814,0.14797,0.0678971,-0.130576,0,0,0
1780640635151573,9.08073,-0.0887336,-0.0405097,-4.79385,0,0,-5,-0.0887336,-0.0405097,0.206146,0.228059,0.147999,0.0677183,-0.129418,0,0,0
1780640635175573,9.10473,-0.0871062,-0.0407789,-4.79755,0,0,-5,-0.0871062,-0.0407789,0.202454,0.224138,0.148132,0.0654145,-0.126909,0,0,0
1780640635191573,9.12073,-0.0859493,-0.0409034,-4.79993,0,0,-5,-0.0859493,-0.0409034,0.200073,0.221562,0.147898,0.0651733,-0.124249,0,0,0
1780640635215573,9.14473,-0.0841067,-0.041013,-4.80341,0,0,-5,-0.0841067,-0.041013,0.196594,0.217728,0.147817,0.0633243,-0.120337,0,0,0
1780640635231573,9.16073,-0.0828097,-0.0410521,-4.80563,0,0,-5,-0.0828097,-0.0410521,0.194366,0.215223,0.148572,0.0614028,-0.117808,0,0,0
1780640635255573,9.18473,-0.0807569,-0.0410698,-4.80887,0,0,-5,-0.0807569,-0.0410698,0.191132,0.211518,0.148624,0.0594043,-0.113032,0,0,0
1780640635271573,9.20073,-0.0793282,-0.0410361,-4.81097,0,0,-5,-0.0793282,-0.0410361,0.189026,0.209064,0.14874,0.0590338,-0.110721,0,0,0
1780640635295573,9.22473,-0.0771109,-0.0409456,-4.814,0,0,-5,-0.0771109,-0.0409456,0.186005,0.205476,0.147745,0.0572125,-0.107671,0,0,0
1780640635311573,9.24073,-0.0755943,-0.0408616,-4.81601,0,0,-5,-0.0755943,-0.0408616,0.18399,0.203068,0.147712,0.0554597,-0.10624,0,0,0
1780640635335573,9.26473,-0.073284,-0.0407171,-4.81897,0,0,-5,-0.073284,-0.0407171,0.18103,0.1995,0.145793,0.0528892,-0.104042,0,0,0
1780640635351573,9.28073,-0.0717072,-0.0405873,-4.82089,0,0,-5,-0.0717072,-0.0405873,0.179108,0.197152,0.144922,0.0538607,-0.102374,0,0,0
1780640635375573,9.30473,-0.0693118,-0.0403307,-4.82373,0,0,-5,-0.0693118,-0.0403307,0.17627,0.193653,0.143722,0.0531715,-0.10168,0,0,0
1780640635391573,9.32073,-0.0676811,-0.0401266,-4.82559,0,0,-5,-0.0676811,-0.0401266,0.174408,0.191335,0.143012,0.0527152,-0.100474,0,0,0
1780640635415573,9.34473,-0.065196,-0.0397735,-4.82831,0,0,-5,-0.065196,-0.0397735,0.171692,0.187911,0.141616,0.0520477,-0.0984741,0,0,0
1780640635431573,9.36073,-0.0635244,-0.0395143,-4.83008,0,0,-5,-0.0635244,-0.0395143,0.169922,0.185661,0.140841,0.0513122,-0.0981647,0,0,0
1780640635455573,9.38473,-0.060991,-0.0390989,-4.83273,0,0,-5,-0.060991,-0.0390989,0.167267,0.182282,0.139745,0.0498903,-0.0979457,0,0,0
1780640635471573,9.40073,-0.0592805,-0.0388131,-4.83447,0,0,-5,-0.0592805,-0.0388131,0.165527,0.180055,0.138872,0.048595,-0.0960279,0,0,0
1780640635495573,9.42473,-0.0566957,-0.0383795,-4.83701,0,0,-5,-0.0566957,-0.0383795,0.162994,0.17679,0.13717,0.0471872,-0.0930033,0,0,0
1780640635511573,9.44073,-0.054968,-0.0380712,-4.83862,0,0,-5,-0.054968,-0.0380712,0.161377,0.174681,0.13607,0.0459687,-0.0925833,0,0,0
1780640635535573,9.46473,-0.0523538,-0.0376094,-4.84113,0,0,-5,-0.0523538,-0.0376094,0.158875,0.171454,0.134754,0.0445448,-0.09204,0,0,0
1780640635551573,9.48073,-0.0505795,-0.0376131,-4.84274,0,0,-5,-0.0505795,-0.0376131,0.157257,0.169419,0.133673,0.042856,-0.0904397,0,0,0
1780640635575573,9.50473,-0.0478744,-0.0380382,-4.84512,0,0,-5,-0.0478744,-0.0380382,0.154877,0.16651,0.13227,0.0411042,-0.0897938,0,0,0
1780640635591573,9.52073,-0.0460667,-0.0383041,-4.84671,0,0,-5,-0.0460667,-0.0383041,0.15329,0.164582,0.130998,0.0387221,-0.0893805,0,0,0
1780640635615573,9.54473,-0.0433721,-0.0386668,-4.84906,0,0,-5,-0.0433721,-0.0386668,0.15094,0.161738,0.128221,0.0361086,-0.0886947,0,0,0
1780640635631573,9.56073,-0.0415972,-0.0389055,-4.85059,0,0,-5,-0.0415972,-0.0389055,0.149414,0.159902,0.126,0.033671,-0.0870311,0,0,0
1780640635655573,9.58473,-0.0389792,-0.039237,-4.85281,0,0,-5,-0.0389792,-0.039237,0.147186,0.157235,0.122756,0.0317385,-0.0841462,0,0,0
1780640635671573,9.60073,-0.0372447,-0.0394351,-4.85425,0,0,-5,-0.0372447,-0.0394351,0.145752,0.155518,0.121587,0.0316996,-0.0833695,0,0,0
1780640635687573,9.61673,-0.0355257,-0.0396047,-4.85568,0,0,-5,-0.0355257,-0.0396047,0.144318,0.153812,0.119544,0.0301262,-0.0820004,0,0,0
1780640635711573,9.64073,-0.0329979,-0.0398515,-4.85776,0,0,-5,-0.0329979,-0.0398515,0.142242,0.15136,0.115607,0.0278605,-0.0813225,0,0,0
1780640635735573,9.66473,-0.0305351,-0.040062,-4.85983,0,0,-5,-0.0305351,-0.040062,0.140167,0.148944,0.111907,0.0277575,-0.0794861,0,0,0
1780640635751573,9.68073,-0.0289123,-0.0401639,-4.86118,0,0,-5,-0.0289123,-0.0401639,0.138824,0.147381,0.111169,0.027927,-0.0767574,0,0,0
1780640635775573,9.70473,-0.0264909,-0.0402793,-4.86313,0,0,-5,-0.0264909,-0.0402793,0.136871,0.145114,0.109188,0.026659,-0.0750614,0,0,0
1780640635791573,9.72073,-0.0248955,-0.040341,-4.86441,0,0,-5,-0.0248955,-0.040341,0.13559,0.143637,0.107183,0.0255956,-0.0737624,0,0,0
1780640635815573,9.74473,-0.0225363,-0.0404198,-4.8663,0,0,-5,-0.0225363,-0.0404198,0.133698,0.14148,0.104403,0.0239974,-0.0718713,0,0,0
1780640635831573,9.76073,-0.0209931,-0.0404674,-4.86752,0,0,-5,-0.0209931,-0.0404674,0.132477,0.140101,0.102526,0.0234045,-0.0719461,0,0,0
1780640635855573,9.78473,-0.0187226,-0.0404752,-4.86938,0,0,-5,-0.0187226,-0.0404752,0.130615,0.138019,0.0998258,0.0249238,-0.0714806,0,0,0
1780640635871573,9.80073,-0.0172272,-0.0404528,-4.87061,0,0,-5,-0.0172272,-0.0404528,0.129395,0.136661,0.0980765,0.0239179,-0.0709742,0,0,0
1780640635895573,9.82473,-0.0150338,-0.0403968,-4.87238,0,0,-5,-0.0150338,-0.0403968,0.127625,0.134707,0.094356,0.0248444,-0.0696836,0,0,0
1780640635911573,9.84073,-0.0136078,-0.0403133,-4.87357,0,0,-5,-0.0136078,-0.0403133,0.126434,0.133402,0.0932899,0.0251169,-0.0690148,0,0,0
1780640635935573,9.86473,-0.011495,-0.0401734,-4.87527,0,0,-5,-0.011495,-0.0401734,0.124725,0.131539,0.0903335,0.0242084,-0.0670494,0,0,0
1780640635951573,9.88073,-0.01008,-0.0403056,-4.87646,0,0,-5,-0.01008,-0.0403056,0.123535,0.130335,0.0863436,0.0232081,-0.0658163,0,0,0
1780640635967573,9.89673,-0.00864717,-0.0406699,-4.87769,0,0,-5,-0.00864717,-0.0406699,0.122314,0.129188,0.0849528,0.0211837,-0.0648647,0,0,0
1780640635991573,9.92073,-0.006545,-0.0411895,-4.87946,0,0,-5,-0.006545,-0.0411895,0.120544,0.127555,0.0820498,0.0201135,-0.0635616,0,0,0
1780640636015573,9.94473,-0.00451898,-0.0416547,-4.8812,0,0,-5,-0.00451898,-0.0416547,0.118805,0.125977,0.078811,0.0197505,-0.0635662,0,0,0
1780640636031573,9.96073,-0.00322771,-0.0419185,-4.88235,0,0,-5,-0.00322771,-0.0419185,0.117645,0.124932,0.0745676,0.0201459,-0.0629573,0,0,0
1780640636055573,9.98473,-0.00138248,-0.0422678,-4.88412,0,0,-5,-0.00138248,-0.0422678,0.115875,0.123351,0.0719493,0.0199367,-0.0616735,0,0,0
1780640636071573,10.0007,-0.000196219,-0.0424591,-4.88525,0,0,-5,-0.000196219,-0.0424591,0.114746,0.12235,0.0686751,0.0206266,-0.0612658,0,0,0
1780640636095660,10.0248,0.00151372,-0.0426785,-4.88693,0,0,-5,0.00151372,-0.0426785,0.113068,0.120864,0.0654301,0.0204434,-0.0601709,0,0,0
1780640636111660,10.0408,0.00259402,-0.0428097,-4.88806,0,0,-5,0.00259402,-0.0428097,0.111938,0.119873,0.0616944,0.0200924,-0.0598151,0,0,0
1780640636135660,10.0648,0.00413319,-0.0429666,-4.88968,0,0,-5,0.00413319,-0.0429666,0.110321,0.118465,0.0585025,0.0199032,-0.0586989,0,0,0
1780640636151660,10.0808,0.00510583,-0.043039,-4.89072,0,0,-5,0.00510583,-0.043039,0.109283,0.117564,0.0551232,0.0198938,-0.0588154,0,0,0
1780640636175660,10.1048,0.00648683,-0.0431189,-4.8923,0,0,-5,0.00648683,-0.0431189,0.107697,0.116189,0.0529311,0.0197861,-0.0572227,0,0,0
1780640636191660,10.1208,0.00738354,-0.0431506,-4.89331,0,0,-5,0.00738354,-0.0431506,0.106689,0.115322,0.0509311,0.0190933,-0.0563558,0,0,0
1780640636215660,10.1448,0.00866735,-0.0431967,-4.89481,0,0,-5,0.00866735,-0.0431967,0.105194,0.114048,0.0471457,0.0175132,-0.0549701,0,0,0
1780640636231660,10.1608,0.00947017,-0.0432156,-4.89575,0,0,-5,0.00947017,-0.0432156,0.104248,0.113247,0.0453408,0.0179797,-0.0549199,0,0,0
1780640636255660,10.1848,0.0106203,-0.0431853,-4.89725,0,0,-5,0.0106203,-0.0431853,0.102753,0.111964,0.0422257,0.0191866,-0.0541389,0,0,0
1780640636271660,10.2008,0.0113438,-0.0431328,-4.89819,0,0,-5,0.0113438,-0.0431328,0.101807,0.111147,0.0400425,0.019235,-0.0518258,0,0,0
1780640636295660,10.2248,0.0123532,-0.0430113,-4.89957,0,0,-5,0.0123532,-0.0430113,0.100433,0.109952,0.035444,0.0207085,-0.0497334,0,0,0
1780640636311660,10.2408,0.0129681,-0.0428959,-4.90045,0,0,-5,0.0129681,-0.0428959,0.0995483,0.10917,0.0333814,0.0215297,-0.049729,0,0,0
1780640636335660,10.2648,0.0138061,-0.0426844,-4.90182,0,0,-5,0.0138061,-0.0426844,0.098175,0.107939,0.0288732,0.0210714,-0.0487516,0,0,0
1780640636351660,10.2808,0.0142328,-0.0427456,-4.90277,0,0,-5,0.0142328,-0.0427456,0.097229,0.10716,0.0271955,0.0214409,-0.0476253,0,0,0
1780640636367660,10.2968,0.0145355,-0.0429704,-4.90381,0,0,-5,0.0145355,-0.0429704,0.0961914,0.106351,0.0238426,0.0224245,-0.0484603,0,0,0
1780640636391660,10.3208,0.0149194,-0.0432477,-4.90533,0,0,-5,0.0149194,-0.0432477,0.0946655,0.10514,0.0197941,0.0218935,-0.0474993,0,0,0
1780640636415660,10.3448,0.0152101,-0.0434851,-4.90683,0,0,-5,0.0152101,-0.0434851,0.0931702,0.103937,0.0165451,0.0207407,-0.0479977,0,0,0
1780640636431660,10.3608,0.0153853,-0.0436275,-4.90781,0,0,-5,0.0153853,-0.0436275,0.0921936,0.103149,0.0152445,0.0198034,-0.047106,0,0,0
1780640636455660,10.3848,0.015595,-0.0437916,-4.90924,0,0,-5,0.015595,-0.0437916,0.0907593,0.101971,0.0116365,0.0209685,-0.046226,0,0,0
1780640636471660,10.4008,0.0156974,-0.0438536,-4.91013,0,0,-5,0.0156974,-0.0438536,0.0898743,0.101227,0.00915683,0.021867,-0.0446444,0,0,0
1780640636495660,10.4248,0.0157847,-0.0438872,-4.91147,0,0,-5,0.0157847,-0.0438872,0.0885315,0.100065,0.00566272,0.0221851,-0.0446512,0,0,0
1780640636511660,10.4408,0.0158048,-0.0438826,-4.91238,0,0,-5,0.0158048,-0.0438826,0.087616,0.0992574,0.00415275,0.0222108,-0.0449761,0,0,0
1780640636535660,10.4648,0.0158119,-0.0438465,-4.9137,0,0,-5,0.0158119,-0.0438465,0.0863037,0.098086,0.00230962,0.0218676,-0.0437429,0,0,0
1780640636551660,10.4808,0.0157854,-0.0437963,-4.91455,0,0,-5,0.0157854,-0.0437963,0.0854492,0.0973081,0.00023153,0.0231305,-0.0436356,0,0,0
1780640636567660,10.4968,0.0157338,-0.0437183,-4.91544,0,0,-5,0.0157338,-0.0437183,0.0845642,0.0964881,-0.00175137,0.0229251,-0.0444154,0,0,0
1780640636591660,10.5208,0.015607,-0.0435812,-4.91672,0,0,-5,0.015607,-0.0435812,0.0832825,0.0952831,-0.00401692,0.0225568,-0.0430381,0,0,0
1780640636615660,10.5448,0.0154253,-0.0433863,-4.91794,0,0,-5,0.0154253,-0.0433863,0.0820618,0.094098,-0.00714602,0.0243131,-0.0417494,0,0,0
1780640636631660,10.5608,0.0152647,-0.043221,-4.91873,0,0,-5,0.0152647,-0.043221,0.0812683,0.0933038,-0.00970217,0.0242754,-0.0417875,0,0,0
1780640636655660,10.5848,0.0149568,-0.0429818,-4.91995,0,0,-5,0.0149568,-0.0429818,0.0800476,0.0920802,-0.0127785,0.0226366,-0.0422015,0,0,0
1780640636671660,10.6008,0.0147198,-0.0428227,-4.92072,0,0,-5,0.0147198,-0.0428227,0.0792847,0.0913045,-0.014308,0.021484,-0.0408777,0,0,0
1780640636695660,10.6248,0.0143282,-0.0425762,-4.92188,0,0,-5,0.0143282,-0.0425762,0.078125,0.0901196,-0.016769,0.0205417,-0.0419284,0,0,0
1780640636711660,10.6408,0.0140411,-0.042408,-4.92264,0,0,-5,0.0140411,-0.042408,0.0773621,0.0893335,-0.0179828,0.0208741,-0.0437094,0,0,0
1780640636735660,10.6648,0.0135945,-0.0421024,-4.9238,0,0,-5,0.0135945,-0.0421024,0.0762024,0.0881149,-0.017707,0.0227272,-0.0419308,0,0,0
1780640636751660,10.6808,0.0131719,-0.0421405,-4.92462,0,0,-5,0.0131719,-0.0421405,0.0753784,0.0873569,-0.0178089,0.0225855,-0.0415976,0,0,0
1780640636775660,10.7048,0.0123341,-0.0425343,-4.92584,0,0,-5,0.0123341,-0.0425343,0.0741577,0.0863751,-0.0193757,0.0225805,-0.0393811,0,0,0
1780640636791660,10.7208,0.0117536,-0.042748,-4.92667,0,0,-5,0.0117536,-0.042748,0.0733337,0.0856935,-0.0221463,0.0235703,-0.0375225,0,0,0
1780640636815660,10.7448,0.0108329,-0.042991,-4.9278,0,0,-5,0.0108329,-0.042991,0.0722046,0.0847295,-0.0256176,0.0239148,-0.0367833,0,0,0
1780640636831660,10.7608,0.0101933,-0.0431124,-4.92856,0,0,-5,0.0101933,-0.0431124,0.0714417,0.0840624,-0.0270719,0.0240194,-0.0369058,0,0,0
1780640636855660,10.7848,0.00922443,-0.0432386,-4.92969,0,0,-5,0.00922443,-0.0432386,0.0703125,0.0830573,-0.0287934,0.0245673,-0.0350774,0,0,0
1780640636871660,10.8008,0.00857612,-0.0432922,-4.93042,0,0,-5,0.00857612,-0.0432922,0.0695801,0.0823963,-0.0289633,0.0238764,-0.0341978,0,0,0
1780640636895660,10.8248,0.00763148,-0.0433576,-4.93146,0,0,-5,0.00763148,-0.0433576,0.0685425,0.0814628,-0.0294951,0.0223466,-0.032879,0,0,0
1780640636911660,10.8408,0.00698724,-0.0433951,-4.9321,0,0,-5,0.00698724,-0.0433951,0.0679016,0.0808862,-0.0304242,0.0210856,-0.0318228,0,0,0
1780640636935660,10.8648,0.00600739,-0.0434192,-4.93307,0,0,-5,0.00600739,-0.0434192,0.066925,0.0800017,-0.0321607,0.0218536,-0.0325607,0,0,0
1780640636951660,10.8808,0.00535058,-0.0433977,-4.93372,0,0,-5,0.00535058,-0.0433977,0.0662842,0.0794077,-0.0324856,0.0225325,-0.0322298,0,0,0
1780640636975660,10.9048,0.00435324,-0.0433381,-4.93469,0,0,-5,0.00435324,-0.0433381,0.0653076,0.0784998,-0.0342154,0.0218962,-0.0318756,0,0,0
1780640636991660,10.9208,0.00367635,-0.0432774,-4.93527,0,0,-5,0.00367635,-0.0432774,0.0647278,0.0779495,-0.0351793,0.0218442,-0.0302701,0,0,0
1780640637015660,10.9448,0.00266411,-0.0431562,-4.93616,0,0,-5,0.00266411,-0.0431562,0.0638428,0.0771068,-0.035138,0.0216102,-0.02999,0,0,0
1780640637031660,10.9608,0.00198049,-0.043056,-4.93674,0,0,-5,0.00198049,-0.043056,0.0632629,0.0765503,-0.0377106,0.0217216,-0.0300047,0,0,0
1780640637055660,10.9848,0.000906618,-0.0428823,-4.93756,0,0,-5,0.000906618,-0.0428823,0.062439,0.0757518,-0.0401229,0.0217422,-0.0270118,0,0,0
1780640637071660,11.0008,0.000169848,-0.0427409,-4.93805,0,0,-5,0.000169848,-0.0427409,0.0619507,0.0752642,-0.0408798,0.0228011,-0.0251587,0,0,0
1780640637095660,11.0248,-0.000954773,-0.0424741,-4.93878,0,0,-5,-0.000954773,-0.0424741,0.0612183,0.074516,-0.0421281,0.0235323,-0.0240072,0,0,0
1780640637111753,11.0409,-0.00168274,-0.0422759,-4.93924,0,0,-5,-0.00168274,-0.0422759,0.0607605,0.07404,-0.0405864,0.023693,-0.0236539,0,0,0
1780640637135753,11.0649,-0.00275569,-0.0419419,-4.93988,0,0,-5,-0.00275569,-0.0419419,0.0601196,0.0733559,-0.0410141,0.0246071,-0.0234006,0,0,0
1780640637151753,11.0809,-0.00382483,-0.0422039,-4.94034,0,0,-5,-0.00382483,-0.0422039,0.0596619,0.0731801,-0.0417986,0.0240789,-0.0242314,0,0,0
1780640637175753,11.1049,-0.00591381,-0.0432527,-4.94098,0,0,-5,-0.00591381,-0.0432527,0.059021,0.0734115,-0.0416387,0.0239388,-0.0238392,0,0,0
1780640637191753,11.1209,-0.00724569,-0.0438829,-4.94141,0,0,-5,-0.00724569,-0.0438829,0.0585938,0.0735625,-0.0408664,0.0247572,-0.0240852,0,0,0
1780640637207753,11.1369,-0.00854024,-0.0444475,-4.94186,0,0,-5,-0.00854024,-0.0444475,0.058136,0.073677,-0.0411901,0.0258344,-0.0256274,0,0,0
1780640637231753,11.1609,-0.0104318,-0.0451671,-4.94254,0,0,-5,-0.0104318,-0.0451671,0.0574646,0.0738313,-0.0406269,0.026052,-0.0267188,0,0,0
1780640637255753,11.1849,-0.0122243,-0.0458002,-4.94324,0,0,-5,-0.0122243,-0.0458002,0.0567627,0.0739533,-0.0398747,0.025129,-0.0265261,0,0,0
1780640637271753,11.2009,-0.0133842,-0.0461987,-4.9437,0,0,-5,-0.0133842,-0.0461987,0.0563049,0.074052,-0.039598,0.0231544,-0.0256601,0,0,0
1780640637295753,11.2249,-0.0150561,-0.046744,-4.94434,0,0,-5,-0.0150561,-0.046744,0.0556641,0.0742305,-0.0382567,0.0232423,-0.0258282,0,0,0
1780640637311753,11.2409,-0.0161321,-0.0470644,-4.94476,0,0,-5,-0.0161321,-0.0470644,0.0552368,0.0743398,-0.0385594,0.0232854,-0.0257044,0,0,0
1780640637335753,11.2649,-0.0177184,-0.0474426,-4.9454,0,0,-5,-0.0177184,-0.0474426,0.0545959,0.0744678,-0.0391602,0.0254026,-0.0254357,0,0,0
1780640637351753,11.2809,-0.0187579,-0.0476338,-4.94583,0,0,-5,-0.0187579,-0.0476338,0.0541687,0.0745324,-0.0400303,0.0260435,-0.0250658,0,0,0
1780640637375753,11.3049,-0.0202705,-0.0478561,-4.94647,0,0,-5,-0.0202705,-0.0478561,0.0535278,0.0746078,-0.0383001,0.0254508,-0.025626,0,0,0
1780640637391753,11.3209,-0.0212421,-0.0479863,-4.9469,0,0,-5,-0.0212421,-0.0479863,0.0531006,0.0746564,-0.0374799,0.0245891,-0.0260566,0,0,0
1780640637407753,11.3369,-0.0221609,-0.0480885,-4.94736,0,0,-5,-0.0221609,-0.0480885,0.0526428,0.0746651,-0.035756,0.0250967,-0.0260411,0,0,0
1780640637431753,11.3609,-0.0234891,-0.0481735,-4.948,0,0,-5,-0.0234891,-0.0481735,0.052002,0.0746769,-0.035849,0.0265184,-0.0252596,0,0,0
1780640637455753,11.3849,-0.0247657,-0.0481833,-4.94864,0,0,-5,-0.0247657,-0.0481833,0.0513611,0.0746521,-0.0332307,0.0271578,-0.0245166,0,0,0
1780640637471753,11.4009,-0.025568,-0.0481316,-4.94907,0,0,-5,-0.025568,-0.0481316,0.0509338,0.0745965,-0.0330023,0.0288755,-0.0235571,0,0,0
1780640637495753,11.4249,-0.0267453,-0.0480025,-4.94968,0,0,-5,-0.0267453,-0.0480025,0.0503235,0.0745117,-0.033179,0.0282257,-0.0215028,0,0,0
1780640637511753,11.4409,-0.0275082,-0.0478913,-4.95004,0,0,-5,-0.0275082,-0.0478913,0.0499573,0.0744715,-0.032417,0.0290858,-0.0222394,0,0,0
1780640637535753,11.4649,-0.0286069,-0.0476613,-4.95065,0,0,-5,-0.0286069,-0.0476613,0.0493469,0.0743309,-0.0314744,0.029785,-0.0233239,0,0,0
1780640637551753,11.4809,-0.0298104,-0.0479051,-4.95099,0,0,-5,-0.0298104,-0.0479051,0.0490112,0.0747373,-0.0310308,0.0287749,-0.0233241,0,0,0
1780640637575753,11.5049,-0.0322539,-0.048836,-4.95142,0,0,-5,-0.0322539,-0.048836,0.048584,0.0760636,-0.0300887,0.027419,-0.0228471,0,0,0
1780640637591753,11.5209,-0.033799,-0.0493991,-4.95169,0,0,-5,-0.033799,-0.0493991,0.0483093,0.0769184,-0.0286389,0.0274712,-0.0218086,0,0,0
1780640637607753,11.5369,-0.0352731,-0.0499058,-4.95197,0,0,-5,-0.0352731,-0.0499058,0.0480347,0.077731,-0.0282916,0.0273451,-0.0217421,0,0,0
1780640637631753,11.5609,-0.0373662,-0.0505898,-4.95239,0,0,-5,-0.0373662,-0.0505898,0.0476074,0.0788798,-0.0259564,0.0269588,-0.0209939,0,0,0
1780640637655753,11.5849,-0.0393064,-0.0511688,-4.95276,0,0,-5,-0.0393064,-0.0511688,0.0472412,0.0799685,-0.0253122,0.0272274,-0.020416,0,0,0
1780640637671753,11.6009,-0.040547,-0.051501,-4.95303,0,0,-5,-0.040547,-0.051501,0.0469666,0.0806366,-0.0244576,0.0267481,-0.0211554,0,0,0
1780640637687753,11.6169,-0.0417193,-0.0518011,-4.95331,0,0,-5,-0.0417193,-0.0518011,0.0466919,0.0812649,-0.022077,0.0265752,-0.0210884,0,0,0
1780640637711753,11.6409,-0.0433561,-0.052162,-4.95374,0,0,-5,-0.0433561,-0.052162,0.0462646,0.0821039,-0.020539,0.0281979,-0.0219311,0,0,0
1780640637727753,11.6569,-0.0443879,-0.0523466,-4.95404,0,0,-5,-0.0443879,-0.0523466,0.0459595,0.0825998,-0.0194372,0.0276738,-0.0220837,0,0,0
1780640637751753,11.6809,-0.0458438,-0.0526,-4.95453,0,0,-5,-0.0458438,-0.0526,0.0454712,0.0832829,-0.0187908,0.0258466,-0.0225761,0,0,0
1780640637767753,11.6969,-0.046764,-0.0527442,-4.95486,0,0,-5,-0.046764,-0.0527442,0.0451355,0.0837021,-0.0181726,0.0253161,-0.0229249,0,0,0
1780640637791753,11.7209,-0.0480963,-0.0528985,-4.95538,0,0,-5,-0.0480963,-0.0528985,0.0446167,0.0842743,-0.0181625,0.0260746,-0.0234476,0,0,0
1780640637815753,11.7449,-0.0493297,-0.0529919,-4.9559,0,0,-5,-0.0493297,-0.0529919,0.0440979,0.0847714,-0.0172016,0.0256707,-0.0231113,0,0,0
1780640637831753,11.7609,-0.0501061,-0.0530209,-4.95624,0,0,-5,-0.0501061,-0.0530209,0.0437622,0.0850704,-0.0158895,0.025451,-0.0227392,0,0,0
1780640637855753,11.7849,-0.0511634,-0.0530379,-4.95673,0,0,-5,-0.0511634,-0.0530379,0.0432739,0.0854596,-0.0125808,0.0250737,-0.0223634,0,0,0
1780640637871753,11.8009,-0.0518006,-0.0530135,-4.95706,0,0,-5,-0.0518006,-0.0530135,0.0429382,0.0856588,-0.0119641,0.0249779,-0.0225762,0,0,0
1780640637895753,11.8249,-0.0527003,-0.0529289,-4.95758,0,0,-5,-0.0527003,-0.0529289,0.0424194,0.0858964,-0.0104696,0.0260667,-0.0232423,0,0,0
1780640637911753,11.8409,-0.0532496,-0.0528304,-4.95795,0,0,-5,-0.0532496,-0.0528304,0.0420532,0.0859944,-0.00928473,0.0265242,-0.0234097,0,0,0
1780640637935753,11.8649,-0.0540075,-0.0526427,-4.95847,0,0,-5,-0.0540075,-0.0526427,0.0415344,0.0860998,-0.00791438,0.0269034,-0.0241157,0,0,0
1780640637951753,11.8809,-0.0550442,-0.0529904,-4.9588,0,0,-5,-0.0550442,-0.0529904,0.0411987,0.0868055,-0.00676174,0.0272297,-0.0235976,0,0,0
1780640637975753,11.9049,-0.0573266,-0.0541839,-4.95926,0,0,-5,-0.0573266,-0.0541839,0.040741,0.088781,-0.00550373,0.0263752,-0.0226194,0,0,0
1780640637991753,11.9209,-0.0587414,-0.0549159,-4.95956,0,0,-5,-0.0587414,-0.0549159,0.0404358,0.0900076,-0.00480637,0.0255287,-0.0231512,0,0,0
1780640638015753,11.9449,-0.0607314,-0.0558951,-4.96002,0,0,-5,-0.0607314,-0.0558951,0.039978,0.0917105,-0.00449519,0.0265142,-0.0224146,0,0,0
1780640638031753,11.9609,-0.0619613,-0.0564614,-4.96033,0,0,-5,-0.0619613,-0.0564614,0.0396729,0.0927418,-0.00273369,0.026876,-0.0221532,0,0,0
1780640638055753,11.9849,-0.0636499,-0.0572244,-4.96078,0,0,-5,-0.0636499,-0.0572244,0.0392151,0.0941476,0.000135701,0.0268713,-0.0211795,0,0,0
1780640638071753,12.0009,-0.0646773,-0.0576681,-4.96109,0,0,-5,-0.0646773,-0.0576681,0.0389099,0.0949881,0.00131754,0.0268887,-0.0212504,0,0,0
1780640638087753,12.0169,-0.0656332,-0.0580732,-4.96136,0,0,-5,-0.0656332,-0.0580732,0.0386353,0.0957753,0.00226368,0.0269863,-0.0190073,0,0,0
1780640638111849,12.041,-0.0669413,-0.0585764,-4.96173,0,0,-5,-0.0669413,-0.0585764,0.038269,0.0968342,0.00572987,0.0274768,-0.0162949,0,0,0
1780640638127849,12.057,-0.0677077,-0.0588736,-4.96198,0,0,-5,-0.0677077,-0.0588736,0.0380249,0.0974491,0.00753355,0.0267541,-0.0150064,0,0,0
1780640638151849,12.081,-0.0687373,-0.0592503,-4.96228,0,0,-5,-0.0687373,-0.0592503,0.0377197,0.0982761,0.00907733,0.0269383,-0.0141336,0,0,0
1780640638167849,12.097,-0.0693497,-0.0594419,-4.96249,0,0,-5,-0.0693497,-0.0594419,0.0375061,0.0987392,0.0105004,0.0289078,-0.014673,0,0,0
1780640638191849,12.121,-0.0701576,-0.0596283,-4.96286,0,0,-5,-0.0701576,-0.0596283,0.0371399,0.0992825,0.0132309,0.0306937,-0.015841,0,0,0
1780640638207849,12.137,-0.0706106,-0.0596765,-4.96307,0,0,-5,-0.0706106,-0.0596765,0.0369263,0.0995524,0.0145538,0.0320337,-0.0154631,0,0,0
1780640638231849,12.161,-0.0711841,-0.0596746,-4.96344,0,0,-5,-0.0711841,-0.0596746,0.0365601,0.0998242,0.0172085,0.0338056,-0.0158266,0,0,0
1780640638247849,12.177,-0.0714879,-0.0596029,-4.96368,0,0,-5,-0.0714879,-0.0596029,0.0363159,0.0999093,0.0190696,0.0346142,-0.0164397,0,0,0
1780640638271849,12.201,-0.0718267,-0.0594181,-4.96411,0,0,-5,-0.0718267,-0.0594181,0.0358887,0.0998879,0.0222897,0.0374369,-0.0174197,0,0,0
1780640638295849,12.225,-0.0720121,-0.0591178,-4.96457,0,0,-5,-0.0720121,-0.0591178,0.0354309,0.0996795,0.0259592,0.0378931,-0.0165216,0,0,0
1780640638311849,12.241,-0.072061,-0.0588893,-4.96487,0,0,-5,-0.072061,-0.0588893,0.0351257,0.0994714,0.0281143,0.0378474,-0.0169857,0,0,0
1780640638335849,12.265,-0.0720196,-0.0584989,-4.96536,0,0,-5,-0.0720196,-0.0584989,0.0346375,0.0990388,0.0314542,0.0388005,-0.0169048,0,0,0
1780640638351849,12.281,-0.0723537,-0.058544,-4.96561,0,0,-5,-0.0723537,-0.058544,0.0343933,0.0992238,0.0335335,0.0391476,-0.0156902,0,0,0
1780640638375849,12.305,-0.0733731,-0.0590533,-4.96588,0,0,-5,-0.0733731,-0.0590533,0.0341187,0.100175,0.034543,0.0379394,-0.01506,0,0,0
1780640638391849,12.321,-0.0739464,-0.0593324,-4.96606,0,0,-5,-0.0739464,-0.0593324,0.0339355,0.100698,0.0363943,0.0385905,-0.0132298,0,0,0
1780640638415849,12.345,-0.0746419,-0.0596412,-4.96631,0,0,-5,-0.0746419,-0.0596412,0.0336914,0.101309,0.0393662,0.03944,-0.0146395,0,0,0
1780640638431849,12.361,-0.0750042,-0.0597927,-4.96649,0,0,-5,-0.0750042,-0.0597927,0.0335083,0.101605,0.040693,0.0388925,-0.0153018,0,0,0
1780640638455849,12.385,-0.0754145,-0.0599469,-4.96677,0,0,-5,-0.0754145,-0.0599469,0.0332336,0.101909,0.0421515,0.0391071,-0.0156654,0,0,0
1780640638471849,12.401,-0.0756117,-0.0600058,-4.96698,0,0,-5,-0.0756117,-0.0600058,0.03302,0.10202,0.0435047,0.0385268,-0.0155861,0,0,0
1780640638495849,12.425,-0.0757783,-0.0600127,-4.96729,0,0,-5,-0.0757783,-0.0600127,0.0327148,0.10205,0.0458532,0.0399124,-0.015733,0,0,0
1780640638511849,12.441,-0.0757936,-0.0599515,-4.9675,0,0,-5,-0.0757936,-0.0599515,0.0325012,0.101957,0.0490205,0.0413911,-0.0155691,0,0,0
1780640638535849,12.465,-0.0756728,-0.0597696,-4.9678,0,0,-5,-0.0756728,-0.0597696,0.032196,0.101663,0.0515933,0.0424118,-0.0149652,0,0,0
1780640638551849,12.481,-0.075507,-0.0596021,-4.96799,0,0,-5,-0.075507,-0.0596021,0.0320129,0.101383,0.0539184,0.0427131,-0.014364,0,0,0
1780640638567849,12.497,-0.075274,-0.0593979,-4.9682,0,0,-5,-0.075274,-0.0593979,0.0317993,0.101022,0.0557005,0.0425168,-0.0146435,0,0,0
1780640638591849,12.521,-0.0748102,-0.0590255,-4.96851,0,0,-5,-0.0748102,-0.0590255,0.0314941,0.100362,0.0577598,0.0433656,-0.0152691,0,0,0
1780640638607849,12.537,-0.0744402,-0.0587407,-4.96872,0,0,-5,-0.0744402,-0.0587407,0.0312805,0.0998513,0.0593069,0.0443159,-0.0158835,0,0,0
1780640638631849,12.561,-0.0737836,-0.0582497,-4.96906,0,0,-5,-0.0737836,-0.0582497,0.0309448,0.0989678,0.0608522,0.043668,-0.0158329,0,0,0
1780640638655849,12.585,-0.073025,-0.0577279,-4.96939,0,0,-5,-0.073025,-0.0577279,0.0306091,0.0979902,0.0620747,0.0442057,-0.0149638,0,0,0
1780640638671849,12.601,-0.0724693,-0.0573365,-4.9696,0,0,-5,-0.0724693,-0.0573365,0.0303955,0.0972788,0.0632074,0.0449223,-0.0149715,0,0,0
1780640638695849,12.625,-0.0715633,-0.0566956,-4.96994,0,0,-5,-0.0715633,-0.0566956,0.0300598,0.0961212,0.065193,0.0455009,-0.0142966,0,0,0
1780640638711849,12.641,-0.0708983,-0.0562388,-4.97018,0,0,-5,-0.0708983,-0.0562388,0.0298157,0.0952803,0.06648,0.0453145,-0.0133024,0,0,0
1780640638735849,12.665,-0.0698176,-0.0555088,-4.97049,0,0,-5,-0.0698176,-0.0555088,0.0295105,0.09395,0.0687246,0.0464196,-0.012562,0,0,0
1780640638751849,12.681,-0.0696287,-0.0552739,-4.97061,0,0,-5,-0.0696287,-0.0552739,0.0293884,0.0936325,0.0680357,0.0474981,-0.0114242,0,0,0
1780640638775849,12.705,-0.0700997,-0.055275,-4.97073,0,0,-5,-0.0700997,-0.055275,0.0292664,0.0939458,0.0686421,0.0476256,-0.0114411,0,0,0
1780640638791849,12.721,-0.0702979,-0.0552218,-4.97083,0,0,-5,-0.0702979,-0.0552218,0.0291748,0.0940341,0.0700559,0.0481243,-0.0114125,0,0,0
1780640638815849,12.745,-0.0704588,-0.0550361,-4.97095,0,0,-5,-0.0704588,-0.0550361,0.0290527,0.0940079,0.0701252,0.0499444,-0.0110991,0,0,0
1780640638831849,12.761,-0.0704841,-0.0548467,-4.97104,0,0,-5,-0.0704841,-0.0548467,0.0289612,0.0938878,0.0705439,0.0506348,-0.0121374,0,0,0
1780640638847849,12.777,-0.0704337,-0.0546156,-4.97116,0,0,-5,-0.0704337,-0.0546156,0.0288391,0.0936774,0.0721445,0.0501297,-0.0114849,0,0,0
1780640638871849,12.801,-0.0702194,-0.0542216,-4.97131,0,0,-5,-0.0702194,-0.0542216,0.0286865,0.0932398,0.0737762,0.0503342,-0.0101313,0,0,0
1780640638887849,12.817,-0.0700048,-0.053903,-4.97141,0,0,-5,-0.0700048,-0.053903,0.028595,0.0928648,0.0735998,0.0519169,-0.0097179,0,0,0
1780640638911849,12.841,-0.069562,-0.053338,-4.97156,0,0,-5,-0.069562,-0.053338,0.0284424,0.0921563,0.074865,0.0538082,-0.00961304,0,0,0
1780640638927849,12.857,-0.0691993,-0.0529107,-4.97165,0,0,-5,-0.0691993,-0.0529107,0.0283508,0.0916071,0.0764703,0.0535058,-0.010407,0,0,0
1780640638951849,12.881,-0.0685544,-0.0522092,-4.9718,0,0,-5,-0.0685544,-0.0522092,0.0281982,0.0906678,0.0758779,0.0542688,-0.0110889,0,0,0
1780640638975849,12.905,-0.067809,-0.0514447,-4.97202,0,0,-5,-0.067809,-0.0514447,0.0279846,0.0895978,0.0778413,0.0542337,-0.0126636,0,0,0
1780640638991849,12.921,-0.0672321,-0.0509119,-4.9722,0,0,-5,-0.0672321,-0.0509119,0.0278015,0.0887981,0.0794984,0.0545994,-0.0132285,0,0,0
1780640639007849,12.937,-0.0665956,-0.0503563,-4.97235,0,0,-5,-0.0665956,-0.0503563,0.0276489,0.0879499,0.0805001,0.0538109,-0.0138004,0,0,0
1780640639031849,12.961,-0.0655509,-0.0495245,-4.97266,0,0,-5,-0.0655509,-0.0495245,0.0273438,0.0865868,0.081779,0.052268,-0.0134457,0,0,0
1780640639055849,12.985,-0.0643842,-0.0486493,-4.9729,0,0,-5,-0.0643842,-0.0486493,0.0270996,0.0851262,0.0833952,0.0522438,-0.0134382,0,0,0
1780640639071849,13.001,-0.0635645,-0.0480571,-4.97311,0,0,-5,-0.0635645,-0.0480571,0.026886,0.0840999,0.0832589,0.0517486,-0.0140514,0,0,0
1780640639095849,13.025,-0.062268,-0.0471353,-4.97339,0,0,-5,-0.062268,-0.0471353,0.0266113,0.0825058,0.083656,0.0520086,-0.0144825,0,0,0
1780640639111942,13.0411,-0.0613723,-0.0465175,-4.9736,0,0,-5,-0.0613723,-0.0465175,0.0263977,0.0814081,0.0832894,0.0501877,-0.0154207,0,0,0
1780640639135942,13.0651,-0.0599815,-0.0456007,-4.97394,0,0,-5,-0.0599815,-0.0456007,0.026062,0.0797272,0.0835795,0.0490021,-0.0155695,0,0,0
1780640639151942,13.0811,-0.0596412,-0.0452657,-4.97409,0,0,-5,-0.0596412,-0.0452657,0.0259094,0.0792297,0.0836224,0.0492015,-0.0139989,0,0,0
1780640639175942,13.1051,-0.0599173,-0.0451235,-4.97421,0,0,-5,-0.0599173,-0.0451235,0.0257874,0.0793171,0.0831845,0.0485748,-0.0133623,0,0,0
1780640639191942,13.1211,-0.0600021,-0.0449949,-4.97427,0,0,-5,-0.0600021,-0.0449949,0.0257263,0.0792883,0.0834692,0.0481203,-0.0134907,0,0,0
1780640639215942,13.1451,-0.060005,-0.0447335,-4.9744,0,0,-5,-0.060005,-0.0447335,0.0256042,0.0791028,0.0823798,0.0480539,-0.0121158,0,0,0
1780640639231942,13.1611,-0.0599287,-0.0445231,-4.97452,0,0,-5,-0.0599287,-0.0445231,0.0254822,0.0788866,0.0828848,0.0476821,-0.0132505,0,0,0
1780640639255942,13.1851,-0.0596834,-0.0441559,-4.97467,0,0,-5,-0.0596834,-0.0441559,0.0253296,0.0784439,0.0823248,0.0473303,-0.0139078,0,0,0
1780640639271942,13.2011,-0.0594616,-0.0438662,-4.97479,0,0,-5,-0.0594616,-0.0438662,0.0252075,0.0780726,0.081817,0.0481413,-0.0145257,0,0,0
1780640639295942,13.2251,-0.0590443,-0.0433828,-4.97501,0,0,-5,-0.0590443,-0.0433828,0.0249939,0.0774144,0.080803,0.0482503,-0.0142146,0,0,0
1780640639311942,13.2411,-0.0587177,-0.0430177,-4.97519,0,0,-5,-0.0587177,-0.0430177,0.0248108,0.0769017,0.0799261,0.0489647,-0.0148465,0,0,0
1780640639335942,13.2651,-0.0581409,-0.0424196,-4.97543,0,0,-5,-0.0581409,-0.0424196,0.0245667,0.076048,0.0803183,0.049248,-0.0140143,0,0,0
1780640639351942,13.2811,-0.057696,-0.0419857,-4.97559,0,0,-5,-0.057696,-0.0419857,0.0244141,0.0754167,0.0799531,0.0488009,-0.0132084,0,0,0
1780640639375942,13.3051,-0.0569682,-0.0412947,-4.9758,0,0,-5,-0.0569682,-0.0412947,0.0242004,0.0744062,0.0780766,0.0496197,-0.0129244,0,0,0
1780640639391942,13.3211,-0.0564455,-0.0408149,-4.97592,0,0,-5,-0.0564455,-0.0408149,0.0240784,0.0737002,0.0784074,0.0479327,-0.0121263,0,0,0
1780640639415942,13.3451,-0.0555735,-0.0400755,-4.97614,0,0,-5,-0.0555735,-0.0400755,0.0238647,0.0725534,0.0794378,0.0480732,-0.011825,0,0,0
1780640639431942,13.3611,-0.0549342,-0.0395678,-4.97626,0,0,-5,-0.0549342,-0.0395678,0.0237427,0.0717432,0.0793105,0.047264,-0.010794,0,0,0
1780640639455942,13.3851,-0.0539266,-0.0387942,-4.97644,0,0,-5,-0.0539266,-0.0387942,0.0235596,0.0704849,0.0777509,0.0463018,-0.0101426,0,0,0
1780640639471942,13.4011,-0.0532401,-0.0382678,-4.97653,0,0,-5,-0.0532401,-0.0382678,0.023468,0.0696397,0.0769561,0.0458577,-0.00950532,0,0,0
1780640639495942,13.4251,-0.0521592,-0.037468,-4.97675,0,0,-5,-0.0521592,-0.037468,0.0232544,0.0683023,0.0765349,0.0459892,-0.0114013,0,0,0
1780640639511942,13.4411,-0.0514162,-0.0369064,-4.97687,0,0,-5,-0.0514162,-0.0369064,0.0231323,0.0673856,0.075236,0.0457387,-0.0117318,0,0,0
1780640639535942,13.4651,-0.0503065,-0.0360426,-4.97711,0,0,-5,-0.0503065,-0.0360426,0.0228882,0.0659825,0.0723101,0.0464819,-0.0128595,0,0,0
1780640639551942,13.4811,-0.0501645,-0.0357451,-4.97729,0,0,-5,-0.0501645,-0.0357451,0.0227051,0.0656484,0.0711913,0.046499,-0.0137418,0,0,0
1780640639567942,13.4971,-0.0505704,-0.0357229,-4.97748,0,0,-5,-0.0505704,-0.0357229,0.022522,0.0658842,0.069932,0.0456706,-0.0134345,0,0,0
1780640639591942,13.5211,-0.0510702,-0.0356218,-4.97775,0,0,-5,-0.0510702,-0.0356218,0.0222473,0.0661213,0.0681082,0.0462953,-0.0142316,0,0,0
1780640639615942,13.5451,-0.0514433,-0.0354522,-4.97803,0,0,-5,-0.0514433,-0.0354522,0.0219727,0.0662274,0.0657534,0.0443958,-0.0147979,0,0,0
1780640639631942,13.5611,-0.0516436,-0.0353226,-4.97824,0,0,-5,-0.0516436,-0.0353226,0.021759,0.0662435,0.0640857,0.0424194,-0.013949,0,0,0
1780640639655942,13.5851,-0.0518617,-0.0350906,-4.97852,0,0,-5,-0.0518617,-0.0350906,0.0214844,0.0662009,0.0628394,0.043148,-0.0126965,0,0,0
1780640639671942,13.6011,-0.0519364,-0.0348896,-4.97867,0,0,-5,-0.0519364,-0.0348896,0.0213318,0.0661039,0.0636187,0.0428099,-0.0119621,0,0,0
1780640639695942,13.6251,-0.0519296,-0.0345671,-4.97894,0,0,-5,-0.0519296,-0.0345671,0.0210571,0.0658405,0.0633519,0.0412091,-0.0117896,0,0,0
1780640639711942,13.6411,-0.0518741,-0.0343422,-4.9791,0,0,-5,-0.0518741,-0.0343422,0.0209045,0.06563,0.0622596,0.0402048,-0.0117031,0,0,0
1780640639735942,13.6651,-0.0517316,-0.0339867,-4.97934,0,0,-5,-0.0517316,-0.0339867,0.0206604,0.0652542,0.060927,0.0392668,-0.012068,0,0,0
1780640639751942,13.6811,-0.0515881,-0.0337249,-4.97952,0,0,-5,-0.0515881,-0.0337249,0.0204773,0.0649463,0.0604973,0.0388203,-0.0131187,0,0,0
1780640639775942,13.7051,-0.0513092,-0.0332776,-4.9798,0,0,-5,-0.0513092,-0.0332776,0.0202026,0.0644063,0.0591404,0.0404334,-0.0114992,0,0,0
1780640639791942,13.7211,-0.0510796,-0.0329599,-4.97995,0,0,-5,-0.0510796,-0.0329599,0.02005,0.0640116,0.0596415,0.0382944,-0.0114098,0,0,0
1780640639815942,13.7451,-0.0506991,-0.0324753,-4.98022,0,0,-5,-0.0506991,-0.0324753,0.0197754,0.0633728,0.0562126,0.0377637,-0.011304,0,0,0
1780640639831942,13.7611,-0.0504266,-0.0321546,-4.98041,0,0,-5,-0.0504266,-0.0321546,0.0195923,0.0629334,0.0559998,0.035329,-0.0115805,0,0,0
1780640639855942,13.7851,-0.0499839,-0.0316979,-4.98068,0,0,-5,-0.0499839,-0.0316979,0.0193176,0.0622601,0.0533419,0.0326612,-0.0122141,0,0,0
1780640639871942,13.8011,-0.0496733,-0.0314055,-4.9809,0,0,-5,-0.0496733,-0.0314055,0.019104,0.0617957,0.0528293,0.031784,-0.0119557,0,0,0
1780640639895942,13.8251,-0.0491584,-0.0309436,-4.98117,0,0,-5,-0.0491584,-0.0309436,0.0188293,0.0610622,0.0529021,0.0314811,-0.0119794,0,0,0
1780640639911942,13.8411,-0.0487657,-0.030631,-4.98135,0,0,-5,-0.0487657,-0.030631,0.0186462,0.0605313,0.0528465,0.030756,-0.0121339,0,0,0
1780640639935942,13.8651,-0.0481423,-0.0301479,-4.98163,0,0,-5,-0.0481423,-0.0301479,0.0183716,0.0597,0.0525223,0.0313667,-0.0121523,0,0,0
1780640639951942,13.8811,-0.0484129,-0.0302073,-4.98178,0,0,-5,-0.0484129,-0.0302073,0.018219,0.0599018,0.0515661,0.0318075,-0.0121232,0,0,0
1780640639975942,13.9051,-0.0497626,-0.0308601,-4.98196,0,0,-5,-0.0497626,-0.0308601,0.0180359,0.0612695,0.0495451,0.0305231,-0.0122886,0,0,0
1780640639991942,13.9211,-0.0505804,-0.0312488,-4.98209,0,0,-5,-0.0505804,-0.0312488,0.0179138,0.0620948,0.0484664,0.0290765,-0.0123028,0,0,0
1780640640015942,13.9451,-0.0516807,-0.0317804,-4.98227,0,0,-5,-0.0516807,-0.0317804,0.0177307,0.0632081,0.046803,0.0275291,-0.010553,0,0,0
1780640640031942,13.9611,-0.052335,-0.0320904,-4.98236,0,0,-5,-0.052335,-0.0320904,0.0176392,0.063874,0.0465811,0.0278761,-0.0103473,0,0,0
1780640640055942,13.9851,-0.0531938,-0.0325041,-4.98251,0,0,-5,-0.0531938,-0.0325041,0.0174866,0.0647447,0.0455761,0.0263272,-0.00999734,0,0,0
1780640640071942,14.0011,-0.0536999,-0.0327374,-4.9826,0,0,-5,-0.0536999,-0.0327374,0.017395,0.0652534,0.0446064,0.0266662,-0.010196,0,0,0
1780640640095942,14.0251,-0.054352,-0.0330196,-4.98276,0,0,-5,-0.054352,-0.0330196,0.0172424,0.0658918,0.0444115,0.0262875,-0.0086287,0,0,0
1780640640111942,14.0411,-0.0547137,-0.0331731,-4.98285,0,0,-5,-0.0547137,-0.0331731,0.0171509,0.0662434,0.044632,0.0258554,-0.00884874,0,0,0
1780640640136045,14.0652,-0.0551539,-0.0333754,-4.983,0,0,-5,-0.0551539,-0.0333754,0.0169983,0.0666694,0.0437822,0.0242282,-0.00762258,0,0,0
1780640640152045,14.0812,-0.0553936,-0.0334916,-4.98306,0,0,-5,-0.0553936,-0.0334916,0.0169373,0.0669104,0.0435041,0.0234075,-0.0077015,0,0,0
1780640640168045,14.0972,-0.0555797,-0.0335951,-4.98315,0,0,-5,-0.0555797,-0.0335951,0.0168457,0.0670933,0.0437446,0.0222874,-0.00702492,0,0,0
1780640640192045,14.1212,-0.0557621,-0.0337209,-4.98325,0,0,-5,-0.0557621,-0.0337209,0.0167542,0.0672845,0.0437414,0.0219732,-0.00642959,0,0,0
1780640640216045,14.1452,-0.0558568,-0.0337953,-4.98334,0,0,-5,-0.0558568,-0.0337953,0.0166626,0.0673776,0.0444008,0.0212673,-0.00596439,0,0,0
1780640640232045,14.1612,-0.0558495,-0.0338272,-4.9834,0,0,-5,-0.0558495,-0.0338272,0.0166016,0.0673725,0.0447364,0.0208833,-0.00639469,0,0,0
1780640640256045,14.1852,-0.0557873,-0.0338331,-4.98352,0,0,-5,-0.0557873,-0.0338331,0.0164795,0.067294,0.0426212,0.0216273,-0.00530598,0,0,0
1780640640272045,14.2012,-0.0557111,-0.033811,-4.98355,0,0,-5,-0.0557111,-0.033811,0.016449,0.0672122,0.0427586,0.0208001,-0.0055244,0,0,0
1780640640296045,14.2252,-0.0555608,-0.0337638,-4.98367,0,0,-5,-0.0555608,-0.0337638,0.0163269,0.0670341,0.0410995,0.0186478,-0.00636003,0,0,0
1780640640312045,14.2412,-0.0554284,-0.0337423,-4.98376,0,0,-5,-0.0554284,-0.0337423,0.0162354,0.0668913,0.0411319,0.0177168,-0.00663151,0,0,0
1780640640336045,14.2652,-0.0551783,-0.0336986,-4.98389,0,0,-5,-0.0551783,-0.0336986,0.0161133,0.0666325,0.040172,0.0172584,-0.00512421,0,0,0
1780640640352045,14.2812,-0.0558031,-0.0338666,-4.98386,0,0,-5,-0.0558031,-0.0338666,0.0161438,0.0672425,0.0396117,0.0185583,-0.00627354,0,0,0
1780640640376045,14.3052,-0.0578258,-0.0343518,-4.98373,0,0,-5,-0.0578258,-0.0343518,0.0162659,0.0691987,0.037966,0.0197612,-0.00688099,0,0,0
1780640640392045,14.3212,-0.0590603,-0.0346349,-4.98367,0,0,-5,-0.0590603,-0.0346349,0.0163269,0.0703865,0.0378524,0.0187627,-0.00795468,0,0,0
1780640640416045,14.3452,-0.0607616,-0.0350056,-4.98367,0,0,-5,-0.0607616,-0.0350056,0.0163269,0.0719995,0.0359309,0.0187461,-0.0102485,0,0,0
1780640640432045,14.3612,-0.0618076,-0.035217,-4.98367,0,0,-5,-0.0618076,-0.035217,0.0163269,0.0729862,0.0347573,0.0187653,-0.00985484,0,0,0
1780640640456045,14.3852,-0.0632588,-0.03548,-4.9837,0,0,-5,-0.0632588,-0.03548,0.0162964,0.0743376,0.0330201,0.018297,-0.0110053,0,0,0
1780640640472045,14.4012,-0.0641499,-0.0356269,-4.9838,0,0,-5,-0.0641499,-0.0356269,0.0162048,0.0751471,0.0316798,0.0182557,-0.0104042,0,0,0
1780640640496045,14.4252,-0.0653633,-0.0357821,-4.98392,0,0,-5,-0.0653633,-0.0357821,0.0160828,0.0762323,0.0331412,0.0196354,-0.0121759,0,0,0
1780640640512045,14.4412,-0.0660636,-0.0358502,-4.98401,0,0,-5,-0.0660636,-0.0358502,0.0159912,0.0768463,0.0334592,0.0192795,-0.0117748,0,0,0
1780640640536045,14.4652,-0.0669956,-0.0359162,-4.98416,0,0,-5,-0.0669956,-0.0359162,0.0158386,0.0776482,0.0334876,0.0192946,-0.0123335,0,0,0
1780640640552045,14.4812,-0.067543,-0.0359298,-4.98428,0,0,-5,-0.067543,-0.0359298,0.0157166,0.0781026,0.0339008,0.0194807,-0.0124561,0,0,0
1780640640576045,14.5052,-0.0682524,-0.0359144,-4.98447,0,0,-5,-0.0682524,-0.0359144,0.0155334,0.0786736,0.0332194,0.0189169,-0.0120509,0,0,0
1780640640592045,14.5212,-0.0686619,-0.0358922,-4.98459,0,0,-5,-0.0686619,-0.0358922,0.0154114,0.0789951,0.0337087,0.0187523,-0.010978,0,0,0
1780640640616045,14.5452,-0.0691605,-0.0358166,-4.98477,0,0,-5,-0.0691605,-0.0358166,0.0152283,0.0793593,0.0348615,0.0186228,-0.0105017,0,0,0
1780640640632045,14.5612,-0.0694202,-0.0357459,-4.98486,0,0,-5,-0.0694202,-0.0357459,0.0151367,0.0795365,0.0347425,0.0188756,-0.00971304,0,0,0
1780640640656045,14.5852,-0.0697323,-0.0355951,-4.98502,0,0,-5,-0.0697323,-0.0355951,0.0149841,0.0797128,0.0349898,0.0195286,-0.00992856,0,0,0
1780640640672045,14.6012,-0.069882,-0.0354766,-4.98514,0,0,-5,-0.069882,-0.0354766,0.0148621,0.0797682,0.0352889,0.0192822,-0.0101708,0,0,0
1780640640696045,14.6252,-0.0700397,-0.0352747,-4.98532,0,0,-5,-0.0700397,-0.0352747,0.014679,0.079783,0.0348343,0.018932,-0.00961437,0,0,0
1780640640712045,14.6412,-0.0700935,-0.0351374,-4.98544,0,0,-5,-0.0700935,-0.0351374,0.0145569,0.0797473,0.0344936,0.0177401,-0.00987903,0,0,0
1780640640728045,14.6572,-0.0701177,-0.0349965,-4.98553,0,0,-5,-0.0701177,-0.0349965,0.0144653,0.07969,0.0354555,0.0181411,-0.00934997,0,0,0
1780640640752045,14.6812,-0.0705934,-0.0349099,-4.98547,0,0,-5,-0.0705934,-0.0349099,0.0145264,0.0800821,0.0359765,0.0179336,-0.00872293,0,0,0
1780640640776045,14.7052,-0.0719845,-0.0350584,-4.98489,0,0,-5,-0.0719845,-0.0350584,0.0151062,0.0814804,0.035966,0.0184513,-0.00799436,0,0,0
1780640640792045,14.7212,-0.0728073,-0.035109,-4.98453,0,0,-5,-0.0728073,-0.035109,0.0154724,0.0822978,0.0366197,0.0198326,-0.00802046,0,0,0
1780640640816045,14.7452,-0.0738789,-0.0351188,-4.98404,0,0,-5,-0.0738789,-0.0351188,0.0159607,0.0833436,0.0376734,0.0200188,-0.00772737,0,0,0
1780640640832045,14.7612,-0.0744947,-0.035097,-4.98373,0,0,-5,-0.0744947,-0.035097,0.0162659,0.0839395,0.0381302,0.0207711,-0.00667251,0,0,0
1780640640856045,14.7852,-0.0752698,-0.0350047,-4.98334,0,0,-5,-0.0752698,-0.0350047,0.0166626,0.0846671,0.0399242,0.0221011,-0.00759863,0,0,0
1780640640872045,14.8012,-0.0756947,-0.0349023,-4.98309,0,0,-5,-0.0756947,-0.0349023,0.0169067,0.0850511,0.0398564,0.0223889,-0.00742907,0,0,0
1780640640896045,14.8252,-0.0762255,-0.0347265,-4.98273,0,0,-5,-0.0762255,-0.0347265,0.0172729,0.0855255,0.0400992,0.0221022,-0.00716425,0,0,0
1780640640912045,14.8412,-0.0764999,-0.0345851,-4.98254,0,0,-5,-0.0764999,-0.0345851,0.0174561,0.0857501,0.041329,0.0221336,-0.0079198,0,0,0
1780640640936045,14.8652,-0.0768034,-0.034339,-4.98227,0,0,-5,-0.0768034,-0.034339,0.0177307,0.0859785,0.041364,0.0217259,-0.00826952,0,0,0
1780640640952045,14.8812,-0.0769412,-0.034166,-4.98215,0,0,-5,-0.0769412,-0.034166,0.0178528,0.0860581,0.0420894,0.0220259,-0.00896216,0,0,0
1780640640976045,14.9052,-0.0770245,-0.0338806,-4.98196,0,0,-5,-0.0770245,-0.0338806,0.0180359,0.0860579,0.0443741,0.0226338,-0.00979401,0,0,0
1780640640992045,14.9212,-0.0770019,-0.0336562,-4.98187,0,0,-5,-0.0770019,-0.0336562,0.0181274,0.0859688,0.0449788,0.0234952,-0.0100517,0,0,0
1780640641016045,14.9452,-0.0768734,-0.0332992,-4.98178,0,0,-5,-0.0768734,-0.0332992,0.018219,0.0857338,0.0466012,0.0233602,-0.0103466,0,0,0
1780640641032045,14.9612,-0.0767079,-0.0330335,-4.98172,0,0,-5,-0.0767079,-0.0330335,0.01828,0.0854954,0.0485295,0.0242555,-0.0107386,0,0,0
1780640641056045,14.9852,-0.0763646,-0.0326036,-4.98166,0,0,-5,-0.0763646,-0.0326036,0.0183411,0.0850349,0.0495289,0.0253374,-0.0103759,0,0,0
1780640641072045,15.0012,-0.0760701,-0.0322897,-4.98163,0,0,-5,-0.0760701,-0.0322897,0.0183716,0.0846569,0.0510884,0.0255906,-0.0112667,0,0,0
1780640641088045,15.0172,-0.075721,-0.0319558,-4.98163,0,0,-5,-0.075721,-0.0319558,0.0183716,0.0842161,0.0522399,0.0265125,-0.0118695,0,0,0
1780640641112045,15.0412,-0.0751219,-0.031407,-4.98157,0,0,-5,-0.0751219,-0.031407,0.0184326,0.0834833,0.0530586,0.0278222,-0.0129277,0,0,0
1780640641128147,15.0573,-0.074657,-0.0310171,-4.98154,0,0,-5,-0.074657,-0.0310171,0.0184631,0.0829254,0.0553637,0.0283874,-0.0139523,0,0,0
1780640641152147,15.0813,-0.0745486,-0.0307313,-4.98141,0,0,-5,-0.0745486,-0.0307313,0.0185852,0.0827485,0.0559513,0.0274457,-0.0143634,0,0,0
1780640641168147,15.0973,-0.0753004,-0.0309414,-4.98114,0,0,-5,-0.0753004,-0.0309414,0.0188599,0.0835657,0.0558128,0.0265959,-0.0135031,0,0,0
1780640641192147,15.1213,-0.076269,-0.0311766,-4.98077,0,0,-5,-0.076269,-0.0311766,0.0192261,0.0846084,0.0561099,0.0275284,-0.0135418,0,0,0
1780640641216147,15.1453,-0.077033,-0.0313206,-4.98044,0,0,-5,-0.077033,-0.0313206,0.0195618,0.0854268,0.0568106,0.0289989,-0.0127537,0,0,0
1780640641232147,15.1613,-0.077444,-0.0313576,-4.98022,0,0,-5,-0.077444,-0.0313576,0.0197754,0.08586,0.0572776,0.0299591,-0.0128259,0,0,0
1780640641248147,15.1773,-0.077762,-0.0313531,-4.98001,0,0,-5,-0.077762,-0.0313531,0.019989,0.0861946,0.0582639,0.0304516,-0.0123454,0,0,0
1780640641272147,15.2013,-0.0781189,-0.0312884,-4.97974,0,0,-5,-0.0781189,-0.0312884,0.0202637,0.0865572,0.0581173,0.0310274,-0.0121418,0,0,0
1780640641296147,15.2253,-0.0783184,-0.0311559,-4.97949,0,0,-5,-0.0783184,-0.0311559,0.0205078,0.086747,0.0594313,0.0314297,-0.0132448,0,0,0
1780640641312147,15.2413,-0.0783666,-0.0310314,-4.97937,0,0,-5,-0.0783666,-0.0310314,0.0206299,0.0867748,0.0598667,0.0314754,-0.0127317,0,0,0
1780640641336147,15.2653,-0.0783325,-0.0308196,-4.97919,0,0,-5,-0.0783325,-0.0308196,0.020813,0.0867122,0.0599281,0.030869,-0.013201,0,0,0
1780640641352147,15.2813,-0.0782378,-0.0306639,-4.9791,0,0,-5,-0.0782378,-0.0306639,0.0209045,0.0865935,0.0604933,0.0293829,-0.0135009,0,0,0
1780640641376147,15.3053,-0.0780173,-0.0304245,-4.979,0,0,-5,-0.0780173,-0.0304245,0.0209961,0.0863318,0.0605117,0.029383,-0.0133137,0,0,0
1780640641392147,15.3213,-0.077806,-0.0302271,-4.97891,0,0,-5,-0.077806,-0.0302271,0.0210876,0.0860938,0.0608777,0.0297091,-0.012904,0,0,0
1780640641408147,15.3373,-0.0775388,-0.0300207,-4.97885,0,0,-5,-0.0775388,-0.0300207,0.0211487,0.085795,0.0616342,0.0292308,-0.0135403,0,0,0
1780640641432147,15.3613,-0.0770512,-0.0296845,-4.97879,0,0,-5,-0.0770512,-0.0296845,0.0212097,0.085252,0.0624571,0.0294583,-0.01245,0,0,0
1780640641456147,15.3853,-0.0764607,-0.0293067,-4.9787,0,0,-5,-0.0764607,-0.0293067,0.0213013,0.0846101,0.062816,0.0291458,-0.0132839,0,0,0
1780640641472147,15.4013,-0.0760024,-0.0290501,-4.97867,0,0,-5,-0.0760024,-0.0290501,0.0213318,0.0841149,0.0646509,0.0279732,-0.0142228,0,0,0
1780640641496147,15.4253,-0.0752289,-0.0286692,-4.97864,0,0,-5,-0.0752289,-0.0286692,0.0213623,0.0832926,0.0639356,0.0267553,-0.0148861,0,0,0
1780640641512147,15.4413,-0.0746892,-0.0284038,-4.97867,0,0,-5,-0.0746892,-0.0284038,0.0213318,0.0827061,0.0635318,0.0266397,-0.0151734,0,0,0
1780640641536147,15.4653,-0.0738114,-0.0279797,-4.9787,0,0,-5,-0.0738114,-0.0279797,0.0213013,0.0817602,0.0644535,0.027852,-0.0168258,0,0,0
1780640641552147,15.4813,-0.0738458,-0.0281458,-4.97855,0,0,-5,-0.0738458,-0.0281458,0.0214539,0.0818881,0.0649398,0.0275367,-0.016368,0,0,0
1780640641568147,15.4973,-0.0744713,-0.0287528,-4.9783,0,0,-5,-0.0744713,-0.0287528,0.021698,0.0827254,0.065176,0.0272087,-0.0170614,0,0,0
1780640641592147,15.5213,-0.0752648,-0.0295647,-4.97797,0,0,-5,-0.0752648,-0.0295647,0.0220337,0.0838114,0.064145,0.0261988,-0.0165533,0,0,0
1780640641608147,15.5373,-0.0756904,-0.030057,-4.97781,0,0,-5,-0.0756904,-0.030057,0.0221863,0.0844079,0.0648262,0.0259747,-0.0184626,0,0,0
1780640641632147,15.5613,-0.0761517,-0.0307031,-4.97763,0,0,-5,-0.0761517,-0.0307031,0.0223694,0.0851008,0.0660794,0.0259322,-0.0205979,0,0,0
1780640641656147,15.5853,-0.0764424,-0.0312634,-4.97754,0,0,-5,-0.0764424,-0.0312634,0.0224609,0.0855882,0.0664465,0.0245628,-0.0193701,0,0,0
1780640641672147,15.6013,-0.0765363,-0.0315959,-4.97751,0,0,-5,-0.0765363,-0.0315959,0.0224915,0.0858019,0.0673722,0.0250595,-0.0191963,0,0,0
1780640641696147,15.6253,-0.0765403,-0.0320204,-4.97748,0,0,-5,-0.0765403,-0.0320204,0.022522,0.0859707,0.0681153,0.0248449,-0.0188423,0,0,0
1780640641712147,15.6413,-0.0764593,-0.0322687,-4.97748,0,0,-5,-0.0764593,-0.0322687,0.022522,0.0859915,0.0688386,0.0237208,-0.0186163,0,0,0
1780640641736147,15.6653,-0.076237,-0.0325868,-4.97748,0,0,-5,-0.076237,-0.0325868,0.022522,0.085914,0.068567,0.0239353,-0.0188342,0,0,0
1780640641752147,15.6813,-0.0760199,-0.0327612,-4.97748,0,0,-5,-0.0760199,-0.0327612,0.022522,0.0857879,0.0686713,0.023453,-0.0191632,0,0,0
1780640641776147,15.7053,-0.0755984,-0.0329913,-4.97754,0,0,-5,-0.0755984,-0.0329913,0.0224609,0.085487,0.0688947,0.021901,-0.0201628,0,0,0
1780640641792147,15.7213,-0.0752603,-0.0331207,-4.97763,0,0,-5,-0.0752603,-0.0331207,0.0223694,0.0852143,0.0687838,0.0216064,-0.0207877,0,0,0
1780640641816147,15.7453,-0.074675,-0.033296,-4.97772,0,0,-5,-0.074675,-0.033296,0.0222778,0.0847425,0.0690857,0.020182,-0.0199455,0,0,0
1780640641832147,15.7613,-0.0742259,-0.0333957,-4.97778,0,0,-5,-0.0742259,-0.0333957,0.0222168,0.0843703,0.0690017,0.0196451,-0.0194767,0,0,0
1780640641856147,15.7853,-0.0734799,-0.0335102,-4.97784,0,0,-5,-0.0734799,-0.0335102,0.0221558,0.0837443,0.0697707,0.0199033,-0.0170027,0,0,0
1780640641872147,15.8013,-0.0729107,-0.033546,-4.97787,0,0,-5,-0.0729107,-0.033546,0.0221252,0.0832516,0.0714281,0.020277,-0.0157708,0,0,0
1780640641896147,15.8253,-0.071962,-0.0335237,-4.97791,0,0,-5,-0.071962,-0.0335237,0.0220947,0.0824048,0.0721206,0.0221966,-0.0156475,0,0,0
1780640641912147,15.8413,-0.0712797,-0.0334784,-4.97797,0,0,-5,-0.0712797,-0.0334784,0.0220337,0.0817746,0.0727524,0.0219406,-0.0166074,0,0,0
1780640641936147,15.8653,-0.0701722,-0.0333727,-4.97809,0,0,-5,-0.0701722,-0.0333727,0.0219116,0.0807341,0.0743428,0.0222348,-0.0167884,0,0,0
1780640641952147,15.8813,-0.0701516,-0.03383,-4.97797,0,0,-5,-0.0701516,-0.03383,0.0220337,0.0809395,0.0753152,0.0219833,-0.0165829,0,0,0
1780640641976147,15.9053,-0.0711302,-0.0352408,-4.97757,0,0,-5,-0.0711302,-0.0352408,0.0224304,0.0824896,0.0749705,0.0207822,-0.0175592,0,0,0
1780640641992147,15.9213,-0.0716623,-0.0361059,-4.97739,0,0,-5,-0.0716623,-0.0361059,0.0226135,0.0833696,0.0749322,0.0211341,-0.0179567,0,0,0
1780640642016147,15.9453,-0.0722923,-0.0372884,-4.97711,0,0,-5,-0.0722923,-0.0372884,0.0228882,0.0845013,0.074875,0.0203116,-0.0180172,0,0,0
1780640642032147,15.9613,-0.0726088,-0.0380102,-4.97693,0,0,-5,-0.0726088,-0.0380102,0.0230713,0.0851416,0.0744659,0.0211556,-0.0168777,0,0,0
1780640642056147,15.9853,-0.0729336,-0.0390002,-4.97672,0,0,-5,-0.0729336,-0.0390002,0.0232849,0.0859216,0.0741588,0.0195458,-0.0165464,0,0,0
1780640642072147,16.0013,-0.0730699,-0.0395969,-4.97659,0,0,-5,-0.0730699,-0.0395969,0.023407,0.0863424,0.0738326,0.0203568,-0.0167793,0,0,0
1780640642096147,16.0253,-0.0731528,-0.0403831,-4.97647,0,0,-5,-0.0731528,-0.0403831,0.0235291,0.0868087,0.0737392,0.0205339,-0.0163144,0,0,0
1780640642112147,16.0413,-0.0731212,-0.0408636,-4.97641,0,0,-5,-0.0731212,-0.0408636,0.0235901,0.0870232,0.0736502,0.0198279,-0.0170515,0,0,0
1780640642136147,16.0653,-0.0729615,-0.0415267,-4.97635,0,0,-5,-0.0729615,-0.0415267,0.0236511,0.0872194,0.0746447,0.0188791,-0.016306,0,0,0
1780640642152249,16.0814,-0.0727619,-0.0419279,-4.97632,0,0,-5,-0.0727619,-0.0419279,0.0236816,0.0872529,0.0752186,0.0186398,-0.016263,0,0,0
1780640642176249,16.1054,-0.0723604,-0.0424543,-4.97629,0,0,-5,-0.0723604,-0.0424543,0.0237122,0.0871818,0.0751433,0.019186,-0.0175586,0,0,0
1780640642192249,16.1214,-0.0720237,-0.0427592,-4.97629,0,0,-5,-0.0720237,-0.0427592,0.0237122,0.0870519,0.0756193,0.0188303,-0.0178088,0,0,0
1780640642216249,16.1454,-0.0714268,-0.0431769,-4.97632,0,0,-5,-0.0714268,-0.0431769,0.0236816,0.0867574,0.0752512,0.0183122,-0.0180223,0,0,0
1780640642232249,16.1614,-0.0709769,-0.0434057,-4.97635,0,0,-5,-0.0709769,-0.0434057,0.0236511,0.0864937,0.0745141,0.0185563,-0.0180169,0,0,0
1780640642256249,16.1854,-0.070233,-0.0437216,-4.97641,0,0,-5,-0.070233,-0.0437216,0.0235901,0.0860276,0.0738629,0.0171774,-0.0184591,0,0,0
1780640642272249,16.2014,-0.0696871,-0.0438994,-4.9765,0,0,-5,-0.0696871,-0.0438994,0.0234985,0.0856483,0.0749204,0.0183687,-0.0178596,0,0,0
1780640642296249,16.2254,-0.0687823,-0.0440672,-4.97662,0,0,-5,-0.0687823,-0.0440672,0.0233765,0.084967,0.0747058,0.0204858,-0.0194154,0,0,0
1780640642312249,16.2414,-0.0681291,-0.0441341,-4.97678,0,0,-5,-0.0681291,-0.0441341,0.0232239,0.0844318,0.074523,0.0203879,-0.0195861,0,0,0
1780640642336249,16.2654,-0.0671071,-0.044176,-4.97702,0,0,-5,-0.0671071,-0.044176,0.0229797,0.0835641,0.0740611,0.021348,-0.020975,0,0,0
1780640642352249,16.2814,-0.067437,-0.0444072,-4.97693,0,0,-5,-0.067437,-0.0444072,0.0230713,0.0839764,0.0747116,0.0213465,-0.0207944,0,0,0
1780640642376249,16.3054,-0.0693036,-0.0450216,-4.97647,0,0,-5,-0.0693036,-0.0450216,0.0235291,0.0859276,0.074583,0.0221273,-0.0209985,0,0,0
1780640642392249,16.3214,-0.0704,-0.045355,-4.9762,0,0,-5,-0.0704,-0.045355,0.0238037,0.0870624,0.0742249,0.0241392,-0.0211026,0,0,0
1780640642416249,16.3454,-0.0718245,-0.0457479,-4.97586,0,0,-5,-0.0718245,-0.0457479,0.0241394,0.0885118,0.0743033,0.0251058,-0.0227087,0,0,0
1780640642432249,16.3614,-0.0726369,-0.045952,-4.97568,0,0,-5,-0.0726369,-0.045952,0.0243225,0.0893269,0.0742115,0.0259264,-0.0235123,0,0,0
1780640642456249,16.3854,-0.0736647,-0.0461862,-4.97543,0,0,-5,-0.0736647,-0.0461862,0.0245667,0.0903503,0.0740303,0.0246359,-0.023247,0,0,0
1780640642472249,16.4014,-0.0742397,-0.0463227,-4.97531,0,0,-5,-0.0742397,-0.0463227,0.0246887,0.0909223,0.0726436,0.0243036,-0.0218733,0,0,0
1780640642496249,16.4254,-0.0749704,-0.0464487,-4.97513,0,0,-5,-0.0749704,-0.0464487,0.0248718,0.0916332,0.0716747,0.0259243,-0.0210853,0,0,0
1780640642512249,16.4414,-0.075372,-0.0464863,-4.97504,0,0,-5,-0.075372,-0.0464863,0.0249634,0.0920059,0.0700788,0.026104,-0.0205958,0,0,0
1780640642536249,16.4654,-0.0758481,-0.0464933,-4.97491,0,0,-5,-0.0758481,-0.0464933,0.0250854,0.0924329,0.069986,0.0260523,-0.0193991,0,0,0
1780640642552249,16.4814,-0.0760788,-0.0464562,-4.97482,0,0,-5,-0.0760788,-0.0464562,0.025177,0.0926285,0.0688214,0.027026,-0.0188387,0,0,0
1780640642568249,16.4974,-0.0762516,-0.0463784,-4.97479,0,0,-5,-0.0762516,-0.0463784,0.0252075,0.0927398,0.068794,0.0278373,-0.0195641,0,0,0
1780640642592249,16.5214,-0.0763981,-0.0462089,-4.97473,0,0,-5,-0.0763981,-0.0462089,0.0252686,0.0927924,0.0676187,0.0277484,-0.0188048,0,0,0
1780640642616249,16.5454,-0.0764246,-0.0459914,-4.9747,0,0,-5,-0.0764246,-0.0459914,0.0252991,0.0927144,0.067445,0.028388,-0.0189712,0,0,0
1780640642632249,16.5614,-0.0763741,-0.0458087,-4.9747,0,0,-5,-0.0763741,-0.0458087,0.0252991,0.0925823,0.0662212,0.0287771,-0.0204047,0,0,0
1780640642656249,16.5854,-0.0762036,-0.045493,-4.97479,0,0,-5,-0.0762036,-0.045493,0.0252075,0.0922606,0.0669167,0.0296196,-0.0217906,0,0,0
1780640642672249,16.6014,-0.0760135,-0.0452423,-4.97491,0,0,-5,-0.0760135,-0.0452423,0.0250854,0.0919467,0.0669612,0.0309884,-0.0221056,0,0,0
1780640642696249,16.6254,-0.0756296,-0.0447969,-4.97513,0,0,-5,-0.0756296,-0.0447969,0.0248718,0.0913521,0.067212,0.0319151,-0.0224493,0,0,0
1780640642712249,16.6414,-0.0753089,-0.0444756,-4.97528,0,0,-5,-0.0753089,-0.0444756,0.0247192,0.0908875,0.0676917,0.0318237,-0.0221932,0,0,0
1780640642728249,16.6574,-0.0749393,-0.0441462,-4.97546,0,0,-5,-0.0749393,-0.0441462,0.0245361,0.0903704,0.0678084,0.0317207,-0.0217283,0,0,0
1780640642752249,16.6814,-0.0755564,-0.0441804,-4.97556,0,0,-5,-0.0755564,-0.0441804,0.0244446,0.0908747,0.0671832,0.0315617,-0.0226213,0,0,0
1780640642776249,16.7054,-0.0784174,-0.0452156,-4.97537,0,0,-5,-0.0784174,-0.0452156,0.0246277,0.0938097,0.0671481,0.032262,-0.0219847,0,0,0
1780640642792249,16.7214,-0.0801474,-0.0458101,-4.97528,0,0,-5,-0.0801474,-0.0458101,0.0247192,0.0955678,0.0651166,0.0326134,-0.0217104,0,0,0
1780640642816249,16.7454,-0.0824973,-0.0466002,-4.97513,0,0,-5,-0.0824973,-0.0466002,0.0248718,0.0979591,0.0644403,0.0326062,-0.0205611,0,0,0
1780640642832249,16.7614,-0.0839138,-0.0470544,-4.97507,0,0,-5,-0.0839138,-0.0470544,0.0249329,0.0993846,0.0641229,0.0320433,-0.0194584,0,0,0
1780640642848249,16.7774,-0.0852009,-0.0474701,-4.97498,0,0,-5,-0.0852009,-0.0474701,0.0250244,0.100692,0.0645425,0.0317348,-0.0193948,0,0,0
1780640642872249,16.8014,-0.0869057,-0.0479957,-4.97491,0,0,-5,-0.0869057,-0.0479957,0.0250854,0.102399,0.063954,0.0314622,-0.0200771,0,0,0
1780640642896249,16.8254,-0.0883762,-0.0484243,-4.97491,0,0,-5,-0.0883762,-0.0484243,0.0250854,0.103849,0.0643709,0.0323064,-0.0208222,0,0,0
1780640642912249,16.8414,-0.0892239,-0.0486379,-4.97495,0,0,-5,-0.0892239,-0.0486379,0.0250549,0.104663,0.0648447,0.0337546,-0.0217221,0,0,0
1780640642936249,16.8654,-0.090323,-0.0488662,-4.97507,0,0,-5,-0.090323,-0.0488662,0.0249329,0.105678,0.0631864,0.033778,-0.0223352,0,0,0
1780640642952249,16.8814,-0.0909636,-0.048974,-4.97516,0,0,-5,-0.0909636,-0.048974,0.0248413,0.106254,0.0629081,0.0337875,-0.0231042,0,0,0
1780640642976249,16.9054,-0.0917468,-0.0490522,-4.97534,0,0,-5,-0.0917468,-0.0490522,0.0246582,0.106919,0.064226,0.0351442,-0.0235532,0,0,0
1780640642992249,16.9214,-0.092146,-0.0490486,-4.97549,0,0,-5,-0.092146,-0.0490486,0.0245056,0.107225,0.0643107,0.0357313,-0.0243139,0,0,0
1780640643016249,16.9454,-0.092606,-0.048976,-4.97574,0,0,-5,-0.092606,-0.048976,0.0242615,0.107532,0.063853,0.0362875,-0.0241333,0,0,0
1780640643032249,16.9614,-0.0928372,-0.0488726,-4.97592,0,0,-5,-0.0928372,-0.0488726,0.0240784,0.107643,0.0635163,0.0377462,-0.0245833,0,0,0
1780640643056249,16.9854,-0.0930518,-0.0486457,-4.9762,0,0,-5,-0.0930518,-0.0486457,0.0238037,0.107665,0.0636092,0.0374045,-0.0233001,0,0,0
1780640643072249,17.0014,-0.0931095,-0.048461,-4.97638,0,0,-5,-0.0931095,-0.048461,0.0236206,0.107591,0.0639025,0.0378419,-0.0228972,0,0,0
1780640643096249,17.0254,-0.093088,-0.0481333,-4.97659,0,0,-5,-0.093088,-0.0481333,0.023407,0.107378,0.0633215,0.0376487,-0.0221528,0,0,0
1780640643112249,17.0414,-0.0930071,-0.0478797,-4.97675,0,0,-5,-0.0930071,-0.0478797,0.0232544,0.107161,0.0627461,0.0391926,-0.0225907,0,0,0
1780640643136249,17.0654,-0.0927856,-0.0474165,-4.97696,0,0,-5,-0.0927856,-0.0474165,0.0230408,0.106716,0.0629907,0.0400442,-0.0225121,0,0,0
1780640643152351,17.0815,-0.0937649,-0.0476673,-4.97708,0,0,-5,-0.0937649,-0.0476673,0.0229187,0.107654,0.0634637,0.0396743,-0.023222,0,0,0
1780640643176351,17.1055,-0.0967773,-0.0488228,-4.97717,0,0,-5,-0.0967773,-0.0488228,0.0228271,0.110773,0.0619547,0.0390105,-0.021749,0,0,0
1780640643192351,17.1215,-0.0986109,-0.0494932,-4.9772,0,0,-5,-0.0986109,-0.0494932,0.0227966,0.112665,0.0610368,0.0397807,-0.0208218,0,0,0
1780640643216351,17.1455,-0.101125,-0.0503508,-4.97729,0,0,-5,-0.101125,-0.0503508,0.0227051,0.115226,0.0594606,0.0408664,-0.019686,0,0,0
1780640643232351,17.1615,-0.102633,-0.050829,-4.97736,0,0,-5,-0.102633,-0.050829,0.022644,0.116747,0.0598657,0.0416245,-0.0204629,0,0,0
1780640643256351,17.1855,-0.104647,-0.0514272,-4.97745,0,0,-5,-0.104647,-0.0514272,0.0225525,0.118762,0.0597875,0.0410536,-0.0204957,0,0,0
1780640643272351,17.2015,-0.10585,-0.0517535,-4.97754,0,0,-5,-0.10585,-0.0517535,0.0224609,0.119947,0.0592495,0.0428042,-0.0211383,0,0,0
1780640643296351,17.2255,-0.10746,-0.052117,-4.97775,0,0,-5,-0.10746,-0.052117,0.0222473,0.121486,0.0591097,0.0426645,-0.0218781,0,0,0
1780640643312351,17.2415,-0.108387,-0.0522986,-4.97787,0,0,-5,-0.108387,-0.0522986,0.0221252,0.122362,0.0608441,0.0433281,-0.0236158,0,0,0
1780640643336351,17.2655,-0.109577,-0.0524623,-4.97815,0,0,-5,-0.109577,-0.0524623,0.0218506,0.123438,0.0612878,0.0431934,-0.0253509,0,0,0
1780640643352351,17.2815,-0.110246,-0.0525211,-4.97836,0,0,-5,-0.110246,-0.0525211,0.021637,0.124019,0.0617766,0.0439693,-0.0248821,0,0,0
1780640643376351,17.3055,-0.111059,-0.0525018,-4.9787,0,0,-5,-0.111059,-0.0525018,0.0213013,0.124676,0.0625961,0.0449913,-0.0259963,0,0,0
1780640643392351,17.3215,-0.111491,-0.0524387,-4.97894,0,0,-5,-0.111491,-0.0524387,0.0210571,0.124993,0.0628725,0.0454901,-0.0251487,0,0,0
1780640643416351,17.3455,-0.111994,-0.0522166,-4.97928,0,0,-5,-0.111994,-0.0522166,0.0207214,0.125294,0.06204,0.0480964,-0.0241944,0,0,0
1780640643432351,17.3615,-0.112239,-0.052023,-4.97952,0,0,-5,-0.112239,-0.052023,0.0204773,0.125392,0.0635651,0.0473067,-0.023759,0,0,0
1780640643456351,17.3855,-0.11244,-0.0516786,-4.97983,0,0,-5,-0.11244,-0.0516786,0.0201721,0.125381,0.0648949,0.0481571,-0.0219252,0,0,0
1780640643472351,17.4015,-0.112476,-0.0514004,-4.98001,0,0,-5,-0.112476,-0.0514004,0.019989,0.125269,0.0650744,0.048728,-0.0217897,0,0,0
1780640643496351,17.4255,-0.112394,-0.0508964,-4.98032,0,0,-5,-0.112394,-0.0508964,0.0196838,0.124941,0.0670526,0.0510306,-0.0204064,0,0,0
1780640643512351,17.4415,-0.112242,-0.0505077,-4.9805,0,0,-5,-0.112242,-0.0505077,0.0195007,0.124618,0.0677729,0.0512389,-0.0198749,0,0,0
1780640643536351,17.4655,-0.111871,-0.0498401,-4.9808,0,0,-5,-0.111871,-0.0498401,0.0191956,0.123967,0.0703716,0.0530219,-0.0202019,0,0,0
1780640643552351,17.4815,-0.112515,-0.049778,-4.98083,0,0,-5,-0.112515,-0.049778,0.019165,0.124519,0.0710454,0.0535145,-0.019312,0,0,0
1780640643576351,17.5055,-0.114717,-0.0502311,-4.98062,0,0,-5,-0.114717,-0.0502311,0.0193787,0.126723,0.071319,0.0518627,-0.0191924,0,0,0
1780640643592351,17.5215,-0.116011,-0.0504871,-4.98053,0,0,-5,-0.116011,-0.0504871,0.0194702,0.12801,0.0708552,0.0506858,-0.0197672,0,0,0
1780640643616351,17.5455,-0.117714,-0.0507863,-4.9805,0,0,-5,-0.117714,-0.0507863,0.0195007,0.129677,0.0707876,0.0495084,-0.0198914,0,0,0
1780640643632351,17.5615,-0.118697,-0.0509247,-4.9805,0,0,-5,-0.118697,-0.0509247,0.0195007,0.130624,0.0711341,0.0501258,-0.0194582,0,0,0
1780640643656351,17.5855,-0.119932,-0.0510427,-4.9805,0,0,-5,-0.119932,-0.0510427,0.0195007,0.131793,0.0726708,0.0493885,-0.0179354,0,0,0
1780640643672351,17.6015,-0.120599,-0.0510606,-4.9805,0,0,-5,-0.120599,-0.0510606,0.0195007,0.132407,0.0740573,0.0503932,-0.0180585,0,0,0
1780640643696351,17.6255,-0.121408,-0.0510111,-4.9805,0,0,-5,-0.121408,-0.0510111,0.0195007,0.133125,0.0751133,0.0487499,-0.0175125,0,0,0
1780640643712351,17.6415,-0.1218,-0.0509356,-4.98053,0,0,-5,-0.1218,-0.0509356,0.0194702,0.133449,0.0772344,0.0493425,-0.017468,0,0,0
1780640643736351,17.6655,-0.122195,-0.0507192,-4.98059,0,0,-5,-0.122195,-0.0507192,0.0194092,0.133719,0.0783991,0.050732,-0.0163304,0,0,0
1780640643752351,17.6815,-0.122329,-0.050515,-4.98059,0,0,-5,-0.122329,-0.050515,0.0194092,0.133764,0.0802206,0.0508737,-0.0158217,0,0,0
1780640643776351,17.7055,-0.122342,-0.0501433,-4.98062,0,0,-5,-0.122342,-0.0501433,0.0193787,0.133631,0.0819079,0.0516107,-0.0160517,0,0,0
1780640643792351,17.7215,-0.122233,-0.0498361,-4.98065,0,0,-5,-0.122233,-0.0498361,0.0193481,0.133413,0.0830859,0.0526076,-0.0167543,0,0,0
1780640643816351,17.7455,-0.121879,-0.0493023,-4.98077,0,0,-5,-0.121879,-0.0493023,0.0192261,0.132872,0.0871425,0.053216,-0.0185328,0,0,0
1780640643832351,17.7615,-0.12152,-0.048909,-4.98087,0,0,-5,-0.12152,-0.048909,0.0191345,0.132384,0.0885816,0.0530052,-0.019871,0,0,0
1780640643856351,17.7855,-0.120829,-0.0482628,-4.98108,0,0,-5,-0.120829,-0.0482628,0.0189209,0.13148,0.0897832,0.0537862,-0.0202451,0,0,0
1780640643872351,17.8015,-0.120281,-0.0477866,-4.98123,0,0,-5,-0.120281,-0.0477866,0.0187683,0.130779,0.0907946,0.0541347,-0.0202725,0,0,0
1780640643896351,17.8255,-0.119304,-0.047021,-4.98154,0,0,-5,-0.119304,-0.047021,0.0184631,0.129558,0.0943179,0.0540768,-0.0201534,0,0,0
1780640643912351,17.8415,-0.118548,-0.0464747,-4.98175,0,0,-5,-0.118548,-0.0464747,0.0182495,0.128633,0.0956063,0.0547764,-0.0194993,0,0,0
1780640643936351,17.8655,-0.117309,-0.0455996,-4.98203,0,0,-5,-0.117309,-0.0455996,0.0179749,0.127137,0.0963229,0.0555541,-0.0180116,0,0,0
1780640643952351,17.8815,-0.117254,-0.0455795,-4.98212,0,0,-5,-0.117254,-0.0455795,0.0178833,0.127066,0.0979592,0.0550247,-0.0165286,0,0,0
1780640643976351,17.9055,-0.11826,-0.0463415,-4.98215,0,0,-5,-0.11826,-0.0463415,0.0178528,0.128264,0.0975654,0.0541964,-0.0172757,0,0,0
1780640643992351,17.9215,-0.118765,-0.0467751,-4.98218,0,0,-5,-0.118765,-0.0467751,0.0178223,0.128882,0.0982663,0.051835,-0.0164389,0,0,0
1780640644016351,17.9455,-0.11929,-0.047346,-4.98224,0,0,-5,-0.11929,-0.047346,0.0177612,0.129566,0.0994904,0.0508436,-0.0161228,0,0,0
1780640644032351,17.9615,-0.119491,-0.0476534,-4.98227,0,0,-5,-0.119491,-0.0476534,0.0177307,0.129858,0.100786,0.0505522,-0.0159773,0,0,0
1780640644056351,17.9855,-0.119572,-0.0480233,-4.98239,0,0,-5,-0.119572,-0.0480233,0.0176086,0.130053,0.102342,0.0492213,-0.0151368,0,0,0
1780640644072351,18.0015,-0.119496,-0.048207,-4.98245,0,0,-5,-0.119496,-0.048207,0.0175476,0.130043,0.102757,0.0497771,-0.015828,0,0,0
1780640644096351,18.0255,-0.119202,-0.0483699,-4.9826,0,0,-5,-0.119202,-0.0483699,0.017395,0.129813,0.103574,0.0504311,-0.0159765,0,0,0
1780640644112351,18.0415,-0.118892,-0.0484098,-4.98276,0,0,-5,-0.118892,-0.0484098,0.0172424,0.129523,0.10373,0.0508129,-0.017145,0,0,0
1780640644136351,18.0655,-0.118293,-0.0483754,-4.98306,0,0,-5,-0.118293,-0.0483754,0.0169373,0.128919,0.104174,0.0514553,-0.0183431,0,0,0
1780640644152456,18.0816,-0.117779,-0.0482844,-4.98328,0,0,-5,-0.117779,-0.0482844,0.0167236,0.128386,0.105944,0.0521568,-0.0183858,0,0,0
1780640644176456,18.1056,-0.116862,-0.0480433,-4.98355,0,0,-5,-0.116862,-0.0480433,0.016449,0.127419,0.106562,0.0534979,-0.0164406,0,0,0
1780640644192456,18.1216,-0.116158,-0.047822,-4.98373,0,0,-5,-0.116158,-0.047822,0.0162659,0.126665,0.107572,0.0534166,-0.0160123,0,0,0
1780640644216456,18.1456,-0.114959,-0.0474172,-4.98401,0,0,-5,-0.114959,-0.0474172,0.0159912,0.125378,0.10881,0.0546114,-0.0152429,0,0,0
1780640644232456,18.1616,-0.114074,-0.0471,-4.98419,0,0,-5,-0.114074,-0.0471,0.0158081,0.124423,0.109659,0.0536409,-0.0163931,0,0,0
1780640644256456,18.1856,-0.112624,-0.0465757,-4.9845,0,0,-5,-0.112624,-0.0465757,0.0155029,0.122857,0.111617,0.0542556,-0.0157943,0,0,0
1780640644272456,18.2016,-0.111565,-0.046183,-4.98468,0,0,-5,-0.111565,-0.046183,0.0153198,0.121714,0.11263,0.0540924,-0.0151139,0,0,0
1780640644296456,18.2256,-0.109862,-0.0455227,-4.98495,0,0,-5,-0.109862,-0.0455227,0.0150452,0.119868,0.113526,0.0545133,-0.0151011,0,0,0
1780640644312456,18.2416,-0.108658,-0.0450683,-4.98514,0,0,-5,-0.108658,-0.0450683,0.0148621,0.118569,0.115382,0.0527505,-0.014488,0,0,0
1780640644336456,18.2656,-0.106744,-0.0443596,-4.98541,0,0,-5,-0.106744,-0.0443596,0.0145874,0.116511,0.115758,0.0533969,-0.0147571,0,0,0
1780640644352456,18.2816,-0.106222,-0.0446305,-4.9855,0,0,-5,-0.106222,-0.0446305,0.0144958,0.116125,0.116291,0.0520715,-0.0157101,0,0,0
1780640644376456,18.3056,-0.106443,-0.0461106,-4.98547,0,0,-5,-0.106443,-0.0461106,0.0145264,0.116907,0.116709,0.048485,-0.0162379,0,0,0
1780640644392456,18.3216,-0.106439,-0.0470096,-4.98544,0,0,-5,-0.106439,-0.0470096,0.0145569,0.117265,0.11826,0.0487264,-0.0175371,0,0,0
1780640644416456,18.3456,-0.106222,-0.0482098,-4.98547,0,0,-5,-0.106222,-0.0482098,0.0145264,0.117552,0.117908,0.0466055,-0.0181588,0,0,0
1780640644432456,18.3616,-0.105959,-0.0489438,-4.9855,0,0,-5,-0.105959,-0.0489438,0.0144958,0.117613,0.118103,0.0452464,-0.0182814,0,0,0
1780640644456456,18.3856,-0.10538,-0.0499194,-4.9856,0,0,-5,-0.10538,-0.0499194,0.0144043,0.117492,0.118973,0.0447076,-0.0174819,0,0,0
1780640644472456,18.4016,-0.104901,-0.0504908,-4.98566,0,0,-5,-0.104901,-0.0504908,0.0143433,0.1173,0.117554,0.0437531,-0.0166567,0,0,0
1780640644496456,18.4256,-0.104036,-0.0512614,-4.98572,0,0,-5,-0.104036,-0.0512614,0.0142822,0.116856,0.118896,0.0421219,-0.0158665,0,0,0
1780640644512456,18.4416,-0.103349,-0.0517001,-4.98578,0,0,-5,-0.103349,-0.0517001,0.0142212,0.116431,0.119592,0.0427048,-0.0159484,0,0,0
1780640644536456,18.4656,-0.102187,-0.0522564,-4.98587,0,0,-5,-0.102187,-0.0522564,0.0141296,0.11564,0.119531,0.0429353,-0.0149086,0,0,0
1780640644552456,18.4816,-0.101338,-0.0525586,-4.98596,0,0,-5,-0.101338,-0.0525586,0.0140381,0.115017,0.118072,0.0417939,-0.0156065,0,0,0
1780640644576456,18.5056,-0.0999582,-0.0529326,-4.98608,0,0,-5,-0.0999582,-0.0529326,0.013916,0.113961,0.118602,0.0410942,-0.0154901,0,0,0
1780640644592456,18.5216,-0.0989787,-0.0531258,-4.98618,0,0,-5,-0.0989787,-0.0531258,0.0138245,0.113182,0.117109,0.0417394,-0.0147434,0,0,0
1780640644608456,18.5376,-0.0979402,-0.0532567,-4.9863,0,0,-5,-0.0979402,-0.0532567,0.0137024,0.112322,0.11903,0.0427074,-0.0141652,0,0,0
1780640644632456,18.5616,-0.0962511,-0.053361,-4.98651,0,0,-5,-0.0962511,-0.053361,0.0134888,0.110877,0.119057,0.0421207,-0.016534,0,0,0
1780640644648456,18.5776,-0.0950806,-0.0533975,-4.98666,0,0,-5,-0.0950806,-0.0533975,0.0133362,0.109861,0.117404,0.0407227,-0.015926,0,0,0
1780640644672456,18.6016,-0.0932549,-0.0533914,-4.98688,0,0,-5,-0.0932549,-0.0533914,0.0131226,0.108256,0.116606,0.040454,-0.015386,0,0,0
1780640644696456,18.6256,-0.0913654,-0.0533455,-4.98712,0,0,-5,-0.0913654,-0.0533455,0.0128784,0.10658,0.116313,0.0388224,-0.0156889,0,0,0
1780640644712456,18.6416,-0.0900496,-0.0532656,-4.98727,0,0,-5,-0.0900496,-0.0532656,0.0127258,0.105395,0.116674,0.0394863,-0.0147601,0,0,0
1780640644736456,18.6656,-0.0880036,-0.0530873,-4.98749,0,0,-5,-0.0880036,-0.0530873,0.0125122,0.103535,0.116768,0.0392683,-0.01467,0,0,0
1780640644752456,18.6816,-0.0865822,-0.0529324,-4.98761,0,0,-5,-0.0865822,-0.0529324,0.0123901,0.102234,0.117951,0.039431,-0.0148159,0,0,0
1780640644776456,18.7056,-0.0877851,-0.0544318,-4.98758,0,0,-5,-0.0877851,-0.0544318,0.0124207,0.104035,0.117258,0.0380194,-0.0146687,0,0,0
1780640644792456,18.7216,-0.0884319,-0.0553378,-4.98755,0,0,-5,-0.0884319,-0.0553378,0.0124512,0.10506,0.115045,0.0387728,-0.0127332,0,0,0
1780640644816456,18.7456,-0.0892094,-0.0565472,-4.98749,0,0,-5,-0.0892094,-0.0565472,0.0125122,0.10636,0.11235,0.0382386,-0.0105252,0,0,0
1780640644832456,18.7616,-0.0895981,-0.0572638,-4.9874,0,0,-5,-0.0895981,-0.0572638,0.0126038,0.107079,0.112016,0.037662,-0.00949844,0,0,0
1780640644856456,18.7856,-0.0899609,-0.0582282,-4.98727,0,0,-5,-0.0899609,-0.0582282,0.0127258,0.107914,0.111887,0.0366018,-0.00758515,0,0,0
1780640644872456,18.8016,-0.0900629,-0.0588075,-4.98718,0,0,-5,-0.0900629,-0.0588075,0.0128174,0.108323,0.112663,0.0356275,-0.00736535,0,0,0
1780640644888456,18.8176,-0.0900659,-0.0593348,-4.98709,0,0,-5,-0.0900659,-0.0593348,0.0129089,0.108624,0.112161,0.0346172,-0.00777778,0,0,0
1780640644912456,18.8416,-0.0899065,-0.06004,-4.987,0,0,-5,-0.0899065,-0.06004,0.0130005,0.10889,0.111581,0.0340116,-0.00909371,0,0,0
1780640644936456,18.8656,-0.0895721,-0.0606149,-4.98697,0,0,-5,-0.0895721,-0.0606149,0.013031,0.108936,0.110167,0.0341261,-0.010777,0,0,0
1780640644952456,18.8816,-0.089268,-0.0609459,-4.98697,0,0,-5,-0.089268,-0.0609459,0.013031,0.108871,0.108923,0.0340047,-0.0105865,0,0,0
1780640644976456,18.9056,-0.0887099,-0.0613651,-4.987,0,0,-5,-0.0887099,-0.0613651,0.0130005,0.108647,0.106284,0.0336024,-0.0112543,0,0,0
1780640644992456,18.9216,-0.0882764,-0.0615891,-4.98706,0,0,-5,-0.0882764,-0.0615891,0.0129395,0.108413,0.104785,0.0331279,-0.0121429,0,0,0
1780640645016456,18.9456,-0.0875143,-0.0618318,-4.98718,0,0,-5,-0.0875143,-0.0618318,0.0128174,0.107918,0.1041,0.0343979,-0.0118864,0,0,0
1780640645032456,18.9616,-0.0869356,-0.0619262,-4.98724,0,0,-5,-0.0869356,-0.0619262,0.0127563,0.107496,0.103815,0.0353885,-0.0115355,0,0,0
1780640645056456,18.9856,-0.0859858,-0.0619636,-4.98734,0,0,-5,-0.0859858,-0.0619636,0.0126648,0.10674,0.101987,0.036815,-0.0110625,0,0,0
1780640645072456,19.0016,-0.0852742,-0.0619293,-4.9874,0,0,-5,-0.0852742,-0.0619293,0.0126038,0.10614,0.102926,0.0370473,-0.0117288,0,0,0
1780640645096456,19.0256,-0.0841031,-0.0618265,-4.98755,0,0,-5,-0.0841031,-0.0618265,0.0124512,0.105123,0.102105,0.0375333,-0.0117826,0,0,0
1780640645112456,19.0416,-0.0832711,-0.0616987,-4.98761,0,0,-5,-0.0832711,-0.0616987,0.0123901,0.104376,0.10184,0.0384604,-0.0124577,0,0,0
1780640645136456,19.0656,-0.0819439,-0.0614376,-4.98776,0,0,-5,-0.0819439,-0.0614376,0.0122375,0.103146,0.100502,0.0396221,-0.0114052,0,0,0
1780640645152456,19.0816,-0.0820082,-0.06186,-4.98779,0,0,-5,-0.0820082,-0.06186,0.012207,0.103446,0.0991343,0.0395136,-0.0110387,0,0,0
1780640645176561,19.1057,-0.0833888,-0.0633246,-4.98779,0,0,-5,-0.0833888,-0.0633246,0.012207,0.105417,0.0972251,0.0404428,-0.0106662,0,0,0
1780640645192561,19.1217,-0.0841642,-0.064178,-4.98779,0,0,-5,-0.0841642,-0.064178,0.012207,0.106543,0.0965045,0.0409551,-0.011357,0,0,0
1780640645216561,19.1457,-0.0851005,-0.0652784,-4.98782,0,0,-5,-0.0851005,-0.0652784,0.0121765,0.107943,0.095602,0.0422624,-0.0112849,0,0,0
1780640645232561,19.1617,-0.0855872,-0.0658966,-4.98785,0,0,-5,-0.0855872,-0.0658966,0.012146,0.108697,0.0958488,0.0438404,-0.0108179,0,0,0
1780640645256561,19.1857,-0.086104,-0.0666688,-4.98792,0,0,-5,-0.086104,-0.0666688,0.012085,0.109566,0.0961959,0.0449709,-0.0123128,0,0,0
1780640645272561,19.2017,-0.0863176,-0.0670829,-4.98798,0,0,-5,-0.0863176,-0.0670829,0.0120239,0.109979,0.0957227,0.0455183,-0.0124277,0,0,0
1780640645288561,19.2177,-0.0864535,-0.0674313,-4.98804,0,0,-5,-0.0864535,-0.0674313,0.0119629,0.110292,0.0941948,0.0456631,-0.0114741,0,0,0
1780640645312561,19.2417,-0.0865413,-0.0678349,-4.98816,0,0,-5,-0.0865413,-0.0678349,0.0118408,0.110595,0.0921464,0.0466977,-0.0105284,0,0,0
1780640645336561,19.2657,-0.0864667,-0.0680956,-4.98822,0,0,-5,-0.0864667,-0.0680956,0.0117798,0.11069,0.0926889,0.0472872,-0.011237,0,0,0
1780640645352561,19.2817,-0.0863026,-0.0681929,-4.98831,0,0,-5,-0.0863026,-0.0681929,0.0116882,0.110612,0.0927825,0.0484174,-0.01117,0,0,0
1780640645376561,19.3057,-0.0859721,-0.0682442,-4.9884,0,0,-5,-0.0859721,-0.0682442,0.0115967,0.110376,0.0886452,0.0476837,-0.0096769,0,0,0
1780640645392561,19.3217,-0.0857089,-0.0682235,-4.98846,0,0,-5,-0.0857089,-0.0682235,0.0115356,0.110152,0.0876944,0.0487362,-0.00900119,0,0,0
1780640645416561,19.3457,-0.0852126,-0.0680713,-4.98856,0,0,-5,-0.0852126,-0.0680713,0.0114441,0.109662,0.0865635,0.0509015,-0.00748176,0,0,0
1780640645432561,19.3617,-0.0848173,-0.0679047,-4.98859,0,0,-5,-0.0848173,-0.0679047,0.0114136,0.109249,0.0849775,0.0501876,-0.00678969,0,0,0
1780640645456561,19.3857,-0.0841463,-0.0675653,-4.98865,0,0,-5,-0.0841463,-0.0675653,0.0113525,0.108511,0.0845853,0.0520466,-0.00632444,0,0,0
1780640645472561,19.4017,-0.0836364,-0.0672858,-4.98868,0,0,-5,-0.0836364,-0.0672858,0.011322,0.107938,0.084154,0.0521246,-0.00639443,0,0,0
1780640645496561,19.4257,-0.0827736,-0.06679,-4.98877,0,0,-5,-0.0827736,-0.06679,0.0112305,0.106951,0.0841033,0.0531643,-0.00779332,0,0,0
1780640645512561,19.4417,-0.0821483,-0.0663992,-4.98886,0,0,-5,-0.0821483,-0.0663992,0.0111389,0.106213,0.0821516,0.0546622,-0.00758038,0,0,0
1780640645536561,19.4657,-0.0812085,-0.065749,-4.98895,0,0,-5,-0.0812085,-0.065749,0.0110474,0.10507,0.0803987,0.0544873,-0.00668571,0,0,0
1780640645552561,19.4817,-0.0815377,-0.0658504,-4.98892,0,0,-5,-0.0815377,-0.0658504,0.0110779,0.105392,0.0788983,0.0550623,-0.00825571,0,0,0
1780640645576561,19.5057,-0.0833509,-0.0667039,-4.98865,0,0,-5,-0.0833509,-0.0667039,0.0113525,0.107358,0.0771198,0.0556052,-0.00863444,0,0,0
1780640645592561,19.5217,-0.0844095,-0.0671781,-4.98849,0,0,-5,-0.0844095,-0.0671781,0.0115051,0.108491,0.0763883,0.0544454,-0.00894318,0,0,0
1780640645616561,19.5457,-0.085808,-0.0677777,-4.98831,0,0,-5,-0.085808,-0.0677777,0.0116882,0.10997,0.0745588,0.0543375,-0.00918806,0,0,0
1780640645632561,19.5617,-0.0866085,-0.0680918,-4.98822,0,0,-5,-0.0866085,-0.0680918,0.0117798,0.110798,0.0741308,0.0540974,-0.00925472,0,0,0
1780640645656561,19.5857,-0.0876549,-0.0684412,-4.98813,0,0,-5,-0.0876549,-0.0684412,0.0118713,0.111841,0.0708213,0.054647,-0.0109638,0,0,0
1780640645672561,19.6017,-0.0882621,-0.068587,-4.9881,0,0,-5,-0.0882621,-0.068587,0.0119019,0.11241,0.0695897,0.0551746,-0.0111489,0,0,0
1780640645696561,19.6257,-0.0890205,-0.0686796,-4.9881,0,0,-5,-0.0890205,-0.0686796,0.0119019,0.113063,0.0693405,0.0554657,-0.0106673,0,0,0
1780640645712561,19.6417,-0.0894171,-0.0686837,-4.98813,0,0,-5,-0.0894171,-0.0686837,0.0118713,0.113375,0.0687958,0.0555151,-0.0107167,0,0,0
1780640645736561,19.6657,-0.0898791,-0.0685887,-4.98816,0,0,-5,-0.0898791,-0.0685887,0.0118408,0.113679,0.0682058,0.0552569,-0.0103951,0,0,0
1780640645752561,19.6817,-0.090099,-0.0684721,-4.98816,0,0,-5,-0.090099,-0.0684721,0.0118408,0.113783,0.0677187,0.0552506,-0.00922875,0,0,0
1780640645768561,19.6977,-0.0902376,-0.0683151,-4.98816,0,0,-5,-0.0902376,-0.0683151,0.0118408,0.113798,0.0677699,0.0547148,-0.00810497,0,0,0
1780640645792561,19.7217,-0.0903268,-0.0679919,-4.98816,0,0,-5,-0.0903268,-0.0679919,0.0118408,0.113675,0.0674701,0.0557934,-0.00834683,0,0,0
1780640645808561,19.7377,-0.0903016,-0.0677214,-4.98819,0,0,-5,-0.0903016,-0.0677214,0.0118103,0.11349,0.0677851,0.0552434,-0.00831521,0,0,0
1780640645832561,19.7617,-0.0901478,-0.0672465,-4.98822,0,0,-5,-0.0901478,-0.0672465,0.0117798,0.113082,0.0670668,0.0560238,-0.00892842,0,0,0
1780640645848561,19.7777,-0.0899813,-0.0668723,-4.98828,0,0,-5,-0.0899813,-0.0668723,0.0117188,0.11272,0.0662828,0.056441,-0.00999247,0,0,0
1780640645872561,19.8017,-0.0896568,-0.0662413,-4.9884,0,0,-5,-0.0896568,-0.0662413,0.0115967,0.112075,0.0647334,0.0569335,-0.0115515,0,0,0
1780640645896561,19.8257,-0.0892303,-0.0655142,-4.98859,0,0,-5,-0.0892303,-0.0655142,0.0114136,0.111285,0.0641567,0.0581155,-0.0132221,0,0,0
1780640645912561,19.8417,-0.0888884,-0.0649808,-4.98874,0,0,-5,-0.0888884,-0.0649808,0.011261,0.110682,0.0645942,0.058499,-0.0125505,0,0,0
1780640645936561,19.8657,-0.0882763,-0.0641063,-4.98892,0,0,-5,-0.0882763,-0.0641063,0.0110779,0.109659,0.0651844,0.0603559,-0.0118052,0,0,0
1780640645952561,19.8817,-0.0886649,-0.0641309,-4.98901,0,0,-5,-0.0886649,-0.0641309,0.0109863,0.109977,0.0650896,0.0608489,-0.0115132,0,0,0
1780640645976561,19.9057,-0.0903499,-0.0650343,-4.98901,0,0,-5,-0.0903499,-0.0650343,0.0109863,0.111863,0.0632118,0.0605123,-0.0109173,0,0,0
1780640645992561,19.9217,-0.0913302,-0.0655211,-4.98901,0,0,-5,-0.0913302,-0.0655211,0.0109863,0.112938,0.063542,0.0614857,-0.00894608,0,0,0
1780640646016561,19.9457,-0.0926005,-0.0660923,-4.98898,0,0,-5,-0.0926005,-0.0660923,0.0110168,0.1143,0.0621493,0.0619952,-0.00920797,0,0,0
1780640646032561,19.9617,-0.0933268,-0.0663727,-4.98898,0,0,-5,-0.0933268,-0.0663727,0.0110168,0.11505,0.0629995,0.0616808,-0.00813624,0,0,0
1780640646056561,19.9857,-0.0942204,-0.0666787,-4.98892,0,0,-5,-0.0942204,-0.0666787,0.0110779,0.115958,0.0626892,0.0618651,-0.00716023,0,0,0
1780640646072561,20.0017,-0.0947126,-0.0667876,-4.98889,0,0,-5,-0.0947126,-0.0667876,0.0111084,0.116424,0.062777,0.0625346,-0.0061699,0,0,0
1780640646096561,20.0257,-0.0952787,-0.0668206,-4.98883,0,0,-5,-0.0952787,-0.0668206,0.0111694,0.116909,0.0638832,0.0630867,-0.00755555,0,0,0
1780640646112561,20.0417,-0.0955409,-0.0667521,-4.98883,0,0,-5,-0.0955409,-0.0667521,0.0111694,0.117084,0.0646222,0.0640944,-0.00826606,0,0,0
1780640646136561,20.0657,-0.0957731,-0.0665579,-4.98886,0,0,-5,-0.0957731,-0.0665579,0.0111389,0.11716,0.0658204,0.0636683,-0.00912925,0,0,0
1780640646152561,20.0817,-0.0958232,-0.0663608,-4.98892,0,0,-5,-0.0958232,-0.0663608,0.0110779,0.117084,0.0668787,0.0640643,-0.00908788,0,0,0
1780640646176668,20.1058,-0.0957457,-0.0659823,-4.98898,0,0,-5,-0.0957457,-0.0659823,0.0110168,0.1168,0.0678838,0.063474,-0.00981253,0,0,0
1780640646192668,20.1218,-0.0956139,-0.0656999,-4.98907,0,0,-5,-0.0956139,-0.0656999,0.0109253,0.116524,0.067448,0.0616051,-0.00938526,0,0,0
1780640646216668,20.1458,-0.0953193,-0.0651985,-4.9892,0,0,-5,-0.0953193,-0.0651985,0.0108032,0.115988,0.0676814,0.0626505,-0.00972267,0,0,0
1780640646232668,20.1618,-0.0950447,-0.0648092,-4.98932,0,0,-5,-0.0950447,-0.0648092,0.0106812,0.115533,0.0681487,0.0626394,-0.00983694,0,0,0
1780640646256668,20.1858,-0.0945129,-0.0641556,-4.98947,0,0,-5,-0.0945129,-0.0641556,0.0105286,0.114715,0.0696764,0.0625911,-0.0104078,0,0,0
1780640646272668,20.2018,-0.0940747,-0.0636733,-4.98962,0,0,-5,-0.0940747,-0.0636733,0.010376,0.11407,0.0702595,0.0633603,-0.00986674,0,0,0
1780640646296668,20.2258,-0.0933191,-0.062849,-4.98981,0,0,-5,-0.0933191,-0.062849,0.0101929,0.112971,0.0707162,0.0647529,-0.010364,0,0,0
1780640646312668,20.2418,-0.0927581,-0.0622546,-4.98999,0,0,-5,-0.0927581,-0.0622546,0.0100098,0.11216,0.0705773,0.0641505,-0.0104991,0,0,0
1780640646336668,20.2658,-0.0918299,-0.0613067,-4.9903,0,0,-5,-0.0918299,-0.0613067,0.00970459,0.11084,0.0718026,0.0651315,-0.0102858,0,0,0
1780640646352668,20.2818,-0.0922625,-0.0611732,-4.99039,0,0,-5,-0.0922625,-0.0611732,0.00961304,0.111117,0.0723033,0.0660982,-0.0104421,0,0,0
1780640646376668,20.3058,-0.0943439,-0.0616607,-4.99036,0,0,-5,-0.0943439,-0.0616607,0.00964355,0.113119,0.0720142,0.0651496,-0.0100242,0,0,0
1780640646392668,20.3218,-0.0955657,-0.061908,-4.99036,0,0,-5,-0.0955657,-0.061908,0.00964355,0.114273,0.0722067,0.0646547,-0.0101261,0,0,0
1780640646416668,20.3458,-0.0971393,-0.0621648,-4.99039,0,0,-5,-0.0971393,-0.0621648,0.00961304,0.115728,0.0731379,0.0636986,-0.0107023,0,0,0
1780640646432668,20.3618,-0.0980329,-0.0622618,-4.99045,0,0,-5,-0.0980329,-0.0622618,0.009552,0.116526,0.073061,0.063168,-0.0108301,0,0,0
1780640646456668,20.3858,-0.0991484,-0.0623166,-4.99048,0,0,-5,-0.0991484,-0.0623166,0.00952148,0.117492,0.0740023,0.0623745,-0.0109559,0,0,0
1780640646472668,20.4018,-0.0997517,-0.0622657,-4.99051,0,0,-5,-0.0997517,-0.0622657,0.00949097,0.117972,0.074383,0.0638744,-0.00944426,0,0,0
1780640646496668,20.4258,-0.100469,-0.0620796,-4.99054,0,0,-5,-0.100469,-0.0620796,0.00946045,0.11848,0.0746557,0.0641678,-0.0100046,0,0,0
1780640646512668,20.4418,-0.100827,-0.0618799,-4.99057,0,0,-5,-0.100827,-0.0618799,0.00942993,0.118676,0.0745898,0.0643701,-0.0105543,0,0,0
1780640646536668,20.4658,-0.101203,-0.0614987,-4.99066,0,0,-5,-0.101203,-0.0614987,0.00933838,0.118791,0.0745862,0.0629552,-0.0098761,0,0,0
1780640646552668,20.4818,-0.101347,-0.0612113,-4.99069,0,0,-5,-0.101347,-0.0612113,0.00930786,0.118763,0.0752932,0.0617977,-0.00929419,0,0,0
1780640646576668,20.5058,-0.101413,-0.0607163,-4.99075,0,0,-5,-0.101413,-0.0607163,0.00924683,0.11856,0.0758585,0.0621926,-0.00869029,0,0,0
1780640646592668,20.5218,-0.101352,-0.0603279,-4.99081,0,0,-5,-0.101352,-0.0603279,0.00918579,0.118305,0.0774316,0.0615605,-0.00990662,0,0,0
1780640646608668,20.5378,-0.101203,-0.0599133,-4.99088,0,0,-5,-0.101203,-0.0599133,0.00912476,0.117961,0.0782915,0.0617708,-0.0103777,0,0,0
1780640646632668,20.5618,-0.100811,-0.0592051,-4.99103,0,0,-5,-0.100811,-0.0592051,0.00897217,0.117255,0.0802029,0.0620272,-0.00936723,0,0,0
1780640646656668,20.5858,-0.100267,-0.0584132,-4.99112,0,0,-5,-0.100267,-0.0584132,0.00888062,0.11638,0.0806188,0.0634883,-0.00923008,0,0,0
1780640646672668,20.6018,-0.0998326,-0.0578238,-4.99124,0,0,-5,-0.0998326,-0.0578238,0.00875854,0.115702,0.0808829,0.0643761,-0.0092932,0,0,0
1780640646696668,20.6258,-0.0990591,-0.0568723,-4.99136,0,0,-5,-0.0990591,-0.0568723,0.00863647,0.11455,0.0815497,0.06463,-0.00799359,0,0,0
1780640646712668,20.6418,-0.0984622,-0.0562154,-4.99149,0,0,-5,-0.0984622,-0.0562154,0.0085144,0.113699,0.0831325,0.0631008,-0.00799242,0,0,0
1780640646736668,20.6658,-0.0974503,-0.0551881,-4.99161,0,0,-5,-0.0974503,-0.0551881,0.00839233,0.112306,0.0846369,0.0632651,-0.00862995,0,0,0
1780640646752668,20.6818,-0.097634,-0.0548287,-4.99161,0,0,-5,-0.097634,-0.0548287,0.00839233,0.11229,0.0854366,0.0617972,-0.00937971,0,0,0
1780640646776668,20.7058,-0.099077,-0.0547438,-4.99152,0,0,-5,-0.099077,-0.0547438,0.00848389,0.113513,0.0863185,0.0610168,-0.00930125,0,0,0
1780640646792668,20.7218,-0.0998721,-0.0546211,-4.99142,0,0,-5,-0.0998721,-0.0546211,0.00857544,0.114155,0.0865352,0.0612142,-0.0104312,0,0,0
1780640646816668,20.7458,-0.100858,-0.0543358,-4.9913,0,0,-5,-0.100858,-0.0543358,0.00869751,0.114893,0.0854658,0.0611218,-0.0115137,0,0,0
1780640646832668,20.7618,-0.101384,-0.054091,-4.99127,0,0,-5,-0.101384,-0.054091,0.00872803,0.115242,0.0851122,0.061007,-0.0126321,0,0,0
1780640646856668,20.7858,-0.10199,-0.0536454,-4.99124,0,0,-5,-0.10199,-0.0536454,0.00875854,0.115571,0.0843695,0.0608951,-0.0117643,0,0,0
1780640646872668,20.8018,-0.102283,-0.0532986,-4.99121,0,0,-5,-0.102283,-0.0532986,0.00878906,0.115671,0.0850593,0.060835,-0.012268,0,0,0
1780640646896668,20.8258,-0.102546,-0.0527014,-4.99121,0,0,-5,-0.102546,-0.0527014,0.00878906,0.11563,0.084101,0.0611057,-0.0124466,0,0,0
1780640646912668,20.8418,-0.102634,-0.0522583,-4.99121,0,0,-5,-0.102634,-0.0522583,0.00878906,0.115507,0.0831216,0.0606982,-0.0118362,0,0,0
1780640646936668,20.8658,-0.102622,-0.0515147,-4.99121,0,0,-5,-0.102622,-0.0515147,0.00878906,0.115162,0.0837669,0.0615286,-0.0122001,0,0,0
1780640646952668,20.8818,-0.102522,-0.0509833,-4.99124,0,0,-5,-0.102522,-0.0509833,0.00875854,0.114833,0.083811,0.0620088,-0.0122332,0,0,0
1780640646976668,20.9058,-0.102225,-0.0501269,-4.9913,0,0,-5,-0.102225,-0.0501269,0.00869751,0.114185,0.084556,0.0621029,-0.0113945,0,0,0
1780640646992668,20.9218,-0.101929,-0.0495097,-4.99133,0,0,-5,-0.101929,-0.0495097,0.00866699,0.113647,0.0859329,0.0623834,-0.0115466,0,0,0
1780640647016668,20.9458,-0.101335,-0.0485201,-4.99139,0,0,-5,-0.101335,-0.0485201,0.00860596,0.112681,0.0867691,0.0635167,-0.0100035,0,0,0
1780640647032668,20.9618,-0.10086,-0.0478268,-4.99139,0,0,-5,-0.10086,-0.0478268,0.00860596,0.111957,0.0862086,0.0617845,-0.0090577,0,0,0
1780640647056668,20.9858,-0.100019,-0.0467759,-4.99142,0,0,-5,-0.100019,-0.0467759,0.00857544,0.110749,0.0884194,0.0615039,-0.00842628,0,0,0
1780640647072668,21.0018,-0.099355,-0.046044,-4.99146,0,0,-5,-0.099355,-0.046044,0.00854492,0.109838,0.0904861,0.0617306,-0.00906544,0,0,0
1780640647096668,21.0258,-0.0982372,-0.044906,-4.99149,0,0,-5,-0.0982372,-0.044906,0.0085144,0.108349,0.090778,0.0609444,-0.00662381,0,0,0
1780640647112668,21.0418,-0.0974262,-0.0441304,-4.99149,0,0,-5,-0.0974262,-0.0441304,0.0085144,0.107293,0.0907083,0.060434,-0.00634951,0,0,0
1780640647136668,21.0658,-0.0960965,-0.0429516,-4.99149,0,0,-5,-0.0960965,-0.0429516,0.0085144,0.105602,0.0928498,0.0591873,-0.00493273,0,0,0
1780640647152668,21.0818,-0.0962156,-0.0423492,-4.99136,0,0,-5,-0.0962156,-0.0423492,0.00863647,0.105477,0.092927,0.0578983,-0.00413605,0,0,0
1780640647176668,21.1058,-0.0977869,-0.041687,-4.99109,0,0,-5,-0.0977869,-0.041687,0.00891113,0.106675,0.0933024,0.057726,-0.00351132,0,0,0
1780640647192780,21.1219,-0.0986538,-0.0412025,-4.99091,0,0,-5,-0.0986538,-0.0412025,0.00909424,0.107298,0.0932103,0.0575491,-0.0040364,0,0,0
1780640647208780,21.1379,-0.0993981,-0.0406899,-4.99072,0,0,-5,-0.0993981,-0.0406899,0.00927734,0.107804,0.092871,0.0578414,-0.00318168,0,0,0
1780640647232780,21.1619,-0.100276,-0.0398396,-4.99045,0,0,-5,-0.100276,-0.0398396,0.009552,0.108323,0.0930332,0.0580154,-0.00308691,0,0,0
1780640647256780,21.1859,-0.100884,-0.0389334,-4.9902,0,0,-5,-0.100884,-0.0389334,0.00979614,0.108578,0.09415,0.057839,-0.00294638,0,0,0
1780640647272780,21.2019,-0.101155,-0.0382983,-4.99008,0,0,-5,-0.101155,-0.0382983,0.00991821,0.108616,0.0938623,0.0577478,-0.00353181,0,0,0
1780640647296780,21.2259,-0.10138,-0.0372977,-4.9899,0,0,-5,-0.10138,-0.0372977,0.0101013,0.108494,0.0941399,0.0582331,-0.00466896,0,0,0
1780640647312780,21.2419,-0.101415,-0.0365979,-4.98984,0,0,-5,-0.101415,-0.0365979,0.0101624,0.108295,0.0932093,0.0578786,-0.0060201,0,0,0
1780640647336780,21.2659,-0.101321,-0.0355039,-4.98978,0,0,-5,-0.101321,-0.0355039,0.0102234,0.107847,0.0938402,0.0591375,-0.00768576,0,0,0
1780640647352780,21.2819,-0.101139,-0.0347382,-4.98975,0,0,-5,-0.101139,-0.0347382,0.0102539,0.107428,0.0937512,0.0591959,-0.00877431,0,0,0
1780640647376780,21.3059,-0.100693,-0.033569,-4.98975,0,0,-5,-0.100693,-0.033569,0.0102539,0.106635,0.0951154,0.0584234,-0.00791082,0,0,0
1780640647392780,21.3219,-0.100304,-0.0327837,-4.98978,0,0,-5,-0.100304,-0.0327837,0.0102234,0.10602,0.0950931,0.057583,-0.00825197,0,0,0
1780640647416780,21.3459,-0.0995845,-0.0315914,-4.98984,0,0,-5,-0.0995845,-0.0315914,0.0101624,0.104968,0.0956916,0.0572763,-0.00992357,0,0,0
1780640647432780,21.3619,-0.0990073,-0.0307795,-4.9899,0,0,-5,-0.0990073,-0.0307795,0.0101013,0.104172,0.0972165,0.0567212,-0.00969817,0,0,0
1780640647456780,21.3859,-0.0980304,-0.0295733,-4.99002,0,0,-5,-0.0980304,-0.0295733,0.00997925,0.102879,0.096237,0.0552521,-0.00933546,0,0,0
1780640647472780,21.4019,-0.0973149,-0.0287666,-4.99008,0,0,-5,-0.0973149,-0.0287666,0.00991821,0.101961,0.0956114,0.0547289,-0.00822371,0,0,0
1780640647496780,21.4259,-0.0961677,-0.0275254,-4.99026,0,0,-5,-0.0961677,-0.0275254,0.00973511,0.100502,0.0944136,0.0549567,-0.00786648,0,0,0
1780640647512780,21.4419,-0.0953354,-0.0266797,-4.99036,0,0,-5,-0.0953354,-0.0266797,0.00964355,0.0994668,0.0950763,0.054329,-0.00850689,0,0,0
1780640647536780,21.4659,-0.0939992,-0.0254088,-4.99057,0,0,-5,-0.0939992,-0.0254088,0.00942993,0.0978283,0.0949655,0.0534198,-0.00971559,0,0,0
1780640647552780,21.4819,-0.0936713,-0.024819,-4.99063,0,0,-5,-0.0936713,-0.024819,0.0093689,0.0973554,0.0954396,0.0529162,-0.010243,0,0,0
1780640647576780,21.5059,-0.0939344,-0.0242812,-4.99063,0,0,-5,-0.0939344,-0.0242812,0.0093689,0.0974733,0.0964918,0.051129,-0.0105581,0,0,0
1780640647592780,21.5219,-0.0939743,-0.02391,-4.99063,0,0,-5,-0.0939743,-0.02391,0.0093689,0.0974198,0.0970197,0.0495751,-0.0100982,0,0,0
1780640647616780,21.5459,-0.0938407,-0.0233092,-4.99066,0,0,-5,-0.0938407,-0.0233092,0.00933838,0.0971422,0.0975773,0.0490081,-0.0100385,0,0,0
1780640647632780,21.5619,-0.0936325,-0.0228746,-4.99072,0,0,-5,-0.0936325,-0.0228746,0.00927734,0.0968316,0.0981988,0.0497103,-0.0104868,0,0,0
1780640647656780,21.5859,-0.0931611,-0.0221614,-4.99078,0,0,-5,-0.0931611,-0.0221614,0.00921631,0.0962032,0.0981466,0.049639,-0.00912765,0,0,0
1780640647672780,21.6019,-0.0927491,-0.0216483,-4.99084,0,0,-5,-0.0927491,-0.0216483,0.00915527,0.095681,0.0988374,0.0501995,-0.00806691,0,0,0
1780640647696780,21.6259,-0.0919891,-0.0208549,-4.99091,0,0,-5,-0.0919891,-0.0208549,0.00909424,0.0947609,0.0983759,0.048852,-0.0105033,0,0,0
1780640647712780,21.6419,-0.0914004,-0.0203061,-4.991,0,0,-5,-0.0914004,-0.0203061,0.00900269,0.0940607,0.0990731,0.0486155,-0.0103904,0,0,0
1780640647736780,21.6659,-0.0904066,-0.0194791,-4.99112,0,0,-5,-0.0904066,-0.0194791,0.00888062,0.0929067,0.098378,0.046821,-0.0106647,0,0,0
1780640647752780,21.6819,-0.0896685,-0.0189192,-4.99121,0,0,-5,-0.0896685,-0.0189192,0.00878906,0.0920631,0.0994193,0.0467664,-0.0103007,0,0,0
1780640647776780,21.7059,-0.0884558,-0.0180417,-4.99136,0,0,-5,-0.0884558,-0.0180417,0.00863647,0.0906891,0.0982447,0.0464602,-0.0110517,0,0,0
1780640647792780,21.7219,-0.0875676,-0.0174436,-4.99149,0,0,-5,-0.0875676,-0.0174436,0.0085144,0.0896931,0.0983962,0.0451019,-0.01074,0,0,0
1780640647816780,21.7459,-0.0861508,-0.0165503,-4.9917,0,0,-5,-0.0861508,-0.0165503,0.00830078,0.0881179,0.0984551,0.0440986,-0.011561,0,0,0
1780640647832780,21.7619,-0.0851501,-0.0159372,-4.99182,0,0,-5,-0.0851501,-0.0159372,0.00817871,0.087014,0.0977473,0.0444411,-0.0108674,0,0,0
1780640647856780,21.7859,-0.0835706,-0.0149929,-4.9921,0,0,-5,-0.0835706,-0.0149929,0.00790405,0.0852719,0.0991023,0.0428007,-0.0107816,0,0,0
1780640647872780,21.8019,-0.0824473,-0.014375,-4.99225,0,0,-5,-0.0824473,-0.014375,0.00775146,0.0840493,0.0997502,0.0424545,-0.0097852,0,0,0
1780640647896780,21.8259,-0.0806822,-0.0134304,-4.99246,0,0,-5,-0.0806822,-0.0134304,0.00753784,0.082139,0.0998973,0.0424815,-0.00921405,0,0,0
1780640647912780,21.8419,-0.0794511,-0.0127833,-4.99261,0,0,-5,-0.0794511,-0.0127833,0.00738525,0.080811,0.100628,0.0430855,-0.00915683,0,0,0
1780640647936780,21.8659,-0.0775131,-0.0117783,-4.99286,0,0,-5,-0.0775131,-0.0117783,0.00714111,0.0787274,0.100812,0.0438083,-0.0095628,0,0,0
1780640647952780,21.8819,-0.0769406,-0.0113145,-4.99298,0,0,-5,-0.0769406,-0.0113145,0.00701904,0.0780842,0.101424,0.0428671,-0.00979927,0,0,0
1780640647968780,21.8979,-0.0770524,-0.0110682,-4.99301,0,0,-5,-0.0770524,-0.0110682,0.00698853,0.0781564,0.100339,0.0416083,-0.0092282,0,0,0
1780640647992780,21.9219,-0.0770384,-0.0106794,-4.9931,0,0,-5,-0.0770384,-0.0106794,0.00689697,0.0780803,0.0998127,0.0394154,-0.00835723,0,0,0
1780640648016780,21.9459,-0.0768334,-0.0102988,-4.99313,0,0,-5,-0.0768334,-0.0102988,0.00686646,0.0778241,0.099372,0.0362935,-0.00570768,0,0,0
1780640648032780,21.9619,-0.0766069,-0.0100468,-4.99316,0,0,-5,-0.0766069,-0.0100468,0.00683594,0.0775647,0.0979257,0.0358365,-0.00561497,0,0,0
1780640648056780,21.9859,-0.0761393,-0.00962162,-4.99319,0,0,-5,-0.0761393,-0.00962162,0.00680542,0.0770459,0.0960542,0.0355028,-0.00675453,0,0,0
1780640648072780,22.0019,-0.075748,-0.00932356,-4.99326,0,0,-5,-0.075748,-0.00932356,0.00674438,0.0766171,0.0955947,0.0342886,-0.00767319,0,0,0
1780640648096780,22.0259,-0.0750582,-0.00889333,-4.99335,0,0,-5,-0.0750582,-0.00889333,0.00665283,0.0758755,0.0946247,0.0312283,-0.00733188,0,0,0
1780640648112780,22.0419,-0.0745183,-0.00861444,-4.99341,0,0,-5,-0.0745183,-0.00861444,0.0065918,0.0753037,0.0957165,0.0302807,-0.00692615,0,0,0
1780640648136780,22.0659,-0.073567,-0.0081812,-4.99353,0,0,-5,-0.073567,-0.0081812,0.00646973,0.0743027,0.096061,0.0295448,-0.00782331,0,0,0
1780640648152780,22.0819,-0.0728638,-0.00788528,-4.99362,0,0,-5,-0.0728638,-0.00788528,0.00637817,0.0735663,0.0954783,0.0293011,-0.00838901,0,0,0
1780640648176780,22.1059,-0.0717224,-0.00741938,-4.9938,0,0,-5,-0.0717224,-0.00741938,0.00619507,0.0723708,0.0945238,0.0284061,-0.00968517,0,0,0
1780640648192894,22.122,-0.0709125,-0.00709189,-4.99393,0,0,-5,-0.0709125,-0.00709189,0.006073,0.0715245,0.0940272,0.0297536,-0.00832072,0,0,0
1780640648208894,22.138,-0.0700677,-0.00673589,-4.99405,0,0,-5,-0.0700677,-0.00673589,0.00595093,0.0706418,0.0932411,0.0294766,-0.00754866,0,0,0
1780640648232894,22.1621,-0.0687258,-0.00620774,-4.9942,0,0,-5,-0.0687258,-0.00620774,0.00579834,0.0692488,0.0920666,0.0282107,-0.0049345,0,0,0
1780640648256894,22.186,-0.0672995,-0.00567613,-4.99429,0,0,-5,-0.0672995,-0.00567613,0.00570679,0.0677792,0.0925582,0.0271888,-0.00434622,0,0,0
1780640648272894,22.202,-0.0663044,-0.00532563,-4.99438,0,0,-5,-0.0663044,-0.00532563,0.00561523,0.0667545,0.0915256,0.0257301,-0.00546205,0,0,0
1780640648296894,22.2261,-0.0647539,-0.00479459,-4.99454,0,0,-5,-0.0647539,-0.00479459,0.00546265,0.0651606,0.0919919,0.0253346,-0.00586476,0,0,0
1780640648312894,22.242,-0.0636693,-0.00443922,-4.99463,0,0,-5,-0.0636693,-0.00443922,0.00537109,0.0640495,0.0913898,0.0252217,-0.00513862,0,0,0
1780640648328894,22.258,-0.0625693,-0.00407789,-4.99469,0,0,-5,-0.0625693,-0.00407789,0.00531006,0.0629264,0.0911219,0.024533,-0.00536761,0,0,0
1780640648352894,22.282,-0.0616004,-0.00395074,-4.99487,0,0,-5,-0.0616004,-0.00395074,0.00512695,0.0619395,0.0898087,0.0242138,-0.00489658,0,0,0
1780640648376894,22.306,-0.0619582,-0.00463247,-4.99509,0,0,-5,-0.0619582,-0.00463247,0.00491333,0.0623251,0.0877458,0.0221681,-0.00450843,0,0,0
1780640648392894,22.322,-0.0620917,-0.00505324,-4.99521,0,0,-5,-0.0620917,-0.00505324,0.00479126,0.062481,0.0873152,0.0207467,-0.00429094,0,0,0
1780640648408894,22.338,-0.0621465,-0.00544699,-4.99533,0,0,-5,-0.0621465,-0.00544699,0.00466919,0.0625593,0.0854284,0.0195303,-0.00354636,0,0,0
1780640648432894,22.362,-0.0621138,-0.00599585,-4.99551,0,0,-5,-0.0621138,-0.00599585,0.00448608,0.0625636,0.0842818,0.0180663,-0.00329651,0,0,0
1780640648456894,22.386,-0.0619273,-0.00650616,-4.99567,0,0,-5,-0.0619273,-0.00650616,0.0043335,0.0624187,0.0829012,0.0148595,-0.00381578,0,0,0
1780640648472894,22.402,-0.0617354,-0.00684337,-4.99582,0,0,-5,-0.0617354,-0.00684337,0.00418091,0.0622541,0.0818292,0.0133223,-0.00404905,0,0,0
1780640648496894,22.4261,-0.0613267,-0.0073154,-4.996,0,0,-5,-0.0613267,-0.0073154,0.0039978,0.0618907,0.0818542,0.0123028,-0.00528642,0,0,0
1780640648512894,22.442,-0.0609904,-0.00760121,-4.99615,0,0,-5,-0.0609904,-0.00760121,0.00384521,0.0615824,0.0808181,0.0121888,-0.0056774,0,0,0
1780640648536894,22.466,-0.0603923,-0.00796788,-4.9964,0,0,-5,-0.0603923,-0.00796788,0.00360107,0.061022,0.0803257,0.0130653,-0.00576026,0,0,0
1780640648552894,22.482,-0.0599238,-0.00818107,-4.99658,0,0,-5,-0.0599238,-0.00818107,0.00341797,0.0605762,0.0800646,0.0120835,-0.00592366,0,0,0
1780640648576894,22.506,-0.0591374,-0.00845439,-4.99683,0,0,-5,-0.0591374,-0.00845439,0.00317383,0.059823,0.0790023,0.0122134,-0.00556943,0,0,0
1780640648592894,22.5221,-0.0585776,-0.00861596,-4.99701,0,0,-5,-0.0585776,-0.00861596,0.00299072,0.0592833,0.0773969,0.0112307,-0.00501424,0,0,0
1780640648616894,22.546,-0.0576902,-0.00882849,-4.99722,0,0,-5,-0.0576902,-0.00882849,0.0027771,0.0584279,0.0758816,0.0105364,-0.00547118,0,0,0
1780640648632894,22.562,-0.0570595,-0.00894967,-4.99738,0,0,-5,-0.0570595,-0.00894967,0.00262451,0.0578167,0.0752821,0.00965866,-0.00624812,0,0,0
1780640648648894,22.578,-0.0563967,-0.00906666,-4.99753,0,0,-5,-0.0563967,-0.00906666,0.00247192,0.0571743,0.0743602,0.00888852,-0.00598521,0,0,0
1780640648672894,22.602,-0.0553718,-0.00924252,-4.99774,0,0,-5,-0.0553718,-0.00924252,0.0022583,0.0561833,0.0724757,0.00627684,-0.0055377,0,0,0
1780640648696894,22.626,-0.0542579,-0.00941706,-4.99792,0,0,-5,-0.0542579,-0.00941706,0.0020752,0.0551082,0.0730562,0.00506325,-0.00466093,0,0,0
1780640648712894,22.642,-0.0534862,-0.00952835,-4.99805,0,0,-5,-0.0534862,-0.00952835,0.00195312,0.0543634,0.0719175,0.00464707,-0.00461395,0,0,0
1780640648736894,22.666,-0.0523034,-0.00968273,-4.99826,0,0,-5,-0.0523034,-0.00968273,0.0017395,0.0532206,0.0697527,0.00360514,-0.00488044,0,0,0
1780640648752894,22.6821,-0.0521823,-0.0100898,-4.99841,0,0,-5,-0.0521823,-0.0100898,0.00158691,0.0531725,0.0687129,0.00327227,-0.00422942,0,0,0
1780640648776894,22.706,-0.0528755,-0.0111475,-4.9986,0,0,-5,-0.0528755,-0.0111475,0.00140381,0.054056,0.0671309,0.00139353,-0.00315569,0,0,0
1780640648792894,22.722,-0.0532379,-0.0118113,-4.99872,0,0,-5,-0.0532379,-0.0118113,0.00128174,0.0545475,0.0676803,0.00117164,-0.00249456,0,0,0
1780640648816894,22.7461,-0.0536225,-0.0127411,-4.9989,0,0,-5,-0.0536225,-0.0127411,0.00109863,0.0551263,0.0666319,0.000328429,-0.00299461,0,0,0
1780640648832894,22.762,-0.0538005,-0.0133202,-4.99902,0,0,-5,-0.0538005,-0.0133202,0.000976562,0.0554335,0.0659526,5.62574e-05,-0.00268864,0,0,0
1780640648856894,22.786,-0.0539484,-0.0141504,-4.99918,0,0,-5,-0.0539484,-0.0141504,0.000823975,0.0557794,0.0653163,-0.0011485,-0.0021663,0,0,0
1780640648872894,22.802,-0.0539736,-0.0146771,-4.99927,0,0,-5,-0.0539736,-0.0146771,0.000732422,0.0559383,0.0653454,-0.0022426,-0.00170852,0,0,0
1780640648896894,22.826,-0.0538882,-0.0154335,-4.99939,0,0,-5,-0.0538882,-0.0154335,0.000610352,0.056058,0.0652309,-0.0025565,0.000147836,0,0,0
1780640648912894,22.8421,-0.0537691,-0.0158934,-4.99942,0,0,-5,-0.0537691,-0.0158934,0.000579834,0.0560719,0.0633385,-0.00202084,0.000329373,0,0,0
1780640648928894,22.858,-0.0536161,-0.0163243,-4.99948,0,0,-5,-0.0536161,-0.0163243,0.000518799,0.0560485,0.0623001,-0.0022733,-0.000513641,0,0,0
1780640648952894,22.882,-0.0533067,-0.0169173,-4.99954,0,0,-5,-0.0533067,-0.0169173,0.000457764,0.0559286,0.0610823,-0.00173532,0.000872333,0,0,0
1780640648968894,22.898,-0.0530562,-0.0172832,-4.99957,0,0,-5,-0.0530562,-0.0172832,0.000427246,0.0558019,0.0612247,-0.00206001,0.00136469,0,0,0
1780640648992894,22.922,-0.0526048,-0.0177933,-4.9996,0,0,-5,-0.0526048,-0.0177933,0.000396729,0.055534,0.0595131,-0.00242641,0.00166167,0,0,0
1780640649016894,22.946,-0.0520921,-0.0182667,-4.99963,0,0,-5,-0.0520921,-0.0182667,0.000366211,0.0552032,0.0582237,-0.00387106,0.00231813,0,0,0
1780640649032894,22.962,-0.0517194,-0.0185692,-4.99963,0,0,-5,-0.0517194,-0.0185692,0.000366211,0.0549531,0.0563908,-0.00252448,0.00270608,0,0,0
1780640649056894,22.986,-0.0511209,-0.0189405,-4.99963,0,0,-5,-0.0511209,-0.0189405,0.000366211,0.0545181,0.0553943,-0.00171297,0.0026737,0,0,0
1780640649072894,23.0021,-0.0506943,-0.0191706,-4.99963,0,0,-5,-0.0506943,-0.0191706,0.000366211,0.0541993,0.0543819,-0.00156451,0.00399385,0,0,0
1780640649096894,23.026,-0.0500224,-0.0194748,-4.9996,0,0,-5,-0.0500224,-0.0194748,0.000396729,0.0536812,0.0533314,-0.0010753,0.00585518,0,0,0
1780640649112894,23.042,-0.0495291,-0.0196573,-4.99954,0,0,-5,-0.0495291,-0.0196573,0.000457764,0.0532893,0.0545012,-0.00137309,0.00467328,0,0,0
1780640649136894,23.0661,-0.048706,-0.0198986,-4.99951,0,0,-5,-0.048706,-0.0198986,0.000488281,0.0526162,0.054625,-0.00113458,0.0032245,0,0,0
1780640649152894,23.082,-0.0487213,-0.0203545,-4.99945,0,0,-5,-0.0487213,-0.0203545,0.000549316,0.052805,0.0538005,-0.000646151,0.00237473,0,0,0
1780640649168894,23.0981,-0.0492509,-0.0210907,-4.9993,0,0,-5,-0.0492509,-0.0210907,0.000701904,0.0535814,0.0541393,0.000215608,0.00144851,0,0,0
1780640649193011,23.1222,-0.0499099,-0.022104,-4.99915,0,0,-5,-0.0499099,-0.022104,0.000854492,0.0545923,0.0533746,-0.00048062,0.000855568,0,0,0
1780640649209011,23.1382,-0.0502786,-0.0227388,-4.99908,0,0,-5,-0.0502786,-0.0227388,0.000915527,0.055189,0.0521966,-0.000630958,-0.000335665,0,0,0
1780640649233011,23.1622,-0.0507207,-0.0236401,-4.99899,0,0,-5,-0.0507207,-0.0236401,0.00100708,0.0559684,0.0510553,-0.000512775,0.00053434,0,0,0
1780640649249011,23.1782,-0.050951,-0.0241748,-4.99893,0,0,-5,-0.050951,-0.0241748,0.00106812,0.0564054,0.050488,0.00127431,-0.000412217,0,0,0
1780640649273011,23.2022,-0.0512167,-0.0248763,-4.9989,0,0,-5,-0.0512167,-0.0248763,0.00109863,0.056949,0.0477495,0.00270231,-0.000992841,0,0,0
1780640649297011,23.2262,-0.0514407,-0.0254959,-4.99887,0,0,-5,-0.0514407,-0.0254959,0.00112915,0.0574236,0.0437013,0.00324566,-0.00088913,0,0,0
1780640649313011,23.2422,-0.0515697,-0.0258538,-4.99884,0,0,-5,-0.0515697,-0.0258538,0.00115967,0.0576992,0.0420594,0.00421583,-0.000777278,0,0,0
1780640649337011,23.2662,-0.0516991,-0.0263306,-4.99881,0,0,-5,-0.0516991,-0.0263306,0.00119019,0.0580302,0.0417789,0.00524683,-0.00012013,0,0,0
1780640649353011,23.2822,-0.0517603,-0.0266016,-4.99881,0,0,-5,-0.0517603,-0.0266016,0.00119019,0.0582081,0.0402369,0.00532269,-0.000978631,0,0,0
1780640649377011,23.3062,-0.0517882,-0.026942,-4.99878,0,0,-5,-0.0517882,-0.026942,0.0012207,0.0583899,0.039782,0.00753544,-8.68904e-05,0,0,0
1780640649393011,23.3222,-0.0517664,-0.0271206,-4.99878,0,0,-5,-0.0517664,-0.0271206,0.0012207,0.0584532,0.0384691,0.00790161,0.00147153,0,0,0
1780640649417011,23.3462,-0.0516815,-0.0273642,-4.99881,0,0,-5,-0.0516815,-0.0273642,0.00119019,0.0584909,0.0371874,0.00653286,0.00104643,0,0,0
1780640649433011,23.3622,-0.0515898,-0.0274987,-4.99884,0,0,-5,-0.0515898,-0.0274987,0.00115967,0.0584725,0.0374291,0.0079168,0.000991436,0,0,0
1780640649457011,23.3862,-0.0513817,-0.0276267,-4.9989,0,0,-5,-0.0513817,-0.0276267,0.00109863,0.0583482,0.0368809,0.00944072,0.00084876,0,0,0
1780640649473011,23.4022,-0.0512035,-0.0276713,-4.99893,0,0,-5,-0.0512035,-0.0276713,0.00106812,0.058212,0.0370896,0.0105121,0.00024943,0,0,0
1780640649497011,23.4262,-0.0508307,-0.0277158,-4.99902,0,0,-5,-0.0508307,-0.0277158,0.000976562,0.0579041,0.0369904,0.00962811,0.000811137,0,0,0
1780640649513011,23.4422,-0.0505717,-0.0277425,-4.99908,0,0,-5,-0.0505717,-0.0277425,0.000915527,0.0576887,0.0359163,0.00899405,0.000336696,0,0,0
1780640649529011,23.4582,-0.0502803,-0.0277581,-4.99911,0,0,-5,-0.0502803,-0.0277581,0.00088501,0.0574404,0.0364432,0.00892936,0.000465237,0,0,0
1780640649553011,23.4822,-0.0497633,-0.0274961,-4.99921,0,0,-5,-0.0497633,-0.0274961,0.000793457,0.0568599,0.035925,0.0106314,-9.81579e-05,0,0,0
1780640649577011,23.5062,-0.0491325,-0.0267256,-4.9993,0,0,-5,-0.0491325,-0.0267256,0.000701904,0.0559353,0.0360893,0.0125454,0.000998575,0,0,0
1780640649593011,23.5222,-0.0486912,-0.0261946,-4.99933,0,0,-5,-0.0486912,-0.0261946,0.000671387,0.0552942,0.036011,0.0132209,0.000806985,0,0,0
1780640649617011,23.5462,-0.0479911,-0.025427,-4.99942,0,0,-5,-0.0479911,-0.025427,0.000579834,0.0543141,0.0367396,0.0123052,-0.000926787,0,0,0
1780640649633011,23.5622,-0.047495,-0.0249074,-4.99945,0,0,-5,-0.047495,-0.0249074,0.000549316,0.0536326,0.0370679,0.0132194,-0.00070002,0,0,0
1780640649649011,23.5782,-0.0469756,-0.0243792,-4.99951,0,0,-5,-0.0469756,-0.0243792,0.000488281,0.0529273,0.0377688,0.0143611,-0.00135181,0,0,0
1780640649673011,23.6022,-0.046148,-0.0235899,-4.9996,0,0,-5,-0.046148,-0.0235899,0.000396729,0.0518293,0.0387958,0.0146545,-0.00226974,0,0,0
1780640649697011,23.6262,-0.0452656,-0.0228098,-4.99973,0,0,-5,-0.0452656,-0.0228098,0.000274658,0.0506886,0.0391588,0.0151926,-0.00280044,0,0,0
1780640649713011,23.6422,-0.0446539,-0.0222705,-4.99985,0,0,-5,-0.0446539,-0.0222705,0.000152588,0.0498996,0.03942,0.0173358,-0.00236556,0,0,0
1780640649729011,23.6582,-0.0440079,-0.021716,-4.99991,0,0,-5,-0.0440079,-0.021716,9.15527e-05,0.0490743,0.0416046,0.0178401,-0.00177653,0,0,0
1780640649753011,23.6822,-0.0429843,-0.0208847,-5,0,0,-5,-0.0429843,-0.0208847,0,0.0477893,0.0419912,0.0181096,-0.000555431,0,0,0
1780640649777011,23.7062,-0.0419274,-0.0200616,-5.00012,0,0,-5,-0.0419274,-0.0200616,-0.00012207,0.04648,0.0411451,0.019097,-0.000560533,0,0,0
1780640649793011,23.7222,-0.0412211,-0.0195006,-5.00018,0,0,-5,-0.0412211,-0.0195006,-0.000183105,0.0456013,0.0417985,0.0199884,-0.000776211,0,0,0
1780640649817011,23.7462,-0.0401215,-0.0186423,-5.00031,0,0,-5,-0.0401215,-0.0186423,-0.000305176,0.0442421,0.0423981,0.0212396,0.000338655,0,0,0
1780640649833011,23.7622,-0.0393756,-0.0180616,-5.00034,0,0,-5,-0.0393756,-0.0180616,-0.000335693,0.0433217,0.0426299,0.0219745,8.65071e-05,0,0,0
1780640649857011,23.7862,-0.0382383,-0.0171795,-5.00037,0,0,-5,-0.0382383,-0.0171795,-0.000366211,0.0419218,0.0428833,0.0221148,0.00139702,0,0,0
1780640649873011,23.8022,-0.0374542,-0.0165987,-5.00037,0,0,-5,-0.0374542,-0.0165987,-0.000366211,0.0409691,0.0442605,0.022933,0.000515245,0,0,0
1780640649897011,23.8262,-0.036225,-0.01571,-5.0004,0,0,-5,-0.036225,-0.01571,-0.000396729,0.0394869,0.0460016,0.0238442,0.000517465,0,0,0
1780640649913011,23.8422,-0.0353821,-0.0151017,-5.0004,0,0,-5,-0.0353821,-0.0151017,-0.000396729,0.0384722,0.0463201,0.0250157,0.00106779,0,0,0
1780640649937011,23.8662,-0.0341042,-0.0141684,-5.0004,0,0,-5,-0.0341042,-0.0141684,-0.000396729,0.0369323,0.0453191,0.0251426,-0.000646929,0,0,0
1780640649953011,23.8822,-0.0334618,-0.0138661,-5.00046,0,0,-5,-0.0334618,-0.0138661,-0.000457764,0.0362239,0.0450366,0.0245447,-0.00157797,0,0,0
1780640649977011,23.9062,-0.0327578,-0.0138406,-5.00061,0,0,-5,-0.0327578,-0.0138406,-0.000610352,0.035567,0.0457246,0.0243086,-0.00207575,0,0,0
1780640649993011,23.9222,-0.0322539,-0.0137897,-5.00076,0,0,-5,-0.0322539,-0.0137897,-0.000762939,0.0350863,0.045925,0.0245676,-0.00190712,0,0,0
1780640650017011,23.9462,-0.0314314,-0.0136764,-5.00092,0,0,-5,-0.0314314,-0.0136764,-0.000915527,0.0342902,0.0472721,0.023846,-0.00109021,0,0,0
1780640650033011,23.9622,-0.030854,-0.0135837,-5.00101,0,0,-5,-0.030854,-0.0135837,-0.00100708,0.0337269,0.0463064,0.0237562,-0.00104158,0,0,0
1780640650057011,23.9862,-0.0299619,-0.0134328,-5.00107,0,0,-5,-0.0299619,-0.0134328,-0.00106812,0.0328527,0.0469455,0.0220571,-0.000848258,0,0,0
1780640650073011,24.0022,-0.0293307,-0.0133442,-5.00113,0,0,-5,-0.0293307,-0.0133442,-0.00112915,0.0322433,0.0477186,0.0205577,3.73022e-05,0,0,0
1780640650097011,24.0262,-0.0283523,-0.0131979,-5.00119,0,0,-5,-0.0283523,-0.0131979,-0.00119019,0.0312962,0.0476257,0.020756,-0.000214513,0,0,0
1780640650113011,24.0422,-0.0276786,-0.0130808,-5.00122,0,0,-5,-0.0276786,-0.0130808,-0.0012207,0.0306382,0.047539,0.0201463,-0.00134788,0,0,0
1780640650137011,24.0662,-0.0266414,-0.0129053,-5.00134,0,0,-5,-0.0266414,-0.0129053,-0.00134277,0.0296329,0.0477329,0.0194402,-0.00294746,0,0,0
1780640650153011,24.0822,-0.0259286,-0.0127632,-5.00143,0,0,-5,-0.0259286,-0.0127632,-0.00143433,0.0289353,0.0477042,0.019659,-0.00398216,0,0,0
1780640650177011,24.1062,-0.0248462,-0.0125345,-5.00156,0,0,-5,-0.0248462,-0.0125345,-0.0015564,0.0278724,0.0463909,0.0195724,-0.00433211,0,0,0
1780640650193011,24.1222,-0.0241272,-0.0123794,-5.00165,0,0,-5,-0.0241272,-0.0123794,-0.00164795,0.0271678,0.0458601,0.0183853,-0.00415703,0,0,0
1780640650217132,24.1463,-0.0230184,-0.0121309,-5.00177,0,0,-5,-0.0230184,-0.0121309,-0.00177002,0.0260795,0.0441911,0.0182621,-0.00255949,0,0,0
1780640650233132,24.1623,-0.0222999,-0.0119584,-5.0018,0,0,-5,-0.0222999,-0.0119584,-0.00180054,0.0253679,0.0419371,0.0183662,-0.00108573,0,0,0
1780640650257132,24.1863,-0.0212398,-0.0116558,-5.00186,0,0,-5,-0.0212398,-0.0116558,-0.00186157,0.0242992,0.041018,0.0195135,0.00215728,0,0,0
1780640650273132,24.2023,-0.0205281,-0.0114327,-5.00186,0,0,-5,-0.0205281,-0.0114327,-0.00186157,0.0235707,0.0417375,0.0194389,0.0036229,0,0,0
1780640650297132,24.2263,-0.0194362,-0.0110877,-5.00183,0,0,-5,-0.0194362,-0.0110877,-0.00183105,0.0224512,0.0401014,0.019214,0.004393,0,0,0
1780640650313132,24.2423,-0.0187192,-0.010857,-5.00177,0,0,-5,-0.0187192,-0.010857,-0.00177002,0.0217121,0.0399766,0.0185487,0.00395817,0,0,0
1780640650337132,24.2663,-0.0176575,-0.0105043,-5.00168,0,0,-5,-0.0176575,-0.0105043,-0.00167847,0.0206142,0.0383133,0.0185518,0.00430625,0,0,0
1780640650353132,24.2823,-0.0169746,-0.0100975,-5.00156,0,0,-5,-0.0169746,-0.0100975,-0.0015564,0.019812,0.0377675,0.0177162,0.0048155,0,0,0
1780640650369132,24.2983,-0.0163001,-0.00955299,-5.00137,0,0,-5,-0.0163001,-0.00955299,-0.00137329,0.0189431,0.037588,0.0172604,0.00443356,0,0,0
1780640650393132,24.3223,-0.015283,-0.00875482,-5.0011,0,0,-5,-0.015283,-0.00875482,-0.00109863,0.0176472,0.0371756,0.0170888,0.00351294,0,0,0
1780640650417132,24.3463,-0.0142679,-0.0079851,-5.00085,0,0,-5,-0.0142679,-0.0079851,-0.000854492,0.0163727,0.0364945,0.0160823,0.00355709,0,0,0
1780640650433132,24.3623,-0.0135979,-0.00749651,-5.0007,0,0,-5,-0.0135979,-0.00749651,-0.000701904,0.0155433,0.0362911,0.0159306,0.00285923,0,0,0
1780640650457132,24.3863,-0.012585,-0.00677775,-5.00052,0,0,-5,-0.012585,-0.00677775,-0.000518799,0.0143034,0.0362234,0.0148216,0.00241562,0,0,0
1780640650473132,24.4023,-0.0118978,-0.00631758,-5.00043,0,0,-5,-0.0118978,-0.00631758,-0.000427246,0.0134778,0.036879,0.0155212,0.00222569,0,0,0
1780640650489132,24.4183,-0.0112003,-0.00584185,-5.00031,0,0,-5,-0.0112003,-0.00584185,-0.000305176,0.0126359,0.0371063,0.0156933,0.00254745,0,0,0
1780640650513132,24.4423,-0.0101661,-0.00513805,-5.00015,0,0,-5,-0.0101661,-0.00513805,-0.000152588,0.0113918,0.0358221,0.0153615,0.0033435,0,0,0
1780640650529132,24.4583,-0.00949236,-0.00468052,-5.00006,0,0,-5,-0.00949236,-0.00468052,-6.10352e-05,0.0105838,0.0350202,0.0157349,0.00287627,0,0,0
1780640650553132,24.4823,-0.00847907,-0.00399766,-4.99997,0,0,-5,-0.00847907,-0.00399766,3.05176e-05,0.00937426,0.0346195,0.014191,0.00248768,0,0,0
1780640650577132,24.5063,-0.00748276,-0.00335754,-4.99988,0,0,-5,-0.00748276,-0.00335754,0.00012207,0.00820241,0.0336401,0.0147238,0.00147615,0,0,0
1780640650593132,24.5223,-0.00683541,-0.00292944,-4.99985,0,0,-5,-0.00683541,-0.00292944,0.000152588,0.00743826,0.0325876,0.0150958,0.000233443,0,0,0
1780640650609132,24.5383,-0.00619503,-0.0024986,-4.99985,0,0,-5,-0.00619503,-0.0024986,0.000152588,0.00668167,0.0317548,0.0155756,0.000259169,0,0,0
1780640650633132,24.5623,-0.00524324,-0.00186867,-4.99985,0,0,-5,-0.00524324,-0.00186867,0.000152588,0.00556837,0.0308253,0.0153948,0.00102925,0,0,0
1780640650657132,24.5863,-0.00430207,-0.00127142,-4.99982,0,0,-5,-0.00430207,-0.00127142,0.000183105,0.00448975,0.0303679,0.0149381,-0.000112967,0,0,0
1780640650673132,24.6023,-0.00367813,-0.000875424,-4.99985,0,0,-5,-0.00367813,-0.000875424,0.000152588,0.00378395,0.03045,0.0144981,-0.000282676,0,0,0
1780640650697132,24.6263,-0.0027467,-0.0002975,-4.99985,0,0,-5,-0.0027467,-0.0002975,0.000152588,0.00276697,0.0296814,0.0143377,-0.00153281,0,0,0
1780640650713132,24.6423,-0.00212833,8.42612e-05,-4.99988,0,0,-5,-0.00212833,8.42612e-05,0.00012207,0.00213349,0.03081,0.0142964,-0.00128121,0,0,0
1780640650729132,24.6583,-0.00149531,0.000452599,-4.99991,0,0,-5,-0.00149531,0.000452599,9.15527e-05,0.00156499,0.0309708,0.0135962,-0.000830257,0,0,0
1780640650753132,24.6823,-0.000562018,0.00097403,-5,0,0,-5,-0.000562018,0.00097403,0,0.00112454,0.029189,0.0123933,-0.00181329,0,0,0
1780640650769132,24.6983,0.00013805,0.00107718,-5.00015,0,0,-5,0.00013805,0.00107718,-0.000152588,0.00109665,0.0303612,0.0126506,-0.00244266,0,0,0
1780640650793132,24.7223,0.00118001,0.00125019,-5.00037,0,0,-5,0.00118001,0.00125019,-0.000366211,0.00175769,0.0291129,0.0120382,-0.00208187,0,0,0
1780640650817132,24.7463,0.0021893,0.00143474,-5.00058,0,0,-5,0.0021893,0.00143474,-0.000579834,0.00268099,0.0290978,0.0124972,-0.00185588,0,0,0
1780640650833132,24.7623,0.0028536,0.00156594,-5.0007,0,0,-5,0.0028536,0.00156594,-0.000701904,0.00332984,0.0278742,0.0118778,-0.00241161,0,0,0
1780640650849132,24.7783,0.00349984,0.00169262,-5.00085,0,0,-5,0.00349984,0.00169262,-0.000854492,0.00398045,0.0273755,0.0106764,-0.00277217,0,0,0
1780640650873132,24.8023,0.00443192,0.00184991,-5.00107,0,0,-5,0.00443192,0.00184991,-0.00106812,0.00491985,0.025642,0.00904485,-0.00323514,0,0,0
1780640650889132,24.8183,0.00503597,0.00195405,-5.00119,0,0,-5,0.00503597,0.00195405,-0.00119019,0.00553135,0.0248985,0.0090696,-0.00227765,0,0,0
1780640650913132,24.8423,0.00590245,0.00210454,-5.00131,0,0,-5,0.00590245,0.00210454,-0.00131226,0.00640235,0.0234298,0.00857207,-0.00155325,0,0,0
1780640650937132,24.8663,0.00673598,0.0022542,-5.00146,0,0,-5,0.00673598,0.0022542,-0.00146484,0.00725263,0.0221145,0.00778771,-0.00192555,0,0,0
1780640650953132,24.8823,0.00726483,0.0023449,-5.00156,0,0,-5,0.00726483,0.0023449,-0.0015564,0.00779093,0.0208876,0.0069699,-0.000653138,0,0,0
1780640650977132,24.9063,0.0080234,0.0024804,-5.00168,0,0,-5,0.0080234,0.0024804,-0.00167847,0.00856415,0.0191631,0.00728314,0.000176572,0,0,0
1780640650993132,24.9223,0.00848962,0.00258909,-5.00174,0,0,-5,0.00848962,0.00258909,-0.0017395,0.00904449,0.016536,0.00749886,0.000461199,0,0,0
1780640651017132,24.9463,0.00914652,0.00277554,-5.00183,0,0,-5,0.00914652,0.00277554,-0.00183105,0.00973218,0.0159026,0.00880528,0.000670823,0,0,0
1780640651033132,24.9623,0.00956687,0.00290727,-5.00186,0,0,-5,0.00956687,0.00290727,-0.00186157,0.0101707,0.0145795,0.00839098,0.000240269,0,0,0
1780640651057132,24.9863,0.0102137,0.0030815,-5.00192,0,0,-5,0.0102137,0.0030815,-0.00192261,0.0108402,0.0141636,0.00791186,0.00130278,0,0,0
1780640651073132,25.0023,0.0106268,0.00320989,-5.00192,0,0,-5,0.0106268,0.00320989,-0.00192261,0.0112663,0.0133111,0.00815585,0.000610661,0,0,0
1780640651097132,25.0263,0.0112131,0.00342072,-5.00195,0,0,-5,0.0112131,0.00342072,-0.00195312,0.0118848,0.0121136,0.00881111,-0.00125176,0,0,0
1780640651113132,25.0423,0.0115955,0.00355976,-5.00201,0,0,-5,0.0115955,0.00355976,-0.00201416,0.0122957,0.0121029,0.00777632,-0.00146195,0,0,0
1780640651137132,25.0663,0.0121839,0.00376495,-5.00211,0,0,-5,0.0121839,0.00376495,-0.00210571,0.0129251,0.0128015,0.00776592,-0.00279251,0,0,0
1780640651153132,25.0823,0.0127589,0.00389609,-5.00232,0,0,-5,0.0127589,0.00389609,-0.00231934,0.0135407,0.0105064,0.00676239,-0.00390781,0,0,0
1780640651169132,25.0983,0.013491,0.00403643,-5.00266,0,0,-5,0.013491,0.00403643,-0.00265503,0.01433,0.00954607,0.00679854,-0.00489967,0,0,0
1780640651193132,25.1223,0.014532,0.00424096,-5.00314,0,0,-5,0.014532,0.00424096,-0.00314331,0.0154611,0.00848663,0.00645263,-0.00505649,0,0,0
1780640651209249,25.1384,0.0151982,0.00436956,-5.00345,0,0,-5,0.0151982,0.00436956,-0.00344849,0.0161855,0.00849001,0.00505103,-0.00370168,0,0,0
1780640651233249,25.1624,0.0161262,0.00453956,-5.00388,0,0,-5,0.0161262,0.00453956,-0.00387573,0.0171954,0.0061059,0.00444131,-0.00278669,0,0,0
1780640651257249,25.1864,0.0169924,0.00470625,-5.00427,0,0,-5,0.0169924,0.00470625,-0.00427246,0.0181423,0.0060615,0.00433336,-0.00256727,0,0,0
1780640651273249,25.2024,0.0175425,0.00481563,-5.00452,0,0,-5,0.0175425,0.00481563,-0.0045166,0.0187438,0.00565444,0.00455365,-0.00108149,0,0,0
1780640651297249,25.2264,0.0183399,0.00498702,-5.00485,0,0,-5,0.0183399,0.00498702,-0.00485229,0.0196155,0.00574932,0.00392627,2.01565e-05,0,0,0
1780640651313249,25.2424,0.0188525,0.00510806,-5.00507,0,0,-5,0.0188525,0.00510806,-0.00506592,0.0201786,0.0050926,0.00571258,7.31594e-05,0,0,0
1780640651337249,25.2664,0.0195608,0.00532666,-5.00534,0,0,-5,0.0195608,0.00532666,-0.00534058,0.0209647,0.00382061,0.00630642,0.00136872,0,0,0
1780640651353249,25.2824,0.0199993,0.00548052,-5.00549,0,0,-5,0.0199993,0.00548052,-0.00549316,0.0214519,0.00288645,0.00640815,0.00236654,0,0,0
1780640651377249,25.3064,0.0206078,0.00572778,-5.00571,0,0,-5,0.0206078,0.00572778,-0.00570679,0.0221372,0.00126353,0.00699948,0.00248007,0,0,0
1780640651393249,25.3224,0.0209779,0.00589315,-5.0058,0,0,-5,0.0209779,0.00589315,-0.00579834,0.0225482,0.000531272,0.00706765,0.00323895,0,0,0
1780640651417249,25.3464,0.0214761,0.00612898,-5.00595,0,0,-5,0.0214761,0.00612898,-0.00595093,0.0231128,-0.00198107,0.00574112,0.00435395,0,0,0
1780640651433249,25.3624,0.0217695,0.0062793,-5.00601,0,0,-5,0.0217695,0.0062793,-0.00601196,0.0234411,-0.00246471,0.00675567,0.00391451,0,0,0
1780640651457249,25.3864,0.0221771,0.00653546,-5.0061,0,0,-5,0.0221771,0.00653546,-0.00610352,0.0239121,-0.00388589,0.00779147,0.00320246,0,0,0
1780640651473249,25.4024,0.0224059,0.00672396,-5.00616,0,0,-5,0.0224059,0.00672396,-0.00616455,0.0241917,-0.00548386,0.0083202,0.00380065,0,0,0
1780640651497249,25.4264,0.0226994,0.00701485,-5.00626,0,0,-5,0.0226994,0.00701485,-0.0062561,0.0245685,-0.00743288,0.00782426,0.00498015,0,0,0
1780640651513249,25.4424,0.0228658,0.00719944,-5.00629,0,0,-5,0.0228658,0.00719944,-0.00628662,0.024783,-0.00767683,0.00751003,0.00675523,0,0,0
1780640651537249,25.4664,0.0230724,0.00747887,-5.00626,0,0,-5,0.0230724,0.00747887,-0.0062561,0.0250481,-0.00933914,0.0078237,0.00867752,0,0,0
1780640651553249,25.4824,0.02323,0.00766633,-5.00613,0,0,-5,0.02323,0.00766633,-0.00613403,0.0252197,-0.00901673,0.00716708,0.00954028,0,0,0
1780640651577249,25.5064,0.0235159,0.00793622,-5.00589,0,0,-5,0.0235159,0.00793622,-0.00588989,0.0255083,-0.00883887,0.00664072,0.00910545,0,0,0
1780640651593249,25.5224,0.0236901,0.00811966,-5.00571,0,0,-5,0.0236901,0.00811966,-0.00570679,0.025685,-0.00974249,0.00684966,0.00943618,0,0,0
1780640651617249,25.5464,0.0238927,0.00838891,-5.00543,0,0,-5,0.0238927,0.00838891,-0.00543213,0.0258987,-0.0116175,0.00594106,0.00927011,0,0,0
1780640651633249,25.5624,0.023991,0.00856443,-5.00525,0,0,-5,0.023991,0.00856443,-0.00524902,0.026009,-0.012942,0.00655623,0.00903262,0,0,0
1780640651657249,25.5864,0.0240952,0.00882953,-5.00497,0,0,-5,0.0240952,0.00882953,-0.00497437,0.0261397,-0.0141503,0.00581299,0.00916682,0,0,0
1780640651673249,25.6024,0.0241328,0.00899893,-5.00479,0,0,-5,0.0241328,0.00899893,-0.00479126,0.0261979,-0.0154797,0.00598042,0.00813648,0,0,0
1780640651689249,25.6184,0.0241514,0.00917106,-5.00461,0,0,-5,0.0241514,0.00917106,-0.00460815,0.0262418,-0.0162069,0.0056664,0.00927479,0,0,0
1780640651713249,25.6424,0.0241477,0.00943286,-5.00436,0,0,-5,0.0241477,0.00943286,-0.00436401,0.0262894,-0.017025,0.00639421,0.00929633,0,0,0
1780640651737249,25.6664,0.0241101,0.00969393,-5.00409,0,0,-5,0.0241101,0.00969393,-0.00408936,0.0263058,-0.0185269,0.0055763,0.00932873,0,0,0
1780640651753249,25.6824,0.0240574,0.00985372,-5.00394,0,0,-5,0.0240574,0.00985372,-0.00393677,0.0262935,-0.0184152,0.00607784,0.00936016,0,0,0
1780640651777249,25.7064,0.0239347,0.0100824,-5.00375,0,0,-5,0.0239347,0.0100824,-0.00375366,0.0262414,-0.0199174,0.00482172,0.00709677,0,0,0
1780640651793249,25.7224,0.0238383,0.0102168,-5.00366,0,0,-5,0.0238383,0.0102168,-0.00366211,0.0261927,-0.0203458,0.00408595,0.00535402,0,0,0
1780640651817249,25.7464,0.0236661,0.0104124,-5.00357,0,0,-5,0.0236661,0.0104124,-0.00357056,0.0261008,-0.0205078,0.0044653,0.00387086,0,0,0
1780640651833249,25.7624,0.0235583,0.0105481,-5.00351,0,0,-5,0.0235583,0.0105481,-0.00350952,0.0260494,-0.0204689,0.00446373,0.00281091,0,0,0
1780640651857249,25.7864,0.0233691,0.0107462,-5.00345,0,0,-5,0.0233691,0.0107462,-0.00344849,0.0259516,-0.0211438,0.00448449,0.00124454,0,0,0
1780640651873249,25.8024,0.0232258,0.0108781,-5.00339,0,0,-5,0.0232258,0.0108781,-0.00338745,0.0258698,-0.0216934,0.00422346,0.00198716,0,0,0
1780640651889249,25.8184,0.0230803,0.0109961,-5.00336,0,0,-5,0.0230803,0.0109961,-0.00335693,0.0257853,-0.0213295,0.00304993,0.00288277,0,0,0
1780640651913249,25.8424,0.0228915,0.0111775,-5.00323,0,0,-5,0.0228915,0.0111775,-0.00323486,0.0256792,-0.0217575,0.00174796,0.00467075,0,0,0
1780640651937249,25.8664,0.0226714,0.0113076,-5.00311,0,0,-5,0.0226714,0.0113076,-0.00311279,0.0255254,-0.0229894,0.000134034,0.00360363,0,0,0
1780640651953249,25.8824,0.0226438,0.0114404,-5.00311,0,0,-5,0.0226438,0.0114404,-0.00311279,0.02556,-0.0238293,-0.0008021,0.00100129,0,0,0
1780640651977249,25.9064,0.0228056,0.011732,-5.00317,0,0,-5,0.0228056,0.011732,-0.00317383,0.025842,-0.0230702,0.000286677,-0.000829717,0,0,0
1780640651993249,25.9224,0.0228877,0.0119279,-5.0032,0,0,-5,0.0228877,0.0119279,-0.00320435,0.0260074,-0.0237588,0.000270645,0.00105123,0,0,0
1780640652017249,25.9464,0.0229665,0.0122119,-5.0032,0,0,-5,0.0229665,0.0122119,-0.00320435,0.026208,-0.0233466,0.000438951,0.00218889,0,0,0
1780640652033249,25.9624,0.0230103,0.012387,-5.00323,0,0,-5,0.0230103,0.012387,-0.00323486,0.026332,-0.0230546,-0.000355726,0.00252464,0,0,0
1780640652057249,25.9864,0.0230634,0.0125943,-5.00327,0,0,-5,0.0230634,0.0125943,-0.00326538,0.0264802,-0.0228979,-0.00161852,0.0013259,0,0,0
1780640652073249,26.0024,0.023076,0.0127102,-5.00327,0,0,-5,0.023076,0.0127102,-0.00326538,0.0265464,-0.0237908,-0.00216477,0.00300689,0,0,0
1780640652097249,26.0264,0.0230477,0.0128531,-5.00327,0,0,-5,0.0230477,0.0128531,-0.00326538,0.0265906,-0.0244807,-0.0029978,0.00346389,0,0,0
1780640652113249,26.0424,0.0230102,0.0129323,-5.00323,0,0,-5,0.0230102,0.0129323,-0.00323486,0.0265928,-0.0243741,-0.00383552,0.00385636,0,0,0
1780640652137249,26.0664,0.0229351,0.0130216,-5.0032,0,0,-5,0.0229351,0.0130216,-0.00320435,0.0265678,-0.0247918,-0.00490282,0.00307477,0,0,0
1780640652153249,26.0824,0.0228528,0.0130624,-5.00317,0,0,-5,0.0228528,0.0130624,-0.00317383,0.0265132,-0.0260282,-0.00605854,0.00294159,0,0,0
1780640652177249,26.1064,0.022706,0.0130659,-5.00314,0,0,-5,0.022706,0.0130659,-0.00314331,0.0263848,-0.0253498,-0.00861256,0.00471332,0,0,0
1780640652193249,26.1224,0.0225906,0.0130697,-5.00311,0,0,-5,0.0225906,0.0130697,-0.00311279,0.0262838,-0.02554,-0.00816755,0.00418242,0,0,0
1780640652217371,26.1465,0.0224062,0.0130591,-5.00305,0,0,-5,0.0224062,0.0130591,-0.00305176,0.026113,-0.0249742,-0.0088913,0.00569562,0,0,0
1780640652233371,26.1625,0.0222808,0.0130509,-5.00299,0,0,-5,0.0222808,0.0130509,-0.00299072,0.0259943,-0.0241069,-0.00893402,0.00556812,0,0,0
1780640652249371,26.1785,0.0221575,0.0130227,-5.0029,0,0,-5,0.0221575,0.0130227,-0.00289917,0.0258641,-0.0239193,-0.00967821,0.00602012,0,0,0
1780640652273371,26.2025,0.021984,0.0129576,-5.00278,0,0,-5,0.021984,0.0129576,-0.0027771,0.0256692,-0.0227098,-0.0105285,0.0062292,0,0,0
1780640652297371,26.2265,0.0217805,0.012874,-5.00266,0,0,-5,0.0217805,0.012874,-0.00265503,0.0254397,-0.0238316,-0.010617,0.00639655,0,0,0
1780640652313371,26.2425,0.0216295,0.0128128,-5.00259,0,0,-5,0.0216295,0.0128128,-0.00259399,0.0252731,-0.0236942,-0.0102129,0.00513275,0,0,0
1780640652337371,26.2665,0.0213766,0.0127374,-5.0025,0,0,-5,0.0213766,0.0127374,-0.00250244,0.0250093,-0.0240661,-0.00988899,0.00561936,0,0,0
1780640652353371,26.2825,0.0214003,0.0126507,-5.00256,0,0,-5,0.0214003,0.0126507,-0.00256348,0.0249917,-0.0239888,-0.00942911,0.00455364,0,0,0
1780640652377371,26.3065,0.021693,0.0124522,-5.00281,0,0,-5,0.021693,0.0124522,-0.00280762,0.02517,-0.0242894,-0.00975195,0.00385378,0,0,0
1780640652393371,26.3225,0.0218585,0.0123318,-5.00296,0,0,-5,0.0218585,0.0123318,-0.00296021,0.0252711,-0.0241105,-0.00868693,0.0039246,0,0,0
1780640652417371,26.3465,0.022072,0.0121595,-5.00317,0,0,-5,0.022072,0.0121595,-0.00317383,0.0253988,-0.0236893,-0.00921933,0.00563672,0,0,0
1780640652433371,26.3625,0.0221928,0.0120424,-5.00327,0,0,-5,0.0221928,0.0120424,-0.00326538,0.0254598,-0.0232239,-0.00907687,0.00694087,0,0,0
1780640652457371,26.3865,0.0223395,0.011869,-5.00336,0,0,-5,0.0223395,0.011869,-0.00335693,0.0255185,-0.0235241,-0.00936535,0.00753913,0,0,0
1780640652473371,26.4025,0.0224168,0.0117319,-5.00339,0,0,-5,0.0224168,0.0117319,-0.00338745,0.0255269,-0.0230591,-0.0107527,0.00817864,0,0,0
1780640652497371,26.4265,0.022535,0.0114968,-5.00342,0,0,-5,0.022535,0.0114968,-0.00341797,0.0255281,-0.021152,-0.0119507,0.00756411,0,0,0
1780640652513371,26.4425,0.0226103,0.0113211,-5.00345,0,0,-5,0.0226103,0.0113211,-0.00344849,0.0255203,-0.0211519,-0.0122032,0.00729806,0,0,0
1780640652537371,26.4665,0.0227046,0.0110717,-5.00348,0,0,-5,0.0227046,0.0110717,-0.003479,0.0254987,-0.0196639,-0.010917,0.00728234,0,0,0
1780640652553371,26.4825,0.0227661,0.0109226,-5.00351,0,0,-5,0.0227661,0.0109226,-0.00350952,0.0254934,-0.019458,-0.0114739,0.00751433,0,0,0
1780640652569371,26.4985,0.0228252,0.0107688,-5.00351,0,0,-5,0.0228252,0.0107688,-0.00350952,0.0254808,-0.0187205,-0.011705,0.00760349,0,0,0
1780640652593371,26.5225,0.0229097,0.0105279,-5.00354,0,0,-5,0.0229097,0.0105279,-0.00354004,0.0254603,-0.017586,-0.0116843,0.0058655,0,0,0
1780640652617371,26.5465,0.0229855,0.0103077,-5.00354,0,0,-5,0.0229855,0.0103077,-0.00354004,0.0254385,-0.0175906,-0.0113695,0.00644492,0,0,0
1780640652633371,26.5625,0.0230133,0.0101743,-5.00354,0,0,-5,0.0230133,0.0101743,-0.00354004,0.0254099,-0.0173147,-0.0119589,0.00677317,0,0,0
1780640652657371,26.5865,0.023072,0.00994715,-5.00351,0,0,-5,0.023072,0.00994715,-0.00350952,0.0253689,-0.0145044,-0.0130362,0.00714454,0,0,0
1780640652673371,26.6025,0.0231182,0.009794,-5.00351,0,0,-5,0.0231182,0.009794,-0.00350952,0.0253513,-0.0145401,-0.0120925,0.0068829,0,0,0
1780640652697371,26.6265,0.0231848,0.0095903,-5.00348,0,0,-5,0.0231848,0.0095903,-0.003479,0.0253301,-0.0133108,-0.0112026,0.00633016,0,0,0
1780640652713371,26.6425,0.0232166,0.00945961,-5.00348,0,0,-5,0.0232166,0.00945961,-0.003479,0.02531,-0.0142576,-0.0117691,0.00648914,0,0,0
1780640652737371,26.6665,0.0232233,0.0092721,-5.00345,0,0,-5,0.0232233,0.0092721,-0.00344849,0.0252425,-0.0148609,-0.0107142,0.00517326,0,0,0
1780640652753371,26.6825,0.0233429,0.00913564,-5.00345,0,0,-5,0.0233429,0.00913564,-0.00344849,0.025303,-0.0144615,-0.0111534,0.00417466,0,0,0
1780640652777371,26.7065,0.0237026,0.00890153,-5.00345,0,0,-5,0.0237026,0.00890153,-0.00344849,0.0255527,-0.0138219,-0.0116251,0.00484798,0,0,0
1780640652793371,26.7225,0.0239321,0.00874532,-5.00345,0,0,-5,0.0239321,0.00874532,-0.00344849,0.0257122,-0.0129286,-0.0112429,0.00509447,0,0,0
1780640652809371,26.7385,0.024156,0.00859413,-5.00348,0,0,-5,0.024156,0.00859413,-0.003479,0.0258742,-0.0122398,-0.0105815,0.00468812,0,0,0
1780640652833371,26.7625,0.0244496,0.00838649,-5.00357,0,0,-5,0.0244496,0.00838649,-0.00357056,0.0260934,-0.013221,-0.00965409,0.00435927,0,0,0
1780640652857371,26.7865,0.0246924,0.00818743,-5.00366,0,0,-5,0.0246924,0.00818743,-0.00366211,0.0262709,-0.0131794,-0.010569,0.00365571,0,0,0
1780640652873371,26.8025,0.0248327,0.00804646,-5.00369,0,0,-5,0.0248327,0.00804646,-0.00369263,0.0263637,-0.0134317,-0.010683,0.00374324,0,0,0
1780640652897371,26.8265,0.025013,0.00783191,-5.00381,0,0,-5,0.025013,0.00783191,-0.0038147,0.0264867,-0.0133643,-0.0109846,0.00310406,0,0,0
1780640652913371,26.8425,0.0251391,0.00770841,-5.00388,0,0,-5,0.0251391,0.00770841,-0.00387573,0.0265785,-0.0119981,-0.0112918,0.00300571,0,0,0
1780640652929371,26.8585,0.0252679,0.00758022,-5.00394,0,0,-5,0.0252679,0.00758022,-0.00393677,0.0266725,-0.0117461,-0.0113896,0.0026662,0,0,0
1780640652953371,26.8825,0.0254312,0.00736536,-5.00406,0,0,-5,0.0254312,0.00736536,-0.00405884,0.0267856,-0.0123063,-0.0119702,0.00273754,0,0,0
1780640652977371,26.9065,0.025586,0.00716655,-5.00421,0,0,-5,0.025586,0.00716655,-0.00421143,0.0269024,-0.0106952,-0.0115801,0.0032756,0,0,0
1780640652993371,26.9225,0.0256919,0.00703562,-5.0043,0,0,-5,0.0256919,0.00703562,-0.00430298,0.0269832,-0.0104526,-0.0112636,0.00454405,0,0,0
1780640653009371,26.9385,0.0257898,0.00690779,-5.00436,0,0,-5,0.0257898,0.00690779,-0.00436401,0.0270532,-0.00956375,-0.0109421,0.00382072,0,0,0
1780640653033371,26.9625,0.0259286,0.00671884,-5.00446,0,0,-5,0.0259286,0.00671884,-0.00445557,0.027153,-0.0104957,-0.0120464,0.00302622,0,0,0
1780640653057371,26.9865,0.0260361,0.00652955,-5.00455,0,0,-5,0.0260361,0.00652955,-0.00454712,0.0272248,-0.0112689,-0.0103095,0.00308968,0,0,0
1780640653073371,27.0025,0.0260925,0.00642087,-5.00461,0,0,-5,0.0260925,0.00642087,-0.00460815,0.0272632,-0.0113178,-0.0108162,0.00321153,0,0,0
1780640653097371,27.0265,0.0261409,0.0062351,-5.0047,0,0,-5,0.0261409,0.0062351,-0.00469971,0.027282,-0.0123153,-0.0107614,0.00329675,0,0,0
1780640653113371,27.0425,0.0261595,0.00612803,-5.00476,0,0,-5,0.0261595,0.00612803,-0.00476074,0.0272862,-0.0124107,-0.0101182,0.00295579,0,0,0
1780640653137371,27.0665,0.0261797,0.00595624,-5.00482,0,0,-5,0.0261797,0.00595624,-0.00482178,0.0272782,-0.0117532,-0.0111517,0.00367351,0,0,0
1780640653153371,27.0825,0.0261569,0.00559531,-5.00494,0,0,-5,0.0261569,0.00559531,-0.00494385,0.0272017,-0.0130649,-0.0109345,0.00453636,0,0,0
1780640653169371,27.0985,0.0261016,0.00501746,-5.00507,0,0,-5,0.0261016,0.00501746,-0.00506592,0.0270579,-0.0127432,-0.0115381,0.00534292,0,0,0
1780640653193371,27.1225,0.0260117,0.00418305,-5.00528,0,0,-5,0.0260117,0.00418305,-0.00527954,0.0268697,-0.0127033,-0.0106942,0.0038937,0,0,0
1780640653217371,27.1465,0.025932,0.00339154,-5.00546,0,0,-5,0.025932,0.00339154,-0.00546265,0.0267172,-0.0127009,-0.0109502,0.00419471,0,0,0
1780640653233497,27.1627,0.0258649,0.00288223,-5.00558,0,0,-5,0.0258649,0.00288223,-0.00558472,0.0266175,-0.0124843,-0.0111105,0.0052284,0,0,0
1780640653249497,27.1787,0.0257947,0.00239716,-5.00568,0,0,-5,0.0257947,0.00239716,-0.00567627,0.0265205,-0.0132815,-0.0106669,0.00475602,0,0,0
1780640653273497,27.2027,0.0256494,0.00169372,-5.00583,0,0,-5,0.0256494,0.00169372,-0.00582886,0.0263579,-0.0144803,-0.011097,0.00390637,0,0,0
1780640653297497,27.2267,0.0254846,0.00101491,-5.00595,0,0,-5,0.0254846,0.00101491,-0.00595093,0.0261898,-0.0147808,-0.0119903,0.004808,0,0,0
1780640653313497,27.2427,0.0253667,0.000562846,-5.00601,0,0,-5,0.0253667,0.000562846,-0.00601196,0.0260755,-0.0148341,-0.0125241,0.00566016,0,0,0
1780640653337497,27.2667,0.025188,-8.69902e-05,-5.00607,0,0,-5,0.025188,-8.69902e-05,-0.006073,0.0259099,-0.014578,-0.0116309,0.00651992,0,0,0
1780640653353497,27.2827,0.0250754,-0.000484041,-5.00607,0,0,-5,0.0250754,-0.000484041,-0.006073,0.0258048,-0.0148154,-0.0111659,0.0068938,0,0,0
1780640653377497,27.3067,0.0248833,-0.0010528,-5.0061,0,0,-5,0.0248833,-0.0010528,-0.00610352,0.0256426,-0.0157546,-0.0113132,0.0075668,0,0,0
1780640653393497,27.3227,0.0247343,-0.0014288,-5.00607,0,0,-5,0.0247343,-0.0014288,-0.006073,0.025509,-0.0163369,-0.0117394,0.00822869,0,0,0
1780640653417497,27.3467,0.0244895,-0.00198446,-5.00604,0,0,-5,0.0244895,-0.00198446,-0.00604248,0.0253018,-0.0168933,-0.0123279,0.0076675,0,0,0
1780640653433497,27.3627,0.024325,-0.00235414,-5.00601,0,0,-5,0.024325,-0.00235414,-0.00601196,0.0251673,-0.0165067,-0.0132023,0.00724867,0,0,0
1780640653457497,27.3867,0.024059,-0.00288849,-5.00595,0,0,-5,0.024059,-0.00288849,-0.00595093,0.0249518,-0.0179331,-0.0127399,0.00773085,0,0,0
1780640653473497,27.4027,0.0238737,-0.00323268,-5.00589,0,0,-5,0.0238737,-0.00323268,-0.00588989,0.0248011,-0.0170215,-0.0125137,0.00866854,0,0,0
1780640653497497,27.4267,0.0235916,-0.00371248,-5.00577,0,0,-5,0.0235916,-0.00371248,-0.00576782,0.0245686,-0.0177335,-0.011028,0.00889857,0,0,0
1780640653513497,27.4427,0.0233939,-0.00401789,-5.00568,0,0,-5,0.0233939,-0.00401789,-0.00567627,0.0244057,-0.0175026,-0.0112088,0.00887714,0,0,0
1780640653537497,27.4667,0.0230863,-0.00447008,-5.00555,0,0,-5,0.0230863,-0.00447008,-0.0055542,0.0241621,-0.0181292,-0.0118241,0.00838218,0,0,0
1780640653553497,27.4827,0.0230321,-0.00469704,-5.00552,0,0,-5,0.0230321,-0.00469704,-0.00552368,0.0241464,-0.0186267,-0.0125686,0.00749765,0,0,0
1780640653577497,27.5067,0.0231529,-0.00494055,-5.00558,0,0,-5,0.0231529,-0.00494055,-0.00558472,0.0243239,-0.0185787,-0.0125654,0.0047679,0,0,0
1780640653593497,27.5227,0.0232099,-0.00508204,-5.00565,0,0,-5,0.0232099,-0.00508204,-0.00564575,0.0244213,-0.0187314,-0.0105944,0.00444548,0,0,0
1780640653617497,27.5467,0.0232511,-0.0052563,-5.00568,0,0,-5,0.0232511,-0.0052563,-0.00567627,0.0245043,-0.0197295,-0.00970604,0.00558058,0,0,0
1780640653633497,27.5627,0.0232325,-0.0053687,-5.00568,0,0,-5,0.0232325,-0.0053687,-0.00567627,0.024511,-0.0210072,-0.00933581,0.00543465,0,0,0
1780640653649497,27.5787,0.0231909,-0.00548008,-5.00568,0,0,-5,0.0231909,-0.00548008,-0.00567627,0.0244963,-0.020914,-0.00903576,0.00617456,0,0,0
1780640653673497,27.6027,0.0231082,-0.00563225,-5.00568,0,0,-5,0.0231082,-0.00563225,-0.00567627,0.0244526,-0.0205664,-0.00863082,0.00659062,0,0,0
1780640653697497,27.6267,0.0229971,-0.00577362,-5.00568,0,0,-5,0.0229971,-0.00577362,-0.00567627,0.0243807,-0.0207228,-0.00775958,0.00653377,0,0,0
1780640653713497,27.6427,0.0229212,-0.00585362,-5.00565,0,0,-5,0.0229212,-0.00585362,-0.00564575,0.0243212,-0.0198017,-0.00781491,0.00669935,0,0,0
1780640653737497,27.6667,0.0228171,-0.00598535,-5.00565,0,0,-5,0.0228171,-0.00598535,-0.00564575,0.0242553,-0.0188395,-0.00785891,0.00640978,0,0,0
1780640653753497,27.6827,0.0227239,-0.00606883,-5.00562,0,0,-5,0.0227239,-0.00606883,-0.00561523,0.0241813,-0.0199319,-0.00758225,0.00533416,0,0,0
1780640653777497,27.7067,0.022559,-0.00618374,-5.00558,0,0,-5,0.022559,-0.00618374,-0.00558472,0.0240486,-0.0197165,-0.00743097,0.00546619,0,0,0
1780640653793497,27.7227,0.0224277,-0.00626502,-5.00555,0,0,-5,0.0224277,-0.00626502,-0.0055542,0.0239395,-0.0201776,-0.00696355,0.00547531,0,0,0
1780640653817497,27.7467,0.0222249,-0.00636061,-5.00552,0,0,-5,0.0222249,-0.00636061,-0.00552368,0.023768,-0.0193997,-0.00517696,0.00456996,0,0,0
1780640653833497,27.7627,0.0220862,-0.00640226,-5.00552,0,0,-5,0.0220862,-0.00640226,-0.00552368,0.0236496,-0.0192043,-0.00462957,0.00486504,0,0,0
1780640653857497,27.7867,0.0218748,-0.00646211,-5.00549,0,0,-5,0.0218748,-0.00646211,-0.00549316,0.0234615,-0.0183085,-0.00535154,0.00594376,0,0,0
1780640653873497,27.8027,0.0217403,-0.00649529,-5.00546,0,0,-5,0.0217403,-0.00649529,-0.00546265,0.0233382,-0.0176986,-0.00399105,0.00574094,0,0,0
1780640653897497,27.8267,0.0215347,-0.00651978,-5.00537,0,0,-5,0.0215347,-0.00651978,-0.00537109,0.0231323,-0.017346,-0.00374675,0.00673878,0,0,0
1780640653913497,27.8427,0.021399,-0.00654747,-5.00528,0,0,-5,0.021399,-0.00654747,-0.00527954,0.0229926,-0.0169734,-0.00315642,0.00654878,0,0,0
1780640653937497,27.8667,0.0211822,-0.00656319,-5.00516,0,0,-5,0.0211822,-0.00656319,-0.00515747,0.0227676,-0.0168232,-0.00238804,0.007696,0,0,0
1780640653953497,27.8827,0.0213487,-0.00664139,-5.00525,0,0,-5,0.0213487,-0.00664139,-0.00524902,0.0229658,-0.0172453,-0.00237709,0.00839892,0,0,0
1780640653977497,27.9067,0.0220137,-0.00688099,-5.00555,0,0,-5,0.0220137,-0.00688099,-0.0055542,0.0237234,-0.0172533,-0.00332128,0.00764439,0,0,0
1780640653993497,27.9227,0.0224174,-0.0070259,-5.00577,0,0,-5,0.0224174,-0.0070259,-0.00576782,0.0241903,-0.0172867,-0.00232376,0.00659304,0,0,0
1780640654017497,27.9467,0.0229552,-0.00721935,-5.00604,0,0,-5,0.0229552,-0.00721935,-0.00604248,0.0248107,-0.0171758,-0.00195614,0.00569637,0,0,0
1780640654033497,27.9627,0.0232733,-0.00734018,-5.00623,0,0,-5,0.0232733,-0.00734018,-0.00622559,0.025185,-0.017479,-0.00249936,0.00426345,0,0,0
1780640654057497,27.9867,0.0236701,-0.00750997,-5.0065,0,0,-5,0.0236701,-0.00750997,-0.00650024,0.0256696,-0.0185426,-0.00173512,0.00411378,0,0,0
1780640654073497,28.0027,0.0238968,-0.00761602,-5.00665,0,0,-5,0.0238968,-0.00761602,-0.00665283,0.0259484,-0.0178388,-0.00182413,0.0043941,0,0,0
1780640654097497,28.0267,0.0241915,-0.00774579,-5.00687,0,0,-5,0.0241915,-0.00774579,-0.00686646,0.026313,-0.0192184,-0.00101339,0.0049168,0,0,0
1780640654113497,28.0427,0.0243307,-0.00782309,-5.00702,0,0,-5,0.0243307,-0.00782309,-0.00701904,0.0265037,-0.0214957,-0.00054771,0.00563865,0,0,0
1780640654137497,28.0667,0.0244882,-0.00793128,-5.00723,0,0,-5,0.0244882,-0.00793128,-0.00723267,0.0267374,-0.0200114,-0.000983332,0.00623209,0,0,0
1780640654153497,28.0827,0.0245821,-0.00799271,-5.00732,0,0,-5,0.0245821,-0.00799271,-0.00732422,0.0268665,-0.0204755,-0.000552826,0.00627277,0,0,0
1780640654177497,28.1067,0.0246743,-0.00806964,-5.00748,0,0,-5,0.0246743,-0.00806964,-0.00747681,0.0270156,-0.0205831,2.70434e-05,0.00658634,0,0,0
1780640654193497,28.1227,0.0247141,-0.00810885,-5.00754,0,0,-5,0.0247141,-0.00810885,-0.00753784,0.0270806,-0.0206483,0.000754331,0.00668851,0,0,0
1780640654217497,28.1467,0.0247447,-0.00814928,-5.00766,0,0,-5,0.0247447,-0.00814928,-0.00765991,0.0271548,-0.0201488,0.000280155,0.00609096,0,0,0
1780640654233618,28.1628,0.0247418,-0.0081801,-5.00772,0,0,-5,0.0247418,-0.0081801,-0.00772095,0.0271788,-0.0211302,0.000653864,0.00538539,0,0,0
1780640654249618,28.1788,0.0247082,-0.00820644,-5.00778,0,0,-5,0.0247082,-0.00820644,-0.00778198,0.0271735,-0.0212033,0.000392488,0.00497795,0,0,0
1780640654273618,28.2028,0.0246364,-0.00822081,-5.00787,0,0,-5,0.0246364,-0.00822081,-0.00787354,0.0271391,-0.0221997,0.00251626,0.00485308,0,0,0
1780640654297618,28.2268,0.0245227,-0.00818208,-5.00793,0,0,-5,0.0245227,-0.00818208,-0.00793457,0.027042,-0.0219092,0.00440929,0.00583849,0,0,0
1780640654313618,28.2428,0.0244258,-0.00814124,-5.00797,0,0,-5,0.0244258,-0.00814124,-0.00796509,0.0269508,-0.0226119,0.00393068,0.00733591,0,0,0
1780640654329618,28.2588,0.0243139,-0.00810133,-5.00797,0,0,-5,0.0243139,-0.00810133,-0.00796509,0.0268373,-0.022528,0.00478678,0.00766548,0,0,0
1780640654353618,28.2828,0.024566,-0.00801881,-5.00812,0,0,-5,0.024566,-0.00801881,-0.00811768,0.0270866,-0.0246886,0.00687374,0.0077323,0,0,0
1780640654369618,28.2988,0.0252888,-0.00795234,-5.00848,0,0,-5,0.0252888,-0.00795234,-0.00848389,0.0278342,-0.0249749,0.00743329,0.00845631,0,0,0
1780640654393618,28.3228,0.0262598,-0.007828,-5.00897,0,0,-5,0.0262598,-0.007828,-0.00897217,0.0288332,-0.0250061,0.0073539,0.00898887,0,0,0
1780640654417618,28.3468,0.0271341,-0.00770112,-5.00946,0,0,-5,0.0271341,-0.00770112,-0.00946045,0.02975,-0.0251274,0.00723293,0.00751248,0,0,0
1780640654433618,28.3628,0.0276596,-0.00762524,-5.00974,0,0,-5,0.0276596,-0.00762524,-0.00973511,0.0302981,-0.0242608,0.00631818,0.00774367,0,0,0
1780640654457618,28.3868,0.0284018,-0.00752613,-5.01013,0,0,-5,0.0284018,-0.00752613,-0.0101318,0.0310799,-0.0223664,0.00584614,0.00758055,0,0,0
1780640654473618,28.4028,0.0288746,-0.00745078,-5.01038,0,0,-5,0.0288746,-0.00745078,-0.010376,0.031574,-0.0211115,0.00606468,0.00768711,0,0,0
1780640654497618,28.4268,0.029526,-0.007339,-5.01068,0,0,-5,0.029526,-0.007339,-0.0106812,0.0322449,-0.0207454,0.0058217,0.00993905,0,0,0
1780640654513618,28.4428,0.0299234,-0.00726757,-5.01083,0,0,-5,0.0299234,-0.00726757,-0.0108337,0.0326435,-0.0199326,0.00523785,0.01004,0,0,0
1780640654537618,28.4668,0.030469,-0.00716527,-5.01105,0,0,-5,0.030469,-0.00716527,-0.0110474,0.0331926,-0.0200664,0.00579118,0.0115898,0,0,0
1780640654553618,28.4828,0.0307912,-0.00707102,-5.01117,0,0,-5,0.0307912,-0.00707102,-0.0111694,0.033509,-0.0192623,0.00698483,0.0122552,0,0,0
1780640654577618,28.5068,0.031223,-0.00692668,-5.01129,0,0,-5,0.031223,-0.00692668,-0.0112915,0.0339169,-0.0203749,0.00576094,0.0114164,0,0,0
1780640654593618,28.5228,0.0314671,-0.00683301,-5.01138,0,0,-5,0.0314671,-0.00683301,-0.0113831,0.0341532,-0.0197169,0.0064998,0.0107998,0,0,0
1780640654617618,28.5468,0.0318062,-0.00667372,-5.01147,0,0,-5,0.0318062,-0.00667372,-0.0114746,0.0344651,-0.0180055,0.00630644,0.0110064,0,0,0
1780640654633618,28.5628,0.0320206,-0.00656649,-5.01154,0,0,-5,0.0320206,-0.00656649,-0.0115356,0.0346628,-0.0178926,0.00602128,0.0113484,0,0,0
1780640654657618,28.5868,0.0322913,-0.00640063,-5.0116,0,0,-5,0.0322913,-0.00640063,-0.0115967,0.0349024,-0.0183817,0.00689075,0.0096256,0,0,0
1780640654673618,28.6028,0.0324378,-0.00627305,-5.01166,0,0,-5,0.0324378,-0.00627305,-0.0116577,0.0350352,-0.0175739,0.00775432,0.00882692,0,0,0
1780640654697618,28.6268,0.0326417,-0.00608126,-5.01172,0,0,-5,0.0326417,-0.00608126,-0.0117188,0.0352107,-0.0166885,0.00743171,0.00859613,0,0,0
1780640654713618,28.6428,0.0327599,-0.00595617,-5.01175,0,0,-5,0.0327599,-0.00595617,-0.0117493,0.0353091,-0.0168229,0.00718053,0.00910969,0,0,0
1780640654729618,28.6588,0.0328555,-0.00583365,-5.01178,0,0,-5,0.0328555,-0.00583365,-0.0117798,0.0353875,-0.0172758,0.00726845,0.00771537,0,0,0
1780640654753618,28.6828,0.032942,-0.00563206,-5.01184,0,0,-5,0.032942,-0.00563206,-0.0118408,0.0354556,-0.0187567,0.00896239,0.00897084,0,0,0
1780640654777618,28.7068,0.0351007,-0.0053371,-5.01202,0,0,-5,0.0351007,-0.0053371,-0.0120239,0.0374849,-0.0183238,0.00936439,0.0092282,0,0,0
1780640654793618,28.7228,0.0364477,-0.00515867,-5.01215,0,0,-5,0.0364477,-0.00515867,-0.012146,0.0387631,-0.0176974,0.00769495,0.00973995,0,0,0
1780640654817618,28.7468,0.0382971,-0.00490155,-5.01224,0,0,-5,0.0382971,-0.00490155,-0.0122375,0.0405024,-0.0194634,0.00827108,0.00988363,0,0,0
1780640654833618,28.7628,0.0394235,-0.00472415,-5.0123,0,0,-5,0.0394235,-0.00472415,-0.0122986,0.0415667,-0.0197132,0.00815724,0.00863889,0,0,0
1780640654849618,28.7788,0.0404684,-0.00456127,-5.01233,0,0,-5,0.0404684,-0.00456127,-0.0123291,0.04255,-0.0203328,0.0074707,0.00926902,0,0,0
1780640654873618,28.8028,0.0419243,-0.00429602,-5.01236,0,0,-5,0.0419243,-0.00429602,-0.0123596,0.0439188,-0.0189303,0.00987355,0.0106311,0,0,0
1780640654889618,28.8188,0.0428447,-0.00409924,-5.01233,0,0,-5,0.0428447,-0.00409924,-0.0123291,0.0447714,-0.0176969,0.00924034,0.0125262,0,0,0
1780640654913618,28.8428,0.0441271,-0.00379505,-5.01224,0,0,-5,0.0441271,-0.00379505,-0.0122375,0.0459495,-0.0181662,0.0108809,0.012494,0,0,0
1780640654937618,28.8668,0.0452731,-0.00347654,-5.01212,0,0,-5,0.0452731,-0.00347654,-0.0121155,0.0469949,-0.0181604,0.0102713,0.013842,0,0,0
1780640654953618,28.8828,0.045979,-0.00328012,-5.01196,0,0,-5,0.045979,-0.00328012,-0.0119629,0.0476228,-0.0177815,0.00925021,0.0138064,0,0,0
1780640654969618,28.8988,0.0466435,-0.00308187,-5.01184,0,0,-5,0.0466435,-0.00308187,-0.0118408,0.0482216,-0.0181907,0.0105128,0.014562,0,0,0
1780640654993618,28.9228,0.047558,-0.00274822,-5.01163,0,0,-5,0.047558,-0.00274822,-0.0116272,0.0490358,-0.0170873,0.011584,0.0135521,0,0,0
1780640655017618,28.9468,0.0483715,-0.0024102,-5.01138,0,0,-5,0.0483715,-0.0024102,-0.0113831,0.0497513,-0.019213,0.0121365,0.0134384,0,0,0
1780640655033618,28.9628,0.0488379,-0.00217081,-5.0112,0,0,-5,0.0488379,-0.00217081,-0.0112,0.0501527,-0.0194218,0.0126076,0.0131748,0,0,0
1780640655057618,28.9868,0.0494526,-0.00178987,-5.01093,0,0,-5,0.0494526,-0.00178987,-0.0109253,0.0506767,-0.0199435,0.0135828,0.012001,0,0,0
1780640655073618,29.0028,0.0498172,-0.00153271,-5.01077,0,0,-5,0.0498172,-0.00153271,-0.0107727,0.0509917,-0.0194864,0.0133668,0.0118575,0,0,0
1780640655097618,29.0268,0.0502944,-0.00113976,-5.01056,0,0,-5,0.0502944,-0.00113976,-0.0105591,0.0514035,-0.0207602,0.0135828,0.0118154,0,0,0
1780640655113618,29.0428,0.0505615,-0.000877665,-5.01041,0,0,-5,0.0505615,-0.000877665,-0.0104065,0.0516288,-0.0214587,0.013421,0.0114777,0,0,0
1780640655137618,29.0668,0.0508938,-0.00051258,-5.01016,0,0,-5,0.0508938,-0.00051258,-0.0101624,0.051901,-0.0214025,0.0118081,0.0109931,0,0,0
1780640655153618,29.0828,0.0516768,-0.000392595,-5.01013,0,0,-5,0.0516768,-0.000392595,-0.0101318,0.0526621,-0.0198037,0.0111803,0.00885717,0,0,0
1780640655177618,29.1068,0.0536214,-0.000379993,-5.01025,0,0,-5,0.0536214,-0.000379993,-0.0102539,0.0545943,-0.01898,0.0104505,0.00860722,0,0,0
1780640655193618,29.1228,0.0548316,-0.000366478,-5.01031,0,0,-5,0.0548316,-0.000366478,-0.0103149,0.0557946,-0.0184482,0.00977967,0.0072879,0,0,0
1780640655217618,29.1468,0.0564964,-0.000359468,-5.01044,0,0,-5,0.0564964,-0.000359468,-0.010437,0.0574535,-0.0192079,0.00804192,0.00667795,0,0,0
1780640655233744,29.1629,0.0575187,-0.000369896,-5.0105,0,0,-5,0.0575187,-0.000369896,-0.010498,0.05847,-0.0190466,0.00696974,0.00729548,0,0,0
1780640655257744,29.1869,0.0589278,-0.000388545,-5.01062,0,0,-5,0.0589278,-0.000388545,-0.0106201,0.0598784,-0.0195886,0.006083,0.00713494,0,0,0
1780640655273744,29.2029,0.0597783,-0.00039246,-5.01068,0,0,-5,0.0597783,-0.00039246,-0.0106812,0.0607264,-0.0194625,0.00688793,0.0065261,0,0,0
1780640655297744,29.2269,0.0609425,-0.000396635,-5.01077,0,0,-5,0.0609425,-0.000396635,-0.0107727,0.0618886,-0.0206503,0.00539373,0.00600034,0,0,0
1780640655313744,29.2429,0.0616476,-0.000406244,-5.0108,0,0,-5,0.0616476,-0.000406244,-0.0108032,0.0625884,-0.0203585,0.00461075,0.00669448,0,0,0
1780640655337744,29.2669,0.062607,-0.000432136,-5.01086,0,0,-5,0.062607,-0.000432136,-0.0108643,0.0635442,-0.0213478,0.00362686,0.00842567,0,0,0
1780640655353744,29.2829,0.0631701,-0.000466485,-5.01083,0,0,-5,0.0631701,-0.000466485,-0.0108337,0.064094,-0.0221619,0.00257905,0.00885702,0,0,0
1780640655369744,29.2989,0.0636735,-0.000498532,-5.01083,0,0,-5,0.0636735,-0.000498532,-0.0108337,0.0645905,-0.0229931,0.00264762,0.00893114,0,0,0
1780640655393744,29.3229,0.0643463,-0.000544489,-5.01077,0,0,-5,0.0643463,-0.000544489,-0.0107727,0.0652442,-0.023988,0.00209759,0.00938594,0,0,0
1780640655417744,29.3469,0.0648861,-0.000595841,-5.01068,0,0,-5,0.0648861,-0.000595841,-0.0106812,0.065762,-0.0252377,0.00106178,0.0106169,0,0,0
1780640655433744,29.3629,0.0651939,-0.000637299,-5.01059,0,0,-5,0.0651939,-0.000637299,-0.0105896,0.0660514,-0.0250238,0.00116876,0.0112491,0,0,0
1780640655449744,29.3789,0.0654623,-0.000680441,-5.01047,0,0,-5,0.0654623,-0.000680441,-0.0104675,0.0662974,-0.025294,2.55014e-05,0.0105232,0,0,0
1780640655473744,29.4029,0.0657848,-0.000736312,-5.01031,0,0,-5,0.0657848,-0.000736312,-0.0103149,0.0665926,-0.0274356,0.000195839,0.00893945,0,0,0
1780640655497744,29.4269,0.0659695,-0.000790381,-5.01016,0,0,-5,0.0659695,-0.000790381,-0.0101624,0.0667523,-0.0297519,0.000215573,0.00899206,0,0,0
1780640655513744,29.4429,0.0660185,-0.000828945,-5.01004,0,0,-5,0.0660185,-0.000828945,-0.0100403,0.0667828,-0.0318832,-0.000570419,0.00992565,0,0,0
1780640655537744,29.4669,0.0660211,-0.00088795,-5.00992,0,0,-5,0.0660211,-0.00088795,-0.00991821,0.0667679,-0.0324035,-0.000218016,0.0094997,0,0,0
1780640655553744,29.4829,0.06684,-0.000531598,-5.00995,0,0,-5,0.06684,-0.000531598,-0.00994873,0.0675784,-0.033203,-0.000474148,0.0100265,0,0,0
1780640655577744,29.5069,0.0691901,0.000562651,-5.0101,0,0,-5,0.0691901,0.000562651,-0.0101013,0.0699258,-0.0326592,0.000862491,0.0112706,0,0,0
1780640655593744,29.5229,0.0706321,0.00125243,-5.01019,0,0,-5,0.0706321,0.00125243,-0.0101929,0.0713748,-0.0332542,0.000996357,0.011203,0,0,0
1780640655617744,29.5469,0.0726046,0.00222572,-5.01028,0,0,-5,0.0726046,0.00222572,-0.0102844,0.0733631,-0.0338276,0.000688156,0.0114777,0,0,0
1780640655633744,29.5629,0.0737977,0.00282793,-5.01035,0,0,-5,0.0737977,0.00282793,-0.0103455,0.074573,-0.0342332,-0.000189315,0.0114941,0,0,0
1780640655657744,29.5869,0.0754013,0.00366875,-5.01038,0,0,-5,0.0754013,0.00366875,-0.010376,0.0762002,-0.035491,-2.0016e-05,0.0118237,0,0,0
1780640655673744,29.6029,0.0763712,0.00421049,-5.01038,0,0,-5,0.0763712,0.00421049,-0.010376,0.0771878,-0.035502,0.000539327,0.0113017,0,0,0
1780640655697744,29.6269,0.0776579,0.00499633,-5.01038,0,0,-5,0.0776579,0.00499633,-0.010376,0.0785072,-0.0374521,0.00148835,0.0100173,0,0,0
1780640655713744,29.6429,0.0784149,0.00550525,-5.01038,0,0,-5,0.0784149,0.00550525,-0.010376,0.0792897,-0.0377542,0.00242253,0.00985324,0,0,0
1780640655737744,29.6669,0.0793987,0.00626296,-5.01038,0,0,-5,0.0793987,0.00626296,-0.010376,0.0803184,-0.0399819,0.00411541,0.00914791,0,0,0
1780640655753744,29.6829,0.0799554,0.00676643,-5.01041,0,0,-5,0.0799554,0.00676643,-0.0104065,0.0809132,-0.0412824,0.00474652,0.00882899,0,0,0
1780640655777744,29.7069,0.080634,0.00750394,-5.01044,0,0,-5,0.080634,0.00750394,-0.010437,0.0816522,-0.0438489,0.00499297,0.0068022,0,0,0
1780640655793744,29.7229,0.0809819,0.00797115,-5.01044,0,0,-5,0.0809819,0.00797115,-0.010437,0.0820398,-0.0451281,0.00467428,0.00803421,0,0,0
1780640655817744,29.7469,0.0813801,0.00863927,-5.01044,0,0,-5,0.0813801,0.00863927,-0.010437,0.0825002,-0.0466892,0.00528946,0.00950602,0,0,0
1780640655833744,29.7629,0.0815606,0.00907101,-5.01041,0,0,-5,0.0815606,0.00907101,-0.0104065,0.0827207,-0.0477456,0.00503891,0.00892908,0,0,0
1780640655857744,29.7869,0.0817317,0.00968358,-5.01038,0,0,-5,0.0817317,0.00968358,-0.010376,0.0829548,-0.0473047,0.00486321,0.00873317,0,0,0
1780640655873744,29.8029,0.0817902,0.0100751,-5.01035,0,0,-5,0.0817902,0.0100751,-0.0103455,0.0830552,-0.0477485,0.00535552,0.00868708,0,0,0
1780640655897744,29.8269,0.0817857,0.0106356,-5.01025,0,0,-5,0.0817857,0.0106356,-0.0102539,0.0831093,-0.0498208,0.00492007,0.00892481,0,0,0
1780640655913744,29.8429,0.0817017,0.0109831,-5.01019,0,0,-5,0.0817017,0.0109831,-0.0101929,0.0830644,-0.0512087,0.004888,0.00799766,0,0,0
1780640655937744,29.8669,0.081467,0.0114977,-5.0101,0,0,-5,0.081467,0.0114977,-0.0101013,0.0828921,-0.0522209,0.00571195,0.00778966,0,0,0
1780640655953744,29.8829,0.0824015,0.0121374,-5.01013,0,0,-5,0.0824015,0.0121374,-0.0101318,0.0839046,-0.0524497,0.00391047,0.00797088,0,0,0
1780640655977744,29.9069,0.0852709,0.0134968,-5.01028,0,0,-5,0.0852709,0.0134968,-0.0102844,0.0869428,-0.053082,0.0046308,0.00843616,0,0,0
1780640655993744,29.9229,0.0870005,0.0143633,-5.01035,0,0,-5,0.0870005,0.0143633,-0.0103455,0.088783,-0.0536626,0.00456092,0.0080778,0,0,0
1780640656017744,29.9469,0.089353,0.0156054,-5.01044,0,0,-5,0.089353,0.0156054,-0.010437,0.091304,-0.053667,0.0061424,0.0102654,0,0,0
1780640656033744,29.9629,0.0907638,0.0164229,-5.01044,0,0,-5,0.0907638,0.0164229,-0.010437,0.0928262,-0.0531312,0.00717139,0.0112348,0,0,0
1780640656057744,29.9869,0.0926566,0.0176038,-5.01044,0,0,-5,0.0926566,0.0176038,-0.010437,0.0948898,-0.0552532,0.00777361,0.0113625,0,0,0
1780640656073744,30.0029,0.0937579,0.0183633,-5.01041,0,0,-5,0.0937579,0.0183633,-0.0104065,0.0961043,-0.0563541,0.00822305,0.0108806,0,0,0
1780640656097744,30.0269,0.0952185,0.0194556,-5.01035,0,0,-5,0.0952185,0.0194556,-0.0103455,0.0977349,-0.0563291,0.00844553,0.0125725,0,0,0
1780640656113744,30.0429,0.0960701,0.0201564,-5.01028,0,0,-5,0.0960701,0.0201564,-0.0102844,0.0986991,-0.0575362,0.00827082,0.0133362,0,0,0
1780640656137744,30.0669,0.0971722,0.0211656,-5.01013,0,0,-5,0.0971722,0.0211656,-0.0101318,0.0999654,-0.0577332,0.00793216,0.0148779,0,0,0
1780640656153744,30.0829,0.0977969,0.021796,-5.01001,0,0,-5,0.0977969,0.021796,-0.0100098,0.100695,-0.0583258,0.00824505,0.0153848,0,0,0
1780640656177744,30.1069,0.0986104,0.0227165,-5.00977,0,0,-5,0.0986104,0.0227165,-0.00976562,0.101663,-0.0582753,0.00804121,0.0155691,0,0,0
1780640656193744,30.1229,0.099057,0.023291,-5.00955,0,0,-5,0.099057,0.023291,-0.009552,0.102206,-0.0586224,0.00788055,0.0154456,0,0,0
1780640656217744,30.1469,0.0995869,0.0241137,-5.00925,0,0,-5,0.0995869,0.0241137,-0.00924683,0.102881,-0.0585114,0.00801979,0.0152808,0,0,0
1780640656233744,30.1629,0.0998649,0.024631,-5.00906,0,0,-5,0.0998649,0.024631,-0.00906372,0.103256,-0.0582707,0.00624482,0.014675,0,0,0
1780640656257871,30.187,0.100169,0.0253315,-5.00879,0,0,-5,0.100169,0.0253315,-0.00878906,0.103696,-0.058892,0.00584803,0.0134642,0,0,0
1780640656273871,30.203,0.100282,0.0257758,-5.00861,0,0,-5,0.100282,0.0257758,-0.00860596,0.103899,-0.059751,0.00530002,0.0135872,0,0,0
1780640656297871,30.227,0.100296,0.0264067,-5.00833,0,0,-5,0.100296,0.0264067,-0.0083313,0.104048,-0.0613026,0.00624892,0.0131326,0,0,0
1780640656313871,30.243,0.100213,0.0268152,-5.00818,0,0,-5,0.100213,0.0268152,-0.00817871,0.10406,-0.0629226,0.00576921,0.0125895,0,0,0
1780640656337871,30.267,0.0999384,0.0273836,-5.0079,0,0,-5,0.0999384,0.0273836,-0.00790405,0.103923,-0.0651682,0.00506606,0.012738,0,0,0
1780640656353871,30.283,0.100497,0.0279397,-5.00784,0,0,-5,0.100497,0.0279397,-0.00784302,0.104603,-0.0657127,0.00489693,0.0110988,0,0,0
1780640656369871,30.299,0.101752,0.0286718,-5.0079,0,0,-5,0.101752,0.0286718,-0.00790405,0.106009,-0.0662638,0.00446919,0.0117168,0,0,0
1780640656393871,30.323,0.103399,0.0296833,-5.008,0,0,-5,0.103399,0.0296833,-0.00799561,0.107872,-0.0669999,0.0022895,0.0109812,0,0,0
1780640656417871,30.347,0.104781,0.0305708,-5.00806,0,0,-5,0.104781,0.0305708,-0.00805664,0.109446,-0.0682691,0.000504222,0.0105328,0,0,0
1780640656433871,30.363,0.105553,0.0311205,-5.00812,0,0,-5,0.105553,0.0311205,-0.00811768,0.110344,-0.0691011,0.000559108,0.0098528,0,0,0
1780640656457871,30.387,0.106533,0.0318927,-5.00815,0,0,-5,0.106533,0.0318927,-0.00814819,0.111503,-0.069496,0.000803207,0.0102104,0,0,0
1780640656473871,30.403,0.107058,0.0323854,-5.00815,0,0,-5,0.107058,0.0323854,-0.00814819,0.112146,-0.071036,0.00131545,0.00984295,0,0,0
1780640656497871,30.427,0.107661,0.0330753,-5.00815,0,0,-5,0.107661,0.0330753,-0.00814819,0.112921,-0.07142,-0.000508471,0.00943421,0,0,0
1780640656513871,30.443,0.107958,0.033492,-5.00812,0,0,-5,0.107958,0.033492,-0.00811768,0.113325,-0.0726748,7.55796e-05,0.00884847,0,0,0
1780640656537871,30.467,0.108264,0.0341006,-5.00806,0,0,-5,0.108264,0.0341006,-0.00805664,0.113793,-0.073543,0.000630055,0.0101164,0,0,0
1780640656553871,30.483,0.108357,0.0344878,-5.008,0,0,-5,0.108357,0.0344878,-0.00799561,0.113993,-0.074293,-2.21403e-05,0.00972291,0,0,0
1780640656577871,30.507,0.10834,0.035001,-5.00787,0,0,-5,0.10834,0.035001,-0.00787354,0.114125,-0.0759953,-0.00173469,0.011228,0,0,0
1780640656593871,30.523,0.108231,0.0353011,-5.00778,0,0,-5,0.108231,0.0353011,-0.00778198,0.114109,-0.0773653,-0.00257998,0.0118402,0,0,0
1780640656617871,30.547,0.107936,0.0356822,-5.00763,0,0,-5,0.107936,0.0356822,-0.00762939,0.113937,-0.0788462,-0.005077,0.010938,0,0,0
1780640656633871,30.563,0.107637,0.0358871,-5.00754,0,0,-5,0.107637,0.0358871,-0.00753784,0.113712,-0.0802516,-0.00675852,0.0101221,0,0,0
1780640656657871,30.587,0.107074,0.0361098,-5.00742,0,0,-5,0.107074,0.0361098,-0.00741577,0.113242,-0.0803175,-0.00874533,0.00979612,0,0,0
1780640656673871,30.603,0.10663,0.0362247,-5.00732,0,0,-5,0.10663,0.0362247,-0.00732422,0.112853,-0.0809527,-0.0101378,0.00996121,0,0,0
1780640656697871,30.627,0.105868,0.0363521,-5.0072,0,0,-5,0.105868,0.0363521,-0.00720215,0.112167,-0.0808676,-0.0110089,0.00853581,0,0,0
1780640656713871,30.643,0.10529,0.0364041,-5.00711,0,0,-5,0.10529,0.0364041,-0.0071106,0.111633,-0.0824709,-0.0108533,0.00862589,0,0,0
1780640656737871,30.667,0.104315,0.0364685,-5.00699,0,0,-5,0.104315,0.0364685,-0.00698853,0.110727,-0.0840237,-0.0126742,0.00850809,0,0,0
1780640656753871,30.683,0.104298,0.0365771,-5.0069,0,0,-5,0.104298,0.0365771,-0.00689697,0.11074,-0.0842801,-0.0132629,0.00805542,0,0,0
1780640656777871,30.707,0.105117,0.0368463,-5.00677,0,0,-5,0.105117,0.0368463,-0.0067749,0.111594,-0.0854045,-0.0143637,0.00792409,0,0,0
1780640656793871,30.723,0.105517,0.0369805,-5.00671,0,0,-5,0.105517,0.0369805,-0.00671387,0.112011,-0.0870433,-0.0156394,0.00741361,0,0,0
1780640656817871,30.747,0.105925,0.0371172,-5.00662,0,0,-5,0.105925,0.0371172,-0.00662231,0.112435,-0.0868725,-0.0172207,0.00720325,0,0,0
1780640656833871,30.763,0.106095,0.0371743,-5.00656,0,0,-5,0.106095,0.0371743,-0.00656128,0.11261,-0.0860521,-0.0169084,0.00679927,0,0,0
1780640656857871,30.787,0.10619,0.0372142,-5.00647,0,0,-5,0.10619,0.0372142,-0.00646973,0.112708,-0.0870184,-0.0184163,0.00850383,0,0,0
1780640656873871,30.803,0.106156,0.0372075,-5.00638,0,0,-5,0.106156,0.0372075,-0.00637817,0.112669,-0.0878035,-0.0184403,0.00844277,0,0,0
1780640656897871,30.827,0.105982,0.0371546,-5.00626,0,0,-5,0.105982,0.0371546,-0.0062561,0.11248,-0.0882154,-0.0195684,0.00683412,0,0,0
1780640656913871,30.843,0.105774,0.0370994,-5.00623,0,0,-5,0.105774,0.0370994,-0.00622559,0.112264,-0.0879631,-0.0191345,0.00621617,0,0,0
1780640656937871,30.867,0.105332,0.0369773,-5.00613,0,0,-5,0.105332,0.0369773,-0.00613403,0.111802,-0.0884784,-0.0197306,0.00735026,0,0,0
1780640656953871,30.883,0.104964,0.0368817,-5.00607,0,0,-5,0.104964,0.0368817,-0.006073,0.11142,-0.0895075,-0.0197962,0.007223,0,0,0
1780640656977871,30.907,0.104268,0.0366753,-5.00598,0,0,-5,0.104268,0.0366753,-0.00598145,0.110692,-0.0909589,-0.0228154,0.00588627,0,0,0
1780640656993871,30.923,0.10372,0.0365031,-5.00598,0,0,-5,0.10372,0.0365031,-0.00598145,0.110119,-0.091471,-0.0231579,0.00527362,0,0,0
1780640657009871,30.939,0.103114,0.0363076,-5.00598,0,0,-5,0.103114,0.0363076,-0.00598145,0.109483,-0.0914522,-0.0243036,0.00493108,0,0,0
1780640657033871,30.963,0.102108,0.0359731,-5.00598,0,0,-5,0.102108,0.0359731,-0.00598145,0.108425,-0.0920759,-0.023858,0.00351461,0,0,0
1780640657057871,30.987,0.100998,0.0356147,-5.00601,0,0,-5,0.100998,0.0356147,-0.00601196,0.107262,-0.0926569,-0.0251329,0.00392415,0,0,0
1780640657073871,31.003,0.100185,0.0353431,-5.00604,0,0,-5,0.100185,0.0353431,-0.00604248,0.106408,-0.0934104,-0.0260907,0.00453202,0,0,0
1780640657097871,31.027,0.0988954,0.0349168,-5.00604,0,0,-5,0.0988954,0.0349168,-0.00604248,0.105052,-0.0933156,-0.0256868,0.00575786,0,0,0
1780640657113871,31.043,0.0979782,0.0346315,-5.00604,0,0,-5,0.0979782,0.0346315,-0.00604248,0.104094,-0.0936048,-0.0259178,0.00554874,0,0,0
1780640657137871,31.067,0.0965257,0.0341751,-5.00601,0,0,-5,0.0965257,0.0341751,-0.00601196,0.102573,-0.0956067,-0.026932,0.00554474,0,0,0
1780640657153871,31.083,0.096347,0.0337688,-5.0061,0,0,-5,0.096347,0.0337688,-0.00610352,0.102276,-0.0957076,-0.0275721,0.00569936,0,0,0
1780640657177871,31.107,0.0971868,0.0330311,-5.00632,0,0,-5,0.0971868,0.0330311,-0.00631714,0.102841,-0.0940049,-0.027527,0.00533172,0,0,0
1780640657193871,31.123,0.0976273,0.0325428,-5.00647,0,0,-5,0.0976273,0.0325428,-0.00646973,0.103112,-0.0937394,-0.0273655,0.00545956,0,0,0
1780640657217871,31.147,0.0980946,0.0317978,-5.00665,0,0,-5,0.0980946,0.0317978,-0.00665283,0.103334,-0.093636,-0.0290664,0.00561809,0,0,0
1780640657233871,31.163,0.0982977,0.0312829,-5.00674,0,0,-5,0.0982977,0.0312829,-0.00674438,0.103376,-0.0928784,-0.0294601,0.00643234,0,0,0
1780640657258002,31.1872,0.0984797,0.0305224,-5.00684,0,0,-5,0.0984797,0.0305224,-0.00683594,0.103328,-0.0902671,-0.0293693,0.00580423,0,0,0
1780640657274002,31.2032,0.0985195,0.0300075,-5.00693,0,0,-5,0.0985195,0.0300075,-0.00692749,0.103221,-0.0894194,-0.0300437,0.00523573,0,0,0
1780640657298002,31.2272,0.0984547,0.0292026,-5.00705,0,0,-5,0.0984547,0.0292026,-0.00704956,0.102936,-0.0893309,-0.0314757,0.00509968,0,0,0
1780640657314002,31.2432,0.098326,0.0286673,-5.00714,0,0,-5,0.098326,0.0286673,-0.00714111,0.102668,-0.0883391,-0.0312576,0.00590318,0,0,0
1780640657338002,31.2672,0.0980138,0.0278517,-5.0072,0,0,-5,0.0980138,0.0278517,-0.00720215,0.102148,-0.0886405,-0.032667,0.00691689,0,0,0
1780640657354002,31.2832,0.0977144,0.0272938,-5.00726,0,0,-5,0.0977144,0.0272938,-0.00726318,0.101714,-0.0898061,-0.0334439,0.00671226,0,0,0
1780640657378002,31.3072,0.0971269,0.0264548,-5.00732,0,0,-5,0.0971269,0.0264548,-0.00732422,0.100931,-0.0899709,-0.0327992,0.00693937,0,0,0
1780640657394002,31.3232,0.0966665,0.0259064,-5.00739,0,0,-5,0.0966665,0.0259064,-0.00738525,0.10035,-0.0902238,-0.0329963,0.00623601,0,0,0
1780640657418002,31.3472,0.0958597,0.0250578,-5.00742,0,0,-5,0.0958597,0.0250578,-0.00741577,0.0993578,-0.0906424,-0.0345952,0.00696751,0,0,0
1780640657434002,31.3632,0.0952544,0.0244698,-5.00745,0,0,-5,0.0952544,0.0244698,-0.00744629,0.0986287,-0.090396,-0.0354125,0.00644823,0,0,0
1780640657458002,31.3872,0.0942619,0.0235907,-5.00751,0,0,-5,0.0942619,0.0235907,-0.00750732,0.0974587,-0.0916229,-0.0359554,0.00545476,0,0,0
1780640657474002,31.4032,0.0935299,0.023,-5.00754,0,0,-5,0.0935299,0.023,-0.00753784,0.0966109,-0.0928132,-0.0359613,0.00513703,0,0,0
1780640657498002,31.4272,0.0923285,0.0221327,-5.0076,0,0,-5,0.0923285,0.0221327,-0.00759888,0.0952478,-0.0935159,-0.0348442,0.00544767,0,0,0
1780640657514002,31.4432,0.0914771,0.0215577,-5.0076,0,0,-5,0.0914771,0.0215577,-0.00759888,0.0942896,-0.0929797,-0.0352127,0.00551776,0,0,0
1780640657538002,31.4672,0.0900949,0.0206997,-5.00763,0,0,-5,0.0900949,0.0206997,-0.00762939,0.0927566,-0.0949111,-0.0349767,0.00645771,0,0,0
1780640657554002,31.4832,0.0895512,0.019833,-5.00769,0,0,-5,0.0895512,0.019833,-0.00769043,0.0920429,-0.0955926,-0.0358584,0.0066345,0,0,0
1780640657578002,31.5072,0.0892579,0.0181286,-5.00793,0,0,-5,0.0892579,0.0181286,-0.00793457,0.0914252,-0.0943011,-0.0365283,0.0056658,0,0,0
1780640657594002,31.5232,0.0890059,0.0170159,-5.00806,0,0,-5,0.0890059,0.0170159,-0.00805664,0.0909752,-0.0927546,-0.0366098,0.00583143,0,0,0
1780640657610002,31.5392,0.0886958,0.0159268,-5.00818,0,0,-5,0.0886958,0.0159268,-0.00817871,0.0904848,-0.0932832,-0.0361371,0.00664761,0,0,0
1780640657634002,31.5632,0.0881036,0.0143377,-5.00833,0,0,-5,0.0881036,0.0143377,-0.0083313,0.0896506,-0.0930885,-0.0365563,0.00916437,0,0,0
1780640657650002,31.5792,0.08763,0.0132994,-5.00842,0,0,-5,0.08763,0.0132994,-0.00842285,0.0890328,-0.0924461,-0.0370505,0.00842476,0,0,0
1780640657674002,31.6032,0.0868258,0.0117776,-5.00854,0,0,-5,0.0868258,0.0117776,-0.00854492,0.0880367,-0.0934151,-0.0368683,0.00853292,0,0,0
1780640657698002,31.6272,0.0858754,0.0102873,-5.00861,0,0,-5,0.0858754,0.0102873,-0.00860596,0.0869165,-0.0937706,-0.0383666,0.00807568,0,0,0
1780640657714002,31.6432,0.0851825,0.00930052,-5.00864,0,0,-5,0.0851825,0.00930052,-0.00863647,0.0861229,-0.0933019,-0.0384827,0.00884119,0,0,0
1780640657730002,31.6592,0.0844415,0.00833322,-5.00864,0,0,-5,0.0844415,0.00833322,-0.00863647,0.0852901,-0.0938707,-0.0376827,0.00827159,0,0,0
1780640657754002,31.6832,0.0832459,0.00693362,-5.00867,0,0,-5,0.0832459,0.00693362,-0.00866699,0.0839826,-0.0934893,-0.0366442,0.00612986,0,0,0
1780640657778002,31.7072,0.0819695,0.00557673,-5.0087,0,0,-5,0.0819695,0.00557673,-0.00869751,0.0826181,-0.0931996,-0.0366722,0.00601778,0,0,0
1780640657794002,31.7232,0.0810738,0.00469688,-5.0087,0,0,-5,0.0810738,0.00469688,-0.00869751,0.0816741,-0.0925369,-0.0354595,0.00766763,0,0,0
1780640657810002,31.7392,0.0801561,0.00385655,-5.00864,0,0,-5,0.0801561,0.00385655,-0.00863647,0.0807122,-0.0916338,-0.0343252,0.00876223,0,0,0
1780640657834002,31.7632,0.0787514,0.00262913,-5.00854,0,0,-5,0.0787514,0.00262913,-0.00854492,0.0792572,-0.0904103,-0.0345463,0.0102343,0,0,0
1780640657858002,31.7872,0.0772856,0.00142962,-5.00839,0,0,-5,0.0772856,0.00142962,-0.00839233,0.077753,-0.0896014,-0.0342316,0.0118022,0,0,0
1780640657874002,31.8032,0.0762886,0.000655503,-5.00827,0,0,-5,0.0762886,0.000655503,-0.00827026,0.0767384,-0.0891188,-0.033767,0.0120394,0,0,0
1780640657890002,31.8192,0.0752784,-9.98575e-05,-5.00812,0,0,-5,0.0752784,-9.98575e-05,-0.00811768,0.0757149,-0.0887414,-0.0335267,0.0116268,0,0,0
1780640657914002,31.8432,0.0736952,-0.00121097,-5.00784,0,0,-5,0.0736952,-0.00121097,-0.00784302,0.0741213,-0.0896991,-0.0339872,0.0134406,0,0,0
1780640657938002,31.8672,0.0720582,-0.00230955,-5.00751,0,0,-5,0.0720582,-0.00230955,-0.00750732,0.072485,-0.0893387,-0.033715,0.0127971,0,0,0
1780640657954002,31.8832,0.0715379,-0.00327309,-5.00739,0,0,-5,0.0715379,-0.00327309,-0.00738525,0.0719925,-0.0888245,-0.0329657,0.0118545,0,0,0
1780640657978002,31.9072,0.0715197,-0.00503915,-5.00723,0,0,-5,0.0715197,-0.00503915,-0.00723267,0.0720609,-0.0899898,-0.0324243,0.0114383,0,0,0
1780640657994002,31.9232,0.0714038,-0.00616898,-5.00714,0,0,-5,0.0714038,-0.00616898,-0.00714111,0.0720247,-0.0900573,-0.0320534,0.0110427,0,0,0
1780640658018002,31.9472,0.071112,-0.00777162,-5.00702,0,0,-5,0.071112,-0.00777162,-0.00701904,0.0718789,-0.0885967,-0.0290466,0.0102112,0,0,0
1780640658034002,31.9632,0.070857,-0.00876053,-5.00693,0,0,-5,0.070857,-0.00876053,-0.00692749,0.0717318,-0.0867636,-0.0269146,0.00979927,0,0,0
1780640658058002,31.9872,0.0704301,-0.0101632,-5.00681,0,0,-5,0.0704301,-0.0101632,-0.00680542,0.0714843,-0.0829879,-0.0262207,0.0088001,0,0,0
1780640658074002,32.0032,0.0701035,-0.0110658,-5.00674,0,0,-5,0.0701035,-0.0110658,-0.00674438,0.0712913,-0.082232,-0.0261522,0.00782303,0,0,0
1780640658098002,32.0272,0.0695209,-0.0123572,-5.00668,0,0,-5,0.0695209,-0.0123572,-0.00668335,0.0709262,-0.0818117,-0.0246012,0.00661785,0,0,0
1780640658114002,32.0432,0.0690819,-0.0131675,-5.00662,0,0,-5,0.0690819,-0.0131675,-0.00662231,0.0706367,-0.0802957,-0.022965,0.00611722,0,0,0
1780640658138002,32.0672,0.0683577,-0.0143161,-5.00662,0,0,-5,0.0683577,-0.0143161,-0.00662231,0.070154,-0.0791394,-0.0220643,0.0047622,0,0,0
1780640658154002,32.0832,0.0678542,-0.015039,-5.00659,0,0,-5,0.0678542,-0.015039,-0.0065918,0.0698128,-0.0771438,-0.0214651,0.00530593,0,0,0
1780640658170002,32.0992,0.0673528,-0.0157352,-5.00656,0,0,-5,0.0673528,-0.0157352,-0.00656128,0.0694769,-0.0744816,-0.0203544,0.00631993,0,0,0
1780640658194002,32.1232,0.0665557,-0.0167166,-5.0065,0,0,-5,0.0665557,-0.0167166,-0.00650024,0.0689301,-0.0740214,-0.0185877,0.00712202,0,0,0
1780640658218002,32.1472,0.0656953,-0.0176097,-5.00644,0,0,-5,0.0656953,-0.0176097,-0.00643921,0.0683186,-0.0723469,-0.0165597,0.00741939,0,0,0
1780640658234002,32.1632,0.0650869,-0.0181561,-5.00638,0,0,-5,0.0650869,-0.0181561,-0.00637817,0.0678721,-0.0723836,-0.014995,0.00715516,0,0,0
1780640658258002,32.1872,0.0641011,-0.0189219,-5.00632,0,0,-5,0.0641011,-0.0189219,-0.00631714,0.0671334,-0.0726254,-0.0136592,0.00761133,0,0,0
1780640658274133,32.2033,0.0634076,-0.0193949,-5.00626,0,0,-5,0.0634076,-0.0193949,-0.0062561,0.066602,-0.0723041,-0.012449,0.00872171,0,0,0
1780640658290133,32.2193,0.0626884,-0.0198323,-5.00616,0,0,-5,0.0626884,-0.0198323,-0.00616455,0.0660391,-0.0721381,-0.0106968,0.00946667,0,0,0
1780640658314133,32.2433,0.0615252,-0.0203825,-5.00604,0,0,-5,0.0615252,-0.0203825,-0.00604248,0.0650946,-0.0729235,-0.00829415,0.0116661,0,0,0
1780640658330133,32.2593,0.0607208,-0.0207016,-5.00589,0,0,-5,0.0607208,-0.0207016,-0.00588989,0.0644225,-0.0723386,-0.00600624,0.0118463,0,0,0
1780640658354133,32.2833,0.0594755,-0.0211298,-5.00568,0,0,-5,0.0594755,-0.0211298,-0.00567627,0.0633721,-0.0715386,-0.00541497,0.0107259,0,0,0
1780640658378133,32.3073,0.0591154,-0.0219656,-5.00598,0,0,-5,0.0591154,-0.0219656,-0.00598145,0.0633474,-0.070204,-0.00464501,0.0106938,0,0,0
1780640658394133,32.3233,0.0588287,-0.022483,-5.00613,0,0,-5,0.0588287,-0.022483,-0.00613403,0.0632766,-0.0690691,-0.00431008,0.0100016,0,0,0
1780640658418133,32.3473,0.0583405,-0.0232019,-5.00638,0,0,-5,0.0583405,-0.0232019,-0.00637817,0.063108,-0.0678004,-0.00247382,0.00992949,0,0,0
1780640658434133,32.3633,0.0579634,-0.0236203,-5.0065,0,0,-5,0.0579634,-0.0236203,-0.00650024,0.062928,-0.067556,-0.000885044,0.00928017,0,0,0
1780640658458133,32.3873,0.0573591,-0.0241632,-5.00671,0,0,-5,0.0573591,-0.0241632,-0.00671387,0.062602,-0.0649272,0.0022677,0.00561158,0,0,0
1780640658474133,32.4033,0.0569373,-0.0244654,-5.0069,0,0,-5,0.0569373,-0.0244654,-0.00689697,0.0623537,-0.0633715,0.00301204,0.00520626,0,0,0
1780640658498133,32.4273,0.0562426,-0.0248699,-5.00717,0,0,-5,0.0562426,-0.0248699,-0.00717163,0.0619127,-0.0642148,0.00497308,0.0042852,0,0,0
1780640658514133,32.4433,0.0557261,-0.0250871,-5.00735,0,0,-5,0.0557261,-0.0250871,-0.00735474,0.0615537,-0.0639584,0.00613875,0.00357083,0,0,0
1780640658538133,32.4673,0.0548961,-0.0253463,-5.00763,0,0,-5,0.0548961,-0.0253463,-0.00762939,0.0609445,-0.0632306,0.00775364,0.00288206,0,0,0
1780640658554133,32.4833,0.0543243,-0.0254923,-5.00784,0,0,-5,0.0543243,-0.0254923,-0.00784302,0.0605185,-0.0619144,0.0075857,0.00275098,0,0,0
1780640658578133,32.5073,0.0534357,-0.0256716,-5.00815,0,0,-5,0.0534357,-0.0256716,-0.00814819,0.0598398,-0.0606102,0.00870075,0.00296638,0,0,0
1780640658594133,32.5233,0.0528288,-0.0257387,-5.00833,0,0,-5,0.0528288,-0.0257387,-0.0083313,0.059353,-0.0599947,0.0111586,0.00433833,0,0,0
1780640658618133,32.5473,0.0518541,-0.025764,-5.00851,0,0,-5,0.0518541,-0.025764,-0.0085144,0.0585246,-0.0605297,0.0132735,0.00502398,0,0,0
1780640658634133,32.5633,0.0511752,-0.0257389,-5.00864,0,0,-5,0.0511752,-0.0257389,-0.00863647,0.0579308,-0.0603897,0.0149839,0.00550975,0,0,0
1780640658658133,32.5873,0.050142,-0.0256418,-5.00879,0,0,-5,0.050142,-0.0256418,-0.00878906,0.0569997,-0.0593574,0.0165136,0.0045952,0,0,0
1780640658674133,32.6033,0.0494352,-0.0255529,-5.00888,0,0,-5,0.0494352,-0.0255529,-0.00888062,0.056353,-0.0582904,0.0158576,0.004924,0,0,0
1780640658698133,32.6273,0.0483462,-0.0254119,-5.00894,0,0,-5,0.0483462,-0.0254119,-0.00894165,0.055345,-0.0583277,0.0167578,0.00552933,0,0,0
1780640658714133,32.6433,0.0476141,-0.0252847,-5.00897,0,0,-5,0.0476141,-0.0252847,-0.00897217,0.0546527,-0.0570728,0.0180514,0.00542237,0,0,0
1780640658738133,32.6673,0.046471,-0.0250501,-5.00897,0,0,-5,0.046471,-0.0250501,-0.00897217,0.0535496,-0.0558134,0.0176898,0.00677007,0,0,0
1780640658754133,32.6833,0.0460331,-0.0253059,-5.00906,0,0,-5,0.0460331,-0.0253059,-0.00906372,0.0533065,-0.0551082,0.0185222,0.00805913,0,0,0
1780640658770133,32.6993,0.0459133,-0.0259373,-5.00925,0,0,-5,0.0459133,-0.0259373,-0.00924683,0.0535376,-0.0528673,0.0191438,0.00816496,0,0,0
1780640658794133,32.7233,0.0456915,-0.0268073,-5.00949,0,0,-5,0.0456915,-0.0268073,-0.00949097,0.0538184,-0.051645,0.018978,0.00843869,0,0,0
1780640658818133,32.7473,0.0454074,-0.0275609,-5.0097,0,0,-5,0.0454074,-0.0275609,-0.00970459,0.0539965,-0.0499675,0.0194778,0.0082146,0,0,0
1780640658834133,32.7633,0.0451651,-0.0280167,-5.00983,0,0,-5,0.0451651,-0.0280167,-0.00982666,0.0540498,-0.0507726,0.0190547,0.00766154,0,0,0
1780640658850133,32.7793,0.0448889,-0.0284383,-5.00989,0,0,-5,0.0448889,-0.0284383,-0.0098877,0.054051,-0.0504789,0.0193256,0.0083742,0,0,0
1780640658874133,32.8033,0.0444178,-0.0290208,-5.00998,0,0,-5,0.0444178,-0.0290208,-0.00997925,0.0539882,-0.0514079,0.0190735,0.00799629,0,0,0
1780640658898133,32.8273,0.043879,-0.0295459,-5.01004,0,0,-5,0.043879,-0.0295459,-0.0100403,0.0538436,-0.0503555,0.0193855,0.00913089,0,0,0
1780640658914133,32.8433,0.0435062,-0.0298438,-5.01007,0,0,-5,0.0435062,-0.0298438,-0.0100708,0.0537109,-0.0486711,0.0199652,0.00946677,0,0,0
1780640658938133,32.8673,0.0429158,-0.0302126,-5.01007,0,0,-5,0.0429158,-0.0302126,-0.0100708,0.0534414,-0.0481732,0.0210738,0.0102988,0,0,0
1780640658954133,32.8833,0.0424889,-0.0304156,-5.01004,0,0,-5,0.0424889,-0.0304156,-0.0100403,0.0532093,-0.0478237,0.0212408,0.0112767,0,0,0
1780640658978133,32.9073,0.0418072,-0.0306623,-5.00998,0,0,-5,0.0418072,-0.0306623,-0.00997925,0.0527978,-0.048554,0.022297,0.0113694,0,0,0
1780640658994133,32.9233,0.0413147,-0.0307763,-5.00995,0,0,-5,0.0413147,-0.0307763,-0.00994873,0.0524696,-0.0485185,0.0235502,0.0115696,0,0,0
1780640659010133,32.9393,0.0408025,-0.0308563,-5.00989,0,0,-5,0.0408025,-0.0308563,-0.0098877,0.052103,-0.0481521,0.0241849,0.0118885,0,0,0
1780640659034133,32.9633,0.0400141,-0.0309334,-5.00977,0,0,-5,0.0400141,-0.0309334,-0.00976562,0.0515108,-0.0475833,0.0240365,0.0106468,0,0,0
1780640659058133,32.9873,0.0392063,-0.0309685,-5.00967,0,0,-5,0.0392063,-0.0309685,-0.00967407,0.0508898,-0.0459705,0.0243872,0.00919392,0,0,0
1780640659074133,33.0033,0.0386594,-0.030963,-5.00964,0,0,-5,0.0386594,-0.030963,-0.00964355,0.0504604,-0.0454332,0.0239587,0.00862501,0,0,0
1780640659098133,33.0273,0.0378554,-0.0309188,-5.00955,0,0,-5,0.0378554,-0.0309188,-0.009552,0.049802,-0.0436887,0.0241863,0.00842165,0,0,0
1780640659114133,33.0433,0.0372995,-0.0308785,-5.00949,0,0,-5,0.0372995,-0.0308785,-0.00949097,0.0493438,-0.0441642,0.0222954,0.0089051,0,0,0
1780640659138133,33.0673,0.0364174,-0.0308239,-5.0094,0,0,-5,0.0364174,-0.0308239,-0.00939941,0.0486281,-0.045166,0.0216875,0.00970821,0,0,0
1780640659154133,33.0833,0.0359745,-0.0309291,-5.00955,0,0,-5,0.0359745,-0.0309291,-0.009552,0.0483943,-0.0457855,0.0212531,0.0113499,0,0,0
1780640659178133,33.1073,0.0355396,-0.0312512,-5.01004,0,0,-5,0.0355396,-0.0312512,-0.0100403,0.0483788,-0.0440102,0.0227099,0.0117654,0,0,0
1780640659194133,33.1233,0.0352327,-0.0314195,-5.01035,0,0,-5,0.0352327,-0.0314195,-0.0103455,0.0483276,-0.0437809,0.0228322,0.0110986,0,0,0
1780640659218133,33.1473,0.0347356,-0.0316268,-5.01074,0,0,-5,0.0347356,-0.0316268,-0.0107422,0.0481893,-0.0424651,0.022034,0.0115663,0,0,0
1780640659234133,33.1633,0.034392,-0.031747,-5.01096,0,0,-5,0.034392,-0.031747,-0.0109558,0.0480698,-0.0426229,0.0211939,0.0109963,0,0,0
1780640659258133,33.1873,0.0338335,-0.0319106,-5.01126,0,0,-5,0.0338335,-0.0319106,-0.011261,0.0478518,-0.0419494,0.0208373,0.0117358,0,0,0
1780640659274267,33.2034,0.0334355,-0.0319874,-5.01144,0,0,-5,0.0334355,-0.0319874,-0.0114441,0.0476665,-0.0417129,0.0208338,0.0121111,0,0,0
1780640659290267,33.2194,0.0330248,-0.0320302,-5.01163,0,0,-5,0.0330248,-0.0320302,-0.0116272,0.0474527,-0.0404363,0.0226143,0.0104674,0,0,0
1780640659314267,33.2434,0.0324248,-0.0320291,-5.01187,0,0,-5,0.0324248,-0.0320291,-0.0118713,0.0470973,-0.0392568,0.0235028,0.0103429,0,0,0
1780640659338267,33.2674,0.0318335,-0.0319504,-5.01205,0,0,-5,0.0318335,-0.0319504,-0.0120544,0.0466852,-0.0366757,0.024391,0.00978896,0,0,0
1780640659354267,33.2834,0.0314355,-0.0318744,-5.01218,0,0,-5,0.0314355,-0.0318744,-0.0121765,0.0463943,-0.0363275,0.0243253,0.00989767,0,0,0
1780640659378267,33.3074,0.0308275,-0.0316937,-5.0123,0,0,-5,0.0308275,-0.0316937,-0.0122986,0.0458921,-0.0342715,0.0266844,0.0118564,0,0,0
1780640659394267,33.3234,0.0304327,-0.0315332,-5.0123,0,0,-5,0.0304327,-0.0315332,-0.0122986,0.0455164,-0.032785,0.0267857,0.014313,0,0,0
1780640659418267,33.3474,0.0298395,-0.0312605,-5.01224,0,0,-5,0.0298395,-0.0312605,-0.0122375,0.0449151,-0.032033,0.0274279,0.0148083,0,0,0
1780640659434267,33.3634,0.0294443,-0.0310471,-5.01215,0,0,-5,0.0294443,-0.0310471,-0.012146,0.0444793,-0.0310571,0.0283488,0.0158831,0,0,0
1780640659458267,33.3874,0.0288607,-0.0306694,-5.01202,0,0,-5,0.0288607,-0.0306694,-0.0120239,0.0437964,-0.0305143,0.0302025,0.0160579,0,0,0
1780640659474267,33.4034,0.0284517,-0.030374,-5.01193,0,0,-5,0.0284517,-0.030374,-0.0119324,0.043295,-0.0306893,0.0308031,0.0157041,0,0,0
1780640659498267,33.4274,0.0278325,-0.0299247,-5.01181,0,0,-5,0.0278325,-0.0299247,-0.0118103,0.0425396,-0.02908,0.0308104,0.0143499,0,0,0
1780640659514267,33.4434,0.0274118,-0.0296019,-5.01175,0,0,-5,0.0274118,-0.0296019,-0.0117493,0.0420205,-0.0300062,0.0305791,0.0128458,0,0,0
1780640659538267,33.4674,0.0267421,-0.0290902,-5.0116,0,0,-5,0.0267421,-0.0290902,-0.0115967,0.0411809,-0.030328,0.0311296,0.013113,0,0,0
1780640659554267,33.4834,0.0264495,-0.0287655,-5.01175,0,0,-5,0.0264495,-0.0287655,-0.0117493,0.0408053,-0.0301354,0.031864,0.0125861,0,0,0
1780640659570267,33.4994,0.0263126,-0.0284587,-5.01208,0,0,-5,0.0263126,-0.0284587,-0.012085,0.0405992,-0.0298307,0.0314899,0.0126621,0,0,0
1780640659594267,33.5234,0.0260663,-0.0279788,-5.01257,0,0,-5,0.0260663,-0.0279788,-0.0125732,0.0402536,-0.0286742,0.0318782,0.011261,0,0,0
1780640659618267,33.5474,0.0257882,-0.0274749,-5.01303,0,0,-5,0.0257882,-0.0274749,-0.013031,0.0398711,-0.0277405,0.0324827,0.0106882,0,0,0
1780640659634267,33.5634,0.0255794,-0.0271177,-5.01334,0,0,-5,0.0255794,-0.0271177,-0.0133362,0.0395921,-0.0277454,0.0323419,0.0105364,0,0,0
1780640659658267,33.5874,0.0252286,-0.0265604,-5.0137,0,0,-5,0.0252286,-0.0265604,-0.0137024,0.0391113,-0.027348,0.0328792,0.0110785,0,0,0
1780640659674267,33.6034,0.0249871,-0.026164,-5.01392,0,0,-5,0.0249871,-0.026164,-0.013916,0.0387629,-0.0267198,0.0341556,0.0128488,0,0,0
1780640659698267,33.6274,0.0245986,-0.0255269,-5.01416,0,0,-5,0.0245986,-0.0255269,-0.0141602,0.0381736,-0.0265434,0.0335929,0.0135354,0,0,0
1780640659714267,33.6434,0.0243205,-0.0250996,-5.01428,0,0,-5,0.0243205,-0.0250996,-0.0142822,0.0377553,-0.0259685,0.0342308,0.014298,0,0,0
1780640659738267,33.6674,0.0238963,-0.0244499,-5.01437,0,0,-5,0.0238963,-0.0244499,-0.0143738,0.0370869,-0.0257822,0.0338167,0.0158533,0,0,0
1780640659754267,33.6834,0.0235863,-0.024028,-5.01447,0,0,-5,0.0235863,-0.024028,-0.0144653,0.0366456,-0.0261666,0.0334018,0.0157196,0,0,0
1780640659778267,33.7074,0.0230975,-0.0233741,-5.01456,0,0,-5,0.0230975,-0.0233741,-0.0145569,0.0359409,-0.0267356,0.0339014,0.015984,0,0,0
1780640659794267,33.7234,0.0227565,-0.0229149,-5.01459,0,0,-5,0.0227565,-0.0229149,-0.0145874,0.0354364,-0.0258994,0.0349542,0.0170575,0,0,0
1780640659818267,33.7474,0.0222311,-0.0221704,-5.01459,0,0,-5,0.0222311,-0.0221704,-0.0145874,0.0346199,-0.0253469,0.036655,0.0163984,0,0,0
1780640659834267,33.7634,0.0218703,-0.0216575,-5.01456,0,0,-5,0.0218703,-0.0216575,-0.0145569,0.0340479,-0.0259582,0.0365057,0.0163382,0,0,0
1780640659858267,33.7874,0.0213035,-0.0208774,-5.0145,0,0,-5,0.0213035,-0.0208774,-0.0144958,0.0331637,-0.0257397,0.0381493,0.0162937,0,0,0
1780640659874267,33.8034,0.0209023,-0.020317,-5.01447,0,0,-5,0.0209023,-0.020317,-0.0144653,0.0325413,-0.0262685,0.0387289,0.0166228,0,0,0
1780640659898267,33.8274,0.0202804,-0.0194662,-5.01443,0,0,-5,0.0202804,-0.0194662,-0.0144348,0.0316005,-0.0256824,0.0392591,0.0146995,0,0,0
1780640659914267,33.8434,0.019875,-0.0188866,-5.0144,0,0,-5,0.019875,-0.0188866,-0.0144043,0.030971,-0.0245523,0.0395897,0.0152181,0,0,0
1780640659938267,33.8674,0.0192568,-0.0180047,-5.01434,0,0,-5,0.0192568,-0.0180047,-0.0143433,0.0300121,-0.025258,0.0392277,0.0156328,0,0,0
1780640659954267,33.8834,0.0188298,-0.0173988,-5.01428,0,0,-5,0.0188298,-0.0173988,-0.0142822,0.0293473,-0.0247113,0.0398999,0.0157903,0,0,0
1780640659970267,33.8994,0.019075,-0.0171997,-5.01459,0,0,-5,0.019075,-0.0171997,-0.0145874,0.0295377,-0.0236569,0.0398539,0.016249,0,0,0
1780640659994267,33.9234,0.0194043,-0.0168695,-5.01501,0,0,-5,0.0194043,-0.0168695,-0.0150146,0.0297749,-0.0224271,0.0392674,0.0151943,0,0,0
1780640660018267,33.9474,0.0196802,-0.0164974,-5.01538,0,0,-5,0.0196802,-0.0164974,-0.0153809,0.029934,-0.0210835,0.0394091,0.0143764,0,0,0
1780640660034267,33.9634,0.0198169,-0.0162214,-5.01559,0,0,-5,0.0198169,-0.0162214,-0.0155945,0.0299839,-0.0208596,0.0388107,0.0137486,0,0,0
1780640660050267,33.9794,0.0199225,-0.0159271,-5.01581,0,0,-5,0.0199225,-0.0159271,-0.0158081,0.0300079,-0.0214954,0.0392221,0.0131425,0,0,0
1780640660074267,34.0034,0.0200369,-0.0154535,-5.01608,0,0,-5,0.0200369,-0.0154535,-0.0160828,0.0299824,-0.019827,0.0390049,0.0143879,0,0,0
1780640660098267,34.0274,0.0201395,-0.014952,-5.01636,0,0,-5,0.0201395,-0.014952,-0.0163574,0.0299454,-0.0184823,0.038483,0.0148006,0,0,0
1780640660114267,34.0434,0.0201953,-0.0145982,-5.01648,0,0,-5,0.0201953,-0.0145982,-0.0164795,0.0298753,-0.0182043,0.0381795,0.0150083,0,0,0
1780640660138267,34.0674,0.0202486,-0.0140657,-5.01663,0,0,-5,0.0202486,-0.0140657,-0.0166321,0.0297401,-0.0174837,0.0360959,0.0166487,0,0,0
1780640660154267,34.0834,0.020251,-0.0137278,-5.01669,0,0,-5,0.020251,-0.0137278,-0.0166931,0.0296178,-0.0179881,0.0347826,0.0180083,0,0,0
1780640660178267,34.1074,0.0202199,-0.0132132,-5.01675,0,0,-5,0.0202199,-0.0132132,-0.0167542,0.0293962,-0.0185003,0.0341774,0.0179982,0,0,0
1780640660194267,34.1234,0.0201737,-0.0128717,-5.01675,0,0,-5,0.0201737,-0.0128717,-0.0167542,0.0292123,-0.0169111,0.0323802,0.0179937,0,0,0
1780640660218267,34.1474,0.020113,-0.0123724,-5.01672,0,0,-5,0.020113,-0.0123724,-0.0167236,0.028936,-0.0157099,0.0312688,0.0170446,0,0,0
1780640660234267,34.1634,0.0200629,-0.0120355,-5.01672,0,0,-5,0.0200629,-0.0120355,-0.0167236,0.0287585,-0.0152615,0.0310661,0.0164066,0,0,0
1780640660258267,34.1874,0.0199549,-0.0115097,-5.01666,0,0,-5,0.0199549,-0.0115097,-0.0166626,0.0284309,-0.0157876,0.0299127,0.0162244,0,0,0
1780640660274267,34.2034,0.0198524,-0.0111699,-5.01663,0,0,-5,0.0198524,-0.0111699,-0.0166321,0.0282048,-0.016738,0.0296838,0.0153366,0,0,0
1780640660298402,34.2276,0.0196607,-0.0106597,-5.0166,0,0,-5,0.0196607,-0.0106597,-0.0166016,0.0278529,-0.016358,0.0279485,0.0142205,0,0,0
1780640660314402,34.2436,0.0194968,-0.0103446,-5.01657,0,0,-5,0.0194968,-0.0103446,-0.016571,0.0275995,-0.0156938,0.0261442,0.0145517,0,0,0
1780640660338402,34.2676,0.0192461,-0.00986439,-5.01651,0,0,-5,0.0192461,-0.00986439,-0.01651,0.0272084,-0.0153208,0.0257923,0.0141957,0,0,0
1780640660354402,34.2836,0.0193073,-0.0093928,-5.01663,0,0,-5,0.0193073,-0.0093928,-0.0166321,0.0271592,-0.0146079,0.0256408,0.015454,0,0,0
1780640660378402,34.3076,0.0196897,-0.00846901,-5.01706,0,0,-5,0.0196897,-0.00846901,-0.0170593,0.0273939,-0.0157178,0.0250854,0.0141739,0,0,0
1780640660394402,34.3236,0.0198972,-0.00786974,-5.0173,0,0,-5,0.0198972,-0.00786974,-0.0173035,0.027518,-0.0156185,0.0247176,0.0139967,0,0,0
1780640660418402,34.3476,0.0201446,-0.0069969,-5.01767,0,0,-5,0.0201446,-0.0069969,-0.0176697,0.0276944,-0.0172088,0.023868,0.0139702,0,0,0
1780640660434402,34.3636,0.0202558,-0.00643518,-5.01791,0,0,-5,0.0202558,-0.00643518,-0.0179138,0.027796,-0.0178817,0.0235181,0.0136299,0,0,0
1780640660458402,34.3876,0.0203758,-0.00562551,-5.01822,0,0,-5,0.0203758,-0.00562551,-0.018219,0.0279061,-0.017333,0.0223735,0.0137498,0,0,0
1780640660474402,34.4036,0.0204366,-0.0051001,-5.01837,0,0,-5,0.0204366,-0.0051001,-0.0183716,0.0279496,-0.0176079,0.022171,0.0146296,0,0,0
1780640660498402,34.4276,0.020476,-0.00432332,-5.01859,0,0,-5,0.020476,-0.00432332,-0.0185852,0.0279887,-0.0173458,0.0220768,0.0164286,0,0,0
1780640660514402,34.4436,0.0204848,-0.00382869,-5.01868,0,0,-5,0.0204848,-0.00382869,-0.0186768,0.027984,-0.0172187,0.0202618,0.0173234,0,0,0
1780640660538402,34.4676,0.0204823,-0.00311482,-5.0188,0,0,-5,0.0204823,-0.00311482,-0.0187988,0.0279754,-0.0159519,0.0197464,0.017883,0,0,0
1780640660554402,34.4836,0.0204551,-0.0026603,-5.01883,0,0,-5,0.0204551,-0.0026603,-0.0188293,0.027929,-0.0168246,0.0184055,0.0182145,0,0,0
1780640660578402,34.5076,0.0203733,-0.00203871,-5.01883,0,0,-5,0.0203733,-0.00203871,-0.0188293,0.0278167,-0.0165729,0.0161797,0.0192548,0,0,0
1780640660594402,34.5236,0.0202931,-0.00165699,-5.0188,0,0,-5,0.0202931,-0.00165699,-0.0187988,0.027712,-0.0174423,0.0155621,0.0192264,0,0,0
1780640660618402,34.5476,0.0201241,-0.00109873,-5.01874,0,0,-5,0.0201241,-0.00109873,-0.0187378,0.0275189,-0.017393,0.0154741,0.0186152,0,0,0
1780640660634402,34.5636,0.019995,-0.000726575,-5.01868,0,0,-5,0.019995,-0.000726575,-0.0186768,0.0273706,-0.0171826,0.016313,0.0191467,0,0,0
1780640660658402,34.5876,0.0197883,-0.00016959,-5.01855,0,0,-5,0.0197883,-0.00016959,-0.0185547,0.0271271,-0.016597,0.0166838,0.0172289,0,0,0
1780640660674402,34.6036,0.0196521,0.000200214,-5.01849,0,0,-5,0.0196521,0.000200214,-0.0184937,0.0269863,-0.0159366,0.0162873,0.0173389,0,0,0
1780640660698402,34.6276,0.0194264,0.000750659,-5.0184,0,0,-5,0.0194264,0.000750659,-0.0184021,0.0267691,-0.0169896,0.0161141,0.0182551,0,0,0
1780640660714402,34.6436,0.0192524,0.0010988,-5.01831,0,0,-5,0.0192524,0.0010988,-0.0183105,0.0265921,-0.0168242,0.0152537,0.0199949,0,0,0
1780640660730402,34.6596,0.0190726,0.00144772,-5.01816,0,0,-5,0.0190726,0.00144772,-0.018158,0.0263737,-0.0165746,0.0160348,0.0207473,0,0,0
1780640660754402,34.6836,0.0190144,0.00185227,-5.0181,0,0,-5,0.0190144,0.00185227,-0.0180969,0.026315,-0.0169643,0.0150261,0.0207029,0,0,0
1780640660770402,34.6996,0.0192699,0.00198425,-5.01828,0,0,-5,0.0192699,0.00198425,-0.01828,0.0266351,-0.0168747,0.0149785,0.0199755,0,0,0
1780640660794402,34.7236,0.0195898,0.00221075,-5.01849,0,0,-5,0.0195898,0.00221075,-0.0184937,0.0270308,-0.0171081,0.0149387,0.0185156,0,0,0
1780640660818402,34.7476,0.0198713,0.00241701,-5.01865,0,0,-5,0.0198713,0.00241701,-0.0186462,0.0273568,-0.0150245,0.0124145,0.0181227,0,0,0
1780640660834402,34.7636,0.0200384,0.00253101,-5.01877,0,0,-5,0.0200384,0.00253101,-0.0187683,0.0275716,-0.0149958,0.0116175,0.0179729,0,0,0
1780640660858402,34.7876,0.02022,0.00270411,-5.01889,0,0,-5,0.02022,0.00270411,-0.0188904,0.027803,-0.0166844,0.0114364,0.0182534,0,0,0
1780640660874402,34.8036,0.0203005,0.00281346,-5.01892,0,0,-5,0.0203005,0.00281346,-0.0189209,0.0278931,-0.0163833,0.0100844,0.0185956,0,0,0
1780640660898402,34.8276,0.0203627,0.00295238,-5.01898,0,0,-5,0.0203627,0.00295238,-0.0189819,0.0279941,-0.0182646,0.00871227,0.0192433,0,0,0
1780640660914402,34.8436,0.0203693,0.00304224,-5.01901,0,0,-5,0.0203693,0.00304224,-0.0190125,0.0280292,-0.0181136,0.00838772,0.0189325,0,0,0
1780640660938402,34.8676,0.020346,0.00315168,-5.01901,0,0,-5,0.020346,0.00315168,-0.0190125,0.0280244,-0.017906,0.00748557,0.0195716,0,0,0
1780640660954402,34.8836,0.0203074,0.00323212,-5.01892,0,0,-5,0.0203074,0.00323212,-0.0189209,0.0279435,-0.0177389,0.00736577,0.020117,0,0,0
1780640660978402,34.9076,0.0202076,0.00333739,-5.01877,0,0,-5,0.0202076,0.00333739,-0.0187683,0.0277801,-0.0182976,0.00593946,0.0210369,0,0,0
1780640660994402,34.9236,0.0201159,0.0033962,-5.01865,0,0,-5,0.0201159,0.0033962,-0.0186462,0.0276382,-0.0186904,0.00552186,0.0214338,0,0,0
1780640661018402,34.9476,0.0199651,0.00346527,-5.01843,0,0,-5,0.0199651,0.00346527,-0.0184326,0.0273929,-0.0175309,0.00334863,0.0207865,0,0,0
1780640661034402,34.9636,0.0198555,0.00349099,-5.01828,0,0,-5,0.0198555,0.00349099,-0.01828,0.0272138,-0.0172916,0.00302604,0.0209654,0,0,0
1780640661058402,34.9876,0.019658,0.00353274,-5.01807,0,0,-5,0.019658,0.00353274,-0.0180664,0.0269316,-0.0178643,0.00325943,0.0207183,0,0,0
1780640661074402,35.0036,0.019504,0.00355289,-5.01788,0,0,-5,0.019504,0.00355289,-0.0178833,0.0266991,-0.0185433,0.00171854,0.020435,0,0,0
1780640661098402,35.0276,0.0192567,0.00355566,-5.01761,0,0,-5,0.0192567,0.00355566,-0.0176086,0.0263349,-0.0182959,0.000625607,0.0205961,0,0,0
1780640661114402,35.0436,0.0190751,0.00355378,-5.01743,0,0,-5,0.0190751,0.00355378,-0.0174255,0.0260795,-0.0188429,0.000747913,0.0212074,0,0,0
1780640661138402,35.0676,0.0187537,0.00354914,-5.01709,0,0,-5,0.0187537,0.00354914,-0.0170898,0.0256195,-0.0207362,0.000849159,0.0212996,0,0,0
1780640661154402,35.0836,0.018931,0.0035902,-5.01697,0,0,-5,0.018931,0.0035902,-0.0169678,0.0256745,-0.0204802,-0.000808955,0.0215941,0,0,0
1780640661178402,35.1076,0.0197564,0.0037179,-5.017,0,0,-5,0.0197564,0.0037179,-0.0169983,0.0263264,-0.0180049,0.000688398,0.0200284,0,0,0
1780640661194402,35.1236,0.0202723,0.00380573,-5.017,0,0,-5,0.0202723,0.00380573,-0.0169983,0.0267281,-0.0177306,-0.00038995,0.0201086,0,0,0
1780640661218402,35.1476,0.0209669,0.00389191,-5.01694,0,0,-5,0.0209669,0.00389191,-0.0169373,0.0272329,-0.0179196,-0.00284396,0.0203345,0,0,0
1780640661234402,35.1636,0.0213744,0.00390635,-5.01688,0,0,-5,0.0213744,0.00390635,-0.0168762,0.0275124,-0.0174174,-0.00501019,0.0204007,0,0,0
1780640661258402,35.1876,0.0219206,0.00387949,-5.01678,0,0,-5,0.0219206,0.00387949,-0.0167847,0.0278799,-0.0169636,-0.00700536,0.0208147,0,0,0
1780640661274402,35.2036,0.0222507,0.00383776,-5.01666,0,0,-5,0.0222507,0.00383776,-0.0166626,0.0280618,-0.0166479,-0.00740729,0.021351,0,0,0
1780640661298539,35.2277,0.0226908,0.00375825,-5.01651,0,0,-5,0.0226908,0.00375825,-0.01651,0.0283121,-0.0169427,-0.00764906,0.0209419,0,0,0
1780640661314539,35.2437,0.0229301,0.00371242,-5.01639,0,0,-5,0.0229301,0.00371242,-0.0163879,0.0284277,-0.0174395,-0.00716415,0.0202124,0,0,0
1780640661338539,35.2677,0.0232216,0.00363259,-5.01624,0,0,-5,0.0232216,0.00363259,-0.0162354,0.0285661,-0.0187759,-0.00799683,0.0212659,0,0,0
1780640661354539,35.2837,0.0233554,0.00357657,-5.01611,0,0,-5,0.0233554,0.00357657,-0.0161133,0.028599,-0.0201742,-0.00718378,0.0206773,0,0,0
1780640661370539,35.2997,0.0234591,0.00352919,-5.01599,0,0,-5,0.0234591,0.00352919,-0.0159912,0.0286095,-0.0193059,-0.00701393,0.0185697,0,0,0
1780640661394539,35.3237,0.023587,0.0034504,-5.01587,0,0,-5,0.023587,0.0034504,-0.0158691,0.0286371,-0.0191913,-0.00776178,0.0177321,0,0,0
1780640661418539,35.3477,0.0236718,0.00334633,-5.01572,0,0,-5,0.0236718,0.00334633,-0.0157166,0.0286105,-0.0195278,-0.00865845,0.0176186,0,0,0
1780640661434539,35.3637,0.0236879,0.0032756,-5.01562,0,0,-5,0.0236879,0.0032756,-0.015625,0.0285655,-0.0192664,-0.00774277,0.0174103,0,0,0
1780640661458539,35.3877,0.0236741,0.00316679,-5.01544,0,0,-5,0.0236741,0.00316679,-0.0154419,0.0284419,-0.0199806,-0.00923407,0.0161077,0,0,0
1780640661474539,35.4037,0.0236273,0.00308335,-5.01535,0,0,-5,0.0236273,0.00308335,-0.0153503,0.0283441,-0.0208683,-0.00927242,0.0157351,0,0,0
1780640661498539,35.4277,0.023502,0.00297439,-5.01517,0,0,-5,0.023502,0.00297439,-0.0151672,0.0281289,-0.0219341,-0.00884265,0.0153694,0,0,0
1780640661514539,35.4437,0.0233892,0.00289867,-5.01505,0,0,-5,0.0233892,0.00289867,-0.0150452,0.027961,-0.0219683,-0.00889869,0.0147304,0,0,0
1780640661538539,35.4677,0.023176,0.002798,-5.01489,0,0,-5,0.023176,0.002798,-0.0148926,0.0276902,-0.0229673,-0.00783251,0.0150497,0,0,0
1780640661554539,35.4837,0.0233393,0.00276304,-5.01498,0,0,-5,0.0233393,0.00276304,-0.0149841,0.0278726,-0.0229785,-0.0096075,0.0162654,0,0,0
1780640661578539,35.5077,0.0240021,0.00271787,-5.01538,0,0,-5,0.0240021,0.00271787,-0.0153809,0.0286366,-0.0235954,-0.0109263,0.0154637,0,0,0
1780640661594539,35.5237,0.0244046,0.00267502,-5.01566,0,0,-5,0.0244046,0.00267502,-0.0156555,0.0291176,-0.0214522,-0.010873,0.0163118,0,0,0
1780640661618539,35.5477,0.0249622,0.00260661,-5.01596,0,0,-5,0.0249622,0.00260661,-0.0159607,0.0297431,-0.0210447,-0.0102554,0.0151552,0,0,0
1780640661634539,35.5637,0.0252901,0.00256279,-5.01617,0,0,-5,0.0252901,0.00256279,-0.0161743,0.0301291,-0.0207267,-0.010555,0.0135658,0,0,0
1780640661650539,35.5797,0.0255785,0.00250983,-5.01639,0,0,-5,0.0255785,0.00250983,-0.0163879,0.0304816,-0.021127,-0.0109047,0.013918,0,0,0
1780640661674539,35.6037,0.0259607,0.00238911,-5.01663,0,0,-5,0.0259607,0.00238911,-0.0166321,0.030924,-0.0206175,-0.0127394,0.013096,0,0,0
1780640661698539,35.6277,0.026263,0.00226009,-5.01685,0,0,-5,0.026263,0.00226009,-0.0168457,0.0312831,-0.0216387,-0.0114627,0.0131184,0,0,0
1780640661714539,35.6437,0.026415,0.00217875,-5.01694,0,0,-5,0.026415,0.00217875,-0.0169373,0.0314542,-0.022307,-0.0114302,0.013333,0,0,0
1780640661738539,35.6677,0.0265474,0.00203257,-5.01706,0,0,-5,0.0265474,0.00203257,-0.0170593,0.0316214,-0.0242172,-0.0130945,0.01619,0,0,0
1780640661754539,35.6837,0.0265933,0.00192049,-5.01709,0,0,-5,0.0265933,0.00192049,-0.0170898,0.0316694,-0.0234027,-0.0128016,0.0159383,0,0,0
1780640661778539,35.7077,0.0266373,0.00176074,-5.01712,0,0,-5,0.0266373,0.00176074,-0.0171204,0.0317136,-0.0229635,-0.0120165,0.0162471,0,0,0
1780640661794539,35.7237,0.0266349,0.00165005,-5.01712,0,0,-5,0.0266349,0.00165005,-0.0171204,0.0317057,-0.0233005,-0.0124895,0.015965,0,0,0
1780640661818539,35.7477,0.0265813,0.00150171,-5.01715,0,0,-5,0.0265813,0.00150171,-0.0171509,0.0316698,-0.0234213,-0.0113741,0.0162418,0,0,0
1780640661834539,35.7637,0.026528,0.0014056,-5.01715,0,0,-5,0.026528,0.0014056,-0.0171509,0.0316207,-0.022846,-0.0109581,0.0166135,0,0,0
1780640661858539,35.7877,0.0264173,0.00125734,-5.01712,0,0,-5,0.0264173,0.00125734,-0.0171204,0.0315049,-0.0229754,-0.0112518,0.016364,0,0,0
1780640661874539,35.8037,0.0263078,0.00115068,-5.01712,0,0,-5,0.0263078,0.00115068,-0.0171204,0.0314091,-0.0240931,-0.0113754,0.0162553,0,0,0
1780640661898539,35.8277,0.0260928,0.000986937,-5.01709,0,0,-5,0.0260928,0.000986937,-0.0170898,0.0312069,-0.0251567,-0.0120464,0.0178665,0,0,0
1780640661914539,35.8437,0.025914,0.000859368,-5.01703,0,0,-5,0.025914,0.000859368,-0.0170288,0.0310202,-0.0256617,-0.0127367,0.0187717,0,0,0
1780640661938539,35.8677,0.0256013,0.00064388,-5.01691,0,0,-5,0.0256013,0.00064388,-0.0169067,0.0306868,-0.0261494,-0.0130521,0.0185156,0,0,0
1780640661954539,35.8837,0.0255714,0.000584647,-5.01703,0,0,-5,0.0255714,0.000584647,-0.0170288,0.0307282,-0.0262942,-0.0127154,0.0179495,0,0,0
1780640661970539,35.8997,0.0257011,0.000602274,-5.0173,0,0,-5,0.0257011,0.000602274,-0.0173035,0.030989,-0.0266175,-0.0121458,0.0182586,0,0,0
1780640661994539,35.9237,0.0258354,0.00062852,-5.0177,0,0,-5,0.0258354,0.00062852,-0.0177002,0.0313235,-0.0268685,-0.0113207,0.0172738,0,0,0
1780640662018539,35.9477,0.0258953,0.000653921,-5.01801,0,0,-5,0.0258953,0.000653921,-0.0180054,0.0315466,-0.0264015,-0.0100899,0.0173357,0,0,0
1780640662034539,35.9637,0.0259051,0.000687512,-5.01813,0,0,-5,0.0259051,0.000687512,-0.0181274,0.0316251,-0.0265537,-0.00870554,0.0172041,0,0,0
1780640662058539,35.9877,0.025889,0.000768436,-5.01825,0,0,-5,0.025889,0.000768436,-0.0182495,0.031684,-0.0252116,-0.00669498,0.017986,0,0,0
1780640662074539,36.0037,0.02586,0.000832264,-5.01834,0,0,-5,0.02586,0.000832264,-0.0183411,0.0317148,-0.0250427,-0.00608523,0.0171229,0,0,0
1780640662098539,36.0277,0.0257631,0.000921088,-5.0184,0,0,-5,0.0257631,0.000921088,-0.0184021,0.0316737,-0.0253679,-0.00733266,0.0179153,0,0,0
1780640662114539,36.0437,0.0256743,0.000959557,-5.0184,0,0,-5,0.0256743,0.000959557,-0.0184021,0.0316027,-0.0255737,-0.00718133,0.0175132,0,0,0
1780640662138539,36.0677,0.0254974,0.00100431,-5.0184,0,0,-5,0.0254974,0.00100431,-0.0184021,0.0314605,-0.0262073,-0.0074219,0.016956,0,0,0
1780640662154539,36.0837,0.0253425,0.00103132,-5.0184,0,0,-5,0.0253425,0.00103132,-0.0184021,0.031336,-0.0267195,-0.00666687,0.0168201,0,0,0
1780640662178539,36.1077,0.0250793,0.00106022,-5.0184,0,0,-5,0.0250793,0.00106022,-0.0184021,0.0311245,-0.026577,-0.00750263,0.0161124,0,0,0
1780640662194539,36.1237,0.0248948,0.00106717,-5.01837,0,0,-5,0.0248948,0.00106717,-0.0183716,0.0309581,-0.0262188,-0.00694485,0.015456,0,0,0
1780640662218539,36.1477,0.0245765,0.00109769,-5.01831,0,0,-5,0.0245765,0.00109769,-0.0183105,0.0306673,-0.0268298,-0.00554058,0.0164285,0,0,0
1780640662234539,36.1637,0.0243677,0.00112697,-5.01822,0,0,-5,0.0243677,0.00112697,-0.018219,0.0304464,-0.0256363,-0.00546591,0.0171803,0,0,0
1780640662250539,36.1797,0.0241518,0.00114735,-5.01813,0,0,-5,0.0241518,0.00114735,-0.0181274,0.0302197,-0.025619,-0.00595226,0.0171083,0,0,0
1780640662274539,36.2037,0.0237873,0.00117904,-5.01797,0,0,-5,0.0237873,0.00117904,-0.0179749,0.0298382,-0.0261561,-0.00566777,0.0175045,0,0,0
1780640662298677,36.2278,0.0233867,0.00117191,-5.01782,0,0,-5,0.0233867,0.00117191,-0.0178223,0.029427,-0.0271709,-0.00712283,0.017153,0,0,0
1780640662314677,36.2438,0.0230915,0.00114605,-5.0177,0,0,-5,0.0230915,0.00114605,-0.0177002,0.0291175,-0.0278986,-0.00754075,0.0164158,0,0,0
1780640662338677,36.2678,0.0226312,0.00111181,-5.01755,0,0,-5,0.0226312,0.00111181,-0.0175476,0.0286588,-0.0270172,-0.00647107,0.0159765,0,0,0
1780640662354677,36.2838,0.0227748,0.00102895,-5.01764,0,0,-5,0.0227748,0.00102895,-0.0176392,0.0288251,-0.0263164,-0.00758609,0.015341,0,0,0
1780640662378677,36.3078,0.0236031,0.0008334,-5.01807,0,0,-5,0.0236031,0.0008334,-0.0180664,0.0297354,-0.025446,-0.00610065,0.0151621,0,0,0
1780640662394677,36.3238,0.0241036,0.000724674,-5.01834,0,0,-5,0.0241036,0.000724674,-0.0183411,0.0302969,-0.0248773,-0.00648033,0.0162883,0,0,0
1780640662418677,36.3478,0.0247766,0.000542795,-5.01862,0,0,-5,0.0247766,0.000542795,-0.0186157,0.0309955,-0.0246754,-0.0070131,0.0166194,0,0,0
1780640662434677,36.3638,0.0251526,0.000418272,-5.0188,0,0,-5,0.0251526,0.000418272,-0.0187988,0.0314042,-0.0259415,-0.00713788,0.0159732,0,0,0
1780640662458677,36.3878,0.0256416,0.000241909,-5.01907,0,0,-5,0.0256416,0.000241909,-0.0190735,0.0319585,-0.0261601,-0.00852948,0.0165079,0,0,0
1780640662474677,36.4038,0.0259082,0.00010801,-5.0192,0,0,-5,0.0259082,0.00010801,-0.0191956,0.0322446,-0.0265976,-0.00776063,0.0171053,0,0,0
1780640662498677,36.4278,0.0262471,-6.16458e-05,-5.01935,0,0,-5,0.0262471,-6.16458e-05,-0.0193481,0.0326077,-0.0258742,-0.00641086,0.016693,0,0,0
1780640662514677,36.4438,0.0264317,-0.000160996,-5.01944,0,0,-5,0.0264317,-0.000160996,-0.0194397,0.032811,-0.0262968,-0.00633191,0.0160428,0,0,0
1780640662538677,36.4678,0.0266217,-0.000328358,-5.01953,0,0,-5,0.0266217,-0.000328358,-0.0195312,0.0330196,-0.0279615,-0.00782593,0.01641,0,0,0
1780640662554677,36.4838,0.026709,-0.000443733,-5.01956,0,0,-5,0.026709,-0.000443733,-0.0195618,0.0331093,-0.0264576,-0.00644918,0.0176002,0,0,0
1780640662570677,36.4998,0.0267718,-0.000553014,-5.01956,0,0,-5,0.0267718,-0.000553014,-0.0195618,0.0331617,-0.0272567,-0.00704612,0.0184382,0,0,0
1780640662594677,36.5238,0.0268151,-0.000728844,-5.01953,0,0,-5,0.0268151,-0.000728844,-0.0195312,0.0331821,-0.026762,-0.00689758,0.0193073,0,0,0
1780640662618677,36.5478,0.0267931,-0.000890706,-5.01941,0,0,-5,0.0267931,-0.000890706,-0.0194092,0.0330965,-0.0272564,-0.00686462,0.0207066,0,0,0
1780640662634677,36.5638,0.0267431,-0.00100161,-5.01932,0,0,-5,0.0267431,-0.00100161,-0.0193176,0.0330055,-0.0280536,-0.00722245,0.0210624,0,0,0
1780640662658677,36.5878,0.0266344,-0.00117822,-5.01913,0,0,-5,0.0266344,-0.00117822,-0.0191345,0.0328163,-0.0265339,-0.00761703,0.0209568,0,0,0
1780640662674677,36.6038,0.0265455,-0.00130351,-5.01904,0,0,-5,0.0265455,-0.00130351,-0.019043,0.0326955,-0.0270166,-0.00883847,0.0191262,0,0,0
1780640662698677,36.6278,0.0263665,-0.00151219,-5.01889,0,0,-5,0.0263665,-0.00151219,-0.0188904,0.0324704,-0.0275307,-0.00935249,0.0189449,0,0,0
1780640662714677,36.6438,0.0262203,-0.00167047,-5.01877,0,0,-5,0.0262203,-0.00167047,-0.0187683,0.0322884,-0.0266928,-0.0107891,0.0184398,0,0,0
1780640662738677,36.6678,0.0259849,-0.00193606,-5.01862,0,0,-5,0.0259849,-0.00193606,-0.0186157,0.0320235,-0.0258438,-0.0118173,0.0186066,0,0,0
1780640662754677,36.6838,0.0261588,-0.00188488,-5.01868,0,0,-5,0.0261588,-0.00188488,-0.0186768,0.0321972,-0.0257505,-0.0113321,0.0189421,0,0,0
1780640662778677,36.7078,0.0268414,-0.00146278,-5.01895,0,0,-5,0.0268414,-0.00146278,-0.0189514,0.0328901,-0.0262776,-0.0109857,0.0189018,0,0,0
1780640662794677,36.7238,0.0272552,-0.00121095,-5.01907,0,0,-5,0.0272552,-0.00121095,-0.0190735,0.0332883,-0.0242636,-0.0104352,0.0187761,0,0,0
1780640662818677,36.7478,0.0278139,-0.000848995,-5.01926,0,0,-5,0.0278139,-0.000848995,-0.0192566,0.03384,-0.0241356,-0.0103143,0.019235,0,0,0
1780640662834677,36.7638,0.0281381,-0.000632655,-5.01932,0,0,-5,0.0281381,-0.000632655,-0.0193176,0.0341369,-0.0234533,-0.00987363,0.0192788,0,0,0
1780640662858677,36.7878,0.0285559,-0.000328145,-5.01941,0,0,-5,0.0285559,-0.000328145,-0.0194092,0.0345292,-0.0237858,-0.00962736,0.0176983,0,0,0
1780640662874677,36.8038,0.0287893,-0.000134824,-5.0195,0,0,-5,0.0287893,-0.000134824,-0.0195007,0.0347724,-0.0232171,-0.00814778,0.0173108,0,0,0
1780640662898677,36.8278,0.0290733,0.000152855,-5.01959,0,0,-5,0.0290733,0.000152855,-0.0195923,0.035059,-0.0226407,-0.00726557,0.0172846,0,0,0
1780640662914677,36.8438,0.0292292,0.000332991,-5.01962,0,0,-5,0.0292292,0.000332991,-0.0196228,0.0352067,-0.022299,-0.00743466,0.0186457,0,0,0
1780640662938677,36.8678,0.0294148,0.000583782,-5.01959,0,0,-5,0.0294148,0.000583782,-0.0195923,0.0353472,-0.0215736,-0.0067544,0.0183387,0,0,0
1780640662954677,36.8838,0.0295151,0.000751625,-5.01953,0,0,-5,0.0295151,0.000751625,-0.0195312,0.0354002,-0.0217438,-0.00572314,0.0181123,0,0,0
1780640662978677,36.9078,0.0296102,0.000986302,-5.01944,0,0,-5,0.0296102,0.000986302,-0.0194397,0.035435,-0.0224443,-0.00655232,0.0194884,0,0,0
1780640662994677,36.9238,0.0296444,0.00112549,-5.01935,0,0,-5,0.0296444,0.00112549,-0.0193481,0.0354176,-0.0215943,-0.00578903,0.0195858,0,0,0
1780640663018677,36.9478,0.0296592,0.00133454,-5.01923,0,0,-5,0.0296592,0.00133454,-0.0192261,0.0353708,-0.0218927,-0.00430825,0.0210603,0,0,0
1780640663034677,36.9638,0.0296527,0.00147939,-5.01917,0,0,-5,0.0296527,0.00147939,-0.019165,0.0353379,-0.0201852,-0.00387069,0.0200752,0,0,0
1780640663058677,36.9878,0.0296258,0.00167298,-5.01901,0,0,-5,0.0296258,0.00167298,-0.0190125,0.0352415,-0.0206165,-0.0040414,0.0204972,0,0,0
1780640663074677,37.0038,0.0295655,0.00179878,-5.01889,0,0,-5,0.0295655,0.00179878,-0.0188904,0.0351312,-0.0219331,-0.00438511,0.020793,0,0,0
1780640663098677,37.0278,0.0294234,0.00194273,-5.01871,0,0,-5,0.0294234,0.00194273,-0.0187073,0.034921,-0.0223004,-0.00551276,0.0203563,0,0,0
1780640663114677,37.0438,0.0292994,0.00202354,-5.01855,0,0,-5,0.0292994,0.00202354,-0.0185547,0.0347394,-0.0222399,-0.00518316,0.0207199,0,0,0
1780640663138677,37.0678,0.0290763,0.00213346,-5.01834,0,0,-5,0.0290763,0.00213346,-0.0183411,0.0344438,-0.0228728,-0.00535379,0.0178562,0,0,0
1780640663154677,37.0838,0.0291863,0.00231547,-5.01846,0,0,-5,0.0291863,0.00231547,-0.0184631,0.0346134,-0.0246549,-0.00410058,0.0177106,0,0,0
1780640663178677,37.1078,0.0296639,0.00277329,-5.01898,0,0,-5,0.0296639,0.00277329,-0.0189819,0.0353263,-0.0259583,-0.00277104,0.0155494,0,0,0
1780640663194677,37.1238,0.0299134,0.00305225,-5.01932,0,0,-5,0.0299134,0.00305225,-0.0193176,0.0357393,-0.0267152,-0.00422868,0.0155775,0,0,0
1780640663218677,37.1478,0.0302199,0.00340261,-5.01971,0,0,-5,0.0302199,0.00340261,-0.0197144,0.0362419,-0.026412,-0.00586529,0.0179857,0,0,0
1780640663234677,37.1638,0.0303782,0.00361727,-5.01996,0,0,-5,0.0303782,0.00361727,-0.0199585,0.0365276,-0.0269222,-0.00525031,0.0177603,0,0,0
1780640663258677,37.1878,0.0305618,0.00392222,-5.02023,0,0,-5,0.0305618,0.00392222,-0.0202332,0.0368618,-0.026737,-0.00539117,0.0182477,0,0,0
1780640663274677,37.2038,0.030639,0.00411352,-5.02042,0,0,-5,0.030639,0.00411352,-0.0204163,0.0370472,-0.0264937,-0.00466374,0.0171765,0,0,0
1780640663298677,37.2278,0.0307051,0.00441818,-5.02066,0,0,-5,0.0307051,0.00441818,-0.0206604,0.0372717,-0.0272207,-0.00193919,0.0175241,0,0,0
1780640663314820,37.244,0.0306978,0.00464432,-5.02075,0,0,-5,0.0306978,0.00464432,-0.020752,0.0373439,-0.0276392,-0.000513189,0.0182175,0,0,0
1780640663338820,37.268,0.0306169,0.00497213,-5.02087,0,0,-5,0.0306169,0.00497213,-0.020874,0.0373877,-0.0295604,-0.000558532,0.01962,0,0,0
1780640663354820,37.284,0.0305185,0.00519491,-5.0209,0,0,-5,0.0305185,0.00519491,-0.0209045,0.0373546,-0.0294811,0.000848681,0.019728,0,0,0
1780640663370820,37.3,0.0303992,0.00540714,-5.02094,0,0,-5,0.0303992,0.00540714,-0.0209351,0.0373045,-0.0289995,0.000262189,0.019856,0,0,0
1780640663394820,37.324,0.0302026,0.00570267,-5.0209,0,0,-5,0.0302026,0.00570267,-0.0209045,0.0371714,-0.0289086,-7.75504e-06,0.0224516,0,0,0
1780640663418820,37.348,0.0299409,0.00598706,-5.02078,0,0,-5,0.0299409,0.00598706,-0.0207825,0.0369353,-0.0295969,7.38688e-05,0.0230414,0,0,0
1780640663434820,37.364,0.0297378,0.00615524,-5.02069,0,0,-5,0.0297378,0.00615524,-0.0206909,0.036747,-0.0295209,-0.00069154,0.0226325,0,0,0
1780640663458820,37.388,0.0293924,0.00641597,-5.0206,0,0,-5,0.0293924,0.00641597,-0.0205994,0.0364611,-0.0295008,0.00168024,0.0220141,0,0,0
1780640663474820,37.404,0.0291303,0.00658819,-5.02051,0,0,-5,0.0291303,0.00658819,-0.0205078,0.0362291,-0.0304875,0.000553829,0.0219538,0,0,0
1780640663498820,37.428,0.0287055,0.00682375,-5.02032,0,0,-5,0.0287055,0.00682375,-0.0203247,0.0358283,-0.0305541,8.15644e-05,0.0224292,0,0,0
1780640663514820,37.444,0.0283969,0.00695623,-5.0202,0,0,-5,0.0283969,0.00695623,-0.0202026,0.0355376,-0.0310038,-0.000169753,0.0218964,0,0,0
1780640663538820,37.468,0.027881,0.00715424,-5.01996,0,0,-5,0.027881,0.00715424,-0.0199585,0.0350268,-0.0320656,0.00025479,0.0217413,0,0,0
1780640663554820,37.484,0.0278136,0.00725897,-5.02017,0,0,-5,0.0278136,0.00725897,-0.0201721,0.035117,-0.0335054,0.000303609,0.0208141,0,0,0
1780640663578820,37.508,0.0280853,0.00740395,-5.02094,0,0,-5,0.0280853,0.00740395,-0.0209351,0.0358033,-0.0346019,0.000634607,0.0205267,0,0,0
1780640663594820,37.524,0.0282048,0.0074872,-5.02142,0,0,-5,0.0282048,0.0074872,-0.0214233,0.0362012,-0.0347395,0.000725853,0.0204633,0,0,0
1780640663618820,37.548,0.0282992,0.00760846,-5.02209,0,0,-5,0.0282992,0.00760846,-0.0220947,0.0367003,-0.0349595,9.01942e-05,0.0192142,0,0,0
1780640663634820,37.564,0.0283183,0.00766911,-5.02249,0,0,-5,0.0283183,0.00766911,-0.0224915,0.0369676,-0.0348067,-0.000610581,0.0188662,0,0,0
1780640663658820,37.588,0.0282863,0.0077577,-5.02301,0,0,-5,0.0282863,0.0077577,-0.0230103,0.0372796,-0.0347978,-0.000178186,0.0217202,0,0,0
1780640663674820,37.604,0.0282339,0.00781019,-5.02332,0,0,-5,0.0282339,0.00781019,-0.0233154,0.0374401,-0.0338928,-0.0008652,0.0213199,0,0,0
1780640663698820,37.628,0.0281228,0.00789433,-5.02368,0,0,-5,0.0281228,0.00789433,-0.0236816,0.0376036,-0.0334862,0.000475684,0.0210579,0,0,0
1780640663714820,37.644,0.0280064,0.00796356,-5.0239,0,0,-5,0.0280064,0.00796356,-0.0238953,0.0376664,-0.0338162,0.000906839,0.02208,0,0,0
1780640663730820,37.66,0.0278676,0.00803,-5.02408,0,0,-5,0.0278676,0.00803,-0.0240784,0.0376942,-0.0338935,0.000929989,0.022866,0,0,0
1780640663754820,37.684,0.0276086,0.0081112,-5.02435,0,0,-5,0.0276086,0.0081112,-0.024353,0.0376975,-0.0329253,-0.000522939,0.0215328,0,0,0
1780640663778820,37.708,0.0272953,0.00816778,-5.0246,0,0,-5,0.0272953,0.00816778,-0.0245972,0.0376399,-0.0344119,3.78726e-05,0.018281,0,0,0
1780640663794820,37.724,0.0270481,0.00820838,-5.02475,0,0,-5,0.0270481,0.00820838,-0.0247498,0.0375703,-0.0348624,-0.000225954,0.0185081,0,0,0
1780640663818820,37.748,0.0266355,0.00825638,-5.02496,0,0,-5,0.0266355,0.00825638,-0.0249634,0.0374271,-0.0346649,-0.000167711,0.0193978,0,0,0
1780640663834820,37.764,0.0263508,0.00828813,-5.02505,0,0,-5,0.0263508,0.00828813,-0.0250549,0.0372935,-0.0334857,-0.000500404,0.018995,0,0,0
1780640663858820,37.788,0.0259151,0.00832405,-5.02518,0,0,-5,0.0259151,0.00832405,-0.025177,0.0370778,-0.0333633,-3.4744e-06,0.0187801,0,0,0
1780640663874820,37.804,0.0256092,0.00835891,-5.02527,0,0,-5,0.0256092,0.00835891,-0.0252686,0.0369351,-0.0323935,0.000504345,0.0191138,0,0,0
1780640663898820,37.828,0.0251293,0.00841638,-5.02536,0,0,-5,0.0251293,0.00841638,-0.0253601,0.0366804,-0.0308878,0.00129525,0.0198968,0,0,0
1780640663914820,37.844,0.0248003,0.00845528,-5.02539,0,0,-5,0.0248003,0.00845528,-0.0253906,0.036486,-0.031223,0.000339442,0.01974,0,0,0
1780640663938820,37.868,0.0242841,0.00848905,-5.02539,0,0,-5,0.0242841,0.00848905,-0.0253906,0.0361451,-0.0314514,-9.24599e-05,0.020536,0,0,0
1780640663954820,37.884,0.0243457,0.00868766,-5.0257,0,0,-5,0.0243457,0.00868766,-0.0256958,0.0364481,-0.0317683,-0.000175664,0.0195389,0,0,0
1780640663978820,37.908,0.0250169,0.00923233,-5.02652,0,0,-5,0.0250169,0.00923233,-0.0265198,0.0376082,-0.0312128,7.87335e-05,0.0197822,0,0,0
1780640663994820,37.924,0.0253964,0.00957469,-5.02704,0,0,-5,0.0253964,0.00957469,-0.0270386,0.0383111,-0.0317298,-2.27486e-05,0.0202526,0,0,0
1780640664018820,37.948,0.0258771,0.0100652,-5.02768,0,0,-5,0.0258771,0.0100652,-0.0276794,0.0392057,-0.0299806,0.000600847,0.0209641,0,0,0
1780640664034820,37.964,0.0261718,0.0103834,-5.02808,0,0,-5,0.0261718,0.0103834,-0.0280762,0.0397624,-0.0292109,0.00119547,0.0212422,0,0,0
1780640664058820,37.988,0.0265263,0.010826,-5.02856,0,0,-5,0.0265263,0.010826,-0.0285645,0.0404571,-0.0298861,0.000844163,0.0226858,0,0,0
1780640664074820,38.004,0.0267125,0.0111071,-5.02884,0,0,-5,0.0267125,0.0111071,-0.0288391,0.0408487,-0.0295273,0.000676457,0.0231098,0,0,0
1780640664098820,38.028,0.0269329,0.0114819,-5.02921,0,0,-5,0.0269329,0.0114819,-0.0292053,0.0413541,-0.02963,-0.000711549,0.0224808,0,0,0
1780640664114820,38.044,0.0270172,0.011706,-5.02942,0,0,-5,0.0270172,0.011706,-0.0294189,0.0416225,-0.0308527,-0.00155051,0.0217655,0,0,0
1780640664138820,38.068,0.0270603,0.012006,-5.02969,0,0,-5,0.0270603,0.012006,-0.0296936,0.0419299,-0.0312859,-0.00172706,0.02224,0,0,0
1780640664154820,38.084,0.0270718,0.0121969,-5.02985,0,0,-5,0.0270718,0.0121969,-0.0298462,0.0421004,-0.0291286,-0.00129769,0.0230768,0,0,0
1780640664178820,38.108,0.0270577,0.0124795,-5.03003,0,0,-5,0.0270577,0.0124795,-0.0300293,0.0423038,-0.0294866,-0.000996641,0.0230921,0,0,0
1780640664194820,38.124,0.0270075,0.012662,-5.03009,0,0,-5,0.0270075,0.012662,-0.0300903,0.0423693,-0.0292759,-8.55354e-05,0.0238103,0,0,0
1780640664218820,38.148,0.0268846,0.0129284,-5.03012,0,0,-5,0.0268846,0.0129284,-0.0301208,0.0423933,-0.0295021,-0.00059083,0.026188,0,0,0
1780640664234820,38.164,0.0267711,0.0130858,-5.03009,0,0,-5,0.0267711,0.0130858,-0.0300903,0.0423481,-0.029078,-0.000607593,0.0268452,0,0,0
1780640664258820,38.188,0.0265551,0.0133213,-5.02997,0,0,-5,0.0265551,0.0133213,-0.0299683,0.0421987,-0.0298014,0.0003104,0.0306319,0,0,0
1780640664274820,38.204,0.0263702,0.0134742,-5.02982,0,0,-5,0.0263702,0.0134742,-0.0298157,0.0420228,-0.03075,0.00054688,0.0304702,0,0,0
1780640664298820,38.228,0.0260486,0.0136908,-5.02954,0,0,-5,0.0260486,0.0136908,-0.029541,0.041697,-0.0308004,-0.000130565,0.0318258,0,0,0
1780640664314963,38.2441,0.0258279,0.013814,-5.02933,0,0,-5,0.0258279,0.013814,-0.0293274,0.0414488,-0.0305824,-0.00105775,0.0319919,0,0,0
1780640664338963,38.2681,0.0254753,0.0139474,-5.02896,0,0,-5,0.0254753,0.0139474,-0.0289612,0.0410155,-0.0306369,-0.00266563,0.0317902,0,0,0
1780640664354963,38.2841,0.0256535,0.0140156,-5.02896,0,0,-5,0.0256535,0.0140156,-0.0289612,0.0411496,-0.0317223,-0.00189831,0.0316588,0,0,0
1780640664370963,38.3001,0.0262329,0.0140727,-5.02914,0,0,-5,0.0262329,0.0140727,-0.0291443,0.0416605,-0.0312708,-0.00178189,0.0320271,0,0,0
1780640664394963,38.3241,0.0269997,0.014153,-5.02936,0,0,-5,0.0269997,0.014153,-0.0293579,0.0423223,-0.0304884,-0.00241266,0.0322504,0,0,0
1780640664410963,38.3401,0.0274533,0.0141956,-5.02948,0,0,-5,0.0274533,0.0141956,-0.02948,0.0427114,-0.0297076,-0.00292254,0.0307752,0,0,0
1780640664434963,38.3641,0.0280747,0.0142381,-5.02963,0,0,-5,0.0280747,0.0142381,-0.0296326,0.043232,-0.0282416,-0.00347138,0.0303188,0,0,0
1780640664450963,38.3801,0.0284324,0.0142471,-5.02969,0,0,-5,0.0284324,0.0142471,-0.0296936,0.0435097,-0.0285829,-0.00409914,0.030315,0,0,0
1780640664474963,38.4041,0.0288804,0.0142348,-5.02972,0,0,-5,0.0288804,0.0142348,-0.0297241,0.0438204,-0.0287477,-0.00569492,0.0296963,0,0,0
1780640664498963,38.4281,0.0292359,0.014181,-5.02972,0,0,-5,0.0292359,0.014181,-0.0297241,0.0440382,-0.028442,-0.00650964,0.0296109,0,0,0
1780640664514963,38.4441,0.0294331,0.0141388,-5.02969,0,0,-5,0.0294331,0.0141388,-0.0296936,0.0441353,-0.0282992,-0.0059573,0.0294499,0,0,0
1780640664530963,38.4601,0.0295971,0.0141031,-5.02966,0,0,-5,0.0295971,0.0141031,-0.0296631,0.044213,-0.0282963,-0.00585962,0.0306489,0,0,0
1780640664554963,38.4841,0.0297936,0.0140455,-5.02954,0,0,-5,0.0297936,0.0140455,-0.029541,0.0442448,-0.0272999,-0.00554619,0.0310522,0,0,0
1780640664570963,38.5001,0.0298957,0.0140105,-5.02942,0,0,-5,0.0298957,0.0140105,-0.0294189,0.0442213,-0.0265255,-0.00550262,0.03019,0,0,0
1780640664594963,38.5241,0.0300115,0.0139556,-5.02924,0,0,-5,0.0300115,0.0139556,-0.0292358,0.0441609,-0.0260415,-0.00536183,0.0301239,0,0,0
1780640664610963,38.5401,0.0300573,0.0139312,-5.02911,0,0,-5,0.0300573,0.0139312,-0.0291138,0.0441037,-0.0264576,-0.00480406,0.0299131,0,0,0
1780640664634963,38.5641,0.0300631,0.0138846,-5.02887,0,0,-5,0.0300631,0.0138846,-0.0288696,0.0439321,-0.0259348,-0.00515098,0.0290192,0,0,0
1780640664658963,38.5881,0.0300403,0.0138011,-5.02859,0,0,-5,0.0300403,0.0138011,-0.028595,0.04371,-0.0253086,-0.00695525,0.0293829,0,0,0
1780640664674963,38.6041,0.0299891,0.0137322,-5.02838,0,0,-5,0.0299891,0.0137322,-0.0283813,0.0435135,-0.0260847,-0.00754685,0.0292078,0,0,0
1780640664698963,38.6281,0.0298489,0.0136054,-5.02805,0,0,-5,0.0298489,0.0136054,-0.0280457,0.0431581,-0.0266948,-0.00851442,0.0289934,0,0,0
1780640664714963,38.6441,0.0297353,0.0135061,-5.0278,0,0,-5,0.0297353,0.0135061,-0.0278015,0.0428897,-0.0261049,-0.00913174,0.0294983,0,0,0
1780640664738963,38.6681,0.0295115,0.0133482,-5.0274,0,0,-5,0.0295115,0.0133482,-0.0274048,0.0424279,-0.0271342,-0.00962344,0.0296814,0,0,0
1780640664754963,38.6841,0.0296577,0.013274,-5.02734,0,0,-5,0.0296577,0.013274,-0.0273438,0.0424671,-0.0264458,-0.010016,0.0309515,0,0,0
1780640664778963,38.7081,0.0303093,0.0132008,-5.0275,0,0,-5,0.0303093,0.0132008,-0.0274963,0.0429996,-0.0251578,-0.0107198,0.0304845,0,0,0
1780640664794963,38.7241,0.0306902,0.0131362,-5.02756,0,0,-5,0.0306902,0.0131362,-0.0275574,0.0432881,-0.0254289,-0.0117417,0.0305449,0,0,0
1780640664818963,38.7481,0.0311837,0.0130004,-5.02756,0,0,-5,0.0311837,0.0130004,-0.0275574,0.0435986,-0.0241267,-0.0122783,0.0302648,0,0,0
1780640664834963,38.7641,0.0314793,0.0129039,-5.02753,0,0,-5,0.0314793,0.0129039,-0.0275269,0.0437628,-0.0240119,-0.0121581,0.0297859,0,0,0
1780640664858963,38.7881,0.0318378,0.0127622,-5.02744,0,0,-5,0.0318378,0.0127622,-0.0274353,0.0439228,-0.0253158,-0.0118576,0.0309077,0,0,0
1780640664874963,38.8041,0.0320175,0.0126535,-5.02731,0,0,-5,0.0320175,0.0126535,-0.0273132,0.0439459,-0.0252182,-0.0134591,0.0312347,0,0,0
1780640664898963,38.8281,0.0322104,0.0124565,-5.0271,0,0,-5,0.0322104,0.0124565,-0.0270996,0.0438984,-0.0269736,-0.0145951,0.030667,0,0,0
1780640664914963,38.8441,0.0322872,0.0123018,-5.02692,0,0,-5,0.0322872,0.0123018,-0.0269165,0.0437984,-0.0269149,-0.0149854,0.0304974,0,0,0
1780640664938963,38.8681,0.0323432,0.0120724,-5.02667,0,0,-5,0.0323432,0.0120724,-0.0266724,0.0436262,-0.0268458,-0.0149554,0.0297722,0,0,0
1780640664954963,38.8841,0.0323548,0.0119066,-5.02646,0,0,-5,0.0323548,0.0119066,-0.0264587,0.0434587,-0.0257072,-0.0152802,0.0291434,0,0,0
1780640664978963,38.9081,0.032359,0.0116454,-5.02612,0,0,-5,0.032359,0.0116454,-0.026123,0.0431872,-0.0247136,-0.0156757,0.0292817,0,0,0
1780640664994963,38.9241,0.0323457,0.0114688,-5.02591,0,0,-5,0.0323457,0.0114688,-0.0259094,0.0430009,-0.0237154,-0.015359,0.0284254,0,0,0
1780640665018963,38.9481,0.0322818,0.0111823,-5.02554,0,0,-5,0.0322818,0.0111823,-0.0255432,0.042657,-0.0248364,-0.016094,0.02831,0,0,0
1780640665034963,38.9641,0.032205,0.0109888,-5.02533,0,0,-5,0.032205,0.0109888,-0.0253296,0.0424206,-0.0243422,-0.0156382,0.0280724,0,0,0
1780640665058963,38.9881,0.0320553,0.0106926,-5.02496,0,0,-5,0.0320553,0.0106926,-0.0249634,0.0420124,-0.0241927,-0.0161164,0.0286109,0,0,0
1780640665074963,39.0041,0.0319433,0.0104929,-5.02472,0,0,-5,0.0319433,0.0104929,-0.0247192,0.0417315,-0.0238609,-0.0151896,0.027824,0,0,0
1780640665098963,39.0281,0.0317461,0.010202,-5.02435,0,0,-5,0.0317461,0.010202,-0.024353,0.0412912,-0.0242736,-0.0149127,0.0272506,0,0,0
1780640665114963,39.0441,0.0315802,0.0100204,-5.02408,0,0,-5,0.0315802,0.0100204,-0.0240784,0.0409572,-0.0239692,-0.0136823,0.0280649,0,0,0
1780640665138963,39.0681,0.0313255,0.00972565,-5.02365,0,0,-5,0.0313255,0.00972565,-0.0236511,0.0404382,-0.023349,-0.0161619,0.0283465,0,0,0
1780640665154963,39.0841,0.0313176,0.00965073,-5.02362,0,0,-5,0.0313176,0.00965073,-0.0236206,0.0403963,-0.0236494,-0.0171572,0.0286805,0,0,0
1780640665178963,39.1081,0.0314837,0.00974379,-5.02383,0,0,-5,0.0314837,0.00974379,-0.0238342,0.0406723,-0.0245718,-0.0177573,0.0302236,0,0,0
1780640665194963,39.1241,0.0315567,0.00977014,-5.02396,0,0,-5,0.0315567,0.00977014,-0.0239563,0.0408067,-0.0236782,-0.0183975,0.0303776,0,0,0
1780640665210963,39.1401,0.0316128,0.00977838,-5.02402,0,0,-5,0.0316128,0.00977838,-0.0240173,0.0408879,-0.0236261,-0.0177881,0.0295173,0,0,0
1780640665234963,39.1641,0.0316135,0.00977851,-5.02414,0,0,-5,0.0316135,0.00977851,-0.0241394,0.0409603,-0.0258019,-0.0181664,0.0286262,0,0,0
1780640665258963,39.1881,0.0315539,0.00972879,-5.02423,0,0,-5,0.0315539,0.00972879,-0.024231,0.0409566,-0.0246556,-0.0195506,0.0267381,0,0,0
1780640665274963,39.2041,0.031499,0.00967262,-5.02426,0,0,-5,0.031499,0.00967262,-0.0242615,0.040919,-0.0247372,-0.0184741,0.0267497,0,0,0
1780640665298963,39.2281,0.0313494,0.00960069,-5.02432,0,0,-5,0.0313494,0.00960069,-0.0243225,0.0408233,-0.0264138,-0.0169212,0.0258789,0,0,0
1780640665314963,39.2441,0.0312122,0.00955691,-5.02432,0,0,-5,0.0312122,0.00955691,-0.0243225,0.0407077,-0.0270852,-0.0169145,0.0255203,0,0,0
1780640665339107,39.2683,0.0309814,0.00947932,-5.02435,0,0,-5,0.0309814,0.00947932,-0.024353,0.0405312,-0.0260141,-0.0162689,0.0233219,0,0,0
1780640665355107,39.2843,0.0308071,0.00941233,-5.02435,0,0,-5,0.0308071,0.00941233,-0.024353,0.0403824,-0.0266455,-0.0166255,0.0230954,0,0,0
1780640665379107,39.3083,0.0304982,0.00931089,-5.02426,0,0,-5,0.0304982,0.00931089,-0.0242615,0.0400681,-0.0267528,-0.0151696,0.0233161,0,0,0
1780640665395107,39.3243,0.0302793,0.00926329,-5.0242,0,0,-5,0.0302793,0.00926329,-0.0242004,0.0398536,-0.0259633,-0.0141991,0.0238913,0,0,0
1780640665419107,39.3483,0.0299314,0.00918941,-5.02402,0,0,-5,0.0299314,0.00918941,-0.0240173,0.0394609,-0.025815,-0.0137751,0.0239717,0,0,0
1780640665435107,39.3643,0.0296871,0.00912811,-5.0239,0,0,-5,0.0296871,0.00912811,-0.0238953,0.0391872,-0.0257375,-0.0141495,0.0236292,0,0,0
1780640665459107,39.3883,0.0292878,0.00898124,-5.02368,0,0,-5,0.0292878,0.00898124,-0.0236816,0.0387202,-0.0258129,-0.015496,0.0239587,0,0,0
1780640665475107,39.4043,0.0290012,0.0088567,-5.02353,0,0,-5,0.0290012,0.0088567,-0.0235291,0.0383813,-0.0264327,-0.0153667,0.0240347,0,0,0
1780640665499107,39.4283,0.0285351,0.00867779,-5.02325,0,0,-5,0.0285351,0.00867779,-0.0232544,0.0378196,-0.0268171,-0.0141332,0.0257062,0,0,0
1780640665515107,39.4443,0.0282034,0.00855412,-5.02304,0,0,-5,0.0282034,0.00855412,-0.0230408,0.0374096,-0.0273603,-0.0151134,0.0259471,0,0,0
1780640665539107,39.4683,0.0276737,0.00834477,-5.02271,0,0,-5,0.0276737,0.00834477,-0.0227051,0.0367558,-0.0286487,-0.0154694,0.025261,0,0,0
1780640665555107,39.4843,0.0271085,0.00822391,-5.02264,0,0,-5,0.0271085,0.00822391,-0.022644,0.0362664,-0.0297433,-0.0147169,0.0255718,0,0,0
1780640665579107,39.5083,0.0260012,0.00808756,-5.02277,0,0,-5,0.0260012,0.00808756,-0.0227661,0.0354932,-0.0298279,-0.0143128,0.0271647,0,0,0
1780640665595107,39.5243,0.0252778,0.00800219,-5.0228,0,0,-5,0.0252778,0.00800219,-0.0227966,0.034967,-0.0294495,-0.0141902,0.0263907,0,0,0
1780640665619107,39.5483,0.0242209,0.00784825,-5.0228,0,0,-5,0.0242209,0.00784825,-0.0227966,0.034175,-0.029037,-0.0144889,0.025789,0,0,0
1780640665635107,39.5643,0.0235189,0.0077416,-5.0228,0,0,-5,0.0235189,0.0077416,-0.0227966,0.0336565,-0.0297799,-0.0142288,0.0248093,0,0,0
1780640665659107,39.5883,0.0224484,0.00757931,-5.02277,0,0,-5,0.0224484,0.00757931,-0.0227661,0.0328584,-0.030354,-0.014043,0.02324,0,0,0
1780640665675107,39.6043,0.0217335,0.0074613,-5.02274,0,0,-5,0.0217335,0.0074613,-0.0227356,0.0323253,-0.0306121,-0.0146668,0.0229963,0,0,0
1780640665699107,39.6283,0.0206611,0.00724403,-5.02264,0,0,-5,0.0206611,0.00724403,-0.022644,0.0314978,-0.0314888,-0.016618,0.0229185,0,0,0
1780640665715107,39.6443,0.0199349,0.00706943,-5.02255,0,0,-5,0.0199349,0.00706943,-0.0225525,0.0309191,-0.0324243,-0.0174247,0.0243501,0,0,0
1780640665739107,39.6683,0.0188326,0.0067823,-5.02243,0,0,-5,0.0188326,0.0067823,-0.0224304,0.0300631,-0.0322952,-0.0183019,0.0232513,0,0,0
1780640665755107,39.6843,0.018091,0.00657886,-5.02231,0,0,-5,0.018091,0.00657886,-0.0223083,0.0294657,-0.0324264,-0.0190185,0.0232807,0,0,0
1780640665779107,39.7083,0.0169834,0.00625791,-5.02213,0,0,-5,0.0169834,0.00625791,-0.0221252,0.0285854,-0.0321683,-0.0188433,0.023335,0,0,0
1780640665795107,39.7243,0.0162546,0.00603706,-5.02197,0,0,-5,0.0162546,0.00603706,-0.0219727,0.0279903,-0.0326641,-0.0190383,0.0237153,0,0,0
1780640665819107,39.7483,0.0151225,0.00569782,-5.02173,0,0,-5,0.0151225,0.00569782,-0.0217285,0.0270792,-0.0346216,-0.0197165,0.0236961,0,0,0
1780640665835107,39.7643,0.0143571,0.0054565,-5.02151,0,0,-5,0.0143571,0.0054565,-0.0215149,0.0264346,-0.0352692,-0.0198058,0.0243577,0,0,0
1780640665851107,39.7803,0.0136011,0.00521488,-5.0213,0,0,-5,0.0136011,0.00521488,-0.0213013,0.0258056,-0.0337248,-0.0195861,0.024042,0,0,0
1780640665875107,39.8043,0.0124709,0.00484357,-5.02097,0,0,-5,0.0124709,0.00484357,-0.0209656,0.0248704,-0.0344632,-0.0195939,0.0235975,0,0,0
1780640665899107,39.8283,0.0112811,0.00448103,-5.0206,0,0,-5,0.0112811,0.00448103,-0.0205994,0.0239098,-0.0360991,-0.0191413,0.0239516,0,0,0
1780640665915107,39.8443,0.0104786,0.00424003,-5.02032,0,0,-5,0.0104786,0.00424003,-0.0203247,0.0232567,-0.0357844,-0.018709,0.0242209,0,0,0
1780640665931107,39.8603,0.00969219,0.00400044,-5.02005,0,0,-5,0.00969219,0.00400044,-0.02005,0.0226262,-0.0353092,-0.0183196,0.0228829,0,0,0
1780640665955107,39.8843,0.00856135,0.00383607,-5.0199,0,0,-5,0.00856135,0.00383607,-0.0198975,0.0219982,-0.0357171,-0.0167248,0.0209785,0,0,0
1780640665979107,39.9083,0.00752368,0.00399859,-5.02023,0,0,-5,0.00752368,0.00399859,-0.0202332,0.0219539,-0.034913,-0.0165411,0.0199104,0,0,0
1780640665995107,39.9243,0.00685602,0.00409449,-5.02042,0,0,-5,0.00685602,0.00409449,-0.0204163,0.0219224,-0.0330096,-0.0160223,0.0189875,0,0,0
1780640666019107,39.9483,0.00590289,0.00420618,-5.02066,0,0,-5,0.00590289,0.00420618,-0.0206604,0.0218949,-0.0320009,-0.0171361,0.0191367,0,0,0
1780640666035107,39.9643,0.00525772,0.00423536,-5.02081,0,0,-5,0.00525772,0.00423536,-0.020813,0.0218806,-0.0332579,-0.0184334,0.0187368,0,0,0
1780640666059107,39.9883,0.00427861,0.00425588,-5.02094,0,0,-5,0.00427861,0.00425588,-0.0209351,0.0217875,-0.0331456,-0.0178047,0.0192314,0,0,0
1780640666075107,40.0043,0.00364043,0.00425149,-5.021,0,0,-5,0.00364043,0.00425149,-0.0209961,0.0217293,-0.0314018,-0.0181322,0.0193728,0,0,0
1780640666099107,40.0283,0.00269831,0.00421593,-5.02103,0,0,-5,0.00269831,0.00421593,-0.0210266,0.0216142,-0.0315004,-0.0170098,0.0206441,0,0,0
1780640666115107,40.0443,0.00207035,0.00419263,-5.02103,0,0,-5,0.00207035,0.00419263,-0.0210266,0.0215403,-0.030567,-0.0168027,0.0209179,0,0,0
1780640666131107,40.0603,0.00146436,0.00416196,-5.02103,0,0,-5,0.00146436,0.00416196,-0.0210266,0.0214845,-0.0296777,-0.0163575,0.020718,0,0,0
1780640666155107,40.0843,0.000589306,0.00412526,-5.02097,0,0,-5,0.000589306,0.00412526,-0.0209656,0.0213757,-0.0280164,-0.0138289,0.0225686,0,0,0
1780640666179107,40.1083,-0.000288912,0.00410184,-5.02081,0,0,-5,-0.000288912,0.00410184,-0.020813,0.0212153,-0.0289344,-0.014469,0.0251261,0,0,0
1780640666195107,40.1243,-0.000878177,0.00406794,-5.02069,0,0,-5,-0.000878177,0.00406794,-0.0206909,0.0211053,-0.0290295,-0.0141513,0.0238871,0,0,0
1780640666219107,40.1483,-0.00175295,0.00402424,-5.02048,0,0,-5,-0.00175295,0.00402424,-0.0204773,0.0209425,-0.0278911,-0.0134084,0.0246658,0,0,0
1780640666235107,40.1643,-0.00233339,0.00398224,-5.02032,0,0,-5,-0.00233339,0.00398224,-0.0203247,0.0208422,-0.0275673,-0.013715,0.0232179,0,0,0
1780640666259107,40.1883,-0.00316875,0.00391015,-5.02011,0,0,-5,-0.00316875,0.00391015,-0.0201111,0.0207313,-0.0254502,-0.0126106,0.023715,0,0,0
1780640666275107,40.2043,-0.00369504,0.00387797,-5.01996,0,0,-5,-0.00369504,0.00387797,-0.0199585,0.0206648,-0.0241996,-0.0106271,0.0234564,0,0,0
1780640666299107,40.2283,-0.00446137,0.0038487,-5.01971,0,0,-5,-0.00446137,0.0038487,-0.0197144,0.020576,-0.0223244,-0.00948487,0.0228894,0,0,0
1780640666315107,40.2443,-0.00496799,0.00383775,-5.01953,0,0,-5,-0.00496799,0.00383775,-0.0195312,0.0205153,-0.021891,-0.00950097,0.0215701,0,0,0
1780640666339256,40.2684,-0.00570257,0.00381626,-5.01929,0,0,-5,-0.00570257,0.00381626,-0.0192871,0.0204713,-0.0197963,-0.00860828,0.0239423,0,0,0
1780640666355256,40.2844,-0.00637656,0.00402328,-5.01932,0,0,-5,-0.00637656,0.00402328,-0.0193176,0.0207369,-0.0190253,-0.00759616,0.0238142,0,0,0
1780640666379256,40.3084,-0.00766518,0.00462599,-5.01962,0,0,-5,-0.00766518,0.00462599,-0.0196228,0.0215687,-0.0185798,-0.00711158,0.0220845,0,0,0
1780640666395256,40.3244,-0.00849411,0.00500335,-5.01984,0,0,-5,-0.00849411,0.00500335,-0.0198364,0.022151,-0.0180019,-0.00641911,0.0208609,0,0,0
1780640666419256,40.3484,-0.00965111,0.00554535,-5.02008,0,0,-5,-0.00965111,0.00554535,-0.0200806,0.0229592,-0.0153426,-0.00567614,0.0204725,0,0,0
1780640666435256,40.3644,-0.0103692,0.00589236,-5.02023,0,0,-5,-0.0103692,0.00589236,-0.0202332,0.0234866,-0.0144044,-0.00471336,0.0204585,0,0,0
1780640666459256,40.3884,-0.0114085,0.00640171,-5.02036,0,0,-5,-0.0114085,0.00640171,-0.0203552,0.0241965,-0.0140608,-0.00247542,0.0202634,0,0,0
1780640666475256,40.4044,-0.0120764,0.00674199,-5.02048,0,0,-5,-0.0120764,0.00674199,-0.0204773,0.0247106,-0.013688,-0.00209257,0.0187339,0,0,0
1780640666499256,40.4284,-0.0130325,0.00723156,-5.0206,0,0,-5,-0.0130325,0.00723156,-0.0205994,0.0254259,-0.0132127,-0.00152448,0.0184075,0,0,0
1780640666515256,40.4444,-0.013648,0.00753497,-5.02066,0,0,-5,-0.013648,0.00753497,-0.0206604,0.0258823,-0.0129117,-0.00191548,0.0193159,0,0,0
1780640666539256,40.4684,-0.0145271,0.0079624,-5.02066,0,0,-5,-0.0145271,0.0079624,-0.0206604,0.0264818,-0.0123193,-0.00142965,0.0212722,0,0,0
1780640666555256,40.4844,-0.0150851,0.0082477,-5.02063,0,0,-5,-0.0150851,0.0082477,-0.0206299,0.0268547,-0.0110578,-0.000422629,0.0213736,0,0,0
1780640666579256,40.5084,-0.0158548,0.00866904,-5.02054,0,0,-5,-0.0158548,0.00866904,-0.0205383,0.027356,-0.00995673,0.000500942,0.0197133,0,0,0
1780640666595256,40.5244,-0.0163423,0.00894989,-5.02048,0,0,-5,-0.0163423,0.00894989,-0.0204773,0.0276856,-0.00876519,0.00157041,0.0195316,0,0,0
1780640666619256,40.5484,-0.0170153,0.00935281,-5.02036,0,0,-5,-0.0170153,0.00935281,-0.0203552,0.0281306,-0.0075417,0.000402002,0.0202465,0,0,0
1780640666635256,40.5644,-0.017436,0.00958988,-5.02023,0,0,-5,-0.017436,0.00958988,-0.0202332,0.0283789,-0.00676949,0.000896927,0.0200858,0,0,0
1780640666659256,40.5884,-0.0180097,0.00994595,-5.02005,0,0,-5,-0.0180097,0.00994595,-0.02005,0.0287276,-0.00483598,0.000671142,0.0198423,0,0,0
1780640666675256,40.6044,-0.0183618,0.0101672,-5.0199,0,0,-5,-0.0183618,0.0101672,-0.0198975,0.0289212,-0.00416331,0.000984439,0.0196782,0,0,0
1780640666699256,40.6284,-0.0188792,0.0105004,-5.01974,0,0,-5,-0.0188792,0.0105004,-0.0197449,0.0292667,-0.00562933,0.00219247,0.0201586,0,0,0
1780640666715256,40.6444,-0.0192252,0.0107154,-5.01959,0,0,-5,-0.0192252,0.0107154,-0.0195923,0.0294667,-0.0051545,0.00211072,0.0209173,0,0,0
1780640666739256,40.6684,-0.0197205,0.0110259,-5.01932,0,0,-5,-0.0197205,0.0110259,-0.0193176,0.0297261,-0.00455323,0.00268205,0.0214757,0,0,0
1780640666755256,40.6844,-0.0204354,0.0114877,-5.01953,0,0,-5,-0.0204354,0.0114877,-0.0195312,0.030513,-0.00345735,0.00263856,0.0218283,0,0,0
1780640666779256,40.7084,-0.0220407,0.0125131,-5.02032,0,0,-5,-0.0220407,0.0125131,-0.0203247,0.0324879,-0.00259586,0.00320765,0.0208385,0,0,0
1780640666795256,40.7244,-0.0230346,0.0131681,-5.02081,0,0,-5,-0.0230346,0.0131681,-0.020813,0.033722,-0.00146324,0.0034882,0.0191326,0,0,0
1780640666819256,40.7484,-0.0244494,0.0141029,-5.02151,0,0,-5,-0.0244494,0.0141029,-0.0215149,0.0354902,-0.00227456,0.00340197,0.0189213,0,0,0
1780640666835256,40.7644,-0.0253416,0.014689,-5.02194,0,0,-5,-0.0253416,0.014689,-0.0219421,0.0365981,-0.00124737,0.00363015,0.0191036,0,0,0
1780640666859256,40.7884,-0.0265844,0.015529,-5.02249,0,0,-5,-0.0265844,0.015529,-0.0224915,0.038128,-0.00040224,0.00379225,0.0193464,0,0,0
1780640666875256,40.8044,-0.0273815,0.0160624,-5.02283,0,0,-5,-0.0273815,0.0160624,-0.0228271,0.0391002,-0.000987116,0.0037372,0.0187343,0,0,0
1780640666899256,40.8284,-0.0285383,0.0168372,-5.02325,0,0,-5,-0.0285383,0.0168372,-0.0232544,0.0404807,-3.04058e-05,0.00500193,0.0191275,0,0,0
1780640666915256,40.8444,-0.029256,0.0173422,-5.0235,0,0,-5,-0.029256,0.0173422,-0.0234985,0.0413382,6.10124e-05,0.00481215,0.0196207,0,0,0
1780640666939256,40.8684,-0.0302687,0.018049,-5.02374,0,0,-5,-0.0302687,0.018049,-0.0237427,0.0424932,0.000385132,0.00448752,0.0213334,0,0,0
1780640666955256,40.8844,-0.0309111,0.0185041,-5.0239,0,0,-5,-0.0309111,0.0185041,-0.0238953,0.0432305,0.000455134,0.0053055,0.0213039,0,0,0
1780640666979256,40.9084,-0.0318242,0.0191781,-5.02408,0,0,-5,-0.0318242,0.0191781,-0.0240784,0.0442758,0.00101007,0.00631807,0.0209118,0,0,0
1780640666995256,40.9244,-0.0323868,0.019603,-5.0242,0,0,-5,-0.0323868,0.019603,-0.0242004,0.0449315,0.000923542,0.00558767,0.0199191,0,0,0
1780640667011256,40.9404,-0.0329293,0.0200029,-5.02429,0,0,-5,-0.0329293,0.0200029,-0.024292,0.0455473,0.00119997,0.00498019,0.0186126,0,0,0
1780640667035256,40.9644,-0.0337455,0.0205398,-5.02441,0,0,-5,-0.0337455,0.0205398,-0.0244141,0.0464402,0.00122839,0.00359515,0.0190967,0,0,0
1780640667059256,40.9884,-0.0344758,0.0210303,-5.02451,0,0,-5,-0.0344758,0.0210303,-0.0245056,0.0472375,0.00348583,0.00484859,0.0190538,0,0,0
1780640667075256,41.0044,-0.034913,0.021356,-5.02454,0,0,-5,-0.034913,0.021356,-0.0245361,0.0477181,0.00443226,0.00417286,0.0202306,0,0,0
1780640667099256,41.0284,-0.0355141,0.0218022,-5.02451,0,0,-5,-0.0355141,0.0218022,-0.0245056,0.0483437,0.00579754,0.00334914,0.0204724,0,0,0
1780640667115256,41.0444,-0.0358595,0.0220642,-5.02444,0,0,-5,-0.0358595,0.0220642,-0.0244446,0.0486854,0.00779113,0.00196568,0.0209091,0,0,0
1780640667139256,41.0684,-0.0363127,0.0224061,-5.02435,0,0,-5,-0.0363127,0.0224061,-0.024353,0.0491295,0.0084828,0.00101499,0.021782,0,0,0
1780640667155256,41.0844,-0.0368863,0.0227358,-5.02454,0,0,-5,-0.0368863,0.0227358,-0.0245361,0.0497949,0.00952825,0.000644146,0.0218711,0,0,0
1780640667179256,41.1084,-0.0381165,0.0233567,-5.02515,0,0,-5,-0.0381165,0.0233567,-0.0251465,0.0512908,0.00993753,-0.000382602,0.0219898,0,0,0
1780640667195256,41.1244,-0.0388723,0.0237195,-5.02551,0,0,-5,-0.0388723,0.0237195,-0.0255127,0.0521974,0.010889,-0.00172614,0.0211468,0,0,0
1780640667219256,41.1484,-0.0399039,0.0242061,-5.026,0,0,-5,-0.0399039,0.0242061,-0.026001,0.0534257,0.0119647,-0.00198568,0.0212319,0,0,0
1780640667235256,41.1644,-0.0405246,0.0245231,-5.02628,0,0,-5,-0.0405246,0.0245231,-0.0262756,0.0541667,0.0126937,-0.000761678,0.021203,0,0,0
1780640667259256,41.1884,-0.0413665,0.0249707,-5.02664,0,0,-5,-0.0413665,0.0249707,-0.0266418,0.0551771,0.0129834,-0.00193969,0.0208536,0,0,0
1780640667275256,41.2044,-0.0418802,0.0252259,-5.02686,0,0,-5,-0.0418802,0.0252259,-0.0268555,0.055781,0.0137463,-0.00238411,0.0208116,0,0,0
1780640667299256,41.2284,-0.0425431,0.0255698,-5.0271,0,0,-5,-0.0425431,0.0255698,-0.0270996,0.0565519,0.0168578,-0.00347777,0.0212574,0,0,0
1780640667315256,41.2444,-0.0429175,0.0257687,-5.02725,0,0,-5,-0.0429175,0.0257687,-0.0272522,0.0569967,0.0178782,-0.00418787,0.0221404,0,0,0
1780640667339256,41.2684,-0.0433996,0.0260311,-5.02737,0,0,-5,-0.0433996,0.0260311,-0.0273743,0.0575368,0.0192483,-0.00497449,0.0222151,0,0,0
1780640667355406,41.2846,-0.043669,0.0261693,-5.02744,0,0,-5,-0.043669,0.0261693,-0.0274353,0.0578317,0.0194557,-0.00661426,0.023717,0,0,0
1780640667379406,41.3086,-0.0440108,0.0263021,-5.02744,0,0,-5,-0.0440108,0.0263021,-0.0274353,0.0581502,0.0208396,-0.00883183,0.0247483,0,0,0
1780640667395406,41.3246,-0.0441934,0.0263574,-5.02737,0,0,-5,-0.0441934,0.0263574,-0.0273743,0.0582849,0.0211557,-0.00942091,0.0257907,0,0,0
1780640667419406,41.3486,-0.0443891,0.0264157,-5.02725,0,0,-5,-0.0443891,0.0264157,-0.0272522,0.0584026,0.0224977,-0.00962635,0.0250319,0,0,0
1780640667435406,41.3646,-0.0444761,0.0264421,-5.02716,0,0,-5,-0.0444761,0.0264421,-0.0271606,0.0584381,0.0236373,-0.00971139,0.0254501,0,0,0
1780640667459406,41.3886,-0.0445363,0.0264495,-5.02698,0,0,-5,-0.0445363,0.0264495,-0.0269775,0.0584024,0.02527,-0.0116551,0.0260187,0,0,0
1780640667475406,41.4046,-0.0445312,0.0264034,-5.02679,0,0,-5,-0.0445312,0.0264034,-0.0267944,0.0582933,0.0261514,-0.0138984,0.026719,0,0,0
1780640667499406,41.4286,-0.0444764,0.0262802,-5.02652,0,0,-5,-0.0444764,0.0262802,-0.0265198,0.0580698,0.0260525,-0.0148142,0.0256051,0,0,0
1780640667515406,41.4446,-0.0444376,0.0261705,-5.02634,0,0,-5,-0.0444376,0.0261705,-0.0263367,0.057907,0.0258896,-0.0153631,0.0249139,0,0,0
1780640667539406,41.4686,-0.0443259,0.0259799,-5.02603,0,0,-5,-0.0443259,0.0259799,-0.0260315,0.0575967,0.0270612,-0.0157593,0.0245123,0,0,0
1780640667555406,41.4846,-0.044796,0.0260191,-5.02603,0,0,-5,-0.044796,0.0260191,-0.0260315,0.0579768,0.0276245,-0.0166356,0.0236719,0,0,0
1780640667579406,41.5086,-0.0462297,0.0262968,-5.02631,0,0,-5,-0.0462297,0.0262968,-0.0263062,0.0593357,0.0282768,-0.017516,0.0235783,0,0,0
1780640667595406,41.5246,-0.0471038,0.0264417,-5.02649,0,0,-5,-0.0471038,0.0264417,-0.0264893,0.0601632,0.0278973,-0.0174716,0.0233358,0,0,0
1780640667619406,41.5486,-0.0482712,0.0266306,-5.0267,0,0,-5,-0.0482712,0.0266306,-0.0267029,0.0612564,0.0297043,-0.0170234,0.0241836,0,0,0
1780640667635406,41.5646,-0.0489599,0.0267262,-5.02682,0,0,-5,-0.0489599,0.0267262,-0.026825,0.0618945,0.029713,-0.0173037,0.0235153,0,0,0
1780640667659406,41.5886,-0.0498879,0.0268413,-5.02692,0,0,-5,-0.0498879,0.0268413,-0.0269165,0.0627197,0.0308196,-0.0180743,0.0244296,0,0,0
1780640667675406,41.6046,-0.050413,0.0268731,-5.02698,0,0,-5,-0.050413,0.0268731,-0.0269775,0.0631777,0.0318944,-0.0183752,0.0227373,0,0,0
1780640667699406,41.6286,-0.0510803,0.0268904,-5.02707,0,0,-5,-0.0510803,0.0268904,-0.0270691,0.0637576,0.0331673,-0.0187603,0.0237598,0,0,0
1780640667715406,41.6446,-0.0514589,0.0268825,-5.02707,0,0,-5,-0.0514589,0.0268825,-0.0270691,0.064058,0.0346195,-0.0183592,0.02307,0,0,0
1780640667739406,41.6686,-0.0518841,0.0268239,-5.02707,0,0,-5,-0.0518841,0.0268239,-0.0270691,0.0643756,0.0376493,-0.0205302,0.0241035,0,0,0
1780640667755406,41.6846,-0.0521049,0.0267399,-5.02701,0,0,-5,-0.0521049,0.0267399,-0.0270081,0.0644933,0.0372426,-0.0212575,0.0238939,0,0,0
1780640667779406,41.7086,-0.0523379,0.0265868,-5.02692,0,0,-5,-0.0523379,0.0265868,-0.0269165,0.0645803,0.0401244,-0.0213126,0.0250002,0,0,0
1780640667795406,41.7246,-0.052428,0.0264669,-5.02679,0,0,-5,-0.052428,0.0264669,-0.0267944,0.0645533,0.0396142,-0.0212091,0.0266454,0,0,0
1780640667819406,41.7486,-0.052492,0.0262561,-5.02655,0,0,-5,-0.052492,0.0262561,-0.0265503,0.0644182,0.0416431,-0.0212294,0.0262932,0,0,0
1780640667835406,41.7646,-0.0524769,0.0261206,-5.02637,0,0,-5,-0.0524769,0.0261206,-0.0263672,0.0642754,0.0416896,-0.0205662,0.0256363,0,0,0
1780640667859406,41.7886,-0.0523772,0.025887,-5.02609,0,0,-5,-0.0523772,0.025887,-0.0260925,0.063987,0.0426219,-0.0212015,0.0247722,0,0,0
1780640667875406,41.8046,-0.052249,0.0257287,-5.02588,0,0,-5,-0.052249,0.0257287,-0.0258789,0.063731,0.0434276,-0.0209791,0.0238674,0,0,0
1780640667899406,41.8286,-0.0519649,0.0254495,-5.02557,0,0,-5,-0.0519649,0.0254495,-0.0255737,0.0632617,0.0455924,-0.0224709,0.0248051,0,0,0
1780640667915406,41.8446,-0.0517277,0.0252302,-5.02536,0,0,-5,-0.0517277,0.0252302,-0.0253601,0.0628924,0.0459145,-0.0238758,0.0243932,0,0,0
1780640667939406,41.8686,-0.0512952,0.0248676,-5.02499,0,0,-5,-0.0512952,0.0248676,-0.0249939,0.0622438,0.0476403,-0.0240609,0.023787,0,0,0
1780640667955406,41.8846,-0.0513372,0.0247169,-5.02499,0,0,-5,-0.0513372,0.0247169,-0.0249939,0.0622184,0.0484933,-0.0250946,0.0238387,0,0,0
1780640667979406,41.9086,-0.0518589,0.024634,-5.02521,0,0,-5,-0.0518589,0.024634,-0.0252075,0.0627025,0.049079,-0.0246222,0.0236475,0,0,0
1780640667995406,41.9246,-0.0521303,0.0245607,-5.02536,0,0,-5,-0.0521303,0.0245607,-0.0253601,0.0629598,0.049066,-0.0247262,0.022926,0,0,0
1780640668019406,41.9486,-0.0524142,0.024422,-5.02548,0,0,-5,-0.0524142,0.024422,-0.0254822,0.0631904,0.0495211,-0.0259022,0.0244701,0,0,0
1780640668035406,41.9646,-0.0525361,0.0243006,-5.02548,0,0,-5,-0.0525361,0.0243006,-0.0254822,0.0632448,0.0495789,-0.025346,0.0257192,0,0,0
1780640668051406,41.9806,-0.0526096,0.0241835,-5.02545,0,0,-5,-0.0526096,0.0241835,-0.0254517,0.0632487,0.0494529,-0.0245934,0.0280303,0,0,0
1780640668075406,42.0046,-0.0526391,0.0239624,-5.02533,0,0,-5,-0.0526391,0.0239624,-0.0253296,0.06314,0.0497287,-0.0257047,0.0286847,0,0,0
1780640668099406,42.0286,-0.0525686,0.0236926,-5.02518,0,0,-5,-0.0525686,0.0236926,-0.025177,0.062918,0.0510066,-0.0266849,0.028265,0,0,0
1780640668115406,42.0446,-0.0524557,0.0234985,-5.02505,0,0,-5,-0.0524557,0.0234985,-0.0250549,0.0627019,0.0526798,-0.0255654,0.0293069,0,0,0
1780640668139406,42.0686,-0.0521867,0.0231903,-5.02481,0,0,-5,-0.0521867,0.0231903,-0.0248108,0.0622641,0.0531379,-0.0254154,0.0289738,0,0,0
1780640668155406,42.0846,-0.05197,0.0229868,-5.02466,0,0,-5,-0.05197,0.0229868,-0.0246582,0.0619459,0.0529616,-0.0242894,0.0286476,0,0,0
1780640668171406,42.1006,-0.0517256,0.022777,-5.02448,0,0,-5,-0.0517256,0.022777,-0.0244751,0.0615903,0.0531632,-0.0242025,0.0282102,0,0,0
1780640668195406,42.1246,-0.0512791,0.0224414,-5.02423,0,0,-5,-0.0512791,0.0224414,-0.024231,0.0609943,0.0551476,-0.0246117,0.0274834,0,0,0
1780640668211406,42.1406,-0.0509108,0.0222074,-5.02405,0,0,-5,-0.0509108,0.0222074,-0.0240479,0.0605258,0.0565115,-0.0238486,0.0266161,0,0,0
1780640668235406,42.1646,-0.050325,0.0218426,-5.02377,0,0,-5,-0.050325,0.0218426,-0.0237732,0.0597902,0.0552095,-0.0240662,0.0268198,0,0,0
1780640668259406,42.1886,-0.0496952,0.0214557,-5.02344,0,0,-5,-0.0496952,0.0214557,-0.0234375,0.0589854,0.0552169,-0.0243013,0.0275048,0,0,0
1780640668275406,42.2046,-0.0492447,0.0212016,-5.02319,0,0,-5,-0.0492447,0.0212016,-0.0231934,0.0584165,0.0552764,-0.0229255,0.0274254,0,0,0
1780640668299406,42.2286,-0.0485145,0.0208356,-5.02283,0,0,-5,-0.0485145,0.0208356,-0.0228271,0.0575226,0.0564813,-0.0220129,0.027328,0,0,0
1780640668315406,42.2446,-0.0480107,0.0205944,-5.02255,0,0,-5,-0.0480107,0.0205944,-0.0225525,0.0569014,0.0558838,-0.0224433,0.0258154,0,0,0
1780640668339406,42.2686,-0.0472246,0.0202305,-5.02219,0,0,-5,-0.0472246,0.0202305,-0.0221863,0.0559613,0.055631,-0.0207177,0.0242898,0,0,0
1780640668355561,42.2847,-0.0472806,0.0203091,-5.02219,0,0,-5,-0.0472806,0.0203091,-0.0221863,0.056037,0.0545355,-0.0203364,0.0231793,0,0,0
1780640668371561,42.3007,-0.0478842,0.0206766,-5.02237,0,0,-5,-0.0478842,0.0206766,-0.0223694,0.0567522,0.0536569,-0.0197828,0.0230191,0,0,0
1780640668395561,42.3247,-0.0486776,0.0211708,-5.02261,0,0,-5,-0.0486776,0.0211708,-0.0226135,0.0576982,0.0529389,-0.0196607,0.0217525,0,0,0
1780640668419561,42.3487,-0.0493167,0.0215904,-5.0228,0,0,-5,-0.0493167,0.0215904,-0.0227966,0.0584634,0.0531892,-0.0197702,0.0229242,0,0,0
1780640668435561,42.3647,-0.0496579,0.0218279,-5.02289,0,0,-5,-0.0496579,0.0218279,-0.0228882,0.0588747,0.053511,-0.0202919,0.0230369,0,0,0
1780640668459561,42.3887,-0.0500601,0.0221103,-5.02292,0,0,-5,-0.0500601,0.0221103,-0.0229187,0.0593308,0.0538325,-0.0204484,0.0230467,0,0,0
1780640668475561,42.4047,-0.0502601,0.0222693,-5.02295,0,0,-5,-0.0502601,0.0222693,-0.0229492,0.0595707,0.0535669,-0.0199803,0.0231741,0,0,0
1780640668499561,42.4287,-0.0504542,0.022461,-5.02292,0,0,-5,-0.0504542,0.022461,-0.0229187,0.0597945,0.0542507,-0.0197709,0.0247854,0,0,0
1780640668515561,42.4447,-0.0505325,0.0225717,-5.02286,0,0,-5,-0.0505325,0.0225717,-0.0228577,0.0598789,0.053649,-0.0198663,0.0249789,0,0,0
1780640668531561,42.4607,-0.0505588,0.0226377,-5.02277,0,0,-5,-0.0505588,0.0226377,-0.0227661,0.0598912,0.0542931,-0.0212987,0.0240908,0,0,0
1780640668555561,42.4847,-0.0505235,0.0227121,-5.02264,0,0,-5,-0.0505235,0.0227121,-0.022644,0.0598433,0.0537119,-0.0205101,0.0241867,0,0,0
1780640668579561,42.5087,-0.0503999,0.0227501,-5.02246,0,0,-5,-0.0503999,0.0227501,-0.0224609,0.0596843,0.0536613,-0.0197189,0.0230461,0,0,0
1780640668595561,42.5247,-0.0502655,0.022765,-5.02234,0,0,-5,-0.0502655,0.022765,-0.0223389,0.0595306,0.0520086,-0.0192921,0.0226033,0,0,0
1780640668619561,42.5487,-0.0500548,0.022755,-5.02213,0,0,-5,-0.0500548,0.022755,-0.0221252,0.0592689,0.0506829,-0.0189038,0.0213089,0,0,0
1780640668635561,42.5647,-0.0498698,0.022728,-5.02197,0,0,-5,-0.0498698,0.022728,-0.0219727,0.0590454,0.0513976,-0.0197068,0.0215699,0,0,0
1780640668659561,42.5887,-0.0495076,0.0226596,-5.02173,0,0,-5,-0.0495076,0.0226596,-0.0217285,0.0586224,0.0518535,-0.0193717,0.0208299,0,0,0
1780640668675561,42.6047,-0.0492265,0.0226019,-5.02151,0,0,-5,-0.0492265,0.0226019,-0.0215149,0.0582837,0.0524296,-0.0191457,0.0220212,0,0,0
1780640668699561,42.6287,-0.0487433,0.0224949,-5.02121,0,0,-5,-0.0487433,0.0224949,-0.0212097,0.0577215,0.0525952,-0.0194134,0.0215396,0,0,0
1780640668715561,42.6447,-0.0483896,0.0223926,-5.02097,0,0,-5,-0.0483896,0.0223926,-0.0209656,0.0572934,0.0518447,-0.020301,0.0231152,0,0,0
1780640668739561,42.6687,-0.0478554,0.0222305,-5.02057,0,0,-5,-0.0478554,0.0222305,-0.0205688,0.056634,0.050139,-0.0203497,0.0231316,0,0,0
1780640668755561,42.6847,-0.0479389,0.0221789,-5.02048,0,0,-5,-0.0479389,0.0221789,-0.0204773,0.0566512,0.0497739,-0.0207092,0.0221269,0,0,0
1780640668779561,42.7087,-0.048646,0.0221534,-5.02057,0,0,-5,-0.048646,0.0221534,-0.0205688,0.0572737,0.048702,-0.0214764,0.0222869,0,0,0
1780640668795561,42.7247,-0.0490526,0.0221184,-5.0206,0,0,-5,-0.0490526,0.0221184,-0.0205994,0.057617,0.0475966,-0.0211234,0.0226116,0,0,0
1780640668819561,42.7487,-0.0495662,0.0220349,-5.02057,0,0,-5,-0.0495662,0.0220349,-0.0205688,0.0580122,0.0473839,-0.0213121,0.0208521,0,0,0
1780640668835561,42.7647,-0.0498418,0.0219578,-5.02054,0,0,-5,-0.0498418,0.0219578,-0.0205383,0.058208,0.0468193,-0.02092,0.0195798,0,0,0
1780640668859561,42.7887,-0.050159,0.021805,-5.02051,0,0,-5,-0.050159,0.021805,-0.0205078,0.0584119,0.0470051,-0.0217539,0.0195753,0,0,0
1780640668875561,42.8047,-0.0503026,0.021693,-5.02045,0,0,-5,-0.0503026,0.021693,-0.0204468,0.0584723,0.0470646,-0.0207832,0.0181462,0,0,0
1780640668899561,42.8287,-0.0504083,0.0215433,-5.02042,0,0,-5,-0.0504083,0.0215433,-0.0204163,0.0584973,0.0483305,-0.0187241,0.0165148,0,0,0
1780640668915561,42.8447,-0.050414,0.0214518,-5.02039,0,0,-5,-0.050414,0.0214518,-0.0203857,0.0584579,0.048287,-0.017424,0.0168178,0,0,0
1780640668939561,42.8687,-0.0503541,0.0213018,-5.02029,0,0,-5,-0.0503541,0.0213018,-0.0202942,0.0583195,0.0481777,-0.0178014,0.0165137,0,0,0
1780640668955561,42.8847,-0.0502798,0.0211825,-5.0202,0,0,-5,-0.0502798,0.0211825,-0.0202026,0.0581799,0.04744,-0.0184452,0.0171151,0,0,0
1780640668979561,42.9087,-0.0501374,0.0209745,-5.01999,0,0,-5,-0.0501374,0.0209745,-0.019989,0.0579072,0.0451858,-0.0178392,0.0171732,0,0,0
1780640668995561,42.9247,-0.0500189,0.0208324,-5.01987,0,0,-5,-0.0500189,0.0208324,-0.0198669,0.0577111,0.0448574,-0.0176397,0.0176583,0,0,0
1780640669019561,42.9487,-0.0497722,0.0206182,-5.01959,0,0,-5,-0.0497722,0.0206182,-0.0195923,0.0573257,0.0450967,-0.016675,0.0175994,0,0,0
1780640669035561,42.9647,-0.0495732,0.0204714,-5.01941,0,0,-5,-0.0495732,0.0204714,-0.0194092,0.0570377,0.0446567,-0.0172835,0.0187649,0,0,0
1780640669059561,42.9887,-0.049214,0.0202163,-5.0191,0,0,-5,-0.049214,0.0202163,-0.019104,0.0565304,0.0455911,-0.0183084,0.0206187,0,0,0
1780640669075561,43.0047,-0.0489275,0.0200275,-5.01886,0,0,-5,-0.0489275,0.0200275,-0.0188599,0.0561311,0.046153,-0.0184183,0.0227426,0,0,0
1780640669099561,43.0287,-0.0484495,0.0197331,-5.01843,0,0,-5,-0.0484495,0.0197331,-0.0184326,0.0554664,0.0463359,-0.0182734,0.0224593,0,0,0
1780640669115561,43.0447,-0.048105,0.0195257,-5.01813,0,0,-5,-0.048105,0.0195257,-0.0181274,0.0549904,0.044979,-0.0184398,0.0226977,0,0,0
1780640669139561,43.0687,-0.0475793,0.0191757,-5.01767,0,0,-5,-0.0475793,0.0191757,-0.0176697,0.054256,0.0450471,-0.0196219,0.022653,0,0,0
1780640669155561,43.0847,-0.0479203,0.018958,-5.01761,0,0,-5,-0.0479203,0.018958,-0.0176086,0.0544594,0.0454597,-0.0197985,0.0214517,0,0,0
1780640669171561,43.1007,-0.0489073,0.0187809,-5.01773,0,0,-5,-0.0489073,0.0187809,-0.0177307,0.0553085,0.0456044,-0.0189117,0.0213701,0,0,0
1780640669195561,43.1247,-0.0502269,0.0184814,-5.01788,0,0,-5,-0.0502269,0.0184814,-0.0178833,0.0564279,0.0452524,-0.0200024,0.0215623,0,0,0
1780640669219561,43.1487,-0.0513869,0.018171,-5.01797,0,0,-5,-0.0513869,0.018171,-0.0179749,0.0573925,0.0436323,-0.0196997,0.0224619,0,0,0
1780640669235561,43.1647,-0.0520802,0.0179508,-5.01801,0,0,-5,-0.0520802,0.0179508,-0.0180054,0.0579549,0.0436216,-0.0194711,0.022112,0,0,0
1780640669259561,43.1887,-0.0529944,0.0176348,-5.01801,0,0,-5,-0.0529944,0.0176348,-0.0180054,0.058682,0.0434546,-0.018226,0.0223375,0,0,0
1780640669275561,43.2047,-0.0535249,0.0174286,-5.01797,0,0,-5,-0.0535249,0.0174286,-0.0179749,0.0590912,0.0433367,-0.0179444,0.0219453,0,0,0
1780640669299561,43.2287,-0.0541968,0.0171172,-5.01791,0,0,-5,-0.0541968,0.0171172,-0.0179138,0.0595919,0.0434085,-0.0164785,0.0226382,0,0,0
1780640669315561,43.2447,-0.0545866,0.0169239,-5.01785,0,0,-5,-0.0545866,0.0169239,-0.0178528,0.0598735,0.0426678,-0.0161283,0.0219948,0,0,0
1780640669339561,43.2687,-0.0551039,0.0166269,-5.01773,0,0,-5,-0.0551039,0.0166269,-0.0177307,0.0602268,0.0407923,-0.01596,0.0230069,0,0,0
1780640669355712,43.2849,-0.0554061,0.0164208,-5.01761,0,0,-5,-0.0554061,0.0164208,-0.0176086,0.0604114,0.0402992,-0.0164483,0.0208365,0,0,0
1780640669379712,43.3089,-0.0557657,0.0161058,-5.01755,0,0,-5,-0.0557657,0.0161058,-0.0175476,0.0606394,0.0399538,-0.0163622,0.0173811,0,0,0
1780640669395712,43.3249,-0.0559633,0.0158836,-5.01752,0,0,-5,-0.0559633,0.0158836,-0.0175171,0.0607538,0.0399316,-0.017069,0.0170652,0,0,0
1780640669419712,43.3489,-0.0561856,0.0155273,-5.01746,0,0,-5,-0.0561856,0.0155273,-0.0174561,0.0608492,0.0395284,-0.0165545,0.0165364,0,0,0
1780640669435712,43.3649,-0.0562864,0.015312,-5.01743,0,0,-5,-0.0562864,0.015312,-0.0174255,0.0608791,0.0395659,-0.0148704,0.0158667,0,0,0
1780640669451712,43.3809,-0.0563485,0.015116,-5.01736,0,0,-5,-0.0563485,0.015116,-0.0173645,0.0608702,0.0395465,-0.0142691,0.0168934,0,0,0
1780640669475712,43.4049,-0.0563919,0.0148125,-5.01727,0,0,-5,-0.0563919,0.0148125,-0.0172729,0.0608096,0.0387554,-0.0143455,0.016296,0,0,0
1780640669499712,43.4289,-0.0563452,0.0145333,-5.01715,0,0,-5,-0.0563452,0.0145333,-0.0171509,0.0606643,0.0401695,-0.0131324,0.0158846,0,0,0
1780640669515712,43.4449,-0.0562489,0.014361,-5.01706,0,0,-5,-0.0562489,0.014361,-0.0170593,0.0605078,0.0417805,-0.0112608,0.016889,0,0,0
1780640669539712,43.4689,-0.056027,0.0141478,-5.01685,0,0,-5,-0.056027,0.0141478,-0.0168457,0.060191,0.0418295,-0.00963715,0.0184918,0,0,0
1780640669555712,43.4849,-0.0563305,0.013715,-5.01688,0,0,-5,-0.0563305,0.013715,-0.0168762,0.0603824,0.0429353,-0.00875021,0.0191145,0,0,0
1780640669579712,43.5089,-0.0573803,0.0126647,-5.01715,0,0,-5,-0.0573803,0.0126647,-0.0171509,0.0612131,0.043454,-0.00888688,0.0171462,0,0,0
1780640669595712,43.5249,-0.057996,0.0119889,-5.01733,0,0,-5,-0.057996,0.0119889,-0.017334,0.0617069,0.0426802,-0.0093588,0.0163313,0,0,0
1780640669619712,43.5489,-0.0587878,0.0110253,-5.01755,0,0,-5,-0.0587878,0.0110253,-0.0175476,0.0623336,0.0439254,-0.00774571,0.0156189,0,0,0
1780640669635712,43.5649,-0.0592202,0.0104199,-5.01767,0,0,-5,-0.0592202,0.0104199,-0.0176697,0.0626724,0.0445049,-0.00859163,0.0159014,0,0,0
1780640669659712,43.5889,-0.0597201,0.00955806,-5.01785,0,0,-5,-0.0597201,0.00955806,-0.0178528,0.06306,0.0462611,-0.00723404,0.0146166,0,0,0
1780640669675712,43.6049,-0.0599891,0.00901698,-5.01801,0,0,-5,-0.0599891,0.00901698,-0.0180054,0.0632787,0.0455424,-0.00746069,0.0145395,0,0,0
1780640669699712,43.6289,-0.0602798,0.00823076,-5.01816,0,0,-5,-0.0602798,0.00823076,-0.018158,0.063491,0.0464499,-0.00728823,0.0140815,0,0,0
1780640669715712,43.6449,-0.0604098,0.00773912,-5.01825,0,0,-5,-0.0604098,0.00773912,-0.0182495,0.0635789,0.0459619,-0.00635882,0.0144639,0,0,0
1780640669739712,43.6689,-0.0605274,0.00703932,-5.01834,0,0,-5,-0.0605274,0.00703932,-0.0183411,0.0636358,0.0459291,-0.0067596,0.0163657,0,0,0
1780640669755712,43.6849,-0.0605444,0.00659877,-5.01834,0,0,-5,-0.0605444,0.00659877,-0.0183411,0.0636048,0.0457434,-0.00611415,0.0174265,0,0,0
1780640669779712,43.7089,-0.0604921,0.00596168,-5.01831,0,0,-5,-0.0604921,0.00596168,-0.0183105,0.0634832,0.0459918,-0.00742691,0.0167046,0,0,0
1780640669795712,43.7249,-0.060402,0.00553428,-5.01831,0,0,-5,-0.060402,0.00553428,-0.0183105,0.0633585,0.0468682,-0.00771724,0.015431,0,0,0
1780640669819712,43.7489,-0.0601742,0.0049082,-5.01825,0,0,-5,-0.0601742,0.0049082,-0.0182495,0.063072,0.0469417,-0.00857901,0.0147574,0,0,0
1780640669835712,43.7649,-0.0599927,0.00448677,-5.01819,0,0,-5,-0.0599927,0.00448677,-0.0181885,0.0628497,0.0464365,-0.00903538,0.0146652,0,0,0
1780640669859712,43.7889,-0.0596373,0.00387456,-5.0181,0,0,-5,-0.0596373,0.00387456,-0.0180969,0.0624429,0.0481647,-0.00890456,0.0161327,0,0,0
1780640669875712,43.8049,-0.059346,0.00348676,-5.01797,0,0,-5,-0.059346,0.00348676,-0.0179749,0.0621064,0.0483447,-0.00682907,0.016863,0,0,0
1780640669899712,43.8289,-0.0588492,0.00297047,-5.01773,0,0,-5,-0.0588492,0.00297047,-0.0177307,0.061534,0.0498048,-0.00482899,0.018187,0,0,0
1780640669915712,43.8449,-0.058451,0.00267238,-5.01755,0,0,-5,-0.058451,0.00267238,-0.0175476,0.0610866,0.0516734,-0.00300526,0.0187739,0,0,0
1780640669931712,43.8609,-0.0580095,0.00239424,-5.01736,0,0,-5,-0.0580095,0.00239424,-0.0173645,0.0606,0.051888,-0.00382459,0.0191021,0,0,0
1780640669955712,43.8849,-0.0580169,0.00207863,-5.01724,0,0,-5,-0.0580169,0.00207863,-0.0172424,0.0605606,0.0522987,-0.00402775,0.0202817,0,0,0
1780640669979712,43.9089,-0.0592871,0.00199373,-5.01755,0,0,-5,-0.0592871,0.00199373,-0.0175476,0.0618615,0.0517224,-0.00351613,0.0185764,0,0,0
1780640669995712,43.9249,-0.0600289,0.00193754,-5.0177,0,0,-5,-0.0600289,0.00193754,-0.0177002,0.062614,0.051592,-0.00337107,0.0180161,0,0,0
1780640670019712,43.9489,-0.061005,0.00186702,-5.01791,0,0,-5,-0.061005,0.00186702,-0.0179138,0.0636082,0.0505507,-0.00309294,0.0169903,0,0,0
1780640670035712,43.9649,-0.0615715,0.00182024,-5.01804,0,0,-5,-0.0615715,0.00182024,-0.0180359,0.0641845,0.0505391,-0.00370995,0.016434,0,0,0
1780640670059712,43.9889,-0.0622874,0.00174355,-5.01813,0,0,-5,-0.0622874,0.00174355,-0.0181274,0.064895,0.0501393,-0.00326344,0.0185092,0,0,0
1780640670075712,44.0049,-0.0626878,0.00169725,-5.01816,0,0,-5,-0.0626878,0.00169725,-0.018158,0.0652867,0.050399,-0.00296574,0.0188723,0,0,0
1780640670099712,44.0289,-0.0631763,0.00163139,-5.01816,0,0,-5,-0.0631763,0.00163139,-0.018158,0.0657543,0.0501083,-0.0028158,0.0181844,0,0,0
1780640670115712,44.0449,-0.0634227,0.00157961,-5.01816,0,0,-5,-0.0634227,0.00157961,-0.018158,0.0659897,0.0510276,-0.00361937,0.018946,0,0,0
1780640670139712,44.0689,-0.063687,0.00148084,-5.01813,0,0,-5,-0.063687,0.00148084,-0.0181274,0.0662332,0.0500275,-0.00432673,0.0180329,0,0,0
1780640670155712,44.0849,-0.0637874,0.00140706,-5.01807,0,0,-5,-0.0637874,0.00140706,-0.0180664,0.0663115,0.0512298,-0.00470679,0.0184388,0,0,0
1780640670179712,44.1089,-0.0638309,0.00128114,-5.01797,0,0,-5,-0.0638309,0.00128114,-0.0179749,0.0663259,0.051213,-0.00513281,0.0191048,0,0,0
1780640670195712,44.1249,-0.0637941,0.00119815,-5.01791,0,0,-5,-0.0637941,0.00119815,-0.0179138,0.0662724,0.0523177,-0.00455975,0.0182691,0,0,0
1780640670219712,44.1489,-0.0636517,0.00109446,-5.01776,0,0,-5,-0.0636517,0.00109446,-0.0177612,0.0660924,0.0515659,-0.00264281,0.0181478,0,0,0
1780640670235712,44.1649,-0.0635077,0.00105971,-5.01767,0,0,-5,-0.0635077,0.00105971,-0.0176697,0.0659285,0.0525597,-0.00153305,0.0176317,0,0,0
1780640670259712,44.1889,-0.0632006,0.00102907,-5.01746,0,0,-5,-0.0632006,0.00102907,-0.0174561,0.065575,0.0531387,-0.000790888,0.0180456,0,0,0
1780640670275712,44.2049,-0.0629474,0.00101309,-5.0173,0,0,-5,-0.0629474,0.00101309,-0.0173035,0.0652902,0.0525765,-0.00114724,0.0171303,0,0,0
1780640670291712,44.2209,-0.0626516,0.000986958,-5.01718,0,0,-5,-0.0626516,0.000986958,-0.0171814,0.0649723,0.0530313,-0.00140477,0.0165197,0,0,0
1780640670315712,44.2449,-0.0621147,0.000950059,-5.01694,0,0,-5,-0.0621147,0.000950059,-0.0169373,0.0643895,0.0537584,-0.00131962,0.0163312,0,0,0
1780640670339712,44.2689,-0.0615019,0.000898979,-5.01675,0,0,-5,-0.0615019,0.000898979,-0.0167542,0.0637495,0.0535796,-0.00230196,0.0152746,0,0,0
1780640670355712,44.2849,-0.0617403,0.000596259,-5.01672,0,0,-5,-0.0617403,0.000596259,-0.0167236,0.063968,0.0539776,-0.00368926,0.0160558,0,0,0
1780640670371867,44.301,-0.0625863,4.66681e-05,-5.01682,0,0,-5,-0.0625863,4.66681e-05,-0.0168152,0.0648058,0.0541437,-0.00406806,0.0175686,0,0,0
1780640670395867,44.325,-0.0636767,-0.000720053,-5.01685,0,0,-5,-0.0636767,-0.000720053,-0.0168457,0.0658712,0.054568,-0.00306189,0.018893,0,0,0
1780640670411867,44.341,-0.0642925,-0.00120292,-5.01682,0,0,-5,-0.0642925,-0.00120292,-0.0168152,0.066466,0.0544822,-0.00343698,0.0197646,0,0,0
1780640670435867,44.365,-0.0650703,-0.00188998,-5.01672,0,0,-5,-0.0650703,-0.00188998,-0.0167236,0.0672115,0.0543045,-0.00309016,0.0200194,0,0,0
1780640670459867,44.389,-0.0657149,-0.0025731,-5.01657,0,0,-5,-0.0657149,-0.0025731,-0.016571,0.0678208,0.0528777,-0.00510773,0.0206616,0,0,0
1780640670475867,44.405,-0.0660777,-0.00301608,-5.01645,0,0,-5,-0.0660777,-0.00301608,-0.016449,0.0681611,0.0521129,-0.00543174,0.0209342,0,0,0
1780640670491867,44.421,-0.0663831,-0.00344824,-5.0163,0,0,-5,-0.0663831,-0.00344824,-0.0162964,0.0684411,0.0520644,-0.00538067,0.0207937,0,0,0
1780640670515867,44.445,-0.066729,-0.00406238,-5.01608,0,0,-5,-0.066729,-0.00406238,-0.0160828,0.0687599,0.0525519,-0.00504206,0.0197909,0,0,0
1780640670539867,44.469,-0.0669249,-0.00465041,-5.01584,0,0,-5,-0.0669249,-0.00465041,-0.0158386,0.0689307,0.0528343,-0.00622284,0.0173578,0,0,0
1780640670555867,44.485,-0.0669871,-0.00504003,-5.01572,0,0,-5,-0.0669871,-0.00504003,-0.0157166,0.0689905,0.0529824,-0.00660724,0.0156087,0,0,0
1780640670579867,44.509,-0.0669659,-0.00561559,-5.01553,0,0,-5,-0.0669659,-0.00561559,-0.0155334,0.0689729,0.0543207,-0.00698474,0.0157127,0,0,0
1780640670595867,44.525,-0.066879,-0.00598844,-5.01541,0,0,-5,-0.066879,-0.00598844,-0.0154114,0.0688925,0.0539962,-0.00765288,0.01616,0,0,0
1780640670611867,44.541,-0.0667373,-0.00636034,-5.01526,0,0,-5,-0.0667373,-0.00636034,-0.0152588,0.0687543,0.0554878,-0.00783551,0.0162017,0,0,0
1780640670635867,44.565,-0.0664276,-0.00689191,-5.01498,0,0,-5,-0.0664276,-0.00689191,-0.0149841,0.0684445,0.0560694,-0.00701952,0.0163189,0,0,0
1780640670651867,44.581,-0.0661588,-0.00722326,-5.0148,0,0,-5,-0.0661588,-0.00722326,-0.014801,0.0681779,0.0566861,-0.00691618,0.0165777,0,0,0
1780640670675867,44.605,-0.0656743,-0.00772283,-5.0145,0,0,-5,-0.0656743,-0.00772283,-0.0144958,0.067697,0.056994,-0.00827816,0.0165837,0,0,0
1780640670699867,44.629,-0.0651007,-0.00821499,-5.01419,0,0,-5,-0.0651007,-0.00821499,-0.0141907,0.0671339,0.0583296,-0.00832383,0.0165871,0,0,0
1780640670715867,44.645,-0.0646482,-0.00854065,-5.01398,0,0,-5,-0.0646482,-0.00854065,-0.0139771,0.066691,0.0591376,-0.00914377,0.0158551,0,0,0
1780640670739867,44.669,-0.0638929,-0.00902304,-5.01367,0,0,-5,-0.0638929,-0.00902304,-0.0136719,0.0659594,0.0596953,-0.00948978,0.0155533,0,0,0
1780640670755867,44.685,-0.0641387,-0.00925833,-5.01361,0,0,-5,-0.0641387,-0.00925833,-0.0136108,0.0662174,0.0600814,-0.00886391,0.014445,0,0,0
1780640670779867,44.709,-0.0655325,-0.00946004,-5.01373,0,0,-5,-0.0655325,-0.00946004,-0.0137329,0.067621,0.0604386,-0.00721616,0.0122008,0,0,0
1780640670795867,44.725,-0.0663261,-0.00958854,-5.01379,0,0,-5,-0.0663261,-0.00958854,-0.0137939,0.0684205,0.0605521,-0.00727736,0.0127101,0,0,0
1780640670819867,44.749,-0.0673566,-0.00976623,-5.01389,0,0,-5,-0.0673566,-0.00976623,-0.0138855,0.0694629,0.0596505,-0.00663916,0.0126723,0,0,0
1780640670835867,44.765,-0.0679443,-0.00988491,-5.01389,0,0,-5,-0.0679443,-0.00988491,-0.0138855,0.0700496,0.0594233,-0.00633519,0.0128435,0,0,0
1780640670859867,44.789,-0.0686514,-0.0100483,-5.01389,0,0,-5,-0.0686514,-0.0100483,-0.0138855,0.0707587,0.0613165,-0.00647228,0.013763,0,0,0
1780640670875867,44.805,-0.068995,-0.0101512,-5.01389,0,0,-5,-0.068995,-0.0101512,-0.0138855,0.0711067,0.0602564,-0.00512624,0.0148015,0,0,0
1780640670899867,44.829,-0.069401,-0.0102904,-5.01385,0,0,-5,-0.069401,-0.0102904,-0.013855,0.0715147,0.0596516,-0.00499912,0.0131327,0,0,0
1780640670915867,44.845,-0.0695841,-0.0103789,-5.01382,0,0,-5,-0.0695841,-0.0103789,-0.0138245,0.0716993,0.0603945,-0.00470669,0.0124145,0,0,0
1780640670939867,44.869,-0.0697577,-0.0104883,-5.01379,0,0,-5,-0.0697577,-0.0104883,-0.0137939,0.0718778,0.058698,-0.00328733,0.0132225,0,0,0
1780640670955867,44.885,-0.0698111,-0.0105401,-5.01376,0,0,-5,-0.0698111,-0.0105401,-0.0137634,0.0719314,0.0593621,-0.00149085,0.0129463,0,0,0
1780640670971867,44.901,-0.0698025,-0.0105549,-5.01373,0,0,-5,-0.0698025,-0.0105549,-0.0137329,0.0719193,0.0596027,-0.000231253,0.0127986,0,0,0
1780640670995867,44.925,-0.0696847,-0.0105823,-5.01364,0,0,-5,-0.0696847,-0.0105823,-0.0136414,0.0717916,0.0605495,-0.000589121,0.0126122,0,0,0
1780640671011867,44.941,-0.0695309,-0.01059,-5.01361,0,0,-5,-0.0695309,-0.01059,-0.0136108,0.0716376,0.0604069,-0.000201414,0.0118661,0,0,0
1780640671035867,44.965,-0.069212,-0.0105909,-5.01358,0,0,-5,-0.069212,-0.0105909,-0.0135803,0.0713224,0.0615116,0.000737025,0.0104705,0,0,0
1780640671059867,44.989,-0.0687849,-0.010594,-5.01352,0,0,-5,-0.0687849,-0.010594,-0.0135193,0.0708968,0.060654,4.55519e-05,0.00951075,0,0,0
1780640671075867,45.005,-0.0684508,-0.0105879,-5.01349,0,0,-5,-0.0684508,-0.0105879,-0.0134888,0.070566,0.0613671,0.00105402,0.00918206,0,0,0
1780640671099867,45.029,-0.0678578,-0.010558,-5.0134,0,0,-5,-0.0678578,-0.010558,-0.0133972,0.0699689,0.0620962,0.00140156,0.00873415,0,0,0
1780640671115867,45.045,-0.0674176,-0.0105224,-5.01334,0,0,-5,-0.0674176,-0.0105224,-0.0133362,0.0695248,0.0620752,0.00324687,0.00909082,0,0,0
1780640671139867,45.069,-0.066672,-0.0104278,-5.01324,0,0,-5,-0.066672,-0.0104278,-0.0132446,0.0687701,0.0636536,0.00448388,0.00948856,0,0,0
1780640671155867,45.085,-0.0669514,-0.010397,-5.01328,0,0,-5,-0.0669514,-0.010397,-0.0132751,0.0690421,0.0642354,0.00395317,0.0105329,0,0,0
1780640671179867,45.109,-0.0684448,-0.0104075,-5.01352,0,0,-5,-0.0684448,-0.0104075,-0.0135193,0.0705391,0.0639514,0.00463925,0.0110407,0,0,0
1780640671195867,45.125,-0.0693083,-0.0103866,-5.01364,0,0,-5,-0.0693083,-0.0103866,-0.0136414,0.0713975,0.0632859,0.00637555,0.0125014,0,0,0
1780640671219867,45.149,-0.0704563,-0.0103312,-5.01376,0,0,-5,-0.0704563,-0.0103312,-0.0137634,0.0725276,0.0620478,0.00635768,0.0130077,0,0,0
1780640671235867,45.165,-0.0711101,-0.0102729,-5.01382,0,0,-5,-0.0711101,-0.0102729,-0.0138245,0.0731663,0.0617195,0.00696595,0.012865,0,0,0
1780640671251867,45.181,-0.0716885,-0.0102054,-5.01385,0,0,-5,-0.0716885,-0.0102054,-0.013855,0.0737249,0.060928,0.00695427,0.0115156,0,0,0
1780640671275867,45.205,-0.0723977,-0.0101051,-5.01392,0,0,-5,-0.0723977,-0.0101051,-0.013916,0.0744123,0.061922,0.00797079,0.0114479,0,0,0
1780640671299867,45.229,-0.0729219,-0.00995081,-5.01392,0,0,-5,-0.0729219,-0.00995081,-0.013916,0.0749018,0.061399,0.00948931,0.0129131,0,0,0
1780640671315867,45.245,-0.0731847,-0.00983361,-5.01385,0,0,-5,-0.0731847,-0.00983361,-0.013855,0.075131,0.0612619,0.0102588,0.0133524,0,0,0
1780640671339867,45.269,-0.0734623,-0.00963897,-5.01373,0,0,-5,-0.0734623,-0.00963897,-0.0137329,0.0753539,0.0611551,0.0109608,0.0132829,0,0,0
1780640671355867,45.285,-0.0735589,-0.00948793,-5.01364,0,0,-5,-0.0735589,-0.00948793,-0.0136414,0.0754123,0.0625383,0.0120841,0.0148499,0,0,0
1780640671380022,45.3092,-0.0735734,-0.00924358,-5.0134,0,0,-5,-0.0735734,-0.00924358,-0.0133972,0.0753524,0.0625649,0.0125374,0.0151094,0,0,0
1780640671396022,45.3252,-0.0735162,-0.00907042,-5.01324,0,0,-5,-0.0735162,-0.00907042,-0.0132446,0.0752484,0.0626865,0.0126638,0.0158706,0,0,0
1780640671420022,45.3492,-0.0733186,-0.00880465,-5.01297,0,0,-5,-0.0733186,-0.00880465,-0.01297,0.0749757,0.0630515,0.0125002,0.015443,0,0,0
1780640671436022,45.3652,-0.0731264,-0.0086199,-5.01279,0,0,-5,-0.0731264,-0.0086199,-0.0127869,0.0747347,0.063363,0.0136972,0.0156701,0,0,0
1780640671460022,45.3892,-0.0727233,-0.00833026,-5.01254,0,0,-5,-0.0727233,-0.00833026,-0.0125427,0.0742657,0.0632348,0.0130142,0.0148488,0,0,0
1780640671476022,45.4052,-0.0724057,-0.00812747,-5.01236,0,0,-5,-0.0724057,-0.00812747,-0.0123596,0.0739013,0.0625898,0.014567,0.0148108,0,0,0
1780640671500022,45.4292,-0.0718592,-0.00781026,-5.01212,0,0,-5,-0.0718592,-0.00781026,-0.0121155,0.0732907,0.0633248,0.0142196,0.0135978,0,0,0
1780640671516022,45.4452,-0.0714361,-0.00759375,-5.01196,0,0,-5,-0.0714361,-0.00759375,-0.0119629,0.0728278,0.0632378,0.0144373,0.0141092,0,0,0
1780640671540022,45.4692,-0.0707283,-0.00727977,-5.01172,0,0,-5,-0.0707283,-0.00727977,-0.0117188,0.0720612,0.0639142,0.0135418,0.0130677,0,0,0
1780640671556022,45.4852,-0.0709628,-0.00719667,-5.01172,0,0,-5,-0.0709628,-0.00719667,-0.0117188,0.072283,0.0629316,0.0150997,0.0137853,0,0,0
1780640671580022,45.5092,-0.0723186,-0.00722568,-5.01193,0,0,-5,-0.0723186,-0.00722568,-0.0119324,0.0736517,0.0607115,0.0150411,0.0142574,0,0,0
1780640671596022,45.5252,-0.0731073,-0.00723988,-5.01208,0,0,-5,-0.0731073,-0.00723988,-0.012085,0.0744523,0.0605811,0.0150299,0.0135222,0,0,0
1780640671620022,45.5492,-0.0741078,-0.00725335,-5.01227,0,0,-5,-0.0741078,-0.00725335,-0.0122681,0.0754658,0.0604348,0.0139099,0.0129604,0,0,0
1780640671636022,45.5652,-0.0746719,-0.00725004,-5.01236,0,0,-5,-0.0746719,-0.00725004,-0.0123596,0.0760343,0.0604272,0.0146161,0.0139846,0,0,0
1780640671660022,45.5892,-0.0753447,-0.00721974,-5.01248,0,0,-5,-0.0753447,-0.00721974,-0.0124817,0.0767121,0.0618293,0.0133691,0.0134002,0,0,0
1780640671676022,45.6052,-0.0756893,-0.00721573,-5.01254,0,0,-5,-0.0756893,-0.00721573,-0.0125427,0.0770601,0.0613233,0.0126814,0.0137291,0,0,0
1780640671700022,45.6292,-0.0761027,-0.00719107,-5.0126,0,0,-5,-0.0761027,-0.00719107,-0.0126038,0.0774738,0.0591584,0.0126894,0.0127748,0,0,0
1780640671716022,45.6452,-0.0763142,-0.00716189,-5.01263,0,0,-5,-0.0763142,-0.00716189,-0.0126343,0.0776838,0.0589898,0.0133085,0.0127784,0,0,0
1780640671740022,45.6692,-0.0765662,-0.00708537,-5.0127,0,0,-5,-0.0765662,-0.00708537,-0.0126953,0.0779343,0.0574502,0.0137383,0.0141497,0,0,0
1780640671756022,45.6852,-0.0766905,-0.00702442,-5.0127,0,0,-5,-0.0766905,-0.00702442,-0.0126953,0.078051,0.0566112,0.0136528,0.0141981,0,0,0
1780640671772022,45.7012,-0.0767597,-0.00694881,-5.01266,0,0,-5,-0.0767597,-0.00694881,-0.0126648,0.0781072,0.0570774,0.0146863,0.0150331,0,0,0
1780640671796022,45.7252,-0.076748,-0.00680525,-5.0126,0,0,-5,-0.076748,-0.00680525,-0.0126038,0.0780731,0.057986,0.0151058,0.0152074,0,0,0
1780640671820022,45.7492,-0.0765962,-0.00660234,-5.01251,0,0,-5,-0.0765962,-0.00660234,-0.0125122,0.0778917,0.0581647,0.0175558,0.0149899,0,0,0
1780640671836022,45.7652,-0.07643,-0.00644427,-5.01248,0,0,-5,-0.07643,-0.00644427,-0.0124817,0.0777101,0.0588814,0.0171253,0.0135919,0,0,0
1780640671860022,45.7892,-0.0760815,-0.00621062,-5.01239,0,0,-5,-0.0760815,-0.00621062,-0.0123901,0.0773335,0.0592502,0.0165574,0.0139534,0,0,0
1780640671876022,45.8052,-0.0758069,-0.00605015,-5.0123,0,0,-5,-0.0758069,-0.00605015,-0.0122986,0.077036,0.0593908,0.0162043,0.0127786,0,0,0
1780640671900022,45.8292,-0.0753159,-0.00579693,-5.01218,0,0,-5,-0.0753159,-0.00579693,-0.0121765,0.0765138,0.0595914,0.0163624,0.0115867,0,0,0
1780640671916022,45.8452,-0.0749456,-0.00561677,-5.01208,0,0,-5,-0.0749456,-0.00561677,-0.012085,0.0761212,0.0596909,0.0165465,0.0118857,0,0,0
1780640671940022,45.8692,-0.0743067,-0.00535339,-5.01193,0,0,-5,-0.0743067,-0.00535339,-0.0119324,0.0754488,0.0609015,0.0150648,0.0121678,0,0,0
1780640671956022,45.8852,-0.0743097,-0.00501897,-5.01202,0,0,-5,-0.0743097,-0.00501897,-0.0120239,0.0754434,0.0611995,0.0155472,0.0118083,0,0,0
1780640671980022,45.9092,-0.0749221,-0.00428054,-5.01242,0,0,-5,-0.0749221,-0.00428054,-0.0124207,0.0760652,0.0611909,0.0167987,0.0115903,0,0,0
1780640671996022,45.9252,-0.0752267,-0.00377901,-5.01266,0,0,-5,-0.0752267,-0.00377901,-0.0126648,0.0763789,0.0617632,0.0182569,0.0116016,0,0,0
1780640672020022,45.9492,-0.0755403,-0.00300669,-5.01291,0,0,-5,-0.0755403,-0.00300669,-0.0129089,0.0766943,0.0621175,0.0194126,0.0120806,0,0,0
1780640672036022,45.9652,-0.0756503,-0.00249761,-5.01303,0,0,-5,-0.0756503,-0.00249761,-0.013031,0.0768051,0.0629301,0.0194302,0.0122166,0,0,0
1780640672052022,45.9812,-0.0756891,-0.00198567,-5.01315,0,0,-5,-0.0756891,-0.00198567,-0.0131531,0.0768491,0.0626479,0.0204387,0.0122898,0,0,0
1780640672076022,46.0052,-0.0756555,-0.00123,-5.01328,0,0,-5,-0.0756555,-0.00123,-0.0132751,0.0768212,0.0616111,0.0200933,0.0137318,0,0,0
1780640672100022,46.0292,-0.0755302,-0.000503337,-5.01334,0,0,-5,-0.0755302,-0.000503337,-0.0133362,0.0767002,0.0607512,0.0203799,0.0128864,0,0,0
1780640672116022,46.0452,-0.0753808,-1.90729e-05,-5.01337,0,0,-5,-0.0753808,-1.90729e-05,-0.0133667,0.0765568,0.061821,0.0203324,0.0120681,0,0,0
1780640672132022,46.0612,-0.0751709,0.000455181,-5.01343,0,0,-5,-0.0751709,0.000455181,-0.0134277,0.0763621,0.0622536,0.0199299,0.0112509,0,0,0
1780640672156022,46.0852,-0.0747605,0.00113419,-5.01346,0,0,-5,-0.0747605,0.00113419,-0.0134583,0.0759707,0.0622253,0.019056,0.0107338,0,0,0
1780640672172022,46.1012,-0.0744565,0.00159433,-5.01346,0,0,-5,-0.0744565,0.00159433,-0.0134583,0.0756798,0.0616137,0.0196447,0.0108071,0,0,0
1780640672196022,46.1252,-0.0739306,0.00223881,-5.01346,0,0,-5,-0.0739306,0.00223881,-0.0134583,0.0751789,0.0619064,0.0167698,0.0106467,0,0,0
1780640672220022,46.1492,-0.0733128,0.00282688,-5.01346,0,0,-5,-0.0733128,0.00282688,-0.0134583,0.0745915,0.0612914,0.0160519,0.0111105,0,0,0
1780640672236022,46.1652,-0.0728584,0.00320608,-5.01343,0,0,-5,-0.0728584,0.00320608,-0.0134277,0.0741547,0.061645,0.0158639,0.0116658,0,0,0
1780640672260022,46.1892,-0.0721002,0.00377608,-5.0134,0,0,-5,-0.0721002,0.00377608,-0.0133972,0.0734315,0.0627562,0.0156497,0.0120501,0,0,0
1780640672276022,46.2052,-0.0715457,0.00413948,-5.01334,0,0,-5,-0.0715457,0.00413948,-0.0133362,0.0728956,0.0627361,0.0151797,0.0129313,0,0,0
1780640672300022,46.2292,-0.0706578,0.00466264,-5.01321,0,0,-5,-0.0706578,0.00466264,-0.0132141,0.0720338,0.062682,0.0143571,0.011239,0,0,0
1780640672316022,46.2452,-0.0700406,0.00497948,-5.01315,0,0,-5,-0.0700406,0.00497948,-0.0131531,0.0714386,0.0624274,0.0122882,0.0109122,0,0,0
1780640672340022,46.2692,-0.0690589,0.00543032,-5.01303,0,0,-5,-0.0690589,0.00543032,-0.013031,0.0704871,0.063016,0.0120292,0.0103617,0,0,0
1780640672356022,46.2852,-0.0688416,0.00577171,-5.01312,0,0,-5,-0.0688416,0.00577171,-0.0131226,0.0703184,0.0620218,0.0115144,0.0102213,0,0,0
1780640672380182,46.3093,-0.0691457,0.00633856,-5.01343,0,0,-5,-0.0691457,0.00633856,-0.0134277,0.0707221,0.061246,0.0101127,0.0108628,0,0,0
1780640672396182,46.3253,-0.0692606,0.00668996,-5.01361,0,0,-5,-0.0692606,0.00668996,-0.0136108,0.0709016,0.0616883,0.00971981,0.0113577,0,0,0
1780640672420182,46.3493,-0.0693106,0.00719066,-5.01379,0,0,-5,-0.0693106,0.00719066,-0.0137939,0.0710348,0.0617583,0.00952783,0.0113331,0,0,0
1780640672436182,46.3653,-0.0692654,0.00751324,-5.01392,0,0,-5,-0.0692654,0.00751324,-0.013916,0.0710478,0.0620815,0.00992003,0.0105805,0,0,0
1780640672460182,46.3893,-0.0690668,0.00799364,-5.01404,0,0,-5,-0.0690668,0.00799364,-0.0140381,0.0709309,0.0631244,0.00847585,0.0117446,0,0,0
1780640672476182,46.4053,-0.068856,0.00828393,-5.01407,0,0,-5,-0.068856,0.00828393,-0.0140686,0.0707651,0.0633258,0.00753945,0.0128132,0,0,0
1780640672500182,46.4293,-0.0684417,0.0086799,-5.0141,0,0,-5,-0.0684417,0.0086799,-0.0140991,0.0704158,0.0638705,0.00655766,0.0118415,0,0,0
1780640672516182,46.4453,-0.0681076,0.00892374,-5.01407,0,0,-5,-0.0681076,0.00892374,-0.0140686,0.0701156,0.0632429,0.00561817,0.0129153,0,0,0
1780640672540182,46.4693,-0.0675388,0.00924303,-5.01401,0,0,-5,-0.0675388,0.00924303,-0.0140076,0.0695927,0.0637498,0.00440835,0.0137791,0,0,0
1780640672556182,46.4853,-0.0671063,0.00944529,-5.01395,0,0,-5,-0.0671063,0.00944529,-0.0139465,0.069188,0.0630683,0.00483877,0.0139396,0,0,0
1780640672580182,46.5093,-0.066415,0.00972244,-5.01385,0,0,-5,-0.066415,0.00972244,-0.013855,0.0685378,0.0632015,0.00312976,0.0151553,0,0,0
1780640672596182,46.5253,-0.0658932,0.0098751,-5.01376,0,0,-5,-0.0658932,0.0098751,-0.0137634,0.0680358,0.0627939,0.00193593,0.0148209,0,0,0
1780640672612182,46.5413,-0.065337,0.0100028,-5.0137,0,0,-5,-0.065337,0.0100028,-0.0137024,0.0675036,0.0621443,0.00143763,0.0140448,0,0,0
1780640672636182,46.5653,-0.0644629,0.0101689,-5.01358,0,0,-5,-0.0644629,0.0101689,-0.0135803,0.066658,0.0616854,0.000387067,0.014418,0,0,0
1780640672652182,46.5813,-0.0638515,0.010257,-5.01349,0,0,-5,-0.0638515,0.010257,-0.0134888,0.0660618,0.0614537,-0.000667563,0.0153324,0,0,0
1780640672676182,46.6053,-0.0628607,0.0103709,-5.01331,0,0,-5,-0.0628607,0.0103709,-0.0133057,0.0650851,0.0633233,-0.000625338,0.0155119,0,0,0
1780640672700182,46.6293,-0.0617904,0.010472,-5.01309,0,0,-5,-0.0617904,0.010472,-0.013092,0.0640243,0.0631439,-0.00129237,0.0164063,0,0,0
1780640672716182,46.6453,-0.0610479,0.0105138,-5.01297,0,0,-5,-0.0610479,0.0105138,-0.01297,0.0632899,0.0628463,-0.00288027,0.0162153,0,0,0
1780640672740182,46.6693,-0.0598821,0.0105399,-5.01276,0,0,-5,-0.0598821,0.0105399,-0.0127563,0.0621263,0.06356,-0.00395747,0.015572,0,0,0
1780640672756182,46.6853,-0.0593597,0.0106491,-5.01273,0,0,-5,-0.0593597,0.0106491,-0.0127258,0.0616354,0.0627002,-0.00415043,0.0151534,0,0,0
1780640672772182,46.7013,-0.0590586,0.0108631,-5.01285,0,0,-5,-0.0590586,0.0108631,-0.0128479,0.0614084,0.0646588,-0.00361913,0.0142125,0,0,0
1780640672796182,46.7253,-0.0584944,0.0111327,-5.013,0,0,-5,-0.0584944,0.0111327,-0.0130005,0.060947,0.0653582,-0.0066056,0.0131296,0,0,0
1780640672820182,46.7493,-0.0578298,0.0113125,-5.01312,0,0,-5,-0.0578298,0.0113125,-0.0131226,0.0603693,0.0655459,-0.00841479,0.0134575,0,0,0
1780640672836182,46.7653,-0.0573396,0.0114074,-5.01318,0,0,-5,-0.0573396,0.0114074,-0.0131836,0.0599313,0.0651412,-0.00872443,0.0127331,0,0,0
1780640672852182,46.7813,-0.0568124,0.0114762,-5.01321,0,0,-5,-0.0568124,0.0114762,-0.0132141,0.0594471,0.0653676,-0.0100269,0.0128254,0,0,0
1780640672876182,46.8053,-0.0559567,0.0115502,-5.01328,0,0,-5,-0.0559567,0.0115502,-0.0132751,0.0586583,0.0655436,-0.0100934,0.0132463,0,0,0
1780640672900182,46.8293,-0.0550467,0.0115948,-5.01328,0,0,-5,-0.0550467,0.0115948,-0.0132751,0.0577997,0.0665729,-0.0106662,0.0140808,0,0,0
1780640672916182,46.8453,-0.054386,0.0115955,-5.01328,0,0,-5,-0.054386,0.0115955,-0.0132751,0.057171,0.0668841,-0.0123079,0.014127,0,0,0
1780640672940182,46.8693,-0.053351,0.01154,-5.01324,0,0,-5,-0.053351,0.01154,-0.0132446,0.0561687,0.0666854,-0.0129967,0.0140779,0,0,0
1780640672956182,46.8853,-0.052627,0.0114783,-5.01321,0,0,-5,-0.052627,0.0114783,-0.0132141,0.0554614,0.0661443,-0.0148395,0.0139328,0,0,0
1780640672980182,46.9093,-0.0515173,0.0113258,-5.01318,0,0,-5,-0.0515173,0.0113258,-0.0131836,0.0543701,0.0656454,-0.0166984,0.0143454,0,0,0
1780640672996182,46.9253,-0.0507516,0.0111936,-5.01315,0,0,-5,-0.0507516,0.0111936,-0.0131531,0.05361,0.0653433,-0.0179774,0.0136834,0,0,0
1780640673020182,46.9493,-0.0495653,0.0109492,-5.01309,0,0,-5,-0.0495653,0.0109492,-0.013092,0.0524214,0.0651922,-0.0187387,0.0128363,0,0,0
1780640673036182,46.9653,-0.0487603,0.0107682,-5.01306,0,0,-5,-0.0487603,0.0107682,-0.0130615,0.0516152,0.0642979,-0.0188597,0.0115297,0,0,0
1780640673060182,46.9893,-0.0475384,0.0104737,-5.01297,0,0,-5,-0.0475384,0.0104737,-0.01297,0.0503767,0.0639974,-0.0194403,0.0109605,0,0,0
1780640673076182,47.0053,-0.0466953,0.010272,-5.01291,0,0,-5,-0.0466953,0.010272,-0.0129089,0.0495238,0.0641301,-0.0185054,0.0110041,0,0,0
1780640673100182,47.0293,-0.045376,0.00996891,-5.01276,0,0,-5,-0.045376,0.00996891,-0.0127563,0.0481776,0.0656106,-0.0188898,0.0127404,0,0,0
1780640673116182,47.0453,-0.0444593,0.00975413,-5.01266,0,0,-5,-0.0444593,0.00975413,-0.0126648,0.0472459,0.0654155,-0.0188193,0.0125433,0,0,0
1780640673140182,47.0693,-0.0430693,0.00942333,-5.01248,0,0,-5,-0.0430693,0.00942333,-0.0124817,0.0458209,0.0652001,-0.0188001,0.0117553,0,0,0
1780640673156182,47.0853,-0.0423144,0.00971841,-5.01245,0,0,-5,-0.0423144,0.00971841,-0.0124512,0.0451662,0.065474,-0.0189638,0.0120011,0,0,0
1780640673180182,47.1093,-0.0414346,0.0108327,-5.01248,0,0,-5,-0.0414346,0.0108327,-0.0124817,0.044609,0.0643307,-0.0191926,0.0113366,0,0,0
1780640673196182,47.1253,-0.0408239,0.0115227,-5.01248,0,0,-5,-0.0408239,0.0115227,-0.0124817,0.0442172,0.0640154,-0.0175166,0.0120855,0,0,0
1780640673212182,47.1413,-0.0401854,0.0121843,-5.01245,0,0,-5,-0.0401854,0.0121843,-0.0124512,0.043799,0.0644602,-0.0169704,0.0113337,0,0,0
1780640673236182,47.1653,-0.039172,0.0130957,-5.01242,0,0,-5,-0.039172,0.0130957,-0.0124207,0.0431302,0.0637685,-0.0169378,0.0116662,0,0,0
1780640673260182,47.1893,-0.0381204,0.0139221,-5.01236,0,0,-5,-0.0381204,0.0139221,-0.0123596,0.0424235,0.0621607,-0.0163455,0.0118858,0,0,0
1780640673276182,47.2053,-0.0374137,0.0144226,-5.01233,0,0,-5,-0.0374137,0.0144226,-0.0123291,0.04195,0.0614898,-0.0170916,0.0119349,0,0,0
1780640673300182,47.2293,-0.0363333,0.0151094,-5.01224,0,0,-5,-0.0363333,0.0151094,-0.0122375,0.0412087,0.0607522,-0.0162162,0.0122105,0,0,0
1780640673316182,47.2453,-0.0355919,0.0155369,-5.01215,0,0,-5,-0.0355919,0.0155369,-0.012146,0.0406903,0.0594278,-0.0152449,0.0139892,0,0,0
1780640673340182,47.2693,-0.0344721,0.016152,-5.01196,0,0,-5,-0.0344721,0.016152,-0.0119629,0.0399039,0.0587147,-0.0138,0.0128217,0,0,0
1780640673356182,47.2853,-0.0337021,0.0165295,-5.01184,0,0,-5,-0.0337021,0.0165295,-0.0118408,0.0393606,0.0588896,-0.0143992,0.012853,0,0,0
1780640673380182,47.3093,-0.0325615,0.0170525,-5.01166,0,0,-5,-0.0325615,0.0170525,-0.0116577,0.0385609,0.0561754,-0.013708,0.0129661,0,0,0
1780640673396342,47.3255,-0.0318126,0.0173657,-5.01151,0,0,-5,-0.0318126,0.0173657,-0.0115051,0.038026,0.0560604,-0.0140104,0.0125174,0,0,0
1780640673420342,47.3495,-0.0306654,0.0177903,-5.01129,0,0,-5,-0.0306654,0.0177903,-0.0112915,0.0372069,0.0557664,-0.0135493,0.013118,0,0,0
1780640673436342,47.3655,-0.029889,0.0180451,-5.01114,0,0,-5,-0.029889,0.0180451,-0.0111389,0.0366477,0.0551131,-0.0138184,0.0116513,0,0,0
1780640673460342,47.3895,-0.02872,0.018375,-5.01093,0,0,-5,-0.02872,0.018375,-0.0109253,0.0358028,0.053341,-0.0142741,0.0131897,0,0,0
1780640673476342,47.4055,-0.0279416,0.0185791,-5.01074,0,0,-5,-0.0279416,0.0185791,-0.0107422,0.0352322,0.0530298,-0.0138283,0.0132148,0,0,0
1780640673500342,47.4295,-0.0267494,0.0188627,-5.01053,0,0,-5,-0.0267494,0.0188627,-0.0105286,0.0343829,0.0535049,-0.0126537,0.011547,0,0,0
1780640673516342,47.4455,-0.0259495,0.0190317,-5.01038,0,0,-5,-0.0259495,0.0190317,-0.010376,0.0338119,0.0522461,-0.0133829,0.0101115,0,0,0
1780640673540342,47.4695,-0.0247706,0.01924,-5.01019,0,0,-5,-0.0247706,0.01924,-0.0101929,0.0329796,0.0512734,-0.0131513,0.00949171,0,0,0
1780640673556342,47.4855,-0.0242548,0.0195055,-5.01025,0,0,-5,-0.0242548,0.0195055,-0.0102539,0.0327705,0.0515611,-0.0139434,0.009305,0,0,0
1780640673580342,47.5095,-0.0238566,0.020038,-5.01062,0,0,-5,-0.0238566,0.020038,-0.0106201,0.0329157,0.0507814,-0.0153683,0.00935946,0,0,0
1780640673596342,47.5255,-0.0235638,0.0203614,-5.01086,0,0,-5,-0.0235638,0.0203614,-0.0108643,0.0329829,0.0497617,-0.0136893,0.00916484,0,0,0
1780640673620342,47.5495,-0.0230989,0.0208223,-5.01114,0,0,-5,-0.0230989,0.0208223,-0.0111389,0.0330334,0.0482357,-0.0134385,0.00974341,0,0,0
1780640673636342,47.5655,-0.0227672,0.0210862,-5.01129,0,0,-5,-0.0227672,0.0210862,-0.0112915,0.0330223,0.0465935,-0.0141034,0.00982888,0,0,0
1780640673652342,47.5815,-0.022422,0.0213163,-5.01141,0,0,-5,-0.022422,0.0213163,-0.0114136,0.0329757,0.0472545,-0.0152447,0.00936724,0,0,0
1780640673676342,47.6055,-0.0218445,0.0216109,-5.01157,0,0,-5,-0.0218445,0.0216109,-0.0115662,0.0328327,0.0465461,-0.0153477,0.00831801,0,0,0
1780640673700342,47.6295,-0.0212231,0.0218162,-5.01172,0,0,-5,-0.0212231,0.0218162,-0.0117188,0.0326143,0.044995,-0.0175667,0.00859578,0,0,0
1780640673716342,47.6455,-0.0208164,0.0219165,-5.01181,0,0,-5,-0.0208164,0.0219165,-0.0118103,0.0324521,0.0438942,-0.0172488,0.0100182,0,0,0
1780640673740342,47.6695,-0.0201836,0.0220524,-5.01193,0,0,-5,-0.0201836,0.0220524,-0.0119324,0.032188,0.042539,-0.0177905,0.00849177,0,0,0
1780640673756342,47.6855,-0.0197431,0.0221138,-5.01199,0,0,-5,-0.0197431,0.0221138,-0.0119934,0.0319789,0.0429452,-0.0168082,0.00825858,0,0,0
1780640673780342,47.7095,-0.0190544,0.0221955,-5.01212,0,0,-5,-0.0190544,0.0221955,-0.0121155,0.0316622,0.0420104,-0.0171154,0.00872229,0,0,0
1780640673796342,47.7255,-0.018588,0.0222159,-5.01218,0,0,-5,-0.018588,0.0222159,-0.0121765,0.0314218,0.0408621,-0.0177642,0.00960255,0,0,0
1780640673820342,47.7495,-0.0178919,0.0221996,-5.01221,0,0,-5,-0.0178919,0.0221996,-0.012207,0.0310154,0.0391116,-0.0183793,0.0112169,0,0,0
1780640673836342,47.7655,-0.0174259,0.0221728,-5.01221,0,0,-5,-0.0174259,0.0221728,-0.012207,0.0307296,0.0385487,-0.0177825,0.0115328,0,0,0
1780640673860342,47.7895,-0.0167286,0.0220908,-5.01218,0,0,-5,-0.0167286,0.0220908,-0.0121765,0.0302675,0.036549,-0.0200721,0.0109319,0,0,0
1780640673876342,47.8055,-0.0162849,0.0220023,-5.01212,0,0,-5,-0.0162849,0.0220023,-0.0121155,0.0299347,0.0358695,-0.0201062,0.011888,0,0,0
1780640673900342,47.8295,-0.0156057,0.0218346,-5.01199,0,0,-5,-0.0156057,0.0218346,-0.0119934,0.0293961,0.0360602,-0.0206935,0.0124291,0,0,0
1780640673916342,47.8455,-0.0151361,0.0217011,-5.0119,0,0,-5,-0.0151361,0.0217011,-0.0119019,0.029012,0.0351204,-0.0204223,0.0126622,0,0,0
1780640673932342,47.8615,-0.0146663,0.0215735,-5.01178,0,0,-5,-0.0146663,0.0215735,-0.0117798,0.028623,0.035062,-0.0195375,0.0123658,0,0,0
1780640673956342,47.8855,-0.0141456,0.0216944,-5.01172,0,0,-5,-0.0141456,0.0216944,-0.0117188,0.0284267,0.0326909,-0.0195507,0.0127685,0,0,0
1780640673980342,47.9095,-0.0139927,0.0223842,-5.0119,0,0,-5,-0.0139927,0.0223842,-0.0119019,0.0289569,0.0316089,-0.0198002,0.0126497,0,0,0
1780640673996342,47.9255,-0.0138674,0.0227841,-5.01199,0,0,-5,-0.0138674,0.0227841,-0.0119934,0.0292448,0.0305362,-0.0201819,0.0115689,0,0,0
1780640674012342,47.9415,-0.0137426,0.0231483,-5.01205,0,0,-5,-0.0137426,0.0231483,-0.0120544,0.029496,0.0283881,-0.0208099,0.0110801,0,0,0
1780640674036342,47.9655,-0.0135496,0.0236082,-5.01212,0,0,-5,-0.0135496,0.0236082,-0.0121155,0.0297947,0.0271262,-0.0212793,0.011448,0,0,0
1780640674060342,47.9895,-0.013327,0.0239816,-5.01215,0,0,-5,-0.013327,0.0239816,-0.012146,0.0300042,0.0264732,-0.0213953,0.0117177,0,0,0
1780640674076342,48.0055,-0.0131631,0.0242046,-5.01215,0,0,-5,-0.0131631,0.0242046,-0.012146,0.0301107,0.0263943,-0.0210961,0.0128142,0,0,0
1780640674092342,48.0215,-0.0129804,0.0243941,-5.01218,0,0,-5,-0.0129804,0.0243941,-0.0121765,0.0301965,0.0263101,-0.021676,0.00997516,0,0,0
1780640674116342,48.0455,-0.0126965,0.0246197,-5.01224,0,0,-5,-0.0126965,0.0246197,-0.0122375,0.0302835,0.0250022,-0.0225257,0.00996643,0,0,0
1780640674140342,48.0695,-0.0124053,0.0247925,-5.01224,0,0,-5,-0.0124053,0.0247925,-0.0122375,0.0303037,0.0234363,-0.0208547,0.0115317,0,0,0
1780640674156342,48.0855,-0.0122172,0.0248786,-5.01221,0,0,-5,-0.0122172,0.0248786,-0.012207,0.0302855,0.0224626,-0.0216195,0.011559,0,0,0
1780640674180342,48.1095,-0.0119306,0.0249601,-5.01212,0,0,-5,-0.0119306,0.0249601,-0.0121155,0.0302014,0.0214733,-0.0211033,0.0128749,0,0,0
1780640674196342,48.1255,-0.0117417,0.0249925,-5.01205,0,0,-5,-0.0117417,0.0249925,-0.0120544,0.0301297,0.0198893,-0.0213597,0.0140351,0,0,0
1780640674220342,48.1495,-0.0114739,0.0249971,-5.01187,0,0,-5,-0.0114739,0.0249971,-0.0118713,0.0299572,0.0187643,-0.0225188,0.0142215,0,0,0
1780640674236342,48.1655,-0.011296,0.0249681,-5.01178,0,0,-5,-0.011296,0.0249681,-0.0117798,0.029829,0.0179347,-0.0228311,0.0130799,0,0,0
1780640674260342,48.1895,-0.0110316,0.0248739,-5.0116,0,0,-5,-0.0110316,0.0248739,-0.0115967,0.0295785,0.0161777,-0.0238937,0.0126736,0,0,0
1780640674276342,48.2055,-0.0108663,0.02478,-5.01147,0,0,-5,-0.0108663,0.02478,-0.0114746,0.0293904,0.0149748,-0.0235645,0.0125279,0,0,0
1780640674300342,48.2295,-0.0106459,0.0246132,-5.01126,0,0,-5,-0.0106459,0.0246132,-0.011261,0.0290853,0.0141441,-0.0222874,0.0136483,0,0,0
1780640674316342,48.2455,-0.0104904,0.0245025,-5.01111,0,0,-5,-0.0104904,0.0245025,-0.0111084,0.0288759,0.0136359,-0.0218712,0.013475,0,0,0
1780640674340342,48.2695,-0.010256,0.0243138,-5.01083,0,0,-5,-0.010256,0.0243138,-0.0108337,0.0285257,0.0135736,-0.0213217,0.0137354,0,0,0
1780640674356342,48.2855,-0.0101524,0.0247218,-5.01074,0,0,-5,-0.0101524,0.0247218,-0.0107422,0.0288033,0.0143846,-0.0209285,0.0132029,0,0,0
1780640674372342,48.3015,-0.010102,0.0256092,-5.01071,0,0,-5,-0.010102,0.0256092,-0.0107117,0.0295401,0.0142719,-0.0221599,0.0144733,0,0,0
1780640674396504,48.3257,-0.0100189,0.0267999,-5.01059,0,0,-5,-0.0100189,0.0267999,-0.0105896,0.0305083,0.0130073,-0.0228066,0.0142638,0,0,0
1780640674420504,48.3497,-0.00992249,0.0278818,-5.0105,0,0,-5,-0.00992249,0.0278818,-0.010498,0.0314016,0.0123718,-0.0210866,0.0138133,0,0,0
1780640674436504,48.3657,-0.00986583,0.0285427,-5.01041,0,0,-5,-0.00986583,0.0285427,-0.0104065,0.0319423,0.0106825,-0.0207414,0.0142224,0,0,0
1780640674460504,48.3897,-0.00981152,0.029451,-5.01022,0,0,-5,-0.00981152,0.029451,-0.0102234,0.0326825,0.00874646,-0.0207762,0.0138806,0,0,0
1780640674476504,48.4057,-0.00977156,0.0300097,-5.0101,0,0,-5,-0.00977156,0.0300097,-0.0101013,0.0331376,0.00848199,-0.0197796,0.013927,0,0,0
1780640674500504,48.4297,-0.00971854,0.0307716,-5.00995,0,0,-5,-0.00971854,0.0307716,-0.00994873,0.0337686,0.00732264,-0.0196401,0.0110428,0,0,0
1780640674516504,48.4457,-0.00968072,0.0312507,-5.00983,0,0,-5,-0.00968072,0.0312507,-0.00982666,0.0341597,0.00593357,-0.0180423,0.0110218,0,0,0
1780640674540504,48.4697,-0.00963261,0.0319189,-5.00967,0,0,-5,-0.00963261,0.0319189,-0.00967407,0.0347158,0.00601085,-0.0172554,0.0102209,0,0,0
1780640674556504,48.4857,-0.00957866,0.0323232,-5.00955,0,0,-5,-0.00957866,0.0323232,-0.009552,0.0350397,0.006504,-0.0176006,0.010177,0,0,0
1780640674580504,48.5097,-0.00951272,0.0328443,-5.00937,0,0,-5,-0.00951272,0.0328443,-0.0093689,0.0354545,0.00539476,-0.0187268,0.0114453,0,0,0
1780640674596504,48.5257,-0.00947257,0.0331413,-5.00925,0,0,-5,-0.00947257,0.0331413,-0.00924683,0.0356872,0.00524549,-0.0186979,0.0105295,0,0,0
1780640674612504,48.5417,-0.00943173,0.0334002,-5.00912,0,0,-5,-0.00943173,0.0334002,-0.00912476,0.0358858,0.0046699,-0.0194367,0.0100097,0,0,0
1780640674636504,48.5657,-0.00934348,0.0337414,-5.00888,0,0,-5,-0.00934348,0.0337414,-0.00888062,0.0361199,0.00578396,-0.0184186,0.0119881,0,0,0
1780640674660504,48.5897,-0.00924104,0.0340386,-5.00861,0,0,-5,-0.00924104,0.0340386,-0.00860596,0.0363054,0.00442016,-0.018057,0.0139342,0,0,0
1780640674676504,48.6057,-0.00918333,0.0342018,-5.00839,0,0,-5,-0.00918333,0.0342018,-0.00839233,0.036394,0.00392129,-0.0186398,0.0151676,0,0,0
1780640674700504,48.6297,-0.00907631,0.0344022,-5.00803,0,0,-5,-0.00907631,0.0344022,-0.00802612,0.0364734,0.0049102,-0.0182284,0.0156372,0,0,0
1780640674716504,48.6457,-0.00901705,0.0345167,-5.00775,0,0,-5,-0.00901705,0.0345167,-0.00775146,0.0365074,0.00491567,-0.0191784,0.0154432,0,0,0
1780640674740504,48.6697,-0.00891224,0.0346141,-5.00742,0,0,-5,-0.00891224,0.0346141,-0.00741577,0.0365042,0.00557047,-0.0211024,0.0146496,0,0,0
1780640674756504,48.6857,-0.00912768,0.0351221,-5.00729,0,0,-5,-0.00912768,0.0351221,-0.0072937,0.0370145,0.00628138,-0.0213257,0.0144352,0,0,0
1780640674780504,48.7097,-0.00987709,0.0365332,-5.00729,0,0,-5,-0.00987709,0.0365332,-0.0072937,0.0385413,0.00384244,-0.0209434,0.0140065,0,0,0
1780640674796504,48.7257,-0.0103607,0.0373903,-5.00729,0,0,-5,-0.0103607,0.0373903,-0.0072937,0.0394788,0.0028213,-0.0214913,0.0132837,0,0,0
1780640674820504,48.7497,-0.0110457,0.0385509,-5.00735,0,0,-5,-0.0110457,0.0385509,-0.00735474,0.0407709,0.00241699,-0.0222299,0.0106545,0,0,0
1780640674836504,48.7657,-0.0114674,0.0392449,-5.00739,0,0,-5,-0.0114674,0.0392449,-0.00738525,0.0415477,0.00218698,-0.0220943,0.00966803,0,0,0
1780640674860504,48.7897,-0.0120622,0.0401932,-5.00745,0,0,-5,-0.0120622,0.0401932,-0.00744629,0.0426197,0.00134675,-0.0225701,0.00900396,0,0,0
1780640674876504,48.8057,-0.0124343,0.0407485,-5.00748,0,0,-5,-0.0124343,0.0407485,-0.00747681,0.0432545,0.000577967,-0.0230562,0.00908241,0,0,0
1780640674900504,48.8297,-0.0130034,0.0414953,-5.00751,0,0,-5,-0.0130034,0.0414953,-0.00750732,0.0441283,-0.00175934,-0.0229332,0.0084135,0,0,0
1780640674916504,48.8457,-0.0133546,0.0419416,-5.00751,0,0,-5,-0.0133546,0.0419416,-0.00750732,0.044652,-0.000256579,-0.0228519,0.0086936,0,0,0
1780640674932504,48.8617,-0.0136771,0.04236,-5.00751,0,0,-5,-0.0136771,0.04236,-0.00750732,0.0451419,-0.000829368,-0.0220879,0.00865002,0,0,0
1780640674956504,48.8857,-0.0141448,0.0429195,-5.00754,0,0,-5,-0.0141448,0.0429195,-0.00753784,0.0458146,-0.00233455,-0.0229601,0.00961072,0,0,0
1780640674980504,48.9097,-0.0146104,0.0433509,-5.00757,0,0,-5,-0.0146104,0.0433509,-0.00756836,0.0463685,-0.00307573,-0.025145,0.00879767,0,0,0
1780640674996504,48.9257,-0.014908,0.043587,-5.00757,0,0,-5,-0.014908,0.043587,-0.00756836,0.0466835,-0.00389685,-0.025382,0.00790013,0,0,0
1780640675020504,48.9497,-0.0153633,0.043898,-5.0076,0,0,-5,-0.0153633,0.043898,-0.00759888,0.0471254,-0.00671211,-0.0249415,0.00807666,0,0,0
1780640675036504,48.9657,-0.0156806,0.0440751,-5.00763,0,0,-5,-0.0156806,0.0440751,-0.00762939,0.0473994,-0.00740014,-0.0241687,0.00795512,0,0,0
1780640675060504,48.9897,-0.0161334,0.0442953,-5.00769,0,0,-5,-0.0161334,0.0442953,-0.00769043,0.047765,-0.00749106,-0.0233688,0.00557511,0,0,0
1780640675076504,49.0057,-0.0164288,0.0444124,-5.00772,0,0,-5,-0.0164288,0.0444124,-0.00772095,0.0479789,-0.00813972,-0.0237243,0.00501228,0,0,0
1780640675092504,49.0217,-0.0167194,0.0445049,-5.00775,0,0,-5,-0.0167194,0.0445049,-0.00775146,0.0481696,-0.00821729,-0.0234499,0.00363274,0,0,0
1780640675116504,49.0457,-0.0171078,0.0445944,-5.00781,0,0,-5,-0.0171078,0.0445944,-0.0078125,0.0483981,-0.00691331,-0.024526,0.00309684,0,0,0
1780640675140504,49.0697,-0.0174464,0.0445736,-5.00784,0,0,-5,-0.0174464,0.0445736,-0.00784302,0.0485046,-0.00612177,-0.0263542,0.00391359,0,0,0
1780640675156504,49.0857,-0.0176826,0.0448823,-5.00803,0,0,-5,-0.0176826,0.0448823,-0.00802612,0.0489031,-0.00557432,-0.0273456,0.00359956,0,0,0
1780640675172504,49.1017,-0.0179508,0.0454982,-5.00836,0,0,-5,-0.0179508,0.0454982,-0.00836182,0.0496209,-0.0061682,-0.0260497,0.00540571,0,0,0
1780640675196504,49.1257,-0.0183472,0.0463391,-5.00879,0,0,-5,-0.0183472,0.0463391,-0.00878906,0.0506081,-0.00628417,-0.026644,0.00410651,0,0,0
1780640675220504,49.1497,-0.0187051,0.0470492,-5.00922,0,0,-5,-0.0187051,0.0470492,-0.00921631,0.0514631,-0.006067,-0.0270986,0.00264135,0,0,0
1780640675236504,49.1657,-0.0189291,0.0474718,-5.00943,0,0,-5,-0.0189291,0.0474718,-0.00942993,0.0519692,-0.00634464,-0.0266292,0.00342705,0,0,0
1780640675260504,49.1897,-0.0192404,0.0480229,-5.00977,0,0,-5,-0.0192404,0.0480229,-0.00976562,0.0526475,-0.00553213,-0.0269859,0.00270795,0,0,0
1780640675276504,49.2057,-0.0194224,0.0483268,-5.00998,0,0,-5,-0.0194224,0.0483268,-0.00997925,0.053031,-0.00519685,-0.0283601,0.00231544,0,0,0
1780640675300504,49.2297,-0.0196767,0.048671,-5.01025,0,0,-5,-0.0196767,0.048671,-0.0102539,0.05349,-0.00529046,-0.0303526,0.00244053,0,0,0
1780640675316504,49.2457,-0.0198377,0.0488384,-5.01038,0,0,-5,-0.0198377,0.0488384,-0.010376,0.0537251,-0.00554786,-0.0314738,0.00225835,0,0,0
1780640675340504,49.2697,-0.0201057,0.0489832,-5.01056,0,0,-5,-0.0201057,0.0489832,-0.0105591,0.0539915,-0.00807102,-0.0320691,0.00419357,0,0,0
1780640675356504,49.2857,-0.0202805,0.0490355,-5.01065,0,0,-5,-0.0202805,0.0490355,-0.0106506,0.0541222,-0.00768818,-0.0326933,0.00488325,0,0,0
1780640675380504,49.3097,-0.0205207,0.049029,-5.01071,0,0,-5,-0.0205207,0.049029,-0.0107117,0.0542189,-0.00651341,-0.0349058,0.00538682,0,0,0
1780640675396504,49.3257,-0.0206473,0.0489624,-5.01071,0,0,-5,-0.0206473,0.0489624,-0.0107117,0.0542067,-0.00514196,-0.0356639,0.00746716,0,0,0
1780640675420668,49.3498,-0.0207884,0.0487787,-5.01065,0,0,-5,-0.0207884,0.0487787,-0.0106506,0.0540829,-0.00294877,-0.0371991,0.00864446,0,0,0
1780640675436668,49.3658,-0.020878,0.0486198,-5.01062,0,0,-5,-0.020878,0.0486198,-0.0106201,0.0539682,-0.00316677,-0.0371306,0.00779308,0,0,0
1780640675460668,49.3898,-0.0210006,0.0483124,-5.01056,0,0,-5,-0.0210006,0.0483124,-0.0105591,0.0537272,-0.00293632,-0.0383585,0.00844906,0,0,0
1780640675476668,49.4058,-0.0210691,0.0480703,-5.0105,0,0,-5,-0.0210691,0.0480703,-0.010498,0.0535245,-0.00223208,-0.0384747,0.00870435,0,0,0
1780640675500668,49.4298,-0.0211311,0.0476703,-5.01041,0,0,-5,-0.0211311,0.0476703,-0.0104065,0.0531721,-0.00126598,-0.0385401,0.0082565,0,0,0
1780640675516668,49.4458,-0.021163,0.047373,-5.01035,0,0,-5,-0.021163,0.047373,-0.0103455,0.0529065,-0.00167684,-0.0389262,0.00860879,0,0,0
1780640675540668,49.4698,-0.0211994,0.0468866,-5.01025,0,0,-5,-0.0211994,0.0468866,-0.0102539,0.0524681,-0.00117856,-0.0393524,0.00915322,0,0,0
1780640675556668,49.4858,-0.0215859,0.0469493,-5.01028,0,0,-5,-0.0215859,0.0469493,-0.0102844,0.0526874,-0.000573997,-0.0385814,0.00827631,0,0,0
1780640675572668,49.5018,-0.0223252,0.0473752,-5.01044,0,0,-5,-0.0223252,0.0473752,-0.010437,0.0534018,-0.000977017,-0.0394256,0.009424,0,0,0
1780640675596668,49.5258,-0.0233638,0.0478931,-5.01059,0,0,-5,-0.0233638,0.0478931,-0.0105896,0.0543301,-0.00146894,-0.0409889,0.0106609,0,0,0
1780640675620668,49.5498,-0.024293,0.0482654,-5.01065,0,0,-5,-0.024293,0.0482654,-0.0106506,0.0550739,0.000777427,-0.0417601,0.0113424,0,0,0
1780640675636668,49.5658,-0.0248474,0.0484343,-5.01068,0,0,-5,-0.0248474,0.0484343,-0.0106812,0.055474,0.0013706,-0.0431254,0.0111855,0,0,0
1780640675660668,49.5898,-0.0255944,0.0486033,-5.01074,0,0,-5,-0.0255944,0.0486033,-0.0107422,0.055971,0.00197901,-0.0427598,0.0101211,0,0,0
1780640675676668,49.6058,-0.0260519,0.04865,-5.01074,0,0,-5,-0.0260519,0.04865,-0.0107422,0.056222,0.0022193,-0.0440675,0.0104347,0,0,0
1780640675700668,49.6298,-0.0266706,0.0486333,-5.01074,0,0,-5,-0.0266706,0.0486333,-0.0107422,0.056497,0.00352428,-0.0442972,0.00977648,0,0,0
1780640675716668,49.6458,-0.0270273,0.0485778,-5.01074,0,0,-5,-0.0270273,0.0485778,-0.0107422,0.0566186,0.00368362,-0.0442344,0.00936619,0,0,0
1780640675732668,49.6618,-0.0273581,0.0484927,-5.01074,0,0,-5,-0.0273581,0.0484927,-0.0107422,0.0567045,0.00338878,-0.043372,0.00960467,0,0,0
1780640675756668,49.6858,-0.0277856,0.0483278,-5.01071,0,0,-5,-0.0277856,0.0483278,-0.0107117,0.0567658,0.0049846,-0.0421526,0.0104204,0,0,0
1780640675780668,49.7098,-0.0281233,0.0480926,-5.01065,0,0,-5,-0.0281233,0.0480926,-0.0106506,0.0567209,0.00716153,-0.042668,0.0110373,0,0,0
1780640675796668,49.7258,-0.0282997,0.0479071,-5.01056,0,0,-5,-0.0282997,0.0479071,-0.0105591,0.0566344,0.00847595,-0.0422452,0.010651,0,0,0
1780640675820668,49.7498,-0.0285121,0.0475776,-5.01044,0,0,-5,-0.0285121,0.0475776,-0.010437,0.0564402,0.00829175,-0.0424683,0.0115179,0,0,0
1780640675836668,49.7658,-0.0286333,0.0473385,-5.01035,0,0,-5,-0.0286333,0.0473385,-0.0103455,0.0562835,0.00883463,-0.0411175,0.0107152,0,0,0
1780640675852668,49.7818,-0.0287128,0.0470844,-5.01025,0,0,-5,-0.0287128,0.0470844,-0.0102539,0.0560938,0.0108962,-0.0411729,0.00943517,0,0,0
1780640675876668,49.8058,-0.0287357,0.0466527,-5.01013,0,0,-5,-0.0287357,0.0466527,-0.0101318,0.0557213,0.0136057,-0.0421605,0.00957542,0,0,0
1780640675900668,49.8298,-0.0286741,0.0461843,-5.01001,0,0,-5,-0.0286741,0.0461843,-0.0100098,0.0552756,0.0154262,-0.0410227,0.00838286,0,0,0
1780640675916668,49.8458,-0.028592,0.045853,-5.00995,0,0,-5,-0.028592,0.045853,-0.00994873,0.0549452,0.0158461,-0.0408005,0.00878644,0,0,0
1780640675940668,49.8698,-0.0284215,0.0453129,-5.00986,0,0,-5,-0.0284215,0.0453129,-0.00985718,0.0543894,0.0179533,-0.0417736,0.00801672,0,0,0
1780640675956668,49.8858,-0.0286331,0.045384,-5.00995,0,0,-5,-0.0286331,0.045384,-0.00994873,0.054576,0.0190496,-0.0410892,0.00857277,0,0,0
1780640675980668,49.9098,-0.0293942,0.046112,-5.01038,0,0,-5,-0.0293942,0.046112,-0.010376,0.0556596,0.0194662,-0.0416621,0.0100637,0,0,0
1780640675996668,49.9258,-0.0298498,0.046511,-5.01062,0,0,-5,-0.0298498,0.046511,-0.0106201,0.0562768,0.0192689,-0.0413541,0.00897776,0,0,0
1780640676020668,49.9498,-0.0304237,0.0470497,-5.01099,0,0,-5,-0.0304237,0.0470497,-0.0109863,0.0570962,0.0203474,-0.0406558,0.00731043,0,0,0
1780640676036668,49.9658,-0.0307571,0.0473459,-5.01126,0,0,-5,-0.0307571,0.0473459,-0.011261,0.0575712,0.020023,-0.0405751,0.00622259,0,0,0
1780640676060668,49.9898,-0.0311799,0.04769,-5.01163,0,0,-5,-0.0311799,0.04769,-0.0116272,0.0581525,0.0213405,-0.0402664,0.0062085,0,0,0
1780640676076668,50.0058,-0.0313983,0.0478759,-5.01184,0,0,-5,-0.0313983,0.0478759,-0.0118408,0.058465,0.022309,-0.03953,0.00696574,0,0,0
1780640676100668,50.0298,-0.0316519,0.0480976,-5.01215,0,0,-5,-0.0316519,0.0480976,-0.012146,0.0588451,0.0224357,-0.0381173,0.00909677,0,0,0
1780640676116668,50.0458,-0.0317724,0.0482081,-5.0123,0,0,-5,-0.0317724,0.0482081,-0.0122986,0.0590319,0.0229512,-0.038127,0.00939948,0,0,0
1780640676132668,50.0618,-0.0318656,0.0482926,-5.01242,0,0,-5,-0.0318656,0.0482926,-0.0124207,0.0591765,0.0229287,-0.0372264,0.0111201,0,0,0
1780640676156668,50.0858,-0.0319216,0.048372,-5.01251,0,0,-5,-0.0319216,0.048372,-0.0125122,0.0592907,0.0251567,-0.0370661,0.0117253,0,0,0
1780640676180668,50.1098,-0.0318738,0.048385,-5.01251,0,0,-5,-0.0318738,0.048385,-0.0125122,0.0592757,0.0261425,-0.0369779,0.0126601,0,0,0
1780640676196668,50.1258,-0.031808,0.0483524,-5.01251,0,0,-5,-0.031808,0.0483524,-0.0125122,0.0592137,0.0267396,-0.0364489,0.0127893,0,0,0
1780640676220668,50.1498,-0.0316457,0.0482528,-5.01245,0,0,-5,-0.0316457,0.0482528,-0.0124512,0.0590323,0.0276941,-0.0372148,0.0132521,0,0,0
1780640676236668,50.1658,-0.031498,0.0481464,-5.01242,0,0,-5,-0.031498,0.0481464,-0.0124207,0.0588598,0.0278662,-0.0368152,0.0129256,0,0,0
1780640676252668,50.1818,-0.0313473,0.0479989,-5.01236,0,0,-5,-0.0313473,0.0479989,-0.0123596,0.0586456,0.0270357,-0.0384452,0.013463,0,0,0
1780640676276668,50.2058,-0.0310859,0.0477009,-5.01224,0,0,-5,-0.0310859,0.0477009,-0.0122375,0.0582363,0.0276156,-0.0396195,0.0148011,0,0,0
1780640676292668,50.2218,-0.030878,0.0474602,-5.01212,0,0,-5,-0.030878,0.0474602,-0.0121155,0.0579025,0.027699,-0.0397804,0.0158876,0,0,0
1780640676316668,50.2458,-0.030492,0.0470447,-5.01193,0,0,-5,-0.030492,0.0470447,-0.0119324,0.0573179,0.0297131,-0.0401821,0.0153624,0,0,0
1780640676340668,50.2698,-0.0300268,0.0465511,-5.01175,0,0,-5,-0.0300268,0.0465511,-0.0117493,0.0566274,0.0312882,-0.0414887,0.0149443,0,0,0
1780640676356668,50.2858,-0.0300119,0.0466876,-5.01166,0,0,-5,-0.0300119,0.0466876,-0.0116577,0.0567129,0.0327022,-0.0424688,0.014628,0,0,0
1780640676380668,50.3098,-0.0303916,0.0474893,-5.0116,0,0,-5,-0.0303916,0.0474893,-0.0115967,0.0575618,0.033693,-0.0446675,0.0154836,0,0,0
1780640676396668,50.3258,-0.0305885,0.0479158,-5.01154,0,0,-5,-0.0305885,0.0479158,-0.0115356,0.0580056,0.0337111,-0.0449847,0.0155591,0,0,0
1780640676420838,50.35,-0.0307863,0.0484625,-5.01144,0,0,-5,-0.0307863,0.0484625,-0.0114441,0.0585438,0.034559,-0.0436825,0.0148138,0,0,0
1780640676436838,50.366,-0.0308607,0.048771,-5.01135,0,0,-5,-0.0308607,0.048771,-0.0113525,0.0588207,0.0341232,-0.0432331,0.0144958,0,0,0
1780640676452838,50.382,-0.0308845,0.0490248,-5.01129,0,0,-5,-0.0308845,0.0490248,-0.0112915,0.059032,0.0344915,-0.0436687,0.013404,0,0,0
1780640676476838,50.406,-0.0308536,0.0493134,-5.0112,0,0,-5,-0.0308536,0.0493134,-0.0112,0.0592385,0.0349189,-0.0426301,0.0115789,0,0,0
1780640676500838,50.43,-0.0307438,0.0495156,-5.01114,0,0,-5,-0.0307438,0.0495156,-0.0111389,0.0593385,0.0356247,-0.0425516,0.0105927,0,0,0
1780640676516838,50.446,-0.0306382,0.0495932,-5.01108,0,0,-5,-0.0306382,0.0495932,-0.0110779,0.0593372,0.0345421,-0.0428681,0.0105216,0,0,0
1780640676540838,50.47,-0.0304686,0.0496201,-5.01102,0,0,-5,-0.0304686,0.0496201,-0.0110168,0.059261,0.0330335,-0.0435461,0.0100019,0,0,0
1780640676556838,50.486,-0.0303341,0.0495951,-5.01099,0,0,-5,-0.0303341,0.0495951,-0.0109863,0.0591653,0.0330871,-0.0431744,0.00957497,0,0,0
1780640676572838,50.502,-0.0301763,0.0495313,-5.01093,0,0,-5,-0.0301763,0.0495313,-0.0109253,0.0590197,0.0323927,-0.0436095,0.00964629,0,0,0
1780640676596838,50.526,-0.0299192,0.0493708,-5.0108,0,0,-5,-0.0299192,0.0493708,-0.0108032,0.0587311,0.0306427,-0.0436277,0.00833379,0,0,0
1780640676620838,50.55,-0.0296443,0.0491829,-5.01068,0,0,-5,-0.0296443,0.0491829,-0.0106812,0.0584109,0.0302896,-0.0411766,0.0082723,0,0,0
1780640676636838,50.566,-0.0294482,0.0490271,-5.01062,0,0,-5,-0.0294482,0.0490271,-0.0106201,0.058169,0.0295552,-0.0412366,0.00898065,0,0,0
1780640676660838,50.59,-0.029138,0.0487614,-5.01041,0,0,-5,-0.029138,0.0487614,-0.0104065,0.0577494,0.0287952,-0.0403944,0.0102599,0,0,0
1780640676676838,50.606,-0.0289168,0.0485494,-5.01028,0,0,-5,-0.0289168,0.0485494,-0.0102844,0.0574369,0.0282257,-0.0412973,0.00944445,0,0,0
1780640676700838,50.63,-0.0285916,0.0482003,-5.01007,0,0,-5,-0.0285916,0.0482003,-0.0100708,0.05694,0.0263591,-0.0396979,0.0106129,0,0,0
1780640676716838,50.646,-0.028372,0.0479431,-5.00992,0,0,-5,-0.028372,0.0479431,-0.00991821,0.0565851,0.025816,-0.0401213,0.0107065,0,0,0
1780640676740838,50.67,-0.0280405,0.0475326,-5.00967,0,0,-5,-0.0280405,0.0475326,-0.00967407,0.0560286,0.0258137,-0.0381077,0.0105143,0,0,0
1780640676756838,50.686,-0.0279372,0.0476179,-5.00961,0,0,-5,-0.0279372,0.0476179,-0.00961304,0.0560389,0.0274668,-0.0381854,0.0103436,0,0,0
1780640676780838,50.71,-0.0279693,0.0481806,-5.00967,0,0,-5,-0.0279693,0.0481806,-0.00967407,0.0565442,0.0253335,-0.0397852,0.0102001,0,0,0
1780640676796838,50.726,-0.0279829,0.0484731,-5.0097,0,0,-5,-0.0279829,0.0484731,-0.00970459,0.0568054,0.0247907,-0.0399559,0.0101706,0,0,0
1780640676820838,50.75,-0.0279749,0.0488242,-5.00974,0,0,-5,-0.0279749,0.0488242,-0.00973511,0.0571067,0.023366,-0.0394585,0.0102141,0,0,0
1780640676836838,50.766,-0.0279676,0.0490156,-5.00974,0,0,-5,-0.0279676,0.0490156,-0.00973511,0.0572668,0.0219195,-0.038909,0.00984711,0,0,0
1780640676852838,50.782,-0.0279404,0.049155,-5.00974,0,0,-5,-0.0279404,0.049155,-0.00973511,0.0573729,0.0227045,-0.0397837,0.00979102,0,0,0
1780640676876838,50.806,-0.0278474,0.0492933,-5.00967,0,0,-5,-0.0278474,0.0492933,-0.00967407,0.057436,0.0237643,-0.0398931,0.00884936,0,0,0
1780640676900838,50.83,-0.0276942,0.0493316,-5.00964,0,0,-5,-0.0276942,0.0493316,-0.00964355,0.0573897,0.0248906,-0.0407538,0.00829197,0,0,0
1780640676916838,50.846,-0.0275551,0.0492962,-5.00961,0,0,-5,-0.0275551,0.0492962,-0.00961304,0.0572871,0.0249618,-0.0415689,0.00828737,0,0,0
1780640676940838,50.87,-0.0273301,0.0491624,-5.00952,0,0,-5,-0.0273301,0.0491624,-0.00952148,0.0570486,0.023819,-0.0421732,0.00835534,0,0,0
1780640676956838,50.886,-0.0271767,0.0490373,-5.00946,0,0,-5,-0.0271767,0.0490373,-0.00946045,0.0568571,0.0237997,-0.0424251,0.00777454,0,0,0
1780640676980838,50.91,-0.0269331,0.0487816,-5.0094,0,0,-5,-0.0269331,0.0487816,-0.00939941,0.05651,0.0225808,-0.0430119,0.00785708,0,0,0
1780640676996838,50.926,-0.0267683,0.0485695,-5.00934,0,0,-5,-0.0267683,0.0485695,-0.00933838,0.0562382,0.0225918,-0.0426727,0.00823357,0,0,0
1780640677020838,50.95,-0.0264935,0.0482038,-5.00922,0,0,-5,-0.0264935,0.0482038,-0.00921631,0.0557714,0.0237825,-0.0427994,0.00861256,0,0,0
1780640677036838,50.966,-0.0262942,0.04793,-5.00912,0,0,-5,-0.0262942,0.04793,-0.00912476,0.055425,0.0232185,-0.0416015,0.0101617,0,0,0
1780640677060838,50.99,-0.0259903,0.0474932,-5.00894,0,0,-5,-0.0259903,0.0474932,-0.00894165,0.054873,0.022771,-0.0415135,0.00942321,0,0,0
1780640677076838,51.006,-0.0257766,0.0471781,-5.00885,0,0,-5,-0.0257766,0.0471781,-0.0088501,0.0544842,0.0220925,-0.0406434,0.0091486,0,0,0
1780640677100838,51.03,-0.0254459,0.0466758,-5.00873,0,0,-5,-0.0254459,0.0466758,-0.00872803,0.053873,0.0218288,-0.0411142,0.00845245,0,0,0
1780640677116838,51.046,-0.0252159,0.0463052,-5.00861,0,0,-5,-0.0252159,0.0463052,-0.00860596,0.0534235,0.0218283,-0.0413193,0.00708087,0,0,0
1780640677140838,51.07,-0.0248421,0.0457381,-5.00845,0,0,-5,-0.0248421,0.0457381,-0.00845337,0.052731,0.0232422,-0.0394109,0.00588721,0,0,0
1780640677156838,51.086,-0.0244898,0.0458079,-5.00848,0,0,-5,-0.0244898,0.0458079,-0.00848389,0.0526317,0.0242999,-0.039416,0.00594811,0,0,0
1780640677180838,51.11,-0.023865,0.0465069,-5.00873,0,0,-5,-0.023865,0.0465069,-0.00872803,0.0529963,0.0222878,-0.0391064,0.00732946,0,0,0
1780640677196838,51.126,-0.0234575,0.0468989,-5.00885,0,0,-5,-0.0234575,0.0468989,-0.0088501,0.0531798,0.0229246,-0.0385231,0.00777735,0,0,0
1780640677220838,51.15,-0.0228205,0.0473842,-5.009,0,0,-5,-0.0228205,0.0473842,-0.00900269,0.0533581,0.0233417,-0.0400243,0.00759259,0,0,0
1780640677236838,51.166,-0.0223883,0.04763,-5.00909,0,0,-5,-0.0223883,0.04763,-0.00909424,0.0534094,0.0242487,-0.0405869,0.00815391,0,0,0
1780640677260838,51.19,-0.0216935,0.0479026,-5.00916,0,0,-5,-0.0216935,0.0479026,-0.00915527,0.0533768,0.0262477,-0.0405343,0.00905426,0,0,0
1780640677276838,51.206,-0.0212118,0.0480295,-5.00919,0,0,-5,-0.0212118,0.0480295,-0.00918579,0.0533025,0.026664,-0.0406564,0.00968876,0,0,0
1780640677300838,51.23,-0.0204926,0.0481274,-5.00919,0,0,-5,-0.0204926,0.0481274,-0.00918579,0.053109,0.0263471,-0.0413494,0.0102477,0,0,0
1780640677316838,51.246,-0.0200204,0.0481415,-5.00916,0,0,-5,-0.0200204,0.0481415,-0.00915527,0.0529362,0.0274093,-0.0411795,0.0103382,0,0,0
1780640677340838,51.27,-0.0192904,0.0480853,-5.00906,0,0,-5,-0.0192904,0.0480853,-0.00906372,0.0525972,0.0277112,-0.0422176,0.00968525,0,0,0
1780640677356838,51.286,-0.0187988,0.0480002,-5.009,0,0,-5,-0.0187988,0.0480002,-0.00900269,0.0523303,0.0277103,-0.0418958,0.00969573,0,0,0
1780640677380838,51.31,-0.0180554,0.0478115,-5.00891,0,0,-5,-0.0180554,0.0478115,-0.00891113,0.0518782,0.0272581,-0.0423766,0.00840936,0,0,0
1780640677396838,51.326,-0.0175693,0.047639,-5.00882,0,0,-5,-0.0175693,0.047639,-0.00881958,0.0515358,0.0275237,-0.042271,0.00873937,0,0,0
1780640677421008,51.3502,-0.0168365,0.0473093,-5.00864,0,0,-5,-0.0168365,0.0473093,-0.00863647,0.0509532,0.027596,-0.0439532,0.00809595,0,0,0
1780640677437008,51.3662,-0.0163446,0.0470432,-5.00854,0,0,-5,-0.0163446,0.0470432,-0.00854492,0.0505295,0.0270518,-0.04405,0.00756094,0,0,0
1780640677461008,51.3902,-0.0156225,0.0465862,-5.00839,0,0,-5,-0.0156225,0.0465862,-0.00839233,0.0498475,0.0264333,-0.0443833,0.00704099,0,0,0
1780640677477008,51.4062,-0.0151397,0.0462503,-5.00833,0,0,-5,-0.0151397,0.0462503,-0.0083313,0.0493732,0.0271235,-0.0450364,0.0063575,0,0,0
1780640677493008,51.4222,-0.0146418,0.0458805,-5.00824,0,0,-5,-0.0146418,0.0458805,-0.00823975,0.0488599,0.0276374,-0.0447309,0.0047767,0,0,0
1780640677517008,51.4462,-0.013896,0.045289,-5.00815,0,0,-5,-0.013896,0.045289,-0.00814819,0.0480685,0.0273993,-0.0448937,0.0049025,0,0,0
1780640677541008,51.4702,-0.0131401,0.0446419,-5.008,0,0,-5,-0.0131401,0.0446419,-0.00799561,0.0472175,0.0267673,-0.0455982,0.0066037,0,0,0
1780640677557008,51.4862,-0.012726,0.0447826,-5.00787,0,0,-5,-0.012726,0.0447826,-0.00787354,0.0472168,0.0261599,-0.0443406,0.00717358,0,0,0
1780640677581008,51.5102,-0.0122154,0.0457913,-5.0076,0,0,-5,-0.0122154,0.0457913,-0.00759888,0.047998,0.0250933,-0.0436196,0.00879096,0,0,0
1780640677597008,51.5262,-0.0118667,0.0463781,-5.00745,0,0,-5,-0.0118667,0.0463781,-0.00744629,0.0484478,0.0259374,-0.0445371,0.00865321,0,0,0
1780640677621008,51.5502,-0.0113305,0.0471258,-5.00714,0,0,-5,-0.0113305,0.0471258,-0.00714111,0.048992,0.0242467,-0.0443705,0.0105317,0,0,0
1780640677637008,51.5662,-0.0110026,0.0475401,-5.00696,0,0,-5,-0.0110026,0.0475401,-0.00695801,0.0492903,0.0220971,-0.044309,0.0106927,0,0,0
1780640677661008,51.5902,-0.0105386,0.048049,-5.00665,0,0,-5,-0.0105386,0.048049,-0.00665283,0.049639,0.0213038,-0.0448449,0.0119035,0,0,0
1780640677677008,51.6062,-0.0102131,0.0483062,-5.00641,0,0,-5,-0.0102131,0.0483062,-0.00640869,0.0497882,0.0214194,-0.0455743,0.0119896,0,0,0
1780640677701008,51.6302,-0.00973217,0.0485868,-5.00604,0,0,-5,-0.00973217,0.0485868,-0.00604248,0.049919,0.0204855,-0.0460635,0.0113602,0,0,0
1780640677717008,51.6462,-0.00940717,0.0487169,-5.0058,0,0,-5,-0.00940717,0.0487169,-0.00579834,0.0499545,0.0211018,-0.0447393,0.0106614,0,0,0
1780640677741008,51.6702,-0.00887138,0.0488743,-5.00546,0,0,-5,-0.00887138,0.0488743,-0.00546265,0.0499724,0.0209617,-0.0431756,0.0105125,0,0,0
1780640677757008,51.6862,-0.00850841,0.0489383,-5.00522,0,0,-5,-0.00850841,0.0489383,-0.00521851,0.0499458,0.021062,-0.0427585,0.0106863,0,0,0
1780640677781008,51.7102,-0.00796072,0.0489699,-5.00488,0,0,-5,-0.00796072,0.0489699,-0.00488281,0.0498524,0.0211459,-0.0429194,0.00968238,0,0,0
1780640677797008,51.7262,-0.00759554,0.0489354,-5.0047,0,0,-5,-0.00759554,0.0489354,-0.00469971,0.0497438,0.0201594,-0.0431852,0.00893596,0,0,0
1780640677821008,51.7502,-0.00704011,0.0488133,-5.00436,0,0,-5,-0.00704011,0.0488133,-0.00436401,0.0495111,0.0214493,-0.043259,0.00928755,0,0,0
1780640677837008,51.7662,-0.00665226,0.0486854,-5.00412,0,0,-5,-0.00665226,0.0486854,-0.00411987,0.0493101,0.0225962,-0.0438056,0.00882491,0,0,0
1780640677861008,51.7902,-0.00605036,0.0484172,-5.00375,0,0,-5,-0.00605036,0.0484172,-0.00375366,0.048938,0.0231341,-0.044247,0.00894249,0,0,0
1780640677877008,51.8062,-0.00564787,0.0482223,-5.00348,0,0,-5,-0.00564787,0.0482223,-0.003479,0.0486764,0.0238746,-0.0435279,0.00841761,0,0,0
1780640677901008,51.8302,-0.0050376,0.0478826,-5.00308,0,0,-5,-0.0050376,0.0478826,-0.00308228,0.0482454,0.0229356,-0.0440065,0.00771877,0,0,0
1780640677917008,51.8462,-0.00464328,0.0476197,-5.00281,0,0,-5,-0.00464328,0.0476197,-0.00280762,0.0479279,0.0224057,-0.0429247,0.00675538,0,0,0
1780640677941008,51.8702,-0.00404228,0.0472141,-5.00244,0,0,-5,-0.00404228,0.0472141,-0.00244141,0.0474497,0.0228335,-0.0414475,0.00724303,0,0,0
1780640677957008,51.8862,-0.00379096,0.0473425,-5.00217,0,0,-5,-0.00379096,0.0473425,-0.00216675,0.0475434,0.0225997,-0.0420732,0.00689553,0,0,0
1780640677981008,51.9102,-0.00359334,0.0480434,-5.00183,0,0,-5,-0.00359334,0.0480434,-0.00183105,0.0482124,0.0225394,-0.042937,0.00546609,0,0,0
1780640677997008,51.9262,-0.00344767,0.0484262,-5.00162,0,0,-5,-0.00344767,0.0484262,-0.00161743,0.0485757,0.0227174,-0.0431974,0.00616705,0,0,0
1780640678021008,51.9502,-0.00322885,0.0489158,-5.00125,0,0,-5,-0.00322885,0.0489158,-0.00125122,0.0490382,0.0216242,-0.0414949,0.0068275,0,0,0
1780640678037008,51.9662,-0.00309442,0.0491788,-5.00101,0,0,-5,-0.00309442,0.0491788,-0.00100708,0.0492863,0.0202667,-0.0424479,0.00574228,0,0,0
1780640678061008,51.9902,-0.00286504,0.0494564,-5.0007,0,0,-5,-0.00286504,0.0494564,-0.000701904,0.0495443,0.0218048,-0.0429825,0.00438207,0,0,0
1780640678077008,52.0062,-0.00268316,0.0495823,-5.00049,0,0,-5,-0.00268316,0.0495823,-0.000488281,0.0496573,0.0214029,-0.0427882,0.00430293,0,0,0
1780640678101008,52.0302,-0.00240881,0.0496884,-5.00021,0,0,-5,-0.00240881,0.0496884,-0.000213623,0.0497472,0.0202857,-0.0432239,0.0046456,0,0,0
1780640678117008,52.0462,-0.00222043,0.0497074,-5,0,0,-5,-0.00222043,0.0497074,0,0.049757,0.0200694,-0.0430791,0.00479697,0,0,0
1780640678133008,52.0622,-0.00203824,0.0496864,-4.99979,0,0,-5,-0.00203824,0.0496864,0.000213623,0.0497286,0.0187955,-0.0433938,0.00320182,0,0,0
1780640678157008,52.0862,-0.00176019,0.0495503,-4.99948,0,0,-5,-0.00176019,0.0495503,0.000518799,0.0495843,0.0192365,-0.045042,0.00235118,0,0,0
1780640678181008,52.1102,-0.00146362,0.0493168,-4.99924,0,0,-5,-0.00146362,0.0493168,0.000762939,0.0493445,0.018699,-0.0446097,0.000738286,0,0,0
1780640678197008,52.1262,-0.00124707,0.0491324,-4.99908,0,0,-5,-0.00124707,0.0491324,0.000915527,0.0491568,0.0199065,-0.0440183,0.0012012,0,0,0
1780640678221008,52.1502,-0.000912471,0.0488052,-4.99878,0,0,-5,-0.000912471,0.0488052,0.0012207,0.048829,0.0183655,-0.0441704,-0.000524421,0,0,0
1780640678237008,52.1662,-0.000700385,0.0485424,-4.99863,0,0,-5,-0.000700385,0.0485424,0.00137329,0.0485669,0.0175478,-0.044803,-0.00150425,0,0,0
1780640678261008,52.1902,-0.000369597,0.0480885,-4.99847,0,0,-5,-0.000369597,0.0480885,0.00152588,0.0481141,0.0184459,-0.0445652,-0.0032727,0,0,0
1780640678277008,52.2062,-0.00013497,0.0477577,-4.99835,0,0,-5,-0.00013497,0.0477577,0.00164795,0.0477863,0.0186906,-0.0448181,-0.00327151,0,0,0
1780640678301008,52.2302,0.00024257,0.0472183,-4.99817,0,0,-5,0.00024257,0.0472183,0.00183105,0.0472544,0.0174618,-0.0453696,-0.00341297,0,0,0
1780640678317008,52.2462,0.000478774,0.0468163,-4.99808,0,0,-5,0.000478774,0.0468163,0.00192261,0.0468582,0.0161615,-0.0460129,-0.00283856,0,0,0
1780640678341008,52.2702,0.000826265,0.0461676,-4.99789,0,0,-5,0.000826265,0.0461676,0.00210571,0.046223,0.0154385,-0.0458463,-0.000139722,0,0,0
1780640678357008,52.2862,0.00100338,0.0463453,-4.99771,0,0,-5,0.00100338,0.0463453,0.00228882,0.0464126,0.014944,-0.0460601,0.001022,0,0,0
1780640678373008,52.3022,0.00112701,0.0470947,-4.99756,0,0,-5,0.00112701,0.0470947,0.00244141,0.0471714,0.0139024,-0.0453969,0.00160803,0,0,0
1780640678397008,52.3262,0.00130653,0.0480907,-4.99731,0,0,-5,0.00130653,0.0480907,0.00268555,0.0481833,0.0134582,-0.0446851,-0.000173164,0,0,0
1780640678421177,52.3503,0.00152675,0.0489232,-4.99713,0,0,-5,0.00152675,0.0489232,0.00286865,0.049031,0.0151631,-0.0443988,-0.00034583,0,0,0
1780640678437177,52.3663,0.00169049,0.0494028,-4.99704,0,0,-5,0.00169049,0.0494028,0.00296021,0.0495203,0.0145895,-0.0438101,-8.4482e-05,0,0,0
1780640678461177,52.3903,0.00192742,0.0500132,-4.99692,0,0,-5,0.00192742,0.0500132,0.00308228,0.0501452,0.0139737,-0.0428997,-0.00192881,0,0,0
1780640678477177,52.4063,0.00209142,0.050363,-4.99689,0,0,-5,0.00209142,0.050363,0.00311279,0.0505024,0.0137152,-0.0425321,-0.00112429,0,0,0
1780640678501177,52.4303,0.00233195,0.0507944,-4.99677,0,0,-5,0.00233195,0.0507944,0.00323486,0.0509507,0.0128029,-0.0429879,-0.000192913,0,0,0
1780640678517177,52.4463,0.00248123,0.0510148,-4.99667,0,0,-5,0.00248123,0.0510148,0.00332642,0.0511833,0.0111996,-0.0426956,-4.38426e-05,0,0,0
1780640678541177,52.4703,0.00268309,0.0512674,-4.99655,0,0,-5,0.00268309,0.0512674,0.00344849,0.0514533,0.0103741,-0.041989,-0.000160859,0,0,0
1780640678557177,52.4863,0.00282056,0.0513787,-4.99649,0,0,-5,0.00282056,0.0513787,0.00350952,0.0515756,0.00975469,-0.0428404,-0.00019116,0,0,0
1780640678581177,52.5103,0.00301376,0.0514408,-4.9964,0,0,-5,0.00301376,0.0514408,0.00360107,0.0516547,0.00832303,-0.0437082,-0.000789397,0,0,0
1780640678597177,52.5263,0.00313801,0.0514265,-4.9964,0,0,-5,0.00313801,0.0514265,0.00360107,0.0516478,0.00853538,-0.0436933,-0.00199422,0,0,0
1780640678621177,52.5503,0.00333893,0.051329,-4.99634,0,0,-5,0.00333893,0.051329,0.00366211,0.0515677,0.00820479,-0.0439149,-0.00335073,0,0,0
1780640678637177,52.5663,0.00345381,0.0512249,-4.99631,0,0,-5,0.00345381,0.0512249,0.00369263,0.0514738,0.00658313,-0.0435843,-0.00387925,0,0,0
1780640678661177,52.5903,0.00361337,0.0509981,-4.99631,0,0,-5,0.00361337,0.0509981,0.00369263,0.0512591,0.0066141,-0.0452282,-0.00534823,0,0,0
1780640678677177,52.6063,0.00372517,0.0507776,-4.99634,0,0,-5,0.00372517,0.0507776,0.00366211,0.0510456,0.00643465,-0.0464636,-0.00539661,0,0,0
1780640678701177,52.6303,0.00390462,0.0503464,-4.99634,0,0,-5,0.00390462,0.0503464,0.00366211,0.0506302,0.00656408,-0.0479177,-0.00605048,0,0,0
1780640678717177,52.6463,0.00403049,0.0500199,-4.99637,0,0,-5,0.00403049,0.0500199,0.00363159,0.0503132,0.00494736,-0.0483265,-0.00555318,0,0,0
1780640678741177,52.6703,0.00418253,0.0494689,-4.9964,0,0,-5,0.00418253,0.0494689,0.00360107,0.0497758,0.00448762,-0.0484845,-0.00610755,0,0,0
1780640678757177,52.6863,0.00428342,0.0490741,-4.99649,0,0,-5,0.00428342,0.0490741,0.00350952,0.0493855,0.00355629,-0.0477989,-0.00717813,0,0,0
1780640678781177,52.7103,0.00404289,0.0500681,-4.9968,0,0,-5,0.00404289,0.0500681,0.00320435,0.0503331,0.0019001,-0.0473775,-0.00597661,0,0,0
1780640678797177,52.7263,0.0038879,0.0506443,-4.99698,0,0,-5,0.0038879,0.0506443,0.00302124,0.0508831,0.00196916,-0.0466865,-0.00471337,0,0,0
1780640678821177,52.7503,0.00369701,0.0513805,-4.99716,0,0,-5,0.00369701,0.0513805,0.00283813,0.0515915,0.00191625,-0.0468116,-0.00275173,0,0,0
1780640678837177,52.7663,0.00357416,0.0517919,-4.99722,0,0,-5,0.00357416,0.0517919,0.0027771,0.0519893,0.00152493,-0.0462575,-0.00221789,0,0,0
1780640678861177,52.7903,0.00339311,0.0523224,-4.99734,0,0,-5,0.00339311,0.0523224,0.00265503,0.0524995,0.000275604,-0.0447449,-0.00114591,0,0,0
1780640678877177,52.8063,0.00328143,0.0526177,-4.99741,0,0,-5,0.00328143,0.0526177,0.00259399,0.0527837,0.00114281,-0.0443508,-0.000621692,0,0,0
1780640678901177,52.8303,0.00312839,0.052955,-4.99747,0,0,-5,0.00312839,0.052955,0.00253296,0.0531078,0.000234248,-0.0448704,4.6392e-05,0,0,0
1780640678917177,52.8463,0.00303003,0.0531147,-4.9975,0,0,-5,0.00303003,0.0531147,0.00250244,0.0532598,0.000154258,-0.045458,-0.000145073,0,0,0
1780640678941177,52.8703,0.00287396,0.0532629,-4.99756,0,0,-5,0.00287396,0.0532629,0.00244141,0.0533962,-0.00168981,-0.0453861,-0.000893536,0,0,0
1780640678957177,52.8863,0.00275233,0.0532964,-4.99756,0,0,-5,0.00275233,0.0532964,0.00244141,0.0534233,-0.00258743,-0.0461069,-0.00101295,0,0,0
1780640678981177,52.9103,0.00255836,0.0532566,-4.99759,0,0,-5,0.00255836,0.0532566,0.00241089,0.0533725,-0.0036694,-0.0459769,-0.00220908,0,0,0
1780640678997177,52.9263,0.00242936,0.053164,-4.99765,0,0,-5,0.00242936,0.053164,0.00234985,0.0532714,-0.00328214,-0.0472584,-0.00342661,0,0,0
1780640679021177,52.9503,0.0022663,0.0529464,-4.99774,0,0,-5,0.0022663,0.0529464,0.0022583,0.0530429,-0.00238335,-0.0465891,-0.00302355,0,0,0
1780640679037177,52.9663,0.00217166,0.0527548,-4.99777,0,0,-5,0.00217166,0.0527548,0.00222778,0.0528465,-0.00187615,-0.0480506,-0.00203615,0,0,0
1780640679061177,52.9903,0.00204863,0.0523774,-4.99783,0,0,-5,0.00204863,0.0523774,0.00216675,0.0524622,-0.00252204,-0.0481947,-0.00281717,0,0,0
1780640679077177,53.0063,0.0019554,0.0520871,-4.99786,0,0,-5,0.0019554,0.0520871,0.00213623,0.0521675,-0.00332556,-0.0482924,-0.00365244,0,0,0
1780640679101177,53.0303,0.00180806,0.0516001,-4.99796,0,0,-5,0.00180806,0.0516001,0.00204468,0.0516722,-0.00390123,-0.0484161,-0.00491839,0,0,0
1780640679117177,53.0463,0.00170862,0.0512255,-4.99802,0,0,-5,0.00170862,0.0512255,0.00198364,0.0512923,-0.00483393,-0.0498072,-0.00480921,0,0,0
1780640679141177,53.0703,0.00153098,0.0505815,-4.99811,0,0,-5,0.00153098,0.0505815,0.00189209,0.05064,-0.00628385,-0.0505538,-0.0048394,0,0,0
1780640679157177,53.0863,0.00126014,0.0509792,-4.99826,0,0,-5,0.00126014,0.0509792,0.0017395,0.0510245,-0.00745184,-0.0505341,-0.00332522,0,0,0
1780640679181177,53.1103,0.000636907,0.0527127,-4.99863,0,0,-5,0.000636907,0.0527127,0.00137329,0.0527345,-0.00813691,-0.0501142,-0.00344479,0,0,0
1780640679197177,53.1263,0.000239982,0.0537492,-4.99887,0,0,-5,0.000239982,0.0537492,0.00112915,0.0537616,-0.00853122,-0.0504421,-0.00392807,0,0,0
1780640679221177,53.1503,-0.000332074,0.0551489,-4.99921,0,0,-5,-0.000332074,0.0551489,0.000793457,0.0551556,-0.00883902,-0.0482331,-0.00451359,0,0,0
1780640679237177,53.1663,-0.000712226,0.055995,-4.99942,0,0,-5,-0.000712226,0.055995,0.000579834,0.0560026,-0.00958397,-0.0472212,-0.00342831,0,0,0
1780640679261177,53.1903,-0.0012536,0.0571238,-4.99969,0,0,-5,-0.0012536,0.0571238,0.000305176,0.0571384,-0.00927411,-0.0468039,-0.00412113,0,0,0
1780640679277177,53.2063,-0.00160809,0.057772,-4.99988,0,0,-5,-0.00160809,0.057772,0.00012207,0.0577945,-0.00935864,-0.0467221,-0.00532142,0,0,0
1780640679301177,53.2303,-0.00211774,0.0586168,-5.00018,0,0,-5,-0.00211774,0.0586168,-0.000183105,0.0586553,-0.00931455,-0.0471231,-0.00413172,0,0,0
1780640679317177,53.2463,-0.00244799,0.0590868,-5.00031,0,0,-5,-0.00244799,0.0590868,-0.000305176,0.0591382,-0.0093806,-0.0471232,-0.00233213,0,0,0
1780640679341177,53.2703,-0.0029234,0.0596835,-5.00049,0,0,-5,-0.0029234,0.0596835,-0.000488281,0.059757,-0.0101337,-0.0474245,-0.00152937,0,0,0
1780640679357177,53.2863,-0.00324881,0.0600007,-5.00058,0,0,-5,-0.00324881,0.0600007,-0.000579834,0.0600914,-0.0114761,-0.0472774,-0.00204681,0,0,0
1780640679381177,53.3103,-0.0037342,0.0603819,-5.00079,0,0,-5,-0.0037342,0.0603819,-0.000793457,0.0605025,-0.0114882,-0.0462739,-0.00359391,0,0,0
1780640679397177,53.3263,-0.0040342,0.060571,-5.00092,0,0,-5,-0.0040342,0.060571,-0.000915527,0.0607121,-0.0111715,-0.0463649,-0.0025326,0,0,0
1780640679421177,53.3503,-0.00445986,0.0607785,-5.0011,0,0,-5,-0.00445986,0.0607785,-0.00109863,0.0609518,-0.0120712,-0.044185,-0.00223595,0,0,0
1780640679437347,53.3665,-0.00474851,0.0608747,-5.00122,0,0,-5,-0.00474851,0.0608747,-0.0012207,0.0610718,-0.0127046,-0.0445309,-0.00213239,0,0,0
1780640679453347,53.3825,-0.00504361,0.0609306,-5.00131,0,0,-5,-0.00504361,0.0609306,-0.00131226,0.061153,-0.0136649,-0.0434154,-0.00231839,0,0,0
1780640679477347,53.4065,-0.00549138,0.0609299,-5.0015,0,0,-5,-0.00549138,0.0609299,-0.00149536,0.0611951,-0.0134296,-0.0443421,-0.00117935,0,0,0
1780640679501347,53.4305,-0.00591226,0.0608207,-5.00159,0,0,-5,-0.00591226,0.0608207,-0.00158691,0.061128,-0.0124456,-0.0449821,0.000623332,0,0,0
1780640679517347,53.4465,-0.00618688,0.0606889,-5.00165,0,0,-5,-0.00618688,0.0606889,-0.00164795,0.0610257,-0.0131971,-0.0463884,0.00125518,0,0,0
1780640679541347,53.4705,-0.00657407,0.0603943,-5.00171,0,0,-5,-0.00657407,0.0603943,-0.00170898,0.0607751,-0.0118309,-0.0470165,0.00208407,0,0,0
1780640679557347,53.4865,-0.00645246,0.0610143,-5.00174,0,0,-5,-0.00645246,0.0610143,-0.0017395,0.0613792,-0.0125357,-0.0469978,0.00208091,0,0,0
1780640679581347,53.5105,-0.00578487,0.0630624,-5.00174,0,0,-5,-0.00578487,0.0630624,-0.0017395,0.0633511,-0.0119324,-0.0461762,0.000364043,0,0,0
1780640679597347,53.5265,-0.00536875,0.0642845,-5.00177,0,0,-5,-0.00536875,0.0642845,-0.00177002,0.0645326,-0.0114821,-0.0468832,4.7997e-05,0,0,0
1780640679621347,53.5505,-0.00477487,0.0659334,-5.00183,0,0,-5,-0.00477487,0.0659334,-0.00183105,0.0661315,-0.0105319,-0.0461179,-0.000432126,0,0,0
1780640679637347,53.5665,-0.00439575,0.066918,-5.00189,0,0,-5,-0.00439575,0.066918,-0.00189209,0.0670889,-0.00972173,-0.0463366,-0.000776685,0,0,0
1780640679661347,53.5905,-0.00385879,0.068233,-5.00192,0,0,-5,-0.00385879,0.068233,-0.00192261,0.0683691,-0.00965156,-0.045252,-0.000477111,0,0,0
1780640679677347,53.6065,-0.00352336,0.0690088,-5.00195,0,0,-5,-0.00352336,0.0690088,-0.00195312,0.0691263,-0.00982041,-0.0459689,-0.000205876,0,0,0
1780640679693347,53.6225,-0.00320447,0.0697098,-5.00195,0,0,-5,-0.00320447,0.0697098,-0.00195312,0.0698107,-0.00956408,-0.0459609,0.00116565,0,0,0
1780640679717347,53.6465,-0.00273761,0.0705961,-5.00195,0,0,-5,-0.00273761,0.0705961,-0.00195312,0.0706761,-0.00873467,-0.0479467,0.000422401,0,0,0
1780640679741347,53.6705,-0.00229728,0.0712824,-5.00195,0,0,-5,-0.00229728,0.0712824,-0.00195312,0.0713461,-0.00798601,-0.0495403,-0.00020982,0,0,0
1780640679757347,53.6865,-0.00201562,0.0716466,-5.00195,0,0,-5,-0.00201562,0.0716466,-0.00195312,0.0717015,-0.0076829,-0.0493737,-0.000359587,0,0,0
1780640679781347,53.7105,-0.0016169,0.072084,-5.00198,0,0,-5,-0.0016169,0.072084,-0.00198364,0.0721294,-0.00702685,-0.0497507,-4.26247e-05,0,0,0
1780640679797347,53.7265,-0.00136291,0.0722986,-5.00195,0,0,-5,-0.00136291,0.0722986,-0.00195312,0.0723378,-0.00731396,-0.0497805,0.000824709,0,0,0
1780640679821347,53.7505,-0.000992337,0.0725081,-5.00189,0,0,-5,-0.000992337,0.0725081,-0.00189209,0.0725396,-0.00562991,-0.0501086,0.00113407,0,0,0
1780640679837347,53.7665,-0.000757245,0.0725632,-5.00186,0,0,-5,-0.000757245,0.0725632,-0.00186157,0.0725911,-0.00610208,-0.0508966,0.000725177,0,0,0
1780640679861347,53.7905,-0.000419536,0.07253,-5.00183,0,0,-5,-0.000419536,0.07253,-0.00183105,0.0725544,-0.00594326,-0.0521145,-0.000339373,0,0,0
1780640679877347,53.8065,-0.000202445,0.0724415,-5.00183,0,0,-5,-0.000202445,0.0724415,-0.00183105,0.072465,-0.00456969,-0.052833,0.000551409,0,0,0
1780640679901347,53.8305,0.000142558,0.0721673,-5.00177,0,0,-5,0.000142558,0.0721673,-0.00177002,0.0721891,-0.00289078,-0.0549855,0.00121571,0,0,0
1780640679917347,53.8465,0.000388595,0.0719229,-5.00171,0,0,-5,0.000388595,0.0719229,-0.00170898,0.0719443,-0.00100736,-0.0554118,0.00154111,0,0,0
1780640679941347,53.8705,0.000774762,0.0714408,-5.00162,0,0,-5,0.000774762,0.0714408,-0.00161743,0.0714633,-0.000507933,-0.0586824,0.00153106,0,0,0
1780640679957347,53.8865,0.00109588,0.0719395,-5.00156,0,0,-5,0.00109588,0.0719395,-0.0015564,0.0719646,-0.000318716,-0.0603395,0.00161611,0,0,0
1780640679981347,53.9105,0.00168644,0.0738397,-5.0015,0,0,-5,0.00168644,0.0738397,-0.00149536,0.0738741,0.00026877,-0.0601142,0.000579455,0,0,0
1780640679997347,53.9265,0.00206735,0.0749746,-5.00146,0,0,-5,0.00206735,0.0749746,-0.00146484,0.0750174,0.000952536,-0.0588063,0.00111098,0,0,0
1780640680021347,53.9505,0.00262729,0.0764967,-5.00128,0,0,-5,0.00262729,0.0764967,-0.00128174,0.0765525,0.00242198,-0.0581639,0.00171716,0,0,0
1780640680037347,53.9665,0.00300152,0.0773872,-5.00119,0,0,-5,0.00300152,0.0773872,-0.00119019,0.0774546,0.00319143,-0.0579836,0.00124782,0,0,0
1780640680061347,53.9905,0.00357003,0.0785496,-5.00104,0,0,-5,0.00357003,0.0785496,-0.0010376,0.0786375,0.00539077,-0.0591069,0.00187877,0,0,0
1780640680077347,54.0065,0.003955,0.0791862,-5.00095,0,0,-5,0.003955,0.0791862,-0.000946045,0.0792905,0.00575976,-0.0594757,4.04191e-05,0,0,0
1780640680101347,54.0305,0.0044775,0.079981,-5.00082,0,0,-5,0.0044775,0.079981,-0.000823975,0.0801104,0.00391948,-0.0601856,-0.000199939,0,0,0
1780640680117347,54.0465,0.00480193,0.0804171,-5.00079,0,0,-5,0.00480193,0.0804171,-0.000793457,0.0805642,0.00417786,-0.0602561,-0.00132726,0,0,0
1780640680141347,54.0705,0.00526092,0.0809185,-5.0007,0,0,-5,0.00526092,0.0809185,-0.000701904,0.0810923,0.00346199,-0.0615373,-0.00121556,0,0,0
1780640680157347,54.0865,0.00554404,0.0811495,-5.0007,0,0,-5,0.00554404,0.0811495,-0.000701904,0.0813417,0.00269189,-0.0621582,-0.000589611,0,0,0
1780640680181347,54.1105,0.00595392,0.0813475,-5.00067,0,0,-5,0.00595392,0.0813475,-0.000671387,0.0815679,0.00369191,-0.0634814,-0.000860859,0,0,0
1780640680197347,54.1265,0.00622644,0.0813859,-5.00064,0,0,-5,0.00622644,0.0813859,-0.000640869,0.0816263,0.00421782,-0.0650264,-0.000795048,0,0,0
1780640680221347,54.1505,0.00664017,0.0812819,-5.00061,0,0,-5,0.00664017,0.0812819,-0.000610352,0.081555,0.00552285,-0.0672832,-0.00175106,0,0,0
1780640680237347,54.1665,0.00692542,0.0811177,-5.00061,0,0,-5,0.00692542,0.0811177,-0.000610352,0.081415,0.00692713,-0.0678739,-0.00117177,0,0,0
1780640680261347,54.1905,0.00737383,0.0807766,-5.00058,0,0,-5,0.00737383,0.0807766,-0.000579834,0.0811145,0.00788632,-0.0670862,-0.00137282,0,0,0
1780640680277347,54.2065,0.00767658,0.0805,-5.00055,0,0,-5,0.00767658,0.0805,-0.000549316,0.080867,0.00866618,-0.0664872,-0.00161349,0,0,0
1780640680301347,54.2305,0.00812422,0.0799888,-5.00049,0,0,-5,0.00812422,0.0799888,-0.000488281,0.0804018,0.00857351,-0.0679532,-0.000413391,0,0,0
1780640680317347,54.2465,0.00842216,0.0795789,-5.00043,0,0,-5,0.00842216,0.0795789,-0.000427246,0.0800244,0.00897491,-0.0684922,-0.000286354,0,0,0
1780640680341347,54.2705,0.00885337,0.0788677,-5.00031,0,0,-5,0.00885337,0.0788677,-0.000305176,0.0793636,0.00767168,-0.0694342,0.000971012,0,0,0
1780640680357347,54.2865,0.00950046,0.0794991,-5.00015,0,0,-5,0.00950046,0.0794991,-0.000152588,0.0800649,0.00784003,-0.0697202,0.00199992,0,0,0
1780640680381347,54.3105,0.0109558,0.0819289,-4.99991,0,0,-5,0.0109558,0.0819289,9.15527e-05,0.0826583,0.00685493,-0.0718141,0.0013671,0,0,0
1780640680397347,54.3265,0.011877,0.0833625,-4.99976,0,0,-5,0.011877,0.0833625,0.000244141,0.0842047,0.00796053,-0.0707456,0.000636712,0,0,0
1780640680421347,54.3505,0.0131943,0.0852794,-4.99954,0,0,-5,0.0131943,0.0852794,0.000457764,0.0862953,0.00786555,-0.0710154,0.00172929,0,0,0
1780640680437521,54.3667,0.0140227,0.0864013,-4.99942,0,0,-5,0.0140227,0.0864013,0.000579834,0.0875338,0.00727594,-0.070494,0.000694969,0,0,0
1780640680461521,54.3907,0.0152151,0.0878631,-4.99927,0,0,-5,0.0152151,0.0878631,0.000732422,0.0891738,0.00814057,-0.0703538,-0.000108554,0,0,0
1780640680477521,54.4067,0.0159673,0.0887097,-4.99918,0,0,-5,0.0159673,0.0887097,0.000823975,0.090139,0.00737356,-0.0701606,0.000153465,0,0,0
1780640680501521,54.4307,0.0170324,0.0897894,-4.99893,0,0,-5,0.0170324,0.0897894,0.00106812,0.0913969,0.00769346,-0.070628,0.000587633,0,0,0
1780640680517521,54.4467,0.0177057,0.0903894,-4.99878,0,0,-5,0.0177057,0.0903894,0.0012207,0.0921153,0.00700853,-0.0697778,0.000650794,0,0,0
1780640680541521,54.4707,0.0186564,0.0911271,-4.9986,0,0,-5,0.0186564,0.0911271,0.00140381,0.0930278,0.00651288,-0.0700604,0.00136205,0,0,0
1780640680557521,54.4867,0.0192482,0.0915228,-4.99841,0,0,-5,0.0192482,0.0915228,0.00158691,0.0935384,0.00647191,-0.0691125,0.00168636,0,0,0
1780640680581521,54.5107,0.0200743,0.0919699,-4.99814,0,0,-5,0.0200743,0.0919699,0.00186157,0.0941537,0.00491138,-0.0700382,0.00278577,0,0,0
1780640680597521,54.5267,0.0205859,0.0921595,-4.99796,0,0,-5,0.0205859,0.0921595,0.00204468,0.0944528,0.00438843,-0.0711137,0.00243091,0,0,0
1780640680621521,54.5507,0.0212952,0.0922888,-4.99774,0,0,-5,0.0212952,0.0922888,0.0022583,0.0947407,0.00371324,-0.07224,0.000999988,0,0,0
1780640680637521,54.5667,0.0217405,0.0922842,-4.99759,0,0,-5,0.0217405,0.0922842,0.00241089,0.0948411,0.00373238,-0.0716839,0.000763705,0,0,0
1780640680661521,54.5907,0.0223744,0.0921516,-4.99738,0,0,-5,0.0223744,0.0921516,0.00262451,0.0948653,0.00358231,-0.0730872,-0.000367062,0,0,0
1780640680677521,54.6067,0.0227759,0.0919761,-4.99725,0,0,-5,0.0227759,0.0919761,0.00274658,0.0947939,0.00326116,-0.0741114,-0.000492608,0,0,0
1780640680701521,54.6307,0.023329,0.0915701,-4.99713,0,0,-5,0.023329,0.0915701,0.00286865,0.0945386,0.00188201,-0.0758701,-0.00153049,0,0,0
1780640680717521,54.6467,0.0236553,0.0911985,-4.99701,0,0,-5,0.0236553,0.0911985,0.00299072,0.0942639,0.000521653,-0.0784509,-0.00081274,0,0,0
1780640680741521,54.6707,0.0240776,0.0905135,-4.99689,0,0,-5,0.0240776,0.0905135,0.00311279,0.0937129,-0.000948701,-0.0789527,-0.00166255,0,0,0
1780640680757521,54.6867,0.0244991,0.0910957,-4.99683,0,0,-5,0.0244991,0.0910957,0.00317383,0.094386,-0.00101101,-0.0776909,-0.0013324,0,0,0
1780640680773521,54.7027,0.0250617,0.0926474,-4.9968,0,0,-5,0.0250617,0.0926474,0.00320435,0.0960307,-0.00287597,-0.0779756,-0.00264411,0,0,0
1780640680797521,54.7267,0.0258023,0.0946972,-4.9968,0,0,-5,0.0258023,0.0946972,0.00320435,0.0982018,-0.00475759,-0.0784822,-0.00257293,0,0,0
1780640680813521,54.7427,0.0262418,0.0958805,-4.99677,0,0,-5,0.0262418,0.0958805,0.00323486,0.0994594,-0.00492932,-0.0778937,-0.00272963,0,0,0
1780640680837521,54.7667,0.0268463,0.0974405,-4.9968,0,0,-5,0.0268463,0.0974405,0.00320435,0.101122,-0.00441639,-0.0771311,-0.0046447,0,0,0
1780640680853521,54.7827,0.0272286,0.0983308,-4.99677,0,0,-5,0.0272286,0.0983308,0.00323486,0.102082,-0.00495996,-0.0777829,-0.00386851,0,0,0
1780640680877521,54.8067,0.0277464,0.0994611,-4.99673,0,0,-5,0.0277464,0.0994611,0.00326538,0.10331,-0.00550543,-0.0775395,-0.00277538,0,0,0
1780640680901521,54.8307,0.028218,0.100352,-4.9967,0,0,-5,0.028218,0.100352,0.0032959,0.104296,-0.00451445,-0.0780929,-0.00329607,0,0,0
1780640680917521,54.8467,0.0285223,0.100821,-4.99667,0,0,-5,0.0285223,0.100821,0.00332642,0.10483,-0.00411552,-0.0781543,-0.00318092,0,0,0
1780640680941521,54.8707,0.0289467,0.101363,-4.99664,0,0,-5,0.0289467,0.101363,0.00335693,0.105469,-0.0045784,-0.0775782,-0.00353869,0,0,0
1780640680957521,54.8867,0.0292008,0.101624,-4.99661,0,0,-5,0.0292008,0.101624,0.00338745,0.10579,-0.00446607,-0.0781284,-0.00213763,0,0,0
1780640680981521,54.9107,0.0295396,0.10187,-4.99655,0,0,-5,0.0295396,0.10187,0.00344849,0.106123,-0.00568693,-0.0772754,-0.00238127,0,0,0
1780640680997521,54.9267,0.0297381,0.101945,-4.99646,0,0,-5,0.0297381,0.101945,0.00354004,0.106253,-0.00579147,-0.077393,-0.00111986,0,0,0
1780640681021521,54.9507,0.0300112,0.101909,-4.99631,0,0,-5,0.0300112,0.101909,0.00369263,0.106301,-0.00602502,-0.0778604,-0.00163465,0,0,0
1780640681037521,54.9667,0.0301655,0.101793,-4.99622,0,0,-5,0.0301655,0.101793,0.00378418,0.106236,-0.00735878,-0.0795668,-0.00245862,0,0,0
1780640681061521,54.9907,0.0303478,0.101466,-4.99612,0,0,-5,0.0303478,0.101466,0.00387573,0.105978,-0.00755897,-0.0803566,-0.00375886,0,0,0
1780640681077521,55.0067,0.0304363,0.101164,-4.99606,0,0,-5,0.0304363,0.101164,0.00393677,0.105717,-0.00935716,-0.0802526,-0.00421924,0,0,0
1780640681101521,55.0307,0.0305221,0.100604,-4.99597,0,0,-5,0.0305221,0.100604,0.00402832,0.10521,-0.00900855,-0.0803632,-0.00390729,0,0,0
1780640681117521,55.0467,0.0305649,0.100155,-4.99591,0,0,-5,0.0305649,0.100155,0.00408936,0.104795,-0.00936771,-0.0820901,-0.00183125,0,0,0
1780640681133521,55.0627,0.0305837,0.0996356,-4.99579,0,0,-5,0.0305837,0.0996356,0.00421143,0.104309,-0.00995728,-0.082326,-0.0011745,0,0,0
1780640681157521,55.0867,0.0308927,0.0996459,-4.99564,0,0,-5,0.0308927,0.0996459,0.00436401,0.104416,-0.0100643,-0.0826457,-0.000299697,0,0,0
1780640681181521,55.1107,0.0317157,0.101214,-4.99542,0,0,-5,0.0317157,0.101214,0.00457764,0.106165,-0.0103609,-0.080342,-0.000386577,0,0,0
1780640681197521,55.1267,0.0322077,0.102134,-4.9953,0,0,-5,0.0322077,0.102134,0.00469971,0.107195,-0.0109276,-0.0791737,-0.000172352,0,0,0
1780640681221521,55.1507,0.0328986,0.1033,-4.99512,0,0,-5,0.0328986,0.1033,0.00488281,0.108523,-0.00963602,-0.0792841,-0.00020029,0,0,0
1780640681237521,55.1667,0.0333316,0.103946,-4.995,0,0,-5,0.0333316,0.103946,0.00500488,0.109274,-0.0104086,-0.0794153,0.000322238,0,0,0
1780640681253521,55.1827,0.0337244,0.104472,-4.9949,0,0,-5,0.0337244,0.104472,0.00509644,0.109899,-0.0120727,-0.0805723,-0.000447572,0,0,0
1780640681277521,55.2067,0.0342231,0.10506,-4.99475,0,0,-5,0.0342231,0.10506,0.00524902,0.110619,-0.0132898,-0.0808282,-0.00123671,0,0,0
1780640681301521,55.2307,0.0346667,0.105465,-4.99466,0,0,-5,0.0346667,0.105465,0.00534058,0.111145,-0.0128833,-0.0799558,-0.00195054,0,0,0
1780640681317521,55.2467,0.0349315,0.105624,-4.99463,0,0,-5,0.0349315,0.105624,0.00537109,0.11138,-0.012509,-0.0811617,-0.0042559,0,0,0
1780640681341521,55.2707,0.0352857,0.105694,-4.99463,0,0,-5,0.0352857,0.105694,0.00537109,0.111558,-0.0133712,-0.0820141,-0.00522669,0,0,0
1780640681357521,55.2867,0.0354622,0.10562,-4.99463,0,0,-5,0.0354622,0.10562,0.00537109,0.111543,-0.0159688,-0.0843192,-0.00538849,0,0,0
1780640681381521,55.3107,0.0356488,0.105354,-4.99463,0,0,-5,0.0356488,0.105354,0.00537109,0.111352,-0.0170911,-0.0848119,-0.00605294,0,0,0
1780640681397521,55.3267,0.035728,0.105087,-4.99466,0,0,-5,0.035728,0.105087,0.00534058,0.111123,-0.0180603,-0.0851525,-0.00638788,0,0,0
1780640681421521,55.3507,0.0357952,0.104559,-4.99466,0,0,-5,0.0357952,0.104559,0.00534058,0.110646,-0.0194643,-0.0861875,-0.00638692,0,0,0
1780640681437521,55.3667,0.0357962,0.104114,-4.99469,0,0,-5,0.0357962,0.104114,0.00531006,0.110224,-0.02013,-0.0863676,-0.00777893,0,0,0
1780640681461696,55.3909,0.0357654,0.103348,-4.99475,0,0,-5,0.0357654,0.103348,0.00524902,0.109487,-0.0199954,-0.0859409,-0.0071711,0,0,0
1780640681477696,55.4069,0.0357105,0.102773,-4.99475,0,0,-5,0.0357105,0.102773,0.00524902,0.108927,-0.0210821,-0.0862897,-0.00700488,0,0,0
1780640681501696,55.4309,0.0355906,0.101796,-4.99472,0,0,-5,0.0355906,0.101796,0.00527954,0.107968,-0.021328,-0.087431,-0.00848395,0,0,0
1780640681517696,55.4469,0.0354879,0.101077,-4.99475,0,0,-5,0.0354879,0.101077,0.00524902,0.107255,-0.0213255,-0.0873221,-0.00861893,0,0,0
1780640681541696,55.4709,0.0353105,0.099903,-4.99478,0,0,-5,0.0353105,0.099903,0.00521851,0.106088,-0.0218604,-0.0882746,-0.00643525,0,0,0
1780640681557696,55.4869,0.0353807,0.100146,-4.99478,0,0,-5,0.0353807,0.100146,0.00521851,0.10634,-0.0218533,-0.0891281,-0.00559332,0,0,0
1780640681581696,55.5109,0.0357158,0.101897,-4.99478,0,0,-5,0.0357158,0.101897,0.00521851,0.108101,-0.0233067,-0.0888762,-0.00572501,0,0,0
1780640681597696,55.5269,0.0358838,0.102904,-4.99478,0,0,-5,0.0358838,0.102904,0.00521851,0.109106,-0.024311,-0.087578,-0.0050234,0,0,0
1780640681613696,55.5429,0.0360059,0.103799,-4.99478,0,0,-5,0.0360059,0.103799,0.00521851,0.10999,-0.0254307,-0.0869909,-0.00656463,0,0,0
1780640681637696,55.5669,0.0361191,0.104925,-4.99475,0,0,-5,0.0361191,0.104925,0.00524902,0.111092,-0.0271606,-0.0863087,-0.00573433,0,0,0
1780640681653696,55.5829,0.0361226,0.105545,-4.99475,0,0,-5,0.0361226,0.105545,0.00524902,0.111679,-0.0288733,-0.0859715,-0.00603506,0,0,0
1780640681677696,55.6069,0.036067,0.106281,-4.99478,0,0,-5,0.036067,0.106281,0.00521851,0.112355,-0.0296339,-0.0861607,-0.00670674,0,0,0
1780640681701696,55.6309,0.0359287,0.106767,-4.99478,0,0,-5,0.0359287,0.106767,0.00521851,0.112771,-0.0305728,-0.0879158,-0.00694742,0,0,0
1780640681717696,55.6469,0.0358048,0.106954,-4.99478,0,0,-5,0.0358048,0.106954,0.00521851,0.112909,-0.0317294,-0.0891668,-0.00610798,0,0,0
1780640681741696,55.6709,0.0355668,0.107053,-4.99475,0,0,-5,0.0355668,0.107053,0.00524902,0.112928,-0.0321017,-0.0898022,-0.00517253,0,0,0
1780640681757696,55.6869,0.0354044,0.10701,-4.99472,0,0,-5,0.0354044,0.10701,0.00527954,0.112838,-0.0297733,-0.0895367,-0.00479679,0,0,0
1780640681781696,55.7109,0.0351335,0.106797,-4.99457,0,0,-5,0.0351335,0.106797,0.00543213,0.112559,-0.0317389,-0.0907959,-0.00438776,0,0,0
1780640681797696,55.7269,0.0349115,0.106544,-4.99451,0,0,-5,0.0349115,0.106544,0.00549316,0.112252,-0.0321954,-0.0915688,-0.00536917,0,0,0
1780640681813696,55.7429,0.0346699,0.106223,-4.99442,0,0,-5,0.0346699,0.106223,0.00558472,0.111877,-0.0321798,-0.0910319,-0.00492824,0,0,0
1780640681837696,55.7669,0.0342738,0.105625,-4.99432,0,0,-5,0.0342738,0.105625,0.00567627,0.111192,-0.0333554,-0.0916665,-0.00514824,0,0,0
1780640681853696,55.7829,0.0339765,0.105133,-4.99426,0,0,-5,0.0339765,0.105133,0.0057373,0.110636,-0.0337057,-0.0917575,-0.00387898,0,0,0
1780640681877696,55.8069,0.0335068,0.104317,-4.99417,0,0,-5,0.0335068,0.104317,0.00582886,0.109721,-0.0338572,-0.0903802,-0.00433538,0,0,0
1780640681893696,55.8229,0.0331811,0.103724,-4.99414,0,0,-5,0.0331811,0.103724,0.00585938,0.10906,-0.0334831,-0.0892534,-0.00540508,0,0,0
1780640681917696,55.8469,0.0326747,0.102757,-4.99411,0,0,-5,0.0326747,0.102757,0.00588989,0.107988,-0.0332847,-0.0887074,-0.00543931,0,0,0
1780640681941696,55.8709,0.0321622,0.101682,-4.99411,0,0,-5,0.0321622,0.101682,0.00588989,0.106809,-0.0326428,-0.0888565,-0.00524736,0,0,0
1780640681957696,55.8869,0.0321671,0.101752,-4.99408,0,0,-5,0.0321671,0.101752,0.00592041,0.10688,-0.0314721,-0.088504,-0.00536101,0,0,0
1780640681981696,55.9109,0.0326799,0.10292,-4.99402,0,0,-5,0.0326799,0.10292,0.00598145,0.108149,-0.028563,-0.0877201,-0.00614389,0,0,0
1780640681997696,55.9269,0.0329825,0.103556,-4.99402,0,0,-5,0.0329825,0.103556,0.00598145,0.108846,-0.0287511,-0.087669,-0.00596478,0,0,0
1780640682021696,55.9509,0.033349,0.104289,-4.99402,0,0,-5,0.033349,0.104289,0.00598145,0.109655,-0.029238,-0.08879,-0.00620849,0,0,0
1780640682037696,55.9669,0.0335471,0.104636,-4.99402,0,0,-5,0.0335471,0.104636,0.00598145,0.110044,-0.0293239,-0.0895852,-0.00684585,0,0,0
1780640682061696,55.9909,0.0337706,0.104963,-4.99408,0,0,-5,0.0337706,0.104963,0.00592041,0.11042,-0.0305116,-0.0894961,-0.00689571,0,0,0
1780640682077696,56.0069,0.0338694,0.10508,-4.99411,0,0,-5,0.0338694,0.10508,0.00588989,0.110561,-0.0303615,-0.0876449,-0.00718343,0,0,0
1780640682101696,56.0309,0.0339706,0.105139,-4.99417,0,0,-5,0.0339706,0.105139,0.00582886,0.110644,-0.0295413,-0.086147,-0.00837642,0,0,0
1780640682117696,56.0469,0.0340066,0.105086,-4.99423,0,0,-5,0.0340066,0.105086,0.00576782,0.110602,-0.0301964,-0.0865242,-0.00859143,0,0,0
1780640682141696,56.0709,0.03401,0.104878,-4.99426,0,0,-5,0.03401,0.104878,0.0057373,0.110404,-0.0302762,-0.0855578,-0.00774607,0,0,0
1780640682157696,56.0869,0.0339888,0.104657,-4.99429,0,0,-5,0.0339888,0.104657,0.00570679,0.110186,-0.0295402,-0.0857425,-0.00737881,0,0,0
1780640682181696,56.1109,0.0339047,0.104211,-4.99435,0,0,-5,0.0339047,0.104211,0.00564575,0.109733,-0.0305588,-0.0853211,-0.00938915,0,0,0
1780640682197696,56.1269,0.0338165,0.103831,-4.99442,0,0,-5,0.0338165,0.103831,0.00558472,0.109341,-0.0306688,-0.0854366,-0.00911413,0,0,0
1780640682213696,56.1429,0.0337046,0.103397,-4.99445,0,0,-5,0.0337046,0.103397,0.0055542,0.108893,-0.0304462,-0.0856015,-0.00868314,0,0,0
1780640682237696,56.1669,0.0335145,0.102613,-4.99454,0,0,-5,0.0335145,0.102613,0.00546265,0.108086,-0.030255,-0.0867945,-0.00875155,0,0,0
1780640682253696,56.1829,0.0333585,0.102015,-4.9946,0,0,-5,0.0333585,0.102015,0.00540161,0.107467,-0.0303733,-0.0864229,-0.0102709,0,0,0
1780640682277696,56.2069,0.0330907,0.10102,-4.99472,0,0,-5,0.0330907,0.10102,0.00527954,0.106433,-0.0300298,-0.0874789,-0.0101292,0,0,0
1780640682293696,56.2229,0.0328936,0.10028,-4.99478,0,0,-5,0.0328936,0.10028,0.00521851,0.105666,-0.0308677,-0.08753,-0.010483,0,0,0
1780640682317696,56.2469,0.0325515,0.0990913,-4.9949,0,0,-5,0.0325515,0.0990913,0.00509644,0.104425,-0.0308882,-0.0875793,-0.00980194,0,0,0
1780640682341696,56.2709,0.0321868,0.0978056,-4.99496,0,0,-5,0.0321868,0.0978056,0.0050354,0.103089,-0.0304034,-0.0879059,-0.00890469,0,0,0
1780640682357696,56.2869,0.0321689,0.097544,-4.9949,0,0,-5,0.0321689,0.097544,0.00509644,0.102838,-0.0301589,-0.0880822,-0.00743125,0,0,0
1780640682381696,56.3109,0.0324576,0.0979901,-4.99463,0,0,-5,0.0324576,0.0979901,0.00537109,0.103365,-0.0297962,-0.0861487,-0.00774788,0,0,0
1780640682397696,56.3269,0.0326155,0.0981839,-4.99448,0,0,-5,0.0326155,0.0981839,0.00552368,0.103607,-0.0295085,-0.0859692,-0.00817297,0,0,0
1780640682421696,56.3509,0.0328119,0.0983065,-4.99423,0,0,-5,0.0328119,0.0983065,0.00576782,0.103798,-0.0279334,-0.0857169,-0.0074601,0,0,0
1780640682437696,56.3669,0.032906,0.0982886,-4.99408,0,0,-5,0.032906,0.0982886,0.00592041,0.10382,-0.0291214,-0.0857842,-0.00614466,0,0,0
1780640682461696,56.3909,0.0329926,0.0981174,-4.9938,0,0,-5,0.0329926,0.0981174,0.00619507,0.103701,-0.0282904,-0.0853014,-0.00392903,0,0,0
1780640682477873,56.407,0.0330397,0.0979202,-4.99362,0,0,-5,0.0330397,0.0979202,0.00637817,0.103541,-0.026688,-0.0849309,-0.0036153,0,0,0
1780640682493873,56.423,0.0330759,0.0976537,-4.99344,0,0,-5,0.0330759,0.0976537,0.00656128,0.103312,-0.0262868,-0.0852714,-0.0039699,0,0,0
1780640682517873,56.447,0.0330632,0.0971374,-4.99323,0,0,-5,0.0330632,0.0971374,0.0067749,0.102834,-0.0283321,-0.0854908,-0.00435674,0,0,0
1780640682541873,56.471,0.0330041,0.0964637,-4.99304,0,0,-5,0.0330041,0.0964637,0.00695801,0.102191,-0.0268362,-0.0865286,-0.0046047,0,0,0
1780640682557873,56.487,0.0329519,0.0959394,-4.99289,0,0,-5,0.0329519,0.0959394,0.0071106,0.10169,-0.0259368,-0.0860656,-0.00377845,0,0,0
1780640682581873,56.511,0.032863,0.095051,-4.99268,0,0,-5,0.032863,0.095051,0.00732422,0.100838,-0.025309,-0.0873826,-0.00398994,0,0,0
1780640682597873,56.527,0.0327866,0.0943799,-4.99255,0,0,-5,0.0327866,0.0943799,0.00744629,0.10019,-0.0255968,-0.0876956,-0.00364346,0,0,0
1780640682621873,56.551,0.0326243,0.0932673,-4.99234,0,0,-5,0.0326243,0.0932673,0.00765991,0.0991051,-0.0267614,-0.0895226,-0.00445359,0,0,0
1780640682637873,56.567,0.0324737,0.0924485,-4.99222,0,0,-5,0.0324737,0.0924485,0.00778198,0.0982946,-0.0277774,-0.0898294,-0.00527152,0,0,0
1780640682661873,56.591,0.0322297,0.0911332,-4.99207,0,0,-5,0.0322297,0.0911332,0.00793457,0.0969895,-0.0262624,-0.0908428,-0.00638372,0,0,0
1780640682677873,56.607,0.0320717,0.0901852,-4.992,0,0,-5,0.0320717,0.0901852,0.00799561,0.0960515,-0.0247236,-0.0920217,-0.0057594,0,0,0
1780640682701873,56.631,0.0318263,0.088655,-4.99191,0,0,-5,0.0318263,0.088655,0.00808716,0.0945411,-0.0246964,-0.0933449,-0.00636855,0,0,0
1780640682717873,56.647,0.0316407,0.0875834,-4.99188,0,0,-5,0.0316407,0.0875834,0.00811768,0.0934766,-0.0252433,-0.0935289,-0.00671673,0,0,0
1780640682741873,56.671,0.0313504,0.0859239,-4.99185,0,0,-5,0.0313504,0.0859239,0.00814819,0.0918268,-0.0248103,-0.0933295,-0.00756945,0,0,0
1780640682757873,56.687,0.0311054,0.0850196,-4.99182,0,0,-5,0.0311054,0.0850196,0.00817871,0.0908998,-0.0247745,-0.0927629,-0.00701278,0,0,0
1780640682781873,56.711,0.0306407,0.0839661,-4.99173,0,0,-5,0.0306407,0.0839661,0.00827026,0.0897639,-0.0250909,-0.0901296,-0.0071346,0,0,0
1780640682797873,56.727,0.0303263,0.0832296,-4.99167,0,0,-5,0.0303263,0.0832296,0.0083313,0.0889733,-0.0247924,-0.0891777,-0.00699751,0,0,0
1780640682821873,56.751,0.0298059,0.082051,-4.99164,0,0,-5,0.0298059,0.082051,0.00836182,0.0876965,-0.0281626,-0.0884636,-0.00764851,0,0,0
1780640682837873,56.767,0.0294144,0.0812124,-4.99161,0,0,-5,0.0294144,0.0812124,0.00839233,0.0867819,-0.0290965,-0.0888566,-0.00699645,0,0,0
1780640682861873,56.791,0.028834,0.0798658,-4.99158,0,0,-5,0.028834,0.0798658,0.00842285,0.0853281,-0.0277236,-0.0887773,-0.00613993,0,0,0
1780640682877873,56.807,0.0284401,0.0789304,-4.99158,0,0,-5,0.0284401,0.0789304,0.00842285,0.0843195,-0.028374,-0.0878831,-0.00647637,0,0,0
1780640682901873,56.831,0.0278373,0.0774862,-4.99158,0,0,-5,0.0278373,0.0774862,0.00842285,0.0827646,-0.0291214,-0.0871653,-0.00749995,0,0,0
1780640682917873,56.847,0.0274215,0.0764804,-4.99161,0,0,-5,0.0274215,0.0764804,0.00839233,0.08168,-0.0293228,-0.0875825,-0.00721281,0,0,0
1780640682941873,56.871,0.0267895,0.07491,-4.99164,0,0,-5,0.0267895,0.07491,0.00836182,0.0799944,-0.0287793,-0.0871984,-0.00743649,0,0,0
1780640682957873,56.887,0.0263676,0.0738161,-4.99167,0,0,-5,0.0263676,0.0738161,0.0083313,0.0788256,-0.0283943,-0.0881384,-0.00742938,0,0,0
1780640682973873,56.903,0.0259357,0.072687,-4.9917,0,0,-5,0.0259357,0.072687,0.00830078,0.0776206,-0.0292919,-0.0881065,-0.00787628,0,0,0
1780640682997873,56.927,0.0253,0.0709329,-4.99179,0,0,-5,0.0253,0.0709329,0.00820923,0.0757559,-0.0273272,-0.0886264,-0.0100332,0,0,0
1780640683021873,56.951,0.0246708,0.0691123,-4.99194,0,0,-5,0.0246708,0.0691123,0.00805664,0.0738246,-0.0286225,-0.0893323,-0.0109708,0,0,0
1780640683037873,56.967,0.0242343,0.0678711,-4.99203,0,0,-5,0.0242343,0.0678711,0.00796509,0.0725068,-0.0296308,-0.0888999,-0.0105474,0,0,0
1780640683061873,56.991,0.0235575,0.0660015,-4.99219,0,0,-5,0.0235575,0.0660015,0.0078125,0.0705137,-0.0298398,-0.086896,-0.00983603,0,0,0
1780640683077873,57.007,0.0230911,0.0647276,-4.99225,0,0,-5,0.0230911,0.0647276,0.00775146,0.0691589,-0.0311758,-0.088119,-0.00846996,0,0,0
1780640683101873,57.031,0.0223611,0.0627646,-4.99237,0,0,-5,0.0223611,0.0627646,0.00762939,0.0670643,-0.0314052,-0.088831,-0.00845904,0,0,0
1780640683117873,57.047,0.0218728,0.0614256,-4.99246,0,0,-5,0.0218728,0.0614256,0.00753784,0.0656379,-0.0310888,-0.0881526,-0.00819689,0,0,0
1780640683141873,57.071,0.0211459,0.0593923,-4.99261,0,0,-5,0.0211459,0.0593923,0.00738525,0.0634755,-0.030294,-0.0882477,-0.00789482,0,0,0
1780640683157873,57.087,0.0206728,0.0582135,-4.99268,0,0,-5,0.0206728,0.0582135,0.00732422,0.0622079,-0.0281232,-0.0875183,-0.00808945,0,0,0
1780640683181873,57.111,0.0199561,0.0566949,-4.99268,0,0,-5,0.0199561,0.0566949,0.00732422,0.0605492,-0.0293451,-0.0856534,-0.00649497,0,0,0
1780640683197873,57.127,0.0194765,0.0556658,-4.99271,0,0,-5,0.0194765,0.0556658,0.0072937,0.059424,-0.0285262,-0.0848229,-0.00736206,0,0,0
1780640683221873,57.151,0.0187694,0.05407,-4.99271,0,0,-5,0.0187694,0.05407,0.0072937,0.0576979,-0.0288868,-0.0852478,-0.0062927,0,0,0
1780640683237873,57.167,0.0182887,0.0529625,-4.99274,0,0,-5,0.0182887,0.0529625,0.00726318,0.0565,-0.0289224,-0.0856932,-0.00604904,0,0,0
1780640683261873,57.191,0.0175799,0.0512574,-4.99277,0,0,-5,0.0175799,0.0512574,0.00723267,0.0546689,-0.0279319,-0.0860698,-0.00730999,0,0,0
1780640683277873,57.207,0.0171142,0.0500733,-4.9928,0,0,-5,0.0171142,0.0500733,0.00720215,0.0534051,-0.0277595,-0.0864111,-0.00716117,0,0,0
1780640683301873,57.231,0.0164265,0.0482856,-4.99286,0,0,-5,0.0164265,0.0482856,0.00714111,0.0515008,-0.0276472,-0.0849689,-0.00841769,0,0,0
1780640683317873,57.247,0.015953,0.0470732,-4.99292,0,0,-5,0.015953,0.0470732,0.00708008,0.0502047,-0.0284955,-0.0851092,-0.00868376,0,0,0
1780640683341873,57.271,0.015241,0.0452378,-4.99304,0,0,-5,0.015241,0.0452378,0.00695801,0.0482407,-0.0276519,-0.0836047,-0.00972842,0,0,0
1780640683357873,57.287,0.0147865,0.0440053,-4.99316,0,0,-5,0.0147865,0.0440053,0.00683594,0.0469237,-0.0263525,-0.0832102,-0.00913797,0,0,0
1780640683381873,57.311,0.0141279,0.0421255,-4.99329,0,0,-5,0.0141279,0.0421255,0.00671387,0.0449359,-0.0255619,-0.0834993,-0.00955812,0,0,0
1780640683397873,57.327,0.0136943,0.0408414,-4.99341,0,0,-5,0.0136943,0.0408414,0.0065918,0.0435775,-0.0252869,-0.0844306,-0.0105324,0,0,0
1780640683421873,57.351,0.0130517,0.0388691,-4.99359,0,0,-5,0.0130517,0.0388691,0.00640869,0.0414997,-0.0248975,-0.0857926,-0.0099573,0,0,0
1780640683437873,57.367,0.0126258,0.0375342,-4.99371,0,0,-5,0.0126258,0.0375342,0.00628662,0.0400968,-0.0247011,-0.0848416,-0.00887169,0,0,0
1780640683453873,57.383,0.0122064,0.0362164,-4.9938,0,0,-5,0.0122064,0.0362164,0.00619507,0.038717,-0.0243727,-0.0826984,-0.00837691,0,0,0
1780640683478050,57.4072,0.0115888,0.0342469,-4.99396,0,0,-5,0.0115888,0.0342469,0.00604248,0.036656,-0.0237775,-0.0826132,-0.00732856,0,0,0
1780640683494050,57.4232,0.0111776,0.0329249,-4.99402,0,0,-5,0.0111776,0.0329249,0.00598145,0.0352812,-0.0240353,-0.0816753,-0.00755741,0,0,0
1780640683518050,57.4472,0.0105468,0.0309346,-4.99414,0,0,-5,0.0105468,0.0309346,0.00585938,0.0332042,-0.0241667,-0.0810094,-0.00870378,0,0,0
1780640683542050,57.4712,0.0099369,0.0289565,-4.99423,0,0,-5,0.0099369,0.0289565,0.00576782,0.0311527,-0.022765,-0.0790043,-0.0079011,0,0,0
1780640683558050,57.4872,0.00968377,0.0279389,-4.9942,0,0,-5,0.00968377,0.0279389,0.00579834,0.0301327,-0.0229215,-0.078827,-0.00828052,0,0,0
1780640683582050,57.5112,0.00951679,0.0268328,-4.99396,0,0,-5,0.00951679,0.0268328,0.00604248,0.0291047,-0.0218796,-0.0770101,-0.00892645,0,0,0
1780640683598050,57.5272,0.00939492,0.0260742,-4.99384,0,0,-5,0.00939492,0.0260742,0.00616455,0.0283924,-0.0223501,-0.0755417,-0.0082385,0,0,0
1780640683622050,57.5512,0.00920161,0.0249123,-4.99365,0,0,-5,0.00920161,0.0249123,0.00634766,0.0273054,-0.0209168,-0.0739316,-0.0077248,0,0,0
1780640683638050,57.5672,0.00906151,0.0241186,-4.99356,0,0,-5,0.00906151,0.0241186,0.00643921,0.0265571,-0.0211469,-0.0729627,-0.0077309,0,0,0
1780640683662050,57.5912,0.00882221,0.0228992,-4.99344,0,0,-5,0.00882221,0.0228992,0.00656128,0.0254019,-0.0204063,-0.0711384,-0.00853802,0,0,0
1780640683678050,57.6072,0.00866587,0.0220736,-4.99338,0,0,-5,0.00866587,0.0220736,0.00662231,0.024621,-0.0198232,-0.0701635,-0.00775329,0,0,0
1780640683702050,57.6312,0.00843541,0.0208199,-4.99329,0,0,-5,0.00843541,0.0208199,0.00671387,0.0234457,-0.0197308,-0.0694243,-0.00675031,0,0,0
1780640683718050,57.6472,0.00827118,0.0199498,-4.99326,0,0,-5,0.00827118,0.0199498,0.00674438,0.0226251,-0.0184981,-0.0699816,-0.00585143,0,0,0
1780640683742050,57.6712,0.00803919,0.0185843,-4.99316,0,0,-5,0.00803919,0.0185843,0.00683594,0.0213713,-0.0176243,-0.0702832,-0.00550667,0,0,0
1780640683758050,57.6872,0.00787742,0.0176664,-4.99313,0,0,-5,0.00787742,0.0176664,0.00686646,0.0205257,-0.0177402,-0.0682044,-0.0056233,0,0,0
1780640683782050,57.7112,0.00763621,0.0163002,-4.9931,0,0,-5,0.00763621,0.0163002,0.00689697,0.0192764,-0.0164298,-0.0667239,-0.00697718,0,0,0
1780640683798050,57.7272,0.00748818,0.015401,-4.9931,0,0,-5,0.00748818,0.015401,0.00689697,0.0184616,-0.0158401,-0.0651201,-0.00725823,0,0,0
1780640683814050,57.7432,0.00734072,0.0144961,-4.99313,0,0,-5,0.00734072,0.0144961,0.00686646,0.01764,-0.0161013,-0.0637395,-0.00783086,0,0,0
1780640683838050,57.7672,0.00710095,0.0131754,-4.99316,0,0,-5,0.00710095,0.0131754,0.00683594,0.0164543,-0.0149804,-0.0602812,-0.0066349,0,0,0
1780640683862050,57.7912,0.00689594,0.0118852,-4.99316,0,0,-5,0.00689594,0.0118852,0.00683594,0.0153474,-0.013878,-0.0579446,-0.00688415,0,0,0
1780640683878050,57.8072,0.00676317,0.0110363,-4.99319,0,0,-5,0.00676317,0.0110363,0.00680542,0.0146237,-0.0133827,-0.0575088,-0.00607335,0,0,0
1780640683902050,57.8312,0.00657028,0.00974933,-4.99323,0,0,-5,0.00657028,0.00974933,0.0067749,0.013569,-0.0115615,-0.0564132,-0.00612549,0,0,0
1780640683918050,57.8472,0.00646302,0.00889054,-4.99319,0,0,-5,0.00646302,0.00889054,0.00680542,0.0129277,-0.0111753,-0.0560658,-0.00485111,0,0,0
1780640683942050,57.8712,0.00631549,0.00761312,-4.99316,0,0,-5,0.00631549,0.00761312,0.00683594,0.0120239,-0.0102971,-0.0534456,-0.00280138,0,0,0
1780640683958050,57.8872,0.00621784,0.00678444,-4.9931,0,0,-5,0.00621784,0.00678444,0.00689697,0.0115004,-0.00951189,-0.0517957,-0.00197327,0,0,0
1780640683982050,57.9112,0.00654712,0.00545666,-4.99307,0,0,-5,0.00654712,0.00545666,0.00692749,0.0109832,-0.00959259,-0.0498841,-0.00144116,0,0,0
1780640683998050,57.9272,0.00674279,0.00459228,-4.99301,0,0,-5,0.00674279,0.00459228,0.00698853,0.0107421,-0.00958081,-0.0475243,-0.00176318,0,0,0
1780640684022050,57.9512,0.00699702,0.00334051,-4.99298,0,0,-5,0.00699702,0.00334051,0.00701904,0.0104587,-0.00909732,-0.045927,-0.00212318,0,0,0
1780640684038050,57.9672,0.00715521,0.00252412,-4.99298,0,0,-5,0.00715521,0.00252412,0.00701904,0.0103361,-0.00865041,-0.044345,-0.0034019,0,0,0
1780640684062050,57.9912,0.00738194,0.00131361,-4.99304,0,0,-5,0.00738194,0.00131361,0.00695801,0.010229,-0.00821415,-0.0433143,-0.00540787,0,0,0
1780640684078050,58.0072,0.00752339,0.00053087,-4.9931,0,0,-5,0.00752339,0.00053087,0.00689697,0.0102201,-0.00747884,-0.0411479,-0.00598311,0,0,0
1780640684102050,58.0312,0.00773507,-0.000626083,-4.99319,0,0,-5,0.00773507,-0.000626083,0.00680542,0.0103217,-0.00595134,-0.04084,-0.00637943,0,0,0
1780640684118050,58.0472,0.00788894,-0.00140069,-4.99326,0,0,-5,0.00788894,-0.00140069,0.00674438,0.010473,-0.00414182,-0.0410281,-0.00656686,0,0,0
1780640684142050,58.0712,0.00810495,-0.00254665,-4.99338,0,0,-5,0.00810495,-0.00254665,0.00662231,0.0107718,-0.00423179,-0.0387704,-0.0057943,0,0,0
1780640684158050,58.0872,0.00824215,-0.00329358,-4.99347,0,0,-5,0.00824215,-0.00329358,0.00653076,0.0110196,-0.00382789,-0.0385903,-0.00538861,0,0,0
